2026-10-07T04:26:50.6273867Z Current runner version: '2.337.0'
2026-10-07T04:26:50.6293998Z ##[group]Runner Image Provisioner
2026-10-07T04:26:50.6294609Z Hosted Compute Agent
2026-10-07T04:26:50.6295001Z Version: 20260901.588
2026-10-07T04:26:50.6295381Z Commit: f88ec8081b781fac6c440065ac7ff9e710ce3d0b
2026-10-07T04:26:50.6295843Z Build Date: 2026-09-01T19:56:44Z
2026-10-07T04:26:50.6296243Z Worker ID: {3ccaad58-f50d-49a6-ae82-ab0bf67e8597}
2026-10-07T04:26:50.6296646Z Azure Region: westus3
2026-10-07T04:26:50.6297062Z ##[endgroup]
2026-10-07T04:26:50.6297999Z ##[group]Operating System
2026-10-07T04:26:50.6298426Z Ubuntu
2026-10-07T04:26:50.6298741Z 24.04.5
2026-10-07T04:26:50.6299068Z LTS
2026-10-07T04:26:50.6299419Z ##[endgroup]
2026-10-07T04:26:50.6299745Z ##[group]Runner Image
2026-10-07T04:26:50.6300113Z Image: ubuntu-24.04
2026-10-07T04:26:50.6300462Z Version: 20260927.320.1
2026-10-07T04:26:50.6301274Z Included Software: https://github.com/actions/runner-images/blob/ubuntu24/20260927.320/images/ubuntu/Ubuntu2404-Readme.md
2026-10-07T04:26:50.6302301Z Image Release: https://github.com/actions/runner-images/releases/tag/ubuntu24%2F20260927.320
2026-10-07T04:26:50.6302872Z ##[endgroup]
2026-10-07T04:26:50.6303595Z ##[group]GITHUB_TOKEN Permissions
2026-10-07T04:26:50.6305049Z Contents: read
2026-10-07T04:26:50.6305402Z Metadata: read
2026-10-07T04:26:50.6305736Z Packages: read
2026-10-07T04:26:50.6306377Z ##[endgroup]
2026-10-07T04:26:50.6307791Z Secret source: Actions
2026-10-07T04:26:50.6308364Z Cache mode: write
2026-10-07T04:26:50.6308908Z Prepare workflow directory
2026-10-07T04:26:50.6549341Z Prepare all required actions
2026-10-07T04:26:50.6581112Z Getting action download info
2026-10-07T04:26:50.9414806Z Download action repository 'actions/checkout@v4' (SHA:11d5960a326750d5838078e36cf38b85af677262)
2026-10-07T04:26:51.0404381Z Download action repository 'dtolnay/rust-toolchain@master' (SHA:7e38f4b43b4db5c8dd498af069a4f6196df1d067)
2026-10-07T04:26:51.2965649Z Download action repository 'Swatinem/rust-cache@v2' (SHA:6323deb102c322ba6fcbdcafc7e3dddab59af2b6)
2026-10-07T04:26:52.2019317Z Complete job name: parity-models
2026-10-07T04:26:52.2474516Z ##[group]Run actions/checkout@v4
2026-10-07T04:26:52.2474969Z with:
2026-10-07T04:26:52.2475242Z   repository: jkendall327/hydrus-mine
2026-10-07T04:26:52.2477595Z   token: ***
2026-10-07T04:26:52.2477853Z   ssh-strict: true
2026-10-07T04:26:52.2478115Z   ssh-user: git
2026-10-07T04:26:52.2478382Z   persist-credentials: true
2026-10-07T04:26:52.2478676Z   clean: true
2026-10-07T04:26:52.2478948Z   sparse-checkout-cone-mode: true
2026-10-07T04:26:52.2479266Z   fetch-depth: 1
2026-10-07T04:26:52.2479524Z   fetch-tags: false
2026-10-07T04:26:52.2479797Z   show-progress: true
2026-10-07T04:26:52.2480062Z   lfs: false
2026-10-07T04:26:52.2480317Z   submodules: false
2026-10-07T04:26:52.2480595Z   set-safe-directory: true
2026-10-07T04:26:52.2480896Z   allow-unsafe-pr-checkout: false
2026-10-07T04:26:52.2481266Z env:
2026-10-07T04:26:52.2481513Z   CARGO_TERM_COLOR: always
2026-10-07T04:26:52.2481941Z   RUSTFLAGS: -D warnings
2026-10-07T04:26:52.2482224Z ##[endgroup]
2026-10-07T04:26:52.3122202Z Syncing repository: jkendall327/hydrus-mine
2026-10-07T04:26:52.3123409Z ##[group]Getting Git version info
2026-10-07T04:26:52.3123848Z Working directory is '/home/runner/work/hydrus-mine/hydrus-mine'
2026-10-07T04:26:52.3124473Z [command]/usr/bin/git version
2026-10-07T04:26:52.3193052Z git version 2.55.0
2026-10-07T04:26:52.3204970Z ##[endgroup]
2026-10-07T04:26:52.3213982Z Temporarily overriding HOME='/home/runner/work/_temp/fbd6ab3d-b675-4716-b8f9-86862ea34659' before making global git config changes
2026-10-07T04:26:52.3215207Z Adding repository directory to the temporary git global config as a safe directory
2026-10-07T04:26:52.3216988Z [command]/usr/bin/git config --global --add safe.directory /home/runner/work/hydrus-mine/hydrus-mine
2026-10-07T04:26:52.3258279Z Deleting the contents of '/home/runner/work/hydrus-mine/hydrus-mine'
2026-10-07T04:26:52.3260544Z ##[group]Initializing the repository
2026-10-07T04:26:52.3263122Z [command]/usr/bin/git init /home/runner/work/hydrus-mine/hydrus-mine
2026-10-07T04:26:52.3371210Z hint: Using 'master' as the name for the initial branch. This default branch name
2026-10-07T04:26:52.3372225Z hint: will change to "main" in Git 3.0. To configure the initial branch name
2026-10-07T04:26:52.3372765Z hint: to use in all of your new repositories, which will suppress this warning,
2026-10-07T04:26:52.3373197Z hint: call:
2026-10-07T04:26:52.3373436Z hint:
2026-10-07T04:26:52.3373916Z hint: 	git config --global init.defaultBranch <name>
2026-10-07T04:26:52.3374505Z hint:
2026-10-07T04:26:52.3374869Z hint: Names commonly chosen instead of 'master' are 'main', 'trunk' and
2026-10-07T04:26:52.3375407Z hint: 'development'. The just-created branch can be renamed via this command:
2026-10-07T04:26:52.3375848Z hint:
2026-10-07T04:26:52.3376095Z hint: 	git branch -m <name>
2026-10-07T04:26:52.3376374Z hint:
2026-10-07T04:26:52.3376743Z hint: Disable this message with "git config set advice.defaultBranchName false"
2026-10-07T04:26:52.3377800Z Initialized empty Git repository in /home/runner/work/hydrus-mine/hydrus-mine/.git/
2026-10-07T04:26:52.3380755Z [command]/usr/bin/git remote add origin https://github.com/jkendall327/hydrus-mine
2026-10-07T04:26:52.3417904Z ##[endgroup]
2026-10-07T04:26:52.3418364Z ##[group]Disabling automatic garbage collection
2026-10-07T04:26:52.3419772Z [command]/usr/bin/git config --local gc.auto 0
2026-10-07T04:26:52.3441297Z ##[endgroup]
2026-10-07T04:26:52.3441764Z ##[group]Setting up auth
2026-10-07T04:26:52.3445011Z [command]/usr/bin/git config --local --name-only --get-regexp core\.sshCommand
2026-10-07T04:26:52.3467424Z [command]/usr/bin/git submodule foreach --recursive sh -c "git config --local --name-only --get-regexp 'core\.sshCommand' && git config --local --unset-all 'core.sshCommand' || :"
2026-10-07T04:26:52.3754794Z [command]/usr/bin/git config --local --name-only --get-regexp http\.https\:\/\/github\.com\/\.extraheader
2026-10-07T04:26:52.3777028Z [command]/usr/bin/git submodule foreach --recursive sh -c "git config --local --name-only --get-regexp 'http\.https\:\/\/github\.com\/\.extraheader' && git config --local --unset-all 'http.https://github.com/.extraheader' || :"
2026-10-07T04:26:52.3941572Z [command]/usr/bin/git config --local --name-only --get-regexp ^includeIf\.gitdir:
2026-10-07T04:26:52.3963917Z [command]/usr/bin/git submodule foreach --recursive git config --local --show-origin --name-only --get-regexp remote.origin.url
2026-10-07T04:26:52.4125667Z [command]/usr/bin/git config --local http.https://github.com/.extraheader AUTHORIZATION: basic ***
2026-10-07T04:26:52.4154573Z ##[endgroup]
2026-10-07T04:26:52.4155094Z ##[group]Fetching the repository
2026-10-07T04:26:52.4160254Z [command]/usr/bin/git -c protocol.version=2 fetch --no-tags --prune --no-recurse-submodules --depth=1 origin +a7ca8166f7779876f7d8167c5db50addef12cbc6:refs/remotes/origin/codex/validation-runner
2026-10-07T04:27:05.6744330Z From https://github.com/jkendall327/hydrus-mine
2026-10-07T04:27:05.6745210Z  * [new ref]         a7ca8166f7779876f7d8167c5db50addef12cbc6 -> origin/codex/validation-runner
2026-10-07T04:27:05.6747234Z ##[endgroup]
2026-10-07T04:27:05.6747686Z ##[group]Determining the checkout info
2026-10-07T04:27:05.6748092Z ##[endgroup]
2026-10-07T04:27:05.6748358Z [command]/usr/bin/git sparse-checkout disable
2026-10-07T04:27:05.6786336Z [command]/usr/bin/git config --local --unset-all extensions.worktreeConfig
2026-10-07T04:27:05.6807540Z ##[group]Checking out the ref
2026-10-07T04:27:05.6816555Z [command]/usr/bin/git checkout --progress --force -B codex/validation-runner refs/remotes/origin/codex/validation-runner
2026-10-07T04:27:06.4176185Z Switched to a new branch 'codex/validation-runner'
2026-10-07T04:27:06.4179068Z branch 'codex/validation-runner' set up to track 'origin/codex/validation-runner'.
2026-10-07T04:27:06.4232827Z ##[endgroup]
2026-10-07T04:27:06.4267056Z [command]/usr/bin/git log -1 --format=%H
2026-10-07T04:27:06.4282306Z a7ca8166f7779876f7d8167c5db50addef12cbc6
2026-10-07T04:27:06.4591734Z ##[group]Run dtolnay/rust-toolchain@master
2026-10-07T04:27:06.4592095Z with:
2026-10-07T04:27:06.4592204Z   toolchain: 1.94
2026-10-07T04:27:06.4592312Z env:
2026-10-07T04:27:06.4592419Z   CARGO_TERM_COLOR: always
2026-10-07T04:27:06.4592549Z   RUSTFLAGS: -D warnings
2026-10-07T04:27:06.4592670Z ##[endgroup]
2026-10-07T04:27:06.4634310Z ##[start-action display=Parse toolchain version;id=__dtolnay_rust-toolchain.parse]
2026-10-07T04:27:06.4671204Z ##[group]Run if [[ -z $toolchain ]]; then
2026-10-07T04:27:06.4671441Z [36;1mif [[ -z $toolchain ]]; then[0m
2026-10-07T04:27:06.4671737Z [36;1m  # GitHub does not enforce `required: true` inputs itself. https://github.com/actions/runner/issues/1070[0m
2026-10-07T04:27:06.4672205Z [36;1m  echo "'toolchain' is a required input" >&2[0m
2026-10-07T04:27:06.4672374Z [36;1m  exit 1[0m
2026-10-07T04:27:06.4672567Z [36;1melif [[ $toolchain =~ ^stable' '[0-9]+' '(year|month|week|day)s?' 'ago$ ]]; then[0m
2026-10-07T04:27:06.4672850Z [36;1m  if [[ Linux == macOS ]]; then[0m
2026-10-07T04:27:06.4673164Z [36;1m    echo "toolchain=1.$((($(date -v-$(sed 's/stable \([0-9]*\) \(.\).*/\1\2/' <<< $toolchain) +%s)/60/60/24-16569)/7/6))" >> $GITHUB_OUTPUT[0m
2026-10-07T04:27:06.4673461Z [36;1m  else[0m
2026-10-07T04:27:06.4673683Z [36;1m    echo "toolchain=1.$((($(date --date "${toolchain#stable }" +%s)/60/60/24-16569)/7/6))" >> $GITHUB_OUTPUT[0m
2026-10-07T04:27:06.4673924Z [36;1m  fi[0m
2026-10-07T04:27:06.4674095Z [36;1melif [[ $toolchain =~ ^stable' 'minus' '[0-9]+' 'releases?$ ]]; then[0m
2026-10-07T04:27:06.4674379Z [36;1m  echo "toolchain=1.$((($(date +%s)/60/60/24-16569)/7/6-${toolchain//[^0-9]/}))" >> $GITHUB_OUTPUT[0m
2026-10-07T04:27:06.4674630Z [36;1melif [[ $toolchain =~ ^1\.[0-9]+$ ]]; then[0m
2026-10-07T04:27:06.4674913Z [36;1m  echo "toolchain=1.$((i=${toolchain#1.}, c=($(date +%s)/60/60/24-16569)/7/6, i+9*i*(10*i<=c)+90*i*(100*i<=c)))" >> $GITHUB_OUTPUT[0m
2026-10-07T04:27:06.4675174Z [36;1melse[0m
2026-10-07T04:27:06.4675322Z [36;1m  echo "toolchain=$toolchain" >> $GITHUB_OUTPUT[0m
2026-10-07T04:27:06.4675484Z [36;1mfi[0m
2026-10-07T04:27:06.4896872Z shell: /usr/bin/bash --noprofile --norc -e -o pipefail {0}
2026-10-07T04:27:06.4897076Z env:
2026-10-07T04:27:06.4897193Z   CARGO_TERM_COLOR: always
2026-10-07T04:27:06.4897329Z   RUSTFLAGS: -D warnings
2026-10-07T04:27:06.4897457Z   toolchain: 1.94
2026-10-07T04:27:06.4897573Z ##[endgroup]
2026-10-07T04:27:06.5019088Z ##[end-action id=__dtolnay_rust-toolchain.parse;outcome=success;conclusion=success;duration_ms=38]
2026-10-07T04:27:06.5027518Z ##[start-action display=Construct rustup command line;id=__dtolnay_rust-toolchain.flags]
2026-10-07T04:27:06.5048103Z ##[group]Run echo "targets=$(for t in ${targets//,/ }; do echo -n ' --target' $t; done)" >> $GITHUB_OUTPUT
2026-10-07T04:27:06.5048466Z [36;1mecho "targets=$(for t in ${targets//,/ }; do echo -n ' --target' $t; done)" >> $GITHUB_OUTPUT[0m
2026-10-07T04:27:06.5048820Z [36;1mecho "components=$(for c in ${components//,/ }; do echo -n ' --component' $c; done)" >> $GITHUB_OUTPUT[0m
2026-10-07T04:27:06.5049095Z [36;1mecho "downgrade=" >> $GITHUB_OUTPUT[0m
2026-10-07T04:27:06.5100418Z shell: /usr/bin/bash --noprofile --norc -e -o pipefail {0}
2026-10-07T04:27:06.5100600Z env:
2026-10-07T04:27:06.5100716Z   CARGO_TERM_COLOR: always
2026-10-07T04:27:06.5100852Z   RUSTFLAGS: -D warnings
2026-10-07T04:27:06.5100979Z   targets: 
2026-10-07T04:27:06.5101084Z   components: 
2026-10-07T04:27:06.5101192Z ##[endgroup]
2026-10-07T04:27:06.5178571Z ##[end-action id=__dtolnay_rust-toolchain.flags;outcome=success;conclusion=success;duration_ms=15]
2026-10-07T04:27:06.5179943Z ##[start-action display=Set $CARGO_HOME;id=__dtolnay_rust-toolchain.__run]
2026-10-07T04:27:06.5194346Z ##[group]Run echo CARGO_HOME=${CARGO_HOME:-"$HOME/.cargo"} >> $GITHUB_ENV
2026-10-07T04:27:06.5194620Z [36;1mecho CARGO_HOME=${CARGO_HOME:-"$HOME/.cargo"} >> $GITHUB_ENV[0m
2026-10-07T04:27:06.5245229Z shell: /usr/bin/bash --noprofile --norc -e -o pipefail {0}
2026-10-07T04:27:06.5245525Z env:
2026-10-07T04:27:06.5245642Z   CARGO_TERM_COLOR: always
2026-10-07T04:27:06.5245776Z   RUSTFLAGS: -D warnings
2026-10-07T04:27:06.5245903Z ##[endgroup]
2026-10-07T04:27:06.5314765Z ##[end-action id=__dtolnay_rust-toolchain.__run;outcome=success;conclusion=success;duration_ms=13]
2026-10-07T04:27:06.5316080Z ##[start-action display=Install rustup if needed;id=__dtolnay_rust-toolchain.__run_2]
2026-10-07T04:27:06.5333261Z ##[group]Run if ! command -v rustup &>/dev/null; then
2026-10-07T04:27:06.5333470Z [36;1mif ! command -v rustup &>/dev/null; then[0m
2026-10-07T04:27:06.5333895Z [36;1m  curl --proto '=https' --tlsv1.2 --retry 10 --retry-connrefused --location --silent --show-error --fail https://sh.rustup.rs | sh -s -- --default-toolchain none -y[0m
2026-10-07T04:27:06.5334281Z [36;1m  echo "$CARGO_HOME/bin" >> $GITHUB_PATH[0m
2026-10-07T04:27:06.5334435Z [36;1mfi[0m
2026-10-07T04:27:06.5382518Z shell: /usr/bin/bash --noprofile --norc -e -o pipefail {0}
2026-10-07T04:27:06.5382715Z env:
2026-10-07T04:27:06.5382833Z   CARGO_TERM_COLOR: always
2026-10-07T04:27:06.5382979Z   RUSTFLAGS: -D warnings
2026-10-07T04:27:06.5383154Z   CARGO_HOME: /home/runner/.cargo
2026-10-07T04:27:06.5383293Z ##[endgroup]
2026-10-07T04:27:06.5449086Z ##[end-action id=__dtolnay_rust-toolchain.__run_2;outcome=success;conclusion=success;duration_ms=13]
2026-10-07T04:27:06.5450453Z ##[start-action display=Install rustup if needed on windows;id=__dtolnay_rust-toolchain.__run_3]
2026-10-07T04:27:06.5454442Z ##[end-action id=__dtolnay_rust-toolchain.__run_3;outcome=skipped;conclusion=skipped;duration_ms=0]
2026-10-07T04:27:06.5461100Z ##[start-action display=rustup toolchain install 1.94;id=__dtolnay_rust-toolchain.__run_4]
2026-10-07T04:27:06.5475114Z ##[group]Run log=$(mktemp)
2026-10-07T04:27:06.5475269Z [36;1mlog=$(mktemp)[0m
2026-10-07T04:27:06.5475402Z [36;1mtrap 'rm -f "$log"' EXIT[0m
2026-10-07T04:27:06.5475546Z [36;1mfor attempt in 1 2 3 4 5; do[0m
2026-10-07T04:27:06.5475840Z [36;1m  if rustup toolchain install 1.94 --profile minimal --no-self-update --force-non-host 2>&1 | tee "$log"; then[0m
2026-10-07T04:27:06.5476103Z [36;1m    break[0m
2026-10-07T04:27:06.5476213Z [36;1m  else[0m
2026-10-07T04:27:06.5476324Z [36;1m    status=$?[0m
2026-10-07T04:27:06.5476451Z [36;1m  fi[0m
2026-10-07T04:27:06.5476613Z [36;1m  if [[ $attempt == 5 ]] || ! grep -Fq 'checksum failed for ' "$log" \[0m
2026-10-07T04:27:06.5476905Z [36;1m      || ! grep -Fq 'this is likely due to an ongoing update of the official release server' "$log"; then[0m
2026-10-07T04:27:06.5477148Z [36;1m    exit "$status"[0m
2026-10-07T04:27:06.5477271Z [36;1m  fi[0m
2026-10-07T04:27:06.5477460Z [36;1m  echo "Retrying rustup toolchain install in 30 seconds (retry $attempt of 4)" >&2[0m
2026-10-07T04:27:06.5477679Z [36;1m  sleep 30[0m
2026-10-07T04:27:06.5477791Z [36;1mdone[0m
2026-10-07T04:27:06.5524930Z shell: /usr/bin/bash --noprofile --norc -e -o pipefail {0}
2026-10-07T04:27:06.5525115Z env:
2026-10-07T04:27:06.5525237Z   CARGO_TERM_COLOR: always
2026-10-07T04:27:06.5525366Z   RUSTFLAGS: -D warnings
2026-10-07T04:27:06.5525496Z   CARGO_HOME: /home/runner/.cargo
2026-10-07T04:27:06.5525637Z   RUSTUP_PERMIT_COPY_RENAME: 1
2026-10-07T04:27:06.5525769Z ##[endgroup]
2026-10-07T04:27:06.6119030Z info: syncing channel updates for 1.94-x86_64-unknown-linux-gnu
2026-10-07T04:27:06.7254290Z info: latest update on 2026-03-26 for version 1.94.1 (e408947bf 2026-03-25)
2026-10-07T04:27:12.5091087Z info: downloading 3 components
2026-10-07T04:27:12.5091256Z 
2026-10-07T04:27:12.5150808Z   1.94-x86_64-unknown-linux-gnu installed - rustc 1.94.1 (e408947bf 2026-03-25)
2026-10-07T04:27:12.5151042Z 
2026-10-07T04:27:12.5211170Z ##[end-action id=__dtolnay_rust-toolchain.__run_4;outcome=success;conclusion=success;duration_ms=5974]
2026-10-07T04:27:12.5216539Z ##[start-action display=rustup default 1.94;id=__dtolnay_rust-toolchain.__run_5]
2026-10-07T04:27:12.5230755Z ##[group]Run rustup default 1.94 --force-non-host
2026-10-07T04:27:12.5231243Z [36;1mrustup default 1.94 --force-non-host[0m
2026-10-07T04:27:12.5281395Z shell: /usr/bin/bash --noprofile --norc -e -o pipefail {0}
2026-10-07T04:27:12.5281582Z env:
2026-10-07T04:27:12.5281725Z   CARGO_TERM_COLOR: always
2026-10-07T04:27:12.5282030Z   RUSTFLAGS: -D warnings
2026-10-07T04:27:12.5282161Z   CARGO_HOME: /home/runner/.cargo
2026-10-07T04:27:12.5282300Z ##[endgroup]
2026-10-07T04:27:12.5378075Z info: using existing install for 1.94-x86_64-unknown-linux-gnu
2026-10-07T04:27:12.5385107Z info: default toolchain set to 1.94-x86_64-unknown-linux-gnu
2026-10-07T04:27:12.5385290Z 
2026-10-07T04:27:12.5440846Z   1.94-x86_64-unknown-linux-gnu unchanged - rustc 1.94.1 (e408947bf 2026-03-25)
2026-10-07T04:27:12.5441131Z 
2026-10-07T04:27:12.5443459Z info: note that the toolchain '1.94-x86_64-unknown-linux-gnu' is currently in use (overridden by '/home/runner/work/hydrus-mine/hydrus-mine/rust-toolchain.toml')
2026-10-07T04:27:12.5454116Z ##[end-action id=__dtolnay_rust-toolchain.__run_5;outcome=success;conclusion=success;duration_ms=23]
2026-10-07T04:27:12.5455755Z ##[start-action display=Create cachekey;id=__dtolnay_rust-toolchain.rustc-version]
2026-10-07T04:27:12.5469732Z ##[group]Run DATE=$(rustc +1.94 --version --verbose | sed -ne 's/^commit-date: \(20[0-9][0-9]\)-\([01][0-9]\)-\([0-3][0-9]\)$/\1\2\3/p')
2026-10-07T04:27:12.5470183Z [36;1mDATE=$(rustc +1.94 --version --verbose | sed -ne 's/^commit-date: \(20[0-9][0-9]\)-\([01][0-9]\)-\([0-3][0-9]\)$/\1\2\3/p')[0m
2026-10-07T04:27:12.5470518Z [36;1mHASH=$(rustc +1.94 --version --verbose | sed -ne 's/^commit-hash: //p')[0m
2026-10-07T04:27:12.5470784Z [36;1mecho "cachekey=$(echo $DATE$HASH | head -c12)" >> $GITHUB_OUTPUT[0m
2026-10-07T04:27:12.5517564Z shell: /usr/bin/bash --noprofile --norc -e -o pipefail {0}
2026-10-07T04:27:12.5517746Z env:
2026-10-07T04:27:12.5517862Z   CARGO_TERM_COLOR: always
2026-10-07T04:27:12.5517996Z   RUSTFLAGS: -D warnings
2026-10-07T04:27:12.5518128Z   CARGO_HOME: /home/runner/.cargo
2026-10-07T04:27:12.5518293Z ##[endgroup]
2026-10-07T04:27:12.5783274Z ##[end-action id=__dtolnay_rust-toolchain.rustc-version;outcome=success;conclusion=success;duration_ms=32]
2026-10-07T04:27:12.5785163Z ##[start-action display=Disable incremental compilation;id=__dtolnay_rust-toolchain.__run_6]
2026-10-07T04:27:12.5798910Z ##[group]Run if [ -z "${CARGO_INCREMENTAL+set}" ]; then
2026-10-07T04:27:12.5799143Z [36;1mif [ -z "${CARGO_INCREMENTAL+set}" ]; then[0m
2026-10-07T04:27:12.5817532Z [36;1m  echo CARGO_INCREMENTAL=0 >> $GITHUB_ENV[0m
2026-10-07T04:27:12.5817774Z [36;1mfi[0m
2026-10-07T04:27:12.5867421Z shell: /usr/bin/bash --noprofile --norc -e -o pipefail {0}
2026-10-07T04:27:12.5867613Z env:
2026-10-07T04:27:12.5867736Z   CARGO_TERM_COLOR: always
2026-10-07T04:27:12.5867875Z   RUSTFLAGS: -D warnings
2026-10-07T04:27:12.5868010Z   CARGO_HOME: /home/runner/.cargo
2026-10-07T04:27:12.5868148Z ##[endgroup]
2026-10-07T04:27:12.5940941Z ##[end-action id=__dtolnay_rust-toolchain.__run_6;outcome=success;conclusion=success;duration_ms=15]
2026-10-07T04:27:12.5942831Z ##[start-action display=Enable colors in Cargo output;id=__dtolnay_rust-toolchain.__run_7]
2026-10-07T04:27:12.5956920Z ##[group]Run if [ -z "${CARGO_TERM_COLOR+set}" ]; then
2026-10-07T04:27:12.5957141Z [36;1mif [ -z "${CARGO_TERM_COLOR+set}" ]; then[0m
2026-10-07T04:27:12.5957329Z [36;1m  echo CARGO_TERM_COLOR=always >> $GITHUB_ENV[0m
2026-10-07T04:27:12.5957491Z [36;1mfi[0m
2026-10-07T04:27:12.6006261Z shell: /usr/bin/bash --noprofile --norc -e -o pipefail {0}
2026-10-07T04:27:12.6006446Z env:
2026-10-07T04:27:12.6006562Z   CARGO_TERM_COLOR: always
2026-10-07T04:27:12.6006697Z   RUSTFLAGS: -D warnings
2026-10-07T04:27:12.6006836Z   CARGO_HOME: /home/runner/.cargo
2026-10-07T04:27:12.6006981Z   CARGO_INCREMENTAL: 0
2026-10-07T04:27:12.6007104Z ##[endgroup]
2026-10-07T04:27:12.6072920Z ##[end-action id=__dtolnay_rust-toolchain.__run_7;outcome=success;conclusion=success;duration_ms=12]
2026-10-07T04:27:12.6074564Z ##[start-action display=Enable Cargo sparse registry;id=__dtolnay_rust-toolchain.__run_8]
2026-10-07T04:27:12.6088204Z ##[group]Run # implemented in 1.66, stabilized in 1.68, made default in 1.70
2026-10-07T04:27:12.6088506Z [36;1m# implemented in 1.66, stabilized in 1.68, made default in 1.70[0m
2026-10-07T04:27:12.6088894Z [36;1mif [ -z "${CARGO_REGISTRIES_CRATES_IO_PROTOCOL+set}" -o -f "/home/runner/work/_temp"/.implicit_cargo_registries_crates_io_protocol ]; then[0m
2026-10-07T04:27:12.6089293Z [36;1m  if rustc +1.94 --version --verbose | grep -q '^release: 1\.6[89]\.'; then[0m
2026-10-07T04:27:12.6089599Z [36;1m    touch "/home/runner/work/_temp"/.implicit_cargo_registries_crates_io_protocol || true[0m
2026-10-07T04:27:12.6089893Z [36;1m    echo CARGO_REGISTRIES_CRATES_IO_PROTOCOL=sparse >> $GITHUB_ENV[0m
2026-10-07T04:27:12.6090158Z [36;1m  elif rustc +1.94 --version --verbose | grep -q '^release: 1\.6[67]\.'; then[0m
2026-10-07T04:27:12.6090464Z [36;1m    touch "/home/runner/work/_temp"/.implicit_cargo_registries_crates_io_protocol || true[0m
2026-10-07T04:27:12.6090751Z [36;1m    echo CARGO_REGISTRIES_CRATES_IO_PROTOCOL=git >> $GITHUB_ENV[0m
2026-10-07T04:27:12.6090946Z [36;1m  fi[0m
2026-10-07T04:27:12.6091057Z [36;1mfi[0m
2026-10-07T04:27:12.6136237Z shell: /usr/bin/bash --noprofile --norc -e -o pipefail {0}
2026-10-07T04:27:12.6136415Z env:
2026-10-07T04:27:12.6136534Z   CARGO_TERM_COLOR: always
2026-10-07T04:27:12.6136693Z   RUSTFLAGS: -D warnings
2026-10-07T04:27:12.6136826Z   CARGO_HOME: /home/runner/.cargo
2026-10-07T04:27:12.6136966Z   CARGO_INCREMENTAL: 0
2026-10-07T04:27:12.6137089Z ##[endgroup]
2026-10-07T04:27:12.6388510Z ##[end-action id=__dtolnay_rust-toolchain.__run_8;outcome=success;conclusion=success;duration_ms=31]
2026-10-07T04:27:12.6390472Z ##[start-action display=Work around spurious network errors in curl 8.0;id=__dtolnay_rust-toolchain.__run_9]
2026-10-07T04:27:12.6405426Z ##[group]Run # https://rust-lang.zulipchat.com/#narrow/stream/246057-t-cargo/topic/timeout.20investigation
2026-10-07T04:27:12.6405872Z [36;1m# https://rust-lang.zulipchat.com/#narrow/stream/246057-t-cargo/topic/timeout.20investigation[0m
2026-10-07T04:27:12.6406197Z [36;1mif rustc +1.94 --version --verbose | grep -q '^release: 1\.7[01]\.'; then[0m
2026-10-07T04:27:12.6406443Z [36;1m  echo CARGO_HTTP_MULTIPLEXING=false >> $GITHUB_ENV[0m
2026-10-07T04:27:12.6406615Z [36;1mfi[0m
2026-10-07T04:27:12.6457103Z shell: /usr/bin/bash --noprofile --norc -e -o pipefail {0}
2026-10-07T04:27:12.6457285Z env:
2026-10-07T04:27:12.6457402Z   CARGO_TERM_COLOR: always
2026-10-07T04:27:12.6457532Z   RUSTFLAGS: -D warnings
2026-10-07T04:27:12.6457663Z   CARGO_HOME: /home/runner/.cargo
2026-10-07T04:27:12.6457801Z   CARGO_INCREMENTAL: 0
2026-10-07T04:27:12.6457922Z ##[endgroup]
2026-10-07T04:27:12.6611070Z ##[end-action id=__dtolnay_rust-toolchain.__run_9;outcome=success;conclusion=success;duration_ms=22]
2026-10-07T04:27:12.6614215Z ##[start-action display=rustc +1.94 --version --verbose;id=__dtolnay_rust-toolchain.__run_10]
2026-10-07T04:27:12.6626492Z ##[group]Run rustc +1.94 --version --verbose
2026-10-07T04:27:12.6626680Z [36;1mrustc +1.94 --version --verbose[0m
2026-10-07T04:27:12.6670676Z shell: /usr/bin/bash --noprofile --norc -e -o pipefail {0}
2026-10-07T04:27:12.6670856Z env:
2026-10-07T04:27:12.6670971Z   CARGO_TERM_COLOR: always
2026-10-07T04:27:12.6671100Z   RUSTFLAGS: -D warnings
2026-10-07T04:27:12.6671228Z   CARGO_HOME: /home/runner/.cargo
2026-10-07T04:27:12.6671367Z   CARGO_INCREMENTAL: 0
2026-10-07T04:27:12.6671485Z ##[endgroup]
2026-10-07T04:27:12.6806691Z rustc 1.94.1 (e408947bf 2026-03-25)
2026-10-07T04:27:12.6807102Z binary: rustc
2026-10-07T04:27:12.6807379Z commit-hash: e408947bfd200af42db322daf0fadfe7e26d3bd1
2026-10-07T04:27:12.6807673Z commit-date: 2026-03-25
2026-10-07T04:27:12.6807899Z host: x86_64-unknown-linux-gnu
2026-10-07T04:27:12.6808038Z release: 1.94.1
2026-10-07T04:27:12.6808189Z LLVM version: 21.1.8
2026-10-07T04:27:12.6819807Z ##[end-action id=__dtolnay_rust-toolchain.__run_10;outcome=success;conclusion=success;duration_ms=20]
2026-10-07T04:27:12.6893477Z ##[group]Run Swatinem/rust-cache@v2
2026-10-07T04:27:12.6893631Z with:
2026-10-07T04:27:12.6893746Z   cache-on-failure: true
2026-10-07T04:27:12.6893884Z   cache-workspace-crates: true
2026-10-07T04:27:12.6894018Z   prefix-key: v0-rust
2026-10-07T04:27:12.6894137Z   add-job-id-key: true
2026-10-07T04:27:12.6894271Z   add-rust-environment-hash-key: true
2026-10-07T04:27:12.6894417Z   cache-targets: true
2026-10-07T04:27:12.6894539Z   cache-all-crates: false
2026-10-07T04:27:12.6894659Z   save-if: true
2026-10-07T04:27:12.6894770Z   cache-provider: github
2026-10-07T04:27:12.6894888Z   cache-bin: true
2026-10-07T04:27:12.6894994Z   lookup-only: false
2026-10-07T04:27:12.6895108Z   cmd-format: {0}
2026-10-07T04:27:12.6895214Z env:
2026-10-07T04:27:12.6895317Z   CARGO_TERM_COLOR: always
2026-10-07T04:27:12.6895443Z   RUSTFLAGS: -D warnings
2026-10-07T04:27:12.6895571Z   CARGO_HOME: /home/runner/.cargo
2026-10-07T04:27:12.6895773Z   CARGO_INCREMENTAL: 0
2026-10-07T04:27:12.6895960Z ##[endgroup]
2026-10-07T04:27:13.9009022Z ##[group]Cache Configuration
2026-10-07T04:27:13.9009357Z Cache Provider:
2026-10-07T04:27:13.9009516Z     github
2026-10-07T04:27:13.9009669Z Workspaces:
2026-10-07T04:27:13.9009850Z     /home/runner/work/hydrus-mine/hydrus-mine
2026-10-07T04:27:13.9010079Z Cache Paths:
2026-10-07T04:27:13.9010244Z     /home/runner/.cargo/bin
2026-10-07T04:27:13.9010466Z     /home/runner/.cargo/.crates.toml
2026-10-07T04:27:13.9010634Z     /home/runner/.cargo/.crates2.json
2026-10-07T04:27:13.9010780Z     /home/runner/.cargo/registry
2026-10-07T04:27:13.9010914Z     /home/runner/.cargo/git
2026-10-07T04:27:13.9011161Z     /home/runner/work/hydrus-mine/hydrus-mine/target
2026-10-07T04:27:13.9011404Z Restore Key:
2026-10-07T04:27:13.9011595Z     v0-rust-parity-models-Linux-x64-6601efbe
2026-10-07T04:27:13.9011946Z Cache Key:
2026-10-07T04:27:13.9012148Z     v0-rust-parity-models-Linux-x64-6601efbe-0ea5e1be
2026-10-07T04:27:13.9012354Z .. Prefix:
2026-10-07T04:27:13.9012526Z   - v0-rust-parity-models-Linux-x64
2026-10-07T04:27:13.9012675Z .. Environment considered:
2026-10-07T04:27:13.9012798Z   - Rust Versions:
2026-10-07T04:27:13.9012975Z     - 1.94.1 x86_64-unknown-linux-gnu e408947bfd200af42db322daf0fadfe7e26d3bd1
2026-10-07T04:27:13.9013230Z     - 1.98.1 x86_64-unknown-linux-gnu 48a229ceaefd4985c50990b14116b6d856af0985
2026-10-07T04:27:13.9013463Z   - CARGO_HOME
2026-10-07T04:27:13.9013643Z   - CARGO_INCREMENTAL
2026-10-07T04:27:13.9013763Z   - CARGO_TERM_COLOR
2026-10-07T04:27:13.9013872Z   - RUSTFLAGS
2026-10-07T04:27:13.9013978Z .. Lockfiles considered:
2026-10-07T04:27:13.9014142Z   - /home/runner/work/hydrus-mine/hydrus-mine/.cargo/config.toml
2026-10-07T04:27:13.9014345Z   - /home/runner/work/hydrus-mine/hydrus-mine/Cargo.lock
2026-10-07T04:27:13.9014584Z   - /home/runner/work/hydrus-mine/hydrus-mine/crates/hydrus-api/Cargo.toml
2026-10-07T04:27:13.9014833Z   - /home/runner/work/hydrus-mine/hydrus-mine/crates/hydrus-cli/Cargo.toml
2026-10-07T04:27:13.9015089Z   - /home/runner/work/hydrus-mine/hydrus-mine/crates/hydrus-core/Cargo.toml
2026-10-07T04:27:13.9015352Z   - /home/runner/work/hydrus-mine/hydrus-mine/crates/hydrus-download/Cargo.toml
2026-10-07T04:27:13.9015639Z   - /home/runner/work/hydrus-mine/hydrus-mine/crates/hydrus-downloader-exchange/Cargo.toml
2026-10-07T04:27:13.9015933Z   - /home/runner/work/hydrus-mine/hydrus-mine/crates/hydrus-duplicates/Cargo.toml
2026-10-07T04:27:13.9016206Z   - /home/runner/work/hydrus-mine/hydrus-mine/crates/hydrus-gui-model/Cargo.toml
2026-10-07T04:27:13.9016466Z   - /home/runner/work/hydrus-mine/hydrus-mine/crates/hydrus-gui-ui/Cargo.toml
2026-10-07T04:27:13.9016715Z   - /home/runner/work/hydrus-mine/hydrus-mine/crates/hydrus-gui/Cargo.toml
2026-10-07T04:27:13.9016966Z   - /home/runner/work/hydrus-mine/hydrus-mine/crates/hydrus-import/Cargo.toml
2026-10-07T04:27:13.9017220Z   - /home/runner/work/hydrus-mine/hydrus-mine/crates/hydrus-legacy/Cargo.toml
2026-10-07T04:27:13.9017819Z   - /home/runner/work/hydrus-mine/hydrus-mine/crates/hydrus-media/Cargo.toml
2026-10-07T04:27:13.9018179Z   - /home/runner/work/hydrus-mine/hydrus-mine/crates/hydrus-net/Cargo.toml
2026-10-07T04:27:13.9018428Z   - /home/runner/work/hydrus-mine/hydrus-mine/crates/hydrus-parse/Cargo.toml
2026-10-07T04:27:13.9018682Z   - /home/runner/work/hydrus-mine/hydrus-mine/crates/hydrus-search/Cargo.toml
2026-10-07T04:27:13.9018931Z   - /home/runner/work/hydrus-mine/hydrus-mine/crates/hydrus-store/Cargo.toml
2026-10-07T04:27:13.9019184Z   - /home/runner/work/hydrus-mine/hydrus-mine/crates/hydrus-testkit/Cargo.toml
2026-10-07T04:27:13.9019501Z   - /home/runner/work/hydrus-mine/hydrus-mine/rust-toolchain.toml
2026-10-07T04:27:13.9019718Z   - /home/runner/work/hydrus-mine/hydrus-mine/xtask/Cargo.toml
2026-10-07T04:27:13.9020071Z ##[endgroup]
2026-10-07T04:27:13.9020148Z 
2026-10-07T04:27:13.9020196Z ... Restoring cache ...
2026-10-07T04:27:14.0968672Z Cache hit for: v0-rust-parity-models-Linux-x64-6601efbe-0ea5e1be
2026-10-07T04:27:15.3219400Z Received 46137344 of 613097114 (7.5%), 44.0 MBs/sec
2026-10-07T04:27:16.3198757Z Received 239075328 of 613097114 (39.0%), 113.9 MBs/sec
2026-10-07T04:27:17.3197077Z Received 415236096 of 613097114 (67.7%), 132.0 MBs/sec
2026-10-07T04:27:18.1873303Z Received 613097114 of 613097114 (100.0%), 151.3 MBs/sec
2026-10-07T04:27:18.1880427Z Cache Size: ~585 MB (613097114 B)
2026-10-07T04:27:18.1926098Z [command]/usr/bin/tar -xf /home/runner/work/_temp/f266bccd-5dd9-44d0-9e30-fb0bfd6585b5/cache.tzst -P -C /home/runner/work/hydrus-mine/hydrus-mine --use-compress-program unzstd
2026-10-07T04:27:25.4827301Z Cache restored successfully
2026-10-07T04:27:25.5071978Z Restored from cache key "v0-rust-parity-models-Linux-x64-6601efbe-0ea5e1be" full match: true.
2026-10-07T04:27:25.5247583Z ##[group]Run sudo apt-get update && sudo apt-get install -y ffmpeg
2026-10-07T04:27:25.5247871Z [36;1msudo apt-get update && sudo apt-get install -y ffmpeg[0m
2026-10-07T04:27:25.5299806Z shell: /usr/bin/bash -e {0}
2026-10-07T04:27:25.5299954Z env:
2026-10-07T04:27:25.5300090Z   CARGO_TERM_COLOR: always
2026-10-07T04:27:25.5300225Z   RUSTFLAGS: -D warnings
2026-10-07T04:27:25.5300363Z   CARGO_HOME: /home/runner/.cargo
2026-10-07T04:27:25.5300507Z   CARGO_INCREMENTAL: 0
2026-10-07T04:27:25.5300629Z   CACHE_ON_FAILURE: true
2026-10-07T04:27:25.5300753Z ##[endgroup]
2026-10-07T04:27:25.6119465Z Get:1 file:/etc/apt/apt-mirrors.txt Mirrorlist [144 B]
2026-10-07T04:27:25.6537293Z Hit:2 http://azure.archive.ubuntu.com/ubuntu noble InRelease
2026-10-07T04:27:25.6539289Z Get:6 https://packages.microsoft.com/ubuntu/24.04/prod noble InRelease [3600 B]
2026-10-07T04:27:25.6550109Z Get:3 http://azure.archive.ubuntu.com/ubuntu noble-updates InRelease [126 kB]
2026-10-07T04:27:25.6699809Z Get:4 http://azure.archive.ubuntu.com/ubuntu noble-backports InRelease [126 kB]
2026-10-07T04:27:25.6890992Z Get:5 http://azure.archive.ubuntu.com/ubuntu noble-security InRelease [126 kB]
2026-10-07T04:27:25.7555666Z Get:7 https://packages.microsoft.com/ubuntu/24.04/prod noble/main arm64 Packages [463 kB]
2026-10-07T04:27:25.7844016Z Get:8 https://packages.microsoft.com/ubuntu/24.04/prod noble/main armhf Packages [12.6 kB]
2026-10-07T04:27:25.7909712Z Get:9 https://packages.microsoft.com/ubuntu/24.04/prod noble/main amd64 Packages [519 kB]
2026-10-07T04:27:25.7926490Z Get:10 http://azure.archive.ubuntu.com/ubuntu noble-updates/main amd64 Packages [1375 kB]
2026-10-07T04:27:25.8098831Z Get:11 http://azure.archive.ubuntu.com/ubuntu noble-updates/main Translation-en [306 kB]
2026-10-07T04:27:25.8383127Z Get:12 http://azure.archive.ubuntu.com/ubuntu noble-updates/main amd64 Components [181 kB]
2026-10-07T04:27:25.8484806Z Get:13 http://azure.archive.ubuntu.com/ubuntu noble-updates/universe amd64 Packages [1701 kB]
2026-10-07T04:27:25.8603127Z Get:14 http://azure.archive.ubuntu.com/ubuntu noble-updates/universe Translation-en [341 kB]
2026-10-07T04:27:25.8785212Z Get:15 http://azure.archive.ubuntu.com/ubuntu noble-updates/universe amd64 Components [388 kB]
2026-10-07T04:27:25.8869803Z Get:16 http://azure.archive.ubuntu.com/ubuntu noble-updates/restricted amd64 Packages [1730 kB]
2026-10-07T04:27:25.8977154Z Get:17 http://azure.archive.ubuntu.com/ubuntu noble-updates/restricted Translation-en [396 kB]
2026-10-07T04:27:25.9065982Z Get:18 http://azure.archive.ubuntu.com/ubuntu noble-updates/multiverse Translation-en [13.3 kB]
2026-10-07T04:27:25.9168299Z Get:19 http://azure.archive.ubuntu.com/ubuntu noble-updates/multiverse amd64 Components [940 B]
2026-10-07T04:27:25.9620992Z Get:20 http://azure.archive.ubuntu.com/ubuntu noble-backports/main amd64 Components [5752 B]
2026-10-07T04:27:25.9966945Z Get:21 http://azure.archive.ubuntu.com/ubuntu noble-backports/universe amd64 Components [12.6 kB]
2026-10-07T04:27:26.0068614Z Get:22 http://azure.archive.ubuntu.com/ubuntu noble-security/main amd64 Packages [1073 kB]
2026-10-07T04:27:26.0164589Z Get:23 http://azure.archive.ubuntu.com/ubuntu noble-security/main Translation-en [223 kB]
2026-10-07T04:27:26.0267031Z Get:24 http://azure.archive.ubuntu.com/ubuntu noble-security/main amd64 Components [46.4 kB]
2026-10-07T04:27:26.0276247Z Get:25 http://azure.archive.ubuntu.com/ubuntu noble-security/universe amd64 Packages [1218 kB]
2026-10-07T04:27:26.0363541Z Get:26 http://azure.archive.ubuntu.com/ubuntu noble-security/universe Translation-en [245 kB]
2026-10-07T04:27:26.0385202Z Get:27 http://azure.archive.ubuntu.com/ubuntu noble-security/universe amd64 Components [76.3 kB]
2026-10-07T04:27:26.0482453Z Get:28 http://azure.archive.ubuntu.com/ubuntu noble-security/restricted amd64 Packages [1566 kB]
2026-10-07T04:27:26.0573532Z Get:29 http://azure.archive.ubuntu.com/ubuntu noble-security/restricted Translation-en [361 kB]
2026-10-07T04:27:26.0583335Z Get:30 http://azure.archive.ubuntu.com/ubuntu noble-security/multiverse Translation-en [11.6 kB]
2026-10-07T04:27:33.0209178Z Fetched 12.6 MB in 1s (12.0 MB/s)
2026-10-07T04:27:33.5548335Z Reading package lists...
2026-10-07T04:27:33.5796067Z Reading package lists...
2026-10-07T04:27:33.7297827Z Building dependency tree...
2026-10-07T04:27:33.7303232Z Reading state information...
2026-10-07T04:27:33.8440638Z The following additional packages will be installed:
2026-10-07T04:27:33.8441066Z   i965-va-driver intel-media-va-driver libaacs0 libass9 libasyncns0
2026-10-07T04:27:33.8443952Z   libavc1394-0 libavcodec60 libavdevice60 libavfilter9 libavformat60
2026-10-07T04:27:33.8444288Z   libavutil58 libbdplus0 libblas3 libbluray2 libbs2b0 libcaca0
2026-10-07T04:27:33.8444661Z   libcdio-cdda2t64 libcdio-paranoia2t64 libcdio19t64 libchromaprint1 libcjson1
2026-10-07T04:27:33.8445053Z   libcodec2-1.2 libdav1d7 libdc1394-25 libdecor-0-0 libdecor-0-plugin-1-gtk
2026-10-07T04:27:33.8445354Z   libflac12t64 libflite1 libgbm1 libgl1-mesa-dri libglx-mesa0 libgme0 libgsm1
2026-10-07T04:27:33.8445725Z   libhwy1t64 libiec61883-0 libigdgmm12 libjack-jackd2-0 libjxl0.7 liblapack3
2026-10-07T04:27:33.8446108Z   liblilv-0-0 libmbedcrypto7t64 libmp3lame0 libmpg123-0t64 libmysofa1
2026-10-07T04:27:33.8446466Z   libopenal-data libopenal1 libopenmpt0t64 libopus0 libplacebo338
2026-10-07T04:27:33.8446841Z   libpocketsphinx3 libpostproc57 libpulse0 librav1e0 libraw1394-11 librist4
2026-10-07T04:27:33.8447239Z   librsvg2-2 librsvg2-common librubberband2 libsamplerate0 libsdl2-2.0-0
2026-10-07T04:27:33.8447647Z   libserd-0-0 libshine3 libsndfile1 libsndio7.0 libsord-0-0 libsoxr0 libspeex1
2026-10-07T04:27:33.8448045Z   libsphinxbase3t64 libsratom-0-0 libsrt1.5-gnutls libssh-gcrypt-4
2026-10-07T04:27:33.8448455Z   libsvtav1enc1d1 libswresample4 libswscale7 libtheora0 libtwolame0
2026-10-07T04:27:33.8448811Z   libudfread0 libunibreak5 libva-drm2 libva-x11-2 libva2 libvdpau1
2026-10-07T04:27:33.8449171Z   libvidstab1.1 libvorbisenc2 libvpl2 libvpx9 libx264-164 libx265-199
2026-10-07T04:27:33.8449496Z   libxcb-shape0 libxv1 libxvidcore4 libzimg2 libzix-0-0 libzvbi-common
2026-10-07T04:27:33.8449741Z   libzvbi0t64 mesa-libgallium mesa-va-drivers mesa-vdpau-drivers
2026-10-07T04:27:33.8450850Z   ocl-icd-libopencl1 pocketsphinx-en-us va-driver-all vdpau-driver-all
2026-10-07T04:27:33.8451555Z Suggested packages:
2026-10-07T04:27:33.8452221Z   ffmpeg-doc i965-va-driver-shaders libcuda1 libnvcuvid1 libnvidia-encode1
2026-10-07T04:27:33.8452646Z   libbluray-bdj jackd2 libportaudio2 opus-tools pulseaudio libraw1394-doc
2026-10-07T04:27:33.8452914Z   librsvg2-bin serdi sndiod sordi speex opencl-icd libvdpau-va-gl1
2026-10-07T04:27:33.8783393Z The following NEW packages will be installed:
2026-10-07T04:27:33.8783912Z   ffmpeg i965-va-driver intel-media-va-driver libaacs0 libass9 libasyncns0
2026-10-07T04:27:33.8784443Z   libavc1394-0 libavcodec60 libavdevice60 libavfilter9 libavformat60
2026-10-07T04:27:33.8784916Z   libavutil58 libbdplus0 libblas3 libbluray2 libbs2b0 libcaca0
2026-10-07T04:27:33.8785470Z   libcdio-cdda2t64 libcdio-paranoia2t64 libcdio19t64 libchromaprint1 libcjson1
2026-10-07T04:27:33.8786052Z   libcodec2-1.2 libdav1d7 libdc1394-25 libdecor-0-0 libdecor-0-plugin-1-gtk
2026-10-07T04:27:33.8786567Z   libflac12t64 libflite1 libgme0 libgsm1 libhwy1t64 libiec61883-0 libigdgmm12
2026-10-07T04:27:33.8787073Z   libjack-jackd2-0 libjxl0.7 liblapack3 liblilv-0-0 libmbedcrypto7t64
2026-10-07T04:27:33.8787569Z   libmp3lame0 libmpg123-0t64 libmysofa1 libopenal-data libopenal1
2026-10-07T04:27:33.8788077Z   libopenmpt0t64 libopus0 libplacebo338 libpocketsphinx3 libpostproc57
2026-10-07T04:27:33.8788593Z   libpulse0 librav1e0 libraw1394-11 librist4 librsvg2-2 librsvg2-common
2026-10-07T04:27:33.8789093Z   librubberband2 libsamplerate0 libsdl2-2.0-0 libserd-0-0 libshine3
2026-10-07T04:27:33.8792758Z   libsndfile1 libsndio7.0 libsord-0-0 libsoxr0 libspeex1 libsphinxbase3t64
2026-10-07T04:27:33.8793275Z   libsratom-0-0 libsrt1.5-gnutls libssh-gcrypt-4 libsvtav1enc1d1
2026-10-07T04:27:33.8794190Z   libswresample4 libswscale7 libtheora0 libtwolame0 libudfread0 libunibreak5
2026-10-07T04:27:33.8794720Z   libva-drm2 libva-x11-2 libva2 libvdpau1 libvidstab1.1 libvorbisenc2 libvpl2
2026-10-07T04:27:33.8795230Z   libvpx9 libx264-164 libx265-199 libxcb-shape0 libxv1 libxvidcore4 libzimg2
2026-10-07T04:27:33.8795949Z   libzix-0-0 libzvbi-common libzvbi0t64 mesa-va-drivers mesa-vdpau-drivers
2026-10-07T04:27:33.8796730Z   ocl-icd-libopencl1 pocketsphinx-en-us va-driver-all vdpau-driver-all
2026-10-07T04:27:33.8797376Z The following packages will be upgraded:
2026-10-07T04:27:33.8797767Z   libgbm1 libgl1-mesa-dri libglx-mesa0 mesa-libgallium
2026-10-07T04:27:33.8952123Z 4 upgraded, 99 newly installed, 0 to remove and 25 not upgraded.
2026-10-07T04:27:33.8952488Z Need to get 105 MB of archives.
2026-10-07T04:27:33.8952787Z After this operation, 227 MB of additional disk space will be used.
2026-10-07T04:27:33.8953044Z Get:1 file:/etc/apt/apt-mirrors.txt Mirrorlist [144 B]
2026-10-07T04:27:34.1295282Z Get:2 http://azure.archive.ubuntu.com/ubuntu noble-updates/universe amd64 libva2 amd64 2.20.0-2ubuntu0.2 [66.4 kB]
2026-10-07T04:27:34.1957883Z Get:3 http://azure.archive.ubuntu.com/ubuntu noble-updates/universe amd64 libva-drm2 amd64 2.20.0-2ubuntu0.2 [7124 B]
2026-10-07T04:27:34.3929303Z Get:4 http://azure.archive.ubuntu.com/ubuntu noble-updates/universe amd64 libva-x11-2 amd64 2.20.0-2ubuntu0.2 [12.0 kB]
2026-10-07T04:27:34.5608691Z Get:5 http://azure.archive.ubuntu.com/ubuntu noble/main amd64 libvdpau1 amd64 1.5-2build1 [27.8 kB]
2026-10-07T04:27:34.6799151Z Get:6 http://azure.archive.ubuntu.com/ubuntu noble/universe amd64 libvpl2 amd64 2023.3.0-1build1 [99.8 kB]
2026-10-07T04:27:34.8005962Z Get:7 http://azure.archive.ubuntu.com/ubuntu noble/universe amd64 ocl-icd-libopencl1 amd64 2.3.2-1build1 [38.5 kB]
2026-10-07T04:27:34.8995231Z Get:8 http://azure.archive.ubuntu.com/ubuntu noble/universe amd64 libavutil58 amd64 7:6.1.1-3ubuntu5 [401 kB]
2026-10-07T04:27:35.0204204Z Get:9 http://azure.archive.ubuntu.com/ubuntu noble/universe amd64 libcodec2-1.2 amd64 1.2.0-2build1 [8998 kB]
2026-10-07T04:27:35.2743473Z Get:10 http://azure.archive.ubuntu.com/ubuntu noble/universe amd64 libdav1d7 amd64 1.4.1-1build1 [604 kB]
2026-10-07T04:27:35.3914053Z Get:11 http://azure.archive.ubuntu.com/ubuntu noble/universe amd64 libgsm1 amd64 1.0.22-1build1 [27.8 kB]
2026-10-07T04:27:35.5013565Z Get:12 http://azure.archive.ubuntu.com/ubuntu noble/universe amd64 libhwy1t64 amd64 1.0.7-8.1build1 [584 kB]
2026-10-07T04:27:35.6223435Z Get:13 http://azure.archive.ubuntu.com/ubuntu noble-updates/universe amd64 libjxl0.7 amd64 0.7.0-10.2ubuntu6.1 [1001 kB]
2026-10-07T04:27:35.7546423Z Get:14 http://azure.archive.ubuntu.com/ubuntu noble/main amd64 libmp3lame0 amd64 3.100-6build1 [142 kB]
2026-10-07T04:27:35.8739625Z Get:15 http://azure.archive.ubuntu.com/ubuntu noble/main amd64 libopus0 amd64 1.4-1build1 [208 kB]
2026-10-07T04:27:35.9845479Z Get:16 http://azure.archive.ubuntu.com/ubuntu noble/universe amd64 librav1e0 amd64 0.7.1-2 [1022 kB]
2026-10-07T04:27:36.1053764Z Get:17 http://azure.archive.ubuntu.com/ubuntu noble-updates/main amd64 librsvg2-2 amd64 2.58.0+dfsg-1ubuntu0.1 [2141 kB]
2026-10-07T04:27:36.2331092Z Get:18 http://azure.archive.ubuntu.com/ubuntu noble/universe amd64 libshine3 amd64 3.1.1-2build1 [23.2 kB]
2026-10-07T04:27:36.3536883Z Get:19 http://azure.archive.ubuntu.com/ubuntu noble-updates/main amd64 libspeex1 amd64 1.2.1-2ubuntu2.24.04.1 [59.6 kB]
2026-10-07T04:27:36.4757448Z Get:20 http://azure.archive.ubuntu.com/ubuntu noble/universe amd64 libsvtav1enc1d1 amd64 1.7.0+dfsg-2build1 [2425 kB]
2026-10-07T04:27:36.5557597Z Get:21 http://azure.archive.ubuntu.com/ubuntu noble/universe amd64 libsoxr0 amd64 0.1.3-4build3 [80.0 kB]
2026-10-07T04:27:36.6211398Z Get:22 http://azure.archive.ubuntu.com/ubuntu noble/universe amd64 libswresample4 amd64 7:6.1.1-3ubuntu5 [63.8 kB]
2026-10-07T04:27:36.6861113Z Get:23 http://azure.archive.ubuntu.com/ubuntu noble/main amd64 libtheora0 amd64 1.1.1+dfsg.1-16.1build3 [211 kB]
2026-10-07T04:27:36.7518414Z Get:24 http://azure.archive.ubuntu.com/ubuntu noble/main amd64 libtwolame0 amd64 0.4.0-2build3 [52.3 kB]
2026-10-07T04:27:36.8167559Z Get:25 http://azure.archive.ubuntu.com/ubuntu noble/main amd64 libvorbisenc2 amd64 1.3.7-1build3 [80.8 kB]
2026-10-07T04:27:36.8805766Z Get:26 http://azure.archive.ubuntu.com/ubuntu noble-updates/main amd64 libvpx9 amd64 1.14.0-1ubuntu2.3 [1143 kB]
2026-10-07T04:27:36.9673299Z Get:27 http://azure.archive.ubuntu.com/ubuntu noble/universe amd64 libx264-164 amd64 2:0.164.3108+git31e19f9-1 [604 kB]
2026-10-07T04:27:37.0358148Z Get:28 http://azure.archive.ubuntu.com/ubuntu noble/universe amd64 libx265-199 amd64 3.5-2build1 [1226 kB]
2026-10-07T04:27:37.1084710Z Get:29 http://azure.archive.ubuntu.com/ubuntu noble/universe amd64 libxvidcore4 amd64 2:1.3.7-1build1 [219 kB]
2026-10-07T04:27:37.1741199Z Get:30 http://azure.archive.ubuntu.com/ubuntu noble/universe amd64 libzvbi-common all 0.2.42-2 [42.4 kB]
2026-10-07T04:27:37.2387425Z Get:31 http://azure.archive.ubuntu.com/ubuntu noble/universe amd64 libzvbi0t64 amd64 0.2.42-2 [261 kB]
2026-10-07T04:27:37.3039316Z Get:32 http://azure.archive.ubuntu.com/ubuntu noble/universe amd64 libavcodec60 amd64 7:6.1.1-3ubuntu5 [5851 kB]
2026-10-07T04:27:37.4850237Z Get:33 http://azure.archive.ubuntu.com/ubuntu noble/main amd64 libraw1394-11 amd64 2.1.2-2build3 [26.2 kB]
2026-10-07T04:27:37.5483069Z Get:34 http://azure.archive.ubuntu.com/ubuntu noble/main amd64 libavc1394-0 amd64 0.5.4-5build3 [15.4 kB]
2026-10-07T04:27:37.6113004Z Get:35 http://azure.archive.ubuntu.com/ubuntu noble/universe amd64 libunibreak5 amd64 5.1-2build1 [25.0 kB]
2026-10-07T04:27:37.6745038Z Get:36 http://azure.archive.ubuntu.com/ubuntu noble/universe amd64 libass9 amd64 1:0.17.1-2build1 [104 kB]
2026-10-07T04:27:37.7403797Z Get:37 http://azure.archive.ubuntu.com/ubuntu noble/universe amd64 libudfread0 amd64 1.1.2-1build1 [19.0 kB]
2026-10-07T04:27:37.8036503Z Get:38 http://azure.archive.ubuntu.com/ubuntu noble/universe amd64 libbluray2 amd64 1:1.3.4-1build1 [159 kB]
2026-10-07T04:27:37.9340484Z Get:39 http://azure.archive.ubuntu.com/ubuntu noble/universe amd64 libchromaprint1 amd64 1.5.1-5 [30.5 kB]
2026-10-07T04:27:38.0792309Z Get:40 http://azure.archive.ubuntu.com/ubuntu noble/universe amd64 libgme0 amd64 0.6.3-7build1 [134 kB]
2026-10-07T04:27:38.2863690Z Get:41 http://azure.archive.ubuntu.com/ubuntu noble-updates/main amd64 libmpg123-0t64 amd64 1.32.5-1ubuntu1.1 [169 kB]
2026-10-07T04:27:38.3524342Z Get:42 http://azure.archive.ubuntu.com/ubuntu noble/universe amd64 libopenmpt0t64 amd64 0.7.3-1.1build3 [647 kB]
2026-10-07T04:27:38.4276961Z Get:43 http://azure.archive.ubuntu.com/ubuntu noble/universe amd64 libcjson1 amd64 1.7.17-1 [24.8 kB]
2026-10-07T04:27:38.4910014Z Get:44 http://azure.archive.ubuntu.com/ubuntu noble/universe amd64 libmbedcrypto7t64 amd64 2.28.8-1 [209 kB]
2026-10-07T04:27:38.5572686Z Get:45 http://azure.archive.ubuntu.com/ubuntu noble/universe amd64 librist4 amd64 0.2.10+dfsg-2 [74.9 kB]
2026-10-07T04:27:38.6206906Z Get:46 http://azure.archive.ubuntu.com/ubuntu noble/universe amd64 libsrt1.5-gnutls amd64 1.5.3-1build2 [316 kB]
2026-10-07T04:27:38.6891634Z Get:47 http://azure.archive.ubuntu.com/ubuntu noble-updates/main amd64 libssh-gcrypt-4 amd64 0.10.6-2ubuntu0.5 [226 kB]
2026-10-07T04:27:38.7561225Z Get:48 http://azure.archive.ubuntu.com/ubuntu noble/universe amd64 libavformat60 amd64 7:6.1.1-3ubuntu5 [1153 kB]
2026-10-07T04:27:38.8408145Z Get:49 http://azure.archive.ubuntu.com/ubuntu noble/universe amd64 libbs2b0 amd64 3.1.0+dfsg-7build1 [10.6 kB]
2026-10-07T04:27:38.9038533Z Get:50 http://azure.archive.ubuntu.com/ubuntu noble/universe amd64 libflite1 amd64 2.2-6build3 [13.6 MB]
2026-10-07T04:27:39.2404972Z Get:51 http://azure.archive.ubuntu.com/ubuntu noble/universe amd64 libserd-0-0 amd64 0.32.2-1 [43.6 kB]
2026-10-07T04:27:39.3038833Z Get:52 http://azure.archive.ubuntu.com/ubuntu noble/universe amd64 libzix-0-0 amd64 0.4.2-2build1 [23.6 kB]
2026-10-07T04:27:39.3675394Z Get:53 http://azure.archive.ubuntu.com/ubuntu noble/universe amd64 libsord-0-0 amd64 0.16.16-2build1 [15.8 kB]
2026-10-07T04:27:39.4311063Z Get:54 http://azure.archive.ubuntu.com/ubuntu noble/universe amd64 libsratom-0-0 amd64 0.6.16-1build1 [17.3 kB]
2026-10-07T04:27:39.4946817Z Get:55 http://azure.archive.ubuntu.com/ubuntu noble/universe amd64 liblilv-0-0 amd64 0.24.22-1build1 [41.0 kB]
2026-10-07T04:27:39.5581749Z Get:56 http://azure.archive.ubuntu.com/ubuntu noble/universe amd64 libmysofa1 amd64 1.3.2+dfsg-2ubuntu2 [1158 kB]
2026-10-07T04:27:40.3274886Z Get:57 http://azure.archive.ubuntu.com/ubuntu noble/universe amd64 libplacebo338 amd64 6.338.2-2build1 [2654 kB]
2026-10-07T04:27:40.4430623Z Get:58 http://azure.archive.ubuntu.com/ubuntu noble-updates/main amd64 libblas3 amd64 3.12.0-3build1.1 [238 kB]
2026-10-07T04:27:40.5100513Z Get:59 http://azure.archive.ubuntu.com/ubuntu noble-updates/main amd64 liblapack3 amd64 3.12.0-3build1.1 [2646 kB]
2026-10-07T04:27:40.6248455Z Get:60 http://azure.archive.ubuntu.com/ubuntu noble/main amd64 libasyncns0 amd64 0.8-6build4 [11.3 kB]
2026-10-07T04:27:40.6898882Z Get:61 http://azure.archive.ubuntu.com/ubuntu noble/main amd64 libflac12t64 amd64 1.4.3+ds-2.1ubuntu2 [197 kB]
2026-10-07T04:27:40.7561729Z Get:62 http://azure.archive.ubuntu.com/ubuntu noble-updates/main amd64 libsndfile1 amd64 1.2.2-1ubuntu5.24.04.1 [209 kB]
2026-10-07T04:27:40.8228479Z Get:63 http://azure.archive.ubuntu.com/ubuntu noble-updates/main amd64 libpulse0 amd64 1:16.1+dfsg1-2ubuntu10.1 [292 kB]
2026-10-07T04:27:40.8908767Z Get:64 http://azure.archive.ubuntu.com/ubuntu noble/universe amd64 libsphinxbase3t64 amd64 0.8+5prealpha+1-17build2 [126 kB]
2026-10-07T04:27:40.9591448Z Get:65 http://azure.archive.ubuntu.com/ubuntu noble/universe amd64 libpocketsphinx3 amd64 0.8.0+real5prealpha+1-15ubuntu5 [133 kB]
2026-10-07T04:27:41.0227913Z Get:66 http://azure.archive.ubuntu.com/ubuntu noble/universe amd64 libpostproc57 amd64 7:6.1.1-3ubuntu5 [49.9 kB]
2026-10-07T04:27:41.0862269Z Get:67 http://azure.archive.ubuntu.com/ubuntu noble/main amd64 libsamplerate0 amd64 0.2.2-4build1 [1344 kB]
2026-10-07T04:27:41.1757084Z Get:68 http://azure.archive.ubuntu.com/ubuntu noble/universe amd64 librubberband2 amd64 3.3.0+dfsg-2build1 [130 kB]
2026-10-07T04:27:41.2413752Z Get:69 http://azure.archive.ubuntu.com/ubuntu noble/universe amd64 libswscale7 amd64 7:6.1.1-3ubuntu5 [193 kB]
2026-10-07T04:27:41.3068063Z Get:70 http://azure.archive.ubuntu.com/ubuntu noble/universe amd64 libvidstab1.1 amd64 1.1.0-2build1 [38.5 kB]
2026-10-07T04:27:41.3701009Z Get:71 http://azure.archive.ubuntu.com/ubuntu noble/universe amd64 libzimg2 amd64 3.0.5+ds1-1build1 [254 kB]
2026-10-07T04:27:41.4379750Z Get:72 http://azure.archive.ubuntu.com/ubuntu noble/universe amd64 libavfilter9 amd64 7:6.1.1-3ubuntu5 [4235 kB]
2026-10-07T04:27:41.5878184Z Get:73 http://azure.archive.ubuntu.com/ubuntu noble-updates/main amd64 libcaca0 amd64 0.99.beta20-4ubuntu0.2 [209 kB]
2026-10-07T04:27:41.6543990Z Get:74 http://azure.archive.ubuntu.com/ubuntu noble-updates/main amd64 libcdio19t64 amd64 2.1.0-4.1ubuntu1.2 [62.4 kB]
2026-10-07T04:27:41.7177532Z Get:75 http://azure.archive.ubuntu.com/ubuntu noble/main amd64 libcdio-cdda2t64 amd64 10.2+2.0.1-1.1build2 [16.5 kB]
2026-10-07T04:27:41.7815656Z Get:76 http://azure.archive.ubuntu.com/ubuntu noble/main amd64 libcdio-paranoia2t64 amd64 10.2+2.0.1-1.1build2 [16.6 kB]
2026-10-07T04:27:41.8449998Z Get:77 http://azure.archive.ubuntu.com/ubuntu noble/universe amd64 libdc1394-25 amd64 2.2.6-4build1 [90.1 kB]
2026-10-07T04:27:41.9085670Z Get:78 http://azure.archive.ubuntu.com/ubuntu noble/main amd64 libiec61883-0 amd64 1.2.0-6build1 [24.5 kB]
2026-10-07T04:27:41.9723622Z Get:79 http://azure.archive.ubuntu.com/ubuntu noble/main amd64 libjack-jackd2-0 amd64 1.9.21~dfsg-3ubuntu3 [289 kB]
2026-10-07T04:27:42.0416174Z Get:80 http://azure.archive.ubuntu.com/ubuntu noble/universe amd64 libopenal-data all 1:1.23.1-4build1 [161 kB]
2026-10-07T04:27:42.1077645Z Get:81 http://azure.archive.ubuntu.com/ubuntu noble/universe amd64 libsndio7.0 amd64 1.9.0-0.3build3 [29.6 kB]
2026-10-07T04:27:42.1715180Z Get:82 http://azure.archive.ubuntu.com/ubuntu noble/universe amd64 libopenal1 amd64 1:1.23.1-4build1 [540 kB]
2026-10-07T04:27:42.2445241Z Get:83 http://azure.archive.ubuntu.com/ubuntu noble/main amd64 libdecor-0-0 amd64 0.2.2-1build2 [16.5 kB]
2026-10-07T04:27:42.3083579Z Get:84 http://azure.archive.ubuntu.com/ubuntu noble-updates/main amd64 libgl1-mesa-dri amd64 25.2.8-0ubuntu0.24.04.4 [38.0 kB]
2026-10-07T04:27:42.3722117Z Get:85 http://azure.archive.ubuntu.com/ubuntu noble-updates/main amd64 libglx-mesa0 amd64 25.2.8-0ubuntu0.24.04.4 [110 kB]
2026-10-07T04:27:42.4390899Z Get:86 http://azure.archive.ubuntu.com/ubuntu noble-updates/main amd64 libgbm1 amd64 25.2.8-0ubuntu0.24.04.4 [34.2 kB]
2026-10-07T04:27:42.5108524Z Get:87 http://azure.archive.ubuntu.com/ubuntu noble-updates/main amd64 mesa-libgallium amd64 25.2.8-0ubuntu0.24.04.4 [10.8 MB]
2026-10-07T04:27:42.8695647Z Get:88 http://azure.archive.ubuntu.com/ubuntu noble-updates/main amd64 libsdl2-2.0-0 amd64 2.30.0+dfsg-1ubuntu3.1 [686 kB]
2026-10-07T04:27:42.9457382Z Get:89 http://azure.archive.ubuntu.com/ubuntu noble/main amd64 libxcb-shape0 amd64 1.15-1ubuntu2 [6100 B]
2026-10-07T04:27:43.0092954Z Get:90 http://azure.archive.ubuntu.com/ubuntu noble/main amd64 libxv1 amd64 2:1.0.11-1.1build1 [10.7 kB]
2026-10-07T04:27:43.0729714Z Get:91 http://azure.archive.ubuntu.com/ubuntu noble/universe amd64 libavdevice60 amd64 7:6.1.1-3ubuntu5 [82.3 kB]
2026-10-07T04:27:43.1370846Z Get:92 http://azure.archive.ubuntu.com/ubuntu noble/universe amd64 ffmpeg amd64 7:6.1.1-3ubuntu5 [1879 kB]
2026-10-07T04:27:43.2374952Z Get:93 http://azure.archive.ubuntu.com/ubuntu noble-updates/universe amd64 libigdgmm12 amd64 22.3.17+ds1-1ubuntu1 [145 kB]
2026-10-07T04:27:43.3032691Z Get:94 http://azure.archive.ubuntu.com/ubuntu noble-updates/universe amd64 intel-media-va-driver amd64 24.1.0+dfsg1-1ubuntu0.2 [3163 kB]
2026-10-07T04:27:43.4313414Z Get:95 http://azure.archive.ubuntu.com/ubuntu noble/universe amd64 libaacs0 amd64 0.11.1-2build1 [62.9 kB]
2026-10-07T04:27:43.4972682Z Get:96 http://azure.archive.ubuntu.com/ubuntu noble/universe amd64 libbdplus0 amd64 0.2.0-3build1 [52.2 kB]
2026-10-07T04:27:43.5609535Z Get:97 http://azure.archive.ubuntu.com/ubuntu noble/main amd64 libdecor-0-plugin-1-gtk amd64 0.2.2-1build2 [22.2 kB]
2026-10-07T04:27:43.6245071Z Get:98 http://azure.archive.ubuntu.com/ubuntu noble-updates/main amd64 librsvg2-common amd64 2.58.0+dfsg-1ubuntu0.1 [11.8 kB]
2026-10-07T04:27:43.6878713Z Get:99 http://azure.archive.ubuntu.com/ubuntu noble-updates/universe amd64 mesa-va-drivers amd64 25.2.8-0ubuntu0.24.04.4 [6778 B]
2026-10-07T04:27:43.7514106Z Get:100 http://azure.archive.ubuntu.com/ubuntu noble-updates/main amd64 mesa-vdpau-drivers amd64 25.2.8-0ubuntu0.24.04.4 [23.4 kB]
2026-10-07T04:27:43.8149010Z Get:101 http://azure.archive.ubuntu.com/ubuntu noble-updates/universe amd64 i965-va-driver amd64 2.4.1+dfsg1-1ubuntu0.2 [332 kB]
2026-10-07T04:27:43.8853209Z Get:102 http://azure.archive.ubuntu.com/ubuntu noble-updates/universe amd64 va-driver-all amd64 2.20.0-2ubuntu0.2 [5014 B]
2026-10-07T04:27:43.9515176Z Get:103 http://azure.archive.ubuntu.com/ubuntu noble/main amd64 vdpau-driver-all amd64 1.5-2build1 [4414 B]
2026-10-07T04:27:44.0161659Z Get:104 http://azure.archive.ubuntu.com/ubuntu noble/universe amd64 pocketsphinx-en-us all 0.8.0+real5prealpha+1-15ubuntu5 [27.4 MB]
2026-10-07T04:27:44.9028872Z Fetched 105 MB in 11s (9749 kB/s)
2026-10-07T04:27:44.9200373Z Selecting previously unselected package libva2:amd64.
2026-10-07T04:27:44.9423633Z (Reading database ... 
2026-10-07T04:27:44.9424261Z (Reading database ... 5%
2026-10-07T04:27:44.9424742Z (Reading database ... 10%
2026-10-07T04:27:44.9425076Z (Reading database ... 15%
2026-10-07T04:27:44.9425359Z (Reading database ... 20%
2026-10-07T04:27:44.9425676Z (Reading database ... 25%
2026-10-07T04:27:44.9425915Z (Reading database ... 30%
2026-10-07T04:27:44.9426108Z (Reading database ... 35%
2026-10-07T04:27:44.9426332Z (Reading database ... 40%
2026-10-07T04:27:44.9426553Z (Reading database ... 45%
2026-10-07T04:27:44.9426768Z (Reading database ... 50%
2026-10-07T04:27:44.9463087Z (Reading database ... 55%
2026-10-07T04:27:45.0114621Z (Reading database ... 60%
2026-10-07T04:27:45.2152308Z (Reading database ... 65%
2026-10-07T04:27:45.4048745Z (Reading database ... 70%
2026-10-07T04:27:45.6076852Z (Reading database ... 75%
2026-10-07T04:27:45.7076473Z (Reading database ... 80%
2026-10-07T04:27:45.9061516Z (Reading database ... 85%
2026-10-07T04:27:46.0133121Z (Reading database ... 90%
2026-10-07T04:27:46.1698375Z (Reading database ... 95%
2026-10-07T04:27:46.1698787Z (Reading database ... 100%
2026-10-07T04:27:46.1699211Z (Reading database ... 202296 files and directories currently installed.)
2026-10-07T04:27:46.1735087Z Preparing to unpack .../000-libva2_2.20.0-2ubuntu0.2_amd64.deb ...
2026-10-07T04:27:46.1758708Z Unpacking libva2:amd64 (2.20.0-2ubuntu0.2) ...
2026-10-07T04:27:46.1948647Z Selecting previously unselected package libva-drm2:amd64.
2026-10-07T04:27:46.2043388Z Preparing to unpack .../001-libva-drm2_2.20.0-2ubuntu0.2_amd64.deb ...
2026-10-07T04:27:46.2048539Z Unpacking libva-drm2:amd64 (2.20.0-2ubuntu0.2) ...
2026-10-07T04:27:46.2208875Z Selecting previously unselected package libva-x11-2:amd64.
2026-10-07T04:27:46.2312642Z Preparing to unpack .../002-libva-x11-2_2.20.0-2ubuntu0.2_amd64.deb ...
2026-10-07T04:27:46.2317630Z Unpacking libva-x11-2:amd64 (2.20.0-2ubuntu0.2) ...
2026-10-07T04:27:46.2473675Z Selecting previously unselected package libvdpau1:amd64.
2026-10-07T04:27:46.2593703Z Preparing to unpack .../003-libvdpau1_1.5-2build1_amd64.deb ...
2026-10-07T04:27:46.2599217Z Unpacking libvdpau1:amd64 (1.5-2build1) ...
2026-10-07T04:27:46.2820561Z Selecting previously unselected package libvpl2.
2026-10-07T04:27:46.2950477Z Preparing to unpack .../004-libvpl2_2023.3.0-1build1_amd64.deb ...
2026-10-07T04:27:46.2969499Z Unpacking libvpl2 (2023.3.0-1build1) ...
2026-10-07T04:27:46.3180380Z Selecting previously unselected package ocl-icd-libopencl1:amd64.
2026-10-07T04:27:46.3271930Z Preparing to unpack .../005-ocl-icd-libopencl1_2.3.2-1build1_amd64.deb ...
2026-10-07T04:27:46.3277312Z Unpacking ocl-icd-libopencl1:amd64 (2.3.2-1build1) ...
2026-10-07T04:27:46.3573074Z Selecting previously unselected package libavutil58:amd64.
2026-10-07T04:27:46.3837202Z Preparing to unpack .../006-libavutil58_7%3a6.1.1-3ubuntu5_amd64.deb ...
2026-10-07T04:27:46.3856306Z Unpacking libavutil58:amd64 (7:6.1.1-3ubuntu5) ...
2026-10-07T04:27:46.4354258Z Selecting previously unselected package libcodec2-1.2:amd64.
2026-10-07T04:27:46.4640845Z Preparing to unpack .../007-libcodec2-1.2_1.2.0-2build1_amd64.deb ...
2026-10-07T04:27:46.4664107Z Unpacking libcodec2-1.2:amd64 (1.2.0-2build1) ...
2026-10-07T04:27:46.6195395Z Selecting previously unselected package libdav1d7:amd64.
2026-10-07T04:27:46.6417684Z Preparing to unpack .../008-libdav1d7_1.4.1-1build1_amd64.deb ...
2026-10-07T04:27:46.6432342Z Unpacking libdav1d7:amd64 (1.4.1-1build1) ...
2026-10-07T04:27:46.6811362Z Selecting previously unselected package libgsm1:amd64.
2026-10-07T04:27:46.6912946Z Preparing to unpack .../009-libgsm1_1.0.22-1build1_amd64.deb ...
2026-10-07T04:27:46.6919353Z Unpacking libgsm1:amd64 (1.0.22-1build1) ...
2026-10-07T04:27:46.7090083Z Selecting previously unselected package libhwy1t64:amd64.
2026-10-07T04:27:46.7188148Z Preparing to unpack .../010-libhwy1t64_1.0.7-8.1build1_amd64.deb ...
2026-10-07T04:27:46.7193640Z Unpacking libhwy1t64:amd64 (1.0.7-8.1build1) ...
2026-10-07T04:27:46.7473101Z Selecting previously unselected package libjxl0.7:amd64.
2026-10-07T04:27:46.7567716Z Preparing to unpack .../011-libjxl0.7_0.7.0-10.2ubuntu6.1_amd64.deb ...
2026-10-07T04:27:46.7573141Z Unpacking libjxl0.7:amd64 (0.7.0-10.2ubuntu6.1) ...
2026-10-07T04:27:46.7873784Z Selecting previously unselected package libmp3lame0:amd64.
2026-10-07T04:27:46.7975130Z Preparing to unpack .../012-libmp3lame0_3.100-6build1_amd64.deb ...
2026-10-07T04:27:46.7981948Z Unpacking libmp3lame0:amd64 (3.100-6build1) ...
2026-10-07T04:27:46.8165456Z Selecting previously unselected package libopus0:amd64.
2026-10-07T04:27:46.8263770Z Preparing to unpack .../013-libopus0_1.4-1build1_amd64.deb ...
2026-10-07T04:27:46.8270517Z Unpacking libopus0:amd64 (1.4-1build1) ...
2026-10-07T04:27:46.8448603Z Selecting previously unselected package librav1e0:amd64.
2026-10-07T04:27:46.8544569Z Preparing to unpack .../014-librav1e0_0.7.1-2_amd64.deb ...
2026-10-07T04:27:46.8550782Z Unpacking librav1e0:amd64 (0.7.1-2) ...
2026-10-07T04:27:46.8863177Z Selecting previously unselected package librsvg2-2:amd64.
2026-10-07T04:27:46.8959247Z Preparing to unpack .../015-librsvg2-2_2.58.0+dfsg-1ubuntu0.1_amd64.deb ...
2026-10-07T04:27:46.8965970Z Unpacking librsvg2-2:amd64 (2.58.0+dfsg-1ubuntu0.1) ...
2026-10-07T04:27:46.9591738Z Selecting previously unselected package libshine3:amd64.
2026-10-07T04:27:46.9692332Z Preparing to unpack .../016-libshine3_3.1.1-2build1_amd64.deb ...
2026-10-07T04:27:46.9698305Z Unpacking libshine3:amd64 (3.1.1-2build1) ...
2026-10-07T04:27:46.9866674Z Selecting previously unselected package libspeex1:amd64.
2026-10-07T04:27:46.9967170Z Preparing to unpack .../017-libspeex1_1.2.1-2ubuntu2.24.04.1_amd64.deb ...
2026-10-07T04:27:46.9973148Z Unpacking libspeex1:amd64 (1.2.1-2ubuntu2.24.04.1) ...
2026-10-07T04:27:47.0145745Z Selecting previously unselected package libsvtav1enc1d1:amd64.
2026-10-07T04:27:47.0245570Z Preparing to unpack .../018-libsvtav1enc1d1_1.7.0+dfsg-2build1_amd64.deb ...
2026-10-07T04:27:47.0251718Z Unpacking libsvtav1enc1d1:amd64 (1.7.0+dfsg-2build1) ...
2026-10-07T04:27:47.0895707Z Selecting previously unselected package libsoxr0:amd64.
2026-10-07T04:27:47.0993643Z Preparing to unpack .../019-libsoxr0_0.1.3-4build3_amd64.deb ...
2026-10-07T04:27:47.0999671Z Unpacking libsoxr0:amd64 (0.1.3-4build3) ...
2026-10-07T04:27:47.1170271Z Selecting previously unselected package libswresample4:amd64.
2026-10-07T04:27:47.1267573Z Preparing to unpack .../020-libswresample4_7%3a6.1.1-3ubuntu5_amd64.deb ...
2026-10-07T04:27:47.1273106Z Unpacking libswresample4:amd64 (7:6.1.1-3ubuntu5) ...
2026-10-07T04:27:47.1760640Z Selecting previously unselected package libtheora0:amd64.
2026-10-07T04:27:47.1858055Z Preparing to unpack .../021-libtheora0_1.1.1+dfsg.1-16.1build3_amd64.deb ...
2026-10-07T04:27:47.1865132Z Unpacking libtheora0:amd64 (1.1.1+dfsg.1-16.1build3) ...
2026-10-07T04:27:47.2059535Z Selecting previously unselected package libtwolame0:amd64.
2026-10-07T04:27:47.2158415Z Preparing to unpack .../022-libtwolame0_0.4.0-2build3_amd64.deb ...
2026-10-07T04:27:47.2165884Z Unpacking libtwolame0:amd64 (0.4.0-2build3) ...
2026-10-07T04:27:47.2335891Z Selecting previously unselected package libvorbisenc2:amd64.
2026-10-07T04:27:47.2432461Z Preparing to unpack .../023-libvorbisenc2_1.3.7-1build3_amd64.deb ...
2026-10-07T04:27:47.2440062Z Unpacking libvorbisenc2:amd64 (1.3.7-1build3) ...
2026-10-07T04:27:47.2616664Z Selecting previously unselected package libvpx9:amd64.
2026-10-07T04:27:47.2712403Z Preparing to unpack .../024-libvpx9_1.14.0-1ubuntu2.3_amd64.deb ...
2026-10-07T04:27:47.2719472Z Unpacking libvpx9:amd64 (1.14.0-1ubuntu2.3) ...
2026-10-07T04:27:47.3053022Z Selecting previously unselected package libx264-164:amd64.
2026-10-07T04:27:47.3151938Z Preparing to unpack .../025-libx264-164_2%3a0.164.3108+git31e19f9-1_amd64.deb ...
2026-10-07T04:27:47.3158651Z Unpacking libx264-164:amd64 (2:0.164.3108+git31e19f9-1) ...
2026-10-07T04:27:47.3401299Z Selecting previously unselected package libx265-199:amd64.
2026-10-07T04:27:47.3497587Z Preparing to unpack .../026-libx265-199_3.5-2build1_amd64.deb ...
2026-10-07T04:27:47.3503920Z Unpacking libx265-199:amd64 (3.5-2build1) ...
2026-10-07T04:27:47.4647708Z Selecting previously unselected package libxvidcore4:amd64.
2026-10-07T04:27:47.4774553Z Preparing to unpack .../027-libxvidcore4_2%3a1.3.7-1build1_amd64.deb ...
2026-10-07T04:27:47.4781446Z Unpacking libxvidcore4:amd64 (2:1.3.7-1build1) ...
2026-10-07T04:27:47.5020739Z Selecting previously unselected package libzvbi-common.
2026-10-07T04:27:47.5211391Z Preparing to unpack .../028-libzvbi-common_0.2.42-2_all.deb ...
2026-10-07T04:27:47.5230683Z Unpacking libzvbi-common (0.2.42-2) ...
2026-10-07T04:27:47.5722067Z Selecting previously unselected package libzvbi0t64:amd64.
2026-10-07T04:27:47.5876387Z Preparing to unpack .../029-libzvbi0t64_0.2.42-2_amd64.deb ...
2026-10-07T04:27:47.5883295Z Unpacking libzvbi0t64:amd64 (0.2.42-2) ...
2026-10-07T04:27:47.6080278Z Selecting previously unselected package libavcodec60:amd64.
2026-10-07T04:27:47.6178943Z Preparing to unpack .../030-libavcodec60_7%3a6.1.1-3ubuntu5_amd64.deb ...
2026-10-07T04:27:47.6185895Z Unpacking libavcodec60:amd64 (7:6.1.1-3ubuntu5) ...
2026-10-07T04:27:47.7479086Z Selecting previously unselected package libraw1394-11:amd64.
2026-10-07T04:27:47.7571411Z Preparing to unpack .../031-libraw1394-11_2.1.2-2build3_amd64.deb ...
2026-10-07T04:27:47.7577918Z Unpacking libraw1394-11:amd64 (2.1.2-2build3) ...
2026-10-07T04:27:47.7744529Z Selecting previously unselected package libavc1394-0:amd64.
2026-10-07T04:27:47.7841706Z Preparing to unpack .../032-libavc1394-0_0.5.4-5build3_amd64.deb ...
2026-10-07T04:27:47.7847771Z Unpacking libavc1394-0:amd64 (0.5.4-5build3) ...
2026-10-07T04:27:47.8012331Z Selecting previously unselected package libunibreak5:amd64.
2026-10-07T04:27:47.8106362Z Preparing to unpack .../033-libunibreak5_5.1-2build1_amd64.deb ...
2026-10-07T04:27:47.8112021Z Unpacking libunibreak5:amd64 (5.1-2build1) ...
2026-10-07T04:27:47.8272625Z Selecting previously unselected package libass9:amd64.
2026-10-07T04:27:47.8364420Z Preparing to unpack .../034-libass9_1%3a0.17.1-2build1_amd64.deb ...
2026-10-07T04:27:47.8370121Z Unpacking libass9:amd64 (1:0.17.1-2build1) ...
2026-10-07T04:27:47.8531446Z Selecting previously unselected package libudfread0:amd64.
2026-10-07T04:27:47.8621719Z Preparing to unpack .../035-libudfread0_1.1.2-1build1_amd64.deb ...
2026-10-07T04:27:47.8627983Z Unpacking libudfread0:amd64 (1.1.2-1build1) ...
2026-10-07T04:27:47.8792246Z Selecting previously unselected package libbluray2:amd64.
2026-10-07T04:27:47.8887564Z Preparing to unpack .../036-libbluray2_1%3a1.3.4-1build1_amd64.deb ...
2026-10-07T04:27:47.8893648Z Unpacking libbluray2:amd64 (1:1.3.4-1build1) ...
2026-10-07T04:27:47.9065900Z Selecting previously unselected package libchromaprint1:amd64.
2026-10-07T04:27:47.9160100Z Preparing to unpack .../037-libchromaprint1_1.5.1-5_amd64.deb ...
2026-10-07T04:27:47.9166022Z Unpacking libchromaprint1:amd64 (1.5.1-5) ...
2026-10-07T04:27:47.9353233Z Selecting previously unselected package libgme0:amd64.
2026-10-07T04:27:47.9444584Z Preparing to unpack .../038-libgme0_0.6.3-7build1_amd64.deb ...
2026-10-07T04:27:47.9449731Z Unpacking libgme0:amd64 (0.6.3-7build1) ...
2026-10-07T04:27:47.9611298Z Selecting previously unselected package libmpg123-0t64:amd64.
2026-10-07T04:27:47.9704471Z Preparing to unpack .../039-libmpg123-0t64_1.32.5-1ubuntu1.1_amd64.deb ...
2026-10-07T04:27:47.9710103Z Unpacking libmpg123-0t64:amd64 (1.32.5-1ubuntu1.1) ...
2026-10-07T04:27:47.9889598Z Selecting previously unselected package libopenmpt0t64:amd64.
2026-10-07T04:27:47.9987473Z Preparing to unpack .../040-libopenmpt0t64_0.7.3-1.1build3_amd64.deb ...
2026-10-07T04:27:47.9993100Z Unpacking libopenmpt0t64:amd64 (0.7.3-1.1build3) ...
2026-10-07T04:27:48.0199419Z Selecting previously unselected package libcjson1:amd64.
2026-10-07T04:27:48.0293603Z Preparing to unpack .../041-libcjson1_1.7.17-1_amd64.deb ...
2026-10-07T04:27:48.0299517Z Unpacking libcjson1:amd64 (1.7.17-1) ...
2026-10-07T04:27:48.0459606Z Selecting previously unselected package libmbedcrypto7t64:amd64.
2026-10-07T04:27:48.0550107Z Preparing to unpack .../042-libmbedcrypto7t64_2.28.8-1_amd64.deb ...
2026-10-07T04:27:48.0555924Z Unpacking libmbedcrypto7t64:amd64 (2.28.8-1) ...
2026-10-07T04:27:48.0737483Z Selecting previously unselected package librist4:amd64.
2026-10-07T04:27:48.0833396Z Preparing to unpack .../043-librist4_0.2.10+dfsg-2_amd64.deb ...
2026-10-07T04:27:48.0839355Z Unpacking librist4:amd64 (0.2.10+dfsg-2) ...
2026-10-07T04:27:48.1005758Z Selecting previously unselected package libsrt1.5-gnutls:amd64.
2026-10-07T04:27:48.1101062Z Preparing to unpack .../044-libsrt1.5-gnutls_1.5.3-1build2_amd64.deb ...
2026-10-07T04:27:48.1106497Z Unpacking libsrt1.5-gnutls:amd64 (1.5.3-1build2) ...
2026-10-07T04:27:48.1287431Z Selecting previously unselected package libssh-gcrypt-4:amd64.
2026-10-07T04:27:48.1379859Z Preparing to unpack .../045-libssh-gcrypt-4_0.10.6-2ubuntu0.5_amd64.deb ...
2026-10-07T04:27:48.1385411Z Unpacking libssh-gcrypt-4:amd64 (0.10.6-2ubuntu0.5) ...
2026-10-07T04:27:48.1593098Z Selecting previously unselected package libavformat60:amd64.
2026-10-07T04:27:48.1686300Z Preparing to unpack .../046-libavformat60_7%3a6.1.1-3ubuntu5_amd64.deb ...
2026-10-07T04:27:48.1694067Z Unpacking libavformat60:amd64 (7:6.1.1-3ubuntu5) ...
2026-10-07T04:27:48.1997075Z Selecting previously unselected package libbs2b0:amd64.
2026-10-07T04:27:48.2091464Z Preparing to unpack .../047-libbs2b0_3.1.0+dfsg-7build1_amd64.deb ...
2026-10-07T04:27:48.2097216Z Unpacking libbs2b0:amd64 (3.1.0+dfsg-7build1) ...
2026-10-07T04:27:48.2273882Z Selecting previously unselected package libflite1:amd64.
2026-10-07T04:27:48.2367929Z Preparing to unpack .../048-libflite1_2.2-6build3_amd64.deb ...
2026-10-07T04:27:48.2375242Z Unpacking libflite1:amd64 (2.2-6build3) ...
2026-10-07T04:27:48.3831069Z Selecting previously unselected package libserd-0-0:amd64.
2026-10-07T04:27:48.3928347Z Preparing to unpack .../049-libserd-0-0_0.32.2-1_amd64.deb ...
2026-10-07T04:27:48.3934071Z Unpacking libserd-0-0:amd64 (0.32.2-1) ...
2026-10-07T04:27:48.4099066Z Selecting previously unselected package libzix-0-0:amd64.
2026-10-07T04:27:48.4193220Z Preparing to unpack .../050-libzix-0-0_0.4.2-2build1_amd64.deb ...
2026-10-07T04:27:48.4199717Z Unpacking libzix-0-0:amd64 (0.4.2-2build1) ...
2026-10-07T04:27:48.4363562Z Selecting previously unselected package libsord-0-0:amd64.
2026-10-07T04:27:48.4455365Z Preparing to unpack .../051-libsord-0-0_0.16.16-2build1_amd64.deb ...
2026-10-07T04:27:48.4463629Z Unpacking libsord-0-0:amd64 (0.16.16-2build1) ...
2026-10-07T04:27:48.4622894Z Selecting previously unselected package libsratom-0-0:amd64.
2026-10-07T04:27:48.4715799Z Preparing to unpack .../052-libsratom-0-0_0.6.16-1build1_amd64.deb ...
2026-10-07T04:27:48.4721166Z Unpacking libsratom-0-0:amd64 (0.6.16-1build1) ...
2026-10-07T04:27:48.4882474Z Selecting previously unselected package liblilv-0-0:amd64.
2026-10-07T04:27:48.4976375Z Preparing to unpack .../053-liblilv-0-0_0.24.22-1build1_amd64.deb ...
2026-10-07T04:27:48.4982530Z Unpacking liblilv-0-0:amd64 (0.24.22-1build1) ...
2026-10-07T04:27:48.5144261Z Selecting previously unselected package libmysofa1:amd64.
2026-10-07T04:27:48.5234745Z Preparing to unpack .../054-libmysofa1_1.3.2+dfsg-2ubuntu2_amd64.deb ...
2026-10-07T04:27:48.5241136Z Unpacking libmysofa1:amd64 (1.3.2+dfsg-2ubuntu2) ...
2026-10-07T04:27:48.5425991Z Selecting previously unselected package libplacebo338:amd64.
2026-10-07T04:27:48.5513607Z Preparing to unpack .../055-libplacebo338_6.338.2-2build1_amd64.deb ...
2026-10-07T04:27:48.5519655Z Unpacking libplacebo338:amd64 (6.338.2-2build1) ...
2026-10-07T04:27:48.6253839Z Selecting previously unselected package libblas3:amd64.
2026-10-07T04:27:48.6350225Z Preparing to unpack .../056-libblas3_3.12.0-3build1.1_amd64.deb ...
2026-10-07T04:27:48.6375895Z Unpacking libblas3:amd64 (3.12.0-3build1.1) ...
2026-10-07T04:27:48.6571654Z Selecting previously unselected package liblapack3:amd64.
2026-10-07T04:27:48.6666125Z Preparing to unpack .../057-liblapack3_3.12.0-3build1.1_amd64.deb ...
2026-10-07T04:27:48.6690695Z Unpacking liblapack3:amd64 (3.12.0-3build1.1) ...
2026-10-07T04:27:48.7280420Z Selecting previously unselected package libasyncns0:amd64.
2026-10-07T04:27:48.7375666Z Preparing to unpack .../058-libasyncns0_0.8-6build4_amd64.deb ...
2026-10-07T04:27:48.7381935Z Unpacking libasyncns0:amd64 (0.8-6build4) ...
2026-10-07T04:27:48.7542818Z Selecting previously unselected package libflac12t64:amd64.
2026-10-07T04:27:48.7633413Z Preparing to unpack .../059-libflac12t64_1.4.3+ds-2.1ubuntu2_amd64.deb ...
2026-10-07T04:27:48.7639491Z Unpacking libflac12t64:amd64 (1.4.3+ds-2.1ubuntu2) ...
2026-10-07T04:27:48.7813391Z Selecting previously unselected package libsndfile1:amd64.
2026-10-07T04:27:48.7904655Z Preparing to unpack .../060-libsndfile1_1.2.2-1ubuntu5.24.04.1_amd64.deb ...
2026-10-07T04:27:48.7910705Z Unpacking libsndfile1:amd64 (1.2.2-1ubuntu5.24.04.1) ...
2026-10-07T04:27:48.9015649Z Selecting previously unselected package libpulse0:amd64.
2026-10-07T04:27:48.9165783Z Preparing to unpack .../061-libpulse0_1%3a16.1+dfsg1-2ubuntu10.1_amd64.deb ...
2026-10-07T04:27:48.9277554Z Unpacking libpulse0:amd64 (1:16.1+dfsg1-2ubuntu10.1) ...
2026-10-07T04:27:48.9841290Z Selecting previously unselected package libsphinxbase3t64:amd64.
2026-10-07T04:27:48.9941688Z Preparing to unpack .../062-libsphinxbase3t64_0.8+5prealpha+1-17build2_amd64.deb ...
2026-10-07T04:27:48.9949036Z Unpacking libsphinxbase3t64:amd64 (0.8+5prealpha+1-17build2) ...
2026-10-07T04:27:49.0128514Z Selecting previously unselected package libpocketsphinx3:amd64.
2026-10-07T04:27:49.0225378Z Preparing to unpack .../063-libpocketsphinx3_0.8.0+real5prealpha+1-15ubuntu5_amd64.deb ...
2026-10-07T04:27:49.0231933Z Unpacking libpocketsphinx3:amd64 (0.8.0+real5prealpha+1-15ubuntu5) ...
2026-10-07T04:27:49.0400996Z Selecting previously unselected package libpostproc57:amd64.
2026-10-07T04:27:49.0495096Z Preparing to unpack .../064-libpostproc57_7%3a6.1.1-3ubuntu5_amd64.deb ...
2026-10-07T04:27:49.0501887Z Unpacking libpostproc57:amd64 (7:6.1.1-3ubuntu5) ...
2026-10-07T04:27:49.0671374Z Selecting previously unselected package libsamplerate0:amd64.
2026-10-07T04:27:49.0762405Z Preparing to unpack .../065-libsamplerate0_0.2.2-4build1_amd64.deb ...
2026-10-07T04:27:49.0768827Z Unpacking libsamplerate0:amd64 (0.2.2-4build1) ...
2026-10-07T04:27:49.0963169Z Selecting previously unselected package librubberband2:amd64.
2026-10-07T04:27:49.1054631Z Preparing to unpack .../066-librubberband2_3.3.0+dfsg-2build1_amd64.deb ...
2026-10-07T04:27:49.1061162Z Unpacking librubberband2:amd64 (3.3.0+dfsg-2build1) ...
2026-10-07T04:27:49.1229720Z Selecting previously unselected package libswscale7:amd64.
2026-10-07T04:27:49.1319811Z Preparing to unpack .../067-libswscale7_7%3a6.1.1-3ubuntu5_amd64.deb ...
2026-10-07T04:27:49.1326192Z Unpacking libswscale7:amd64 (7:6.1.1-3ubuntu5) ...
2026-10-07T04:27:49.1501332Z Selecting previously unselected package libvidstab1.1:amd64.
2026-10-07T04:27:49.1592941Z Preparing to unpack .../068-libvidstab1.1_1.1.0-2build1_amd64.deb ...
2026-10-07T04:27:49.1598357Z Unpacking libvidstab1.1:amd64 (1.1.0-2build1) ...
2026-10-07T04:27:49.1759833Z Selecting previously unselected package libzimg2:amd64.
2026-10-07T04:27:49.1852924Z Preparing to unpack .../069-libzimg2_3.0.5+ds1-1build1_amd64.deb ...
2026-10-07T04:27:49.1859013Z Unpacking libzimg2:amd64 (3.0.5+ds1-1build1) ...
2026-10-07T04:27:49.2043040Z Selecting previously unselected package libavfilter9:amd64.
2026-10-07T04:27:49.2149716Z Preparing to unpack .../070-libavfilter9_7%3a6.1.1-3ubuntu5_amd64.deb ...
2026-10-07T04:27:49.2155629Z Unpacking libavfilter9:amd64 (7:6.1.1-3ubuntu5) ...
2026-10-07T04:27:49.3219140Z Selecting previously unselected package libcaca0:amd64.
2026-10-07T04:27:49.3314238Z Preparing to unpack .../071-libcaca0_0.99.beta20-4ubuntu0.2_amd64.deb ...
2026-10-07T04:27:49.3320165Z Unpacking libcaca0:amd64 (0.99.beta20-4ubuntu0.2) ...
2026-10-07T04:27:49.3509141Z Selecting previously unselected package libcdio19t64:amd64.
2026-10-07T04:27:49.3603054Z Preparing to unpack .../072-libcdio19t64_2.1.0-4.1ubuntu1.2_amd64.deb ...
2026-10-07T04:27:49.3609549Z Unpacking libcdio19t64:amd64 (2.1.0-4.1ubuntu1.2) ...
2026-10-07T04:27:49.3778331Z Selecting previously unselected package libcdio-cdda2t64:amd64.
2026-10-07T04:27:49.3873075Z Preparing to unpack .../073-libcdio-cdda2t64_10.2+2.0.1-1.1build2_amd64.deb ...
2026-10-07T04:27:49.3879496Z Unpacking libcdio-cdda2t64:amd64 (10.2+2.0.1-1.1build2) ...
2026-10-07T04:27:49.4043121Z Selecting previously unselected package libcdio-paranoia2t64:amd64.
2026-10-07T04:27:49.4134815Z Preparing to unpack .../074-libcdio-paranoia2t64_10.2+2.0.1-1.1build2_amd64.deb ...
2026-10-07T04:27:49.4142063Z Unpacking libcdio-paranoia2t64:amd64 (10.2+2.0.1-1.1build2) ...
2026-10-07T04:27:49.4303023Z Selecting previously unselected package libdc1394-25:amd64.
2026-10-07T04:27:49.4393084Z Preparing to unpack .../075-libdc1394-25_2.2.6-4build1_amd64.deb ...
2026-10-07T04:27:49.4399705Z Unpacking libdc1394-25:amd64 (2.2.6-4build1) ...
2026-10-07T04:27:49.4560795Z Selecting previously unselected package libiec61883-0:amd64.
2026-10-07T04:27:49.4648193Z Preparing to unpack .../076-libiec61883-0_1.2.0-6build1_amd64.deb ...
2026-10-07T04:27:49.4654299Z Unpacking libiec61883-0:amd64 (1.2.0-6build1) ...
2026-10-07T04:27:49.4815720Z Selecting previously unselected package libjack-jackd2-0:amd64.
2026-10-07T04:27:49.4907430Z Preparing to unpack .../077-libjack-jackd2-0_1.9.21~dfsg-3ubuntu3_amd64.deb ...
2026-10-07T04:27:49.4914028Z Unpacking libjack-jackd2-0:amd64 (1.9.21~dfsg-3ubuntu3) ...
2026-10-07T04:27:49.5104079Z Selecting previously unselected package libopenal-data.
2026-10-07T04:27:49.5192384Z Preparing to unpack .../078-libopenal-data_1%3a1.23.1-4build1_all.deb ...
2026-10-07T04:27:49.5199219Z Unpacking libopenal-data (1:1.23.1-4build1) ...
2026-10-07T04:27:49.5373530Z Selecting previously unselected package libsndio7.0:amd64.
2026-10-07T04:27:49.5459294Z Preparing to unpack .../079-libsndio7.0_1.9.0-0.3build3_amd64.deb ...
2026-10-07T04:27:49.5465326Z Unpacking libsndio7.0:amd64 (1.9.0-0.3build3) ...
2026-10-07T04:27:49.5629060Z Selecting previously unselected package libopenal1:amd64.
2026-10-07T04:27:49.5765981Z Preparing to unpack .../080-libopenal1_1%3a1.23.1-4build1_amd64.deb ...
2026-10-07T04:27:49.5772340Z Unpacking libopenal1:amd64 (1:1.23.1-4build1) ...
2026-10-07T04:27:49.6647338Z Selecting previously unselected package libdecor-0-0:amd64.
2026-10-07T04:27:49.6739785Z Preparing to unpack .../081-libdecor-0-0_0.2.2-1build2_amd64.deb ...
2026-10-07T04:27:49.6746124Z Unpacking libdecor-0-0:amd64 (0.2.2-1build2) ...
2026-10-07T04:27:49.7005153Z Preparing to unpack .../082-libgl1-mesa-dri_25.2.8-0ubuntu0.24.04.4_amd64.deb ...
2026-10-07T04:27:50.0552487Z Unpacking libgl1-mesa-dri:amd64 (25.2.8-0ubuntu0.24.04.4) over (25.2.8-0ubuntu0.24.04.2) ...
2026-10-07T04:27:50.0960933Z Preparing to unpack .../083-libglx-mesa0_25.2.8-0ubuntu0.24.04.4_amd64.deb ...
2026-10-07T04:27:50.0979122Z Unpacking libglx-mesa0:amd64 (25.2.8-0ubuntu0.24.04.4) over (25.2.8-0ubuntu0.24.04.2) ...
2026-10-07T04:27:50.1293343Z Preparing to unpack .../084-libgbm1_25.2.8-0ubuntu0.24.04.4_amd64.deb ...
2026-10-07T04:27:50.1311562Z Unpacking libgbm1:amd64 (25.2.8-0ubuntu0.24.04.4) over (25.2.8-0ubuntu0.24.04.2) ...
2026-10-07T04:27:50.1609279Z Preparing to unpack .../085-mesa-libgallium_25.2.8-0ubuntu0.24.04.4_amd64.deb ...
2026-10-07T04:27:50.1629998Z Unpacking mesa-libgallium:amd64 (25.2.8-0ubuntu0.24.04.4) over (25.2.8-0ubuntu0.24.04.2) ...
2026-10-07T04:27:50.4805012Z Selecting previously unselected package libsdl2-2.0-0:amd64.
2026-10-07T04:27:50.4908700Z Preparing to unpack .../086-libsdl2-2.0-0_2.30.0+dfsg-1ubuntu3.1_amd64.deb ...
2026-10-07T04:27:50.4916060Z Unpacking libsdl2-2.0-0:amd64 (2.30.0+dfsg-1ubuntu3.1) ...
2026-10-07T04:27:50.5205500Z Selecting previously unselected package libxcb-shape0:amd64.
2026-10-07T04:27:50.5299228Z Preparing to unpack .../087-libxcb-shape0_1.15-1ubuntu2_amd64.deb ...
2026-10-07T04:27:50.5305432Z Unpacking libxcb-shape0:amd64 (1.15-1ubuntu2) ...
2026-10-07T04:27:50.5472119Z Selecting previously unselected package libxv1:amd64.
2026-10-07T04:27:50.5565752Z Preparing to unpack .../088-libxv1_2%3a1.0.11-1.1build1_amd64.deb ...
2026-10-07T04:27:50.5572516Z Unpacking libxv1:amd64 (2:1.0.11-1.1build1) ...
2026-10-07T04:27:50.5774879Z Selecting previously unselected package libavdevice60:amd64.
2026-10-07T04:27:50.5868427Z Preparing to unpack .../089-libavdevice60_7%3a6.1.1-3ubuntu5_amd64.deb ...
2026-10-07T04:27:50.5874142Z Unpacking libavdevice60:amd64 (7:6.1.1-3ubuntu5) ...
2026-10-07T04:27:50.6042024Z Selecting previously unselected package ffmpeg.
2026-10-07T04:27:50.6134362Z Preparing to unpack .../090-ffmpeg_7%3a6.1.1-3ubuntu5_amd64.deb ...
2026-10-07T04:27:50.6140165Z Unpacking ffmpeg (7:6.1.1-3ubuntu5) ...
2026-10-07T04:27:50.6455753Z Selecting previously unselected package libigdgmm12:amd64.
2026-10-07T04:27:50.6552167Z Preparing to unpack .../091-libigdgmm12_22.3.17+ds1-1ubuntu1_amd64.deb ...
2026-10-07T04:27:50.6557765Z Unpacking libigdgmm12:amd64 (22.3.17+ds1-1ubuntu1) ...
2026-10-07T04:27:50.6733387Z Selecting previously unselected package intel-media-va-driver:amd64.
2026-10-07T04:27:50.6828748Z Preparing to unpack .../092-intel-media-va-driver_24.1.0+dfsg1-1ubuntu0.2_amd64.deb ...
2026-10-07T04:27:50.6839888Z Unpacking intel-media-va-driver:amd64 (24.1.0+dfsg1-1ubuntu0.2) ...
2026-10-07T04:27:50.7902123Z Selecting previously unselected package libaacs0:amd64.
2026-10-07T04:27:50.8000590Z Preparing to unpack .../093-libaacs0_0.11.1-2build1_amd64.deb ...
2026-10-07T04:27:50.8006166Z Unpacking libaacs0:amd64 (0.11.1-2build1) ...
2026-10-07T04:27:50.8180229Z Selecting previously unselected package libbdplus0:amd64.
2026-10-07T04:27:50.8275974Z Preparing to unpack .../094-libbdplus0_0.2.0-3build1_amd64.deb ...
2026-10-07T04:27:50.8286466Z Unpacking libbdplus0:amd64 (0.2.0-3build1) ...
2026-10-07T04:27:50.8451169Z Selecting previously unselected package libdecor-0-plugin-1-gtk:amd64.
2026-10-07T04:27:50.8547814Z Preparing to unpack .../095-libdecor-0-plugin-1-gtk_0.2.2-1build2_amd64.deb ...
2026-10-07T04:27:50.8554046Z Unpacking libdecor-0-plugin-1-gtk:amd64 (0.2.2-1build2) ...
2026-10-07T04:27:50.8714115Z Selecting previously unselected package librsvg2-common:amd64.
2026-10-07T04:27:50.8810417Z Preparing to unpack .../096-librsvg2-common_2.58.0+dfsg-1ubuntu0.1_amd64.deb ...
2026-10-07T04:27:50.8817704Z Unpacking librsvg2-common:amd64 (2.58.0+dfsg-1ubuntu0.1) ...
2026-10-07T04:27:50.9049416Z Selecting previously unselected package mesa-va-drivers:amd64.
2026-10-07T04:27:50.9146932Z Preparing to unpack .../097-mesa-va-drivers_25.2.8-0ubuntu0.24.04.4_amd64.deb ...
2026-10-07T04:27:50.9156430Z Unpacking mesa-va-drivers:amd64 (25.2.8-0ubuntu0.24.04.4) ...
2026-10-07T04:27:50.9320533Z Selecting previously unselected package mesa-vdpau-drivers:amd64.
2026-10-07T04:27:50.9417644Z Preparing to unpack .../098-mesa-vdpau-drivers_25.2.8-0ubuntu0.24.04.4_amd64.deb ...
2026-10-07T04:27:50.9423081Z Unpacking mesa-vdpau-drivers:amd64 (25.2.8-0ubuntu0.24.04.4) ...
2026-10-07T04:27:50.9598277Z Selecting previously unselected package i965-va-driver:amd64.
2026-10-07T04:27:50.9696009Z Preparing to unpack .../099-i965-va-driver_2.4.1+dfsg1-1ubuntu0.2_amd64.deb ...
2026-10-07T04:27:50.9702049Z Unpacking i965-va-driver:amd64 (2.4.1+dfsg1-1ubuntu0.2) ...
2026-10-07T04:27:50.9941266Z Selecting previously unselected package va-driver-all:amd64.
2026-10-07T04:27:51.0039202Z Preparing to unpack .../100-va-driver-all_2.20.0-2ubuntu0.2_amd64.deb ...
2026-10-07T04:27:51.0045882Z Unpacking va-driver-all:amd64 (2.20.0-2ubuntu0.2) ...
2026-10-07T04:27:51.0218228Z Selecting previously unselected package vdpau-driver-all:amd64.
2026-10-07T04:27:51.0315442Z Preparing to unpack .../101-vdpau-driver-all_1.5-2build1_amd64.deb ...
2026-10-07T04:27:51.0321366Z Unpacking vdpau-driver-all:amd64 (1.5-2build1) ...
2026-10-07T04:27:51.0487152Z Selecting previously unselected package pocketsphinx-en-us.
2026-10-07T04:27:51.0584866Z Preparing to unpack .../102-pocketsphinx-en-us_0.8.0+real5prealpha+1-15ubuntu5_all.deb ...
2026-10-07T04:27:51.0590639Z Unpacking pocketsphinx-en-us (0.8.0+real5prealpha+1-15ubuntu5) ...
2026-10-07T04:27:51.3264947Z Setting up libgme0:amd64 (0.6.3-7build1) ...
2026-10-07T04:27:51.3282742Z Setting up libchromaprint1:amd64 (1.5.1-5) ...
2026-10-07T04:27:51.3298366Z Setting up libssh-gcrypt-4:amd64 (0.10.6-2ubuntu0.5) ...
2026-10-07T04:27:51.3311618Z Setting up libhwy1t64:amd64 (1.0.7-8.1build1) ...
2026-10-07T04:27:51.3327810Z Setting up libudfread0:amd64 (1.1.2-1build1) ...
2026-10-07T04:27:51.3342298Z Setting up mesa-libgallium:amd64 (25.2.8-0ubuntu0.24.04.4) ...
2026-10-07T04:27:51.3357279Z Setting up libraw1394-11:amd64 (2.1.2-2build3) ...
2026-10-07T04:27:51.3370507Z Setting up libspeex1:amd64 (1.2.1-2ubuntu2.24.04.1) ...
2026-10-07T04:27:51.3384860Z Setting up libshine3:amd64 (3.1.1-2build1) ...
2026-10-07T04:27:51.3400251Z Setting up libcaca0:amd64 (0.99.beta20-4ubuntu0.2) ...
2026-10-07T04:27:51.3415813Z Setting up libvpl2 (2023.3.0-1build1) ...
2026-10-07T04:27:51.3434034Z Setting up libx264-164:amd64 (2:0.164.3108+git31e19f9-1) ...
2026-10-07T04:27:51.3447360Z Setting up libtwolame0:amd64 (0.4.0-2build3) ...
2026-10-07T04:27:51.3461422Z Setting up libmbedcrypto7t64:amd64 (2.28.8-1) ...
2026-10-07T04:27:51.3476724Z Setting up libgbm1:amd64 (25.2.8-0ubuntu0.24.04.4) ...
2026-10-07T04:27:51.3490553Z Setting up libgsm1:amd64 (1.0.22-1build1) ...
2026-10-07T04:27:51.3505901Z Setting up libsoxr0:amd64 (0.1.3-4build3) ...
2026-10-07T04:27:51.3518765Z Setting up libzix-0-0:amd64 (0.4.2-2build1) ...
2026-10-07T04:27:51.3534125Z Setting up libcodec2-1.2:amd64 (1.2.0-2build1) ...
2026-10-07T04:27:51.3549637Z Setting up libgl1-mesa-dri:amd64 (25.2.8-0ubuntu0.24.04.4) ...
2026-10-07T04:27:51.3605081Z Setting up libmysofa1:amd64 (1.3.2+dfsg-2ubuntu2) ...
2026-10-07T04:27:51.3620943Z Setting up libxcb-shape0:amd64 (1.15-1ubuntu2) ...
2026-10-07T04:27:51.3634693Z Setting up libcdio19t64:amd64 (2.1.0-4.1ubuntu1.2) ...
2026-10-07T04:27:51.3655886Z Setting up libsvtav1enc1d1:amd64 (1.7.0+dfsg-2build1) ...
2026-10-07T04:27:51.3671452Z Setting up libigdgmm12:amd64 (22.3.17+ds1-1ubuntu1) ...
2026-10-07T04:27:51.3685061Z Setting up libmpg123-0t64:amd64 (1.32.5-1ubuntu1.1) ...
2026-10-07T04:27:51.3702873Z Setting up libcjson1:amd64 (1.7.17-1) ...
2026-10-07T04:27:51.3731397Z Setting up libxvidcore4:amd64 (2:1.3.7-1build1) ...
2026-10-07T04:27:51.3747194Z Setting up librav1e0:amd64 (0.7.1-2) ...
2026-10-07T04:27:51.3770525Z Setting up libcdio-cdda2t64:amd64 (10.2+2.0.1-1.1build2) ...
2026-10-07T04:27:51.3781029Z Setting up librist4:amd64 (0.2.10+dfsg-2) ...
2026-10-07T04:27:51.3797151Z Setting up librsvg2-2:amd64 (2.58.0+dfsg-1ubuntu0.1) ...
2026-10-07T04:27:51.3810807Z Setting up libblas3:amd64 (3.12.0-3build1.1) ...
2026-10-07T04:27:51.3856160Z update-alternatives: using /usr/lib/x86_64-linux-gnu/blas/libblas.so.3 to provide /usr/lib/x86_64-linux-gnu/libblas.so.3 (libblas.so.3-x86_64-linux-gnu) in auto mode
2026-10-07T04:27:51.3871041Z Setting up libplacebo338:amd64 (6.338.2-2build1) ...
2026-10-07T04:27:51.3885776Z Setting up libva2:amd64 (2.20.0-2ubuntu0.2) ...
2026-10-07T04:27:51.3902379Z Setting up libopus0:amd64 (1.4-1build1) ...
2026-10-07T04:27:51.3916243Z Setting up libcdio-paranoia2t64:amd64 (10.2+2.0.1-1.1build2) ...
2026-10-07T04:27:51.3930617Z Setting up libdc1394-25:amd64 (2.2.6-4build1) ...
2026-10-07T04:27:51.3946161Z Setting up intel-media-va-driver:amd64 (24.1.0+dfsg1-1ubuntu0.2) ...
2026-10-07T04:27:51.3959512Z Setting up libxv1:amd64 (2:1.0.11-1.1build1) ...
2026-10-07T04:27:51.3974175Z Setting up libunibreak5:amd64 (5.1-2build1) ...
2026-10-07T04:27:51.3989473Z Setting up libaacs0:amd64 (0.11.1-2build1) ...
2026-10-07T04:27:51.4004137Z Setting up libjxl0.7:amd64 (0.7.0-10.2ubuntu6.1) ...
2026-10-07T04:27:51.4020978Z Setting up librsvg2-common:amd64 (2.58.0+dfsg-1ubuntu0.1) ...
2026-10-07T04:27:51.4066222Z Setting up pocketsphinx-en-us (0.8.0+real5prealpha+1-15ubuntu5) ...
2026-10-07T04:27:51.4082069Z Setting up libx265-199:amd64 (3.5-2build1) ...
2026-10-07T04:27:51.4095921Z Setting up libsndio7.0:amd64 (1.9.0-0.3build3) ...
2026-10-07T04:27:51.4110613Z Setting up libbdplus0:amd64 (0.2.0-3build1) ...
2026-10-07T04:27:51.4126484Z Setting up libvidstab1.1:amd64 (1.1.0-2build1) ...
2026-10-07T04:27:51.4140479Z Setting up libvpx9:amd64 (1.14.0-1ubuntu2.3) ...
2026-10-07T04:27:51.4154195Z Setting up libsrt1.5-gnutls:amd64 (1.5.3-1build2) ...
2026-10-07T04:27:51.4170785Z Setting up libflite1:amd64 (2.2-6build3) ...
2026-10-07T04:27:51.4184783Z Setting up libdav1d7:amd64 (1.4.1-1build1) ...
2026-10-07T04:27:51.4200539Z Setting up libva-drm2:amd64 (2.20.0-2ubuntu0.2) ...
2026-10-07T04:27:51.4215133Z Setting up ocl-icd-libopencl1:amd64 (2.3.2-1build1) ...
2026-10-07T04:27:51.4234851Z Setting up libasyncns0:amd64 (0.8-6build4) ...
2026-10-07T04:27:51.4250530Z Setting up libvdpau1:amd64 (1.5-2build1) ...
2026-10-07T04:27:51.4269927Z Setting up libbs2b0:amd64 (3.1.0+dfsg-7build1) ...
2026-10-07T04:27:51.4286648Z Setting up libtheora0:amd64 (1.1.1+dfsg.1-16.1build3) ...
2026-10-07T04:27:51.4300626Z Setting up libdecor-0-0:amd64 (0.2.2-1build2) ...
2026-10-07T04:27:51.4315010Z Setting up libzimg2:amd64 (3.0.5+ds1-1build1) ...
2026-10-07T04:27:51.4332778Z Setting up libopenal-data (1:1.23.1-4build1) ...
2026-10-07T04:27:51.4352270Z Setting up libflac12t64:amd64 (1.4.3+ds-2.1ubuntu2) ...
2026-10-07T04:27:51.4368028Z Setting up mesa-va-drivers:amd64 (25.2.8-0ubuntu0.24.04.4) ...
2026-10-07T04:27:51.4382692Z Setting up libbluray2:amd64 (1:1.3.4-1build1) ...
2026-10-07T04:27:51.4397037Z Setting up libsamplerate0:amd64 (0.2.2-4build1) ...
2026-10-07T04:27:51.4412776Z Setting up libva-x11-2:amd64 (2.20.0-2ubuntu0.2) ...
2026-10-07T04:27:51.4427835Z Setting up libdecor-0-plugin-1-gtk:amd64 (0.2.2-1build2) ...
2026-10-07T04:27:51.4441912Z Setting up libopenmpt0t64:amd64 (0.7.3-1.1build3) ...
2026-10-07T04:27:51.4457904Z Setting up libzvbi-common (0.2.42-2) ...
2026-10-07T04:27:51.4471927Z Setting up libmp3lame0:amd64 (3.100-6build1) ...
2026-10-07T04:27:51.4489102Z Setting up i965-va-driver:amd64 (2.4.1+dfsg1-1ubuntu0.2) ...
2026-10-07T04:27:51.4503425Z Setting up libvorbisenc2:amd64 (1.3.7-1build3) ...
2026-10-07T04:27:51.4517575Z Setting up libiec61883-0:amd64 (1.2.0-6build1) ...
2026-10-07T04:27:51.4536696Z Setting up libserd-0-0:amd64 (0.32.2-1) ...
2026-10-07T04:27:51.4553564Z Setting up libavc1394-0:amd64 (0.5.4-5build3) ...
2026-10-07T04:27:51.4567824Z Setting up mesa-vdpau-drivers:amd64 (25.2.8-0ubuntu0.24.04.4) ...
2026-10-07T04:27:51.4583720Z Setting up liblapack3:amd64 (3.12.0-3build1.1) ...
2026-10-07T04:27:51.4628456Z update-alternatives: using /usr/lib/x86_64-linux-gnu/lapack/liblapack.so.3 to provide /usr/lib/x86_64-linux-gnu/liblapack.so.3 (liblapack.so.3-x86_64-linux-gnu) in auto mode
2026-10-07T04:27:51.4641713Z Setting up libglx-mesa0:amd64 (25.2.8-0ubuntu0.24.04.4) ...
2026-10-07T04:27:51.4660963Z Setting up libzvbi0t64:amd64 (0.2.42-2) ...
2026-10-07T04:27:51.4675027Z Setting up libavutil58:amd64 (7:6.1.1-3ubuntu5) ...
2026-10-07T04:27:51.4691678Z Setting up libopenal1:amd64 (1:1.23.1-4build1) ...
2026-10-07T04:27:51.4705588Z Setting up libass9:amd64 (1:0.17.1-2build1) ...
2026-10-07T04:27:51.5778332Z Setting up libswresample4:amd64 (7:6.1.1-3ubuntu5) ...
2026-10-07T04:27:51.5794522Z Setting up va-driver-all:amd64 (2.20.0-2ubuntu0.2) ...
2026-10-07T04:27:51.5813321Z Setting up libavcodec60:amd64 (7:6.1.1-3ubuntu5) ...
2026-10-07T04:27:51.5829467Z Setting up librubberband2:amd64 (3.3.0+dfsg-2build1) ...
2026-10-07T04:27:51.5846498Z Setting up libjack-jackd2-0:amd64 (1.9.21~dfsg-3ubuntu3) ...
2026-10-07T04:27:51.5861019Z Setting up vdpau-driver-all:amd64 (1.5-2build1) ...
2026-10-07T04:27:51.5876074Z Setting up libsord-0-0:amd64 (0.16.16-2build1) ...
2026-10-07T04:27:51.5892763Z Setting up libpostproc57:amd64 (7:6.1.1-3ubuntu5) ...
2026-10-07T04:27:51.5907510Z Setting up libsratom-0-0:amd64 (0.6.16-1build1) ...
2026-10-07T04:27:51.5930079Z Setting up libsndfile1:amd64 (1.2.2-1ubuntu5.24.04.1) ...
2026-10-07T04:27:51.5946936Z Setting up liblilv-0-0:amd64 (0.24.22-1build1) ...
2026-10-07T04:27:51.5961446Z Setting up libswscale7:amd64 (7:6.1.1-3ubuntu5) ...
2026-10-07T04:27:51.5978430Z Setting up libpulse0:amd64 (1:16.1+dfsg1-2ubuntu10.1) ...
2026-10-07T04:27:51.6035948Z Setting up libavformat60:amd64 (7:6.1.1-3ubuntu5) ...
2026-10-07T04:27:51.6051970Z Setting up libsphinxbase3t64:amd64 (0.8+5prealpha+1-17build2) ...
2026-10-07T04:27:51.6065957Z Setting up libsdl2-2.0-0:amd64 (2.30.0+dfsg-1ubuntu3.1) ...
2026-10-07T04:27:51.6081127Z Setting up libpocketsphinx3:amd64 (0.8.0+real5prealpha+1-15ubuntu5) ...
2026-10-07T04:27:51.6098351Z Setting up libavfilter9:amd64 (7:6.1.1-3ubuntu5) ...
2026-10-07T04:27:51.6112955Z Setting up libavdevice60:amd64 (7:6.1.1-3ubuntu5) ...
2026-10-07T04:27:51.6129431Z Setting up ffmpeg (7:6.1.1-3ubuntu5) ...
2026-10-07T04:27:51.6147957Z Processing triggers for man-db (2.12.0-4build2) ...
2026-10-07T04:27:51.6167532Z Not building database; man-db/auto-update is not 'true'.
2026-10-07T04:27:51.6181010Z Processing triggers for libgdk-pixbuf-2.0-0:amd64 (2.42.10+dfsg-3ubuntu3.3) ...
2026-10-07T04:27:51.6795077Z Processing triggers for libc-bin (2.39-0ubuntu8.9) ...
2026-10-07T04:27:52.3582272Z 
2026-10-07T04:27:52.3582724Z Running kernel seems to be up-to-date.
2026-10-07T04:27:52.3582895Z 
2026-10-07T04:27:52.3582962Z No services need to be restarted.
2026-10-07T04:27:52.3583069Z 
2026-10-07T04:27:52.3583132Z No containers need to be restarted.
2026-10-07T04:27:52.3583238Z 
2026-10-07T04:27:52.3583311Z No user sessions are running outdated binaries.
2026-10-07T04:27:52.3583432Z 
2026-10-07T04:27:52.3583574Z No VM guests are running outdated hypervisor (qemu) binaries on this host.
2026-10-07T04:27:53.4863296Z ##[group]Run cargo test -p hydrus-core -p hydrus-download -p hydrus-downloader-exchange -p hydrus-gui-model -p hydrus-net -p hydrus-search -p hydrus-store --locked --no-fail-fast
2026-10-07T04:27:53.4864069Z [36;1mcargo test -p hydrus-core -p hydrus-download -p hydrus-downloader-exchange -p hydrus-gui-model -p hydrus-net -p hydrus-search -p hydrus-store --locked --no-fail-fast[0m
2026-10-07T04:27:53.4915952Z shell: /usr/bin/bash -e {0}
2026-10-07T04:27:53.4916112Z env:
2026-10-07T04:27:53.4916233Z   CARGO_TERM_COLOR: always
2026-10-07T04:27:53.4916374Z   RUSTFLAGS: -D warnings
2026-10-07T04:27:53.4916509Z   CARGO_HOME: /home/runner/.cargo
2026-10-07T04:27:53.4916654Z   CARGO_INCREMENTAL: 0
2026-10-07T04:27:53.4916780Z   CACHE_ON_FAILURE: true
2026-10-07T04:27:53.4916907Z   CARGO_BUILD_JOBS: 2
2026-10-07T04:27:53.4917032Z ##[endgroup]
2026-10-07T04:27:54.0969569Z [1m[92m    Updating[0m crates.io index
2026-10-07T04:27:55.4557222Z [1m[92m   Compiling[0m hydrus-core v0.1.0 (/home/runner/work/hydrus-mine/hydrus-mine/crates/hydrus-core)
2026-10-07T04:27:55.4570077Z [1m[92m   Compiling[0m hydrus-testkit v0.1.0 (/home/runner/work/hydrus-mine/hydrus-mine/crates/hydrus-testkit)
2026-10-07T04:28:01.0139624Z [1m[92m   Compiling[0m hydrus-parse v0.1.0 (/home/runner/work/hydrus-mine/hydrus-mine/crates/hydrus-parse)
2026-10-07T04:28:02.0357927Z [1m[92m   Compiling[0m hydrus-legacy v0.1.0 (/home/runner/work/hydrus-mine/hydrus-mine/crates/hydrus-legacy)
2026-10-07T04:28:02.6614114Z [1m[92m   Compiling[0m hydrus-media v0.1.0 (/home/runner/work/hydrus-mine/hydrus-mine/crates/hydrus-media)
2026-10-07T04:28:06.2043256Z [1m[92m   Compiling[0m hydrus-store v0.1.0 (/home/runner/work/hydrus-mine/hydrus-mine/crates/hydrus-store)
2026-10-07T04:28:19.4846796Z [1m[92m   Compiling[0m hydrus-downloader-exchange v0.1.0 (/home/runner/work/hydrus-mine/hydrus-mine/crates/hydrus-downloader-exchange)
2026-10-07T04:28:20.5896754Z [1m[92m   Compiling[0m hydrus-search v0.1.0 (/home/runner/work/hydrus-mine/hydrus-mine/crates/hydrus-search)
2026-10-07T04:28:22.7941320Z [1m[92m   Compiling[0m hydrus-net v0.1.0 (/home/runner/work/hydrus-mine/hydrus-mine/crates/hydrus-net)
2026-10-07T04:28:24.0797428Z [1m[92m   Compiling[0m hydrus-import v0.1.0 (/home/runner/work/hydrus-mine/hydrus-mine/crates/hydrus-import)
2026-10-07T04:28:24.8683535Z [1m[92m   Compiling[0m hydrus-download v0.1.0 (/home/runner/work/hydrus-mine/hydrus-mine/crates/hydrus-download)
2026-10-07T04:28:27.8583720Z [1m[92m   Compiling[0m hydrus-duplicates v0.1.0 (/home/runner/work/hydrus-mine/hydrus-mine/crates/hydrus-duplicates)
2026-10-07T04:28:28.4813168Z [1m[92m   Compiling[0m hydrus-gui-model v0.1.0 (/home/runner/work/hydrus-mine/hydrus-mine/crates/hydrus-gui-model)
2026-10-07T04:29:12.2972271Z [1m[92m    Finished[0m `test` profile [unoptimized + debuginfo] target(s) in 1m 18s
2026-10-07T04:29:12.3319702Z [1m[92m     Running[0m unittests src/lib.rs (target/debug/deps/hydrus_core-07b2b0806401ed67)
2026-10-07T04:29:12.3335632Z 
2026-10-07T04:29:12.3335715Z running 89 tests
2026-10-07T04:29:12.3346294Z test bandwidth::tests::a_one_per_second_rule_waits_for_the_next_second ... ok
2026-10-07T04:29:12.3346822Z test bandwidth::tests::a_daily_limit_holds_until_usage_ages_out ... ok
2026-10-07T04:29:12.3347247Z test bandwidth::tests::calendar_buckets_are_utc ... ok
2026-10-07T04:29:12.3347584Z test bandwidth::tests::gallery_tokens_space_out_each_site ... ok
2026-10-07T04:29:12.3347912Z test casefold::tests::the_table_is_sorted ... ok
2026-10-07T04:29:12.3363507Z test bandwidth::tests::specific_rules_replace_the_default ... ok
2026-10-07T04:29:12.3363898Z test casefold::tests::folds_as_python_does ... ok
2026-10-07T04:29:12.3364175Z test hash::tests::hex_round_trip ... ok
2026-10-07T04:29:12.3364518Z test content::tests::canvas_codes_match_reference_implementation ... ok
2026-10-07T04:29:12.3364955Z test content::tests::timestamp_codes_match_reference_implementation ... ok
2026-10-07T04:29:12.3366332Z test hash::tests::perceptual_distance ... ok
2026-10-07T04:29:12.3366707Z test hash::tests::rejects_bad_hashes ... ok
2026-10-07T04:29:12.3367280Z test import_options::tests::presentation_shows_files_as_the_reference_s_does ... ok
2026-10-07T04:29:12.3370217Z test import_options::tests::layers_most_specific_first ... ok
2026-10-07T04:29:12.3370669Z test import_options::tests::vetoes_like_the_reference ... ok
2026-10-07T04:29:12.3371192Z test media_viewer::tests::mpv_video_defaults_fit_the_canvas_and_keep_regular_zoom_steps ... ok
2026-10-07T04:29:12.3371702Z test lock::tests::only_the_password_opens_a_lock ... ok
2026-10-07T04:29:12.3372199Z test mime::tests::serde_uses_integer_codes ... ok
2026-10-07T04:29:12.3383660Z test mime::tests::table_matches_reference_implementation ... ok
2026-10-07T04:29:12.3388028Z test numbers::tests::groups_thousands ... ok
2026-10-07T04:29:12.3388561Z test numbers::tests::percentages ... ok
2026-10-07T04:29:12.3390290Z test numbers::tests::sizes_read_like_the_reference ... ok
2026-10-07T04:29:12.3390818Z test pages::tests::a_session_round_trips_through_json ... ok
2026-10-07T04:29:12.3391349Z test pages::tests::names_for_menus_have_their_counts_and_elide_in_the_middle ... ok
2026-10-07T04:29:12.3392044Z test pages::tests::pages_have_the_references_page_types ... ok
2026-10-07T04:29:12.3392807Z test pybytes::tests::base64_like_python ... ok
2026-10-07T04:29:12.3393215Z test pybytes::tests::hex_like_python ... ok
2026-10-07T04:29:12.3412246Z test pyhtml::tests::unescapes_like_python ... ok
2026-10-07T04:29:12.3412873Z test pyjson::tests::floats_round_trip_through_python_repr ... ok
2026-10-07T04:29:12.3413283Z test pyjson::tests::parses_what_python_accepts ... ok
2026-10-07T04:29:12.3443446Z test pyjson::tests::python_float_repr ... ok
2026-10-07T04:29:12.3449009Z test pyjson::tests::python_string_escapes ... ok
2026-10-07T04:29:12.3449513Z test pyjson::tests::rejects_what_python_rejects ... ok
2026-10-07T04:29:12.3450211Z test pyjson::tests::round_trips_reference_style_documents ... ok
2026-10-07T04:29:12.3450777Z test search::context::tests::all_known_files_absorbs_other_domains ... ok
2026-10-07T04:29:12.3451318Z test search::context::tests::defaults_match_the_client_api ... ok
2026-10-07T04:29:12.3451963Z test search::number::tests::number_tests_render_like_the_reference ... ok
2026-10-07T04:29:12.3454932Z test search::recent::mixed_tests::old_system_history_decodes_and_simple_edits_keep_newest_five_per_type ... ok
2026-10-07T04:29:12.3457198Z test search::recent::tests::pushed_predicates_are_kept_as_the_reference_keeps_them ... ok
2026-10-07T04:29:12.3457854Z test search::recent::tests::widths_and_heights_are_types_13_and_14 ... ok
2026-10-07T04:29:12.3458329Z test search::time::tests::renders_deltas ... ok
2026-10-07T04:29:12.3458682Z test search::time::tests::validates_dates ... ok
2026-10-07T04:29:12.3459040Z test service::tests::builtin_keys_render_readably ... ok
2026-10-07T04:29:12.3459498Z test service::tests::table_matches_reference_implementation ... ok
2026-10-07T04:29:12.3460017Z test sort::tests::matches_recorded_clean_tags_order ... ok
2026-10-07T04:29:12.3460466Z test sort::tests::numbers_sort_numerically_and_before_text ... ok
2026-10-07T04:29:12.3460979Z test sort::tests::unicode_decimal_chunks_precede_letters_but_keep_ascii_split_boundaries ... ok
2026-10-07T04:29:12.3461602Z test subscriptions::tests::checks_follow_file_velocity ... ok
2026-10-07T04:29:12.3462386Z test pyjson::tests::strings_round_trip ... ok
2026-10-07T04:29:12.3462732Z test content::tests::codes_match_reference_implementation ... ok
2026-10-07T04:29:12.3463069Z test tag::tests::combine_round_trips ... ok
2026-10-07T04:29:12.3463365Z test tag_filter::tests::specific_rules_win ... ok
2026-10-07T04:29:12.3463717Z test tag_presentation::tests::decimals_are_python_s ... ok
2026-10-07T04:29:12.3464114Z test tag_presentation::tests::rows_take_their_namespace_s_colour ... ok
2026-10-07T04:29:12.3464527Z test tag_sort::tests::counts_sort_with_a_to_z_among_equals ... ok
2026-10-07T04:29:12.3465195Z test tag_sort::tests::the_default_groups_by_the_users_namespaces ... ok
2026-10-07T04:29:12.3465639Z test tag_summary::tests::the_defaults_summarise_as_their_examples_say ... ok
2026-10-07T04:29:12.3490167Z test test_fixtures::versions_match_reference_implementation ... ok
2026-10-07T04:29:12.3507951Z test thumbnail::tests::matches_recorded_thumbnail_sizes ... ok
2026-10-07T04:29:12.3511200Z test time::tests::conversions ... ok
2026-10-07T04:29:12.3511642Z test time::tests::durations_as_the_reference_words_them ... ok
2026-10-07T04:29:12.3512490Z test time::tests::scanbar_timestamps_as_the_reference_writes_them ... ok
2026-10-07T04:29:12.3512921Z test time::tests::spans_as_the_reference_words_them ... ok
2026-10-07T04:29:12.3513279Z test url::class::tests::classes_match_and_normalise ... ok
2026-10-07T04:29:12.3513634Z test url::class::tests::url_types_serialise_as_codes ... ok
2026-10-07T04:29:12.3513961Z test tag::tests::cleaning_is_idempotent ... ok
2026-10-07T04:29:12.3514358Z test url::functions::tests::components_encode_without_double_encoding ... ok
2026-10-07T04:29:12.3514790Z test url::functions::tests::queries_round_trip_in_order ... ok
2026-10-07T04:29:12.3515176Z test url::functions::tests::urls_encode_like_the_reference ... ok
2026-10-07T04:29:12.3515559Z test url::gug::tests::terms_are_encoded_for_where_they_go ... ok
2026-10-07T04:29:12.3542563Z test tag::tests::cleaning_matches_reference_implementation ... ok
2026-10-07T04:29:12.3562918Z test url::psl::tests::punycode_decodes ... ok
2026-10-07T04:29:12.3564232Z test url::pyurl::tests::joins_like_python ... ok
2026-10-07T04:29:12.3572376Z test url::pyurl::tests::quotes_like_python ... ok
2026-10-07T04:29:12.3575434Z test url::pyurl::tests::splits_like_python ... ok
2026-10-07T04:29:12.3575963Z test url::pyurl::urljoin_tests::joins_like_python ... ok
2026-10-07T04:29:12.3576528Z test url::registry::tests::known_urls_are_classified ... ok
2026-10-07T04:29:12.3579066Z test url::registry::tests::unknown_urls_are_just_encoded ... ok
2026-10-07T04:29:12.3612734Z test url::string_dates::tests::date_conversions_match_direct_reference_execution ... ok
2026-10-07T04:29:12.3614549Z test url::string_dates::tests::local_encode_uses_current_offset_and_naive_timezone_fields ... ok
2026-10-07T04:29:12.3642586Z test url::functions::tests::www_is_removed_from_subdomains_only ... ok
2026-10-07T04:29:12.3646465Z test url::strings::tests::converts_like_the_reference ... ok
2026-10-07T04:29:12.3648739Z test url::strings::tests::matches_like_the_reference ... ok
2026-10-07T04:29:12.3649690Z test url::strings::tests::processes_pipelines ... ok
2026-10-07T04:29:12.3650530Z test watchers::tests::a_new_watcher_checks_at_once_and_a_quiet_thread_dies ... ok
2026-10-07T04:29:12.3651639Z test windows::tests::a_saved_frame_keeps_what_it_remembers ... ok
2026-10-07T04:29:12.3693313Z test url::string_dates::tests::local_names_and_dst_boundaries_match_recorded_reference_platform ... ok
2026-10-07T04:29:12.3748726Z test notes::tests::merges_like_the_reference ... ok
2026-10-07T04:29:12.3866590Z test url::psl::tests::matches_the_reference ... ok
2026-10-07T04:29:12.3866786Z 
2026-10-07T04:29:12.3866999Z test result: ok. 89 passed; 0 failed; 0 ignored; 0 measured; 0 filtered out; finished in 0.05s
2026-10-07T04:29:12.3867276Z 
2026-10-07T04:29:12.3875879Z [1m[92m     Running[0m tests/bandwidth.rs (target/debug/deps/bandwidth-c921facadb394ba5)
2026-10-07T04:29:12.3887065Z 
2026-10-07T04:29:12.3887152Z running 2 tests
2026-10-07T04:29:12.4713908Z test the_manager_starts_requests_as_the_reference_does ... ok
2026-10-07T04:29:12.4726855Z test trackers_count_and_rules_judge_as_the_reference_does ... ok
2026-10-07T04:29:12.4727032Z 
2026-10-07T04:29:12.4727181Z test result: ok. 2 passed; 0 failed; 0 ignored; 0 measured; 0 filtered out; finished in 0.08s
2026-10-07T04:29:12.4727371Z 
2026-10-07T04:29:12.4744313Z [1m[92m     Running[0m tests/string_steps.rs (target/debug/deps/string_steps-5da0364e08f60ef6)
2026-10-07T04:29:12.4755998Z 
2026-10-07T04:29:12.4756085Z running 1 test
2026-10-07T04:29:12.4759529Z test a_tag_filter_step_stored_without_its_example_still_loads ... ok
2026-10-07T04:29:12.4759707Z 
2026-10-07T04:29:12.4759840Z test result: ok. 1 passed; 0 failed; 0 ignored; 0 measured; 0 filtered out; finished in 0.00s
2026-10-07T04:29:12.4760048Z 
2026-10-07T04:29:12.4761990Z [1m[92m     Running[0m tests/tab_names.rs (target/debug/deps/tab_names-64c2b1109f7bd07d)
2026-10-07T04:29:12.4772118Z 
2026-10-07T04:29:12.4772263Z running 2 tests
2026-10-07T04:29:12.5091496Z test a_new_clients_settings_are_the_references ... ok
2026-10-07T04:29:12.5110518Z test tabs_are_named_as_the_reference_names_them ... ok
2026-10-07T04:29:12.5110716Z 
2026-10-07T04:29:12.5110920Z test result: ok. 2 passed; 0 failed; 0 ignored; 0 measured; 0 filtered out; finished in 0.03s
2026-10-07T04:29:12.5111192Z 
2026-10-07T04:29:12.5119210Z [1m[92m     Running[0m tests/tag_rendering.rs (target/debug/deps/tag_rendering-68281fb06a194d7b)
2026-10-07T04:29:12.5130139Z 
2026-10-07T04:29:12.5130221Z running 1 test
2026-10-07T04:29:12.5135335Z test tags_render_as_the_reference_renders_them ... ok
2026-10-07T04:29:12.5135540Z 
2026-10-07T04:29:12.5135688Z test result: ok. 1 passed; 0 failed; 0 ignored; 0 measured; 0 filtered out; finished in 0.00s
2026-10-07T04:29:12.5135869Z 
2026-10-07T04:29:12.5137839Z [1m[92m     Running[0m tests/watcher_checker.rs (target/debug/deps/watcher_checker-fdbb17376ebb64fe)
2026-10-07T04:29:12.5147554Z 
2026-10-07T04:29:12.5147639Z running 2 tests
2026-10-07T04:29:12.5149540Z test the_same_checker_options_change_nothing ... ok
2026-10-07T04:29:12.5152810Z test checker_options_set_on_a_watcher_act_as_the_references ... ok
2026-10-07T04:29:12.5153050Z 
2026-10-07T04:29:12.5153250Z test result: ok. 2 passed; 0 failed; 0 ignored; 0 measured; 0 filtered out; finished in 0.00s
2026-10-07T04:29:12.5153461Z 
2026-10-07T04:29:12.5155138Z [1m[92m     Running[0m unittests src/lib.rs (target/debug/deps/hydrus_download-bbf5850a788bd04e)
2026-10-07T04:29:12.5171207Z 
2026-10-07T04:29:12.5171338Z running 16 tests
2026-10-07T04:29:12.5174033Z test folders::tests::integers_parse_as_python_parses_them ... ok
2026-10-07T04:29:12.5174490Z test export::tests::paths_normalise_as_python_normalises_them ... ok
2026-10-07T04:29:12.5842318Z test popups::tests::a_working_popup_says_what_its_downloads_importer_says_after_a_prefix ... ok
2026-10-07T04:29:12.5892885Z test popups::tests::completed_deadline_survives_producer_drop_and_uses_strict_stored_boundary ... ok
2026-10-07T04:29:12.6216201Z test popups::tests::current_callable_is_reentrant_and_removal_invalidates_later_queued_calls ... ok
2026-10-07T04:29:12.6218788Z test popups::tests::concurrent_pollers_cannot_overtake_a_reentrant_callable_removal ... ok
2026-10-07T04:29:12.6588295Z test popups::tests::gui_retirement_during_the_first_callable_invalidates_later_claimed_calls ... ok
2026-10-07T04:29:12.6617175Z test seeds::timestamp_editor_tests::recorded_saved_timestamp_parser_and_date_conversion_reach_actual_file_seeds ... ok
2026-10-07T04:29:12.6974262Z test subscriptions::tests::manager_admission_replays_reference_due_pause_live_limits_and_single_flight ... ok
2026-10-07T04:29:12.6976412Z test subscriptions::tests::outer_typed_exception_budget_replays_recorded_classes_and_reset ... ok
2026-10-07T04:29:12.6976988Z test subscriptions::tests::presented_files_are_labelled_as_the_reference_labels_them ... ok
2026-10-07T04:29:12.6983342Z test work_slots::tests::capacities_keep_running_counts_across_reference_lower_raise_and_release ... ok
2026-10-07T04:29:12.6984475Z test work_slots::tests::independent_categories_and_aborted_owners_release_only_their_permit ... ok
2026-10-07T04:29:12.8377810Z test popups::tests::a_working_popup_keeps_the_store_up_to_date_and_hears_a_cancel ... ok
2026-10-07T04:29:12.9156264Z test popups::tests::finished_callable_dispatches_between_independent_store_handles_and_releases_its_owner ... ok
2026-10-07T04:29:13.3463883Z test popups::tests::a_callable_added_after_finish_restarts_the_single_weak_poller ... ok
2026-10-07T04:29:13.3465099Z 
2026-10-07T04:29:13.3465726Z test result: ok. 16 passed; 0 failed; 0 ignored; 0 measured; 0 filtered out; finished in 0.83s
2026-10-07T04:29:13.3465987Z 
2026-10-07T04:29:13.3528082Z [1m[92m     Running[0m tests/export_folder.rs (target/debug/deps/export_folder-9dc9a4540e52640c)
2026-10-07T04:29:13.3587489Z 
2026-10-07T04:29:13.3590086Z running 1 test
2026-10-07T04:29:13.5144999Z test export_folders_do_what_the_reference_did ... ok
2026-10-07T04:29:13.5145270Z 
2026-10-07T04:29:13.5145504Z test result: ok. 1 passed; 0 failed; 0 ignored; 0 measured; 0 filtered out; finished in 0.16s
2026-10-07T04:29:13.5145795Z 
2026-10-07T04:29:13.5154369Z [1m[92m     Running[0m tests/folder_activity.rs (target/debug/deps/folder_activity-eba4e837ca106f7b)
2026-10-07T04:29:13.5179867Z 
2026-10-07T04:29:13.5179947Z running 2 tests
2026-10-07T04:29:13.5500229Z test successful_manager_apply_resets_due_cache_but_cancel_does_not ... ok
2026-10-07T04:29:13.6041889Z test active_import_finishes_its_commit_before_the_manager_reads_and_stops_before_next_seed ... ok
2026-10-07T04:29:13.6042251Z 
2026-10-07T04:29:13.6042418Z test result: ok. 2 passed; 0 failed; 0 ignored; 0 measured; 0 filtered out; finished in 0.09s
2026-10-07T04:29:13.6042622Z 
2026-10-07T04:29:13.6052414Z [1m[92m     Running[0m tests/import_folder.rs (target/debug/deps/import_folder-33b09015565930b7)
2026-10-07T04:29:13.6077963Z 
2026-10-07T04:29:13.6078041Z running 1 test
2026-10-07T04:29:13.7980274Z test an_import_folder_does_what_the_reference_did ... ok
2026-10-07T04:29:13.7980474Z 
2026-10-07T04:29:13.7980627Z test result: ok. 1 passed; 0 failed; 0 ignored; 0 measured; 0 filtered out; finished in 0.19s
2026-10-07T04:29:13.7980836Z 
2026-10-07T04:29:13.7995420Z [1m[92m     Running[0m tests/local_import.rs (target/debug/deps/local_import-9fa0047c94342534)
2026-10-07T04:29:13.8020762Z 
2026-10-07T04:29:13.8020841Z running 2 tests
2026-10-07T04:29:14.0609595Z test saved_existing_tag_filter_reaches_real_file_importer_for_parsed_and_additional_tags ... ok
2026-10-07T04:29:14.2085860Z test a_local_import_imports_its_files ... ok
2026-10-07T04:29:14.2086102Z 
2026-10-07T04:29:14.2086330Z test result: ok. 2 passed; 0 failed; 0 ignored; 0 measured; 0 filtered out; finished in 0.41s
2026-10-07T04:29:14.2086619Z 
2026-10-07T04:29:14.2103128Z [1m[92m     Running[0m tests/simple_downloader.rs (target/debug/deps/simple_downloader-01ddbb56bfa1e333)
2026-10-07T04:29:14.2126403Z 
2026-10-07T04:29:14.2126512Z running 1 test
2026-10-07T04:29:20.3087569Z test a_simple_downloader_parses_its_pages_for_files ... ok
2026-10-07T04:29:20.3087848Z 
2026-10-07T04:29:20.3088059Z test result: ok. 1 passed; 0 failed; 0 ignored; 0 measured; 0 filtered out; finished in 6.10s
2026-10-07T04:29:20.3088351Z 
2026-10-07T04:29:20.3100027Z [1m[92m     Running[0m tests/subscriptions.rs (target/debug/deps/subscriptions-c7e353ebb3ab64db)
2026-10-07T04:29:20.3124901Z 
2026-10-07T04:29:20.3124984Z running 11 tests
2026-10-07T04:29:20.4021125Z test a_subscription_with_no_import_destination_waits_out_its_error_delay ... ok
2026-10-07T04:29:20.4404751Z test a_subscription_without_its_downloader_pauses ... ok
2026-10-07T04:29:20.5023424Z test a_subscription_syncs_catches_up_and_downloads ... ok
2026-10-07T04:29:21.8065135Z test a_subscription_shows_what_it_does_in_a_popup_which_can_cancel_it ... ok
2026-10-07T04:29:23.5487198Z test handled_http_and_missing_file_failures_do_not_spend_the_outer_error_budget ... ok
2026-10-07T04:29:25.0934238Z test a_subscription_stops_when_its_bandwidth_runs_out ... ok
2026-10-07T04:29:25.5410456Z test subscription_runner_bounds_real_http_overlap_and_reloads_live_limit ... ok
2026-10-07T04:29:25.6169699Z test subscriptions_wait_while_paused_globally ... ok
2026-10-07T04:29:26.1660694Z test subscription_runner_cancels_selected_peer_and_joins_all_on_shutdown ... ok
2026-10-07T04:29:30.5541714Z test escaped_query_tag_errors_count_across_queries_delay_persist_and_reset_next_run ... ok
2026-10-07T04:29:36.8864647Z test none_disables_abandonment_for_real_escaped_store_failures ... ok
2026-10-07T04:29:36.8864884Z 
2026-10-07T04:29:36.8865288Z test result: ok. 11 passed; 0 failed; 0 ignored; 0 measured; 0 filtered out; finished in 16.57s
2026-10-07T04:29:36.8865498Z 
2026-10-07T04:29:36.8897512Z [1m[92m     Running[0m tests/url_queue.rs (target/debug/deps/url_queue-e2c1be4ce141c825)
2026-10-07T04:29:36.8922770Z 
2026-10-07T04:29:36.8922852Z running 11 tests
2026-10-07T04:29:37.0245667Z test a_queue_with_no_import_destination_pauses_its_files ... ok
2026-10-07T04:29:37.0254467Z test a_refusal_from_a_site_hydrus_logged_in_to_says_why ... ok
2026-10-07T04:29:37.1251096Z test existing_downloader_uses_edited_parser_and_new_link_after_reload ... ok
2026-10-07T04:29:37.1576653Z test a_gallery_url_in_a_url_queue_queues_its_posts ... ok
2026-10-07T04:29:37.2438819Z test missing_files_download_again_in_their_own_queue ... ok
2026-10-07T04:29:37.3760442Z test a_url_queue_downloads_posts_and_files ... ok
2026-10-07T04:29:38.1788322Z test files_import_while_later_gallery_pages_are_read ... ok
2026-10-07T04:29:38.3200938Z test running_gallery_searches_pick_up_capacity_growth_and_release_on_error ... ok
2026-10-07T04:29:38.8257058Z test queues_wait_while_their_downloads_are_paused_globally ... ok
2026-10-07T04:29:39.2888918Z test running_file_queues_keep_limits_when_lowered_and_release_on_cancel_or_owner_close ... ok
2026-10-07T04:29:40.0887256Z test a_file_that_fails_does_not_hold_up_the_rest_of_its_queue ... ok
2026-10-07T04:29:40.0887565Z 
2026-10-07T04:29:40.0887720Z test result: ok. 11 passed; 0 failed; 0 ignored; 0 measured; 0 filtered out; finished in 3.20s
2026-10-07T04:29:40.0887915Z 
2026-10-07T04:29:40.0920953Z [1m[92m     Running[0m tests/watchers.rs (target/debug/deps/watchers-20e25d328bf3f7c5)
2026-10-07T04:29:40.0945683Z 
2026-10-07T04:29:40.0945772Z running 2 tests
2026-10-07T04:29:40.4317732Z test watcher_checks_share_their_own_live_capacity_and_owner_close_releases_it ... ok
2026-10-07T04:29:40.4476551Z test a_watcher_follows_a_thread_until_it_404s ... ok
2026-10-07T04:29:40.4476780Z 
2026-10-07T04:29:40.4477035Z test result: ok. 2 passed; 0 failed; 0 ignored; 0 measured; 0 filtered out; finished in 0.35s
2026-10-07T04:29:40.4477321Z 
2026-10-07T04:29:40.4497077Z [1m[92m     Running[0m unittests src/lib.rs (target/debug/deps/hydrus_downloader_exchange-53953a77e0e9a0c8)
2026-10-07T04:29:40.4507613Z 
2026-10-07T04:29:40.4507703Z running 0 tests
2026-10-07T04:29:40.4509366Z 
2026-10-07T04:29:40.4509582Z test result: ok. 0 passed; 0 failed; 0 ignored; 0 measured; 0 filtered out; finished in 0.00s
2026-10-07T04:29:40.4510172Z [1m[92m     Running[0m tests/external_calls.rs (target/debug/deps/external_calls-32dab097596eb93a)
2026-10-07T04:29:40.4510454Z 
2026-10-07T04:29:40.4518595Z 
2026-10-07T04:29:40.4518700Z running 2 tests
2026-10-07T04:29:40.4528372Z test import_rejects_wrong_classes_and_mixed_invalid_packages_before_staging_any_call ... ok
2026-10-07T04:29:40.4537765Z test actual_qt_callable_exports_and_manager_round_trip_without_losing_identity_or_process_options ... ok
2026-10-07T04:29:40.4538042Z 
2026-10-07T04:29:40.4538198Z test result: ok. 2 passed; 0 failed; 0 ignored; 0 measured; 0 filtered out; finished in 0.00s
2026-10-07T04:29:40.4538385Z 
2026-10-07T04:29:40.4540290Z [1m[92m     Running[0m tests/import_options.rs (target/debug/deps/import_options-a70a18917bd1cb2b)
2026-10-07T04:29:40.4549393Z 
2026-10-07T04:29:40.4549485Z running 2 tests
2026-10-07T04:29:40.4569542Z test wrong_objects_and_future_versions_are_rejected ... ok
2026-10-07T04:29:40.4594344Z test recorded_containers_round_trip_all_native_fields_and_pngs ... ok
2026-10-07T04:29:40.4594570Z 
2026-10-07T04:29:40.4594710Z test result: ok. 2 passed; 0 failed; 0 ignored; 0 measured; 0 filtered out; finished in 0.00s
2026-10-07T04:29:40.4594892Z 
2026-10-07T04:29:40.4597620Z [1m[92m     Running[0m tests/interchange.rs (target/debug/deps/interchange-9445052f693b0646)
2026-10-07T04:29:40.4609946Z 
2026-10-07T04:29:40.4610026Z running 12 tests
2026-10-07T04:29:40.4617035Z test formula_metadata_survives_native_serialization_and_edits_take_precedence ... ok
2026-10-07T04:29:40.4632807Z test malformed_old_versions_return_errors_before_any_package_can_be_staged ... ok
2026-10-07T04:29:40.4662355Z test date_conversions_keep_reference_codes_through_definition_exchange ... ok
2026-10-07T04:29:40.4672236Z test old_plain_json_png_is_still_importable ... ok
2026-10-07T04:29:40.4762169Z test authored_static_formulas_roundtrip ... ok
2026-10-07T04:29:40.4812302Z test older_formats_upgrade_or_reject_without_partial_packages ... ok
2026-10-07T04:29:40.4912443Z test registered_mixed_login_package_preserves_json_png_rules_and_rejects_partial_decoding ... ok
2026-10-07T04:29:40.4942316Z test selected_processing_steps_match_qt_clipboard_and_png_exports ... ok
2026-10-07T04:29:40.4984605Z test subsidiary_contexts_follow_stable_page_keys_when_children_are_sorted_and_renamed ... ok
2026-10-07T04:29:40.5070369Z test malformed_png_and_compression_never_allocate_unbounded_data ... ok
2026-10-07T04:29:40.5121106Z test reference_json_and_real_png_roundtrip_without_losing_subsidiary_or_editor_data ... ok
2026-10-07T04:29:40.6812870Z test maximum_documented_definition_count_roundtrips_and_the_next_one_is_rejected ... ok
2026-10-07T04:29:40.6813126Z 
2026-10-07T04:29:40.6813282Z test result: ok. 12 passed; 0 failed; 0 ignored; 0 measured; 0 filtered out; finished in 0.22s
2026-10-07T04:29:40.6813945Z 
2026-10-07T04:29:40.6828541Z [1m[92m     Running[0m tests/logins.rs (target/debug/deps/logins-82f5bdd36ff4ba52)
2026-10-07T04:29:40.6841869Z 
2026-10-07T04:29:40.6842001Z running 3 tests
2026-10-07T04:29:40.6869978Z test native_veto_default_matcher_uses_python_constructor_empty_match_value ... ok
2026-10-07T04:29:40.6873077Z test login_validation_matches_python_and_rejects_mixed_packages_atomically ... ok
2026-10-07T04:29:40.6896653Z test login_scripts_preserve_reference_fields_and_upgrade_cookie_names ... ok
2026-10-07T04:29:40.6896917Z 
2026-10-07T04:29:40.6897136Z test result: ok. 3 passed; 0 failed; 0 ignored; 0 measured; 0 filtered out; finished in 0.01s
2026-10-07T04:29:40.6897421Z 
2026-10-07T04:29:40.6901263Z [1m[92m     Running[0m tests/routers.rs (target/debug/deps/routers-93dc1ba930b94b47)
2026-10-07T04:29:40.6911935Z 
2026-10-07T04:29:40.6912071Z running 3 tests
2026-10-07T04:29:40.6957675Z test router_exchange_rejects_incompatible_or_lossy_packages_atomically ... ok
2026-10-07T04:29:40.7009187Z test recorded_router_queues_preserve_editor_fields_and_reference_png ... ok
2026-10-07T04:29:40.7009622Z test inspected_packages_preserve_routers_with_recognised_other_objects ... ok
2026-10-07T04:29:40.7009806Z 
2026-10-07T04:29:40.7009952Z test result: ok. 3 passed; 0 failed; 0 ignored; 0 measured; 0 filtered out; finished in 0.01s
2026-10-07T04:29:40.7010141Z 
2026-10-07T04:29:40.7016156Z [1m[92m     Running[0m tests/seed_caches.rs (target/debug/deps/seed_caches-7edac3f0543c961e)
2026-10-07T04:29:40.7030658Z 
2026-10-07T04:29:40.7030743Z running 2 tests
2026-10-07T04:29:40.7309686Z test unsafe_or_malformed_history_fails_explicitly_without_truncating_a_package ... ok
2026-10-07T04:29:40.7322324Z test historical_cache_versions_replay_exact_qt_history_headers_and_list_exports ... ok
2026-10-07T04:29:40.7323231Z 
2026-10-07T04:29:40.7323458Z test result: ok. 2 passed; 0 failed; 0 ignored; 0 measured; 0 filtered out; finished in 0.03s
2026-10-07T04:29:40.7323730Z 
2026-10-07T04:29:40.7328630Z [1m[92m     Running[0m tests/subscription_import.rs (target/debug/deps/subscription_import-03f2d8ddd935f38d)
2026-10-07T04:29:40.7343307Z 
2026-10-07T04:29:40.7343395Z running 2 tests
2026-10-07T04:29:40.7437612Z test recorded_nested_packages_warn_after_preserving_complete_permitted_objects ... ok
2026-10-07T04:29:40.7459171Z test future_nested_objects_and_limits_fail_before_any_list_objects_are_returned ... ok
2026-10-07T04:29:40.7459362Z 
2026-10-07T04:29:40.7459509Z test result: ok. 2 passed; 0 failed; 0 ignored; 0 measured; 0 filtered out; finished in 0.01s
2026-10-07T04:29:40.7459690Z 
2026-10-07T04:29:40.7468792Z [1m[92m     Running[0m tests/subscriptions.rs (target/debug/deps/subscriptions-e6ea53fd2f0063f4)
2026-10-07T04:29:40.7483080Z 
2026-10-07T04:29:40.7483168Z running 4 tests
2026-10-07T04:29:40.7573270Z test subscription_exchange_reports_missing_logs_and_rejects_invalid_packages_atomically ... ok
2026-10-07T04:29:40.7594557Z test malformed_and_unsupported_legacy_subscriptions_fail_without_reducing_history ... ok
2026-10-07T04:29:40.7636484Z test actual_subscription_clipboard_and_png_retain_settings_headers_and_both_histories ... ok
2026-10-07T04:29:40.7792708Z test actual_legacy_subscription_list_imports_match_converted_settings_histories_and_caches ... ok
2026-10-07T04:29:40.7793068Z 
2026-10-07T04:29:40.7793285Z test result: ok. 4 passed; 0 failed; 0 ignored; 0 measured; 0 filtered out; finished in 0.03s
2026-10-07T04:29:40.7793512Z 
2026-10-07T04:29:40.7803109Z [1m[92m     Running[0m tests/subsidiaries.rs (target/debug/deps/subsidiaries-9fe403ec36e0192f)
2026-10-07T04:29:40.7818388Z 
2026-10-07T04:29:40.7818477Z running 2 tests
2026-10-07T04:29:40.7849875Z test incompatible_or_unsupported_subsidiary_packages_are_rejected_before_staging ... ok
2026-10-07T04:29:40.7866438Z test real_reference_subsidiary_clipboard_and_png_preserve_recursive_wrappers ... ok
2026-10-07T04:29:40.7866734Z 
2026-10-07T04:29:40.7866940Z test result: ok. 2 passed; 0 failed; 0 ignored; 0 measured; 0 filtered out; finished in 0.00s
2026-10-07T04:29:40.7867615Z 
2026-10-07T04:29:40.7872252Z [1m[92m     Running[0m unittests src/lib.rs (target/debug/deps/hydrus_gui_model-e796d6a368398922)
2026-10-07T04:29:40.7891536Z 
2026-10-07T04:29:40.7891703Z running 39 tests
2026-10-07T04:29:40.7893600Z test duplicate_filter::tests::deletion_reasons_read_as_the_reference_writes_them ... ok
2026-10-07T04:29:40.7894198Z test favourites::tests::names_are_made_unique_as_the_reference_makes_them ... ok
2026-10-07T04:29:40.7897342Z test list_selection::tests::a_selection_follows_its_items ... ok
2026-10-07T04:29:40.7897834Z test list_selection::tests::clicks_select_as_qt_s_extended_selection ... ok
2026-10-07T04:29:40.7898252Z test main_menu::tests::a_disabled_menu_does_not_open ... ok
2026-10-07T04:29:40.7898640Z test main_menu::tests::advanced_mode_offers_to_nudge_subscriptions ... ok
2026-10-07T04:29:40.7899946Z test main_menu::tests::clicking_an_entry_chooses_it_unless_it_cannot_be ... ok
2026-10-07T04:29:40.7902171Z test main_menu::tests::closed_pages_are_offered_latest_first ... ok
2026-10-07T04:29:40.7902567Z test main_menu::tests::entries_hydrus_rs_cannot_do_are_not_usable ... ok
2026-10-07T04:29:40.7902937Z test main_menu::tests::mnemonics_open_the_bar_s_menus ... ok
2026-10-07T04:29:40.7903272Z test main_menu::tests::keys_move_through_the_menus ... ok
2026-10-07T04:29:40.7903554Z test main_menu::tests::hovering_opens_submenus_beside_their_entries ... ok
2026-10-07T04:29:40.7903806Z test main_menu::tests::separators_show_as_qt_shows_them ... ok
2026-10-07T04:29:40.7905157Z test main_menu::tests::saved_sessions_of_its_own_can_be_saved_over_and_deleted ... ok
2026-10-07T04:29:40.7905603Z test main_menu::tests::the_history_is_numbered_latest_first_and_kept_to_twenty ... ok
2026-10-07T04:29:40.7911119Z test main_menu::tests::several_folders_get_a_check_all_and_one_does_not ... ok
2026-10-07T04:29:40.7911583Z test main_menu::tests::the_pending_menu_lists_repositories_with_content_a_to_z ... ok
2026-10-07T04:29:40.8483862Z test options::tests::the_search_finds_options_by_their_labels_and_boxes ... ok
2026-10-07T04:29:40.8603068Z test options::tests::thumbnail_rating_sizes_go_up_to_the_thumbnails_width ... ok
2026-10-07T04:29:40.8611711Z test options::tests::times_show_as_the_references_fields ... ok
2026-10-07T04:29:40.8612449Z test options::tests::only_the_options_changed_are_set ... ok
2026-10-07T04:29:40.8615336Z test options::tests::the_editor_edits_the_page_shown ... ok
2026-10-07T04:29:40.9029683Z test options::tests::times_rates_and_text_that_may_be_none_are_edited ... ok
2026-10-07T04:29:40.9057879Z test page_chooser::tests::menus_lead_to_pages_as_in_the_reference ... ok
2026-10-07T04:29:40.9109925Z test options::tests::values_that_cant_be_had_are_left_saying_why ... ok
2026-10-07T04:29:40.9423095Z test predicate_editors::defaults::tests::namespace_shortcuts_and_empty_results_follow_the_actual_star_menu ... ok
2026-10-07T04:29:40.9712689Z test page_chooser::tests::file_domains_are_offered_by_name ... ok
2026-10-07T04:29:40.9949337Z test predicate_editors::defaults::tests::star_regex_save_skips_accept_validation_like_the_actual_reference ... ok
2026-10-07T04:29:40.9973782Z test predicate_editors::special::tests::hashes_are_read_as_the_reference_reads_them ... ok
2026-10-07T04:29:40.9979065Z test predicate_editors::special::tests::lines_are_summed_up_as_the_reference_sums_them ... ok
2026-10-07T04:29:40.9979908Z test predicate_editors::tests::a_date_is_read_as_typed ... ok
2026-10-07T04:29:40.9980741Z test predicate_editors::tests::rating_is_offered_with_a_rating_service_and_the_rest_everywhere ... ok
2026-10-07T04:29:40.9982982Z test predicate_editors::tests::time_fields_split_a_span_into_its_units ... ok
2026-10-07T04:29:40.9983966Z test sort::tests::choices_are_named_and_ordered_as_the_reference_orders_them ... ok
2026-10-07T04:29:40.9986021Z test status::bandwidth_tests::only_what_is_read_while_the_client_is_open_counts ... ok
2026-10-07T04:29:40.9986519Z test status::bandwidth_tests::the_network_part_reads_as_the_reference_s ... ok
2026-10-07T04:29:41.0049641Z test predicate_editors::defaults::tests::service_keys_and_fractional_viewtime_survive_reordered_contexts_and_reopening ... ok
2026-10-07T04:29:41.3481630Z test predicate_editors::defaults::tests::comparability_replays_all_reference_subtypes_and_rating_services ... ok
2026-10-07T04:29:41.9078264Z test predicate_editors::defaults::tests::all_recorded_panel_families_restore_typed_defaults_and_explicit_inputs ... ok
2026-10-07T04:29:41.9078719Z 
2026-10-07T04:29:41.9078935Z test result: ok. 39 passed; 0 failed; 0 ignored; 0 measured; 0 filtered out; finished in 1.12s
2026-10-07T04:29:41.9079220Z 
2026-10-07T04:29:41.9097009Z [1m[92m     Running[0m tests/model/main.rs (target/debug/deps/model-57f5b48addde7534)
2026-10-07T04:29:41.9125092Z 
2026-10-07T04:29:41.9125167Z running 525 tests
2026-10-07T04:29:41.9152686Z test about::the_about_window_says_what_the_references_does ... ok
2026-10-07T04:29:41.9172687Z test active_predicates::actual_qt_inherited_copy_payloads_and_page_routes_match_all_recorded_selections ... ok
2026-10-07T04:29:41.9178735Z test active_predicates::actual_qt_commands_preserve_inverse_add_vs_ctrl_toggle_and_exact_result_sets ... ok
2026-10-07T04:29:41.9232566Z test active_predicates::supplied_size_and_limit_reopen_exact_values_despite_saved_creation_defaults ... ok
2026-10-07T04:29:41.9237729Z test active_predicates::mixed_controls_replay_real_qt_values_row_order_cancel_and_parser_vetoes ... ok
2026-10-07T04:29:42.1063641Z test api_update_toasts::all_recorded_apply_cancel_reopen_cases_and_concurrent_width_survive ... ok
2026-10-07T04:29:42.1399257Z test archive_delete_policies::real_independent_controls_cancel_reopen_merge_and_retained_legacy_native_precedence ... ok
2026-10-07T04:29:42.1698723Z test animation_start::recorded_raw_constructor_cancel_unchanged_apply_reopen_and_scoped_merge ... ok
2026-10-07T04:29:42.1958873Z test archive_repair::captured_scan_preserves_intervening_edits_and_cancellation_rolls_back_content_transaction ... ok
2026-10-07T04:29:42.2003137Z test auto_resolution_exchange::exported_rules_import_again ... ok
2026-10-07T04:29:42.2068590Z test auto_resolution_exchange::the_reference_s_serialised_rules_import ... ok
2026-10-07T04:29:42.2069137Z test auto_resolution_review::approving_and_denying_report_progress_as_the_reference_s ... ok
2026-10-07T04:29:42.2567962Z test archive_delete_policies::replaced_domain_identity_rejects_entire_commit_before_archiving_kept_files ... ok
2026-10-07T04:29:42.2596719Z test auto_resolution_rules::a_new_rule_searches_as_the_references_add_does ... ok
2026-10-07T04:29:42.2607295Z test auto_resolution_rules::add_offers_the_references_comparators ... ok
2026-10-07T04:29:42.2655138Z test auto_resolution_rules::rules_rows_and_comparators_are_the_references ... ok
2026-10-07T04:29:42.2971182Z test archive_repair::exact_global_scan_questions_population_writes_and_reopened_times_match_reference ... ok
2026-10-07T04:29:42.3438326Z test auto_resolution_review::each_rules_tabs_list_its_pairs_as_the_reference ... ok
2026-10-07T04:29:42.3461331Z test checker_options::edits_change_the_editor_as_the_references ... ok
2026-10-07T04:29:42.3481363Z test checker_options::ok_asks_as_the_references_does ... ok
2026-10-07T04:29:42.3490163Z test checker_options::ok_raises_times_below_their_least ... ok
2026-10-07T04:29:42.4186042Z test autocomplete_tabs::literal_favourite_rows_remain_selected_as_tags_until_explicitly_deselected ... ok
2026-10-07T04:29:42.4218176Z test checker_options::the_editor_opens_as_the_references ... ok
2026-10-07T04:29:42.4252494Z test checker_options::the_reasonable_defaults_are_the_references ... ok
2026-10-07T04:29:42.4253447Z test client_api_admin::browser_url_uses_reported_listener_over_cli_overridden_service_settings ... ok
2026-10-07T04:29:42.4754527Z test client_api_admin::listener_settings_preserve_unrelated_services_and_imported_flags ... ok
2026-10-07T04:29:42.4978779Z test checker_options::the_downloading_page_edits_the_default_checker_options ... ok
2026-10-07T04:29:42.5048779Z test autocomplete_tabs::read_and_write_selection_replay_the_same_qt_tabs_and_persist_only_accepted_edits ... ok
2026-10-07T04:29:42.5089153Z test clipboard_urls::changed_text_switches_and_url_policy_match_the_reference ... ok
2026-10-07T04:29:42.5101321Z test command_palette::calculator_matches_qt_precedence_integer_types_errors_and_special_values ... ok
2026-10-07T04:29:42.5112899Z test command_palette::defaults_and_provider_queue_match_the_qt_options_editor ... ok
2026-10-07T04:29:42.5222618Z test client_api_admin::reference_rows_permissions_questions_and_duplicates ... ok
2026-10-07T04:29:42.5226803Z test command_palette::late_workers_cannot_repopulate_a_new_query_or_closed_owner ... ok
2026-10-07T04:29:42.5242035Z test command_palette::providers_match_real_qt_order_limits_and_thresholds ... ok
2026-10-07T04:29:42.5253878Z test command_palette::unicode_casefold_expands_before_provider_and_menu_thresholds ... ok
2026-10-07T04:29:42.5452104Z test client_api_admin::staged_keys_cancel_persist_collision_and_stale_apply ... ok
2026-10-07T04:29:42.5568649Z test command_palette::each_live_provider_policy_reaches_its_results_and_preferences_persist ... ok
2026-10-07T04:29:42.5570416Z test database_backup::questions_name_the_paths_as_the_reference_does ... ok
2026-10-07T04:29:42.5574365Z test database_backup::the_menu_follows_the_backup_location_and_storage ... ok
2026-10-07T04:29:42.5593519Z test database_locations::rows_and_buttons_follow_the_reference ... ok
2026-10-07T04:29:42.6752964Z test content_undo::archiving_can_be_undone_and_redone_from_the_menu ... ok
2026-10-07T04:29:42.6983014Z test content_undo::tag_changes_name_their_service ... ok
2026-10-07T04:29:42.6992134Z test database_maintenance::the_menus_enable_the_jobs_hydrus_rs_runs ... ok
2026-10-07T04:29:42.6994050Z test datetime_editor::the_date_time_editor_works_as_the_references_does ... ok
2026-10-07T04:29:42.6994908Z test debug_actions::modal_countdown_and_env_dump_read_as_the_reference_s ... ok
2026-10-07T04:29:42.6995377Z test debug_actions::some_popups_are_the_reference_s_less_its_callbacks ... ok
2026-10-07T04:29:42.7083092Z test archive_delete_policies::actual_qt_domain_alternatives_priorities_delay_and_selected_transaction ... ok
2026-10-07T04:29:42.7904823Z test database_maintenance::questions_buttons_and_service_choices_are_the_reference_s ... ok
2026-10-07T04:29:42.8813848Z test delete_files::clean_delete_preserves_locked_files_and_remembered_fields_merge_with_options ... ok
2026-10-07T04:29:42.9413311Z test delete_files::mixed_existing_reasons_match_qt_preserve_each_file_and_do_not_replace_last_reason ... ok
2026-10-07T04:29:42.9423266Z test delete_files::reason_queue_matches_recorded_cancel_empty_duplicate_movement_and_delete ... ok
2026-10-07T04:29:42.9428524Z test downloader_definitions::domain_mask_queue_replays_staged_crud_and_insertion_order ... ok
2026-10-07T04:29:42.9466366Z test downloader_definitions::domain_mode_and_independent_tester_replay_reference_and_preserve_disabled_values ... ok
2026-10-07T04:29:43.0118662Z test downloader_definitions::drafts_preserve_identity_links_and_current_unrelated_settings ... ok
2026-10-07T04:29:43.0134266Z test downloader_definitions::editor_controls_change_matching_normalisation_and_validate_pagination ... ok
2026-10-07T04:29:43.0723347Z test downloader_definitions::generator_copies_nested_repair_and_delete_are_staged ... ok
2026-10-07T04:29:43.0730621Z test downloader_definitions::invalid_examples_and_defaults_cannot_be_committed ... ok
2026-10-07T04:29:43.1313124Z test downloader_definitions::previews_use_native_encoding_options_and_nested_columns_sort_by_count ... ok
2026-10-07T04:29:43.1762789Z test downloader_definitions::reference_rows_previews_and_vetoes_are_replayed ... ok
2026-10-07T04:29:43.1823038Z test downloader_definitions::selectable_preview_values_use_recorded_api_referral_and_gallery_consumers ... ok
2026-10-07T04:29:43.1842913Z test downloader_display::displayed_url_labels_filters_order_and_cap_replay_reference ... ok
2026-10-07T04:29:43.1843574Z test downloader_display::replay_actual_tri_state_questions_and_rows ... ok
2026-10-07T04:29:43.2734090Z test downloader_display::save_merges_only_edited_keys_and_preserves_concurrent_definitions ... ok
2026-10-07T04:29:43.2762545Z test downloader_interchange::an_api_pair_source_yields_to_its_eligible_target_during_parser_linking ... ok
2026-10-07T04:29:43.2772524Z test downloader_interchange::duplicate_class_relinks_the_runtime_winner_instead_of_the_first_equivalent_row ... ok
2026-10-07T04:29:43.3275238Z test downloader_interchange::imported_class_and_parser_link_reaches_the_live_registry ... ok
2026-10-07T04:29:43.3860241Z test downloader_interchange::mixed_login_cancel_malformed_and_stale_scripts_never_partially_save_downloaders ... ok
2026-10-07T04:29:43.4724467Z test downloader_interchange::mixed_login_import_replays_qt_duplicates_links_and_saved_consumer_without_exporting_credentials ... ok
2026-10-07T04:29:43.5207884Z test delete_files::physical_only_dialog_remembers_builtin_and_custom_service_keys_like_qt ... ok
2026-10-07T04:29:43.5569054Z test downloader_interchange::reference_duplicate_rules_remap_nested_members_and_keep_auxiliary_context ... ok
2026-10-07T04:29:43.5604321Z test delete_files::advanced_reasons_match_actual_qt_defaults_existing_and_remembered_selection ... ok
2026-10-07T04:29:43.5828009Z test downloader_interchange::package_invalid_and_cancelled_staging_do_not_mutate_store_and_stale_apply_rolls_back ... ok
2026-10-07T04:29:43.5902997Z test downloader_update_times::strict_deadlines_ratios_minimum_fallback_saved_changes_and_forcing_match_qt ... ok
2026-10-07T04:29:43.6410468Z test downloader_interchange::scoped_list_import_is_atomic_and_parser_save_preserves_original_context ... ok
2026-10-07T04:29:43.6453015Z test duplicate_colours::qcolor_rounding_and_independent_transparency_replay_actual_canvas_outputs ... ok
2026-10-07T04:29:43.7799450Z test duplicates_filtering::counts_and_random_groups_read_the_basic_client ... ok
2026-10-07T04:29:43.7812842Z test duplicates_filtering::edits_and_texts_follow_the_reference ... ok
2026-10-07T04:29:43.8550721Z test downloader_update_times::exact_constructor_fields_unchanged_apply_cancel_legacy_and_concurrent_field_merge ... ok
2026-10-07T04:29:43.8563797Z test duplicates_page::the_auto_resolution_rules_rows_are_the_references ... ok
2026-10-07T04:29:43.8589872Z test duplicates_page::the_preparation_tab_says_what_the_references_does ... ok
2026-10-07T04:29:43.8928092Z test duplicate_colours::options_keep_saved_zero_on_cancel_then_normalise_on_apply_and_preserve_concurrent_background ... ok
2026-10-07T04:29:43.8948514Z test edit_subscription::the_dialog_opens_as_the_references ... ok
2026-10-07T04:29:43.8972834Z test edit_subscription::the_query_buttons_act_as_the_references ... ok
2026-10-07T04:29:43.8973902Z test embedded_metadata::basics_and_png_instruction_match_the_reference ... ok
2026-10-07T04:29:43.8976053Z test embedded_metadata::exif_sort_selection_and_raw_copy_match_the_reference ... ok
2026-10-07T04:29:43.8982477Z test existing_tags_filter::existing_filter_acceptance_enables_only_the_captured_service_and_round_trips ... ok
2026-10-07T04:29:43.9264744Z test duplicates_filtering::resync_drops_pairs_of_files_out_of_local_storage ... ok
2026-10-07T04:29:43.9383030Z test duplicates_progress::qt_staging_persistence_and_scoped_save_drive_strict_caught_up_preparation_labels ... ok
2026-10-07T04:29:44.0994682Z test export_files::cancellation_and_missing_sources_never_trash_partial_exports ... ok
2026-10-07T04:29:44.1103380Z test export_files::preview_and_confirmations_match_reference_panel ... ok
2026-10-07T04:29:44.1135821Z test export_files::shared_pattern_menu_copies_recorded_phrases_including_its_heading ... ok
2026-10-07T04:29:44.1910585Z test export_files::copies_overwrite_existing_files_and_route_metadata ... ok
2026-10-07T04:29:44.2993176Z test export_files::selected_export_tags_counts_sort_selection_and_copy_match_actual_panel ... ok
2026-10-07T04:29:44.3052788Z test external_calls::actual_defaults_menu_routes_preserve_prior_selection_and_generate_unique_named_keys ... ok
2026-10-07T04:29:44.3082583Z test external_calls::actual_qt_sort_tie_break_casefold_and_duplicate_selection_routes ... ok
2026-10-07T04:29:44.3092192Z test external_calls::actual_reference_substitution_validation_and_argument_cleaning ... ok
2026-10-07T04:29:44.3136416Z test external_calls::cancelling_the_owner_terminates_and_reaps_its_started_direct_child ... ok
2026-10-07T04:29:44.3162392Z test external_calls::command_clipboard_review_and_cleaned_example_match_actual_qt ... ok
2026-10-07T04:29:44.3182365Z test external_calls::command_parameter_queue_selection_reorder_and_keyboard_match_actual_qt ... ok
2026-10-07T04:29:44.3192275Z test external_calls::command_queue_reverse_edit_and_keyboard_origins_match_actual_qt ... ok
2026-10-07T04:29:44.3195048Z test external_calls::duplicate_import_warnings_match_python_repr_and_all_size_boundaries ... ok
2026-10-07T04:29:44.3195854Z test external_calls::list_acceptance_retains_edit_key_and_selection_but_regenerates_import_and_duplicate_keys ... ok
2026-10-07T04:29:44.3206117Z test export_files::sidecar_failure_blocks_trash_even_after_copy_and_success_trashes ... ok
2026-10-07T04:29:44.3684789Z test export_files::symlinks_existing_links_and_hardlinks_preserve_source_content ... ok
2026-10-07T04:29:44.3797050Z test external_calls::saved_call_executes_owned_harmless_process_with_exact_single_argument_and_no_shell_interpretation ... ok
2026-10-07T04:29:44.4573873Z test favourite_search_editor::favourite_controls_replay_reference_domain_sort_collect_and_predicate_values ... ok
2026-10-07T04:29:44.4574818Z test file_history::dropping_worker_cancels_inflight_read_and_never_runs_pending_read ... ok
2026-10-07T04:29:44.4927511Z test ffmpeg_timeout::qt_options_cancel_bounds_reopen_and_concurrent_changes ... ok
2026-10-07T04:29:44.4930601Z test file_history::owned_worker_runs_only_latest_queued_query_and_discards_cancelled_closed_results ... ok
2026-10-07T04:29:44.4936943Z test file_log::clipboard_source_batches_match_actual_reference_imports ... ok
2026-10-07T04:29:44.5328923Z test file_log::renormalisation_collapses_later_duplicates_and_preserves_first_progress_and_metadata ... ok
2026-10-07T04:29:44.5331939Z test file_log::selected_import_objects_match_full_reference_clipboard_bytes ... ok
2026-10-07T04:29:44.5332623Z test file_log::selected_urls_are_one_exact_match_or_container ... ok
2026-10-07T04:29:44.5676122Z test file_history::global_and_filtered_series_ranges_visibility_refresh_and_cancel_match_actual_chart ... ok
2026-10-07T04:29:44.5684569Z test file_log::the_file_log_is_the_references ... ok
2026-10-07T04:29:44.5689195Z test file_maintenance_current::recorded_counts_selection_due_gate_and_numeric_sort_use_typed_identity ... ok
2026-10-07T04:29:44.6169604Z test file_log::source_png_carriers_import_actual_qt_exports_and_render_custom_headers ... ok
2026-10-07T04:29:44.6171969Z test file_maintenance_new::the_tab_says_what_the_reference_does ... ok
2026-10-07T04:29:44.6192738Z test file_relationships::a_file_alone_offers_only_a_search_reset ... ok
2026-10-07T04:29:44.6212532Z test file_relationships::a_grouped_file_shows_its_group_and_what_can_be_undone ... ok
2026-10-07T04:29:44.6769075Z test file_maintenance_new::chosen_files_get_the_job_queued ... ok
2026-10-07T04:29:44.7620209Z test file_relationships::setting_and_undoing_relationships_reaches_the_store ... ok
2026-10-07T04:29:44.8863265Z test file_view_removal::filter_content_pruning_reports_only_domain_departures_after_intervening_trash ... ok
2026-10-07T04:29:45.0433234Z test file_view_removal::filter_removal_matches_recorded_commit_gates_and_skipped_return_file ... ok
2026-10-07T04:29:45.0595070Z test filename_rules::advanced_lists_children_and_filename_consumers_match_real_reference ... ok
2026-10-07T04:29:45.0615740Z test filename_rules::both_original_regex_buttons_offer_the_recorded_help_components_and_favourites ... ok
2026-10-07T04:29:45.0616954Z test filename_rules::child_identity_is_frozen_and_unrelated_callbacks_preserve_it ... ok
2026-10-07T04:29:45.1416625Z test file_view_removal::actual_qt_media_list_trash_move_and_physical_pruning_matrix ... ok
2026-10-07T04:29:45.1421197Z test filename_simple::native_path_backend_matches_actual_reference_rebasing_and_mixed_separator_tags ... ok
2026-10-07T04:29:45.1454842Z test filename_tagging::rows_and_values_are_the_references ... ok
2026-10-07T04:29:45.1455889Z test filename_tagging::single_tags_are_shown_and_removed_for_the_selection ... ok
2026-10-07T04:29:45.1459988Z test filename_tagging::typed_regexes_and_quick_namespaces_are_checked ... ok
2026-10-07T04:29:45.1469377Z test filesize_predicate::choices_bounds_and_explicit_reopening_match_qt ... ok
2026-10-07T04:29:45.1475201Z test filetype_tree::groups_tick_their_filetypes_and_give_back_specific_ones ... ok
2026-10-07T04:29:45.1838418Z test folder_runs::named_then_all_folders_are_flagged_to_run ... ok
2026-10-07T04:29:45.1952411Z test filename_simple::additive_entry_and_selected_union_replay_real_simple_panel_without_spreading_untouched_tags ... ok
2026-10-07T04:29:45.1962281Z test folders::the_export_folder_dialog_is_the_references ... ok
2026-10-07T04:29:45.1964647Z test folders::the_import_folder_dialog_is_the_references ... ok
2026-10-07T04:29:45.1968660Z test folders::the_lists_name_what_they_add_and_edit_uniquely ... ok
2026-10-07T04:29:45.1978943Z test folders::the_lists_rows_are_the_references ... ok
2026-10-07T04:29:45.1979491Z test force_filetype::the_force_filetypes_dialog_is_the_reference_s ... ok
2026-10-07T04:29:45.1987786Z test force_idle::actual_toggle_checks_and_real_worker_entry_matrix ... ok
2026-10-07T04:29:45.1991707Z test formula_editors::fetched_documents_replay_reference_success_error_and_cancellation_context ... ok
2026-10-07T04:29:45.1996666Z test formula_editors::formula_editor_bulk_name_conflicts_match_reference ... ok
2026-10-07T04:29:45.2006935Z test formula_editors::formula_editor_controls_and_parses_match_reference ... ok
2026-10-07T04:29:45.2010995Z test formula_editors::formula_editor_rule_queue_matches_reference_actions ... ok
2026-10-07T04:29:45.2017568Z test formula_editors::formula_editor_type_and_named_list_actions_match_reference ... ok
2026-10-07T04:29:45.2018380Z test formula_editors::formula_editor_type_changes_use_fresh_defaults_and_preserve_separated_content ... ok
2026-10-07T04:29:45.2019734Z test formula_editors::formula_editors_preserve_other_kinds_and_inactive_rule_settings ... ok
2026-10-07T04:29:45.2031300Z test formula_editors::multiple_test_documents_retain_edits_sources_and_selected_child_order ... ok
2026-10-07T04:29:45.2032468Z test formula_editors::recursive_formula_fields_and_transformed_child_data_match_reference ... ok
2026-10-07T04:29:45.2035486Z test formula_editors::scalar_formula_controls_match_reference ... ok
2026-10-07T04:29:45.2039635Z test formula_editors::six_kind_chooser_defaults_match_reference ... ok
2026-10-07T04:29:45.2062600Z test formula_editors::zipper_member_queue_and_substitution_match_reference ... ok
2026-10-07T04:29:45.2083975Z test frame_locations::frame_table_defaults_cells_and_selected_actions_match_actual_qt ... ok
2026-10-07T04:29:45.2663787Z test frame_locations::named_geometry_transactions_preserve_peer_frames_and_latest_viewer_save_preference ... ok
2026-10-07T04:29:45.2864231Z test folders::export_folder_examples_use_recorded_queries_limits_and_media_contexts ... ok
2026-10-07T04:29:45.2897244Z test gallery_source::captions_and_installed_parser_functionality_match_real_reference ... ok
2026-10-07T04:29:45.2898188Z test gallery_source::key_wins_over_conflicting_name_and_cycles_are_bounded ... ok
2026-10-07T04:29:45.2942250Z test gallery_source::two_stage_choices_selection_cancellation_and_empty_warning_match_reference ... ok
2026-10-07T04:29:45.6998049Z test gui_colours::all_twenty_six_rgb_roles_and_independent_tabs_stage_cancel_apply_and_reopen_like_qt ... ok
2026-10-07T04:29:45.7046464Z test frame_locations::settings_keep_unknown_rows_and_merge_unedited_runtime_geometry ... ok
2026-10-07T04:29:45.8283097Z test gui_colours::old_imported_store_keeps_retained_legacy_rgb_until_native_values_take_precedence ... ok
2026-10-07T04:29:45.8334951Z test gui_colours::staged_role_changes_merge_with_live_help_switch_and_other_saved_rgb_roles ... ok
2026-10-07T04:29:45.8362487Z test gui_format::recorded_current_local_offsets_and_ancient_boundaries_match_python ... ok
2026-10-07T04:29:45.8367336Z test gui_format::recorded_summaries_previews_expiry_and_scheduling_variants_reach_existing_models ... ok
2026-10-07T04:29:45.9759672Z test gui_format::precision_reaches_existing_import_png_network_and_service_displays ... ok
2026-10-07T04:29:45.9783081Z test hash_predicate::cleanup_and_explicit_values_match_real_qt ... ok
2026-10-07T04:29:46.0868896Z test how_boned::the_basic_client_s_statistics_read_as_the_reference_s ... ok
2026-10-07T04:29:46.1413309Z test idle_timeout_options::edited_idle_thresholds_merge_without_overwriting_live_unrelated_preferences ... ok
2026-10-07T04:29:46.1531450Z test gui_format::staged_bounds_cancel_save_reopen_and_real_log_columns_match_qt ... ok
2026-10-07T04:29:46.2402478Z test idle_timeout_options::noneable_timeout_controls_replay_qt_defaults_floor_bounds_retention_and_reopen ... ok
2026-10-07T04:29:46.2524057Z test idle_timeout_options::implicit_idle_normalisation_preserves_newer_fields_and_explicit_edits_still_apply ... ok
2026-10-07T04:29:46.2551017Z test idle_timeout_options::saved_timeout_choices_replay_strict_qt_boot_activity_and_ignore_gates ... ok
2026-10-07T04:29:46.2592447Z test image_cache::actual_byte_timeout_and_percentage_controls_match_the_recording ... ok
2026-10-07T04:29:46.4184535Z test image_cache::actual_legacy_native_wins_changed_fields_and_raw_control_values_survive_reopen ... ok
2026-10-07T04:29:46.4216474Z test image_cache::actual_pending_rgb_rgba_touch_admission_soft_overflow_policy_and_expiry ... ok
2026-10-07T04:29:46.4736783Z test image_cache::untouched_normalized_controls_preserve_concurrent_fields_but_explicit_edits_win ... ok
2026-10-07T04:29:46.5323434Z test idle_timeout_options::raw_imported_seconds_normalise_only_on_unchanged_acceptance_as_qt_does ... ok
2026-10-07T04:29:46.5336191Z test import_options_editor::caller_defaults_lists_and_fallback_labels_match_real_reference_editors ... ok
2026-10-07T04:29:46.5360491Z test import_options_editor::defaults_editor_uses_parent_stack_and_retains_hidden_custom_kinds ... ok
2026-10-07T04:29:46.5375447Z test import_options_editor::each_kinds_summary_is_the_references ... ok
2026-10-07T04:29:46.5378393Z test import_options_editor::text_fields_read_and_write_lists_and_renames ... ok
2026-10-07T04:29:46.5379262Z test import_options_editor::the_editors_lists_are_the_references ... ok
2026-10-07T04:29:46.5422560Z test import_options_overwrite::favourite_add_rename_and_delete_preserve_reference_names_and_other_defaults ... ok
2026-10-07T04:29:46.5441016Z test import_options_overwrite::shared_overwrite_presets_and_manual_default_match_real_dialog ... ok
2026-10-07T04:29:46.5462784Z test import_options_panel::sorted_selection_frozen_clear_and_profile_identity_are_independent ... ok
2026-10-07T04:29:46.5566755Z test import_options_panel::three_lists_and_staged_actions_replay_the_reference ... ok
2026-10-07T04:29:46.5740706Z test image_colour::qt_icc_checkbox_cancel_saved_reopen_preserves_concurrent_viewer_rules ... ok
2026-10-07T04:29:46.5747762Z test import_work_slots::missing_and_raw_legacy_keys_preserve_independent_defaults ... ok
2026-10-07T04:29:46.5995947Z test import_work_slots::loaded_out_of_range_controls_normalize_only_on_unchanged_apply ... ok
2026-10-07T04:29:46.6003847Z test importer_menu::an_importers_own_presentation_is_named_and_not_offered_again ... ok
2026-10-07T04:29:46.6004964Z test importer_menu::presentation_summaries_are_the_references ... ok
2026-10-07T04:29:46.6008238Z test importer_menu::the_list_menus_are_the_references ... ok
2026-10-07T04:29:46.6205744Z test database_maintenance::accepted_runs_send_the_reference_s_popups ... ok
2026-10-07T04:29:46.6940316Z test import_work_slots::reference_controls_stay_staged_and_saved_limits_survive_reopening ... ok
2026-10-07T04:29:46.7501631Z test incremental_tagging::actual_qt_initial_clamps_and_long_decimal_previews_preserve_safe_native_inference ... ok
2026-10-07T04:29:46.8298072Z test incremental_tagging::actual_child_defaults_conflicts_reverse_pairs_and_nested_cancellation_replay ... ok
2026-10-07T04:29:46.8597054Z test incremental_tagging::add_then_remove_retains_the_reference_deleted_mapping_in_private_preview ... ok
2026-10-07T04:29:46.8613086Z test local_import_dialog::parsing_shows_its_progress_and_can_be_paused_and_stopped ... ok
2026-10-07T04:29:46.8652582Z test local_import_dialog::the_list_is_the_references ... ok
2026-10-07T04:29:46.8903227Z test incremental_tagging::initial_start_uses_actual_unicode_decimal_sorting_and_ignores_negative_subtags ... ok
2026-10-07T04:29:47.0631745Z test local_transfer::deleted_destination_restores_timestamp_and_stale_source_cannot_move ... ok
2026-10-07T04:29:47.0679862Z test local_transfer::actual_qt_options_defaults_drafts_and_field_scoped_save ... ok
2026-10-07T04:29:47.2090905Z test legacy_seed_caches::upgraded_historical_histories_reach_native_counts_restore_and_reopen_intact ... ok
2026-10-07T04:29:47.2099627Z test login_script_controls::script_cog_matches_qt_login_context_and_rejects_replaced_requests ... ok
2026-10-07T04:29:47.2125929Z test login_workflows::cookie_requirements_match_real_qt_pair_edits_cancel_and_duplicate_looking_keys ... ok
2026-10-07T04:29:47.2161456Z test login_workflows::credentials_match_reference_display_order_status_and_confirmation ... ok
2026-10-07T04:29:47.2228103Z test login_workflows::domain_add_change_and_delete_replay_all_recorded_prompt_chains ... ok
2026-10-07T04:29:47.2243442Z test local_transfer::stale_destination_membership_and_reused_service_id_never_retarget_a_question ... ok
2026-10-07T04:29:47.2295519Z test login_workflows::domain_credentials_replay_reference_validity_activation_cancel_and_delay_reset ... ok
2026-10-07T04:29:47.2322406Z test login_workflows::embedded_step_cookie_list_replays_sorted_pair_actions_and_confirmed_bulk_delete ... ok
2026-10-07T04:29:47.2327812Z test login_workflows::example_domains_replay_reference_defaults_duplicate_errors_and_final_cancel_acceptance ... ok
2026-10-07T04:29:47.2333676Z test login_workflows::login_domain_rows_replay_cookie_expiry_and_pretty_delay_reference ... ok
2026-10-07T04:29:47.2358725Z test login_workflows::login_step_content_replays_reference_unique_import_cancel_sort_and_request_cleanup ... ok
2026-10-07T04:29:47.2389897Z test login_workflows::preserved_credentials_load_then_native_save_controls_domain_warnings ... ok
2026-10-07T04:29:47.2413436Z test login_workflows::request_arguments_replay_real_qt_rename_duplicates_blank_values_and_cancel ... ok
2026-10-07T04:29:47.2437925Z test login_workflows::scripts_import_rename_and_delete_keep_reference_name_and_key_rules ... ok
2026-10-07T04:29:47.2457393Z test login_workflows::three_argument_lists_keep_independent_extended_selection_and_bulk_deletion ... ok
2026-10-07T04:29:47.2733252Z test login_workflows::domain_apply_preserves_concurrent_script_edits_and_rejects_domain_conflicts ... ok
2026-10-07T04:29:47.3288289Z test main_identity::implicit_name_normalisation_and_other_fields_preserve_concurrent_updates ... ok
2026-10-07T04:29:47.4274727Z test ffmpeg_timeout::already_open_import_review_uses_live_store_deadline_for_real_metadata_detection ... ok
2026-10-07T04:29:47.5409166Z test main_menu::import_and_export_folders_are_offered_to_run_now ... ok
2026-10-07T04:29:47.5787445Z test main_menu::repositories_add_their_pages_and_pending_menu ... ok
2026-10-07T04:29:47.5788587Z test manage_notes::copies_as_python_writes_json ... ok
2026-10-07T04:29:47.5803957Z test manage_notes::notes_dialog_steps_as_the_reference ... ok
2026-10-07T04:29:47.5804744Z test manage_notes::the_menu_counts_the_focused_files_notes ... ok
2026-10-07T04:29:47.5903211Z test main_identity::constructor_cancel_unchanged_apply_and_reopen_match_raw_qt_names ... ok
2026-10-07T04:29:47.6693159Z test main_menu::the_menu_bar_is_the_reference_s ... ok
2026-10-07T04:29:47.8721694Z test manage_tags_sort::independent_defaults_stage_cancel_apply_reopen_and_merge_only_changed_context ... ok
2026-10-07T04:29:47.9747596Z test manage_tag_counts::deleted_counts_status_rows_and_global_toggle_replay_apply_cancel_and_reopen ... ok
2026-10-07T04:29:48.1481094Z test manage_tags_sort::open_service_tabs_keep_local_sort_after_options_change_and_new_dialog_reads_default ... ok
2026-10-07T04:29:48.1487547Z test media_view_options::delete_spares_classes_and_add_copies_the_class ... ok
2026-10-07T04:29:48.1512737Z test media_view_options::rows_addable_types_and_editor_choices_are_the_reference_s ... ok
2026-10-07T04:29:48.1673185Z test manage_tags_sort::sibling_sort_uses_raw_tags_when_storage_sibling_information_is_disabled ... ok
2026-10-07T04:29:48.1762818Z test menu_choice_wheel::signed_wrap_and_empty_single_choice_signals_match_actual_qt ... ok
2026-10-07T04:29:48.2628763Z test menu_choice_wheel::simple_options_sort_retains_the_recorded_text_and_count_orders ... ok
2026-10-07T04:29:48.3467771Z test menu_choice_wheel::real_media_type_flat_order_unknown_current_and_matching_order_labels_match_qt ... ok
2026-10-07T04:29:48.3480575Z test menu_choice_wheel::staged_setting_saves_only_its_key_and_unchanged_draft_preserves_live_value ... ok
2026-10-07T04:29:48.4871017Z test merge_options_editor::the_editor_edits_merge_options_as_the_reference_does ... ok
2026-10-07T04:29:48.4889249Z test namespace_colours::edit_recolours_each_selected_entry_in_place ... ok
2026-10-07T04:29:48.6642067Z test merge_summaries::merges_are_summarised_as_the_reference ... ok
2026-10-07T04:29:48.6720727Z test namespace_colours::sorted_add_keeps_qt_positional_range_anchor_then_delete_resets_it ... ok
2026-10-07T04:29:48.6765568Z test namespace_sorts::duplicate_ids_and_frozen_edits_survive_selection_changes_cancel_and_removal ... ok
2026-10-07T04:29:48.6773523Z test namespace_sorts::replay_actual_queue_add_edit_escaped_names_views_moves_and_delete_answers ... ok
2026-10-07T04:29:48.7514205Z test manage_tags_sort::both_contexts_replay_all_real_sort_types_orders_siblings_and_groupings ... ok
2026-10-07T04:29:48.7731516Z test network_data::drafts_preserve_unrelated_edits_and_reject_changed_defaults ... ok
2026-10-07T04:29:48.7752306Z test namespace_colours::qt_namespace_add_normalization_protected_mixed_delete_and_options_cancel_reopen ... ok
2026-10-07T04:29:48.7762223Z test network_data::replay_qt_bandwidth_rows_rules_and_questions ... ok
2026-10-07T04:29:48.7762873Z test network_job_control::cog_replays_actual_qt_context_submenu_and_phase_actions ... ok
2026-10-07T04:29:48.7764448Z test network_job_control::control_auto_policy_targets_future_requests_and_owner_clears_error_once ... ok
2026-10-07T04:29:48.8133299Z test network_data::fresh_live_usage_wins_until_the_daemon_heartbeat_expires ... ok
2026-10-07T04:29:48.8458420Z test network_sessions::automatic_header_questions_replay_reference_deduplicate_and_reject_changed_payloads ... ok
2026-10-07T04:29:48.8491016Z test network_data::reference_bandwidth_age_rule_filters_months_and_history_deletion ... ok
2026-10-07T04:29:48.8773489Z test network_sessions::cleared_session_draft_preserves_a_later_request_cookie ... ok
2026-10-07T04:29:48.9020537Z test network_sessions::cookie_exchange_replays_reference_fields_questions_and_collisions ... ok
2026-10-07T04:29:48.9351089Z test network_sessions::detached_cookie_drafts_preserve_attributes_merge_and_reject_conflicts_atomically ... ok
2026-10-07T04:29:48.9485280Z test network_sessions::header_case_groups_delete_exact_rows_and_reject_concurrent_variant_insertions ... ok
2026-10-07T04:29:48.9506539Z test network_sessions::reference_rows_validation_and_confirmation ... ok
2026-10-07T04:29:48.9626541Z test network_sessions::headers_merge_unrelated_writes_and_cancel_and_reject_same_key_changes ... ok
2026-10-07T04:29:49.0097499Z test network_sessions::malformed_cookie_batches_never_partially_change_the_draft_and_browser_routes_silos ... ok
2026-10-07T04:29:49.0112481Z test open_externally::actual_qt_registered_choices_queue_order_and_protected_mime_rows ... ok
2026-10-07T04:29:49.0141003Z test open_externally::configured_empty_specific_and_missing_call_never_fall_through_custom_route ... ok
2026-10-07T04:29:49.0247042Z test local_transfer::recorded_copy_strict_and_merge_questions_drive_real_memberships ... ok
2026-10-07T04:29:49.0796772Z test open_externally::washing_renames_deduplicates_removes_missing_without_name_remap_and_persists ... ok
2026-10-07T04:29:49.0862711Z test options_dialog::advanced_network_ranges_and_clamps_match_the_reference ... ok
2026-10-07T04:29:49.1396443Z test options_dialog::application_names_and_exit_switch_apply_as_the_reference_does ... ok
2026-10-07T04:29:49.1882384Z test normal_time_maintenance::recorded_flags_cancel_apply_reopen_and_live_peer_preservation ... ok
2026-10-07T04:29:49.1972802Z test notes_preferences::actual_cog_copy_variants_and_options_persistence_replay ... ok
2026-10-07T04:29:49.2494292Z test options_dialog::export_default_directory_matches_recorded_blank_literal_and_portable_paths ... ok
2026-10-07T04:29:49.2612932Z test options_dialog::closing_controls_stage_all_reference_preferences_without_persisting ... ok
2026-10-07T04:29:49.3076416Z test options_dialog::cursor_autohide_control_matches_reference_default_bounds_and_none ... ok
2026-10-07T04:29:49.4124280Z test options_dialog::eye_menu_preferences_follow_all_reference_combinations_without_saving_detached_edits ... ok
2026-10-07T04:29:49.4144563Z test options_dialog::file_search_boolean_controls_replay_reference_defaults_and_staged_edits ... ok
2026-10-07T04:29:49.4351394Z test options_dialog::file_search_limit_controls_stage_and_clamp_reference_values ... ok
2026-10-07T04:29:49.5072559Z test options_dialog::hash_prefix_control_matches_reference_default_and_checkbox ... ok
2026-10-07T04:29:49.6000178Z test options_dialog::notebook_navigation_preferences_match_recorded_controls ... ok
2026-10-07T04:29:49.6045246Z test options_dialog::local_location_option_matches_reference_and_keeps_child_changes_staged ... ok
2026-10-07T04:29:49.6413202Z test options_dialog::passive_background_controls_match_reference_and_stage_independent_copies ... ok
2026-10-07T04:29:49.6613058Z test options_dialog::remembered_options_pages_and_auxiliary_search_match_the_reference ... ok
2026-10-07T04:29:49.6654302Z test options_dialog::regex_favourites_child_edits_wait_for_parent_apply ... ok
2026-10-07T04:29:49.6753494Z test options_dialog::read_presentation_controls_match_reference_ranges_and_staged_values ... ok
2026-10-07T04:29:49.7233223Z test options_dialog::reopening_numeric_options_clamps_saved_advanced_values ... ok
2026-10-07T04:29:49.8042318Z test options_dialog::removed_service_choices_clamp_drafts_and_service_names_are_searchable ... ok
2026-10-07T04:29:49.8453132Z test options_dialog::session_backup_count_matches_recorded_control_and_clamps ... ok
2026-10-07T04:29:49.9179674Z test options_dialog::subscription_concurrency_replays_recorded_clamps_and_committed_parent_states ... ok
2026-10-07T04:29:49.9306447Z test options_dialog::subscription_file_failure_limit_replays_qt_noneable_states_in_parent_transaction ... ok
2026-10-07T04:29:49.9591076Z test options_dialog::system_sleep_controls_match_reference_and_clamp ... ok
2026-10-07T04:29:50.0091514Z test options_dialog::tag_service_controls_match_reference_and_remember_interlock ... ok
2026-10-07T04:29:50.0252964Z test options_dialog::the_options_search_offers_what_the_references_does ... ok
2026-10-07T04:29:50.1023340Z test options_dialog::the_options_pages_are_the_references ... ok
2026-10-07T04:29:50.1260960Z test options_dialog::the_thumbnail_rating_sizes_go_up_to_the_thumbnails_width ... ok
2026-10-07T04:29:50.1943785Z test options_dialog::viewer_canvas_controls_match_reference_and_stage_bounded_values ... ok
2026-10-07T04:29:50.2314167Z test options_dialog::viewer_focus_controls_stage_independent_reference_policies ... ok
2026-10-07T04:29:50.2501407Z test options_dialog::viewer_hover_controls_replay_reference_enabled_states ... ok
2026-10-07T04:29:50.2503709Z test orphan_files::the_popup_says_what_was_cleared ... ok
2026-10-07T04:29:50.2805299Z test options_dialog::viewer_pointer_controls_stage_the_reference_drag_preferences ... ok
2026-10-07T04:29:50.3603899Z test options_dialog::zoom_switch_and_animation_loop_controls_match_reference_and_stage_changes ... ok
2026-10-07T04:29:50.4209039Z test or_connector::qt_raw_blank_newline_cancel_reopen_and_live_namespace_changes_remain_isolated ... ok
2026-10-07T04:29:50.4225176Z test page_layout::qt_live_sizes_saved_hidden_positions_and_signed_legacy_bounds ... ok
2026-10-07T04:29:50.4242655Z test page_navigation_options::history_limit_replays_actual_menu_without_discarding_backing_history ... ok
2026-10-07T04:29:50.4428290Z test page_chooser_options::legacy_checkbox_defaults_are_imported_and_top_choices_remain_independent ... ok
2026-10-07T04:29:50.4482160Z test page_tree::cursor_expansion_and_activation_replay_actual_frame_tree ... ok
2026-10-07T04:29:50.4483420Z test page_tree::stable_keys_survive_reorder_rename_and_closed_cursor_without_stale_activation ... ok
2026-10-07T04:29:50.4492164Z test parser_editors::any_namespace_toggle_retains_the_disabled_namespace ... ok
2026-10-07T04:29:50.4502785Z test page_layout::hide_draft_cancel_apply_reopen_preserves_concurrent_saved_sizes_and_exit_switch ... ok
2026-10-07T04:29:50.4525256Z test parser_editors::auto_fill_reference_owner_leaves_candidates_unapplied_and_reviews_api_pairs ... ok
2026-10-07T04:29:50.4526794Z test parser_editors::content_change_keeps_unsupported_formula_and_note_newlines ... ok
2026-10-07T04:29:50.4923127Z test page_chooser_options::all_flag_combinations_replay_real_service_order_layout_and_choices ... ok
2026-10-07T04:29:50.4946978Z test parser_editors::per_class_parser_choices_replay_matching_groups_and_validate_stable_keys ... ok
2026-10-07T04:29:50.4983233Z test parser_editors::recorded_content_kinds_and_runtime_previews ... ok
2026-10-07T04:29:50.4984231Z test parser_editors::recorded_recursive_subsidiaries_preserve_context_documents_and_runtime_outputs ... ok
2026-10-07T04:29:50.5008451Z test parser_editors::recorded_subsidiary_queue_import_and_duplicate_preserve_keys_and_select_new_rows ... ok
2026-10-07T04:29:50.5009824Z test parser_editors::test_context_rejects_invalid_duplicate_and_reserved_variables ... ok
2026-10-07T04:29:50.5019318Z test parser_editors::timestamp_editor_normalises_recorded_source_choice_and_preserves_converted_metadata ... ok
2026-10-07T04:29:50.5020083Z test parser_test_data::fetched_media_detection_tracks_example_selection_and_clears_on_text_changes ... ok
2026-10-07T04:29:50.5157366Z test parser_editors::native_parser_save_preserves_other_settings_and_rejects_stale_edits ... ok
2026-10-07T04:29:50.5713028Z test parser_test_data::typed_png_summary_and_header_keep_the_recorded_object_package ... ok
2026-10-07T04:29:50.5728940Z test parser_test_data::recorded_raw_data_previews_match_without_changing_the_parser_document ... ok
2026-10-07T04:29:50.5753043Z test page_navigation_options::imported_defaults_and_options_limits_replay_reference_spinbox_clamping ... ok
2026-10-07T04:29:50.5755395Z test popup_freeze::real_qt_hidden_and_minimized_states_do_not_use_focus_and_unknown_is_explicit ... ok
2026-10-07T04:29:50.6333475Z test popup_width::legacy_raw_integers_and_independent_edited_fields_are_preserved ... ok
2026-10-07T04:29:50.6638414Z test popup_freeze::staged_cancel_save_reopen_and_concurrent_popup_fields_are_preserved ... ok
2026-10-07T04:29:50.6669153Z test predicate_history::actual_histories_replay_toggles_recency_cross_page_or_and_clear ... ok
2026-10-07T04:29:50.6670587Z test predicate_history::refused_inputs_reordering_and_stale_history_commands_do_not_mutate_recency ... ok
2026-10-07T04:29:50.7628736Z test parser_editors::changed_links_revalidate_current_class_capability_and_rollback_atomically ... ok
2026-10-07T04:29:50.7713510Z test preview_default_zoom::exact_real_preview_geometry_uses_preview_rules_and_keeps_full_viewer_zooms ... ok
2026-10-07T04:29:50.8505225Z test preview_default_zoom::actual_qt_choices_staged_cancel_save_reopen_and_independent_viewer_policy ... ok
2026-10-07T04:29:50.8508830Z test quick_export_directory::actual_file_submenu_enables_and_selects_quick_export_directory ... ok
2026-10-07T04:29:50.9066205Z test popup_width::qt_bounds_staging_cancel_loaded_normalisation_and_durable_reopen ... ok
2026-10-07T04:29:50.9067392Z test physical_delete_delay::real_constructor_cancel_acceptance_reopen_fields_and_concurrent_policy_replacement ... ok
2026-10-07T04:29:50.9652483Z test preview_default_zoom::retained_legacy_fallback_and_native_wins_survive_store_reopen ... ok
2026-10-07T04:29:51.0399240Z test ratings_editor::a_middle_click_count_sets_an_inc_dec_control_and_nothing_else ... ok
2026-10-07T04:29:51.0444110Z test radio_return::cancelled_staging_changed_save_and_unchanged_concurrent_apply_match_actual_options ... ok
2026-10-07T04:29:51.0787586Z test ratings_editor::the_manage_ratings_dialog_works_as_the_references_does ... ok
2026-10-07T04:29:51.1887153Z test recent_predicates::predicates_have_the_reference_s_type_numbers ... ok
2026-10-07T04:29:51.1919236Z test recent_predicates::each_editor_shows_its_pages_recent_predicates ... ok
2026-10-07T04:29:51.1949798Z test regex_favourites::favourite_rows_and_input_boundaries_match_real_qt ... ok
2026-10-07T04:29:51.1959126Z test regex_favourites::legacy_favourites_load_until_native_values_including_empty_are_saved ... ok
2026-10-07T04:29:51.1959999Z test regex_favourites::matcher_favourite_menu_matches_actual_qt_actions_and_copy_payloads ... ok
2026-10-07T04:29:51.1960798Z test regex_favourites::readonly_row_input_menu_uses_saved_pairs_without_recursive_management ... ok
2026-10-07T04:29:51.1961467Z test regex_favourites::regex_clipboard_components_match_real_qt ... ok
2026-10-07T04:29:51.2175561Z test recent_predicates::recent_predicates_are_kept_as_the_reference_keeps_them ... ok
2026-10-07T04:29:51.2192117Z test related_weights::folded_header_sorts_add_selection_and_independent_tables_match_actual_qt ... ok
2026-10-07T04:29:51.2212707Z test related_weights::namespace_questions_and_detached_tables_match_actual_qt ... ok
2026-10-07T04:29:51.3248598Z test rating_sizes::four_sizes_replay_qt_ranges_fractional_values_cancel_and_reopen ... ok
2026-10-07T04:29:51.3435645Z test related_weights::binary64_result_rounding_and_sibling_contexts_replay_the_actual_db ... ok
2026-10-07T04:29:51.3463010Z test related_weights::search_and_result_weights_change_actual_qt_cosine_ranking_separately ... ok
2026-10-07T04:29:51.3473271Z test recent_predicates::the_reference_s_recent_predicates_come_across ... ok
2026-10-07T04:29:51.3480199Z test search_log::the_search_log_is_the_references ... ok
2026-10-07T04:29:51.3492666Z test search_log::exchange_questions_replay_actual_reference_answers_and_complete_objects ... ok
2026-10-07T04:29:51.3514775Z test search_or::staged_or_replays_actual_read_broadcasts_rewind_cancel_and_single_unwrap ... ok
2026-10-07T04:29:51.3515989Z test search_or::advanced_boolean_preview_replays_all_operators_escapes_and_real_validation ... ok
2026-10-07T04:29:51.4114523Z test related_weights::options_acceptance_merges_only_weights_and_preserves_live_unrelated_preferences ... ok
2026-10-07T04:29:51.4127401Z test selection::selecting_thumbnails_is_the_reference_s ... ok
2026-10-07T04:29:51.4831537Z test services_editor::cancel_name_collision_and_apply_publish_snapshot ... ok
2026-10-07T04:29:51.5576322Z test services_editor::deletion_reconciles_deleted_union_and_display_counts ... ok
2026-10-07T04:29:51.5652374Z test related_weights::real_service_mappings_replay_recorded_ranks_and_never_cross_service ... ok
2026-10-07T04:29:51.5653104Z test services_editor::numerical_example_one_star_retains_live_conversion_but_saves_normalized_scale ... ok
2026-10-07T04:29:51.5654323Z test services_editor::numerical_settings_normalize_as_reference ... ok
2026-10-07T04:29:51.5663978Z test services_editor::rating_example_whole_widget_pointer_routes_replay_qt ... ok
2026-10-07T04:29:51.5754802Z test selected_deletion_records::real_writer_later_batch_error_preserves_first_commit_and_remaining_records ... ok
2026-10-07T04:29:51.5778141Z test selected_deletion_records::captured_clearable_records_match_actual_reference_changes_during_question ... ok
2026-10-07T04:29:51.6142351Z test services_editor::nonempty_domain_race_rejects_and_rolls_back_all_edits ... ok
2026-10-07T04:29:51.6143074Z test services_review::deleted_record_double_confirmation_matches_reference ... ok
2026-10-07T04:29:51.6223648Z test services_editor::writer_rechecks_last_domain_and_rating_limits ... ok
2026-10-07T04:29:51.7032182Z test services_editor::rating_examples_replay_qt_samples_live_configuration_and_no_saved_values ... ok
2026-10-07T04:29:51.7042220Z test session_lifecycle::autosave_replays_idle_retries_period_changes_and_stopping_for_other_startup ... ok
2026-10-07T04:29:51.7055497Z test session_lifecycle::idle_requires_boot_user_mouse_and_api_timeouts_and_enabled_normal_work ... ok
2026-10-07T04:29:51.7056226Z test session_lifecycle::real_auxiliary_dialog_mouse_and_api_actions_update_independent_idle_timers ... ok
2026-10-07T04:29:51.7056944Z test session_lifecycle::recovery_question_matches_real_startup_dialog_labels_message_and_auto_yes_time ... ok
2026-10-07T04:29:51.7057618Z test session_lifecycle::size_warning_replays_real_threshold_seed_weight_disabled_and_one_boot_latch ... ok
2026-10-07T04:29:51.7058177Z test session_saving::backup_menu_labels_match_the_reference ... ok
2026-10-07T04:29:51.7058627Z test session_saving::clear_and_load_asks_as_the_references_does ... ok
2026-10-07T04:29:51.7059107Z test session_saving::saving_sessions_asks_and_saves_as_the_reference ... ok
2026-10-07T04:29:51.7059619Z test session_weight::the_report_weighs_files_as_one_and_urls_as_twenty ... ok
2026-10-07T04:29:51.7060110Z test set_password::scripted_answers_ask_and_save_as_the_reference ... ok
2026-10-07T04:29:51.7094377Z test shortcut_capture::actual_qt_keyboard_and_mouse_controls_replay_exact_values_text_and_modes ... ok
2026-10-07T04:29:51.7096959Z test services_editor::reference_rows_guards_and_defaults ... ok
2026-10-07T04:29:51.7100603Z test shortcut_capture::saved_keypad_policy_preserves_digits_and_resolves_non_number_alternates ... ok
2026-10-07T04:29:51.7477201Z test services_review::review_matches_reference_statistics ... ok
2026-10-07T04:29:51.7478537Z test shortcut_content::the_editor_builds_and_reads_back_commands ... ok
2026-10-07T04:29:51.7498793Z test services_review::local_bulk_actions_match_recorded_confirmations_and_reject_wrong_service ... ok
2026-10-07T04:29:51.7552938Z test shortcut_sets::custom_sets_are_named_apart_deleted_and_defaults_restored ... ok
2026-10-07T04:29:51.7562627Z test shortcut_sets::a_new_client_has_the_reference_s_default_sets ... ok
2026-10-07T04:29:51.7582252Z test shortcut_sets::names_order_and_descriptions_are_the_reference_s ... ok
2026-10-07T04:29:51.7584532Z test shutdown_work::shutdown_work_runs_asks_or_skips_as_the_reference_decides ... ok
2026-10-07T04:29:51.8381552Z test shutdown_work::the_work_analyzes_the_due_tables_and_registers_itself ... ok
2026-10-07T04:29:51.8627062Z test shortcut_content::a_tag_is_added_then_flipped_off ... ok
2026-10-07T04:29:51.8713126Z test shortcut_content::ratings_set_flip_and_step ... ok
2026-10-07T04:29:51.9060148Z test sidecar_descriptions::routers_are_described_as_the_reference_describes_them ... ok
2026-10-07T04:29:51.9132471Z test sibling_colours::qt_collapsed_parent_suffix_keeps_its_own_fade_and_ideal_trailing_colour ... ok
2026-10-07T04:29:51.9150706Z test sidecar_editors::recorded_router_queue_restrictions_veto_wrong_direction_and_sources ... ok
2026-10-07T04:29:51.9550551Z test sidecar_editors::json_object_name_queue_replays_literal_reference_rows_and_exporter_values ... ok
2026-10-07T04:29:51.9811686Z test sidecar_editors::recorded_router_tables_and_child_strings_use_real_sidecars_and_read_only_media ... ok
2026-10-07T04:29:52.0633579Z test sidecar_previews::each_files_sidecars_are_shown_as_the_reference_shows_them ... ok
2026-10-07T04:29:52.0966087Z test sidecar_editors::the_sidecar_editors_show_and_edit_as_the_reference_does ... ok
2026-10-07T04:29:52.1143355Z test sibling_connector::connector_options_replay_stage_cancel_apply_and_live_consumers ... ok
2026-10-07T04:29:52.1189824Z test string_converter_editor::date_controls_and_live_preview_follow_real_qt_accept_cancel_and_reorder ... ok
2026-10-07T04:29:52.1202899Z test string_converter_editor::last_conversion_loads_reference_options_then_native_override ... ok
2026-10-07T04:29:52.1325250Z test string_converter_editor::the_string_converter_editor_works_as_the_references_does ... ok
2026-10-07T04:29:52.1342959Z test string_match_editor::the_string_match_editor_works_as_the_references_does ... ok
2026-10-07T04:29:52.1372898Z test string_processor_editor::processor_exchange_appends_reference_steps_and_rejects_invalid_data_atomically ... ok
2026-10-07T04:29:52.1396595Z test string_processor_editor::the_string_processor_editor_works_as_the_references_does ... ok
2026-10-07T04:29:52.1410953Z test string_tag_filter_tests::a_tag_filter_step_tests_its_example_as_the_references_does ... ok
2026-10-07T04:29:52.1859670Z test sort_cog::actual_sidebar_availability_and_independent_collect_service_checks ... ok
2026-10-07T04:29:52.1898343Z test subscription_exchange::missing_history_question_matches_actual_qt_message_title_and_decisions ... ok
2026-10-07T04:29:52.1985946Z test subscription_exchange::draft_log_changes_export_exact_reference_counts_examples_and_complete_histories ... ok
2026-10-07T04:29:52.2023089Z test subscription_exchange::unsupported_seed_runtime_data_leaves_the_entire_owner_draft_unchanged ... ok
2026-10-07T04:29:52.2038255Z test subscription_import_options::subscription_paste_modes_and_clear_match_recorded_reference_outputs ... ok
2026-10-07T04:29:52.2441004Z test subscription_exchange::staged_full_subscription_import_resolves_names_and_persists_both_histories ... ok
2026-10-07T04:29:52.2448019Z test subscriptions_buttons::batch_merge_reserves_names_after_absorption_and_keeps_successor_edits ... ok
2026-10-07T04:29:52.2488943Z test sort_cog::menus_replay_service_order_separators_views_checks_and_full_context_preservation ... ok
2026-10-07T04:29:52.2550435Z test subscriptions_dedupe::deduplicate_asks_and_dedupes_as_the_reference ... ok
2026-10-07T04:29:52.2618274Z test subscriptions_list::the_dialogs_buttons_act_as_the_references ... ok
2026-10-07T04:29:52.2643544Z test subscriptions_list::the_list_sorts_by_the_column_chosen ... ok
2026-10-07T04:29:52.2664491Z test subscriptions_list::the_lists_rows_are_the_references ... ok
2026-10-07T04:29:52.2670035Z test subscriptions_buttons::the_other_buttons_act_as_the_references ... ok
2026-10-07T04:29:52.2679748Z test system_or_activation::actual_system_activation_replays_shift_cancel_drafts_and_outer_acceptance ... ok
2026-10-07T04:29:52.2685676Z test tab_context::menus_expose_six_sorts_and_only_possible_moves ... ok
2026-10-07T04:29:52.2686451Z test tab_context::dynamic_close_select_move_and_sort_menus_match_real_reference ... ok
2026-10-07T04:29:52.2687132Z test tab_context::sorts_and_moves_match_the_reference ... ok
2026-10-07T04:29:52.2688042Z test tab_context::notebook_session_submenus_match_actual_tab_popup_reserved_name_rules ... ok
2026-10-07T04:29:52.2699843Z test tab_drag::drag_threshold_disabled_and_cancel_are_owned_and_deterministic ... ok
2026-10-07T04:29:52.2709607Z test tab_drag::real_drop_order_and_independent_shift_decisions_preserve_the_source_object ... ok
2026-10-07T04:29:52.3716811Z test subscription_quality::durable_logs_and_current_file_states_match_reference_quality_outputs ... ok
2026-10-07T04:29:52.3743105Z test tab_presentation::middle_names_replay_actual_qt_paint_without_changing_stored_names ... ok
2026-10-07T04:29:52.3826934Z test tag_banner::detached_banner_drafts_match_actual_qt_queue_and_live_preview ... ok
2026-10-07T04:29:52.4001516Z test sibling_colours::qt_sibling_colours_stage_cancel_apply_reopen_and_all_live_model_runs ... ok
2026-10-07T04:29:52.4013518Z test tag_banner::unicode_decimal_chunk_order_and_live_preview_match_actual_qt ... ok
2026-10-07T04:29:52.4513247Z test tab_drag::independent_drag_preferences_replay_exact_qt_options_cancel_save_and_reopen ... ok
2026-10-07T04:29:52.4643422Z test tag_banner::option_banner_children_stage_by_original_target_and_save_only_with_parent ... ok
2026-10-07T04:29:52.5913337Z test tag_dialog_defaults::tag_service_defaults_and_immediate_memory_replay_reference_dialogs ... ok
2026-10-07T04:29:52.6343265Z test tag_dialog_preferences::options_defaults_stage_cancel_apply_and_preserve_autocomplete_preferences ... ok
2026-10-07T04:29:52.6834560Z test tag_display::deleting_the_last_applied_source_preserves_disabled_self_rules ... ok
2026-10-07T04:29:52.7354564Z test tag_display::staged_interlocks_match_reference ... ok
2026-10-07T04:29:52.7357542Z test tag_display::widget_options_gate_gui_queries_only ... ok
2026-10-07T04:29:52.8462526Z test tag_display::queues_disable_reorder_reopen_counts_daemon_and_clear_filter ... ok
2026-10-07T04:29:52.8502829Z test tag_filter_editor::the_editor_shows_and_edits_a_filter_as_the_reference_does ... ok
2026-10-07T04:29:52.9059141Z test tag_filter_favourites::concurrent_favourite_saves_merge_and_invalid_exchange_cannot_change_settings ... ok
2026-10-07T04:29:52.9073147Z test tag_filter_favourites::reference_bulk_paste_and_extra_blacklist_panels_keep_rule_and_test_semantics ... ok
2026-10-07T04:29:52.9129173Z test tag_display::write_autocomplete_uses_override_or_launcher_domain_and_rejects_tag_locations ... ok
2026-10-07T04:29:52.9170435Z test tag_dialog_preferences::storage_rows_and_service_topologies_replay_all_reference_combinations ... ok
2026-10-07T04:29:52.9661265Z test tag_migration::archive_inspection_choices_cancellation_and_count_summaries_match_qt ... ok
2026-10-07T04:29:52.9662865Z test tag_migration::migration_popup_speed_and_phase_text_replay_actual_qt_outputs ... ok
2026-10-07T04:29:52.9708285Z test tag_filter_favourites::reference_favourite_workflow_preserves_cancelled_drafts_and_saves_immediately ... ok
2026-10-07T04:29:53.0173764Z test tab_presentation::legacy_defaults_and_staged_controls_replay_actual_options_then_reopen ... ok
2026-10-07T04:29:53.0248810Z test tag_migration::reference_choices_and_second_confirmation ... ok
2026-10-07T04:29:53.0903255Z test tag_migration::pair_summary_replays_equal_asymmetric_and_equal_text_distinct_filters ... ok
2026-10-07T04:29:53.1608623Z test tag_namespace_order::namespace_changes_merge_with_concurrent_presentation_edits_and_unchanged_list ... ok
2026-10-07T04:29:53.1622559Z test tag_namespace_order::raw_allow_blank_queue_actions_and_all_tag_sorts_match_qt ... ok
2026-10-07T04:29:53.1804252Z test tag_migration::reference_database_pending_outcomes ... ok
2026-10-07T04:29:53.2302006Z test tag_relationships::apply_republishes_graphs_and_counts_atomically_and_rolls_back_errors ... ok
2026-10-07T04:29:53.2341457Z test tag_relationships::changes_refresh_other_services_applying_the_source ... ok
2026-10-07T04:29:53.2400448Z test tag_list_display_types::exact_choices_stage_cancel_apply_reopen_and_preserve_old_payload_defaults ... ok
2026-10-07T04:29:53.2967102Z test tag_relationships::per_service_inputs_cancel_import_and_selection ... ok
2026-10-07T04:29:53.2983334Z test tag_relationships::invalid_batch_graphs_are_reported_and_leave_valid_relationships_untouched ... ok
2026-10-07T04:29:53.2992977Z test tag_suggestions::broadcast_keeps_selected_tag_identity_but_switching_services_retires_selection ... ok
2026-10-07T04:29:53.3686870Z test tag_relationships::repository_changes_keep_reasons_and_rescinds_across_reopen ... ok
2026-10-07T04:29:53.3719198Z test tag_migration::reference_database_pair_filters_and_destinations ... ok
2026-10-07T04:29:53.4252002Z test tag_sync_review::a_service_counts_its_rules ... ok
2026-10-07T04:29:53.4253207Z test tag_sync_review::the_status_follows_the_sync_switches ... ok
2026-10-07T04:29:53.4866124Z test tag_relationships::reference_rows_questions_conflicts_and_loops ... ok
2026-10-07T04:29:53.4903035Z test thumbnail_cache::byte_amount_unit_decomposition_matches_real_qt_controls ... ok
2026-10-07T04:29:53.4923723Z test thumbnail_cache::byte_lru_soft_overflow_timeout_touch_policy_and_clear_match_actual_reference ... ok
2026-10-07T04:29:53.5670209Z test tag_suggestions::most_used_options_merge_per_service_and_reach_filtered_add_only_media ... ok
2026-10-07T04:29:53.6284273Z test thumbnail_cache::independent_options_edits_merge_with_a_newer_saved_timeout ... ok
2026-10-07T04:29:53.6289324Z test thumbnail_maintenance::jobs_are_in_the_reference_s_order_with_its_words ... ok
2026-10-07T04:29:53.6293969Z test thumbnail_maintenance::questions_follow_the_selection_size ... ok
2026-10-07T04:29:53.6305847Z test thumbnail_navigation::exact_visibility_boundaries_and_rate_ties_negative_zero_and_errors_match_qt ... ok
2026-10-07T04:29:53.6318465Z test thumbnail_navigation::optional_last_hit_origin_preserves_actual_ranges_focus_and_repeated_navigation ... ok
2026-10-07T04:29:53.6744194Z test tag_suggestions::layout_and_default_choices_replay_all_recorded_available_pages_without_eager_writes ... ok
2026-10-07T04:29:53.7067296Z test thumbnail_cache::raw_timeout_is_preserved_until_its_minute_fields_are_edited ... ok
2026-10-07T04:29:53.7187686Z test thumbnail_preview_selection::all_qt_modifier_ranges_focus_anchor_ghost_and_keyboard_publications ... ok
2026-10-07T04:29:53.7188914Z test thumbnail_appearance::actual_defaults_cancel_raw_paths_reopen_and_current_field_merge ... ok
2026-10-07T04:29:53.7222970Z test thumbnail_ratings::a_counter_is_as_wide_as_the_reference_s ... ok
2026-10-07T04:29:53.7223773Z test thumbnail_ratings::a_fraction_is_written_as_the_reference_writes_it ... ok
2026-10-07T04:29:53.7242647Z test thumbnail_preview_selection::exact_singleton_zero_and_collection_aggregate_duration_eligibility ... ok
2026-10-07T04:29:53.8929112Z test thumbnail_ratings::numerical_ratings_shapes_are_placed_as_the_reference_s_are ... ok
2026-10-07T04:29:53.8929739Z test thumbnail_ratings::ratings_of_a_kind_share_a_row ... ok
2026-10-07T04:29:53.8934210Z test times_editor::a_file_modified_time_before_1980_stays_off_a_windows_disk ... ok
2026-10-07T04:29:53.8972443Z test times_editor::the_manage_times_dialog_works_as_the_references_does ... ok
2026-10-07T04:29:54.0871001Z test unselected_tag_cap::recorded_bounds_none_zero_cancel_and_saved_preferences ... ok
2026-10-07T04:29:54.0883825Z test urls_editor::the_manage_urls_dialog_works_as_the_references_does ... ok
2026-10-07T04:29:54.0886148Z test vacuum_review::a_row_says_size_free_space_and_readiness ... ok
2026-10-07T04:29:54.0887119Z test vacuum_review::estimates_read_as_the_reference_s ... ok
2026-10-07T04:29:54.0892552Z test viewer_closing::closing_actions_match_real_reference_notification_order ... ok
2026-10-07T04:29:54.0897187Z test viewer_cursor::actual_cursor_checks_match_reference_clock_focus_menu_and_motion ... ok
2026-10-07T04:29:54.1218232Z test thumbnail_navigation::staged_exact_controls_import_cancel_invalid_rate_save_and_reopen_match_qt ... ok
2026-10-07T04:29:54.1227775Z test viewer_drag::anchored_and_touch_overridden_drags_replay_actual_qt_threshold_and_warps ... ok
2026-10-07T04:29:54.1293642Z test viewer_prefetch::actual_atomic_finished_only_flush_preserves_all_entries_on_failure ... ok
2026-10-07T04:29:54.1344185Z test viewer_prefetch::actual_pending_loaded_recounts_equality_unknown_and_one_miss_passes ... ok
2026-10-07T04:29:54.1365067Z test viewer_prefetch::all_actual_circular_next_first_neighbour_orders_and_controls ... ok
2026-10-07T04:29:54.1540523Z test viewer_drag::anchor_options_remain_drafts_until_apply_and_survive_reopen ... ok
2026-10-07T04:29:54.1552899Z test viewer_shortcut_menu::custom_sets_flip_on_and_off_in_order ... ok
2026-10-07T04:29:54.2026570Z test viewer_prefetch::legacy_native_wins_and_normalized_passive_apply_preserves_concurrent_fields ... ok
2026-10-07T04:29:54.2032110Z test viewer_tag_wheel::parent_wheel_gates_replay_actual_qt_boundaries_and_directions ... ok
2026-10-07T04:29:54.2211016Z test viewer_tag_wheel::four_policy_choices_stage_cancel_save_and_reopen_with_reference_labels ... ok
2026-10-07T04:29:54.2502360Z test viewing_maintenance::cull_reads_current_rules_and_a_preview_validation_failure_preserves_media_rows ... ok
2026-10-07T04:29:54.2560604Z test viewing_statistics::completed_view_policy_matches_real_manager_caps_minima_durations_and_filter_switches ... ok
2026-10-07T04:29:54.2926711Z test thumbnail_ratings::the_ratings_over_thumbnails_are_the_references ... ok
2026-10-07T04:29:54.2936250Z test viewing_statistics::preview_timed_policy_matches_actual_manager_and_keeps_its_own_canvas_category ... ok
2026-10-07T04:29:54.3228285Z test thumbnail_preview_selection::actual_defaults_disabled_values_cancel_reopen_and_edited_field_merge ... ok
2026-10-07T04:29:54.3397421Z test viewing_maintenance::reference_clear_cull_questions_rules_errors_and_real_reopened_media_match ... ok
2026-10-07T04:29:54.3463678Z test viewing_statistics::preview_options_replay_actual_none_bounds_conversion_and_cancelled_parent ... ok
2026-10-07T04:29:54.3853357Z test viewing_statistics::viewing_menu_controls_match_qt_and_preserve_the_parent_draft ... ok
2026-10-07T04:29:54.3870748Z test window_rescue::actual_visibility_corner_order_fuzzy_tests_and_fallback_match_qt ... ok
2026-10-07T04:29:54.3993240Z test viewing_statistics::timing_controls_replay_qt_bounds_none_and_millisecond_conversion ... ok
2026-10-07T04:29:54.4756549Z test viewing_statistics::tracker_counts_once_on_change_or_close_reads_live_policy_and_preserves_latest_start ... ok
2026-10-07T04:29:54.5206378Z test viewtime_milliseconds::editor_and_imported_predicates_match_reference_millisecond_queries ... ok
2026-10-07T04:29:54.5559107Z test write_autocomplete::children_limit_option_matches_reference_and_persists_only_accepted_drafts ... ok
2026-10-07T04:29:54.6435693Z test write_autocomplete::clipboard_additions_keep_existing_text_and_result_selection ... ok
2026-10-07T04:29:54.6863031Z test write_autocomplete::detached_import_tag_lists_replay_reference_and_never_mutate_caller ... ok
2026-10-07T04:29:54.6986601Z test window_rescue::staged_bounds_import_cancel_persistence_and_reopen_match_actual_qt ... ok
2026-10-07T04:29:54.7355322Z test write_autocomplete::exact_rows_counts_domains_decorations_and_first_selection_match_reference ... ok
2026-10-07T04:29:54.7943160Z test write_autocomplete::favourite_and_count_ordered_children_tabs_replay_reference_caps_and_context ... ok
2026-10-07T04:29:54.8661196Z test write_autocomplete::favourite_options_replay_add_only_choices_and_parent_transaction ... ok
2026-10-07T04:29:54.8694538Z test write_autocomplete::paste_questions_skip_and_add_only_staging_follow_reference ... ok
2026-10-07T04:29:54.9118738Z test write_autocomplete::read_favourite_and_children_tabs_replay_real_qt_lists_and_context_changes ... ok
2026-10-07T04:29:54.9727452Z test write_autocomplete::recorded_logical_selection_ranges_parent_hits_and_batch_activation ... ok
2026-10-07T04:29:55.0248494Z test write_autocomplete::relationship_inputs_replay_real_add_only_paste_and_opposite_side_removal ... ok
2026-10-07T04:29:55.0343341Z test write_autocomplete::seeded_relationship_editors_replay_service_defaults_memory_and_cancel ... ok
2026-10-07T04:29:55.0684359Z test write_autocomplete::six_write_options_replay_recorded_defaults_and_stay_staged_until_apply ... ok
2026-10-07T04:29:55.1214771Z test write_autocomplete::tag_menu_copy_decorations_favourites_and_launch_replay_real_qt_actions ... ok
2026-10-07T04:29:55.1299798Z test write_autocomplete::write_domain_menus_and_interlocks_replay_reference_without_persisting_options ... ok
2026-10-07T04:29:55.1300267Z 
2026-10-07T04:29:55.1300492Z test result: ok. 525 passed; 0 failed; 0 ignored; 0 measured; 0 filtered out; finished in 13.22s
2026-10-07T04:29:55.1300786Z 
2026-10-07T04:29:55.1364643Z [1m[92m     Running[0m unittests src/lib.rs (target/debug/deps/hydrus_net-f9a86f8ab507ac73)
2026-10-07T04:29:55.1382478Z 
2026-10-07T04:29:55.1382660Z running 14 tests
2026-10-07T04:29:55.1386057Z test cookies::tests::sends_matching_cookies_longest_path_first ... ok
2026-10-07T04:29:55.1386701Z test cookies::tests::reads_set_cookie_like_cookiejar ... ok
2026-10-07T04:29:55.1389748Z test engine::reload_tests::automatic_control_override_has_strict_five_second_boundary_and_sticks ... ok
2026-10-07T04:29:55.1613125Z test engine::reload_tests::connection_retry_skip_is_consumed_once_and_unrelated_wakes_do_not_skip ... ok
2026-10-07T04:29:55.1616469Z test engine::reload_tests::independent_auto_override_owners_do_not_disable_each_other ... ok
2026-10-07T04:29:55.1617236Z test engine::reload_tests::job_speed_samples_the_current_second_and_expires_at_rollover ... ok
2026-10-07T04:29:55.2049250Z test engine::reload_tests::changed_options_are_picked_up ... ok
2026-10-07T04:29:55.2103358Z test engine::reload_tests::options_unchanged_keep_their_slots ... ok
2026-10-07T04:29:55.2232426Z test engine::reload_tests::formatting_refresh_wakes_a_pending_gallery_label_and_preserves_its_token_and_job ... ok
2026-10-07T04:29:55.2273164Z test engine::reload_tests::formatting_refresh_keeps_a_bandwidth_wait_and_its_usage_and_cancel_reason ... ok
2026-10-07T04:29:55.2274003Z test text::tests::decodes_by_header_then_utf8_then_meta_then_guess ... ok
2026-10-07T04:29:55.2561752Z test engine::reload_tests::sleep_detection_obeys_threshold_delay_and_disabled_pending_wait ... ok
2026-10-07T04:29:55.2638248Z test engine::reload_tests::runtime_domain_scrub_wakes_a_registered_domain_gate_and_preserves_unrelated_errors ... ok
2026-10-07T04:29:55.2884767Z test engine::reload_tests::saved_formatting_replays_actual_backend_waits_and_reopens_without_changing_rules ... ok
2026-10-07T04:29:55.2885100Z 
2026-10-07T04:29:55.2885255Z test result: ok. 14 passed; 0 failed; 0 ignored; 0 measured; 0 filtered out; finished in 0.15s
2026-10-07T04:29:55.2885453Z 
2026-10-07T04:29:55.2900201Z [1m[92m     Running[0m tests/engine.rs (target/debug/deps/engine-5919fe9044c0ba45)
2026-10-07T04:29:55.2918702Z 
2026-10-07T04:29:55.2918774Z running 25 tests
2026-10-07T04:29:55.5801447Z test a_job_ends_as_the_references_do_and_has_a_speed ... ok
2026-10-07T04:29:56.3810071Z test a_domain_with_several_serious_errors_waits ... ok
2026-10-07T04:29:56.5115114Z test cancels ... ok
2026-10-07T04:29:56.5812898Z test deleting_history_discards_stale_flushes_resets_live_limits_and_wakes_waiters ... ok
2026-10-07T04:29:56.7136622Z test disabling_sleep_detection_reloads_and_releases_pending_requests ... ok
2026-10-07T04:29:56.7434310Z test gives_up_on_redirect_loops_and_dead_servers ... ok
2026-10-07T04:29:57.6188729Z test boot_pause_blocks_real_requests_and_resume_does_not_reset_the_preference ... ok
2026-10-07T04:29:57.6464140Z test keeps_cookies_through_redirects ... ok
2026-10-07T04:29:59.0133807Z test independent_engines_add_new_usage_without_replacing_each_other_or_double_counting ... ok
2026-10-07T04:29:59.0462594Z test requests_go_through_the_clients_proxy ... ok
2026-10-07T04:29:59.6740923Z test nothing_goes_out_while_all_new_network_traffic_is_paused ... ok
2026-10-07T04:29:59.7061654Z test resumes_files_with_ranged_requests ... ok
2026-10-07T04:29:59.7470005Z test runtime_cog_connection_override_releases_only_the_current_retry ... ok
2026-10-07T04:29:59.8088191Z test runtime_cog_gallery_override_does_not_release_other_gallery_waiters ... ok
2026-10-07T04:29:59.8498502Z test runtime_cog_server_retry_domain_scrub_and_retained_error ... ok
2026-10-07T04:29:59.8938272Z test runtime_live_transfer_progress_and_usage_precede_the_durable_save ... ok
2026-10-07T04:29:59.9619967Z test runtime_override_releases_a_live_bandwidth_wait_and_counts_usage ... ok
2026-10-07T04:30:00.0500807Z test runtime_registry_cancellation_ipc_and_dropped_fetch ... ok
2026-10-07T04:30:00.0739037Z test requests_wait_a_little_after_the_computer_wakes ... ok
2026-10-07T04:30:00.1073861Z test saved_byte_precision_reaches_both_real_overlength_errors_after_reload ... ok
2026-10-07T04:30:00.1238264Z test sends_the_clients_headers ... ok
2026-10-07T04:30:00.1409413Z test statuses_become_errors_or_retries ... ok
2026-10-07T04:30:00.1552669Z test url_class_overrides_and_no_range_for_posts ... ok
2026-10-07T04:30:00.3785817Z test a_header_awaiting_approval_holds_its_requests ... ok
2026-10-07T04:30:02.1092990Z test bandwidth_rules_space_out_requests_and_count_their_data ... ok
2026-10-07T04:30:02.1093344Z 
2026-10-07T04:30:02.1093562Z test result: ok. 25 passed; 0 failed; 0 ignored; 0 measured; 0 filtered out; finished in 6.82s
2026-10-07T04:30:02.1093855Z 
2026-10-07T04:30:02.1105821Z [1m[92m     Running[0m tests/login.rs (target/debug/deps/login-d97655e61474ced9)
2026-10-07T04:30:02.1124370Z 
2026-10-07T04:30:02.1124446Z running 14 tests
2026-10-07T04:30:02.1864285Z test cancellation_stops_an_active_request_and_keeps_partial_results ... ok
2026-10-07T04:30:02.1906788Z test abandoned_unpolled_login_worker_releases_metadata_and_the_shared_admission_gate ... ok
2026-10-07T04:30:02.2424090Z test confirmed_login_reset_reaches_an_existing_http_engine_and_keeps_other_sessions ... ok
2026-10-07T04:30:02.2725984Z test completed_step_is_delivered_before_later_http_and_survives_wait_cancellation ... ok
2026-10-07T04:30:02.2749244Z test final_outcomes_guard_script_identity_and_preserve_domain_preferences ... ok
2026-10-07T04:30:02.4720791Z test demand_eligibility_replays_actual_reference_domains_cookies_errors_and_key_fallback ... ok
2026-10-07T04:30:02.5620242Z test global_process_cancel_uses_its_owner_id_and_persists_reference_delay_without_a_second_step ... ok
2026-10-07T04:30:02.5891613Z test invalid_demand_waits_for_ordinary_jobs_and_cancels_subscription_with_recorded_note ... ok
2026-10-07T04:30:02.7581093Z test real_http_steps_replay_reference_tokens_cookie_checks_veto_401_and_cancel ... ok
2026-10-07T04:30:02.7581630Z test request_plan_replaces_www_and_orders_static_credentials_then_temporary_values ... ok
2026-10-07T04:30:02.7825882Z test shared_login_session_state_replays_required_cookie_expiry_and_reset ... ok
2026-10-07T04:30:04.1984548Z test automatic_demand_replays_reference_http_and_reuses_one_connection_slot ... ok
2026-10-07T04:30:04.2492231Z test cancelled_trigger_keeps_reference_global_login_alive_for_another_engine ... ok
2026-10-07T04:30:06.3556939Z test forced_manual_login_serializes_demand_across_independently_opened_engines ... ok
2026-10-07T04:30:06.3557190Z 
2026-10-07T04:30:06.3557378Z test result: ok. 14 passed; 0 failed; 0 ignored; 0 measured; 0 filtered out; finished in 4.24s
2026-10-07T04:30:06.3557576Z 
2026-10-07T04:30:06.3579242Z [1m[92m     Running[0m unittests src/lib.rs (target/debug/deps/hydrus_search-2cc7af08605d6765)
2026-10-07T04:30:06.3597418Z 
2026-10-07T04:30:06.3597517Z running 57 tests
2026-10-07T04:30:06.3600878Z test entry::tests::counters_are_known_by_key_and_by_name_in_any_case ... ok
2026-10-07T04:30:06.3602342Z test entry::tests::ratings_by_key_sort_by_their_service_s_name ... ok
2026-10-07T04:30:06.3616456Z test api::tests::negation_wildcards_and_namespaces ... ok
2026-10-07T04:30:06.3622379Z test exec::numbers::tests::counts_match_the_reference_lambda ... ok
2026-10-07T04:30:06.3622917Z test exec::numbers::tests::exclusions_and_edges ... ok
2026-10-07T04:30:06.3623514Z test exec::sort::tests::a_page_s_ties_keep_its_order_and_its_files_without_values_its_default ... ok
2026-10-07T04:30:06.3624362Z test exec::sort::tests::colour_keys_match_the_reference ... ok
2026-10-07T04:30:06.3624852Z test exec::numbers::tests::open_ranges_are_strict ... ok
2026-10-07T04:30:06.3625335Z test exec::sort::tests::ties_keep_id_order_in_both_directions ... ok
2026-10-07T04:30:06.3625815Z test exec::tags::tests::like_follows_sqlite ... ok
2026-10-07T04:30:06.3626287Z test exec::tags::tests::matching_uses_the_searchable_form ... ok
2026-10-07T04:30:06.3626798Z test exec::tags::tests::patterns_follow_the_reference_modes ... ok
2026-10-07T04:30:06.3627296Z test exec::tags::tests::successors_bound_prefix_ranges ... ok
2026-10-07T04:30:06.3636719Z test exec::sort::tests::sort_codes_match_the_reference ... ok
2026-10-07T04:30:06.3654146Z test api::tests::rejects_bad_input ... ok
2026-10-07T04:30:06.3654974Z test api::tests::documented_example ... ok
2026-10-07T04:30:06.4255093Z test exec::tests::a_page_s_fallback_sort_orders_its_sort_s_ties ... ok
2026-10-07T04:30:06.4268185Z test exec::tests::import_time_sorts_agree_whether_probed_or_from_the_cached_order ... ok
2026-10-07T04:30:06.4277225Z test exec::tests::limits_apply_after_sorting ... ok
2026-10-07T04:30:06.4309424Z test exec::tests::constructed_predicates_without_text_syntax_work ... ok
2026-10-07T04:30:06.4615986Z test exec::tests::every_term_is_understood_by_the_model ... ok
2026-10-07T04:30:06.4853081Z test exec::tests::saved_collect_tag_domains_group_files_as_the_reference_does ... ok
2026-10-07T04:30:06.6538505Z test exec::tests::searches_see_added_tags_as_the_reference_did ... ok
2026-10-07T04:30:06.8158801Z test exec::tests::searches_see_file_lifecycle_changes_as_the_reference_did ... ok
2026-10-07T04:30:06.8159563Z test exec::time::tests::ages_subtract_days_then_months_with_clamping ... ok
2026-10-07T04:30:06.8160120Z test exec::time::tests::dates_are_local_days ... ok
2026-10-07T04:30:06.8182634Z test exec::time::tests::today_is_the_local_date ... ok
2026-10-07T04:30:06.8212371Z test filetype_tests::tests::complete_classes_are_summarised ... ok
2026-10-07T04:30:06.9419793Z test filetype_tests::tests::filetype_words_match_reference_implementation ... ok
2026-10-07T04:30:06.9465191Z test filetype_tests::tests::general_classes_match_reference_implementation ... ok
2026-10-07T04:30:06.9465710Z test filetype_tests::tests::partial_classes_stay_specific ... ok
2026-10-07T04:30:06.9466171Z test filetype_tests::tests::searchable_mimes_match_reference_implementation ... ok
2026-10-07T04:30:06.9466657Z test media::tests::number_tests_treat_missing_values_like_the_reference ... ok
2026-10-07T04:30:06.9467036Z test media::tests::wildcards_match_whole_tags ... ok
2026-10-07T04:30:06.9471205Z test parse::date::tests::ages ... ok
2026-10-07T04:30:06.9480709Z test parse::date::tests::dates ... ok
2026-10-07T04:30:06.9481170Z test parse::date::tests::operator_words ... ok
2026-10-07T04:30:06.9481608Z test parse::names::tests::every_pattern_compiles ... ok
2026-10-07T04:30:06.9482241Z test parse::names::tests::order_decides_between_overlapping_names ... ok
2026-10-07T04:30:06.9482770Z test parse::rating::tests::advanced_selections ... ok
2026-10-07T04:30:06.9483220Z test parse::rating::tests::like_ignores_operators ... ok
2026-10-07T04:30:06.9487458Z test parse::rating::tests::operator_is_found_before_the_value ... ok
2026-10-07T04:30:06.9510881Z test parse::tag_advanced::tests::empty_tags_are_rejected ... ok
2026-10-07T04:30:06.9511936Z test parse::tag_advanced::tests::splits_on_the_first_unquoted_colon ... ok
2026-10-07T04:30:06.9522896Z test parse::tag_advanced::tests::status_words_match_reference_implementation ... ok
2026-10-07T04:30:06.9523515Z test parse::text::tests::maps_lowercase_slices_back_to_the_original ... ok
2026-10-07T04:30:06.9524040Z test parse::text::tests::parses_unicode_decimal_digits_like_python ... ok
2026-10-07T04:30:06.9524528Z test parse::text::tests::rejects_non_system_text ... ok
2026-10-07T04:30:06.9524961Z test parse::text::tests::strips_python_whitespace ... ok
2026-10-07T04:30:06.9525440Z test parse::text::tests::widens_whitespace_classes ... ok
2026-10-07T04:30:06.9527069Z test exec::tests::executor_agrees_with_the_naive_model ... ok
2026-10-07T04:30:06.9530410Z test parse::values::tests::durations ... ok
2026-10-07T04:30:06.9530837Z test parse::values::tests::filetype_lists ... ok
2026-10-07T04:30:06.9531297Z test parse::values::tests::numbers_allow_commas_and_has ... ok
2026-10-07T04:30:06.9532023Z test parse::values::tests::size_units_match_the_first_spelling ... ok
2026-10-07T04:30:07.2349805Z test exec::tests::owned_sort_contexts_replay_default_fallback_cogs_for_files_and_collections ... ok
2026-10-07T04:30:07.9909657Z test exec::tests::pages_collect_as_the_reference_s_pages_collect ... ok
2026-10-07T04:30:07.9909975Z 
2026-10-07T04:30:07.9910198Z test result: ok. 57 passed; 0 failed; 0 ignored; 0 measured; 0 filtered out; finished in 1.63s
2026-10-07T04:30:07.9910493Z 
2026-10-07T04:30:07.9935540Z [1m[92m     Running[0m tests/file_search_options.rs (target/debug/deps/file_search_options-07be49b2cc9c8d33)
2026-10-07T04:30:07.9953915Z 
2026-10-07T04:30:07.9954002Z running 2 tests
2026-10-07T04:30:07.9962828Z test database_sort_eligibility_matches_each_reference_system_sort_and_location ... ok
2026-10-07T04:30:08.0794374Z test implicit_limit_and_explicit_override_match_reference_database_queries ... ok
2026-10-07T04:30:08.0794616Z 
2026-10-07T04:30:08.0794768Z test result: ok. 2 passed; 0 failed; 0 ignored; 0 measured; 0 filtered out; finished in 0.08s
2026-10-07T04:30:08.0795223Z 
2026-10-07T04:30:08.0803343Z [1m[92m     Running[0m tests/media_tests.rs (target/debug/deps/media_tests-2e886f36e21b4058)
2026-10-07T04:30:08.0820971Z 
2026-10-07T04:30:08.0821059Z running 2 tests
2026-10-07T04:30:08.1799262Z test comparable_values_match_the_reference ... ok
2026-10-07T04:30:08.2124460Z test predicates_match_the_same_files_as_in_the_reference ... ok
2026-10-07T04:30:08.2124724Z 
2026-10-07T04:30:08.2124950Z test result: ok. 2 passed; 0 failed; 0 ignored; 0 measured; 0 filtered out; finished in 0.13s
2026-10-07T04:30:08.2125202Z 
2026-10-07T04:30:08.2139120Z [1m[92m     Running[0m tests/predicate_entry.rs (target/debug/deps/predicate_entry-316968e66572cf2b)
2026-10-07T04:30:08.2151088Z 
2026-10-07T04:30:08.2151174Z running 3 tests
2026-10-07T04:30:08.2165532Z test the_order_is_by_the_stored_text_whatever_is_shown ... ok
2026-10-07T04:30:08.2212995Z test entering_predicates_leaves_what_the_reference_s_list_does ... ok
2026-10-07T04:30:08.2220960Z test each_predicate_s_inverse_is_the_reference_s ... ok
2026-10-07T04:30:08.2221136Z 
2026-10-07T04:30:08.2221315Z test result: ok. 3 passed; 0 failed; 0 ignored; 0 measured; 0 filtered out; finished in 0.01s
2026-10-07T04:30:08.2221524Z 
2026-10-07T04:30:08.2227186Z [1m[92m     Running[0m tests/predicate_text.rs (target/debug/deps/predicate_text-1a53c3e76b0f0034)
2026-10-07T04:30:08.2238223Z 
2026-10-07T04:30:08.2238301Z running 3 tests
2026-10-07T04:30:08.2730589Z test predicates_the_reference_s_editors_make_are_read_and_written_as_its_own ... ok
2026-10-07T04:30:08.3726146Z test api_searches_are_written_as_the_reference_writes_them ... ok
2026-10-07T04:30:08.3918475Z test predicates_are_written_as_the_reference_writes_them ... ok
2026-10-07T04:30:08.3918701Z 
2026-10-07T04:30:08.3918854Z test result: ok. 3 passed; 0 failed; 0 ignored; 0 measured; 0 filtered out; finished in 0.17s
2026-10-07T04:30:08.3919045Z 
2026-10-07T04:30:08.3972667Z [1m[92m     Running[0m tests/reference_parity.rs (target/debug/deps/reference_parity-abc6de1456989e2b)
2026-10-07T04:30:08.3986289Z 
2026-10-07T04:30:08.3986379Z running 3 tests
2026-10-07T04:30:08.5225296Z test api_searches_match_the_reference ... ok
2026-10-07T04:30:08.5699539Z test stored_predicates_decode_to_what_the_reference_parsed ... ok
2026-10-07T04:30:08.6949686Z test system_predicates_match_the_reference ... ok
2026-10-07T04:30:08.6949917Z 
2026-10-07T04:30:08.6950133Z test result: ok. 3 passed; 0 failed; 0 ignored; 0 measured; 0 filtered out; finished in 0.30s
2026-10-07T04:30:08.6950405Z 
2026-10-07T04:30:08.7016651Z [1m[92m     Running[0m tests/robustness.rs (target/debug/deps/robustness-2f95cd18c52db51a)
2026-10-07T04:30:08.7029755Z 
2026-10-07T04:30:08.7029912Z running 4 tests
2026-10-07T04:30:08.7386915Z test errors_name_the_input ... ok
2026-10-07T04:30:08.7853695Z test long_inputs_are_fast ... ok
2026-10-07T04:30:08.8094772Z test never_panics_on_predicate_like_text ... ok
2026-10-07T04:30:08.8808381Z test never_panics_on_arbitrary_text ... ok
2026-10-07T04:30:08.8808606Z 
2026-10-07T04:30:08.8808827Z test result: ok. 4 passed; 0 failed; 0 ignored; 0 measured; 0 filtered out; finished in 0.18s
2026-10-07T04:30:08.8809115Z 
2026-10-07T04:30:08.8818963Z [1m[92m     Running[0m unittests src/lib.rs (target/debug/deps/hydrus_store-1b24f7d60d698a51)
2026-10-07T04:30:08.8837852Z 
2026-10-07T04:30:08.8837933Z running 252 tests
2026-10-07T04:30:08.8853450Z test autocomplete::input::tests::parses_like_the_reference ... ok
2026-10-07T04:30:08.8867928Z test autocomplete::input::tests::rules_open_up_fetch_alls ... ok
2026-10-07T04:30:08.8869633Z test autocomplete::pattern::tests::like_is_sqlite_like ... ok
2026-10-07T04:30:08.8870495Z test autocomplete::pattern::tests::phrases_tokenise_like_fts4 ... ok
2026-10-07T04:30:08.8871073Z test autocomplete::pattern::tests::plans_follow_the_reference ... ok
2026-10-07T04:30:08.8872035Z test api_activity::tests::marker_replaces_atomically_reopens_and_rejects_malformed_data ... ok
2026-10-07T04:30:08.8873068Z test autocomplete::search::tests::counts_merge_and_render_like_the_reference ... ok
2026-10-07T04:30:08.8874771Z test autocomplete::pattern::tests::result_filter_matches_word_starts ... ok
2026-10-07T04:30:08.8875863Z test autocomplete::search::tests::upper_bounds_cover_exactly_the_prefix ... ok
2026-10-07T04:30:08.8902246Z test backup::tests::a_failed_restore_copy_preserves_the_database_sidecars_media_and_request ... ok
2026-10-07T04:30:08.8910030Z test backup::tests::a_mirror_copies_changes_and_drops_surplus ... ok
2026-10-07T04:30:08.8914513Z test backup::tests::a_missing_backup_retains_the_request_and_original_database ... ok
2026-10-07T04:30:08.8922629Z test backup::tests::an_active_server_prevents_restore_without_consuming_the_request ... ok
2026-10-07T04:30:08.8923223Z test backup::tests::cancellation_during_mirroring_preserves_uncopied_and_surplus_files ... ok
2026-10-07T04:30:08.9595239Z test backup::tests::cancelled_backup_does_not_report_success_or_touch_destination ... ok
2026-10-07T04:30:08.9608909Z test backup::tests::restore_rejects_a_symlink_to_the_store ... ok
2026-10-07T04:30:08.9616176Z test backup::tests::restore_rejects_the_store_itself_before_writing_a_request_or_database ... ok
2026-10-07T04:30:08.9713653Z test animation_start::tests::actual_yaml_upgrade_native_override_reopen_and_invalid_values ... ok
2026-10-07T04:30:08.9911027Z test backup::tests::a_backup_restores_over_a_changed_store ... ok
2026-10-07T04:30:08.9948555Z test api_update_toasts::tests::retained_enabled_options_native_override_reopen_corruption_and_exact_expiry ... ok
2026-10-07T04:30:09.0096876Z test conn::tests::effects_run_only_after_successful_commit ... ok
2026-10-07T04:30:09.0250123Z test conn::tests::failed_write_rolls_back_only_itself ... ok
2026-10-07T04:30:09.0283829Z test conn::tests::readers_see_consistent_snapshots_while_writing ... ok
2026-10-07T04:30:09.0369439Z test conn::tests::the_writer_empties_the_log_every_quarter_hour ... ok
2026-10-07T04:30:09.0443403Z test content::tests::a_forced_filetype_keeps_the_detected_one_and_is_undone ... ok
2026-10-07T04:30:09.0532639Z test content::tests::deleting_from_one_of_two_local_domains_does_not_trash ... ok
2026-10-07T04:30:09.0548573Z test conn::tests::write_then_read ... ok
2026-10-07T04:30:09.0618667Z test content::tests::file_info_round_trips ... ok
2026-10-07T04:30:09.0729585Z test content::tests::import_trash_undelete_and_purge ... ok
2026-10-07T04:30:09.0835192Z test content::tests::mapping_state_machine ... ok
2026-10-07T04:30:09.1095289Z test content::tests::service_bulk_trash_respects_lock_and_restores_all_former_domains ... ok
2026-10-07T04:30:09.1326430Z test content::tests::service_deleted_record_clear_keeps_trash_history_and_physical_queue ... ok
2026-10-07T04:30:09.1591131Z test content::tests::the_delete_lock_keeps_archived_files_from_going_for_good ... ok
2026-10-07T04:30:09.2344568Z test content::tests::service_bulk_rating_scopes_keep_trash_and_other_services ... ok
2026-10-07T04:30:09.3143344Z test conn::tests::a_pause_empties_the_log_and_holds_work_until_dropped ... ok
2026-10-07T04:30:09.3147430Z test db_maintenance::tests::per_service_table_names ... ok
2026-10-07T04:30:09.3160423Z test display::tests::first_sibling_pair_wins_and_cycles_are_dropped ... ok
2026-10-07T04:30:09.3190268Z test db_maintenance::tests::basic_jobs_find_nothing_and_regeneration_keeps_counts ... ok
2026-10-07T04:30:09.3190891Z test display::tests::parent_loops_are_dropped ... ok
2026-10-07T04:30:09.3191499Z test display::tests::parents_close_transitively_through_ideals ... ok
2026-10-07T04:30:09.3192495Z test display::tests::rules_count_as_the_reference_s_lookup_rows ... ok
2026-10-07T04:30:09.3193343Z test display::tests::sibling_chains_resolve_to_the_end ... ok
2026-10-07T04:30:09.3518969Z test db_maintenance::tests::inconsistent_mappings_and_orphans_are_repaired ... ok
2026-10-07T04:30:09.3556401Z test domains::tests::a_read_sees_the_domain_as_its_snapshot_has_it ... ok
2026-10-07T04:30:09.3595014Z test duplicates::auto::tests::the_references_suggested_rules_are_all_read ... ok
2026-10-07T04:30:09.3832936Z test domains::tests::import_order_is_by_time_then_id_and_follows_writes ... ok
2026-10-07T04:30:09.3912890Z test duplicates::cache::tests::cached_pairs_follow_writes_and_only_readers_fill_the_cache ... ok
2026-10-07T04:30:09.4209062Z test display::tests::graph_invariants ... ok
2026-10-07T04:30:09.4847588Z test duplicates_progress::tests::real_saved_disabled_legacy_policy_backfills_native_override_and_reopens ... ok
2026-10-07T04:30:09.5019999Z test ffmpeg_policy::tests::actual_legacy_saved_policy_backfill_native_override_and_poll_adapter ... ok
2026-10-07T04:30:09.5191360Z test file_maintenance::tests::captured_cancel_clears_due_and_future_types_and_keeps_unselected_work ... ok
2026-10-07T04:30:09.5193057Z test file_maintenance::tests::file_work_lease_is_shared_by_independent_owners_and_released_on_drop ... ok
2026-10-07T04:30:09.5193849Z test file_maintenance::tests::job_types_keep_the_reference_s_codes ... ok
2026-10-07T04:30:09.5325584Z test file_maintenance::tests::selected_admission_precedes_batch_limit_and_preserves_due_type_rules ... ok
2026-10-07T04:30:09.5327246Z test folder_activity::tests::abandoned_request_and_old_marker_files_do_not_pause_another_kind ... ok
2026-10-07T04:30:09.5337000Z test folder_activity::tests::request_interrupts_work_waits_for_release_and_rejects_new_work ... ok
2026-10-07T04:30:09.5428641Z test ffmpeg_policy::tests::reader_from_a_borrowed_store_is_live_and_does_not_retain_its_owner ... ok
2026-10-07T04:30:09.5462105Z test duplicates::merge::tests::only_whitelisted_notes_merge_under_their_new_names ... ok
2026-10-07T04:30:09.5889719Z test folder_activity::tests::transient_pause_preserves_original_and_live_user_pause_preferences ... ok
2026-10-07T04:30:09.5962433Z test gallery::tests::no_downloader_or_no_urls_makes_nothing ... ok
2026-10-07T04:30:09.6031031Z test gallery::tests::a_page_makes_a_search_per_query_with_its_settings ... ok
2026-10-07T04:30:09.6403103Z test gallery::tests::queries_merge_and_repeats_are_skipped_as_the_page_says ... ok
2026-10-07T04:30:09.6408410Z test granularity::tests::estimating_a_folder_ignores_non_ascii_names ... ok
2026-10-07T04:30:09.6771529Z test granularity::tests::cancellation_restores_moved_files_to_their_original_locations ... ok
2026-10-07T04:30:09.7218914Z test granularity::tests::failed_publication_restores_exact_split_locations ... ok
2026-10-07T04:30:09.7444957Z test granularity::tests::merged_prefix_records_the_actual_destination_across_locations ... ok
2026-10-07T04:30:09.7469850Z test idle_state::tests::only_a_fresh_idle_marker_is_idle ... ok
2026-10-07T04:30:09.7492239Z test idle_state::tests::pace_follows_the_time_and_caps_the_rest ... ok
2026-10-07T04:30:09.8362149Z test image_colour::tests::real_saved_disabled_legacy_policy_backfills_native_override_and_reopens ... ok
2026-10-07T04:30:09.9078346Z test import::decode::tests::a_clients_simple_downloader_formulae_come_across ... ok
2026-10-07T04:30:09.9805003Z test import::decode::tests::a_new_clients_checker_timings_are_our_defaults ... ok
2026-10-07T04:30:10.0562951Z test import::decode::tests::a_new_clients_headers_are_our_defaults ... ok
2026-10-07T04:30:10.1310293Z test import::decode::tests::a_new_clients_import_options_and_downloaders_convert ... ok
2026-10-07T04:30:10.2027471Z test import::decode::tests::a_new_clients_merge_options_are_our_defaults ... ok
2026-10-07T04:30:10.2054923Z test granularity::tests::the_store_records_its_new_folders ... ok
2026-10-07T04:30:10.2271719Z test import::decode::tests::auto_resolution_rules_convert ... ok
2026-10-07T04:30:10.3243096Z test import::decode::tests::api_update_toasts_import_present_and_absent_client_options ... ok
2026-10-07T04:30:10.3283125Z test import::decode::tests::browser_eye_menu_preferences_migrate_independently ... ok
2026-10-07T04:30:10.4433057Z test import::decode::tests::command_palette_preferences_migrate_defaults_and_nondefault_provider_policies ... ok
2026-10-07T04:30:10.4580349Z test import::decode::tests::clipboard_monitor_switches_convert_independently ... ok
2026-10-07T04:30:10.4686121Z test import::decode::tests::custom_merge_options_convert ... ok
2026-10-07T04:30:10.4998084Z test import::decode::tests::downloader_pages_own_state_converts ... ok
2026-10-07T04:30:10.5873015Z test import::decode::tests::cursor_autohide_import_preserves_timeout_and_do_not_hide ... ok
2026-10-07T04:30:10.7453015Z test import::decode::tests::downloader_update_time_import_preserves_raw_fields_and_reopens ... ok
2026-10-07T04:30:10.9006526Z test import::decode::tests::export_default_directory_import_resolves_recorded_portable_paths ... ok
2026-10-07T04:30:11.0453187Z test import::decode::tests::file_search_defaults_convert_user_values ... ok
2026-10-07T04:30:11.2240956Z test import::decode::tests::file_view_removal_imports_legacy_and_typed_flags_independently ... ok
2026-10-07T04:30:11.2522951Z test import::decode::tests::duplicate_colours_import_none_zero_and_explicit_preferences_then_reopen ... ok
2026-10-07T04:30:11.5121992Z test import::decode::tests::idle_timeout_import_preserves_seconds_none_and_missing_defaults ... ok
2026-10-07T04:30:11.5142427Z test import::decode::tests::four_note_preferences_import_and_survive_reopen ... ok
2026-10-07T04:30:11.6750500Z test import::decode::tests::image_cache_size_raw_timeout_and_future_admission_import_independently ... ok
2026-10-07T04:30:11.7172813Z test import::decode::tests::importing_work_slots_decode_five_legacy_keys_and_persist_native_limits ... ok
2026-10-07T04:30:11.9672885Z test import::decode::tests::local_transfer_confirmations_decode_both_legacy_booleans ... ok
2026-10-07T04:30:12.0102607Z test import::decode::tests::main_identity_import_preserves_raw_name_and_saved_tag_activation ... ok
2026-10-07T04:30:12.1648449Z test import::decode::tests::maintenance_gates_import_present_and_absent_client_options ... ok
2026-10-07T04:30:12.1732687Z test import::decode::tests::manage_tags_live_display_and_incremental_fields_import ... ok
2026-10-07T04:30:12.2435769Z test import::decode::tests::namespace_colours_convert ... ok
2026-10-07T04:30:12.3348199Z test import::decode::tests::manage_tags_sort_contexts_import_siblings_independently_of_sidebar_sorts ... ok
2026-10-07T04:30:12.3370817Z test import::decode::tests::page_sort_import_preserves_its_independent_full_tag_context ... ok
2026-10-07T04:30:12.5363772Z test import::decode::tests::passive_background_options_import_each_draw_key ... ok
2026-10-07T04:30:12.5572637Z test import::decode::tests::network_boot_preference_converts_without_changing_live_pause ... ok
2026-10-07T04:30:12.6943472Z test content::tests::incremental_counts_equal_rebuild ... ok
2026-10-07T04:30:12.6981518Z test import::decode::tests::physical_delete_import_preserves_present_delay_and_defaults_without_client_options ... ok
2026-10-07T04:30:12.8365841Z test import::decode::tests::real_client_ffmpeg_timeout_is_imported_without_clamping ... ok
2026-10-07T04:30:12.9043125Z test import::decode::tests::preview_and_dialog_rating_sizes_import_exact_fractional_preferences ... ok
2026-10-07T04:30:13.0257826Z test import::decode::tests::saving_the_page_sort_on_change_converts ... ok
2026-10-07T04:30:13.0751116Z test import::decode::tests::recorded_custom_predicate_defaults_import_with_typed_units_and_keys ... ok
2026-10-07T04:30:13.1393286Z test import::decode::tests::shortcut_capture_policies_import_defaults_and_nondefault_values ... ok
2026-10-07T04:30:13.1612752Z test import::decode::tests::sibling_connector_colours_import_retains_none_empty_and_raw_names ... ok
2026-10-07T04:30:13.2452739Z test import::decode::tests::subscription_concurrency_imports_nondefault_number ... ok
2026-10-07T04:30:13.2505599Z test import::decode::tests::popup_width_imports_raw_reference_preferences_and_reopens_them ... ok
2026-10-07T04:30:13.2610889Z test import::decode::tests::subscription_file_failure_threshold_imports_none_and_number ... ok
2026-10-07T04:30:13.2652209Z test import::decode::tests::tag_display_filters_convert ... ok
2026-10-07T04:30:13.3592506Z test import::decode::tests::tag_list_opening_modes_import_independently_and_ignore_unknown_codes ... ok
2026-10-07T04:30:13.3659960Z test import::decode::tests::suggested_layout_and_unavailable_default_pages_migrate_without_losing_choices ... ok
2026-10-07T04:30:13.3711489Z test import::decode::tests::tag_dialog_defaults_import_independently_of_autocomplete_defaults ... ok
2026-10-07T04:30:13.4352587Z test import::decode::tests::tag_presentation_converts ... ok
2026-10-07T04:30:13.4835709Z test import::decode::tests::the_search_defaults_convert ... ok
2026-10-07T04:30:13.4865284Z test import::decode::tests::the_lock_password_converts ... ok
2026-10-07T04:30:13.5442691Z test import::decode::tests::the_tag_summaries_convert ... ok
2026-10-07T04:30:13.5979865Z test import::decode::tests::thumbnail_cache_size_and_raw_timeout_import_as_independent_typed_preferences ... ok
2026-10-07T04:30:13.5992752Z test import::decode::tests::the_thumbnail_border_and_margin_convert ... ok
2026-10-07T04:30:13.6232366Z test import::decode::tests::unselected_tag_limit_import_preserves_zero_none_and_presentation ... ok
2026-10-07T04:30:13.7113284Z test import::decode::tests::viewer_canvas_options_convert_user_values ... ok
2026-10-07T04:30:13.7189438Z test import::decode::tests::viewer_closing_options_import_each_independent_preference ... ok
2026-10-07T04:30:13.7338142Z test import::decode::tests::viewer_focus_options_import_independent_mouseover_gates ... ok
2026-10-07T04:30:13.8298224Z test import::decode::tests::viewer_hover_options_migrate_disable_keys_as_enabled_controls ... ok
2026-10-07T04:30:13.8333104Z test import::decode::tests::viewer_pointer_options_import_both_drag_preferences ... ok
2026-10-07T04:30:13.8995263Z test import::decode::tests::viewer_playback_import_keeps_zoom_command_and_loop_policy ... ok
2026-10-07T04:30:13.9302716Z test import::decode::tests::viewing_menu_preferences_import_the_display_style_and_canvas_ticks ... ok
2026-10-07T04:30:14.0088542Z test import::decode::tests::viewer_tag_wheel_imports_all_four_reference_policy_codes ... ok
2026-10-07T04:30:14.0712843Z test import::network_tests::copies_the_mpv_conf ... ok
2026-10-07T04:30:14.0927826Z test import::network_tests::a_named_startup_session_keeps_hydrus_s_last_session_apart ... ok
2026-10-07T04:30:14.1827160Z test import::network_tests::downloader_pages_own_state_comes_back_for_earlier_imports ... ok
2026-10-07T04:30:14.2312971Z test import::network_tests::imports_downloader_pages_from_the_last_session ... ok
2026-10-07T04:30:14.2563084Z test import::network_tests::imports_local_import_pages_from_the_last_session ... ok
2026-10-07T04:30:14.3633712Z test import::network_tests::imports_search_pages_from_the_last_session ... ok
2026-10-07T04:30:14.3662701Z test import::network_tests::imports_session_cookies ... ok
2026-10-07T04:30:14.4583386Z test import::network_tests::imports_subscriptions_with_their_histories ... ok
2026-10-07T04:30:14.4607111Z test import::tests::any_reference_install_counts_match ... ignored, needs HYDRUS_REFERENCE_DB
2026-10-07T04:30:14.4607735Z test import::tests::a_default_install_keeps_the_default_bandwidth_rules ... ok
2026-10-07T04:30:14.4764816Z test granularity::tests::a_folder_goes_to_three_and_back ... ok
2026-10-07T04:30:14.5313406Z test import::network_tests::other_saved_sessions_come_across_without_running_their_downloaders ... ok
2026-10-07T04:30:14.5332687Z test import::tests::decodes_the_basic_fixture_settings ... ok
2026-10-07T04:30:14.5356951Z test import::tests::import_options_that_run_programs_are_reported ... ok
2026-10-07T04:30:14.5686100Z test import::tests::imports_the_basic_fixture ... ok
2026-10-07T04:30:14.6071585Z test import::tests::the_global_pause_switches_come_across ... ok
2026-10-07T04:30:14.6422950Z test import::tests::rebuilt_counts_match_the_reference_caches ... ok
2026-10-07T04:30:14.6423904Z test live::tests::a_status_shows_its_first_line ... ok
2026-10-07T04:30:14.6438114Z test import::tests::the_network_options_come_across ... ok
2026-10-07T04:30:14.6498338Z test live::tests::cancels_are_taken_once_and_nudge_the_queue ... ok
2026-10-07T04:30:14.6504445Z test live::tests::only_changes_are_published ... ok
2026-10-07T04:30:14.6525141Z test live::tests::live_state_is_kept_replaced_and_cleared ... ok
2026-10-07T04:30:14.7077959Z test import::tests::the_trash_limits_come_across ... ok
2026-10-07T04:30:14.7352112Z test login_runtime::tests::crashed_process_metadata_cannot_block_or_cancel_the_next_lease ... ok
2026-10-07T04:30:14.7451921Z test login_runtime::tests::separate_store_owners_serialize_cancel_and_retire_only_the_reviewed_login ... ok
2026-10-07T04:30:14.7582630Z test import::tests::refuses_to_overwrite_or_import_the_wrong_version ... ok
2026-10-07T04:30:14.9544105Z test maintenance::tests::cancelled_owned_wait_releases_writer_and_never_admits_a_successor_pair ... ok
2026-10-07T04:30:15.0153112Z test maintenance::tests::missing_file_still_waits_after_its_thumbnail_and_queue_commit ... ok
2026-10-07T04:30:15.0182660Z test maintenance::tests::captured_wait_follows_committed_pairs_including_last_and_allows_live_readd ... ok
2026-10-07T04:30:15.0689652Z test maintenance::tests::never_deletes_media_shared_with_another_install ... ok
2026-10-07T04:30:15.1975879Z test maintenance::tests::rebuilding_the_caches_gives_the_same_caches ... ok
2026-10-07T04:30:15.2207240Z test maintenance::tests::pair_failure_keeps_its_queue_and_previous_pair_commit_and_does_not_wait ... ok
2026-10-07T04:30:15.3624736Z test maintenance::tests::retained_local_queue_cleanup_does_not_wait_or_remove_physical_paths ... ok
2026-10-07T04:30:15.3839151Z test maintenance::tests::selected_tag_regeneration_repairs_connected_counts_without_changing_primary_data ... ok
2026-10-07T04:30:15.3910339Z test master::tests::interning_is_idempotent_and_reversible ... ok
2026-10-07T04:30:15.3956694Z test master::tests::new_subtags_are_indexed_for_autocomplete ... ok
2026-10-07T04:30:15.3957312Z test master::tests::url_domains_match_urlparse_netloc ... ok
2026-10-07T04:30:15.4069550Z test maintenance_gates::tests::retained_client_options_native_wins_reopen_and_corruption ... ok
2026-10-07T04:30:15.4881021Z test media::tests::counts_tags_as_each_file_has_them ... ok
2026-10-07T04:30:15.4984918Z test media::tests::hidden_tags_are_left_out_of_the_counts ... ok
2026-10-07T04:30:15.5486806Z test menu_choice_wheel::tests::actual_saved_false_legacy_fallback_native_override_and_durable_reopen ... ok
2026-10-07T04:30:15.5580119Z test network::login_tests::a_login_covers_its_domain_and_subdomains ... ok
2026-10-07T04:30:15.5641214Z test network::tests::cookies_list_in_jar_order ... ok
2026-10-07T04:30:15.5682925Z test network::tests::headers_keep_what_is_not_given ... ok
2026-10-07T04:30:15.5747559Z test network::tests::sessions_are_per_registrable_domain ... ok
2026-10-07T04:30:15.5805312Z test media::tests::loads_the_fixture ... ok
2026-10-07T04:30:15.6178658Z test maintenance::tests::leaves_claimed_files_queued ... ok
2026-10-07T04:30:15.6304495Z test orphan_files::tests::strays_are_found_and_moved_and_kept_files_stay ... ok
2026-10-07T04:30:15.6307777Z test paths::tests::copies_keep_permissions_unless_told_not_to ... ok
2026-10-07T04:30:15.6666581Z test page_layout::tests::imported_yaml_signed_sizes_exit_switch_and_native_override_survive_reopen ... ok
2026-10-07T04:30:15.6789740Z test popup_actions::tests::answer_survives_dismissal_and_old_owner_cannot_consume_or_retire_successor ... ok
2026-10-07T04:30:15.6828019Z test or_connector::tests::real_qt_serialised_raw_connector_backfills_and_native_override_survives_reopen ... ok
2026-10-07T04:30:15.6899783Z test popup_actions::tests::gui_retirement_drops_unconsumed_calls_but_preserves_committed_answers ... ok
2026-10-07T04:30:15.6918427Z test physical_delete::tests::recorded_retained_options_native_override_constructor_and_reopen ... ok
2026-10-07T04:30:15.6944683Z test popup_actions::tests::pre_action_schema_upgrades_and_restart_forgets_ephemeral_handlers_but_keeps_clipboard ... ok
2026-10-07T04:30:15.7016126Z test popups::tests::mergable_files_with_the_same_label_join_one_popup ... ok
2026-10-07T04:30:15.7072886Z test popups::tests::popups_queue_oldest_first_until_dismissed ... ok
2026-10-07T04:30:15.7140731Z test queues::tests::a_pages_queue_waits_while_closed_and_goes_with_it ... ok
2026-10-07T04:30:15.7200321Z test queues::tests::a_queues_page_shows_the_files_its_seeds_brought_in_order ... ok
2026-10-07T04:30:15.7269441Z test queues::tests::deleted_queue_identity_is_not_recycled_and_late_seed_updates_ignore_successors ... ok
2026-10-07T04:30:15.7397239Z test queues::tests::nudges_are_taken_once_each ... ok
2026-10-07T04:30:15.7461251Z test queues::tests::file_log_drafts_isolate_mutations_and_restore_complete_metadata_in_order ... ok
2026-10-07T04:30:15.7538699Z test queues::tests::seeds_dedupe_order_and_retry ... ok
2026-10-07T04:30:15.7578390Z test queues::tests::urls_typed_into_a_page_are_handed_over_once_in_order ... ok
2026-10-07T04:30:15.7579030Z test reference_options::tests::unset_values_read_as_their_defaults ... ok
2026-10-07T04:30:15.7605612Z test popup_freeze::tests::actual_saved_true_legacy_native_override_and_durable_reopen ... ok
2026-10-07T04:30:15.7613530Z test schema::tests::refuses_newer_schema ... ok
2026-10-07T04:30:15.7661628Z test schema::tests::migrations_apply_cleanly_and_are_idempotent ... ok
2026-10-07T04:30:15.7662478Z test services::tests::colours_serialise_as_hex ... ok
2026-10-07T04:30:15.7743460Z test schema::tests::tag_service_tables_round_trip ... ok
2026-10-07T04:30:15.7744014Z test services::tests::numerical_stars_match_reference_rounding ... ok
2026-10-07T04:30:15.7804641Z test services::tests::default_services_round_trip ... ok
2026-10-07T04:30:15.7924242Z test session_backups::importer_tests::historical_importers_restore_independent_settings_and_seed_logs ... ok
2026-10-07T04:30:15.7973006Z test session_backups::queue_kind_tests::every_native_page_importer_restores_its_auxiliary_state_and_both_logs ... ok
2026-10-07T04:30:15.8059432Z test session_backups::tests::automatic_last_session_hash_replays_real_unchanged_suppression_and_history ... ok
2026-10-07T04:30:15.8093432Z test session_backups::tests::imported_previous_media_is_independent_and_deletion_clears_backups ... ok
2026-10-07T04:30:15.8195671Z test session_backups::tests::rolling_timestamps_match_the_reference_including_clock_reversal ... ok
2026-10-07T04:30:15.8207221Z test session_reload::tests::committed_reload_slot_is_independent_and_cleanup_keeps_active_media ... ok
2026-10-07T04:30:15.8313004Z test sessions::tests::commands_queue_for_the_gui_or_change_the_session ... ok
2026-10-07T04:30:15.8334576Z test sessions::tests::media_viewers_are_kept_in_order ... ok
2026-10-07T04:30:15.8392077Z test radio_return::tests::actual_saved_false_legacy_fallback_native_override_and_durable_reopen ... ok
2026-10-07T04:30:15.8402453Z test similar::tests::flat_colours_are_blank ... ok
2026-10-07T04:30:15.8403228Z test similar::tests::scale ... ignored, a timing, not a check
2026-10-07T04:30:15.8422248Z test sessions::tests::saving_keeps_the_top_key_the_page_shown_and_selections ... ok
2026-10-07T04:30:15.8442948Z test sessions::tests::sessions_keep_their_pages_and_files ... ok
2026-10-07T04:30:15.8443437Z test storage::tests::a_location_without_its_folders_is_missing ... ok
2026-10-07T04:30:15.8443904Z test storage::tests::paths_follow_the_reference_layout ... ok
2026-10-07T04:30:15.8444340Z test maintenance::tests::purges_files_that_left_local_storage ... ok
2026-10-07T04:30:15.8444949Z test storage_locations::tests::shares_follow_weights_and_limits ... ok
2026-10-07T04:30:15.8920164Z test similar::tests::the_index_finds_exactly_what_checking_everything_finds ... ok
2026-10-07T04:30:15.9021614Z test store::tests::content_writes_use_foreign_relation_graphs_before_the_next_poll ... ok
2026-10-07T04:30:15.9573615Z test store::tests::new_store_has_default_services ... ok
2026-10-07T04:30:15.9717312Z test store::tests::independent_stores_notice_committed_snapshot_changes_without_refresh_loops ... ok
2026-10-07T04:30:15.9955722Z test similar::tests::the_search_finds_the_pairs_the_reference_found ... ok
2026-10-07T04:30:16.0293319Z test store::tests::pre_existing_queue_without_sequence_keeps_its_retired_identity_after_upgrade ... ok
2026-10-07T04:30:16.0337900Z test store::tests::snapshots_refresh_only_after_commit ... ok
2026-10-07T04:30:16.0397783Z test tag_display::tests::a_service_s_tags_pass_its_filter_and_all_known_tags ... ok
2026-10-07T04:30:16.0921190Z test tag_editing::tests::older_preferences_get_write_defaults_and_tab_memory_preserves_them ... ok
2026-10-07T04:30:16.0923178Z test text::tests::integers_follow_python_isdecimal ... ok
2026-10-07T04:30:16.0943940Z test text::tests::searchable_forms ... ok
2026-10-07T04:30:16.0945503Z test text::tests::tokenises_like_fts4_simple ... ok
2026-10-07T04:30:16.1138439Z test tag_editing::tests::manage_tags_preferences_are_backward_compatible_and_independent ... ok
2026-10-07T04:30:16.1445414Z test synth::tests::a_small_library_has_consistent_counts ... ok
2026-10-07T04:30:16.1883133Z test thumbnail_appearance::tests::retained_actual_options_upgrade_native_override_and_reopen ... ok
2026-10-07T04:30:16.3045455Z test transfer::tests::in_place_marks_the_media_as_shared ... ok
2026-10-07T04:30:16.4306920Z test transfer::tests::refuses_an_existing_destination ... ok
2026-10-07T04:30:16.5853327Z test trash::tests::an_oversized_trash_loses_its_oldest_files_eight_at_a_time ... ok
2026-10-07T04:30:16.7329529Z test trash::tests::cancelled_writer_admission_leaves_trash_and_physical_queue_untouched ... ok
2026-10-07T04:30:16.7911368Z test transfer::tests::hardlink_copy_and_move_give_the_store_its_own_media ... ok
2026-10-07T04:30:16.8748531Z test trash::tests::files_trashed_too_long_ago_are_deleted_for_good ... ok
2026-10-07T04:30:16.9396112Z test trash::tests::no_limits_leave_the_trash_alone ... ok
2026-10-07T04:30:17.0189485Z test trash::tests::the_delete_lock_keeps_archived_files_in_the_trash ... ok
2026-10-07T04:30:17.0192561Z test undo::tests::undo_and_redo_step_through_the_log_and_new_changes_cut_it ... ok
2026-10-07T04:30:17.0193046Z test vacuum::tests::room_is_checked_as_the_reference_checks ... ok
2026-10-07T04:30:17.0706565Z test trash::tests::the_size_limit_goes_first_then_the_age_limit ... ok
2026-10-07T04:30:17.1423392Z test vacuum::tests::vacuuming_frees_pages_and_is_recorded ... ok
2026-10-07T04:30:17.1464785Z test watchers::tests::a_page_watches_each_thread_once_with_its_own_options ... ok
2026-10-07T04:30:17.1845938Z test watchers::tests::checking_now_and_pausing_checking ... ok
2026-10-07T04:30:17.1904862Z test watchers::tests::setting_a_watchers_checker_options ... ok
2026-10-07T04:30:17.2878515Z test transfer::tests::each_drive_s_media_stays_on_it ... ok
2026-10-07T04:30:17.4070726Z test storage_locations::tests::a_second_location_takes_half_and_thumbnails_follow ... ok
2026-10-07T04:30:17.4071058Z 
2026-10-07T04:30:17.4071522Z test result: ok. 250 passed; 0 failed; 2 ignored; 0 measured; 0 filtered out; finished in 8.52s
2026-10-07T04:30:17.4071968Z 
2026-10-07T04:30:17.4102123Z [1m[92m     Running[0m tests/import_status.rs (target/debug/deps/import_status-d01141bf22d4b05d)
2026-10-07T04:30:17.4112836Z 
2026-10-07T04:30:17.4112923Z running 3 tests
2026-10-07T04:30:17.4132652Z test owned_precision_replays_actual_network_job_controls_without_changing_gauges_or_cancellation ... ok
2026-10-07T04:30:17.4398667Z test downloads_lines_say_what_the_references_network_job_control_says ... ok
2026-10-07T04:30:17.4445647Z test file_and_search_logs_say_what_the_reference_says ... ok
2026-10-07T04:30:17.4445811Z 
2026-10-07T04:30:17.4445962Z test result: ok. 3 passed; 0 failed; 0 ignored; 0 measured; 0 filtered out; finished in 0.03s
2026-10-07T04:30:17.4446159Z 
2026-10-07T04:30:17.4459552Z [1m[92m     Running[0m tests/metadata_jobs.rs (target/debug/deps/metadata_jobs-d3137ade1a3672c9)
2026-10-07T04:30:17.4474766Z 
2026-10-07T04:30:17.4474859Z running 1 test
2026-10-07T04:30:17.6760231Z test actual_qt_worker_inputs_replay_files_cancellation_progress_and_copy_cleanup ... ok
2026-10-07T04:30:17.6760467Z 
2026-10-07T04:30:17.6760621Z test result: ok. 1 passed; 0 failed; 0 ignored; 0 measured; 0 filtered out; finished in 0.23s
2026-10-07T04:30:17.6760822Z 
2026-10-07T04:30:17.6766111Z [1m[92m     Running[0m tests/tag_migration.rs (target/debug/deps/tag_migration-471cdbe0dc418fb5)
2026-10-07T04:30:17.6781237Z 
2026-10-07T04:30:17.6781341Z running 15 tests
2026-10-07T04:30:17.7593388Z test cancellation_is_a_durable_prefix_and_incremental_counts_match_rebuild ... ok
2026-10-07T04:30:17.7639105Z test archive_validation_rejects_wrong_types_and_unsupported_hashes_before_import ... ok
2026-10-07T04:30:17.8115360Z test archive_exports_preserve_metadata_merge_and_cancelled_committed_prefix ... ok
2026-10-07T04:30:17.8189466Z test overlapping_migration_is_rejected_without_waiting_for_a_reader ... ok
2026-10-07T04:30:17.8283730Z test pair_count_gates_observe_reference_concurrent_mapping_changes_between_batches ... ok
2026-10-07T04:30:17.8869106Z test pair_migration_publishes_graph_and_rebuilt_counts ... ok
2026-10-07T04:30:18.0173855Z test pair_count_gates_replay_real_current_pending_and_terminal_ideal_counts ... ok
2026-10-07T04:30:18.0736082Z test registry_changes_stop_the_next_batch_and_keep_committed_prefix ... ok
2026-10-07T04:30:18.0849408Z test published_job_events_match_reference_phases_and_committed_prefixes ... ok
2026-10-07T04:30:18.1301680Z test repository_union_deduplicates_and_petition_reason_is_persisted ... ok
2026-10-07T04:30:18.1304063Z test same_service_delete_and_clear_never_skip_mutated_source_rows ... ok
2026-10-07T04:30:18.1727225Z test selected_files_and_filters_are_applied_before_destination_changes ... ok
2026-10-07T04:30:18.1762920Z test source_snapshot_excludes_later_inserts_and_retains_later_removed_rows ... ok
2026-10-07T04:30:18.2102906Z test pause_waits_after_commit_resume_continues_and_cancel_wakes_without_next_batch ... ok
2026-10-07T04:30:19.2293420Z test actual_python_archives_import_convert_scope_filter_and_reopen ... ok
2026-10-07T04:30:19.2293659Z 
2026-10-07T04:30:19.2293811Z test result: ok. 15 passed; 0 failed; 0 ignored; 0 measured; 0 filtered out; finished in 1.55s
2026-10-07T04:30:19.2294005Z 
2026-10-07T04:30:19.2307739Z [1m[92m   Doc-tests[0m hydrus_core
2026-10-07T04:30:19.6416608Z 
2026-10-07T04:30:19.6417109Z running 0 tests
2026-10-07T04:30:19.6417247Z 
2026-10-07T04:30:19.6417426Z test result: ok. 0 passed; 0 failed; 0 ignored; 0 measured; 0 filtered out; finished in 0.00s
2026-10-07T04:30:19.6417631Z 
2026-10-07T04:30:19.6433067Z [1m[92m   Doc-tests[0m hydrus_download
2026-10-07T04:30:19.7417456Z 
2026-10-07T04:30:19.7417931Z running 0 tests
2026-10-07T04:30:19.7418105Z 
2026-10-07T04:30:19.7418355Z test result: ok. 0 passed; 0 failed; 0 ignored; 0 measured; 0 filtered out; finished in 0.00s
2026-10-07T04:30:19.7418657Z 
2026-10-07T04:30:19.7435458Z [1m[92m   Doc-tests[0m hydrus_downloader_exchange
2026-10-07T04:30:19.8027957Z 
2026-10-07T04:30:19.8028451Z running 0 tests
2026-10-07T04:30:19.8029023Z 
2026-10-07T04:30:19.8029270Z test result: ok. 0 passed; 0 failed; 0 ignored; 0 measured; 0 filtered out; finished in 0.00s
2026-10-07T04:30:19.8029573Z 
2026-10-07T04:30:19.8045028Z [1m[92m   Doc-tests[0m hydrus_gui_model
2026-10-07T04:30:20.2135163Z 
2026-10-07T04:30:20.2135670Z running 0 tests
2026-10-07T04:30:20.2135853Z 
2026-10-07T04:30:20.2136155Z test result: ok. 0 passed; 0 failed; 0 ignored; 0 measured; 0 filtered out; finished in 0.00s
2026-10-07T04:30:20.2136549Z 
2026-10-07T04:30:20.2153461Z [1m[92m   Doc-tests[0m hydrus_net
2026-10-07T04:30:20.2734009Z 
2026-10-07T04:30:20.2734489Z running 0 tests
2026-10-07T04:30:20.2734658Z 
2026-10-07T04:30:20.2734897Z test result: ok. 0 passed; 0 failed; 0 ignored; 0 measured; 0 filtered out; finished in 0.00s
2026-10-07T04:30:20.2735254Z 
2026-10-07T04:30:20.2749776Z [1m[92m   Doc-tests[0m hydrus_search
2026-10-07T04:30:20.3433288Z 
2026-10-07T04:30:20.3433804Z running 0 tests
2026-10-07T04:30:20.3433973Z 
2026-10-07T04:30:20.3434261Z test result: ok. 0 passed; 0 failed; 0 ignored; 0 measured; 0 filtered out; finished in 0.00s
2026-10-07T04:30:20.3434553Z 
2026-10-07T04:30:20.3446982Z [1m[92m   Doc-tests[0m hydrus_store
2026-10-07T04:30:20.8824684Z 
2026-10-07T04:30:20.8825101Z running 0 tests
2026-10-07T04:30:20.8825581Z 
2026-10-07T04:30:20.8825762Z test result: ok. 0 passed; 0 failed; 0 ignored; 0 measured; 0 filtered out; finished in 0.00s
2026-10-07T04:30:20.8825968Z 
2026-10-07T04:30:20.8949862Z Post job cleanup.
2026-10-07T04:30:20.9729549Z Cache up-to-date.
2026-10-07T04:30:20.9845771Z Post job cleanup.
2026-10-07T04:30:21.0446137Z [command]/usr/bin/git version
2026-10-07T04:30:21.0476199Z git version 2.55.0
2026-10-07T04:30:21.0497476Z Temporarily overriding HOME='/home/runner/work/_temp/06fc4756-a092-4b92-b097-9074370f5b20' before making global git config changes
2026-10-07T04:30:21.0498175Z Adding repository directory to the temporary git global config as a safe directory
2026-10-07T04:30:21.0500635Z [command]/usr/bin/git config --global --add safe.directory /home/runner/work/hydrus-mine/hydrus-mine
2026-10-07T04:30:21.0533572Z [command]/usr/bin/git config --local --name-only --get-regexp core\.sshCommand
2026-10-07T04:30:21.0559154Z [command]/usr/bin/git submodule foreach --recursive sh -c "git config --local --name-only --get-regexp 'core\.sshCommand' && git config --local --unset-all 'core.sshCommand' || :"
2026-10-07T04:30:21.0750782Z [command]/usr/bin/git config --local --name-only --get-regexp http\.https\:\/\/github\.com\/\.extraheader
2026-10-07T04:30:21.0775090Z http.https://github.com/.extraheader
2026-10-07T04:30:21.0783747Z [command]/usr/bin/git config --local --unset-all http.https://github.com/.extraheader
2026-10-07T04:30:21.0810524Z [command]/usr/bin/git submodule foreach --recursive sh -c "git config --local --name-only --get-regexp 'http\.https\:\/\/github\.com\/\.extraheader' && git config --local --unset-all 'http.https://github.com/.extraheader' || :"
2026-10-07T04:30:21.1032814Z [command]/usr/bin/git config --local --name-only --get-regexp ^includeIf\.gitdir:
2026-10-07T04:30:21.1045788Z [command]/usr/bin/git submodule foreach --recursive git config --local --show-origin --name-only --get-regexp remote.origin.url
2026-10-07T04:30:21.1379912Z Cleaning up orphan processes
2026-10-07T04:30:21.1576166Z ##[warning]Node.js 20 is deprecated. The following actions target Node.js 20 but are being forced to run on Node.js 24: actions/checkout@v4. For more information see: https://github.blog/changelog/2025-09-19-deprecation-of-node-20-on-github-actions-runners/

