2026-10-07T14:37:19.0270494Z Current runner version: '2.337.0'
2026-10-07T14:37:19.0297006Z ##[group]Runner Image Provisioner
2026-10-07T14:37:19.0297935Z Hosted Compute Agent
2026-10-07T14:37:19.0298551Z Version: 20260901.588
2026-10-07T14:37:19.0299273Z Commit: f88ec8081b781fac6c440065ac7ff9e710ce3d0b
2026-10-07T14:37:19.0300031Z Build Date: 2026-09-01T19:56:44Z
2026-10-07T14:37:19.0300758Z Worker ID: {ee80d454-ebc0-4ddc-a663-d3fcc31a57dd}
2026-10-07T14:37:19.0301638Z Azure Region: westcentralus
2026-10-07T14:37:19.0302309Z ##[endgroup]
2026-10-07T14:37:19.0304625Z ##[group]Operating System
2026-10-07T14:37:19.0305309Z Ubuntu
2026-10-07T14:37:19.0305882Z 24.04.5
2026-10-07T14:37:19.0306513Z LTS
2026-10-07T14:37:19.0307057Z ##[endgroup]
2026-10-07T14:37:19.0307669Z ##[group]Runner Image
2026-10-07T14:37:19.0308303Z Image: ubuntu-24.04
2026-10-07T14:37:19.0308941Z Version: 20260927.320.1
2026-10-07T14:37:19.0310455Z Included Software: https://github.com/actions/runner-images/blob/ubuntu24/20260927.320/images/ubuntu/Ubuntu2404-Readme.md
2026-10-07T14:37:19.0312076Z Image Release: https://github.com/actions/runner-images/releases/tag/ubuntu24%2F20260927.320
2026-10-07T14:37:19.0313451Z ##[endgroup]
2026-10-07T14:37:19.0314787Z ##[group]GITHUB_TOKEN Permissions
2026-10-07T14:37:19.0316847Z Contents: read
2026-10-07T14:37:19.0317443Z Metadata: read
2026-10-07T14:37:19.0318138Z Packages: read
2026-10-07T14:37:19.0318758Z ##[endgroup]
2026-10-07T14:37:19.0321042Z Secret source: Actions
2026-10-07T14:37:19.0322037Z Cache mode: write
2026-10-07T14:37:19.0322977Z Prepare workflow directory
2026-10-07T14:37:19.0768180Z Prepare all required actions
2026-10-07T14:37:19.0816971Z Getting action download info
2026-10-07T14:37:19.3997631Z Download action repository 'actions/checkout@v4' (SHA:11d5960a326750d5838078e36cf38b85af677262)
2026-10-07T14:37:19.4782275Z Download action repository 'dtolnay/rust-toolchain@master' (SHA:7e38f4b43b4db5c8dd498af069a4f6196df1d067)
2026-10-07T14:37:19.7188250Z Download action repository 'Swatinem/rust-cache@v2' (SHA:6323deb102c322ba6fcbdcafc7e3dddab59af2b6)
2026-10-07T14:37:20.5524006Z Download action repository 'actions/cache@v4' (SHA:0057852bfaa89a56745cba8c7296529d2fc39830)
2026-10-07T14:37:20.6510359Z Download action repository 'actions/upload-artifact@v4' (SHA:ea165f8d65b6e75b540449e92b4886f43607fa02)
2026-10-07T14:37:20.9187714Z Complete job name: check
2026-10-07T14:37:21.0195738Z ##[group]Run actions/checkout@v4
2026-10-07T14:37:21.0196624Z with:
2026-10-07T14:37:21.0197118Z   repository: jkendall327/hydrus-mine
2026-10-07T14:37:21.0201627Z   token: ***
2026-10-07T14:37:21.0202110Z   ssh-strict: true
2026-10-07T14:37:21.0202767Z   ssh-user: git
2026-10-07T14:37:21.0203463Z   persist-credentials: true
2026-10-07T14:37:21.0204290Z   clean: true
2026-10-07T14:37:21.0205061Z   sparse-checkout-cone-mode: true
2026-10-07T14:37:21.0205899Z   fetch-depth: 1
2026-10-07T14:37:21.0206373Z   fetch-tags: false
2026-10-07T14:37:21.0206858Z   show-progress: true
2026-10-07T14:37:21.0207350Z   lfs: false
2026-10-07T14:37:21.0207799Z   submodules: false
2026-10-07T14:37:21.0208326Z   set-safe-directory: true
2026-10-07T14:37:21.0208882Z   allow-unsafe-pr-checkout: false
2026-10-07T14:37:21.0209813Z env:
2026-10-07T14:37:21.0210273Z   CARGO_TERM_COLOR: always
2026-10-07T14:37:21.0210813Z   RUSTFLAGS: -D warnings
2026-10-07T14:37:21.0211323Z ##[endgroup]
2026-10-07T14:37:21.1310905Z Syncing repository: jkendall327/hydrus-mine
2026-10-07T14:37:21.1313554Z ##[group]Getting Git version info
2026-10-07T14:37:21.1314455Z Working directory is '/home/runner/work/hydrus-mine/hydrus-mine'
2026-10-07T14:37:21.1315626Z [command]/usr/bin/git version
2026-10-07T14:37:21.1359925Z git version 2.55.0
2026-10-07T14:37:21.1391890Z ##[endgroup]
2026-10-07T14:37:21.1413332Z Temporarily overriding HOME='/home/runner/work/_temp/6cff7887-25f6-4260-82f9-be40b4c49b43' before making global git config changes
2026-10-07T14:37:21.1415073Z Adding repository directory to the temporary git global config as a safe directory
2026-10-07T14:37:21.1420695Z [command]/usr/bin/git config --global --add safe.directory /home/runner/work/hydrus-mine/hydrus-mine
2026-10-07T14:37:21.1485896Z Deleting the contents of '/home/runner/work/hydrus-mine/hydrus-mine'
2026-10-07T14:37:21.1491667Z ##[group]Initializing the repository
2026-10-07T14:37:21.1496719Z [command]/usr/bin/git init /home/runner/work/hydrus-mine/hydrus-mine
2026-10-07T14:37:21.1575925Z hint: Using 'master' as the name for the initial branch. This default branch name
2026-10-07T14:37:21.1577278Z hint: will change to "main" in Git 3.0. To configure the initial branch name
2026-10-07T14:37:21.1578572Z hint: to use in all of your new repositories, which will suppress this warning,
2026-10-07T14:37:21.1579988Z hint: call:
2026-10-07T14:37:21.1580749Z hint:
2026-10-07T14:37:21.1581717Z hint: 	git config --global init.defaultBranch <name>
2026-10-07T14:37:21.1583068Z hint:
2026-10-07T14:37:21.1584187Z hint: Names commonly chosen instead of 'master' are 'main', 'trunk' and
2026-10-07T14:37:21.1585922Z hint: 'development'. The just-created branch can be renamed via this command:
2026-10-07T14:37:21.1587297Z hint:
2026-10-07T14:37:21.1588052Z hint: 	git branch -m <name>
2026-10-07T14:37:21.1589331Z hint:
2026-10-07T14:37:21.1590732Z hint: Disable this message with "git config set advice.defaultBranchName false"
2026-10-07T14:37:21.1593096Z Initialized empty Git repository in /home/runner/work/hydrus-mine/hydrus-mine/.git/
2026-10-07T14:37:21.1596512Z [command]/usr/bin/git remote add origin https://github.com/jkendall327/hydrus-mine
2026-10-07T14:37:21.1636065Z ##[endgroup]
2026-10-07T14:37:21.1637484Z ##[group]Disabling automatic garbage collection
2026-10-07T14:37:21.1640771Z [command]/usr/bin/git config --local gc.auto 0
2026-10-07T14:37:21.1679806Z ##[endgroup]
2026-10-07T14:37:21.1680624Z ##[group]Setting up auth
2026-10-07T14:37:21.1686046Z [command]/usr/bin/git config --local --name-only --get-regexp core\.sshCommand
2026-10-07T14:37:21.1717343Z [command]/usr/bin/git submodule foreach --recursive sh -c "git config --local --name-only --get-regexp 'core\.sshCommand' && git config --local --unset-all 'core.sshCommand' || :"
2026-10-07T14:37:21.2032344Z [command]/usr/bin/git config --local --name-only --get-regexp http\.https\:\/\/github\.com\/\.extraheader
2026-10-07T14:37:21.2066041Z [command]/usr/bin/git submodule foreach --recursive sh -c "git config --local --name-only --get-regexp 'http\.https\:\/\/github\.com\/\.extraheader' && git config --local --unset-all 'http.https://github.com/.extraheader' || :"
2026-10-07T14:37:21.2309709Z [command]/usr/bin/git config --local --name-only --get-regexp ^includeIf\.gitdir:
2026-10-07T14:37:21.2343610Z [command]/usr/bin/git submodule foreach --recursive git config --local --show-origin --name-only --get-regexp remote.origin.url
2026-10-07T14:37:21.2582456Z [command]/usr/bin/git config --local http.https://github.com/.extraheader AUTHORIZATION: basic ***
2026-10-07T14:37:21.2621509Z ##[endgroup]
2026-10-07T14:37:21.2622385Z ##[group]Fetching the repository
2026-10-07T14:37:21.2631066Z [command]/usr/bin/git -c protocol.version=2 fetch --no-tags --prune --no-recurse-submodules --depth=1 origin +9e4b3c59215d017a0a0e0948898901121f0618f5:refs/remotes/origin/codex/validation-runner
2026-10-07T14:37:33.1224889Z From https://github.com/jkendall327/hydrus-mine
2026-10-07T14:37:33.1225720Z  * [new ref]         9e4b3c59215d017a0a0e0948898901121f0618f5 -> origin/codex/validation-runner
2026-10-07T14:37:33.1228370Z ##[endgroup]
2026-10-07T14:37:33.1228874Z ##[group]Determining the checkout info
2026-10-07T14:37:33.1230537Z ##[endgroup]
2026-10-07T14:37:33.1236510Z [command]/usr/bin/git sparse-checkout disable
2026-10-07T14:37:33.1286709Z [command]/usr/bin/git config --local --unset-all extensions.worktreeConfig
2026-10-07T14:37:33.1318514Z ##[group]Checking out the ref
2026-10-07T14:37:33.1323085Z [command]/usr/bin/git checkout --progress --force -B codex/validation-runner refs/remotes/origin/codex/validation-runner
2026-10-07T14:37:34.1446481Z Updating files:  71% (3984/5593)
2026-10-07T14:37:34.1538739Z Updating files:  72% (4027/5593)
2026-10-07T14:37:34.1637154Z Updating files:  73% (4083/5593)
2026-10-07T14:37:34.1763564Z Updating files:  74% (4139/5593)
2026-10-07T14:37:34.1820402Z Updating files:  75% (4195/5593)
2026-10-07T14:37:34.1982805Z Updating files:  76% (4251/5593)
2026-10-07T14:37:34.2031997Z Updating files:  77% (4307/5593)
2026-10-07T14:37:34.2068183Z Updating files:  78% (4363/5593)
2026-10-07T14:37:34.2119460Z Updating files:  79% (4419/5593)
2026-10-07T14:37:34.2185906Z Updating files:  80% (4475/5593)
2026-10-07T14:37:34.2291941Z Updating files:  81% (4531/5593)
2026-10-07T14:37:34.2380674Z Updating files:  82% (4587/5593)
2026-10-07T14:37:34.2431587Z Updating files:  83% (4643/5593)
2026-10-07T14:37:34.2477940Z Updating files:  84% (4699/5593)
2026-10-07T14:37:34.2547967Z Updating files:  85% (4755/5593)
2026-10-07T14:37:34.2653586Z Updating files:  86% (4810/5593)
2026-10-07T14:37:34.2739865Z Updating files:  87% (4866/5593)
2026-10-07T14:37:34.2779112Z Updating files:  88% (4922/5593)
2026-10-07T14:37:34.2819990Z Updating files:  89% (4978/5593)
2026-10-07T14:37:34.2858725Z Updating files:  90% (5034/5593)
2026-10-07T14:37:34.2898294Z Updating files:  91% (5090/5593)
2026-10-07T14:37:34.2936522Z Updating files:  92% (5146/5593)
2026-10-07T14:37:34.2987616Z Updating files:  93% (5202/5593)
2026-10-07T14:37:34.3568179Z Updating files:  94% (5258/5593)
2026-10-07T14:37:34.3604568Z Updating files:  95% (5314/5593)
2026-10-07T14:37:34.3648775Z Updating files:  96% (5370/5593)
2026-10-07T14:37:34.3677215Z Updating files:  97% (5426/5593)
2026-10-07T14:37:34.3703490Z Updating files:  98% (5482/5593)
2026-10-07T14:37:34.3799195Z Updating files:  99% (5538/5593)
2026-10-07T14:37:34.3799999Z Updating files: 100% (5593/5593)
2026-10-07T14:37:34.3800474Z Updating files: 100% (5593/5593), done.
2026-10-07T14:37:34.3866640Z Switched to a new branch 'codex/validation-runner'
2026-10-07T14:37:34.3873630Z branch 'codex/validation-runner' set up to track 'origin/codex/validation-runner'.
2026-10-07T14:37:34.3940234Z ##[endgroup]
2026-10-07T14:37:34.3996910Z [command]/usr/bin/git log -1 --format=%H
2026-10-07T14:37:34.4029070Z 9e4b3c59215d017a0a0e0948898901121f0618f5
2026-10-07T14:37:34.4387415Z ##[group]Run dtolnay/rust-toolchain@master
2026-10-07T14:37:34.4387730Z with:
2026-10-07T14:37:34.4387934Z   toolchain: 1.94
2026-10-07T14:37:34.4388170Z   components: rustfmt, clippy
2026-10-07T14:37:34.4388415Z env:
2026-10-07T14:37:34.4388611Z   CARGO_TERM_COLOR: always
2026-10-07T14:37:34.4388856Z   RUSTFLAGS: -D warnings
2026-10-07T14:37:34.4389085Z ##[endgroup]
2026-10-07T14:37:34.4456278Z ##[start-action display=Parse toolchain version;id=__dtolnay_rust-toolchain.parse]
2026-10-07T14:37:34.4514330Z ##[group]Run if [[ -z $toolchain ]]; then
2026-10-07T14:37:34.4514749Z [36;1mif [[ -z $toolchain ]]; then[0m
2026-10-07T14:37:34.4515328Z [36;1m  # GitHub does not enforce `required: true` inputs itself. https://github.com/actions/runner/issues/1070[0m
2026-10-07T14:37:34.4515896Z [36;1m  echo "'toolchain' is a required input" >&2[0m
2026-10-07T14:37:34.4516240Z [36;1m  exit 1[0m
2026-10-07T14:37:34.4516642Z [36;1melif [[ $toolchain =~ ^stable' '[0-9]+' '(year|month|week|day)s?' 'ago$ ]]; then[0m
2026-10-07T14:37:34.4517060Z [36;1m  if [[ Linux == macOS ]]; then[0m
2026-10-07T14:37:34.4517591Z [36;1m    echo "toolchain=1.$((($(date -v-$(sed 's/stable \([0-9]*\) \(.\).*/\1\2/' <<< $toolchain) +%s)/60/60/24-16569)/7/6))" >> $GITHUB_OUTPUT[0m
2026-10-07T14:37:34.4518098Z [36;1m  else[0m
2026-10-07T14:37:34.4518500Z [36;1m    echo "toolchain=1.$((($(date --date "${toolchain#stable }" +%s)/60/60/24-16569)/7/6))" >> $GITHUB_OUTPUT[0m
2026-10-07T14:37:34.4518960Z [36;1m  fi[0m
2026-10-07T14:37:34.4519265Z [36;1melif [[ $toolchain =~ ^stable' 'minus' '[0-9]+' 'releases?$ ]]; then[0m
2026-10-07T14:37:34.4519784Z [36;1m  echo "toolchain=1.$((($(date +%s)/60/60/24-16569)/7/6-${toolchain//[^0-9]/}))" >> $GITHUB_OUTPUT[0m
2026-10-07T14:37:34.4520231Z [36;1melif [[ $toolchain =~ ^1\.[0-9]+$ ]]; then[0m
2026-10-07T14:37:34.4520972Z [36;1m  echo "toolchain=1.$((i=${toolchain#1.}, c=($(date +%s)/60/60/24-16569)/7/6, i+9*i*(10*i<=c)+90*i*(100*i<=c)))" >> $GITHUB_OUTPUT[0m
2026-10-07T14:37:34.4521450Z [36;1melse[0m
2026-10-07T14:37:34.4521700Z [36;1m  echo "toolchain=$toolchain" >> $GITHUB_OUTPUT[0m
2026-10-07T14:37:34.4522002Z [36;1mfi[0m
2026-10-07T14:37:34.4764107Z shell: /usr/bin/bash --noprofile --norc -e -o pipefail {0}
2026-10-07T14:37:34.4764494Z env:
2026-10-07T14:37:34.4764717Z   CARGO_TERM_COLOR: always
2026-10-07T14:37:34.4764971Z   RUSTFLAGS: -D warnings
2026-10-07T14:37:34.4765205Z   toolchain: 1.94
2026-10-07T14:37:34.4765418Z ##[endgroup]
2026-10-07T14:37:34.4945616Z ##[end-action id=__dtolnay_rust-toolchain.parse;outcome=success;conclusion=success;duration_ms=48]
2026-10-07T14:37:34.4959032Z ##[start-action display=Construct rustup command line;id=__dtolnay_rust-toolchain.flags]
2026-10-07T14:37:34.4990941Z ##[group]Run echo "targets=$(for t in ${targets//,/ }; do echo -n ' --target' $t; done)" >> $GITHUB_OUTPUT
2026-10-07T14:37:34.4991614Z [36;1mecho "targets=$(for t in ${targets//,/ }; do echo -n ' --target' $t; done)" >> $GITHUB_OUTPUT[0m
2026-10-07T14:37:34.4992255Z [36;1mecho "components=$(for c in ${components//,/ }; do echo -n ' --component' $c; done)" >> $GITHUB_OUTPUT[0m
2026-10-07T14:37:34.4992958Z [36;1mecho "downgrade=" >> $GITHUB_OUTPUT[0m
2026-10-07T14:37:34.5066580Z shell: /usr/bin/bash --noprofile --norc -e -o pipefail {0}
2026-10-07T14:37:34.5066948Z env:
2026-10-07T14:37:34.5067165Z   CARGO_TERM_COLOR: always
2026-10-07T14:37:34.5067421Z   RUSTFLAGS: -D warnings
2026-10-07T14:37:34.5067650Z   targets: 
2026-10-07T14:37:34.5067858Z   components: rustfmt, clippy
2026-10-07T14:37:34.5068108Z ##[endgroup]
2026-10-07T14:37:34.5184921Z ##[end-action id=__dtolnay_rust-toolchain.flags;outcome=success;conclusion=success;duration_ms=22]
2026-10-07T14:37:34.5187646Z ##[start-action display=Set $CARGO_HOME;id=__dtolnay_rust-toolchain.__run]
2026-10-07T14:37:34.5249192Z ##[group]Run echo CARGO_HOME=${CARGO_HOME:-"$HOME/.cargo"} >> $GITHUB_ENV
2026-10-07T14:37:34.5249734Z [36;1mecho CARGO_HOME=${CARGO_HOME:-"$HOME/.cargo"} >> $GITHUB_ENV[0m
2026-10-07T14:37:34.5326943Z shell: /usr/bin/bash --noprofile --norc -e -o pipefail {0}
2026-10-07T14:37:34.5327316Z env:
2026-10-07T14:37:34.5327663Z   CARGO_TERM_COLOR: always
2026-10-07T14:37:34.5327977Z   RUSTFLAGS: -D warnings
2026-10-07T14:37:34.5328220Z ##[endgroup]
2026-10-07T14:37:34.5442093Z ##[end-action id=__dtolnay_rust-toolchain.__run;outcome=success;conclusion=success;duration_ms=25]
2026-10-07T14:37:34.5445181Z ##[start-action display=Install rustup if needed;id=__dtolnay_rust-toolchain.__run_2]
2026-10-07T14:37:34.5473856Z ##[group]Run if ! command -v rustup &>/dev/null; then
2026-10-07T14:37:34.5474247Z [36;1mif ! command -v rustup &>/dev/null; then[0m
2026-10-07T14:37:34.5475029Z [36;1m  curl --proto '=https' --tlsv1.2 --retry 10 --retry-connrefused --location --silent --show-error --fail https://sh.rustup.rs | sh -s -- --default-toolchain none -y[0m
2026-10-07T14:37:34.5475750Z [36;1m  echo "$CARGO_HOME/bin" >> $GITHUB_PATH[0m
2026-10-07T14:37:34.5476030Z [36;1mfi[0m
2026-10-07T14:37:34.5550838Z shell: /usr/bin/bash --noprofile --norc -e -o pipefail {0}
2026-10-07T14:37:34.5551196Z env:
2026-10-07T14:37:34.5551407Z   CARGO_TERM_COLOR: always
2026-10-07T14:37:34.5551660Z   RUSTFLAGS: -D warnings
2026-10-07T14:37:34.5551910Z   CARGO_HOME: /home/runner/.cargo
2026-10-07T14:37:34.5552177Z ##[endgroup]
2026-10-07T14:37:34.5655141Z ##[end-action id=__dtolnay_rust-toolchain.__run_2;outcome=success;conclusion=success;duration_ms=20]
2026-10-07T14:37:34.5657820Z ##[start-action display=Install rustup if needed on windows;id=__dtolnay_rust-toolchain.__run_3]
2026-10-07T14:37:34.5666594Z ##[end-action id=__dtolnay_rust-toolchain.__run_3;outcome=skipped;conclusion=skipped;duration_ms=0]
2026-10-07T14:37:34.5678689Z ##[start-action display=rustup toolchain install 1.94;id=__dtolnay_rust-toolchain.__run_4]
2026-10-07T14:37:34.5699957Z ##[group]Run log=$(mktemp)
2026-10-07T14:37:34.5700459Z [36;1mlog=$(mktemp)[0m
2026-10-07T14:37:34.5700708Z [36;1mtrap 'rm -f "$log"' EXIT[0m
2026-10-07T14:37:34.5700998Z [36;1mfor attempt in 1 2 3 4 5; do[0m
2026-10-07T14:37:34.5701647Z [36;1m  if rustup toolchain install 1.94 --component rustfmt --component clippy --profile minimal --no-self-update --force-non-host 2>&1 | tee "$log"; then[0m
2026-10-07T14:37:34.5702263Z [36;1m    break[0m
2026-10-07T14:37:34.5702478Z [36;1m  else[0m
2026-10-07T14:37:34.5702941Z [36;1m    status=$?[0m
2026-10-07T14:37:34.5703166Z [36;1m  fi[0m
2026-10-07T14:37:34.5703477Z [36;1m  if [[ $attempt == 5 ]] || ! grep -Fq 'checksum failed for ' "$log" \[0m
2026-10-07T14:37:34.5704025Z [36;1m      || ! grep -Fq 'this is likely due to an ongoing update of the official release server' "$log"; then[0m
2026-10-07T14:37:34.5704494Z [36;1m    exit "$status"[0m
2026-10-07T14:37:34.5704730Z [36;1m  fi[0m
2026-10-07T14:37:34.5705099Z [36;1m  echo "Retrying rustup toolchain install in 30 seconds (retry $attempt of 4)" >&2[0m
2026-10-07T14:37:34.5705531Z [36;1m  sleep 30[0m
2026-10-07T14:37:34.5705757Z [36;1mdone[0m
2026-10-07T14:37:34.5778301Z shell: /usr/bin/bash --noprofile --norc -e -o pipefail {0}
2026-10-07T14:37:34.5778668Z env:
2026-10-07T14:37:34.5778877Z   CARGO_TERM_COLOR: always
2026-10-07T14:37:34.5779127Z   RUSTFLAGS: -D warnings
2026-10-07T14:37:34.5779374Z   CARGO_HOME: /home/runner/.cargo
2026-10-07T14:37:34.5779640Z   RUSTUP_PERMIT_COPY_RENAME: 1
2026-10-07T14:37:34.5779884Z ##[endgroup]
2026-10-07T14:37:35.2749118Z info: syncing channel updates for 1.94-x86_64-unknown-linux-gnu
2026-10-07T14:37:35.8550674Z info: latest update on 2026-03-26 for version 1.94.1 (e408947bf 2026-03-25)
2026-10-07T14:37:35.8551453Z info: downloading 5 components
2026-10-07T14:37:44.4639213Z 
2026-10-07T14:37:44.4719544Z   1.94-x86_64-unknown-linux-gnu installed - rustc 1.94.1 (e408947bf 2026-03-25)
2026-10-07T14:37:44.4720092Z 
2026-10-07T14:37:44.4807047Z ##[end-action id=__dtolnay_rust-toolchain.__run_4;outcome=success;conclusion=success;duration_ms=9912]
2026-10-07T14:37:44.4814000Z ##[start-action display=rustup default 1.94;id=__dtolnay_rust-toolchain.__run_5]
2026-10-07T14:37:44.4833620Z ##[group]Run rustup default 1.94 --force-non-host
2026-10-07T14:37:44.4834010Z [36;1mrustup default 1.94 --force-non-host[0m
2026-10-07T14:37:44.4899579Z shell: /usr/bin/bash --noprofile --norc -e -o pipefail {0}
2026-10-07T14:37:44.4899928Z env:
2026-10-07T14:37:44.4900145Z   CARGO_TERM_COLOR: always
2026-10-07T14:37:44.4900391Z   RUSTFLAGS: -D warnings
2026-10-07T14:37:44.4900639Z   CARGO_HOME: /home/runner/.cargo
2026-10-07T14:37:44.4900914Z ##[endgroup]
2026-10-07T14:37:44.5034270Z info: using existing install for 1.94-x86_64-unknown-linux-gnu
2026-10-07T14:37:44.5039611Z info: default toolchain set to 1.94-x86_64-unknown-linux-gnu
2026-10-07T14:37:44.5040042Z 
2026-10-07T14:37:44.5115290Z   1.94-x86_64-unknown-linux-gnu unchanged - rustc 1.94.1 (e408947bf 2026-03-25)
2026-10-07T14:37:44.5115701Z 
2026-10-07T14:37:44.5116314Z info: note that the toolchain '1.94-x86_64-unknown-linux-gnu' is currently in use (overridden by '/home/runner/work/hydrus-mine/hydrus-mine/rust-toolchain.toml')
2026-10-07T14:37:44.5134817Z ##[end-action id=__dtolnay_rust-toolchain.__run_5;outcome=success;conclusion=success;duration_ms=32]
2026-10-07T14:37:44.5137450Z ##[start-action display=Create cachekey;id=__dtolnay_rust-toolchain.rustc-version]
2026-10-07T14:37:44.5166050Z ##[group]Run DATE=$(rustc +1.94 --version --verbose | sed -ne 's/^commit-date: \(20[0-9][0-9]\)-\([01][0-9]\)-\([0-3][0-9]\)$/\1\2\3/p')
2026-10-07T14:37:44.5166860Z [36;1mDATE=$(rustc +1.94 --version --verbose | sed -ne 's/^commit-date: \(20[0-9][0-9]\)-\([01][0-9]\)-\([0-3][0-9]\)$/\1\2\3/p')[0m
2026-10-07T14:37:44.5167461Z [36;1mHASH=$(rustc +1.94 --version --verbose | sed -ne 's/^commit-hash: //p')[0m
2026-10-07T14:37:44.5167942Z [36;1mecho "cachekey=$(echo $DATE$HASH | head -c12)" >> $GITHUB_OUTPUT[0m
2026-10-07T14:37:44.5235346Z shell: /usr/bin/bash --noprofile --norc -e -o pipefail {0}
2026-10-07T14:37:44.5235871Z env:
2026-10-07T14:37:44.5236074Z   CARGO_TERM_COLOR: always
2026-10-07T14:37:44.5236332Z   RUSTFLAGS: -D warnings
2026-10-07T14:37:44.5236580Z   CARGO_HOME: /home/runner/.cargo
2026-10-07T14:37:44.5236835Z ##[endgroup]
2026-10-07T14:37:44.5619040Z ##[end-action id=__dtolnay_rust-toolchain.rustc-version;outcome=success;conclusion=success;duration_ms=48]
2026-10-07T14:37:44.5621723Z ##[start-action display=Disable incremental compilation;id=__dtolnay_rust-toolchain.__run_6]
2026-10-07T14:37:44.5640551Z ##[group]Run if [ -z "${CARGO_INCREMENTAL+set}" ]; then
2026-10-07T14:37:44.5640959Z [36;1mif [ -z "${CARGO_INCREMENTAL+set}" ]; then[0m
2026-10-07T14:37:44.5641304Z [36;1m  echo CARGO_INCREMENTAL=0 >> $GITHUB_ENV[0m
2026-10-07T14:37:44.5641603Z [36;1mfi[0m
2026-10-07T14:37:44.5708779Z shell: /usr/bin/bash --noprofile --norc -e -o pipefail {0}
2026-10-07T14:37:44.5709137Z env:
2026-10-07T14:37:44.5709350Z   CARGO_TERM_COLOR: always
2026-10-07T14:37:44.5709622Z   RUSTFLAGS: -D warnings
2026-10-07T14:37:44.5709869Z   CARGO_HOME: /home/runner/.cargo
2026-10-07T14:37:44.5710136Z ##[endgroup]
2026-10-07T14:37:44.5803367Z ##[end-action id=__dtolnay_rust-toolchain.__run_6;outcome=success;conclusion=success;duration_ms=18]
2026-10-07T14:37:44.5805899Z ##[start-action display=Enable colors in Cargo output;id=__dtolnay_rust-toolchain.__run_7]
2026-10-07T14:37:44.5824047Z ##[group]Run if [ -z "${CARGO_TERM_COLOR+set}" ]; then
2026-10-07T14:37:44.5824425Z [36;1mif [ -z "${CARGO_TERM_COLOR+set}" ]; then[0m
2026-10-07T14:37:44.5824760Z [36;1m  echo CARGO_TERM_COLOR=always >> $GITHUB_ENV[0m
2026-10-07T14:37:44.5825063Z [36;1mfi[0m
2026-10-07T14:37:44.5888883Z shell: /usr/bin/bash --noprofile --norc -e -o pipefail {0}
2026-10-07T14:37:44.5889237Z env:
2026-10-07T14:37:44.5889456Z   CARGO_TERM_COLOR: always
2026-10-07T14:37:44.5889702Z   RUSTFLAGS: -D warnings
2026-10-07T14:37:44.5889950Z   CARGO_HOME: /home/runner/.cargo
2026-10-07T14:37:44.5890228Z   CARGO_INCREMENTAL: 0
2026-10-07T14:37:44.5890451Z ##[endgroup]
2026-10-07T14:37:44.6004426Z ##[end-action id=__dtolnay_rust-toolchain.__run_7;outcome=success;conclusion=success;duration_ms=19]
2026-10-07T14:37:44.6008184Z ##[start-action display=Enable Cargo sparse registry;id=__dtolnay_rust-toolchain.__run_8]
2026-10-07T14:37:44.6054043Z ##[group]Run # implemented in 1.66, stabilized in 1.68, made default in 1.70
2026-10-07T14:37:44.6054602Z [36;1m# implemented in 1.66, stabilized in 1.68, made default in 1.70[0m
2026-10-07T14:37:44.6055422Z [36;1mif [ -z "${CARGO_REGISTRIES_CRATES_IO_PROTOCOL+set}" -o -f "/home/runner/work/_temp"/.implicit_cargo_registries_crates_io_protocol ]; then[0m
2026-10-07T14:37:44.6056162Z [36;1m  if rustc +1.94 --version --verbose | grep -q '^release: 1\.6[89]\.'; then[0m
2026-10-07T14:37:44.6056734Z [36;1m    touch "/home/runner/work/_temp"/.implicit_cargo_registries_crates_io_protocol || true[0m
2026-10-07T14:37:44.6057283Z [36;1m    echo CARGO_REGISTRIES_CRATES_IO_PROTOCOL=sparse >> $GITHUB_ENV[0m
2026-10-07T14:37:44.6057788Z [36;1m  elif rustc +1.94 --version --verbose | grep -q '^release: 1\.6[67]\.'; then[0m
2026-10-07T14:37:44.6058343Z [36;1m    touch "/home/runner/work/_temp"/.implicit_cargo_registries_crates_io_protocol || true[0m
2026-10-07T14:37:44.6058939Z [36;1m    echo CARGO_REGISTRIES_CRATES_IO_PROTOCOL=git >> $GITHUB_ENV[0m
2026-10-07T14:37:44.6059295Z [36;1m  fi[0m
2026-10-07T14:37:44.6059500Z [36;1mfi[0m
2026-10-07T14:37:44.6126972Z shell: /usr/bin/bash --noprofile --norc -e -o pipefail {0}
2026-10-07T14:37:44.6127323Z env:
2026-10-07T14:37:44.6127539Z   CARGO_TERM_COLOR: always
2026-10-07T14:37:44.6127791Z   RUSTFLAGS: -D warnings
2026-10-07T14:37:44.6128051Z   CARGO_HOME: /home/runner/.cargo
2026-10-07T14:37:44.6128312Z   CARGO_INCREMENTAL: 0
2026-10-07T14:37:44.6128532Z ##[endgroup]
2026-10-07T14:37:44.6478371Z ##[end-action id=__dtolnay_rust-toolchain.__run_8;outcome=success;conclusion=success;duration_ms=46]
2026-10-07T14:37:44.6481110Z ##[start-action display=Work around spurious network errors in curl 8.0;id=__dtolnay_rust-toolchain.__run_9]
2026-10-07T14:37:44.6504060Z ##[group]Run # https://rust-lang.zulipchat.com/#narrow/stream/246057-t-cargo/topic/timeout.20investigation
2026-10-07T14:37:44.6504963Z [36;1m# https://rust-lang.zulipchat.com/#narrow/stream/246057-t-cargo/topic/timeout.20investigation[0m
2026-10-07T14:37:44.6505753Z [36;1mif rustc +1.94 --version --verbose | grep -q '^release: 1\.7[01]\.'; then[0m
2026-10-07T14:37:44.6506400Z [36;1m  echo CARGO_HTTP_MULTIPLEXING=false >> $GITHUB_ENV[0m
2026-10-07T14:37:44.6506843Z [36;1mfi[0m
2026-10-07T14:37:44.6573623Z shell: /usr/bin/bash --noprofile --norc -e -o pipefail {0}
2026-10-07T14:37:44.6574135Z env:
2026-10-07T14:37:44.6574590Z   CARGO_TERM_COLOR: always
2026-10-07T14:37:44.6574969Z   RUSTFLAGS: -D warnings
2026-10-07T14:37:44.6575375Z   CARGO_HOME: /home/runner/.cargo
2026-10-07T14:37:44.6575791Z   CARGO_INCREMENTAL: 0
2026-10-07T14:37:44.6576176Z ##[endgroup]
2026-10-07T14:37:44.6819171Z ##[end-action id=__dtolnay_rust-toolchain.__run_9;outcome=success;conclusion=success;duration_ms=33]
2026-10-07T14:37:44.6824026Z ##[start-action display=rustc +1.94 --version --verbose;id=__dtolnay_rust-toolchain.__run_10]
2026-10-07T14:37:44.6842546Z ##[group]Run rustc +1.94 --version --verbose
2026-10-07T14:37:44.6843391Z [36;1mrustc +1.94 --version --verbose[0m
2026-10-07T14:37:44.6910287Z shell: /usr/bin/bash --noprofile --norc -e -o pipefail {0}
2026-10-07T14:37:44.6910642Z env:
2026-10-07T14:37:44.6910851Z   CARGO_TERM_COLOR: always
2026-10-07T14:37:44.6911100Z   RUSTFLAGS: -D warnings
2026-10-07T14:37:44.6911345Z   CARGO_HOME: /home/runner/.cargo
2026-10-07T14:37:44.6911603Z   CARGO_INCREMENTAL: 0
2026-10-07T14:37:44.6911824Z ##[endgroup]
2026-10-07T14:37:44.7113750Z rustc 1.94.1 (e408947bf 2026-03-25)
2026-10-07T14:37:44.7114266Z binary: rustc
2026-10-07T14:37:44.7114676Z commit-hash: e408947bfd200af42db322daf0fadfe7e26d3bd1
2026-10-07T14:37:44.7115155Z commit-date: 2026-03-25
2026-10-07T14:37:44.7115536Z host: x86_64-unknown-linux-gnu
2026-10-07T14:37:44.7115913Z release: 1.94.1
2026-10-07T14:37:44.7116385Z LLVM version: 21.1.8
2026-10-07T14:37:44.7132991Z ##[end-action id=__dtolnay_rust-toolchain.__run_10;outcome=success;conclusion=success;duration_ms=30]
2026-10-07T14:37:44.7252242Z ##[group]Run Swatinem/rust-cache@v2
2026-10-07T14:37:44.7252550Z with:
2026-10-07T14:37:44.7252954Z   cache-on-failure: true
2026-10-07T14:37:44.7253223Z   cache-workspace-crates: false
2026-10-07T14:37:44.7253486Z   prefix-key: v0-rust
2026-10-07T14:37:44.7253717Z   add-job-id-key: true
2026-10-07T14:37:44.7253965Z   add-rust-environment-hash-key: true
2026-10-07T14:37:44.7254249Z   cache-targets: true
2026-10-07T14:37:44.7254471Z   cache-all-crates: false
2026-10-07T14:37:44.7254700Z   save-if: true
2026-10-07T14:37:44.7254917Z   cache-provider: github
2026-10-07T14:37:44.7255147Z   cache-bin: true
2026-10-07T14:37:44.7255360Z   lookup-only: false
2026-10-07T14:37:44.7255591Z   cmd-format: {0}
2026-10-07T14:37:44.7255819Z env:
2026-10-07T14:37:44.7256014Z   CARGO_TERM_COLOR: always
2026-10-07T14:37:44.7256257Z   RUSTFLAGS: -D warnings
2026-10-07T14:37:44.7256497Z   CARGO_HOME: /home/runner/.cargo
2026-10-07T14:37:44.7256755Z   CARGO_INCREMENTAL: 0
2026-10-07T14:37:44.7257000Z ##[endgroup]
2026-10-07T14:37:47.3352442Z ##[group]Cache Configuration
2026-10-07T14:37:47.3353165Z Cache Provider:
2026-10-07T14:37:47.3353479Z     github
2026-10-07T14:37:47.3353772Z Workspaces:
2026-10-07T14:37:47.3354127Z     /home/runner/work/hydrus-mine/hydrus-mine
2026-10-07T14:37:47.3354589Z Cache Paths:
2026-10-07T14:37:47.3354905Z     /home/runner/.cargo/bin
2026-10-07T14:37:47.3355295Z     /home/runner/.cargo/.crates.toml
2026-10-07T14:37:47.3355855Z     /home/runner/.cargo/.crates2.json
2026-10-07T14:37:47.3356281Z     /home/runner/.cargo/registry
2026-10-07T14:37:47.3356684Z     /home/runner/.cargo/git
2026-10-07T14:37:47.3357300Z     /home/runner/work/hydrus-mine/hydrus-mine/target
2026-10-07T14:37:47.3379377Z Restore Key:
2026-10-07T14:37:47.3380233Z     v0-rust-check-Linux-x64-6601efbe
2026-10-07T14:37:47.3380646Z Cache Key:
2026-10-07T14:37:47.3380879Z     v0-rust-check-Linux-x64-6601efbe-0ea5e1be
2026-10-07T14:37:47.3381177Z .. Prefix:
2026-10-07T14:37:47.3381398Z   - v0-rust-check-Linux-x64
2026-10-07T14:37:47.3381689Z .. Environment considered:
2026-10-07T14:37:47.3381958Z   - Rust Versions:
2026-10-07T14:37:47.3382299Z     - 1.94.1 x86_64-unknown-linux-gnu e408947bfd200af42db322daf0fadfe7e26d3bd1
2026-10-07T14:37:47.3383071Z     - 1.98.1 x86_64-unknown-linux-gnu 48a229ceaefd4985c50990b14116b6d856af0985
2026-10-07T14:37:47.3383467Z   - CARGO_HOME
2026-10-07T14:37:47.3383679Z   - CARGO_INCREMENTAL
2026-10-07T14:37:47.3383894Z   - CARGO_TERM_COLOR
2026-10-07T14:37:47.3384106Z   - RUSTFLAGS
2026-10-07T14:37:47.3384338Z .. Lockfiles considered:
2026-10-07T14:37:47.3384656Z   - /home/runner/work/hydrus-mine/hydrus-mine/.cargo/config.toml
2026-10-07T14:37:47.3385038Z   - /home/runner/work/hydrus-mine/hydrus-mine/Cargo.lock
2026-10-07T14:37:47.3385465Z   - /home/runner/work/hydrus-mine/hydrus-mine/crates/hydrus-api/Cargo.toml
2026-10-07T14:37:47.3385937Z   - /home/runner/work/hydrus-mine/hydrus-mine/crates/hydrus-cli/Cargo.toml
2026-10-07T14:37:47.3386402Z   - /home/runner/work/hydrus-mine/hydrus-mine/crates/hydrus-core/Cargo.toml
2026-10-07T14:37:47.3386890Z   - /home/runner/work/hydrus-mine/hydrus-mine/crates/hydrus-download/Cargo.toml
2026-10-07T14:37:47.3387432Z   - /home/runner/work/hydrus-mine/hydrus-mine/crates/hydrus-downloader-exchange/Cargo.toml
2026-10-07T14:37:47.3387993Z   - /home/runner/work/hydrus-mine/hydrus-mine/crates/hydrus-duplicates/Cargo.toml
2026-10-07T14:37:47.3388558Z   - /home/runner/work/hydrus-mine/hydrus-mine/crates/hydrus-gui-model/Cargo.toml
2026-10-07T14:37:47.3389073Z   - /home/runner/work/hydrus-mine/hydrus-mine/crates/hydrus-gui-ui/Cargo.toml
2026-10-07T14:37:47.3389551Z   - /home/runner/work/hydrus-mine/hydrus-mine/crates/hydrus-gui/Cargo.toml
2026-10-07T14:37:47.3390032Z   - /home/runner/work/hydrus-mine/hydrus-mine/crates/hydrus-import/Cargo.toml
2026-10-07T14:37:47.3390515Z   - /home/runner/work/hydrus-mine/hydrus-mine/crates/hydrus-legacy/Cargo.toml
2026-10-07T14:37:47.3390993Z   - /home/runner/work/hydrus-mine/hydrus-mine/crates/hydrus-media/Cargo.toml
2026-10-07T14:37:47.3391760Z   - /home/runner/work/hydrus-mine/hydrus-mine/crates/hydrus-net/Cargo.toml
2026-10-07T14:37:47.3392254Z   - /home/runner/work/hydrus-mine/hydrus-mine/crates/hydrus-parse/Cargo.toml
2026-10-07T14:37:47.3392868Z   - /home/runner/work/hydrus-mine/hydrus-mine/crates/hydrus-search/Cargo.toml
2026-10-07T14:37:47.3393345Z   - /home/runner/work/hydrus-mine/hydrus-mine/crates/hydrus-store/Cargo.toml
2026-10-07T14:37:47.3393816Z   - /home/runner/work/hydrus-mine/hydrus-mine/crates/hydrus-testkit/Cargo.toml
2026-10-07T14:37:47.3394263Z   - /home/runner/work/hydrus-mine/hydrus-mine/rust-toolchain.toml
2026-10-07T14:37:47.3394672Z   - /home/runner/work/hydrus-mine/hydrus-mine/xtask/Cargo.toml
2026-10-07T14:37:47.3395377Z ##[endgroup]
2026-10-07T14:37:47.3395552Z 
2026-10-07T14:37:47.3395685Z ... Restoring cache ...
2026-10-07T14:37:47.5613577Z Cache hit for: v0-rust-check-Linux-x64-6601efbe-0ea5e1be
2026-10-07T14:37:48.7711642Z Received 33554432 of 835123788 (4.0%), 32.0 MBs/sec
2026-10-07T14:37:49.7744223Z Received 125829120 of 835123788 (15.1%), 60.0 MBs/sec
2026-10-07T14:37:50.7736059Z Received 213909504 of 835123788 (25.6%), 68.0 MBs/sec
2026-10-07T14:37:51.7742776Z Received 327155712 of 835123788 (39.2%), 77.9 MBs/sec
2026-10-07T14:37:52.7773876Z Received 432013312 of 835123788 (51.7%), 82.3 MBs/sec
2026-10-07T14:37:53.7755335Z Received 532676608 of 835123788 (63.8%), 84.6 MBs/sec
2026-10-07T14:37:54.7762394Z Received 608174080 of 835123788 (72.8%), 82.8 MBs/sec
2026-10-07T14:37:55.7763764Z Received 666894336 of 835123788 (79.9%), 79.4 MBs/sec
2026-10-07T14:37:56.7761158Z Received 675282944 of 835123788 (80.9%), 71.5 MBs/sec
2026-10-07T14:37:57.7757340Z Received 771751936 of 835123788 (92.4%), 73.6 MBs/sec
2026-10-07T14:37:58.7769388Z Received 801112064 of 835123788 (95.9%), 69.4 MBs/sec
2026-10-07T14:37:59.7781533Z Received 801112064 of 835123788 (95.9%), 63.6 MBs/sec
2026-10-07T14:38:00.7780016Z Received 801112064 of 835123788 (95.9%), 58.7 MBs/sec
2026-10-07T14:38:01.7777143Z Received 801112064 of 835123788 (95.9%), 54.5 MBs/sec
2026-10-07T14:38:02.7782949Z Received 801112064 of 835123788 (95.9%), 50.9 MBs/sec
2026-10-07T14:38:03.7782031Z Received 830929484 of 835123788 (99.5%), 49.5 MBs/sec
2026-10-07T14:38:04.7778165Z Received 830929484 of 835123788 (99.5%), 46.6 MBs/sec
2026-10-07T14:38:05.7786618Z Received 830929484 of 835123788 (99.5%), 44.0 MBs/sec
2026-10-07T14:38:05.8897906Z Received 835123788 of 835123788 (100.0%), 44.0 MBs/sec
2026-10-07T14:38:05.8898461Z Cache Size: ~796 MB (835123788 B)
2026-10-07T14:38:05.8934487Z [command]/usr/bin/tar -xf /home/runner/work/_temp/efce9946-29db-4cbc-a945-774a2e621d67/cache.tzst -P -C /home/runner/work/hydrus-mine/hydrus-mine --use-compress-program unzstd
2026-10-07T14:38:10.1474287Z Cache restored successfully
2026-10-07T14:38:10.6106108Z Restored from cache key "v0-rust-check-Linux-x64-6601efbe-0ea5e1be" full match: true.
2026-10-07T14:38:10.7056608Z ##[group]Run python -m unittest discover -s .github/scripts/tests -v
2026-10-07T14:38:10.7057377Z [36;1mpython -m unittest discover -s .github/scripts/tests -v[0m
2026-10-07T14:38:10.7126896Z shell: /usr/bin/bash -e {0}
2026-10-07T14:38:10.7127180Z env:
2026-10-07T14:38:10.7127400Z   CARGO_TERM_COLOR: always
2026-10-07T14:38:10.7127661Z   RUSTFLAGS: -D warnings
2026-10-07T14:38:10.7127913Z   CARGO_HOME: /home/runner/.cargo
2026-10-07T14:38:10.7128182Z   CARGO_INCREMENTAL: 0
2026-10-07T14:38:10.7128419Z   CACHE_ON_FAILURE: true
2026-10-07T14:38:10.7128654Z ##[endgroup]
2026-10-07T14:38:11.9517846Z test_added_deleted_build_or_neighbouring_docs_input_still_rejects_before_stamp (test_publication_input_ledger.PublicationInputs.test_added_deleted_build_or_neighbouring_docs_input_still_rejects_before_stamp) ... ok
2026-10-07T14:38:11.9636222Z test_excluded_paths_still_reject_unsafe_index_entries_and_total_count (test_publication_input_ledger.PublicationInputs.test_excluded_paths_still_reject_unsafe_index_entries_and_total_count) ... ok
2026-10-07T14:38:11.9745107Z test_previous_full_repository_ledger_version_is_not_accepted (test_publication_input_ledger.PublicationInputs.test_previous_full_repository_ledger_version_is_not_accepted) ... ok
2026-10-07T14:38:11.9936619Z test_publication_add_change_delete_preserves_build_reuse_without_stamping_evidence (test_publication_input_ledger.PublicationInputs.test_publication_add_change_delete_preserves_build_reuse_without_stamping_evidence) ... ok
2026-10-07T14:38:12.0111343Z test_added_or_deleted_inputs_reject (test_workspace_artifact_cache.RestoreSafety.test_added_or_deleted_inputs_reject) ... ok
2026-10-07T14:38:12.0235878Z test_backdated_changed_input_rejected_before_any_stamp (test_workspace_artifact_cache.RestoreSafety.test_backdated_changed_input_rejected_before_any_stamp) ... ok
2026-10-07T14:38:12.0413902Z test_baseline_write_failure_rolls_back_successful_restore_and_blocks (test_workspace_artifact_cache.RestoreSafety.test_baseline_write_failure_rolls_back_successful_restore_and_blocks) ... ok
2026-10-07T14:38:12.0960231Z test_cargo_config_env_target_injections_rejected (test_workspace_artifact_cache.RestoreSafety.test_cargo_config_env_target_injections_rejected) ... ok
2026-10-07T14:38:12.1103153Z test_changed_external_input_remains_newer_than_cached_artifacts (test_workspace_artifact_cache.RestoreSafety.test_changed_external_input_remains_newer_than_cached_artifacts) ... ok
2026-10-07T14:38:12.1258085Z test_copy_failure_changes_no_source_mtime_and_purges_mixed_target (test_workspace_artifact_cache.RestoreSafety.test_copy_failure_changes_no_source_mtime_and_purges_mixed_target) ... ok
2026-10-07T14:38:12.1533632Z test_environment_target_or_build_layout_rejected (test_workspace_artifact_cache.RestoreSafety.test_environment_target_or_build_layout_rejected) ... ok
2026-10-07T14:38:12.1697897Z test_healthy_restore_copies_before_stamping_and_invalidates_test_bin_units (test_workspace_artifact_cache.RestoreSafety.test_healthy_restore_copies_before_stamping_and_invalidates_test_bin_units) ... ok
2026-10-07T14:38:12.1883261Z test_missing_incompatible_or_failed_cache_extraction_is_normal_fallback (test_workspace_artifact_cache.RestoreSafety.test_missing_incompatible_or_failed_cache_extraction_is_normal_fallback) ... ok
2026-10-07T14:38:12.1998497Z test_partial_snapshot_missing_artifact_rejected (test_workspace_artifact_cache.RestoreSafety.test_partial_snapshot_missing_artifact_rejected) ... ok
2026-10-07T14:38:12.2171657Z test_partial_stamp_failure_restores_every_mtime_and_purges_target (test_workspace_artifact_cache.RestoreSafety.test_partial_stamp_failure_restores_every_mtime_and_purges_target) ... ok
2026-10-07T14:38:12.2856041Z test_root_ancestor_default_and_explicit_home_cargo_layout_configs_rejected (test_workspace_artifact_cache.RestoreSafety.test_root_ancestor_default_and_explicit_home_cargo_layout_configs_rejected) ... ok
2026-10-07T14:38:12.2931513Z test_safe_input_path_rejects_escape_and_windows_aliases (test_workspace_artifact_cache.RestoreSafety.test_safe_input_path_rejects_escape_and_windows_aliases) ... ok
2026-10-07T14:38:12.3216338Z test_snapshot_inventory_size_count_traversal_and_duplicate_rejected (test_workspace_artifact_cache.RestoreSafety.test_snapshot_inventory_size_count_traversal_and_duplicate_rejected) ... ok
2026-10-07T14:38:12.3329069Z test_snapshot_nonregular_file_rejected_without_opening (test_workspace_artifact_cache.RestoreSafety.test_snapshot_nonregular_file_rejected_without_opening) ... ok
2026-10-07T14:38:12.3444162Z test_snapshot_symlink_rejected (test_workspace_artifact_cache.RestoreSafety.test_snapshot_symlink_rejected) ... ok
2026-10-07T14:38:12.3759494Z test_target_debug_deps_build_and_deep_destination_symlinks_rejected (test_workspace_artifact_cache.RestoreSafety.test_target_debug_deps_build_and_deep_destination_symlinks_rejected) ... ok
2026-10-07T14:38:12.3892072Z test_unrecoverable_rollback_never_claims_safe (test_workspace_artifact_cache.RestoreSafety.test_unrecoverable_rollback_never_claims_safe) ... ok
2026-10-07T14:38:12.4017532Z test_unrecoverable_target_purge_never_claims_safe (test_workspace_artifact_cache.RestoreSafety.test_unrecoverable_target_purge_never_claims_safe) ... ok
2026-10-07T14:38:12.4091509Z test_workflow_compile_gate_allows_disabled_key_failure_and_safe_miss (test_workspace_artifact_cache.RestoreSafety.test_workflow_compile_gate_allows_disabled_key_failure_and_safe_miss) ... ok
2026-10-07T14:38:12.4164383Z test_workflow_fails_closed_and_gates_non_cancelled_compilation (test_workspace_artifact_cache.RestoreSafety.test_workflow_fails_closed_and_gates_non_cancelled_compilation) ... ok
2026-10-07T14:38:12.4165126Z 
2026-10-07T14:38:12.4165348Z ----------------------------------------------------------------------
2026-10-07T14:38:12.4165863Z Ran 25 tests in 0.504s
2026-10-07T14:38:12.4166086Z 
2026-10-07T14:38:12.4166207Z OK
2026-10-07T14:38:12.4354506Z ##[group]Run python .github/scripts/workspace_artifact_cache.py key
2026-10-07T14:38:12.4355060Z [36;1mpython .github/scripts/workspace_artifact_cache.py key[0m
2026-10-07T14:38:12.4420808Z shell: /usr/bin/bash --noprofile --norc -e -o pipefail {0}
2026-10-07T14:38:12.4421169Z env:
2026-10-07T14:38:12.4421390Z   CARGO_TERM_COLOR: always
2026-10-07T14:38:12.4421636Z   RUSTFLAGS: -D warnings
2026-10-07T14:38:12.4421896Z   CARGO_HOME: /home/runner/.cargo
2026-10-07T14:38:12.4422169Z   CARGO_INCREMENTAL: 0
2026-10-07T14:38:12.4422408Z   CACHE_ON_FAILURE: true
2026-10-07T14:38:12.4422768Z ##[endgroup]
2026-10-07T14:38:12.6035549Z Workspace restore prefix: hydrus-ws-v1-check-Linux-X64-68e3726939ec9009de9276fa-
2026-10-07T14:38:12.6186700Z ##[group]Run actions/cache/restore@v4
2026-10-07T14:38:12.6187041Z with:
2026-10-07T14:38:12.6187288Z   path: .ci-workspace-artifacts
2026-10-07T14:38:12.6187861Z   key: hydrus-ws-v1-check-Linux-X64-68e3726939ec9009de9276fa-9e4b3c59215d017a0a0e0948898901121f0618f5-37638222068-1
2026-10-07T14:38:12.6188894Z   restore-keys: hydrus-ws-v1-check-Linux-X64-68e3726939ec9009de9276fa-
2026-10-07T14:38:12.6189281Z   enableCrossOsArchive: false
2026-10-07T14:38:12.6189550Z   fail-on-cache-miss: false
2026-10-07T14:38:12.6189792Z   lookup-only: false
2026-10-07T14:38:12.6190004Z env:
2026-10-07T14:38:12.6190200Z   CARGO_TERM_COLOR: always
2026-10-07T14:38:12.6190447Z   RUSTFLAGS: -D warnings
2026-10-07T14:38:12.6190694Z   CARGO_HOME: /home/runner/.cargo
2026-10-07T14:38:12.6190953Z   CARGO_INCREMENTAL: 0
2026-10-07T14:38:12.6191179Z   CACHE_ON_FAILURE: true
2026-10-07T14:38:12.6191407Z ##[endgroup]
2026-10-07T14:38:12.7330129Z (node:2584) [DEP0040] DeprecationWarning: The `punycode` module is deprecated. Please use a userland alternative instead.
2026-10-07T14:38:12.7331417Z (Use `node --trace-deprecation ...` to show where the warning was created)
2026-10-07T14:38:12.9174911Z Cache hit for restore-key: hydrus-ws-v1-check-Linux-X64-68e3726939ec9009de9276fa-b3f09e2f1f4a721e05f6fe5f7f7f4a24a8fb1a83-37632337153-1
2026-10-07T14:38:12.9278077Z (node:2584) [DEP0169] DeprecationWarning: `url.parse()` behavior is not standardized and prone to errors that have security implications. Use the WHATWG URL API instead. CVEs are not issued for `url.parse()` vulnerabilities.
2026-10-07T14:38:14.1322395Z Received 37748736 of 345264353 (10.9%), 36.0 MBs/sec
2026-10-07T14:38:15.1353913Z Received 201326592 of 345264353 (58.3%), 96.0 MBs/sec
2026-10-07T14:38:15.7892974Z Received 345264353 of 345264353 (100.0%), 123.9 MBs/sec
2026-10-07T14:38:15.7895089Z Cache Size: ~329 MB (345264353 B)
2026-10-07T14:38:15.8010088Z [command]/usr/bin/tar -xf /home/runner/work/_temp/8f7fce27-2121-4e9c-a735-e800a3678793/cache.tzst -P -C /home/runner/work/hydrus-mine/hydrus-mine --use-compress-program unzstd
2026-10-07T14:38:18.9922516Z Cache restored successfully
2026-10-07T14:38:19.6710763Z Cache restored from key: hydrus-ws-v1-check-Linux-X64-68e3726939ec9009de9276fa-b3f09e2f1f4a721e05f6fe5f7f7f4a24a8fb1a83-37632337153-1
2026-10-07T14:38:20.1671157Z ##[group]Run python .github/scripts/workspace_artifact_cache.py restore
2026-10-07T14:38:20.1672026Z [36;1mpython .github/scripts/workspace_artifact_cache.py restore[0m
2026-10-07T14:38:20.1750113Z shell: /usr/bin/bash --noprofile --norc -e -o pipefail {0}
2026-10-07T14:38:20.1750519Z env:
2026-10-07T14:38:20.1750754Z   CARGO_TERM_COLOR: always
2026-10-07T14:38:20.1751039Z   RUSTFLAGS: -D warnings
2026-10-07T14:38:20.1751312Z   CARGO_HOME: /home/runner/.cargo
2026-10-07T14:38:20.1751588Z   CARGO_INCREMENTAL: 0
2026-10-07T14:38:20.1751838Z   CACHE_ON_FAILURE: true
2026-10-07T14:38:20.1752104Z   WORKSPACE_CACHE_RESTORE_OUTCOME: success
2026-10-07T14:38:20.1752406Z ##[endgroup]
2026-10-07T14:38:27.7791931Z Verified and restored 4135 tracked-input mtimes and 293 coherent workspace artifact files; Cargo freshness checks remain enabled.
2026-10-07T14:38:27.7921739Z ##[group]Run sudo apt-get update
2026-10-07T14:38:27.7922084Z [36;1msudo apt-get update[0m
2026-10-07T14:38:27.7922525Z [36;1msudo apt-get install -y ffmpeg fontconfig libfontconfig1-dev fonts-noto-cjk[0m
2026-10-07T14:38:27.7923291Z [36;1mfc-match ':lang=ja'[0m
2026-10-07T14:38:27.7990005Z shell: /usr/bin/bash -e {0}
2026-10-07T14:38:27.7990286Z env:
2026-10-07T14:38:27.7990513Z   CARGO_TERM_COLOR: always
2026-10-07T14:38:27.7990779Z   RUSTFLAGS: -D warnings
2026-10-07T14:38:27.7991055Z   CARGO_HOME: /home/runner/.cargo
2026-10-07T14:38:27.7991347Z   CARGO_INCREMENTAL: 0
2026-10-07T14:38:27.7991592Z   CACHE_ON_FAILURE: true
2026-10-07T14:38:27.7991837Z ##[endgroup]
2026-10-07T14:38:27.8825051Z Get:1 file:/etc/apt/apt-mirrors.txt Mirrorlist [144 B]
2026-10-07T14:38:27.9175082Z Hit:2 http://azure.archive.ubuntu.com/ubuntu noble InRelease
2026-10-07T14:38:27.9184029Z Get:6 https://packages.microsoft.com/ubuntu/24.04/prod noble InRelease [3600 B]
2026-10-07T14:38:27.9190649Z Get:3 http://azure.archive.ubuntu.com/ubuntu noble-updates InRelease [126 kB]
2026-10-07T14:38:27.9250715Z Get:4 http://azure.archive.ubuntu.com/ubuntu noble-backports InRelease [126 kB]
2026-10-07T14:38:27.9334255Z Get:5 http://azure.archive.ubuntu.com/ubuntu noble-security InRelease [126 kB]
2026-10-07T14:38:28.0470156Z Get:7 https://packages.microsoft.com/ubuntu/24.04/prod noble/main armhf Packages [12.6 kB]
2026-10-07T14:38:28.0623792Z Get:8 https://packages.microsoft.com/ubuntu/24.04/prod noble/main amd64 Packages [519 kB]
2026-10-07T14:38:28.0730265Z Get:9 https://packages.microsoft.com/ubuntu/24.04/prod noble/main arm64 Packages [463 kB]
2026-10-07T14:38:28.1028827Z Get:10 http://azure.archive.ubuntu.com/ubuntu noble-updates/main amd64 Packages [1375 kB]
2026-10-07T14:38:28.1107404Z Get:11 http://azure.archive.ubuntu.com/ubuntu noble-updates/main Translation-en [306 kB]
2026-10-07T14:38:28.1131537Z Get:12 http://azure.archive.ubuntu.com/ubuntu noble-updates/main amd64 Components [181 kB]
2026-10-07T14:38:28.1149318Z Get:13 http://azure.archive.ubuntu.com/ubuntu noble-updates/universe amd64 Packages [1702 kB]
2026-10-07T14:38:28.1240738Z Get:14 http://azure.archive.ubuntu.com/ubuntu noble-updates/universe Translation-en [341 kB]
2026-10-07T14:38:28.1266182Z Get:15 http://azure.archive.ubuntu.com/ubuntu noble-updates/universe amd64 Components [388 kB]
2026-10-07T14:38:28.1293156Z Get:16 http://azure.archive.ubuntu.com/ubuntu noble-updates/restricted amd64 Packages [1730 kB]
2026-10-07T14:38:28.1415228Z Get:17 http://azure.archive.ubuntu.com/ubuntu noble-updates/restricted Translation-en [396 kB]
2026-10-07T14:38:28.1420273Z Get:18 http://azure.archive.ubuntu.com/ubuntu noble-updates/multiverse Translation-en [13.3 kB]
2026-10-07T14:38:28.1426538Z Get:19 http://azure.archive.ubuntu.com/ubuntu noble-updates/multiverse amd64 Components [940 B]
2026-10-07T14:38:28.2087409Z Get:20 http://azure.archive.ubuntu.com/ubuntu noble-backports/main amd64 Components [5752 B]
2026-10-07T14:38:28.2101354Z Get:21 http://azure.archive.ubuntu.com/ubuntu noble-backports/universe amd64 Components [12.6 kB]
2026-10-07T14:38:28.2259595Z Get:22 http://azure.archive.ubuntu.com/ubuntu noble-security/main amd64 Packages [1073 kB]
2026-10-07T14:38:28.2326024Z Get:23 http://azure.archive.ubuntu.com/ubuntu noble-security/main Translation-en [223 kB]
2026-10-07T14:38:28.2346069Z Get:24 http://azure.archive.ubuntu.com/ubuntu noble-security/main amd64 Components [46.4 kB]
2026-10-07T14:38:28.2359372Z Get:25 http://azure.archive.ubuntu.com/ubuntu noble-security/universe amd64 Packages [1218 kB]
2026-10-07T14:38:28.2430426Z Get:26 http://azure.archive.ubuntu.com/ubuntu noble-security/universe Translation-en [245 kB]
2026-10-07T14:38:28.2451527Z Get:27 http://azure.archive.ubuntu.com/ubuntu noble-security/universe amd64 Components [76.3 kB]
2026-10-07T14:38:28.2466164Z Get:28 http://azure.archive.ubuntu.com/ubuntu noble-security/restricted amd64 Packages [1566 kB]
2026-10-07T14:38:28.2552370Z Get:29 http://azure.archive.ubuntu.com/ubuntu noble-security/restricted Translation-en [361 kB]
2026-10-07T14:38:28.2575800Z Get:30 http://azure.archive.ubuntu.com/ubuntu noble-security/multiverse Translation-en [11.6 kB]
2026-10-07T14:38:33.5023112Z Fetched 12.6 MB in 1s (8777 kB/s)
2026-10-07T14:38:34.4109630Z Reading package lists...
2026-10-07T14:38:34.4438682Z Reading package lists...
2026-10-07T14:38:34.6861601Z Building dependency tree...
2026-10-07T14:38:34.6868503Z Reading state information...
2026-10-07T14:38:34.9071209Z fontconfig is already the newest version (2.15.0-1.1ubuntu2).
2026-10-07T14:38:34.9071914Z fontconfig set to manually installed.
2026-10-07T14:38:34.9072352Z The following additional packages will be installed:
2026-10-07T14:38:34.9073371Z   bzip2-doc i965-va-driver intel-media-va-driver libaacs0 libass9 libasyncns0
2026-10-07T14:38:34.9074192Z   libavc1394-0 libavcodec60 libavdevice60 libavfilter9 libavformat60
2026-10-07T14:38:34.9074998Z   libavutil58 libbdplus0 libblas3 libbluray2 libbrotli-dev libbs2b0 libbz2-dev
2026-10-07T14:38:34.9075883Z   libcaca0 libcdio-cdda2t64 libcdio-paranoia2t64 libcdio19t64 libchromaprint1
2026-10-07T14:38:34.9076672Z   libcjson1 libcodec2-1.2 libdav1d7 libdc1394-25 libdecor-0-0
2026-10-07T14:38:34.9077848Z   libdecor-0-plugin-1-gtk libflac12t64 libflite1 libfontconfig-dev
2026-10-07T14:38:34.9078646Z   libfreetype-dev libfreetype6 libgbm1 libgl1-mesa-dri libglx-mesa0 libgme0
2026-10-07T14:38:34.9079364Z   libgsm1 libhwy1t64 libiec61883-0 libigdgmm12 libjack-jackd2-0 libjxl0.7
2026-10-07T14:38:34.9093088Z   liblapack3 liblilv-0-0 libmbedcrypto7t64 libmp3lame0 libmpg123-0t64
2026-10-07T14:38:34.9094005Z   libmysofa1 libopenal-data libopenal1 libopenmpt0t64 libopus0 libplacebo338
2026-10-07T14:38:34.9094622Z   libpng-dev libpng-tools libpocketsphinx3 libpostproc57 libpulse0 librav1e0
2026-10-07T14:38:34.9095308Z   libraw1394-11 librist4 librsvg2-2 librsvg2-common librubberband2
2026-10-07T14:38:34.9095870Z   libsamplerate0 libsdl2-2.0-0 libserd-0-0 libshine3 libsndfile1 libsndio7.0
2026-10-07T14:38:34.9096386Z   libsord-0-0 libsoxr0 libspeex1 libsphinxbase3t64 libsratom-0-0
2026-10-07T14:38:34.9097056Z   libsrt1.5-gnutls libssh-gcrypt-4 libsvtav1enc1d1 libswresample4 libswscale7
2026-10-07T14:38:34.9097822Z   libtheora0 libtwolame0 libudfread0 libunibreak5 libva-drm2 libva-x11-2
2026-10-07T14:38:34.9098656Z   libva2 libvdpau1 libvidstab1.1 libvorbisenc2 libvpl2 libvpx9 libx264-164
2026-10-07T14:38:34.9099382Z   libx265-199 libxcb-shape0 libxv1 libxvidcore4 libzimg2 libzix-0-0
2026-10-07T14:38:34.9100049Z   libzvbi-common libzvbi0t64 mesa-libgallium mesa-va-drivers
2026-10-07T14:38:34.9100528Z   mesa-vdpau-drivers ocl-icd-libopencl1 pocketsphinx-en-us uuid-dev
2026-10-07T14:38:34.9101113Z   va-driver-all vdpau-driver-all
2026-10-07T14:38:34.9101536Z Suggested packages:
2026-10-07T14:38:34.9102097Z   ffmpeg-doc fonts-noto-cjk-extra i965-va-driver-shaders libcuda1 libnvcuvid1
2026-10-07T14:38:34.9103096Z   libnvidia-encode1 libbluray-bdj freetype2-doc jackd2 libportaudio2
2026-10-07T14:38:34.9103640Z   opus-tools pulseaudio libraw1394-doc librsvg2-bin serdi sndiod sordi speex
2026-10-07T14:38:34.9104061Z   opencl-icd libvdpau-va-gl1
2026-10-07T14:38:34.9704596Z The following NEW packages will be installed:
2026-10-07T14:38:34.9706591Z   bzip2-doc ffmpeg fonts-noto-cjk i965-va-driver intel-media-va-driver
2026-10-07T14:38:34.9707380Z   libaacs0 libass9 libasyncns0 libavc1394-0 libavcodec60 libavdevice60
2026-10-07T14:38:34.9708174Z   libavfilter9 libavformat60 libavutil58 libbdplus0 libblas3 libbluray2
2026-10-07T14:38:34.9708909Z   libbrotli-dev libbs2b0 libbz2-dev libcaca0 libcdio-cdda2t64
2026-10-07T14:38:34.9709685Z   libcdio-paranoia2t64 libcdio19t64 libchromaprint1 libcjson1 libcodec2-1.2
2026-10-07T14:38:34.9710540Z   libdav1d7 libdc1394-25 libdecor-0-0 libdecor-0-plugin-1-gtk libflac12t64
2026-10-07T14:38:34.9711364Z   libflite1 libfontconfig-dev libfontconfig1-dev libfreetype-dev libgme0
2026-10-07T14:38:34.9712163Z   libgsm1 libhwy1t64 libiec61883-0 libigdgmm12 libjack-jackd2-0 libjxl0.7
2026-10-07T14:38:34.9713685Z   liblapack3 liblilv-0-0 libmbedcrypto7t64 libmp3lame0 libmpg123-0t64
2026-10-07T14:38:34.9714505Z   libmysofa1 libopenal-data libopenal1 libopenmpt0t64 libopus0 libplacebo338
2026-10-07T14:38:34.9715350Z   libpng-dev libpng-tools libpocketsphinx3 libpostproc57 libpulse0 librav1e0
2026-10-07T14:38:34.9716143Z   libraw1394-11 librist4 librsvg2-2 librsvg2-common librubberband2
2026-10-07T14:38:34.9716906Z   libsamplerate0 libsdl2-2.0-0 libserd-0-0 libshine3 libsndfile1 libsndio7.0
2026-10-07T14:38:34.9717683Z   libsord-0-0 libsoxr0 libspeex1 libsphinxbase3t64 libsratom-0-0
2026-10-07T14:38:34.9718469Z   libsrt1.5-gnutls libssh-gcrypt-4 libsvtav1enc1d1 libswresample4 libswscale7
2026-10-07T14:38:34.9719295Z   libtheora0 libtwolame0 libudfread0 libunibreak5 libva-drm2 libva-x11-2
2026-10-07T14:38:34.9720116Z   libva2 libvdpau1 libvidstab1.1 libvorbisenc2 libvpl2 libvpx9 libx264-164
2026-10-07T14:38:34.9720889Z   libx265-199 libxcb-shape0 libxv1 libxvidcore4 libzimg2 libzix-0-0
2026-10-07T14:38:34.9721616Z   libzvbi-common libzvbi0t64 mesa-va-drivers mesa-vdpau-drivers
2026-10-07T14:38:34.9722332Z   ocl-icd-libopencl1 pocketsphinx-en-us uuid-dev va-driver-all
2026-10-07T14:38:34.9723216Z   vdpau-driver-all
2026-10-07T14:38:34.9727372Z The following packages will be upgraded:
2026-10-07T14:38:34.9734018Z   libfreetype6 libgbm1 libgl1-mesa-dri libglx-mesa0 mesa-libgallium
2026-10-07T14:38:34.9969449Z 5 upgraded, 109 newly installed, 0 to remove and 25 not upgraded.
2026-10-07T14:38:34.9970064Z Need to get 169 MB of archives.
2026-10-07T14:38:34.9970448Z After this operation, 326 MB of additional disk space will be used.
2026-10-07T14:38:34.9970895Z Get:1 file:/etc/apt/apt-mirrors.txt Mirrorlist [144 B]
2026-10-07T14:38:35.1449138Z Get:2 http://azure.archive.ubuntu.com/ubuntu noble-updates/main amd64 bzip2-doc all 1.0.8-5.1ubuntu0.1 [499 kB]
2026-10-07T14:38:35.4455193Z Get:3 http://azure.archive.ubuntu.com/ubuntu noble-updates/universe amd64 libva2 amd64 2.20.0-2ubuntu0.2 [66.4 kB]
2026-10-07T14:38:35.4960892Z Get:4 http://azure.archive.ubuntu.com/ubuntu noble-updates/universe amd64 libva-drm2 amd64 2.20.0-2ubuntu0.2 [7124 B]
2026-10-07T14:38:35.5425491Z Get:5 http://azure.archive.ubuntu.com/ubuntu noble-updates/universe amd64 libva-x11-2 amd64 2.20.0-2ubuntu0.2 [12.0 kB]
2026-10-07T14:38:35.5923004Z Get:6 http://azure.archive.ubuntu.com/ubuntu noble/main amd64 libvdpau1 amd64 1.5-2build1 [27.8 kB]
2026-10-07T14:38:35.6394318Z Get:7 http://azure.archive.ubuntu.com/ubuntu noble/universe amd64 libvpl2 amd64 2023.3.0-1build1 [99.8 kB]
2026-10-07T14:38:35.6920805Z Get:8 http://azure.archive.ubuntu.com/ubuntu noble/universe amd64 ocl-icd-libopencl1 amd64 2.3.2-1build1 [38.5 kB]
2026-10-07T14:38:35.7399156Z Get:9 http://azure.archive.ubuntu.com/ubuntu noble/universe amd64 libavutil58 amd64 7:6.1.1-3ubuntu5 [401 kB]
2026-10-07T14:38:35.8119108Z Get:10 http://azure.archive.ubuntu.com/ubuntu noble/universe amd64 libcodec2-1.2 amd64 1.2.0-2build1 [8998 kB]
2026-10-07T14:38:36.0868609Z Get:11 http://azure.archive.ubuntu.com/ubuntu noble/universe amd64 libdav1d7 amd64 1.4.1-1build1 [604 kB]
2026-10-07T14:38:36.2951555Z Get:12 http://azure.archive.ubuntu.com/ubuntu noble/universe amd64 libgsm1 amd64 1.0.22-1build1 [27.8 kB]
2026-10-07T14:38:36.3429078Z Get:13 http://azure.archive.ubuntu.com/ubuntu noble/universe amd64 libhwy1t64 amd64 1.0.7-8.1build1 [584 kB]
2026-10-07T14:38:36.4204445Z Get:14 http://azure.archive.ubuntu.com/ubuntu noble-updates/universe amd64 libjxl0.7 amd64 0.7.0-10.2ubuntu6.1 [1001 kB]
2026-10-07T14:38:36.5122988Z Get:15 http://azure.archive.ubuntu.com/ubuntu noble/main amd64 libmp3lame0 amd64 3.100-6build1 [142 kB]
2026-10-07T14:38:36.5635092Z Get:16 http://azure.archive.ubuntu.com/ubuntu noble/main amd64 libopus0 amd64 1.4-1build1 [208 kB]
2026-10-07T14:38:36.6164097Z Get:17 http://azure.archive.ubuntu.com/ubuntu noble/universe amd64 librav1e0 amd64 0.7.1-2 [1022 kB]
2026-10-07T14:38:36.6946574Z Get:18 http://azure.archive.ubuntu.com/ubuntu noble-updates/main amd64 librsvg2-2 amd64 2.58.0+dfsg-1ubuntu0.1 [2141 kB]
2026-10-07T14:38:36.7977273Z Get:19 http://azure.archive.ubuntu.com/ubuntu noble/universe amd64 libshine3 amd64 3.1.1-2build1 [23.2 kB]
2026-10-07T14:38:36.8457780Z Get:20 http://azure.archive.ubuntu.com/ubuntu noble-updates/main amd64 libspeex1 amd64 1.2.1-2ubuntu2.24.04.1 [59.6 kB]
2026-10-07T14:38:36.8941910Z Get:21 http://azure.archive.ubuntu.com/ubuntu noble/universe amd64 libsvtav1enc1d1 amd64 1.7.0+dfsg-2build1 [2425 kB]
2026-10-07T14:38:37.0184564Z Get:22 http://azure.archive.ubuntu.com/ubuntu noble/universe amd64 libsoxr0 amd64 0.1.3-4build3 [80.0 kB]
2026-10-07T14:38:37.0663860Z Get:23 http://azure.archive.ubuntu.com/ubuntu noble/universe amd64 libswresample4 amd64 7:6.1.1-3ubuntu5 [63.8 kB]
2026-10-07T14:38:37.1142332Z Get:24 http://azure.archive.ubuntu.com/ubuntu noble/main amd64 libtheora0 amd64 1.1.1+dfsg.1-16.1build3 [211 kB]
2026-10-07T14:38:37.1630126Z Get:25 http://azure.archive.ubuntu.com/ubuntu noble/main amd64 libtwolame0 amd64 0.4.0-2build3 [52.3 kB]
2026-10-07T14:38:37.2107009Z Get:26 http://azure.archive.ubuntu.com/ubuntu noble/main amd64 libvorbisenc2 amd64 1.3.7-1build3 [80.8 kB]
2026-10-07T14:38:37.2583700Z Get:27 http://azure.archive.ubuntu.com/ubuntu noble-updates/main amd64 libvpx9 amd64 1.14.0-1ubuntu2.3 [1143 kB]
2026-10-07T14:38:37.3156595Z Get:28 http://azure.archive.ubuntu.com/ubuntu noble/universe amd64 libx264-164 amd64 2:0.164.3108+git31e19f9-1 [604 kB]
2026-10-07T14:38:37.3678373Z Get:29 http://azure.archive.ubuntu.com/ubuntu noble/universe amd64 libx265-199 amd64 3.5-2build1 [1226 kB]
2026-10-07T14:38:37.4257122Z Get:30 http://azure.archive.ubuntu.com/ubuntu noble/universe amd64 libxvidcore4 amd64 2:1.3.7-1build1 [219 kB]
2026-10-07T14:38:37.4742566Z Get:31 http://azure.archive.ubuntu.com/ubuntu noble/universe amd64 libzvbi-common all 0.2.42-2 [42.4 kB]
2026-10-07T14:38:37.5215388Z Get:32 http://azure.archive.ubuntu.com/ubuntu noble/universe amd64 libzvbi0t64 amd64 0.2.42-2 [261 kB]
2026-10-07T14:38:37.5705062Z Get:33 http://azure.archive.ubuntu.com/ubuntu noble/universe amd64 libavcodec60 amd64 7:6.1.1-3ubuntu5 [5851 kB]
2026-10-07T14:38:37.7166131Z Get:34 http://azure.archive.ubuntu.com/ubuntu noble/main amd64 libraw1394-11 amd64 2.1.2-2build3 [26.2 kB]
2026-10-07T14:38:37.7638314Z Get:35 http://azure.archive.ubuntu.com/ubuntu noble/main amd64 libavc1394-0 amd64 0.5.4-5build3 [15.4 kB]
2026-10-07T14:38:37.8111140Z Get:36 http://azure.archive.ubuntu.com/ubuntu noble-updates/main amd64 libfreetype6 amd64 2.13.2+dfsg-1ubuntu0.2 [403 kB]
2026-10-07T14:38:37.8636856Z Get:37 http://azure.archive.ubuntu.com/ubuntu noble/universe amd64 libunibreak5 amd64 5.1-2build1 [25.0 kB]
2026-10-07T14:38:37.9109481Z Get:38 http://azure.archive.ubuntu.com/ubuntu noble/universe amd64 libass9 amd64 1:0.17.1-2build1 [104 kB]
2026-10-07T14:38:37.9589844Z Get:39 http://azure.archive.ubuntu.com/ubuntu noble/universe amd64 libudfread0 amd64 1.1.2-1build1 [19.0 kB]
2026-10-07T14:38:38.0063393Z Get:40 http://azure.archive.ubuntu.com/ubuntu noble/universe amd64 libbluray2 amd64 1:1.3.4-1build1 [159 kB]
2026-10-07T14:38:38.0544364Z Get:41 http://azure.archive.ubuntu.com/ubuntu noble/universe amd64 libchromaprint1 amd64 1.5.1-5 [30.5 kB]
2026-10-07T14:38:38.1018013Z Get:42 http://azure.archive.ubuntu.com/ubuntu noble/universe amd64 libgme0 amd64 0.6.3-7build1 [134 kB]
2026-10-07T14:38:38.1498304Z Get:43 http://azure.archive.ubuntu.com/ubuntu noble-updates/main amd64 libmpg123-0t64 amd64 1.32.5-1ubuntu1.1 [169 kB]
2026-10-07T14:38:38.1979810Z Get:44 http://azure.archive.ubuntu.com/ubuntu noble/universe amd64 libopenmpt0t64 amd64 0.7.3-1.1build3 [647 kB]
2026-10-07T14:38:38.2507939Z Get:45 http://azure.archive.ubuntu.com/ubuntu noble/universe amd64 libcjson1 amd64 1.7.17-1 [24.8 kB]
2026-10-07T14:38:38.3030505Z Get:46 http://azure.archive.ubuntu.com/ubuntu noble/universe amd64 libmbedcrypto7t64 amd64 2.28.8-1 [209 kB]
2026-10-07T14:38:38.3513636Z Get:47 http://azure.archive.ubuntu.com/ubuntu noble/universe amd64 librist4 amd64 0.2.10+dfsg-2 [74.9 kB]
2026-10-07T14:38:38.3989711Z Get:48 http://azure.archive.ubuntu.com/ubuntu noble/universe amd64 libsrt1.5-gnutls amd64 1.5.3-1build2 [316 kB]
2026-10-07T14:38:38.4484310Z Get:49 http://azure.archive.ubuntu.com/ubuntu noble-updates/main amd64 libssh-gcrypt-4 amd64 0.10.6-2ubuntu0.5 [226 kB]
2026-10-07T14:38:38.4981414Z Get:50 http://azure.archive.ubuntu.com/ubuntu noble/universe amd64 libavformat60 amd64 7:6.1.1-3ubuntu5 [1153 kB]
2026-10-07T14:38:38.5533875Z Get:51 http://azure.archive.ubuntu.com/ubuntu noble/universe amd64 libbs2b0 amd64 3.1.0+dfsg-7build1 [10.6 kB]
2026-10-07T14:38:38.6005105Z Get:52 http://azure.archive.ubuntu.com/ubuntu noble/universe amd64 libflite1 amd64 2.2-6build3 [13.6 MB]
2026-10-07T14:38:38.9113045Z Get:53 http://azure.archive.ubuntu.com/ubuntu noble/universe amd64 libserd-0-0 amd64 0.32.2-1 [43.6 kB]
2026-10-07T14:38:38.9593373Z Get:54 http://azure.archive.ubuntu.com/ubuntu noble/universe amd64 libzix-0-0 amd64 0.4.2-2build1 [23.6 kB]
2026-10-07T14:38:39.0068946Z Get:55 http://azure.archive.ubuntu.com/ubuntu noble/universe amd64 libsord-0-0 amd64 0.16.16-2build1 [15.8 kB]
2026-10-07T14:38:39.0539144Z Get:56 http://azure.archive.ubuntu.com/ubuntu noble/universe amd64 libsratom-0-0 amd64 0.6.16-1build1 [17.3 kB]
2026-10-07T14:38:39.1011490Z Get:57 http://azure.archive.ubuntu.com/ubuntu noble/universe amd64 liblilv-0-0 amd64 0.24.22-1build1 [41.0 kB]
2026-10-07T14:38:39.1490120Z Get:58 http://azure.archive.ubuntu.com/ubuntu noble/universe amd64 libmysofa1 amd64 1.3.2+dfsg-2ubuntu2 [1158 kB]
2026-10-07T14:38:39.2047925Z Get:59 http://azure.archive.ubuntu.com/ubuntu noble/universe amd64 libplacebo338 amd64 6.338.2-2build1 [2654 kB]
2026-10-07T14:38:39.2981038Z Get:60 http://azure.archive.ubuntu.com/ubuntu noble-updates/main amd64 libblas3 amd64 3.12.0-3build1.1 [238 kB]
2026-10-07T14:38:39.3493815Z Get:61 http://azure.archive.ubuntu.com/ubuntu noble-updates/main amd64 liblapack3 amd64 3.12.0-3build1.1 [2646 kB]
2026-10-07T14:38:39.4760979Z Get:62 http://azure.archive.ubuntu.com/ubuntu noble/main amd64 libasyncns0 amd64 0.8-6build4 [11.3 kB]
2026-10-07T14:38:39.5233602Z Get:63 http://azure.archive.ubuntu.com/ubuntu noble/main amd64 libflac12t64 amd64 1.4.3+ds-2.1ubuntu2 [197 kB]
2026-10-07T14:38:39.5727071Z Get:64 http://azure.archive.ubuntu.com/ubuntu noble-updates/main amd64 libsndfile1 amd64 1.2.2-1ubuntu5.24.04.1 [209 kB]
2026-10-07T14:38:39.6258577Z Get:65 http://azure.archive.ubuntu.com/ubuntu noble-updates/main amd64 libpulse0 amd64 1:16.1+dfsg1-2ubuntu10.1 [292 kB]
2026-10-07T14:38:39.6769268Z Get:66 http://azure.archive.ubuntu.com/ubuntu noble/universe amd64 libsphinxbase3t64 amd64 0.8+5prealpha+1-17build2 [126 kB]
2026-10-07T14:38:39.7249051Z Get:67 http://azure.archive.ubuntu.com/ubuntu noble/universe amd64 libpocketsphinx3 amd64 0.8.0+real5prealpha+1-15ubuntu5 [133 kB]
2026-10-07T14:38:39.7770363Z Get:68 http://azure.archive.ubuntu.com/ubuntu noble/universe amd64 libpostproc57 amd64 7:6.1.1-3ubuntu5 [49.9 kB]
2026-10-07T14:38:39.8257743Z Get:69 http://azure.archive.ubuntu.com/ubuntu noble/main amd64 libsamplerate0 amd64 0.2.2-4build1 [1344 kB]
2026-10-07T14:38:39.9305532Z Get:70 http://azure.archive.ubuntu.com/ubuntu noble/universe amd64 librubberband2 amd64 3.3.0+dfsg-2build1 [130 kB]
2026-10-07T14:38:39.9825055Z Get:71 http://azure.archive.ubuntu.com/ubuntu noble/universe amd64 libswscale7 amd64 7:6.1.1-3ubuntu5 [193 kB]
2026-10-07T14:38:40.0367359Z Get:72 http://azure.archive.ubuntu.com/ubuntu noble/universe amd64 libvidstab1.1 amd64 1.1.0-2build1 [38.5 kB]
2026-10-07T14:38:40.0853440Z Get:73 http://azure.archive.ubuntu.com/ubuntu noble/universe amd64 libzimg2 amd64 3.0.5+ds1-1build1 [254 kB]
2026-10-07T14:38:40.1407764Z Get:74 http://azure.archive.ubuntu.com/ubuntu noble/universe amd64 libavfilter9 amd64 7:6.1.1-3ubuntu5 [4235 kB]
2026-10-07T14:38:40.3327568Z Get:75 http://azure.archive.ubuntu.com/ubuntu noble-updates/main amd64 libcaca0 amd64 0.99.beta20-4ubuntu0.2 [209 kB]
2026-10-07T14:38:40.3875090Z Get:76 http://azure.archive.ubuntu.com/ubuntu noble-updates/main amd64 libcdio19t64 amd64 2.1.0-4.1ubuntu1.2 [62.4 kB]
2026-10-07T14:38:40.4361143Z Get:77 http://azure.archive.ubuntu.com/ubuntu noble/main amd64 libcdio-cdda2t64 amd64 10.2+2.0.1-1.1build2 [16.5 kB]
2026-10-07T14:38:40.4827639Z Get:78 http://azure.archive.ubuntu.com/ubuntu noble/main amd64 libcdio-paranoia2t64 amd64 10.2+2.0.1-1.1build2 [16.6 kB]
2026-10-07T14:38:40.5342496Z Get:79 http://azure.archive.ubuntu.com/ubuntu noble/universe amd64 libdc1394-25 amd64 2.2.6-4build1 [90.1 kB]
2026-10-07T14:38:40.5815813Z Get:80 http://azure.archive.ubuntu.com/ubuntu noble/main amd64 libiec61883-0 amd64 1.2.0-6build1 [24.5 kB]
2026-10-07T14:38:40.6283807Z Get:81 http://azure.archive.ubuntu.com/ubuntu noble/main amd64 libjack-jackd2-0 amd64 1.9.21~dfsg-3ubuntu3 [289 kB]
2026-10-07T14:38:40.6765902Z Get:82 http://azure.archive.ubuntu.com/ubuntu noble/universe amd64 libopenal-data all 1:1.23.1-4build1 [161 kB]
2026-10-07T14:38:40.7245945Z Get:83 http://azure.archive.ubuntu.com/ubuntu noble/universe amd64 libsndio7.0 amd64 1.9.0-0.3build3 [29.6 kB]
2026-10-07T14:38:40.7715250Z Get:84 http://azure.archive.ubuntu.com/ubuntu noble/universe amd64 libopenal1 amd64 1:1.23.1-4build1 [540 kB]
2026-10-07T14:38:40.8213757Z Get:85 http://azure.archive.ubuntu.com/ubuntu noble/main amd64 libdecor-0-0 amd64 0.2.2-1build2 [16.5 kB]
2026-10-07T14:38:40.8680210Z Get:86 http://azure.archive.ubuntu.com/ubuntu noble-updates/main amd64 libgl1-mesa-dri amd64 25.2.8-0ubuntu0.24.04.4 [38.0 kB]
2026-10-07T14:38:40.9148663Z Get:87 http://azure.archive.ubuntu.com/ubuntu noble-updates/main amd64 libglx-mesa0 amd64 25.2.8-0ubuntu0.24.04.4 [110 kB]
2026-10-07T14:38:40.9618129Z Get:88 http://azure.archive.ubuntu.com/ubuntu noble-updates/main amd64 libgbm1 amd64 25.2.8-0ubuntu0.24.04.4 [34.2 kB]
2026-10-07T14:38:41.0087464Z Get:89 http://azure.archive.ubuntu.com/ubuntu noble-updates/main amd64 mesa-libgallium amd64 25.2.8-0ubuntu0.24.04.4 [10.8 MB]
2026-10-07T14:38:41.3298366Z Get:90 http://azure.archive.ubuntu.com/ubuntu noble-updates/main amd64 libsdl2-2.0-0 amd64 2.30.0+dfsg-1ubuntu3.1 [686 kB]
2026-10-07T14:38:41.3813935Z Get:91 http://azure.archive.ubuntu.com/ubuntu noble/main amd64 libxcb-shape0 amd64 1.15-1ubuntu2 [6100 B]
2026-10-07T14:38:41.4280322Z Get:92 http://azure.archive.ubuntu.com/ubuntu noble/main amd64 libxv1 amd64 2:1.0.11-1.1build1 [10.7 kB]
2026-10-07T14:38:41.4745105Z Get:93 http://azure.archive.ubuntu.com/ubuntu noble/universe amd64 libavdevice60 amd64 7:6.1.1-3ubuntu5 [82.3 kB]
2026-10-07T14:38:41.5223636Z Get:94 http://azure.archive.ubuntu.com/ubuntu noble/universe amd64 ffmpeg amd64 7:6.1.1-3ubuntu5 [1879 kB]
2026-10-07T14:38:41.5956735Z Get:95 http://azure.archive.ubuntu.com/ubuntu noble/main amd64 fonts-noto-cjk all 1:20230817+repack1-3 [61.2 MB]
2026-10-07T14:38:42.7272965Z Get:96 http://azure.archive.ubuntu.com/ubuntu noble-updates/universe amd64 libigdgmm12 amd64 22.3.17+ds1-1ubuntu1 [145 kB]
2026-10-07T14:38:42.7773308Z Get:97 http://azure.archive.ubuntu.com/ubuntu noble-updates/universe amd64 intel-media-va-driver amd64 24.1.0+dfsg1-1ubuntu0.2 [3163 kB]
2026-10-07T14:38:42.8799254Z Get:98 http://azure.archive.ubuntu.com/ubuntu noble/universe amd64 libaacs0 amd64 0.11.1-2build1 [62.9 kB]
2026-10-07T14:38:42.9276604Z Get:99 http://azure.archive.ubuntu.com/ubuntu noble/universe amd64 libbdplus0 amd64 0.2.0-3build1 [52.2 kB]
2026-10-07T14:38:42.9751973Z Get:100 http://azure.archive.ubuntu.com/ubuntu noble/main amd64 libbrotli-dev amd64 1.1.0-2build2 [353 kB]
2026-10-07T14:38:43.0361668Z Get:101 http://azure.archive.ubuntu.com/ubuntu noble-updates/main amd64 libbz2-dev amd64 1.0.8-5.1ubuntu0.1 [33.6 kB]
2026-10-07T14:38:43.0840468Z Get:102 http://azure.archive.ubuntu.com/ubuntu noble/main amd64 libdecor-0-plugin-1-gtk amd64 0.2.2-1build2 [22.2 kB]
2026-10-07T14:38:43.1790074Z Get:103 http://azure.archive.ubuntu.com/ubuntu noble-updates/main amd64 libpng-dev amd64 1.6.43-5ubuntu0.6 [265 kB]
2026-10-07T14:38:43.4332229Z Get:104 http://azure.archive.ubuntu.com/ubuntu noble-updates/main amd64 libfreetype-dev amd64 2.13.2+dfsg-1ubuntu0.2 [574 kB]
2026-10-07T14:38:43.5604427Z Get:105 http://azure.archive.ubuntu.com/ubuntu noble-updates/main amd64 uuid-dev amd64 2.39.3-9ubuntu6.6 [33.5 kB]
2026-10-07T14:38:43.6079976Z Get:106 http://azure.archive.ubuntu.com/ubuntu noble/main amd64 libfontconfig-dev amd64 2.15.0-1.1ubuntu2 [161 kB]
2026-10-07T14:38:43.6633721Z Get:107 http://azure.archive.ubuntu.com/ubuntu noble/main amd64 libfontconfig1-dev amd64 2.15.0-1.1ubuntu2 [1840 B]
2026-10-07T14:38:43.7105327Z Get:108 http://azure.archive.ubuntu.com/ubuntu noble-updates/main amd64 libpng-tools amd64 1.6.43-5ubuntu0.6 [28.5 kB]
2026-10-07T14:38:43.7591482Z Get:109 http://azure.archive.ubuntu.com/ubuntu noble-updates/main amd64 librsvg2-common amd64 2.58.0+dfsg-1ubuntu0.1 [11.8 kB]
2026-10-07T14:38:43.8065540Z Get:110 http://azure.archive.ubuntu.com/ubuntu noble-updates/universe amd64 mesa-va-drivers amd64 25.2.8-0ubuntu0.24.04.4 [6778 B]
2026-10-07T14:38:43.8543873Z Get:111 http://azure.archive.ubuntu.com/ubuntu noble-updates/main amd64 mesa-vdpau-drivers amd64 25.2.8-0ubuntu0.24.04.4 [23.4 kB]
2026-10-07T14:38:43.9025401Z Get:112 http://azure.archive.ubuntu.com/ubuntu noble-updates/universe amd64 i965-va-driver amd64 2.4.1+dfsg1-1ubuntu0.2 [332 kB]
2026-10-07T14:38:43.9581670Z Get:113 http://azure.archive.ubuntu.com/ubuntu noble-updates/universe amd64 va-driver-all amd64 2.20.0-2ubuntu0.2 [5014 B]
2026-10-07T14:38:44.0050581Z Get:114 http://azure.archive.ubuntu.com/ubuntu noble/main amd64 vdpau-driver-all amd64 1.5-2build1 [4414 B]
2026-10-07T14:38:44.0519637Z Get:115 http://azure.archive.ubuntu.com/ubuntu noble/universe amd64 pocketsphinx-en-us all 0.8.0+real5prealpha+1-15ubuntu5 [27.4 MB]
2026-10-07T14:38:45.1358365Z Fetched 169 MB in 10s (17.2 MB/s)
2026-10-07T14:38:45.1585275Z Selecting previously unselected package bzip2-doc.
2026-10-07T14:38:45.1798306Z (Reading database ... 
2026-10-07T14:38:45.1798965Z (Reading database ... 5%
2026-10-07T14:38:45.1799531Z (Reading database ... 10%
2026-10-07T14:38:45.1799944Z (Reading database ... 15%
2026-10-07T14:38:45.1800237Z (Reading database ... 20%
2026-10-07T14:38:45.1800524Z (Reading database ... 25%
2026-10-07T14:38:45.1800779Z (Reading database ... 30%
2026-10-07T14:38:45.1801021Z (Reading database ... 35%
2026-10-07T14:38:45.1801257Z (Reading database ... 40%
2026-10-07T14:38:45.1801606Z (Reading database ... 45%
2026-10-07T14:38:45.1801972Z (Reading database ... 50%
2026-10-07T14:38:45.1849344Z (Reading database ... 55%
2026-10-07T14:38:45.3126766Z (Reading database ... 60%
2026-10-07T14:38:45.5192842Z (Reading database ... 65%
2026-10-07T14:38:45.7082894Z (Reading database ... 70%
2026-10-07T14:38:45.9138800Z (Reading database ... 75%
2026-10-07T14:38:46.0722334Z (Reading database ... 80%
2026-10-07T14:38:46.2626937Z (Reading database ... 85%
2026-10-07T14:38:46.4716703Z (Reading database ... 90%
2026-10-07T14:38:46.6222987Z (Reading database ... 95%
2026-10-07T14:38:46.6223351Z (Reading database ... 100%
2026-10-07T14:38:46.6223742Z (Reading database ... 202296 files and directories currently installed.)
2026-10-07T14:38:46.6271109Z Preparing to unpack .../000-bzip2-doc_1.0.8-5.1ubuntu0.1_all.deb ...
2026-10-07T14:38:46.6294869Z Unpacking bzip2-doc (1.0.8-5.1ubuntu0.1) ...
2026-10-07T14:38:46.6545127Z Selecting previously unselected package libva2:amd64.
2026-10-07T14:38:46.6678098Z Preparing to unpack .../001-libva2_2.20.0-2ubuntu0.2_amd64.deb ...
2026-10-07T14:38:46.6692477Z Unpacking libva2:amd64 (2.20.0-2ubuntu0.2) ...
2026-10-07T14:38:46.6901767Z Selecting previously unselected package libva-drm2:amd64.
2026-10-07T14:38:46.7034706Z Preparing to unpack .../002-libva-drm2_2.20.0-2ubuntu0.2_amd64.deb ...
2026-10-07T14:38:46.7040435Z Unpacking libva-drm2:amd64 (2.20.0-2ubuntu0.2) ...
2026-10-07T14:38:46.7237108Z Selecting previously unselected package libva-x11-2:amd64.
2026-10-07T14:38:46.7369631Z Preparing to unpack .../003-libva-x11-2_2.20.0-2ubuntu0.2_amd64.deb ...
2026-10-07T14:38:46.7375903Z Unpacking libva-x11-2:amd64 (2.20.0-2ubuntu0.2) ...
2026-10-07T14:38:46.7577673Z Selecting previously unselected package libvdpau1:amd64.
2026-10-07T14:38:46.7710688Z Preparing to unpack .../004-libvdpau1_1.5-2build1_amd64.deb ...
2026-10-07T14:38:46.7716897Z Unpacking libvdpau1:amd64 (1.5-2build1) ...
2026-10-07T14:38:46.7930342Z Selecting previously unselected package libvpl2.
2026-10-07T14:38:46.8063272Z Preparing to unpack .../005-libvpl2_2023.3.0-1build1_amd64.deb ...
2026-10-07T14:38:46.8070771Z Unpacking libvpl2 (2023.3.0-1build1) ...
2026-10-07T14:38:46.8290880Z Selecting previously unselected package ocl-icd-libopencl1:amd64.
2026-10-07T14:38:46.8425188Z Preparing to unpack .../006-ocl-icd-libopencl1_2.3.2-1build1_amd64.deb ...
2026-10-07T14:38:46.8437246Z Unpacking ocl-icd-libopencl1:amd64 (2.3.2-1build1) ...
2026-10-07T14:38:46.8743976Z Selecting previously unselected package libavutil58:amd64.
2026-10-07T14:38:46.8877900Z Preparing to unpack .../007-libavutil58_7%3a6.1.1-3ubuntu5_amd64.deb ...
2026-10-07T14:38:46.8884646Z Unpacking libavutil58:amd64 (7:6.1.1-3ubuntu5) ...
2026-10-07T14:38:46.9138223Z Selecting previously unselected package libcodec2-1.2:amd64.
2026-10-07T14:38:46.9270869Z Preparing to unpack .../008-libcodec2-1.2_1.2.0-2build1_amd64.deb ...
2026-10-07T14:38:46.9276972Z Unpacking libcodec2-1.2:amd64 (1.2.0-2build1) ...
2026-10-07T14:38:47.0017640Z Selecting previously unselected package libdav1d7:amd64.
2026-10-07T14:38:47.0213230Z Preparing to unpack .../009-libdav1d7_1.4.1-1build1_amd64.deb ...
2026-10-07T14:38:47.0214405Z Unpacking libdav1d7:amd64 (1.4.1-1build1) ...
2026-10-07T14:38:47.0442749Z Selecting previously unselected package libgsm1:amd64.
2026-10-07T14:38:47.0576549Z Preparing to unpack .../010-libgsm1_1.0.22-1build1_amd64.deb ...
2026-10-07T14:38:47.0583256Z Unpacking libgsm1:amd64 (1.0.22-1build1) ...
2026-10-07T14:38:47.0786549Z Selecting previously unselected package libhwy1t64:amd64.
2026-10-07T14:38:47.0919179Z Preparing to unpack .../011-libhwy1t64_1.0.7-8.1build1_amd64.deb ...
2026-10-07T14:38:47.0925721Z Unpacking libhwy1t64:amd64 (1.0.7-8.1build1) ...
2026-10-07T14:38:47.1240737Z Selecting previously unselected package libjxl0.7:amd64.
2026-10-07T14:38:47.1373449Z Preparing to unpack .../012-libjxl0.7_0.7.0-10.2ubuntu6.1_amd64.deb ...
2026-10-07T14:38:47.1379257Z Unpacking libjxl0.7:amd64 (0.7.0-10.2ubuntu6.1) ...
2026-10-07T14:38:47.1715313Z Selecting previously unselected package libmp3lame0:amd64.
2026-10-07T14:38:47.1850493Z Preparing to unpack .../013-libmp3lame0_3.100-6build1_amd64.deb ...
2026-10-07T14:38:47.1857043Z Unpacking libmp3lame0:amd64 (3.100-6build1) ...
2026-10-07T14:38:47.2074243Z Selecting previously unselected package libopus0:amd64.
2026-10-07T14:38:47.2206847Z Preparing to unpack .../014-libopus0_1.4-1build1_amd64.deb ...
2026-10-07T14:38:47.2213027Z Unpacking libopus0:amd64 (1.4-1build1) ...
2026-10-07T14:38:47.2434422Z Selecting previously unselected package librav1e0:amd64.
2026-10-07T14:38:47.2566919Z Preparing to unpack .../015-librav1e0_0.7.1-2_amd64.deb ...
2026-10-07T14:38:47.2573206Z Unpacking librav1e0:amd64 (0.7.1-2) ...
2026-10-07T14:38:47.2894963Z Selecting previously unselected package librsvg2-2:amd64.
2026-10-07T14:38:47.3028547Z Preparing to unpack .../016-librsvg2-2_2.58.0+dfsg-1ubuntu0.1_amd64.deb ...
2026-10-07T14:38:47.3035248Z Unpacking librsvg2-2:amd64 (2.58.0+dfsg-1ubuntu0.1) ...
2026-10-07T14:38:47.3498333Z Selecting previously unselected package libshine3:amd64.
2026-10-07T14:38:47.3630982Z Preparing to unpack .../017-libshine3_3.1.1-2build1_amd64.deb ...
2026-10-07T14:38:47.3638820Z Unpacking libshine3:amd64 (3.1.1-2build1) ...
2026-10-07T14:38:47.3841072Z Selecting previously unselected package libspeex1:amd64.
2026-10-07T14:38:47.3975592Z Preparing to unpack .../018-libspeex1_1.2.1-2ubuntu2.24.04.1_amd64.deb ...
2026-10-07T14:38:47.3982285Z Unpacking libspeex1:amd64 (1.2.1-2ubuntu2.24.04.1) ...
2026-10-07T14:38:47.4186501Z Selecting previously unselected package libsvtav1enc1d1:amd64.
2026-10-07T14:38:47.4320515Z Preparing to unpack .../019-libsvtav1enc1d1_1.7.0+dfsg-2build1_amd64.deb ...
2026-10-07T14:38:47.4326756Z Unpacking libsvtav1enc1d1:amd64 (1.7.0+dfsg-2build1) ...
2026-10-07T14:38:47.4796805Z Selecting previously unselected package libsoxr0:amd64.
2026-10-07T14:38:47.4929412Z Preparing to unpack .../020-libsoxr0_0.1.3-4build3_amd64.deb ...
2026-10-07T14:38:47.4935979Z Unpacking libsoxr0:amd64 (0.1.3-4build3) ...
2026-10-07T14:38:47.5149060Z Selecting previously unselected package libswresample4:amd64.
2026-10-07T14:38:47.5281729Z Preparing to unpack .../021-libswresample4_7%3a6.1.1-3ubuntu5_amd64.deb ...
2026-10-07T14:38:47.5287605Z Unpacking libswresample4:amd64 (7:6.1.1-3ubuntu5) ...
2026-10-07T14:38:47.5520397Z Selecting previously unselected package libtheora0:amd64.
2026-10-07T14:38:47.5653757Z Preparing to unpack .../022-libtheora0_1.1.1+dfsg.1-16.1build3_amd64.deb ...
2026-10-07T14:38:47.5660108Z Unpacking libtheora0:amd64 (1.1.1+dfsg.1-16.1build3) ...
2026-10-07T14:38:47.5892219Z Selecting previously unselected package libtwolame0:amd64.
2026-10-07T14:38:47.6025599Z Preparing to unpack .../023-libtwolame0_0.4.0-2build3_amd64.deb ...
2026-10-07T14:38:47.6031281Z Unpacking libtwolame0:amd64 (0.4.0-2build3) ...
2026-10-07T14:38:47.6235748Z Selecting previously unselected package libvorbisenc2:amd64.
2026-10-07T14:38:47.6369156Z Preparing to unpack .../024-libvorbisenc2_1.3.7-1build3_amd64.deb ...
2026-10-07T14:38:47.6375348Z Unpacking libvorbisenc2:amd64 (1.3.7-1build3) ...
2026-10-07T14:38:47.6599559Z Selecting previously unselected package libvpx9:amd64.
2026-10-07T14:38:47.6733836Z Preparing to unpack .../025-libvpx9_1.14.0-1ubuntu2.3_amd64.deb ...
2026-10-07T14:38:47.6739800Z Unpacking libvpx9:amd64 (1.14.0-1ubuntu2.3) ...
2026-10-07T14:38:47.7070959Z Selecting previously unselected package libx264-164:amd64.
2026-10-07T14:38:47.7204621Z Preparing to unpack .../026-libx264-164_2%3a0.164.3108+git31e19f9-1_amd64.deb ...
2026-10-07T14:38:47.7211523Z Unpacking libx264-164:amd64 (2:0.164.3108+git31e19f9-1) ...
2026-10-07T14:38:47.7489000Z Selecting previously unselected package libx265-199:amd64.
2026-10-07T14:38:47.7621767Z Preparing to unpack .../027-libx265-199_3.5-2build1_amd64.deb ...
2026-10-07T14:38:47.7628521Z Unpacking libx265-199:amd64 (3.5-2build1) ...
2026-10-07T14:38:47.8279096Z Selecting previously unselected package libxvidcore4:amd64.
2026-10-07T14:38:47.8411523Z Preparing to unpack .../028-libxvidcore4_2%3a1.3.7-1build1_amd64.deb ...
2026-10-07T14:38:47.8418064Z Unpacking libxvidcore4:amd64 (2:1.3.7-1build1) ...
2026-10-07T14:38:47.8638595Z Selecting previously unselected package libzvbi-common.
2026-10-07T14:38:47.8770356Z Preparing to unpack .../029-libzvbi-common_0.2.42-2_all.deb ...
2026-10-07T14:38:47.8777356Z Unpacking libzvbi-common (0.2.42-2) ...
2026-10-07T14:38:47.9418810Z Selecting previously unselected package libzvbi0t64:amd64.
2026-10-07T14:38:47.9553307Z Preparing to unpack .../030-libzvbi0t64_0.2.42-2_amd64.deb ...
2026-10-07T14:38:47.9559401Z Unpacking libzvbi0t64:amd64 (0.2.42-2) ...
2026-10-07T14:38:47.9806605Z Selecting previously unselected package libavcodec60:amd64.
2026-10-07T14:38:47.9940368Z Preparing to unpack .../031-libavcodec60_7%3a6.1.1-3ubuntu5_amd64.deb ...
2026-10-07T14:38:47.9946764Z Unpacking libavcodec60:amd64 (7:6.1.1-3ubuntu5) ...
2026-10-07T14:38:48.0807332Z Selecting previously unselected package libraw1394-11:amd64.
2026-10-07T14:38:48.0941317Z Preparing to unpack .../032-libraw1394-11_2.1.2-2build3_amd64.deb ...
2026-10-07T14:38:48.0947380Z Unpacking libraw1394-11:amd64 (2.1.2-2build3) ...
2026-10-07T14:38:48.1149217Z Selecting previously unselected package libavc1394-0:amd64.
2026-10-07T14:38:48.1281562Z Preparing to unpack .../033-libavc1394-0_0.5.4-5build3_amd64.deb ...
2026-10-07T14:38:48.1288029Z Unpacking libavc1394-0:amd64 (0.5.4-5build3) ...
2026-10-07T14:38:48.1620513Z Preparing to unpack .../034-libfreetype6_2.13.2+dfsg-1ubuntu0.2_amd64.deb ...
2026-10-07T14:38:48.1639568Z Unpacking libfreetype6:amd64 (2.13.2+dfsg-1ubuntu0.2) over (2.13.2+dfsg-1ubuntu0.1) ...
2026-10-07T14:38:48.1894472Z Selecting previously unselected package libunibreak5:amd64.
2026-10-07T14:38:48.2029656Z Preparing to unpack .../035-libunibreak5_5.1-2build1_amd64.deb ...
2026-10-07T14:38:48.2036746Z Unpacking libunibreak5:amd64 (5.1-2build1) ...
2026-10-07T14:38:48.2241473Z Selecting previously unselected package libass9:amd64.
2026-10-07T14:38:48.2375063Z Preparing to unpack .../036-libass9_1%3a0.17.1-2build1_amd64.deb ...
2026-10-07T14:38:48.2381483Z Unpacking libass9:amd64 (1:0.17.1-2build1) ...
2026-10-07T14:38:48.2594232Z Selecting previously unselected package libudfread0:amd64.
2026-10-07T14:38:48.2729500Z Preparing to unpack .../037-libudfread0_1.1.2-1build1_amd64.deb ...
2026-10-07T14:38:48.2734546Z Unpacking libudfread0:amd64 (1.1.2-1build1) ...
2026-10-07T14:38:48.2935545Z Selecting previously unselected package libbluray2:amd64.
2026-10-07T14:38:48.3067948Z Preparing to unpack .../038-libbluray2_1%3a1.3.4-1build1_amd64.deb ...
2026-10-07T14:38:48.3075005Z Unpacking libbluray2:amd64 (1:1.3.4-1build1) ...
2026-10-07T14:38:48.3293555Z Selecting previously unselected package libchromaprint1:amd64.
2026-10-07T14:38:48.3427555Z Preparing to unpack .../039-libchromaprint1_1.5.1-5_amd64.deb ...
2026-10-07T14:38:48.3435554Z Unpacking libchromaprint1:amd64 (1.5.1-5) ...
2026-10-07T14:38:48.3645074Z Selecting previously unselected package libgme0:amd64.
2026-10-07T14:38:48.3780713Z Preparing to unpack .../040-libgme0_0.6.3-7build1_amd64.deb ...
2026-10-07T14:38:48.3787814Z Unpacking libgme0:amd64 (0.6.3-7build1) ...
2026-10-07T14:38:48.4004317Z Selecting previously unselected package libmpg123-0t64:amd64.
2026-10-07T14:38:48.4137211Z Preparing to unpack .../041-libmpg123-0t64_1.32.5-1ubuntu1.1_amd64.deb ...
2026-10-07T14:38:48.4143171Z Unpacking libmpg123-0t64:amd64 (1.32.5-1ubuntu1.1) ...
2026-10-07T14:38:48.4359905Z Selecting previously unselected package libopenmpt0t64:amd64.
2026-10-07T14:38:48.4491785Z Preparing to unpack .../042-libopenmpt0t64_0.7.3-1.1build3_amd64.deb ...
2026-10-07T14:38:48.4497428Z Unpacking libopenmpt0t64:amd64 (0.7.3-1.1build3) ...
2026-10-07T14:38:48.4768543Z Selecting previously unselected package libcjson1:amd64.
2026-10-07T14:38:48.4900608Z Preparing to unpack .../043-libcjson1_1.7.17-1_amd64.deb ...
2026-10-07T14:38:48.4907020Z Unpacking libcjson1:amd64 (1.7.17-1) ...
2026-10-07T14:38:48.5459322Z Selecting previously unselected package libmbedcrypto7t64:amd64.
2026-10-07T14:38:48.5592205Z Preparing to unpack .../044-libmbedcrypto7t64_2.28.8-1_amd64.deb ...
2026-10-07T14:38:48.5597920Z Unpacking libmbedcrypto7t64:amd64 (2.28.8-1) ...
2026-10-07T14:38:48.5818131Z Selecting previously unselected package librist4:amd64.
2026-10-07T14:38:48.5949509Z Preparing to unpack .../045-librist4_0.2.10+dfsg-2_amd64.deb ...
2026-10-07T14:38:48.5955949Z Unpacking librist4:amd64 (0.2.10+dfsg-2) ...
2026-10-07T14:38:48.6157146Z Selecting previously unselected package libsrt1.5-gnutls:amd64.
2026-10-07T14:38:48.6288074Z Preparing to unpack .../046-libsrt1.5-gnutls_1.5.3-1build2_amd64.deb ...
2026-10-07T14:38:48.6294008Z Unpacking libsrt1.5-gnutls:amd64 (1.5.3-1build2) ...
2026-10-07T14:38:48.6529640Z Selecting previously unselected package libssh-gcrypt-4:amd64.
2026-10-07T14:38:48.6660682Z Preparing to unpack .../047-libssh-gcrypt-4_0.10.6-2ubuntu0.5_amd64.deb ...
2026-10-07T14:38:48.6667258Z Unpacking libssh-gcrypt-4:amd64 (0.10.6-2ubuntu0.5) ...
2026-10-07T14:38:48.6897206Z Selecting previously unselected package libavformat60:amd64.
2026-10-07T14:38:48.7030328Z Preparing to unpack .../048-libavformat60_7%3a6.1.1-3ubuntu5_amd64.deb ...
2026-10-07T14:38:48.7036797Z Unpacking libavformat60:amd64 (7:6.1.1-3ubuntu5) ...
2026-10-07T14:38:48.7360362Z Selecting previously unselected package libbs2b0:amd64.
2026-10-07T14:38:48.7493399Z Preparing to unpack .../049-libbs2b0_3.1.0+dfsg-7build1_amd64.deb ...
2026-10-07T14:38:48.7499784Z Unpacking libbs2b0:amd64 (3.1.0+dfsg-7build1) ...
2026-10-07T14:38:48.7730426Z Selecting previously unselected package libflite1:amd64.
2026-10-07T14:38:48.7861906Z Preparing to unpack .../050-libflite1_2.2-6build3_amd64.deb ...
2026-10-07T14:38:48.7868105Z Unpacking libflite1:amd64 (2.2-6build3) ...
2026-10-07T14:38:48.8972144Z Selecting previously unselected package libserd-0-0:amd64.
2026-10-07T14:38:48.9104942Z Preparing to unpack .../051-libserd-0-0_0.32.2-1_amd64.deb ...
2026-10-07T14:38:48.9111275Z Unpacking libserd-0-0:amd64 (0.32.2-1) ...
2026-10-07T14:38:48.9308690Z Selecting previously unselected package libzix-0-0:amd64.
2026-10-07T14:38:48.9438588Z Preparing to unpack .../052-libzix-0-0_0.4.2-2build1_amd64.deb ...
2026-10-07T14:38:48.9445738Z Unpacking libzix-0-0:amd64 (0.4.2-2build1) ...
2026-10-07T14:38:48.9641328Z Selecting previously unselected package libsord-0-0:amd64.
2026-10-07T14:38:48.9772010Z Preparing to unpack .../053-libsord-0-0_0.16.16-2build1_amd64.deb ...
2026-10-07T14:38:48.9778066Z Unpacking libsord-0-0:amd64 (0.16.16-2build1) ...
2026-10-07T14:38:48.9971712Z Selecting previously unselected package libsratom-0-0:amd64.
2026-10-07T14:38:49.0103504Z Preparing to unpack .../054-libsratom-0-0_0.6.16-1build1_amd64.deb ...
2026-10-07T14:38:49.0109711Z Unpacking libsratom-0-0:amd64 (0.6.16-1build1) ...
2026-10-07T14:38:49.0305683Z Selecting previously unselected package liblilv-0-0:amd64.
2026-10-07T14:38:49.0437226Z Preparing to unpack .../055-liblilv-0-0_0.24.22-1build1_amd64.deb ...
2026-10-07T14:38:49.0443218Z Unpacking liblilv-0-0:amd64 (0.24.22-1build1) ...
2026-10-07T14:38:49.0649374Z Selecting previously unselected package libmysofa1:amd64.
2026-10-07T14:38:49.0780809Z Preparing to unpack .../056-libmysofa1_1.3.2+dfsg-2ubuntu2_amd64.deb ...
2026-10-07T14:38:49.0786526Z Unpacking libmysofa1:amd64 (1.3.2+dfsg-2ubuntu2) ...
2026-10-07T14:38:49.1019990Z Selecting previously unselected package libplacebo338:amd64.
2026-10-07T14:38:49.1150825Z Preparing to unpack .../057-libplacebo338_6.338.2-2build1_amd64.deb ...
2026-10-07T14:38:49.1159317Z Unpacking libplacebo338:amd64 (6.338.2-2build1) ...
2026-10-07T14:38:49.1691122Z Selecting previously unselected package libblas3:amd64.
2026-10-07T14:38:49.1824106Z Preparing to unpack .../058-libblas3_3.12.0-3build1.1_amd64.deb ...
2026-10-07T14:38:49.1855504Z Unpacking libblas3:amd64 (3.12.0-3build1.1) ...
2026-10-07T14:38:49.2088003Z Selecting previously unselected package liblapack3:amd64.
2026-10-07T14:38:49.2220276Z Preparing to unpack .../059-liblapack3_3.12.0-3build1.1_amd64.deb ...
2026-10-07T14:38:49.2250896Z Unpacking liblapack3:amd64 (3.12.0-3build1.1) ...
2026-10-07T14:38:49.2721360Z Selecting previously unselected package libasyncns0:amd64.
2026-10-07T14:38:49.2853387Z Preparing to unpack .../060-libasyncns0_0.8-6build4_amd64.deb ...
2026-10-07T14:38:49.2859796Z Unpacking libasyncns0:amd64 (0.8-6build4) ...
2026-10-07T14:38:49.3060050Z Selecting previously unselected package libflac12t64:amd64.
2026-10-07T14:38:49.3193865Z Preparing to unpack .../061-libflac12t64_1.4.3+ds-2.1ubuntu2_amd64.deb ...
2026-10-07T14:38:49.3199534Z Unpacking libflac12t64:amd64 (1.4.3+ds-2.1ubuntu2) ...
2026-10-07T14:38:49.3504920Z Selecting previously unselected package libsndfile1:amd64.
2026-10-07T14:38:49.3638693Z Preparing to unpack .../062-libsndfile1_1.2.2-1ubuntu5.24.04.1_amd64.deb ...
2026-10-07T14:38:49.3645846Z Unpacking libsndfile1:amd64 (1.2.2-1ubuntu5.24.04.1) ...
2026-10-07T14:38:49.3898615Z Selecting previously unselected package libpulse0:amd64.
2026-10-07T14:38:49.4031040Z Preparing to unpack .../063-libpulse0_1%3a16.1+dfsg1-2ubuntu10.1_amd64.deb ...
2026-10-07T14:38:49.4099825Z Unpacking libpulse0:amd64 (1:16.1+dfsg1-2ubuntu10.1) ...
2026-10-07T14:38:49.4339812Z Selecting previously unselected package libsphinxbase3t64:amd64.
2026-10-07T14:38:49.4472796Z Preparing to unpack .../064-libsphinxbase3t64_0.8+5prealpha+1-17build2_amd64.deb ...
2026-10-07T14:38:49.4480059Z Unpacking libsphinxbase3t64:amd64 (0.8+5prealpha+1-17build2) ...
2026-10-07T14:38:49.4700983Z Selecting previously unselected package libpocketsphinx3:amd64.
2026-10-07T14:38:49.4833364Z Preparing to unpack .../065-libpocketsphinx3_0.8.0+real5prealpha+1-15ubuntu5_amd64.deb ...
2026-10-07T14:38:49.4840342Z Unpacking libpocketsphinx3:amd64 (0.8.0+real5prealpha+1-15ubuntu5) ...
2026-10-07T14:38:49.5057466Z Selecting previously unselected package libpostproc57:amd64.
2026-10-07T14:38:49.5188683Z Preparing to unpack .../066-libpostproc57_7%3a6.1.1-3ubuntu5_amd64.deb ...
2026-10-07T14:38:49.5196708Z Unpacking libpostproc57:amd64 (7:6.1.1-3ubuntu5) ...
2026-10-07T14:38:49.5408416Z Selecting previously unselected package libsamplerate0:amd64.
2026-10-07T14:38:49.5539874Z Preparing to unpack .../067-libsamplerate0_0.2.2-4build1_amd64.deb ...
2026-10-07T14:38:49.5546637Z Unpacking libsamplerate0:amd64 (0.2.2-4build1) ...
2026-10-07T14:38:49.5799438Z Selecting previously unselected package librubberband2:amd64.
2026-10-07T14:38:49.5930625Z Preparing to unpack .../068-librubberband2_3.3.0+dfsg-2build1_amd64.deb ...
2026-10-07T14:38:49.5936796Z Unpacking librubberband2:amd64 (3.3.0+dfsg-2build1) ...
2026-10-07T14:38:49.6151145Z Selecting previously unselected package libswscale7:amd64.
2026-10-07T14:38:49.6283299Z Preparing to unpack .../069-libswscale7_7%3a6.1.1-3ubuntu5_amd64.deb ...
2026-10-07T14:38:49.6290259Z Unpacking libswscale7:amd64 (7:6.1.1-3ubuntu5) ...
2026-10-07T14:38:49.6515510Z Selecting previously unselected package libvidstab1.1:amd64.
2026-10-07T14:38:49.6647907Z Preparing to unpack .../070-libvidstab1.1_1.1.0-2build1_amd64.deb ...
2026-10-07T14:38:49.6654874Z Unpacking libvidstab1.1:amd64 (1.1.0-2build1) ...
2026-10-07T14:38:49.6861304Z Selecting previously unselected package libzimg2:amd64.
2026-10-07T14:38:49.6996020Z Preparing to unpack .../071-libzimg2_3.0.5+ds1-1build1_amd64.deb ...
2026-10-07T14:38:49.7004194Z Unpacking libzimg2:amd64 (3.0.5+ds1-1build1) ...
2026-10-07T14:38:49.7248259Z Selecting previously unselected package libavfilter9:amd64.
2026-10-07T14:38:49.7380763Z Preparing to unpack .../072-libavfilter9_7%3a6.1.1-3ubuntu5_amd64.deb ...
2026-10-07T14:38:49.7387135Z Unpacking libavfilter9:amd64 (7:6.1.1-3ubuntu5) ...
2026-10-07T14:38:49.8060537Z Selecting previously unselected package libcaca0:amd64.
2026-10-07T14:38:49.8194218Z Preparing to unpack .../073-libcaca0_0.99.beta20-4ubuntu0.2_amd64.deb ...
2026-10-07T14:38:49.8200663Z Unpacking libcaca0:amd64 (0.99.beta20-4ubuntu0.2) ...
2026-10-07T14:38:49.8444182Z Selecting previously unselected package libcdio19t64:amd64.
2026-10-07T14:38:49.8577139Z Preparing to unpack .../074-libcdio19t64_2.1.0-4.1ubuntu1.2_amd64.deb ...
2026-10-07T14:38:49.8585084Z Unpacking libcdio19t64:amd64 (2.1.0-4.1ubuntu1.2) ...
2026-10-07T14:38:49.8794047Z Selecting previously unselected package libcdio-cdda2t64:amd64.
2026-10-07T14:38:49.8927182Z Preparing to unpack .../075-libcdio-cdda2t64_10.2+2.0.1-1.1build2_amd64.deb ...
2026-10-07T14:38:49.8934684Z Unpacking libcdio-cdda2t64:amd64 (10.2+2.0.1-1.1build2) ...
2026-10-07T14:38:49.9141194Z Selecting previously unselected package libcdio-paranoia2t64:amd64.
2026-10-07T14:38:49.9274225Z Preparing to unpack .../076-libcdio-paranoia2t64_10.2+2.0.1-1.1build2_amd64.deb ...
2026-10-07T14:38:49.9280410Z Unpacking libcdio-paranoia2t64:amd64 (10.2+2.0.1-1.1build2) ...
2026-10-07T14:38:49.9495999Z Selecting previously unselected package libdc1394-25:amd64.
2026-10-07T14:38:49.9628971Z Preparing to unpack .../077-libdc1394-25_2.2.6-4build1_amd64.deb ...
2026-10-07T14:38:49.9636064Z Unpacking libdc1394-25:amd64 (2.2.6-4build1) ...
2026-10-07T14:38:49.9853786Z Selecting previously unselected package libiec61883-0:amd64.
2026-10-07T14:38:49.9986399Z Preparing to unpack .../078-libiec61883-0_1.2.0-6build1_amd64.deb ...
2026-10-07T14:38:49.9992090Z Unpacking libiec61883-0:amd64 (1.2.0-6build1) ...
2026-10-07T14:38:50.0222809Z Selecting previously unselected package libjack-jackd2-0:amd64.
2026-10-07T14:38:50.0355994Z Preparing to unpack .../079-libjack-jackd2-0_1.9.21~dfsg-3ubuntu3_amd64.deb ...
2026-10-07T14:38:50.0362138Z Unpacking libjack-jackd2-0:amd64 (1.9.21~dfsg-3ubuntu3) ...
2026-10-07T14:38:50.0605220Z Selecting previously unselected package libopenal-data.
2026-10-07T14:38:50.0737322Z Preparing to unpack .../080-libopenal-data_1%3a1.23.1-4build1_all.deb ...
2026-10-07T14:38:50.0743389Z Unpacking libopenal-data (1:1.23.1-4build1) ...
2026-10-07T14:38:50.0993265Z Selecting previously unselected package libsndio7.0:amd64.
2026-10-07T14:38:50.1125972Z Preparing to unpack .../081-libsndio7.0_1.9.0-0.3build3_amd64.deb ...
2026-10-07T14:38:50.1133063Z Unpacking libsndio7.0:amd64 (1.9.0-0.3build3) ...
2026-10-07T14:38:50.1535495Z Selecting previously unselected package libopenal1:amd64.
2026-10-07T14:38:50.1668566Z Preparing to unpack .../082-libopenal1_1%3a1.23.1-4build1_amd64.deb ...
2026-10-07T14:38:50.1674625Z Unpacking libopenal1:amd64 (1:1.23.1-4build1) ...
2026-10-07T14:38:50.1927473Z Selecting previously unselected package libdecor-0-0:amd64.
2026-10-07T14:38:50.2060263Z Preparing to unpack .../083-libdecor-0-0_0.2.2-1build2_amd64.deb ...
2026-10-07T14:38:50.2066885Z Unpacking libdecor-0-0:amd64 (0.2.2-1build2) ...
2026-10-07T14:38:50.2400556Z Preparing to unpack .../084-libgl1-mesa-dri_25.2.8-0ubuntu0.24.04.4_amd64.deb ...
2026-10-07T14:38:50.2545159Z Unpacking libgl1-mesa-dri:amd64 (25.2.8-0ubuntu0.24.04.4) over (25.2.8-0ubuntu0.24.04.2) ...
2026-10-07T14:38:50.3034734Z Preparing to unpack .../085-libglx-mesa0_25.2.8-0ubuntu0.24.04.4_amd64.deb ...
2026-10-07T14:38:50.3051811Z Unpacking libglx-mesa0:amd64 (25.2.8-0ubuntu0.24.04.4) over (25.2.8-0ubuntu0.24.04.2) ...
2026-10-07T14:38:50.3433696Z Preparing to unpack .../086-libgbm1_25.2.8-0ubuntu0.24.04.4_amd64.deb ...
2026-10-07T14:38:50.3450845Z Unpacking libgbm1:amd64 (25.2.8-0ubuntu0.24.04.4) over (25.2.8-0ubuntu0.24.04.2) ...
2026-10-07T14:38:50.3818022Z Preparing to unpack .../087-mesa-libgallium_25.2.8-0ubuntu0.24.04.4_amd64.deb ...
2026-10-07T14:38:50.3837072Z Unpacking mesa-libgallium:amd64 (25.2.8-0ubuntu0.24.04.4) over (25.2.8-0ubuntu0.24.04.2) ...
2026-10-07T14:38:50.5631568Z Selecting previously unselected package libsdl2-2.0-0:amd64.
2026-10-07T14:38:50.5765522Z Preparing to unpack .../088-libsdl2-2.0-0_2.30.0+dfsg-1ubuntu3.1_amd64.deb ...
2026-10-07T14:38:50.5774849Z Unpacking libsdl2-2.0-0:amd64 (2.30.0+dfsg-1ubuntu3.1) ...
2026-10-07T14:38:50.6050482Z Selecting previously unselected package libxcb-shape0:amd64.
2026-10-07T14:38:50.6182332Z Preparing to unpack .../089-libxcb-shape0_1.15-1ubuntu2_amd64.deb ...
2026-10-07T14:38:50.6190060Z Unpacking libxcb-shape0:amd64 (1.15-1ubuntu2) ...
2026-10-07T14:38:50.6381732Z Selecting previously unselected package libxv1:amd64.
2026-10-07T14:38:50.6513175Z Preparing to unpack .../090-libxv1_2%3a1.0.11-1.1build1_amd64.deb ...
2026-10-07T14:38:50.6521908Z Unpacking libxv1:amd64 (2:1.0.11-1.1build1) ...
2026-10-07T14:38:50.6717686Z Selecting previously unselected package libavdevice60:amd64.
2026-10-07T14:38:50.6850020Z Preparing to unpack .../091-libavdevice60_7%3a6.1.1-3ubuntu5_amd64.deb ...
2026-10-07T14:38:50.6857702Z Unpacking libavdevice60:amd64 (7:6.1.1-3ubuntu5) ...
2026-10-07T14:38:50.7057226Z Selecting previously unselected package ffmpeg.
2026-10-07T14:38:50.7188012Z Preparing to unpack .../092-ffmpeg_7%3a6.1.1-3ubuntu5_amd64.deb ...
2026-10-07T14:38:50.7193894Z Unpacking ffmpeg (7:6.1.1-3ubuntu5) ...
2026-10-07T14:38:50.7591495Z Selecting previously unselected package fonts-noto-cjk.
2026-10-07T14:38:50.7724725Z Preparing to unpack .../093-fonts-noto-cjk_1%3a20230817+repack1-3_all.deb ...
2026-10-07T14:38:50.7788311Z Unpacking fonts-noto-cjk (1:20230817+repack1-3) ...
2026-10-07T14:38:51.2184353Z Selecting previously unselected package libigdgmm12:amd64.
2026-10-07T14:38:51.2316387Z Preparing to unpack .../094-libigdgmm12_22.3.17+ds1-1ubuntu1_amd64.deb ...
2026-10-07T14:38:51.2321962Z Unpacking libigdgmm12:amd64 (22.3.17+ds1-1ubuntu1) ...
2026-10-07T14:38:51.2539028Z Selecting previously unselected package intel-media-va-driver:amd64.
2026-10-07T14:38:51.2672379Z Preparing to unpack .../095-intel-media-va-driver_24.1.0+dfsg1-1ubuntu0.2_amd64.deb ...
2026-10-07T14:38:51.2678329Z Unpacking intel-media-va-driver:amd64 (24.1.0+dfsg1-1ubuntu0.2) ...
2026-10-07T14:38:51.3329733Z Selecting previously unselected package libaacs0:amd64.
2026-10-07T14:38:51.3464072Z Preparing to unpack .../096-libaacs0_0.11.1-2build1_amd64.deb ...
2026-10-07T14:38:51.3471185Z Unpacking libaacs0:amd64 (0.11.1-2build1) ...
2026-10-07T14:38:51.3693047Z Selecting previously unselected package libbdplus0:amd64.
2026-10-07T14:38:51.3827717Z Preparing to unpack .../097-libbdplus0_0.2.0-3build1_amd64.deb ...
2026-10-07T14:38:51.3835732Z Unpacking libbdplus0:amd64 (0.2.0-3build1) ...
2026-10-07T14:38:51.4040876Z Selecting previously unselected package libbrotli-dev:amd64.
2026-10-07T14:38:51.4175075Z Preparing to unpack .../098-libbrotli-dev_1.1.0-2build2_amd64.deb ...
2026-10-07T14:38:51.4182144Z Unpacking libbrotli-dev:amd64 (1.1.0-2build2) ...
2026-10-07T14:38:51.4442557Z Selecting previously unselected package libbz2-dev:amd64.
2026-10-07T14:38:51.4575476Z Preparing to unpack .../099-libbz2-dev_1.0.8-5.1ubuntu0.1_amd64.deb ...
2026-10-07T14:38:51.4583668Z Unpacking libbz2-dev:amd64 (1.0.8-5.1ubuntu0.1) ...
2026-10-07T14:38:51.4777053Z Selecting previously unselected package libdecor-0-plugin-1-gtk:amd64.
2026-10-07T14:38:51.4909338Z Preparing to unpack .../100-libdecor-0-plugin-1-gtk_0.2.2-1build2_amd64.deb ...
2026-10-07T14:38:51.4916287Z Unpacking libdecor-0-plugin-1-gtk:amd64 (0.2.2-1build2) ...
2026-10-07T14:38:51.5116699Z Selecting previously unselected package libpng-dev:amd64.
2026-10-07T14:38:51.5250961Z Preparing to unpack .../101-libpng-dev_1.6.43-5ubuntu0.6_amd64.deb ...
2026-10-07T14:38:51.5256879Z Unpacking libpng-dev:amd64 (1.6.43-5ubuntu0.6) ...
2026-10-07T14:38:51.5526715Z Selecting previously unselected package libfreetype-dev:amd64.
2026-10-07T14:38:51.5659572Z Preparing to unpack .../102-libfreetype-dev_2.13.2+dfsg-1ubuntu0.2_amd64.deb ...
2026-10-07T14:38:51.5666511Z Unpacking libfreetype-dev:amd64 (2.13.2+dfsg-1ubuntu0.2) ...
2026-10-07T14:38:51.6010711Z Selecting previously unselected package uuid-dev:amd64.
2026-10-07T14:38:51.6144445Z Preparing to unpack .../103-uuid-dev_2.39.3-9ubuntu6.6_amd64.deb ...
2026-10-07T14:38:51.6150529Z Unpacking uuid-dev:amd64 (2.39.3-9ubuntu6.6) ...
2026-10-07T14:38:51.6383901Z Selecting previously unselected package libfontconfig-dev:amd64.
2026-10-07T14:38:51.6518543Z Preparing to unpack .../104-libfontconfig-dev_2.15.0-1.1ubuntu2_amd64.deb ...
2026-10-07T14:38:51.6524158Z Unpacking libfontconfig-dev:amd64 (2.15.0-1.1ubuntu2) ...
2026-10-07T14:38:51.6768431Z Selecting previously unselected package libfontconfig1-dev:amd64.
2026-10-07T14:38:51.6902204Z Preparing to unpack .../105-libfontconfig1-dev_2.15.0-1.1ubuntu2_amd64.deb ...
2026-10-07T14:38:51.6908224Z Unpacking libfontconfig1-dev:amd64 (2.15.0-1.1ubuntu2) ...
2026-10-07T14:38:51.7101882Z Selecting previously unselected package libpng-tools.
2026-10-07T14:38:51.7236018Z Preparing to unpack .../106-libpng-tools_1.6.43-5ubuntu0.6_amd64.deb ...
2026-10-07T14:38:51.7241478Z Unpacking libpng-tools (1.6.43-5ubuntu0.6) ...
2026-10-07T14:38:51.7445790Z Selecting previously unselected package librsvg2-common:amd64.
2026-10-07T14:38:51.7579223Z Preparing to unpack .../107-librsvg2-common_2.58.0+dfsg-1ubuntu0.1_amd64.deb ...
2026-10-07T14:38:51.7584404Z Unpacking librsvg2-common:amd64 (2.58.0+dfsg-1ubuntu0.1) ...
2026-10-07T14:38:51.7795941Z Selecting previously unselected package mesa-va-drivers:amd64.
2026-10-07T14:38:51.7929994Z Preparing to unpack .../108-mesa-va-drivers_25.2.8-0ubuntu0.24.04.4_amd64.deb ...
2026-10-07T14:38:51.7935569Z Unpacking mesa-va-drivers:amd64 (25.2.8-0ubuntu0.24.04.4) ...
2026-10-07T14:38:51.8143981Z Selecting previously unselected package mesa-vdpau-drivers:amd64.
2026-10-07T14:38:51.8277199Z Preparing to unpack .../109-mesa-vdpau-drivers_25.2.8-0ubuntu0.24.04.4_amd64.deb ...
2026-10-07T14:38:51.8282995Z Unpacking mesa-vdpau-drivers:amd64 (25.2.8-0ubuntu0.24.04.4) ...
2026-10-07T14:38:51.8499112Z Selecting previously unselected package i965-va-driver:amd64.
2026-10-07T14:38:51.8632423Z Preparing to unpack .../110-i965-va-driver_2.4.1+dfsg1-1ubuntu0.2_amd64.deb ...
2026-10-07T14:38:51.8638151Z Unpacking i965-va-driver:amd64 (2.4.1+dfsg1-1ubuntu0.2) ...
2026-10-07T14:38:51.8900965Z Selecting previously unselected package va-driver-all:amd64.
2026-10-07T14:38:51.9035206Z Preparing to unpack .../111-va-driver-all_2.20.0-2ubuntu0.2_amd64.deb ...
2026-10-07T14:38:51.9043484Z Unpacking va-driver-all:amd64 (2.20.0-2ubuntu0.2) ...
2026-10-07T14:38:51.9254092Z Selecting previously unselected package vdpau-driver-all:amd64.
2026-10-07T14:38:51.9387285Z Preparing to unpack .../112-vdpau-driver-all_1.5-2build1_amd64.deb ...
2026-10-07T14:38:51.9394864Z Unpacking vdpau-driver-all:amd64 (1.5-2build1) ...
2026-10-07T14:38:51.9591147Z Selecting previously unselected package pocketsphinx-en-us.
2026-10-07T14:38:51.9725290Z Preparing to unpack .../113-pocketsphinx-en-us_0.8.0+real5prealpha+1-15ubuntu5_all.deb ...
2026-10-07T14:38:51.9731801Z Unpacking pocketsphinx-en-us (0.8.0+real5prealpha+1-15ubuntu5) ...
2026-10-07T14:38:52.1748418Z Setting up libgme0:amd64 (0.6.3-7build1) ...
2026-10-07T14:38:52.1767461Z Setting up libchromaprint1:amd64 (1.5.1-5) ...
2026-10-07T14:38:52.1783649Z Setting up libssh-gcrypt-4:amd64 (0.10.6-2ubuntu0.5) ...
2026-10-07T14:38:52.1797951Z Setting up libhwy1t64:amd64 (1.0.7-8.1build1) ...
2026-10-07T14:38:52.1810739Z Setting up libudfread0:amd64 (1.1.2-1build1) ...
2026-10-07T14:38:52.1825098Z Setting up bzip2-doc (1.0.8-5.1ubuntu0.1) ...
2026-10-07T14:38:52.1838479Z Setting up mesa-libgallium:amd64 (25.2.8-0ubuntu0.24.04.4) ...
2026-10-07T14:38:52.1852443Z Setting up libraw1394-11:amd64 (2.1.2-2build3) ...
2026-10-07T14:38:52.1866249Z Setting up libspeex1:amd64 (1.2.1-2ubuntu2.24.04.1) ...
2026-10-07T14:38:52.1883352Z Setting up libshine3:amd64 (3.1.1-2build1) ...
2026-10-07T14:38:52.1896977Z Setting up libcaca0:amd64 (0.99.beta20-4ubuntu0.2) ...
2026-10-07T14:38:52.1912904Z Setting up libvpl2 (2023.3.0-1build1) ...
2026-10-07T14:38:52.1927396Z Setting up libx264-164:amd64 (2:0.164.3108+git31e19f9-1) ...
2026-10-07T14:38:52.1941138Z Setting up libtwolame0:amd64 (0.4.0-2build3) ...
2026-10-07T14:38:52.1957147Z Setting up libmbedcrypto7t64:amd64 (2.28.8-1) ...
2026-10-07T14:38:52.1970957Z Setting up libgbm1:amd64 (25.2.8-0ubuntu0.24.04.4) ...
2026-10-07T14:38:52.1986595Z Setting up libpng-tools (1.6.43-5ubuntu0.6) ...
2026-10-07T14:38:52.2001829Z Setting up libgsm1:amd64 (1.0.22-1build1) ...
2026-10-07T14:38:52.2014942Z Setting up libsoxr0:amd64 (0.1.3-4build3) ...
2026-10-07T14:38:52.2030848Z Setting up libzix-0-0:amd64 (0.4.2-2build1) ...
2026-10-07T14:38:52.2045555Z Setting up libcodec2-1.2:amd64 (1.2.0-2build1) ...
2026-10-07T14:38:52.2063761Z Setting up fonts-noto-cjk (1:20230817+repack1-3) ...
2026-10-07T14:38:52.2130088Z Setting up libgl1-mesa-dri:amd64 (25.2.8-0ubuntu0.24.04.4) ...
2026-10-07T14:38:52.2201832Z Setting up libpng-dev:amd64 (1.6.43-5ubuntu0.6) ...
2026-10-07T14:38:52.2217387Z Setting up libmysofa1:amd64 (1.3.2+dfsg-2ubuntu2) ...
2026-10-07T14:38:52.2233798Z Setting up libxcb-shape0:amd64 (1.15-1ubuntu2) ...
2026-10-07T14:38:52.2249688Z Setting up libcdio19t64:amd64 (2.1.0-4.1ubuntu1.2) ...
2026-10-07T14:38:52.2263779Z Setting up libsvtav1enc1d1:amd64 (1.7.0+dfsg-2build1) ...
2026-10-07T14:38:52.2278005Z Setting up libigdgmm12:amd64 (22.3.17+ds1-1ubuntu1) ...
2026-10-07T14:38:52.2293561Z Setting up libmpg123-0t64:amd64 (1.32.5-1ubuntu1.1) ...
2026-10-07T14:38:52.2308171Z Setting up libcjson1:amd64 (1.7.17-1) ...
2026-10-07T14:38:52.2324103Z Setting up libxvidcore4:amd64 (2:1.3.7-1build1) ...
2026-10-07T14:38:52.2339924Z Setting up librav1e0:amd64 (0.7.1-2) ...
2026-10-07T14:38:52.2354308Z Setting up libcdio-cdda2t64:amd64 (10.2+2.0.1-1.1build2) ...
2026-10-07T14:38:52.2369274Z Setting up librist4:amd64 (0.2.10+dfsg-2) ...
2026-10-07T14:38:52.2384518Z Setting up librsvg2-2:amd64 (2.58.0+dfsg-1ubuntu0.1) ...
2026-10-07T14:38:52.2399613Z Setting up libblas3:amd64 (3.12.0-3build1.1) ...
2026-10-07T14:38:52.2462558Z update-alternatives: using /usr/lib/x86_64-linux-gnu/blas/libblas.so.3 to provide /usr/lib/x86_64-linux-gnu/libblas.so.3 (libblas.so.3-x86_64-linux-gnu) in auto mode
2026-10-07T14:38:52.2476619Z Setting up libplacebo338:amd64 (6.338.2-2build1) ...
2026-10-07T14:38:52.2489915Z Setting up libva2:amd64 (2.20.0-2ubuntu0.2) ...
2026-10-07T14:38:52.2506321Z Setting up libfreetype6:amd64 (2.13.2+dfsg-1ubuntu0.2) ...
2026-10-07T14:38:52.2519814Z Setting up uuid-dev:amd64 (2.39.3-9ubuntu6.6) ...
2026-10-07T14:38:52.2545774Z Setting up libopus0:amd64 (1.4-1build1) ...
2026-10-07T14:38:52.2563127Z Setting up libcdio-paranoia2t64:amd64 (10.2+2.0.1-1.1build2) ...
2026-10-07T14:38:52.2578354Z Setting up libdc1394-25:amd64 (2.2.6-4build1) ...
2026-10-07T14:38:52.2594372Z Setting up intel-media-va-driver:amd64 (24.1.0+dfsg1-1ubuntu0.2) ...
2026-10-07T14:38:52.2608146Z Setting up libxv1:amd64 (2:1.0.11-1.1build1) ...
2026-10-07T14:38:52.2623578Z Setting up libunibreak5:amd64 (5.1-2build1) ...
2026-10-07T14:38:52.2639397Z Setting up libaacs0:amd64 (0.11.1-2build1) ...
2026-10-07T14:38:52.2653364Z Setting up libjxl0.7:amd64 (0.7.0-10.2ubuntu6.1) ...
2026-10-07T14:38:52.2669978Z Setting up librsvg2-common:amd64 (2.58.0+dfsg-1ubuntu0.1) ...
2026-10-07T14:38:52.2719458Z Setting up pocketsphinx-en-us (0.8.0+real5prealpha+1-15ubuntu5) ...
2026-10-07T14:38:52.2733948Z Setting up libx265-199:amd64 (3.5-2build1) ...
2026-10-07T14:38:52.2752939Z Setting up libsndio7.0:amd64 (1.9.0-0.3build3) ...
2026-10-07T14:38:52.2768943Z Setting up libbdplus0:amd64 (0.2.0-3build1) ...
2026-10-07T14:38:52.2784444Z Setting up libvidstab1.1:amd64 (1.1.0-2build1) ...
2026-10-07T14:38:52.2799066Z Setting up libvpx9:amd64 (1.14.0-1ubuntu2.3) ...
2026-10-07T14:38:52.2814320Z Setting up libsrt1.5-gnutls:amd64 (1.5.3-1build2) ...
2026-10-07T14:38:52.2829583Z Setting up libflite1:amd64 (2.2-6build3) ...
2026-10-07T14:38:52.2843698Z Setting up libdav1d7:amd64 (1.4.1-1build1) ...
2026-10-07T14:38:52.2861077Z Setting up libva-drm2:amd64 (2.20.0-2ubuntu0.2) ...
2026-10-07T14:38:52.2876955Z Setting up ocl-icd-libopencl1:amd64 (2.3.2-1build1) ...
2026-10-07T14:38:52.2891528Z Setting up libasyncns0:amd64 (0.8-6build4) ...
2026-10-07T14:38:52.2906797Z Setting up libvdpau1:amd64 (1.5-2build1) ...
2026-10-07T14:38:52.2929669Z Setting up libbs2b0:amd64 (3.1.0+dfsg-7build1) ...
2026-10-07T14:38:52.2946717Z Setting up libtheora0:amd64 (1.1.1+dfsg.1-16.1build3) ...
2026-10-07T14:38:52.2961829Z Setting up libdecor-0-0:amd64 (0.2.2-1build2) ...
2026-10-07T14:38:52.2976286Z Setting up libzimg2:amd64 (3.0.5+ds1-1build1) ...
2026-10-07T14:38:52.2992214Z Setting up libopenal-data (1:1.23.1-4build1) ...
2026-10-07T14:38:52.3015721Z Setting up libflac12t64:amd64 (1.4.3+ds-2.1ubuntu2) ...
2026-10-07T14:38:52.3031743Z Setting up mesa-va-drivers:amd64 (25.2.8-0ubuntu0.24.04.4) ...
2026-10-07T14:38:52.3046373Z Setting up libbluray2:amd64 (1:1.3.4-1build1) ...
2026-10-07T14:38:52.3061122Z Setting up libsamplerate0:amd64 (0.2.2-4build1) ...
2026-10-07T14:38:52.3077196Z Setting up libva-x11-2:amd64 (2.20.0-2ubuntu0.2) ...
2026-10-07T14:38:52.3091576Z Setting up libdecor-0-plugin-1-gtk:amd64 (0.2.2-1build2) ...
2026-10-07T14:38:52.3105443Z Setting up libopenmpt0t64:amd64 (0.7.3-1.1build3) ...
2026-10-07T14:38:52.3123865Z Setting up libbrotli-dev:amd64 (1.1.0-2build2) ...
2026-10-07T14:38:52.3140788Z Setting up libzvbi-common (0.2.42-2) ...
2026-10-07T14:38:52.3156222Z Setting up libmp3lame0:amd64 (3.100-6build1) ...
2026-10-07T14:38:52.3178830Z Setting up i965-va-driver:amd64 (2.4.1+dfsg1-1ubuntu0.2) ...
2026-10-07T14:38:52.3194376Z Setting up libvorbisenc2:amd64 (1.3.7-1build3) ...
2026-10-07T14:38:52.3211286Z Setting up libiec61883-0:amd64 (1.2.0-6build1) ...
2026-10-07T14:38:52.3226253Z Setting up libserd-0-0:amd64 (0.32.2-1) ...
2026-10-07T14:38:52.3241751Z Setting up libbz2-dev:amd64 (1.0.8-5.1ubuntu0.1) ...
2026-10-07T14:38:52.3452228Z Setting up libavc1394-0:amd64 (0.5.4-5build3) ...
2026-10-07T14:38:52.3468870Z Setting up mesa-vdpau-drivers:amd64 (25.2.8-0ubuntu0.24.04.4) ...
2026-10-07T14:38:52.3485649Z Setting up liblapack3:amd64 (3.12.0-3build1.1) ...
2026-10-07T14:38:52.3549077Z update-alternatives: using /usr/lib/x86_64-linux-gnu/lapack/liblapack.so.3 to provide /usr/lib/x86_64-linux-gnu/liblapack.so.3 (liblapack.so.3-x86_64-linux-gnu) in auto mode
2026-10-07T14:38:52.3565142Z Setting up libglx-mesa0:amd64 (25.2.8-0ubuntu0.24.04.4) ...
2026-10-07T14:38:52.3580822Z Setting up libzvbi0t64:amd64 (0.2.42-2) ...
2026-10-07T14:38:52.3597014Z Setting up libavutil58:amd64 (7:6.1.1-3ubuntu5) ...
2026-10-07T14:38:52.3612303Z Setting up libopenal1:amd64 (1:1.23.1-4build1) ...
2026-10-07T14:38:52.3625722Z Setting up libfreetype-dev:amd64 (2.13.2+dfsg-1ubuntu0.2) ...
2026-10-07T14:38:52.3655486Z Setting up libass9:amd64 (1:0.17.1-2build1) ...
2026-10-07T14:38:52.3670663Z Setting up libswresample4:amd64 (7:6.1.1-3ubuntu5) ...
2026-10-07T14:38:52.3684978Z Setting up va-driver-all:amd64 (2.20.0-2ubuntu0.2) ...
2026-10-07T14:38:52.3698940Z Setting up libavcodec60:amd64 (7:6.1.1-3ubuntu5) ...
2026-10-07T14:38:52.3712291Z Setting up librubberband2:amd64 (3.3.0+dfsg-2build1) ...
2026-10-07T14:38:52.3726437Z Setting up libjack-jackd2-0:amd64 (1.9.21~dfsg-3ubuntu3) ...
2026-10-07T14:38:52.3739901Z Setting up vdpau-driver-all:amd64 (1.5-2build1) ...
2026-10-07T14:38:52.3754487Z Setting up libsord-0-0:amd64 (0.16.16-2build1) ...
2026-10-07T14:38:52.3768813Z Setting up libpostproc57:amd64 (7:6.1.1-3ubuntu5) ...
2026-10-07T14:38:52.3782807Z Setting up libsratom-0-0:amd64 (0.6.16-1build1) ...
2026-10-07T14:38:52.3801202Z Setting up libsndfile1:amd64 (1.2.2-1ubuntu5.24.04.1) ...
2026-10-07T14:38:52.3815781Z Setting up liblilv-0-0:amd64 (0.24.22-1build1) ...
2026-10-07T14:38:52.3831885Z Setting up libswscale7:amd64 (7:6.1.1-3ubuntu5) ...
2026-10-07T14:38:52.3845946Z Setting up libpulse0:amd64 (1:16.1+dfsg1-2ubuntu10.1) ...
2026-10-07T14:38:52.3915327Z Setting up libfontconfig-dev:amd64 (2.15.0-1.1ubuntu2) ...
2026-10-07T14:38:52.3928408Z Setting up libavformat60:amd64 (7:6.1.1-3ubuntu5) ...
2026-10-07T14:38:52.3942910Z Setting up libsphinxbase3t64:amd64 (0.8+5prealpha+1-17build2) ...
2026-10-07T14:38:52.3960293Z Setting up libsdl2-2.0-0:amd64 (2.30.0+dfsg-1ubuntu3.1) ...
2026-10-07T14:38:52.3975341Z Setting up libfontconfig1-dev:amd64 (2.15.0-1.1ubuntu2) ...
2026-10-07T14:38:52.3990201Z Setting up libpocketsphinx3:amd64 (0.8.0+real5prealpha+1-15ubuntu5) ...
2026-10-07T14:38:52.4003927Z Setting up libavfilter9:amd64 (7:6.1.1-3ubuntu5) ...
2026-10-07T14:38:52.4017198Z Setting up libavdevice60:amd64 (7:6.1.1-3ubuntu5) ...
2026-10-07T14:38:52.4034027Z Setting up ffmpeg (7:6.1.1-3ubuntu5) ...
2026-10-07T14:38:52.4053889Z Processing triggers for fontconfig (2.15.0-1.1ubuntu2) ...
2026-10-07T14:38:52.4828868Z Processing triggers for libc-bin (2.39-0ubuntu8.9) ...
2026-10-07T14:38:52.5147471Z Processing triggers for man-db (2.12.0-4build2) ...
2026-10-07T14:38:52.5165816Z Not building database; man-db/auto-update is not 'true'.
2026-10-07T14:38:52.5177974Z Processing triggers for libgdk-pixbuf-2.0-0:amd64 (2.42.10+dfsg-3ubuntu3.3) ...
2026-10-07T14:38:52.5454512Z Processing triggers for install-info (7.1-3build2) ...
2026-10-07T14:38:53.3684807Z 
2026-10-07T14:38:53.3685415Z Running kernel seems to be up-to-date.
2026-10-07T14:38:53.3685706Z 
2026-10-07T14:38:53.3685813Z Restarting services...
2026-10-07T14:38:53.3768248Z  systemctl restart php8.3-fpm.service
2026-10-07T14:38:53.4896808Z 
2026-10-07T14:38:53.4898289Z No containers need to be restarted.
2026-10-07T14:38:53.4898673Z 
2026-10-07T14:38:53.4899064Z No user sessions are running outdated binaries.
2026-10-07T14:38:53.4899502Z 
2026-10-07T14:38:53.4899991Z No VM guests are running outdated hypervisor (qemu) binaries on this host.
2026-10-07T14:38:54.5637103Z NotoSansCJK-Regular.ttc: "Noto Sans CJK JP" "Regular"
2026-10-07T14:38:54.5670731Z ##[group]Run cargo fmt --all --check
2026-10-07T14:38:54.5671082Z [36;1mcargo fmt --all --check[0m
2026-10-07T14:38:54.5737060Z shell: /usr/bin/bash -e {0}
2026-10-07T14:38:54.5737335Z env:
2026-10-07T14:38:54.5737577Z   CARGO_TERM_COLOR: always
2026-10-07T14:38:54.5737847Z   RUSTFLAGS: -D warnings
2026-10-07T14:38:54.5738114Z   CARGO_HOME: /home/runner/.cargo
2026-10-07T14:38:54.5738388Z   CARGO_INCREMENTAL: 0
2026-10-07T14:38:54.5738621Z   CACHE_ON_FAILURE: true
2026-10-07T14:38:54.5738863Z ##[endgroup]
2026-10-07T14:39:00.7995281Z ##[group]Run python3 -m unittest discover -s scripts -p test_gui_test_artifact.py
2026-10-07T14:39:00.7995893Z [36;1mpython3 -m unittest discover -s scripts -p test_gui_test_artifact.py[0m
2026-10-07T14:39:00.8062212Z shell: /usr/bin/bash -e {0}
2026-10-07T14:39:00.8062509Z env:
2026-10-07T14:39:00.8062933Z   CARGO_TERM_COLOR: always
2026-10-07T14:39:00.8063192Z   RUSTFLAGS: -D warnings
2026-10-07T14:39:00.8063459Z   CARGO_HOME: /home/runner/.cargo
2026-10-07T14:39:00.8063731Z   CARGO_INCREMENTAL: 0
2026-10-07T14:39:00.8077472Z   CACHE_ON_FAILURE: true
2026-10-07T14:39:00.8077876Z ##[endgroup]
2026-10-07T14:39:00.9430401Z ..............
2026-10-07T14:39:00.9430953Z ----------------------------------------------------------------------
2026-10-07T14:39:00.9431563Z Ran 14 tests in 0.047s
2026-10-07T14:39:00.9431914Z 
2026-10-07T14:39:00.9432255Z OK
2026-10-07T14:39:00.9615425Z ##[group]Run set -o pipefail
2026-10-07T14:39:00.9615958Z [36;1mset -o pipefail[0m
2026-10-07T14:39:00.9616706Z [36;1mcargo clippy --workspace --all-targets --locked --keep-going 2>&1 | tee /tmp/hydrus-clippy.log[0m
2026-10-07T14:39:00.9684714Z shell: /usr/bin/bash -e {0}
2026-10-07T14:39:00.9684994Z env:
2026-10-07T14:39:00.9685224Z   CARGO_TERM_COLOR: always
2026-10-07T14:39:00.9685720Z   RUSTFLAGS: -D warnings
2026-10-07T14:39:00.9685985Z   CARGO_HOME: /home/runner/.cargo
2026-10-07T14:39:00.9686261Z   CARGO_INCREMENTAL: 0
2026-10-07T14:39:00.9686501Z   CACHE_ON_FAILURE: true
2026-10-07T14:39:00.9686737Z   CARGO_BUILD_JOBS: 1
2026-10-07T14:39:00.9686972Z ##[endgroup]
2026-10-07T14:39:01.2409369Z [1m[92m    Updating[0m crates.io index
2026-10-07T14:39:04.8723281Z [1m[92m   Compiling[0m hydrus-gui-ui v0.1.0 (/home/runner/work/hydrus-mine/hydrus-mine/crates/hydrus-gui-ui)
2026-10-07T14:48:46.1953826Z [1m[92m    Checking[0m hydrus-gui v0.1.0 (/home/runner/work/hydrus-mine/hydrus-mine/crates/hydrus-gui)
2026-10-07T14:49:14.7584496Z [1m[92m    Checking[0m hydrus-cli v0.1.0 (/home/runner/work/hydrus-mine/hydrus-mine/crates/hydrus-cli)
2026-10-07T14:49:30.7091169Z [1m[92m    Checking[0m hydrus-gui-model v0.1.0 (/home/runner/work/hydrus-mine/hydrus-mine/crates/hydrus-gui-model)
2026-10-07T14:49:38.3985543Z [1m[92m    Checking[0m hydrus-store v0.1.0 (/home/runner/work/hydrus-mine/hydrus-mine/crates/hydrus-store)
2026-10-07T14:49:56.4854130Z [1m[92m    Checking[0m xtask v0.1.0 (/home/runner/work/hydrus-mine/hydrus-mine/xtask)
2026-10-07T14:49:56.7690736Z [1m[92m    Checking[0m hydrus-api v0.1.0 (/home/runner/work/hydrus-mine/hydrus-mine/crates/hydrus-api)
2026-10-07T14:50:01.1463520Z [1m[92m    Checking[0m hydrus-downloader-exchange v0.1.0 (/home/runner/work/hydrus-mine/hydrus-mine/crates/hydrus-downloader-exchange)
2026-10-07T14:50:02.6004976Z [1m[92m    Checking[0m hydrus-download v0.1.0 (/home/runner/work/hydrus-mine/hydrus-mine/crates/hydrus-download)
2026-10-07T14:50:06.1871810Z [1m[92m    Checking[0m hydrus-duplicates v0.1.0 (/home/runner/work/hydrus-mine/hydrus-mine/crates/hydrus-duplicates)
2026-10-07T14:50:06.4519769Z [1m[92m    Checking[0m hydrus-net v0.1.0 (/home/runner/work/hydrus-mine/hydrus-mine/crates/hydrus-net)
2026-10-07T14:50:08.5102853Z [1m[92m    Checking[0m hydrus-import v0.1.0 (/home/runner/work/hydrus-mine/hydrus-mine/crates/hydrus-import)
2026-10-07T14:50:09.5053080Z [1m[92m    Checking[0m hydrus-search v0.1.0 (/home/runner/work/hydrus-mine/hydrus-mine/crates/hydrus-search)
2026-10-07T14:50:10.1006772Z [1m[92m    Checking[0m hydrus-core v0.1.0 (/home/runner/work/hydrus-mine/hydrus-mine/crates/hydrus-core)
2026-10-07T14:50:10.1497194Z [1m[92m    Checking[0m hydrus-legacy v0.1.0 (/home/runner/work/hydrus-mine/hydrus-mine/crates/hydrus-legacy)
2026-10-07T14:50:21.7941386Z [1m[92m    Checking[0m hydrus-media v0.1.0 (/home/runner/work/hydrus-mine/hydrus-mine/crates/hydrus-media)
2026-10-07T14:50:25.0629933Z [1m[92m    Checking[0m hydrus-testkit v0.1.0 (/home/runner/work/hydrus-mine/hydrus-mine/crates/hydrus-testkit)
2026-10-07T14:50:25.1156862Z [1m[92m    Checking[0m hydrus-parse v0.1.0 (/home/runner/work/hydrus-mine/hydrus-mine/crates/hydrus-parse)
2026-10-07T14:50:26.5431425Z [1m[92m    Finished[0m `dev` profile [unoptimized + debuginfo] target(s) in 11m 25s
2026-10-07T14:50:26.6685819Z ##[group]Run actions/upload-artifact@v4
2026-10-07T14:50:26.6686308Z with:
2026-10-07T14:50:26.6686670Z   name: clippy-diagnostics-37638222068-1
2026-10-07T14:50:26.6687156Z   path: /tmp/hydrus-clippy.log
2026-10-07T14:50:26.6687593Z   if-no-files-found: ignore
2026-10-07T14:50:26.6687988Z   retention-days: 3
2026-10-07T14:50:26.6688341Z   compression-level: 6
2026-10-07T14:50:26.6688713Z   overwrite: false
2026-10-07T14:50:26.6689070Z   include-hidden-files: false
2026-10-07T14:50:26.6689462Z env:
2026-10-07T14:50:26.6689772Z   CARGO_TERM_COLOR: always
2026-10-07T14:50:26.6690160Z   RUSTFLAGS: -D warnings
2026-10-07T14:50:26.6690555Z   CARGO_HOME: /home/runner/.cargo
2026-10-07T14:50:26.6690972Z   CARGO_INCREMENTAL: 0
2026-10-07T14:50:26.6691331Z   CACHE_ON_FAILURE: true
2026-10-07T14:50:26.6691696Z ##[endgroup]
2026-10-07T14:50:26.9292388Z (node:4903) [DEP0040] DeprecationWarning: The `punycode` module is deprecated. Please use a userland alternative instead.
2026-10-07T14:50:26.9293435Z (Use `node --trace-deprecation ...` to show where the warning was created)
2026-10-07T14:50:26.9342309Z With the provided path, there will be 1 file uploaded
2026-10-07T14:50:26.9347883Z Artifact name is valid!
2026-10-07T14:50:26.9348576Z Root directory input is valid!
2026-10-07T14:50:27.2584298Z Beginning upload of artifact content to blob storage
2026-10-07T14:50:27.2828905Z (node:4903) [DEP0169] DeprecationWarning: `url.parse()` behavior is not standardized and prone to errors that have security implications. Use the WHATWG URL API instead. CVEs are not issued for `url.parse()` vulnerabilities.
2026-10-07T14:50:27.4771132Z Uploaded bytes 480
2026-10-07T14:50:27.5346385Z Finished uploading artifact content to blob storage!
2026-10-07T14:50:27.5347379Z SHA256 digest of uploaded artifact zip is 8a2bfaba3d8c4a0d42e69acd7e739e3196648a18b8284da75f6ea3ae967a516e
2026-10-07T14:50:27.5353760Z Finalizing artifact upload
2026-10-07T14:50:27.8033532Z Artifact clippy-diagnostics-37638222068-1.zip successfully finalized. Artifact ID 11491596725
2026-10-07T14:50:27.8034859Z Artifact clippy-diagnostics-37638222068-1 has been successfully uploaded! Final size is 480 bytes. Artifact ID is 11491596725
2026-10-07T14:50:27.8040812Z Artifact download URL: https://github.com/jkendall327/hydrus-mine/actions/runs/37638222068/artifacts/11491596725
2026-10-07T14:50:27.8203539Z ##[group]Run set -o pipefail
2026-10-07T14:50:27.8203896Z [36;1mset -o pipefail[0m
2026-10-07T14:50:27.8204166Z [36;1mmkdir -p target/tmp[0m
2026-10-07T14:50:27.8204601Z [36;1mcargo test --workspace --locked --no-fail-fast 2>&1 | tee /tmp/hydrus-tests.log[0m
2026-10-07T14:50:27.8327857Z shell: /usr/bin/bash -e {0}
2026-10-07T14:50:27.8328153Z env:
2026-10-07T14:50:27.8328383Z   CARGO_TERM_COLOR: always
2026-10-07T14:50:27.8328657Z   RUSTFLAGS: -D warnings
2026-10-07T14:50:27.8328913Z   CARGO_HOME: /home/runner/.cargo
2026-10-07T14:50:27.8329190Z   CARGO_INCREMENTAL: 0
2026-10-07T14:50:27.8329427Z   CACHE_ON_FAILURE: true
2026-10-07T14:50:27.8329673Z   CARGO_BUILD_JOBS: 1
2026-10-07T14:50:27.8330085Z   HYDRUS_INTERCHANGE_SCREENSHOTS: /home/runner/work/hydrus-mine/hydrus-mine/target/tmp
2026-10-07T14:50:27.8330531Z ##[endgroup]
2026-10-07T14:50:28.7741672Z [1m[92m   Compiling[0m hydrus-gui-ui v0.1.0 (/home/runner/work/hydrus-mine/hydrus-mine/crates/hydrus-gui-ui)
2026-10-07T14:55:33.1508892Z [1m[92m   Compiling[0m hydrus-gui v0.1.0 (/home/runner/work/hydrus-mine/hydrus-mine/crates/hydrus-gui)
2026-10-07T14:56:08.4048742Z [1m[92m   Compiling[0m hydrus-cli v0.1.0 (/home/runner/work/hydrus-mine/hydrus-mine/crates/hydrus-cli)
2026-10-07T14:57:40.5795896Z [1m[92m   Compiling[0m hydrus-store v0.1.0 (/home/runner/work/hydrus-mine/hydrus-mine/crates/hydrus-store)
2026-10-07T14:58:06.5982567Z [1m[92m   Compiling[0m hydrus-gui-model v0.1.0 (/home/runner/work/hydrus-mine/hydrus-mine/crates/hydrus-gui-model)
2026-10-07T14:58:33.1067624Z [1m[92m   Compiling[0m xtask v0.1.0 (/home/runner/work/hydrus-mine/hydrus-mine/xtask)
2026-10-07T14:58:33.2686659Z [1m[92m   Compiling[0m hydrus-api v0.1.0 (/home/runner/work/hydrus-mine/hydrus-mine/crates/hydrus-api)
2026-10-07T14:59:01.8246886Z [1m[92m   Compiling[0m hydrus-downloader-exchange v0.1.0 (/home/runner/work/hydrus-mine/hydrus-mine/crates/hydrus-downloader-exchange)
2026-10-07T14:59:02.2033996Z [1m[92m   Compiling[0m hydrus-download v0.1.0 (/home/runner/work/hydrus-mine/hydrus-mine/crates/hydrus-download)
2026-10-07T14:59:24.1553881Z [1m[92m   Compiling[0m hydrus-duplicates v0.1.0 (/home/runner/work/hydrus-mine/hydrus-mine/crates/hydrus-duplicates)
2026-10-07T14:59:25.9100814Z [1m[92m   Compiling[0m hydrus-net v0.1.0 (/home/runner/work/hydrus-mine/hydrus-mine/crates/hydrus-net)
2026-10-07T14:59:35.4929010Z [1m[92m   Compiling[0m hydrus-import v0.1.0 (/home/runner/work/hydrus-mine/hydrus-mine/crates/hydrus-import)
2026-10-07T14:59:40.8815656Z [1m[92m   Compiling[0m hydrus-search v0.1.0 (/home/runner/work/hydrus-mine/hydrus-mine/crates/hydrus-search)
2026-10-07T14:59:43.9964205Z [1m[92m   Compiling[0m hydrus-core v0.1.0 (/home/runner/work/hydrus-mine/hydrus-mine/crates/hydrus-core)
2026-10-07T14:59:44.4802140Z [1m[92m   Compiling[0m hydrus-legacy v0.1.0 (/home/runner/work/hydrus-mine/hydrus-mine/crates/hydrus-legacy)
2026-10-07T15:00:13.1717392Z [1m[92m   Compiling[0m hydrus-media v0.1.0 (/home/runner/work/hydrus-mine/hydrus-mine/crates/hydrus-media)
2026-10-07T15:00:52.7692007Z [1m[92m   Compiling[0m hydrus-testkit v0.1.0 (/home/runner/work/hydrus-mine/hydrus-mine/crates/hydrus-testkit)
2026-10-07T15:00:53.1118609Z [1m[92m   Compiling[0m hydrus-parse v0.1.0 (/home/runner/work/hydrus-mine/hydrus-mine/crates/hydrus-parse)
2026-10-07T15:00:54.2849187Z [1m[92m    Finished[0m `test` profile [unoptimized + debuginfo] target(s) in 10m 26s
2026-10-07T15:00:55.0923549Z [1m[92m     Running[0m unittests src/lib.rs (target/debug/deps/hydrus_api-6491b1f57d45a925)
2026-10-07T15:00:55.0934703Z 
2026-10-07T15:00:55.0935097Z running 3 tests
2026-10-07T15:00:55.0970154Z test params::tests::bad_query_values_are_400s ... ok
2026-10-07T15:00:55.0974126Z test params::tests::json_bodies_convert_byte_params ... ok
2026-10-07T15:00:55.0976242Z test params::tests::query_values_are_typed_by_name ... ok
2026-10-07T15:00:55.0976600Z 
2026-10-07T15:00:55.0978812Z test result: ok. 3 passed; 0 failed; 0 ignored; 0 measured; 0 filtered out; finished in 0.00s
2026-10-07T15:00:55.0979419Z 
2026-10-07T15:00:55.0981575Z [1m[92m     Running[0m tests/activity.rs (target/debug/deps/activity-2f74d8120c007233)
2026-10-07T15:00:55.0982280Z 
2026-10-07T15:00:55.0983965Z running 1 test
2026-10-07T15:00:55.1597575Z test rejected_and_read_requests_publish_activity_while_locked_without_waiting_on_sqlite ... ok
2026-10-07T15:00:55.1598322Z 
2026-10-07T15:00:55.1600446Z test result: ok. 1 passed; 0 failed; 0 ignored; 0 measured; 0 filtered out; finished in 0.06s
2026-10-07T15:00:55.1601168Z 
2026-10-07T15:00:55.1610746Z [1m[92m     Running[0m tests/add_url.rs (target/debug/deps/add_url-800f2cc699b68c2e)
2026-10-07T15:00:55.1648476Z 
2026-10-07T15:00:55.1650507Z running 2 tests
2026-10-07T15:00:55.3479717Z test watchable_urls_start_watchers ... ok
2026-10-07T15:00:55.3514759Z test urls_go_to_named_queues_with_their_tags ... ok
2026-10-07T15:00:55.3517290Z 
2026-10-07T15:00:55.3518135Z test result: ok. 2 passed; 0 failed; 0 ignored; 0 measured; 0 filtered out; finished in 0.19s
2026-10-07T15:00:55.3520780Z 
2026-10-07T15:00:55.3535349Z [1m[92m     Running[0m tests/api_keys.rs (target/debug/deps/api_keys-c8c57f21b27246c2)
2026-10-07T15:00:55.3576996Z 
2026-10-07T15:00:55.3577543Z running 3 tests
2026-10-07T15:00:55.4374200Z test a_requested_key_works_once_accepted ... ok
2026-10-07T15:00:55.4384414Z test edits_and_revocation_apply_to_existing_keys_and_sessions_immediately ... ok
2026-10-07T15:00:55.4394470Z test permission_revision_check_does_not_block_database_unlock ... ok
2026-10-07T15:00:55.4395131Z 
2026-10-07T15:00:55.4396828Z test result: ok. 3 passed; 0 failed; 0 ignored; 0 measured; 0 filtered out; finished in 0.08s
2026-10-07T15:00:55.4398935Z 
2026-10-07T15:00:55.4412974Z [1m[92m     Running[0m tests/api_update_toasts.rs (target/debug/deps/api_update_toasts-1d9eefaa53d2faf3)
2026-10-07T15:00:55.4453357Z 
2026-10-07T15:00:55.4454584Z running 1 test
2026-10-07T15:00:55.5287581Z test real_cookie_header_requests_replay_qt_jobs_noops_errors_and_backend_values ... ok
2026-10-07T15:00:55.5288344Z 
2026-10-07T15:00:55.5290567Z test result: ok. 1 passed; 0 failed; 0 ignored; 0 measured; 0 filtered out; finished in 0.08s
2026-10-07T15:00:55.5291188Z 
2026-10-07T15:00:55.5301580Z [1m[92m     Running[0m tests/client_options.rs (target/debug/deps/client_options-c69f4b43ba8bb0f1)
2026-10-07T15:00:55.5334216Z 
2026-10-07T15:00:55.5336443Z running 1 test
2026-10-07T15:00:55.5803088Z test a_new_store_reports_a_new_clients_options ... ok
2026-10-07T15:00:55.5803491Z 
2026-10-07T15:00:55.5803880Z test result: ok. 1 passed; 0 failed; 0 ignored; 0 measured; 0 filtered out; finished in 0.05s
2026-10-07T15:00:55.5805933Z 
2026-10-07T15:00:55.5813768Z [1m[92m     Running[0m tests/conformance.rs (target/debug/deps/conformance-a2b837da22ab61d4)
2026-10-07T15:00:55.5849436Z 
2026-10-07T15:00:55.5849659Z running 1 test
2026-10-07T15:01:03.1838613Z test replay_recorded_scenarios ... ok
2026-10-07T15:01:03.1840939Z 
2026-10-07T15:01:03.1841533Z test result: ok. 1 passed; 0 failed; 0 ignored; 0 measured; 0 filtered out; finished in 7.60s
2026-10-07T15:01:03.1843775Z 
2026-10-07T15:01:03.1863780Z [1m[92m     Running[0m tests/delete_lock.rs (target/debug/deps/delete_lock-2462647e8c2c977b)
2026-10-07T15:01:03.1900638Z 
2026-10-07T15:01:03.1900942Z running 1 test
2026-10-07T15:01:05.7559673Z test the_delete_lock_matches_the_reference ... ok
2026-10-07T15:01:05.7560201Z 
2026-10-07T15:01:05.7562377Z test result: ok. 1 passed; 0 failed; 0 ignored; 0 measured; 0 filtered out; finished in 2.57s
2026-10-07T15:01:05.7563306Z 
2026-10-07T15:01:05.7574177Z [1m[92m     Running[0m tests/duplicate_merges.rs (target/debug/deps/duplicate_merges-4f5fdee61013e70b)
2026-10-07T15:01:05.7609524Z 
2026-10-07T15:01:05.7609975Z running 1 test
2026-10-07T15:01:07.4690318Z test merges_match_the_reference_database ... ok
2026-10-07T15:01:07.4690886Z 
2026-10-07T15:01:07.4693217Z test result: ok. 1 passed; 0 failed; 0 ignored; 0 measured; 0 filtered out; finished in 1.71s
2026-10-07T15:01:07.4693977Z 
2026-10-07T15:01:07.4711641Z [1m[92m     Running[0m tests/oracle_downloads.rs (target/debug/deps/oracle_downloads-786afc00e03b0f69)
2026-10-07T15:01:07.4744927Z 
2026-10-07T15:01:07.4746883Z running 1 test
2026-10-07T15:01:46.1262385Z test the_downloader_does_what_the_reference_did ... ok
2026-10-07T15:01:46.1266846Z 
2026-10-07T15:01:46.1267329Z test result: ok. 1 passed; 0 failed; 0 ignored; 0 measured; 0 filtered out; finished in 38.65s
2026-10-07T15:01:46.1267978Z 
2026-10-07T15:01:46.1289838Z [1m[92m     Running[0m tests/pages.rs (target/debug/deps/pages-7cfa37476cea956a)
2026-10-07T15:01:46.1326161Z 
2026-10-07T15:01:46.1328315Z running 7 tests
2026-10-07T15:01:46.4078357Z test a_store_without_pages_has_a_top_notebook_that_keeps_its_key ... ok
2026-10-07T15:01:46.4174232Z test a_url_pages_importer_is_described_as_the_references ... ok
2026-10-07T15:01:46.4203415Z test a_pages_selection_is_reported ... ok
2026-10-07T15:01:46.4233774Z test gallery_and_watcher_pages_importers_are_described_as_the_references ... ok
2026-10-07T15:01:46.6024122Z test what_is_asked_waits_for_an_open_client ... ok
2026-10-07T15:01:46.6128046Z test media_viewers_are_the_open_clients ... ok
2026-10-07T15:01:46.6163586Z test the_selected_pages_lead_to_the_page_shown ... ok
2026-10-07T15:01:46.6164077Z 
2026-10-07T15:01:46.6166412Z test result: ok. 7 passed; 0 failed; 0 ignored; 0 measured; 0 filtered out; finished in 0.48s
2026-10-07T15:01:46.6167136Z 
2026-10-07T15:01:46.6190699Z [1m[92m     Running[0m tests/popup_actions.rs (target/debug/deps/popup_actions-bddb1ddce4b64b4e)
2026-10-07T15:01:46.6223985Z 
2026-10-07T15:01:46.6225768Z running 1 test
2026-10-07T15:01:46.6757384Z test callable_dispatch_requires_permission_and_a_current_producer_and_reports_its_label ... ok
2026-10-07T15:01:46.6758244Z 
2026-10-07T15:01:46.6760308Z test result: ok. 1 passed; 0 failed; 0 ignored; 0 measured; 0 filtered out; finished in 0.05s
2026-10-07T15:01:46.6760887Z 
2026-10-07T15:01:46.6769683Z [1m[92m     Running[0m tests/rating_svg.rs (target/debug/deps/rating_svg-1a12785f54287bc2)
2026-10-07T15:01:46.6803769Z 
2026-10-07T15:01:46.6805810Z running 1 test
2026-10-07T15:01:46.8052825Z test rating_svgs_are_served_as_the_reference_serves_them ... ok
2026-10-07T15:01:46.8055173Z 
2026-10-07T15:01:46.8055569Z test result: ok. 1 passed; 0 failed; 0 ignored; 0 measured; 0 filtered out; finished in 0.12s
2026-10-07T15:01:46.8057576Z 
2026-10-07T15:01:46.8070558Z [1m[92m     Running[0m tests/render.rs (target/debug/deps/render-8d1e46a3c050b8c1)
2026-10-07T15:01:46.8104694Z 
2026-10-07T15:01:46.8104989Z running 2 tests
2026-10-07T15:01:47.1201859Z test ugoiras_render_as_the_reference_renders_them ... ok
2026-10-07T15:01:47.1893145Z test renders_match_the_reference ... ok
2026-10-07T15:01:47.1895822Z 
2026-10-07T15:01:47.1896247Z test result: ok. 2 passed; 0 failed; 0 ignored; 0 measured; 0 filtered out; finished in 0.38s
2026-10-07T15:01:47.1896668Z 
2026-10-07T15:01:47.1918673Z [1m[92m     Running[0m tests/url_class_search.rs (target/debug/deps/url_class_search-a64e57bd728760e3)
2026-10-07T15:01:47.1954165Z 
2026-10-07T15:01:47.1956573Z running 1 test
2026-10-07T15:01:47.3975585Z test url_class_searches_match_the_reference ... ok
2026-10-07T15:01:47.3978041Z 
2026-10-07T15:01:47.3978515Z test result: ok. 1 passed; 0 failed; 0 ignored; 0 measured; 0 filtered out; finished in 0.20s
2026-10-07T15:01:47.3981213Z 
2026-10-07T15:01:47.3999705Z [1m[92m     Running[0m unittests src/main.rs (target/debug/deps/hydrus-a98ffeefb679781a)
2026-10-07T15:01:47.4017350Z 
2026-10-07T15:01:47.4017714Z running 7 tests
2026-10-07T15:01:47.4028882Z test client_api_listener::tests::cli_overrides_and_unsupported_https_are_explicit ... ok
2026-10-07T15:01:47.4886125Z test physical_deletes::tests::dropping_owner_wakes_idle_task_and_releases_store_without_restart ... ok
2026-10-07T15:01:47.4888927Z test tests::one_process_at_a_time_does_what_serve_does ... ok
2026-10-07T15:01:47.4900132Z test folder_wait::tests::manager_finishing_between_worker_and_wait_cannot_lose_its_wakeup ... ok
2026-10-07T15:01:47.5138369Z test trash_maintenance::tests::dropping_owner_wakes_idle_task_and_releases_store_without_restart ... ok
2026-10-07T15:01:47.6907651Z test folder_wait::tests::an_already_seen_active_request_does_not_spin_the_scheduler ... ok
2026-10-07T15:01:51.4957141Z test folder_wait::tests::manager_acquisition_and_release_interrupt_the_real_scheduler_rest ... ok
2026-10-07T15:01:51.4959802Z 
2026-10-07T15:01:51.4960323Z test result: ok. 7 passed; 0 failed; 0 ignored; 0 measured; 0 filtered out; finished in 4.09s
2026-10-07T15:01:51.4962517Z 
2026-10-07T15:01:51.4974472Z [1m[92m     Running[0m tests/serve.rs (target/debug/deps/serve-76e300e8fadb762b)
2026-10-07T15:01:51.4994800Z 
2026-10-07T15:01:51.5003309Z running 10 tests
2026-10-07T15:01:52.3499087Z test attached_it_stops_when_its_input_closes ... ok
2026-10-07T15:01:53.8648844Z test a_client_api_that_cant_listen_stops_nothing_else ... ok
2026-10-07T15:01:53.9121604Z test a_download_is_published_as_it_goes_and_can_be_cancelled ... ok
2026-10-07T15:01:55.1738506Z test service_edits_reach_the_running_client_api_without_a_restart ... ok
2026-10-07T15:01:55.2695043Z test queues_another_process_nudges_are_worked_on_at_once ... ok
2026-10-07T15:01:57.3957128Z test unattached_it_runs_on_without_input ... ok
2026-10-07T15:01:57.4060918Z test changed_options_apply_without_a_restart ... ok
2026-10-07T15:01:58.6328194Z test client_api_listener_reconfigures_recovers_and_preserves_daemon_state ... ok
2026-10-07T15:01:59.6540958Z test urls_typed_into_a_page_are_added_and_a_closed_pages_queue_waits ... ok
2026-10-07T15:01:59.6802240Z test with_no_port_there_is_no_client_api ... ok
2026-10-07T15:01:59.6804875Z 
2026-10-07T15:01:59.6805428Z test result: ok. 10 passed; 0 failed; 0 ignored; 0 measured; 0 filtered out; finished in 8.18s
2026-10-07T15:01:59.6807716Z 
2026-10-07T15:01:59.6828100Z [1m[92m     Running[0m unittests src/lib.rs (target/debug/deps/hydrus_core-f9d70ba98334c7ca)
2026-10-07T15:01:59.6849916Z 
2026-10-07T15:01:59.6850227Z running 89 tests
2026-10-07T15:01:59.6856162Z test bandwidth::tests::a_one_per_second_rule_waits_for_the_next_second ... ok
2026-10-07T15:01:59.6860429Z test bandwidth::tests::a_daily_limit_holds_until_usage_ages_out ... ok
2026-10-07T15:01:59.6862946Z test bandwidth::tests::calendar_buckets_are_utc ... ok
2026-10-07T15:01:59.6865473Z test bandwidth::tests::gallery_tokens_space_out_each_site ... ok
2026-10-07T15:01:59.6867797Z test bandwidth::tests::specific_rules_replace_the_default ... ok
2026-10-07T15:01:59.6869914Z test casefold::tests::folds_as_python_does ... ok
2026-10-07T15:01:59.6870438Z test casefold::tests::the_table_is_sorted ... ok
2026-10-07T15:01:59.6871846Z test hash::tests::hex_round_trip ... ok
2026-10-07T15:01:59.6873815Z test hash::tests::perceptual_distance ... ok
2026-10-07T15:01:59.6883822Z test hash::tests::rejects_bad_hashes ... ok
2026-10-07T15:01:59.6886362Z test import_options::tests::layers_most_specific_first ... ok
2026-10-07T15:01:59.6889943Z test import_options::tests::presentation_shows_files_as_the_reference_s_does ... ok
2026-10-07T15:01:59.6892819Z test import_options::tests::vetoes_like_the_reference ... ok
2026-10-07T15:01:59.6895192Z test lock::tests::only_the_password_opens_a_lock ... ok
2026-10-07T15:01:59.6898980Z test media_viewer::tests::mpv_video_defaults_fit_the_canvas_and_keep_regular_zoom_steps ... ok
2026-10-07T15:01:59.6900011Z test mime::tests::serde_uses_integer_codes ... ok
2026-10-07T15:01:59.6902943Z test content::tests::timestamp_codes_match_reference_implementation ... ok
2026-10-07T15:01:59.6924776Z test content::tests::canvas_codes_match_reference_implementation ... ok
2026-10-07T15:01:59.6929216Z test numbers::tests::groups_thousands ... ok
2026-10-07T15:01:59.6931574Z test numbers::tests::percentages ... ok
2026-10-07T15:01:59.6975063Z test mime::tests::table_matches_reference_implementation ... ok
2026-10-07T15:01:59.6977493Z test pages::tests::a_session_round_trips_through_json ... ok
2026-10-07T15:01:59.6992237Z test pages::tests::names_for_menus_have_their_counts_and_elide_in_the_middle ... ok
2026-10-07T15:01:59.6996224Z test numbers::tests::sizes_read_like_the_reference ... ok
2026-10-07T15:01:59.6999120Z test pages::tests::pages_have_the_references_page_types ... ok
2026-10-07T15:01:59.7002069Z test pybytes::tests::base64_like_python ... ok
2026-10-07T15:01:59.7002979Z test pybytes::tests::hex_like_python ... ok
2026-10-07T15:01:59.7013405Z test pyhtml::tests::unescapes_like_python ... ok
2026-10-07T15:01:59.7019513Z test pyjson::tests::parses_what_python_accepts ... ok
2026-10-07T15:01:59.7028536Z test pyjson::tests::python_float_repr ... ok
2026-10-07T15:01:59.7033113Z test pyjson::tests::python_string_escapes ... ok
2026-10-07T15:01:59.7038317Z test pyjson::tests::rejects_what_python_rejects ... ok
2026-10-07T15:01:59.7055599Z test pyjson::tests::round_trips_reference_style_documents ... ok
2026-10-07T15:01:59.7085054Z test pyjson::tests::floats_round_trip_through_python_repr ... ok
2026-10-07T15:01:59.7087825Z test search::context::tests::all_known_files_absorbs_other_domains ... ok
2026-10-07T15:01:59.7092016Z test search::context::tests::defaults_match_the_client_api ... ok
2026-10-07T15:01:59.7096128Z test search::number::tests::number_tests_render_like_the_reference ... ok
2026-10-07T15:01:59.7099087Z test search::recent::mixed_tests::old_system_history_decodes_and_simple_edits_keep_newest_five_per_type ... ok
2026-10-07T15:01:59.7102135Z test search::recent::tests::pushed_predicates_are_kept_as_the_reference_keeps_them ... ok
2026-10-07T15:01:59.7106760Z test search::recent::tests::widths_and_heights_are_types_13_and_14 ... ok
2026-10-07T15:01:59.7112424Z test search::time::tests::renders_deltas ... ok
2026-10-07T15:01:59.7120178Z test search::time::tests::validates_dates ... ok
2026-10-07T15:01:59.7129274Z test service::tests::builtin_keys_render_readably ... ok
2026-10-07T15:01:59.7137009Z test content::tests::codes_match_reference_implementation ... ok
2026-10-07T15:01:59.7143332Z test sort::tests::matches_recorded_clean_tags_order ... ok
2026-10-07T15:01:59.7147701Z test sort::tests::numbers_sort_numerically_and_before_text ... ok
2026-10-07T15:01:59.7155200Z test sort::tests::unicode_decimal_chunks_precede_letters_but_keep_ascii_split_boundaries ... ok
2026-10-07T15:01:59.7167425Z test subscriptions::tests::checks_follow_file_velocity ... ok
2026-10-07T15:01:59.7193307Z test service::tests::table_matches_reference_implementation ... ok
2026-10-07T15:01:59.7210869Z test pyjson::tests::strings_round_trip ... ok
2026-10-07T15:01:59.7219094Z test tag::tests::combine_round_trips ... ok
2026-10-07T15:01:59.7230126Z test tag_filter::tests::specific_rules_win ... ok
2026-10-07T15:01:59.7237829Z test tag_presentation::tests::decimals_are_python_s ... ok
2026-10-07T15:01:59.7245964Z test tag_presentation::tests::rows_take_their_namespace_s_colour ... ok
2026-10-07T15:01:59.7251782Z test tag_sort::tests::counts_sort_with_a_to_z_among_equals ... ok
2026-10-07T15:01:59.7254399Z test tag_sort::tests::the_default_groups_by_the_users_namespaces ... ok
2026-10-07T15:01:59.7263332Z test tag_summary::tests::the_defaults_summarise_as_their_examples_say ... ok
2026-10-07T15:01:59.7272014Z test tag::tests::cleaning_matches_reference_implementation ... ok
2026-10-07T15:01:59.7281770Z test thumbnail::tests::matches_recorded_thumbnail_sizes ... ok
2026-10-07T15:01:59.7289560Z test time::tests::conversions ... ok
2026-10-07T15:01:59.7297506Z test time::tests::durations_as_the_reference_words_them ... ok
2026-10-07T15:01:59.7305891Z test time::tests::scanbar_timestamps_as_the_reference_writes_them ... ok
2026-10-07T15:01:59.7319969Z test time::tests::spans_as_the_reference_words_them ... ok
2026-10-07T15:01:59.7327902Z test test_fixtures::versions_match_reference_implementation ... ok
2026-10-07T15:01:59.7345492Z test url::class::tests::url_types_serialise_as_codes ... ok
2026-10-07T15:01:59.7352284Z test url::functions::tests::components_encode_without_double_encoding ... ok
2026-10-07T15:01:59.7359184Z test url::class::tests::classes_match_and_normalise ... ok
2026-10-07T15:01:59.7367804Z test url::functions::tests::urls_encode_like_the_reference ... ok
2026-10-07T15:01:59.7375192Z test url::functions::tests::queries_round_trip_in_order ... ok
2026-10-07T15:01:59.7384110Z test url::gug::tests::terms_are_encoded_for_where_they_go ... ok
2026-10-07T15:01:59.7391278Z test tag::tests::cleaning_is_idempotent ... ok
2026-10-07T15:01:59.7400078Z test url::psl::tests::punycode_decodes ... ok
2026-10-07T15:01:59.7404679Z test url::pyurl::tests::joins_like_python ... ok
2026-10-07T15:01:59.7408021Z test url::pyurl::tests::quotes_like_python ... ok
2026-10-07T15:01:59.7412933Z test url::pyurl::tests::splits_like_python ... ok
2026-10-07T15:01:59.7424781Z test url::pyurl::urljoin_tests::joins_like_python ... ok
2026-10-07T15:01:59.7432869Z test url::registry::tests::known_urls_are_classified ... ok
2026-10-07T15:01:59.7441927Z test url::registry::tests::unknown_urls_are_just_encoded ... ok
2026-10-07T15:01:59.7446597Z test url::string_dates::tests::date_conversions_match_direct_reference_execution ... ok
2026-10-07T15:01:59.7453954Z test url::string_dates::tests::local_encode_uses_current_offset_and_naive_timezone_fields ... ok
2026-10-07T15:01:59.7459725Z test url::string_dates::tests::local_names_and_dst_boundaries_match_recorded_reference_platform ... ok
2026-10-07T15:01:59.7462490Z test url::strings::tests::converts_like_the_reference ... ok
2026-10-07T15:01:59.7482043Z test url::strings::tests::matches_like_the_reference ... ok
2026-10-07T15:01:59.7487122Z test url::strings::tests::processes_pipelines ... ok
2026-10-07T15:01:59.7491333Z test watchers::tests::a_new_watcher_checks_at_once_and_a_quiet_thread_dies ... ok
2026-10-07T15:01:59.7494113Z test windows::tests::a_saved_frame_keeps_what_it_remembers ... ok
2026-10-07T15:01:59.7496720Z test url::functions::tests::www_is_removed_from_subdomains_only ... ok
2026-10-07T15:01:59.7559073Z test notes::tests::merges_like_the_reference ... ok
2026-10-07T15:01:59.7862909Z test url::psl::tests::matches_the_reference ... ok
2026-10-07T15:01:59.7863376Z 
2026-10-07T15:01:59.7865137Z test result: ok. 89 passed; 0 failed; 0 ignored; 0 measured; 0 filtered out; finished in 0.10s
2026-10-07T15:01:59.7865574Z 
2026-10-07T15:01:59.7870429Z [1m[92m     Running[0m tests/bandwidth.rs (target/debug/deps/bandwidth-3c01215f483d22ff)
2026-10-07T15:01:59.7882563Z 
2026-10-07T15:01:59.7883047Z running 2 tests
2026-10-07T15:01:59.9156215Z test the_manager_starts_requests_as_the_reference_does ... ok
2026-10-07T15:01:59.9168164Z test trackers_count_and_rules_judge_as_the_reference_does ... ok
2026-10-07T15:01:59.9168601Z 
2026-10-07T15:01:59.9170668Z test result: ok. 2 passed; 0 failed; 0 ignored; 0 measured; 0 filtered out; finished in 0.13s
2026-10-07T15:01:59.9171088Z 
2026-10-07T15:01:59.9188042Z [1m[92m     Running[0m tests/string_steps.rs (target/debug/deps/string_steps-dc4bf33c1d3cd7c7)
2026-10-07T15:01:59.9201049Z 
2026-10-07T15:01:59.9205089Z running 1 test
2026-10-07T15:01:59.9211471Z test a_tag_filter_step_stored_without_its_example_still_loads ... ok
2026-10-07T15:01:59.9213805Z 
2026-10-07T15:01:59.9215688Z test result: ok. 1 passed; 0 failed; 0 ignored; 0 measured; 0 filtered out; finished in 0.00s
2026-10-07T15:01:59.9216242Z 
2026-10-07T15:01:59.9218648Z [1m[92m     Running[0m tests/tab_names.rs (target/debug/deps/tab_names-756fb4aab8a976f6)
2026-10-07T15:01:59.9221518Z 
2026-10-07T15:01:59.9221701Z running 2 tests
2026-10-07T15:01:59.9608564Z test a_new_clients_settings_are_the_references ... ok
2026-10-07T15:01:59.9674221Z test tabs_are_named_as_the_reference_names_them ... ok
2026-10-07T15:01:59.9676418Z 
2026-10-07T15:01:59.9676967Z test result: ok. 2 passed; 0 failed; 0 ignored; 0 measured; 0 filtered out; finished in 0.05s
2026-10-07T15:01:59.9679388Z 
2026-10-07T15:01:59.9686391Z [1m[92m     Running[0m tests/tag_rendering.rs (target/debug/deps/tag_rendering-0820c890978258d1)
2026-10-07T15:01:59.9699116Z 
2026-10-07T15:01:59.9699370Z running 1 test
2026-10-07T15:01:59.9708383Z test tags_render_as_the_reference_renders_them ... ok
2026-10-07T15:01:59.9710414Z 
2026-10-07T15:01:59.9710901Z test result: ok. 1 passed; 0 failed; 0 ignored; 0 measured; 0 filtered out; finished in 0.00s
2026-10-07T15:01:59.9713190Z 
2026-10-07T15:01:59.9714152Z [1m[92m     Running[0m tests/watcher_checker.rs (target/debug/deps/watcher_checker-d834b887e760c8d7)
2026-10-07T15:01:59.9722533Z 
2026-10-07T15:01:59.9723622Z running 2 tests
2026-10-07T15:01:59.9726585Z test the_same_checker_options_change_nothing ... ok
2026-10-07T15:01:59.9733435Z test checker_options_set_on_a_watcher_act_as_the_references ... ok
2026-10-07T15:01:59.9733874Z 
2026-10-07T15:01:59.9735473Z test result: ok. 2 passed; 0 failed; 0 ignored; 0 measured; 0 filtered out; finished in 0.00s
2026-10-07T15:01:59.9736226Z 
2026-10-07T15:01:59.9738375Z [1m[92m     Running[0m unittests src/lib.rs (target/debug/deps/hydrus_download-719e6038deb07182)
2026-10-07T15:01:59.9756937Z 
2026-10-07T15:01:59.9758846Z running 16 tests
2026-10-07T15:01:59.9765136Z test folders::tests::integers_parse_as_python_parses_them ... ok
2026-10-07T15:01:59.9767447Z test export::tests::paths_normalise_as_python_normalises_them ... ok
2026-10-07T15:02:00.0722873Z test popups::tests::completed_deadline_survives_producer_drop_and_uses_strict_stored_boundary ... ok
2026-10-07T15:02:00.0760313Z test popups::tests::a_working_popup_says_what_its_downloads_importer_says_after_a_prefix ... ok
2026-10-07T15:02:00.1165451Z test popups::tests::concurrent_pollers_cannot_overtake_a_reentrant_callable_removal ... ok
2026-10-07T15:02:00.1279305Z test popups::tests::current_callable_is_reentrant_and_removal_invalidates_later_queued_calls ... ok
2026-10-07T15:02:00.1712466Z test popups::tests::gui_retirement_during_the_first_callable_invalidates_later_claimed_calls ... ok
2026-10-07T15:02:00.1761251Z test seeds::timestamp_editor_tests::recorded_saved_timestamp_parser_and_date_conversion_reach_actual_file_seeds ... ok
2026-10-07T15:02:00.2291413Z test subscriptions::tests::manager_admission_replays_reference_due_pause_live_limits_and_single_flight ... ok
2026-10-07T15:02:00.2293755Z test subscriptions::tests::outer_typed_exception_budget_replays_recorded_classes_and_reset ... ok
2026-10-07T15:02:00.2296352Z test subscriptions::tests::presented_files_are_labelled_as_the_reference_labels_them ... ok
2026-10-07T15:02:00.2307453Z test work_slots::tests::capacities_keep_running_counts_across_reference_lower_raise_and_release ... ok
2026-10-07T15:02:00.2310380Z test work_slots::tests::independent_categories_and_aborted_owners_release_only_their_permit ... ok
2026-10-07T15:02:00.3235647Z test popups::tests::a_working_popup_keeps_the_store_up_to_date_and_hears_a_cancel ... ok
2026-10-07T15:02:00.4195548Z test popups::tests::finished_callable_dispatches_between_independent_store_handles_and_releases_its_owner ... ok
2026-10-07T15:02:00.8196836Z test popups::tests::a_callable_added_after_finish_restarts_the_single_weak_poller ... ok
2026-10-07T15:02:00.8199066Z 
2026-10-07T15:02:00.8199619Z test result: ok. 16 passed; 0 failed; 0 ignored; 0 measured; 0 filtered out; finished in 0.84s
2026-10-07T15:02:00.8201865Z 
2026-10-07T15:02:00.8213216Z [1m[92m     Running[0m tests/export_folder.rs (target/debug/deps/export_folder-fd9119514f499d37)
2026-10-07T15:02:00.8236348Z 
2026-10-07T15:02:00.8236685Z running 1 test
2026-10-07T15:02:00.9556521Z test export_folders_do_what_the_reference_did ... ok
2026-10-07T15:02:00.9557079Z 
2026-10-07T15:02:00.9559444Z test result: ok. 1 passed; 0 failed; 0 ignored; 0 measured; 0 filtered out; finished in 0.13s
2026-10-07T15:02:00.9560171Z 
2026-10-07T15:02:00.9564647Z [1m[92m     Running[0m tests/folder_activity.rs (target/debug/deps/folder_activity-1953ae6de1ce1590)
2026-10-07T15:02:00.9595836Z 
2026-10-07T15:02:00.9596176Z running 2 tests
2026-10-07T15:02:01.0008027Z test successful_manager_apply_resets_due_cache_but_cancel_does_not ... ok
2026-10-07T15:02:01.0760592Z test active_import_finishes_its_commit_before_the_manager_reads_and_stops_before_next_seed ... ok
2026-10-07T15:02:01.0763111Z 
2026-10-07T15:02:01.0763755Z test result: ok. 2 passed; 0 failed; 0 ignored; 0 measured; 0 filtered out; finished in 0.12s
2026-10-07T15:02:01.0765526Z 
2026-10-07T15:02:01.0771731Z [1m[92m     Running[0m tests/import_folder.rs (target/debug/deps/import_folder-9facbabf5cc68cea)
2026-10-07T15:02:01.0803358Z 
2026-10-07T15:02:01.0805102Z running 1 test
2026-10-07T15:02:01.5809839Z test an_import_folder_does_what_the_reference_did ... ok
2026-10-07T15:02:01.5811871Z 
2026-10-07T15:02:01.5812276Z test result: ok. 1 passed; 0 failed; 0 ignored; 0 measured; 0 filtered out; finished in 0.50s
2026-10-07T15:02:01.5814620Z 
2026-10-07T15:02:01.5822421Z [1m[92m     Running[0m tests/local_import.rs (target/debug/deps/local_import-562283ad56ca1cb7)
2026-10-07T15:02:01.5855772Z 
2026-10-07T15:02:01.5856072Z running 2 tests
2026-10-07T15:02:01.9160242Z test saved_existing_tag_filter_reaches_real_file_importer_for_parsed_and_additional_tags ... ok
2026-10-07T15:02:02.0598474Z test a_local_import_imports_its_files ... ok
2026-10-07T15:02:02.0600681Z 
2026-10-07T15:02:02.0601072Z test result: ok. 2 passed; 0 failed; 0 ignored; 0 measured; 0 filtered out; finished in 0.47s
2026-10-07T15:02:02.0603033Z 
2026-10-07T15:02:02.0620907Z [1m[92m     Running[0m tests/simple_downloader.rs (target/debug/deps/simple_downloader-b96d8144d503307d)
2026-10-07T15:02:02.0653207Z 
2026-10-07T15:02:02.0653561Z running 1 test
2026-10-07T15:02:08.1379244Z test a_simple_downloader_parses_its_pages_for_files ... ok
2026-10-07T15:02:08.1382056Z 
2026-10-07T15:02:08.1382573Z test result: ok. 1 passed; 0 failed; 0 ignored; 0 measured; 0 filtered out; finished in 6.07s
2026-10-07T15:02:08.1383444Z 
2026-10-07T15:02:08.1396248Z [1m[92m     Running[0m tests/subscriptions.rs (target/debug/deps/subscriptions-add8ba1c743d82c6)
2026-10-07T15:02:08.1427232Z 
2026-10-07T15:02:08.1429815Z running 11 tests
2026-10-07T15:02:08.2786868Z test a_subscription_with_no_import_destination_waits_out_its_error_delay ... ok
2026-10-07T15:02:08.3320107Z test a_subscription_without_its_downloader_pauses ... ok
2026-10-07T15:02:08.4196896Z test a_subscription_syncs_catches_up_and_downloads ... ok
2026-10-07T15:02:09.6953278Z test a_subscription_shows_what_it_does_in_a_popup_which_can_cancel_it ... ok
2026-10-07T15:02:11.4805383Z test handled_http_and_missing_file_failures_do_not_spend_the_outer_error_budget ... ok
2026-10-07T15:02:13.0805147Z test a_subscription_stops_when_its_bandwidth_runs_out ... ok
2026-10-07T15:02:13.4989391Z test subscription_runner_bounds_real_http_overlap_and_reloads_live_limit ... ok
2026-10-07T15:02:13.6112754Z test subscriptions_wait_while_paused_globally ... ok
2026-10-07T15:02:14.1549017Z test subscription_runner_cancels_selected_peer_and_joins_all_on_shutdown ... ok
2026-10-07T15:02:18.4830128Z test escaped_query_tag_errors_count_across_queries_delay_persist_and_reset_next_run ... ok
2026-10-07T15:02:24.7909449Z test none_disables_abandonment_for_real_escaped_store_failures ... ok
2026-10-07T15:02:24.7909808Z 
2026-10-07T15:02:24.7910128Z test result: ok. 11 passed; 0 failed; 0 ignored; 0 measured; 0 filtered out; finished in 16.65s
2026-10-07T15:02:24.7910492Z 
2026-10-07T15:02:24.7941420Z [1m[92m     Running[0m tests/url_queue.rs (target/debug/deps/url_queue-4cfc93f519303c85)
2026-10-07T15:02:24.7973262Z 
2026-10-07T15:02:24.7973426Z running 11 tests
2026-10-07T15:02:24.9541533Z test a_queue_with_no_import_destination_pauses_its_files ... ok
2026-10-07T15:02:24.9598071Z test a_refusal_from_a_site_hydrus_logged_in_to_says_why ... ok
2026-10-07T15:02:25.0696111Z test existing_downloader_uses_edited_parser_and_new_link_after_reload ... ok
2026-10-07T15:02:25.1091400Z test a_gallery_url_in_a_url_queue_queues_its_posts ... ok
2026-10-07T15:02:25.2057072Z test missing_files_download_again_in_their_own_queue ... ok
2026-10-07T15:02:25.3659153Z test a_url_queue_downloads_posts_and_files ... ok
2026-10-07T15:02:26.1341820Z test files_import_while_later_gallery_pages_are_read ... ok
2026-10-07T15:02:26.2847871Z test running_gallery_searches_pick_up_capacity_growth_and_release_on_error ... ok
2026-10-07T15:02:26.8006683Z test queues_wait_while_their_downloads_are_paused_globally ... ok
2026-10-07T15:02:27.3147309Z test running_file_queues_keep_limits_when_lowered_and_release_on_cancel_or_owner_close ... ok
2026-10-07T15:02:28.0743953Z test a_file_that_fails_does_not_hold_up_the_rest_of_its_queue ... ok
2026-10-07T15:02:28.0744369Z 
2026-10-07T15:02:28.0744639Z test result: ok. 11 passed; 0 failed; 0 ignored; 0 measured; 0 filtered out; finished in 3.28s
2026-10-07T15:02:28.0744999Z 
2026-10-07T15:02:28.0777693Z [1m[92m     Running[0m tests/watchers.rs (target/debug/deps/watchers-4e881ee2f9ba51c0)
2026-10-07T15:02:28.0808610Z 
2026-10-07T15:02:28.0808798Z running 2 tests
2026-10-07T15:02:28.4391285Z test watcher_checks_share_their_own_live_capacity_and_owner_close_releases_it ... ok
2026-10-07T15:02:28.5029146Z test a_watcher_follows_a_thread_until_it_404s ... ok
2026-10-07T15:02:28.5029590Z 
2026-10-07T15:02:28.5030050Z test result: ok. 2 passed; 0 failed; 0 ignored; 0 measured; 0 filtered out; finished in 0.42s
2026-10-07T15:02:28.5030609Z 
2026-10-07T15:02:28.5049560Z [1m[92m     Running[0m unittests src/lib.rs (target/debug/deps/hydrus_downloader_exchange-387aa4339aba58a5)
2026-10-07T15:02:28.5061681Z 
2026-10-07T15:02:28.5061826Z running 0 tests
2026-10-07T15:02:28.5062043Z 
2026-10-07T15:02:28.5063630Z test result: ok. 0 passed; 0 failed; 0 ignored; 0 measured; 0 filtered out; finished in 0.00s
2026-10-07T15:02:28.5064181Z 
2026-10-07T15:02:28.5065241Z [1m[92m     Running[0m tests/external_calls.rs (target/debug/deps/external_calls-db71cefa47fd1380)
2026-10-07T15:02:28.5076889Z 
2026-10-07T15:02:28.5077073Z running 2 tests
2026-10-07T15:02:28.5092058Z test import_rejects_wrong_classes_and_mixed_invalid_packages_before_staging_any_call ... ok
2026-10-07T15:02:28.5107970Z test actual_qt_callable_exports_and_manager_round_trip_without_losing_identity_or_process_options ... ok
2026-10-07T15:02:28.5108642Z 
2026-10-07T15:02:28.5109059Z test result: ok. 2 passed; 0 failed; 0 ignored; 0 measured; 0 filtered out; finished in 0.00s
2026-10-07T15:02:28.5109560Z 
2026-10-07T15:02:28.5111314Z [1m[92m     Running[0m tests/import_options.rs (target/debug/deps/import_options-7b4903190ee4496d)
2026-10-07T15:02:28.5123167Z 
2026-10-07T15:02:28.5123500Z running 2 tests
2026-10-07T15:02:28.5172930Z test wrong_objects_and_future_versions_are_rejected ... ok
2026-10-07T15:02:28.5214183Z test recorded_containers_round_trip_all_native_fields_and_pngs ... ok
2026-10-07T15:02:28.5214670Z 
2026-10-07T15:02:28.5215072Z test result: ok. 2 passed; 0 failed; 0 ignored; 0 measured; 0 filtered out; finished in 0.01s
2026-10-07T15:02:28.5215623Z 
2026-10-07T15:02:28.5218237Z [1m[92m     Running[0m tests/interchange.rs (target/debug/deps/interchange-7c501c96060a5a65)
2026-10-07T15:02:28.5235146Z 
2026-10-07T15:02:28.5235317Z running 12 tests
2026-10-07T15:02:28.5254401Z test formula_metadata_survives_native_serialization_and_edits_take_precedence ... ok
2026-10-07T15:02:28.5255582Z test malformed_old_versions_return_errors_before_any_package_can_be_staged ... ok
2026-10-07T15:02:28.5274476Z test date_conversions_keep_reference_codes_through_definition_exchange ... ok
2026-10-07T15:02:28.5281673Z test old_plain_json_png_is_still_importable ... ok
2026-10-07T15:02:28.5441010Z test authored_static_formulas_roundtrip ... ok
2026-10-07T15:02:28.5511187Z test older_formats_upgrade_or_reject_without_partial_packages ... ok
2026-10-07T15:02:28.5704497Z test registered_mixed_login_package_preserves_json_png_rules_and_rejects_partial_decoding ... ok
2026-10-07T15:02:28.5738066Z test selected_processing_steps_match_qt_clipboard_and_png_exports ... ok
2026-10-07T15:02:28.5864013Z test subsidiary_contexts_follow_stable_page_keys_when_children_are_sorted_and_renamed ... ok
2026-10-07T15:02:28.5994588Z test malformed_png_and_compression_never_allocate_unbounded_data ... ok
2026-10-07T15:02:28.6105289Z test reference_json_and_real_png_roundtrip_without_losing_subsidiary_or_editor_data ... ok
2026-10-07T15:02:28.8963370Z test maximum_documented_definition_count_roundtrips_and_the_next_one_is_rejected ... ok
2026-10-07T15:02:28.8964030Z 
2026-10-07T15:02:28.8964444Z test result: ok. 12 passed; 0 failed; 0 ignored; 0 measured; 0 filtered out; finished in 0.37s
2026-10-07T15:02:28.8965006Z 
2026-10-07T15:02:28.8978548Z [1m[92m     Running[0m tests/logins.rs (target/debug/deps/logins-6694205e2d660d71)
2026-10-07T15:02:28.8994361Z 
2026-10-07T15:02:28.8994519Z running 3 tests
2026-10-07T15:02:28.9031971Z test native_veto_default_matcher_uses_python_constructor_empty_match_value ... ok
2026-10-07T15:02:28.9058409Z test login_validation_matches_python_and_rejects_mixed_packages_atomically ... ok
2026-10-07T15:02:28.9088862Z test login_scripts_preserve_reference_fields_and_upgrade_cookie_names ... ok
2026-10-07T15:02:28.9089416Z 
2026-10-07T15:02:28.9089822Z test result: ok. 3 passed; 0 failed; 0 ignored; 0 measured; 0 filtered out; finished in 0.01s
2026-10-07T15:02:28.9090378Z 
2026-10-07T15:02:28.9095025Z [1m[92m     Running[0m tests/routers.rs (target/debug/deps/routers-02bff1b84c1c63a6)
2026-10-07T15:02:28.9107817Z 
2026-10-07T15:02:28.9108012Z running 3 tests
2026-10-07T15:02:28.9170112Z test router_exchange_rejects_incompatible_or_lossy_packages_atomically ... ok
2026-10-07T15:02:28.9243973Z test recorded_router_queues_preserve_editor_fields_and_reference_png ... ok
2026-10-07T15:02:28.9280831Z test inspected_packages_preserve_routers_with_recognised_other_objects ... ok
2026-10-07T15:02:28.9281382Z 
2026-10-07T15:02:28.9281754Z test result: ok. 3 passed; 0 failed; 0 ignored; 0 measured; 0 filtered out; finished in 0.02s
2026-10-07T15:02:28.9282104Z 
2026-10-07T15:02:28.9289644Z [1m[92m     Running[0m tests/seed_caches.rs (target/debug/deps/seed_caches-26026f4ceba054aa)
2026-10-07T15:02:28.9308001Z 
2026-10-07T15:02:28.9308178Z running 2 tests
2026-10-07T15:02:28.9768710Z test unsafe_or_malformed_history_fails_explicitly_without_truncating_a_package ... ok
2026-10-07T15:02:28.9786986Z test historical_cache_versions_replay_exact_qt_history_headers_and_list_exports ... ok
2026-10-07T15:02:28.9787669Z 
2026-10-07T15:02:28.9788091Z test result: ok. 2 passed; 0 failed; 0 ignored; 0 measured; 0 filtered out; finished in 0.05s
2026-10-07T15:02:28.9788638Z 
2026-10-07T15:02:28.9794031Z [1m[92m     Running[0m tests/subscription_import.rs (target/debug/deps/subscription_import-b92417f73e019e86)
2026-10-07T15:02:28.9811814Z 
2026-10-07T15:02:28.9811966Z running 2 tests
2026-10-07T15:02:28.9971416Z test recorded_nested_packages_warn_after_preserving_complete_permitted_objects ... ok
2026-10-07T15:02:29.0004975Z test future_nested_objects_and_limits_fail_before_any_list_objects_are_returned ... ok
2026-10-07T15:02:29.0005538Z 
2026-10-07T15:02:29.0006134Z test result: ok. 2 passed; 0 failed; 0 ignored; 0 measured; 0 filtered out; finished in 0.02s
2026-10-07T15:02:29.0006479Z 
2026-10-07T15:02:29.0014966Z [1m[92m     Running[0m tests/subscriptions.rs (target/debug/deps/subscriptions-fbd358f0c7160a5e)
2026-10-07T15:02:29.0033059Z 
2026-10-07T15:02:29.0033226Z running 4 tests
2026-10-07T15:02:29.0157914Z test subscription_exchange_reports_missing_logs_and_rejects_invalid_packages_atomically ... ok
2026-10-07T15:02:29.0216623Z test malformed_and_unsupported_legacy_subscriptions_fail_without_reducing_history ... ok
2026-10-07T15:02:29.0260060Z test actual_subscription_clipboard_and_png_retain_settings_headers_and_both_histories ... ok
2026-10-07T15:02:29.0495022Z test actual_legacy_subscription_list_imports_match_converted_settings_histories_and_caches ... ok
2026-10-07T15:02:29.0496059Z 
2026-10-07T15:02:29.0496451Z test result: ok. 4 passed; 0 failed; 0 ignored; 0 measured; 0 filtered out; finished in 0.05s
2026-10-07T15:02:29.0496807Z 
2026-10-07T15:02:29.0511607Z [1m[92m     Running[0m tests/subsidiaries.rs (target/debug/deps/subsidiaries-4904721ab2dda0e0)
2026-10-07T15:02:29.0531095Z 
2026-10-07T15:02:29.0531254Z running 2 tests
2026-10-07T15:02:29.0571767Z test incompatible_or_unsupported_subsidiary_packages_are_rejected_before_staging ... ok
2026-10-07T15:02:29.0605689Z test real_reference_subsidiary_clipboard_and_png_preserve_recursive_wrappers ... ok
2026-10-07T15:02:29.0606273Z 
2026-10-07T15:02:29.0606553Z test result: ok. 2 passed; 0 failed; 0 ignored; 0 measured; 0 filtered out; finished in 0.01s
2026-10-07T15:02:29.0606914Z 
2026-10-07T15:02:29.0611082Z [1m[92m     Running[0m unittests src/lib.rs (target/debug/deps/hydrus_duplicates-f806fe1a8c0b0c26)
2026-10-07T15:02:29.0637358Z 
2026-10-07T15:02:29.0637543Z running 1 test
2026-10-07T15:02:32.1033253Z test content::timeout_tests::retained_store_content_reads_new_policy_before_real_psd_decode ... ok
2026-10-07T15:02:32.1033744Z 
2026-10-07T15:02:32.1034022Z test result: ok. 1 passed; 0 failed; 0 ignored; 0 measured; 0 filtered out; finished in 3.04s
2026-10-07T15:02:32.1034407Z 
2026-10-07T15:02:32.1042889Z [1m[92m     Running[0m tests/comparison_statements.rs (target/debug/deps/comparison_statements-97492e819404a905)
2026-10-07T15:02:32.1071562Z 
2026-10-07T15:02:32.1071744Z running 2 tests
2026-10-07T15:02:34.9067735Z test statements_about_the_basic_files_match ... ok
2026-10-07T15:02:52.8889985Z test statements_about_the_duplicate_families_match ... ok
2026-10-07T15:02:52.8890387Z 
2026-10-07T15:02:52.8890665Z test result: ok. 2 passed; 0 failed; 0 ignored; 0 measured; 0 filtered out; finished in 20.78s
2026-10-07T15:02:52.8891032Z 
2026-10-07T15:02:52.8917311Z [1m[92m     Running[0m tests/reference_run.rs (target/debug/deps/reference_run-2694956df5c27669)
2026-10-07T15:02:52.8946669Z 
2026-10-07T15:02:52.8946875Z running 2 tests
2026-10-07T15:02:53.0675235Z test a_migrated_database_keeps_the_rules_progress ... ok
2026-10-07T15:03:14.8096971Z test rules_do_what_the_reference_did ... ok
2026-10-07T15:03:14.8097300Z 
2026-10-07T15:03:14.8097578Z test result: ok. 2 passed; 0 failed; 0 ignored; 0 measured; 0 filtered out; finished in 21.91s
2026-10-07T15:03:14.8097948Z 
2026-10-07T15:03:14.8115055Z [1m[92m     Running[0m unittests src/lib.rs (target/debug/deps/hydrus_gui-8e8f063189cac771)
2026-10-07T15:03:14.8228072Z 
2026-10-07T15:03:14.8228463Z running 92 tests
2026-10-07T15:03:14.9342574Z test animation::tests::ugoira_initial_timestamp_and_impossible_reader_request_release_on_stop ... ok
2026-10-07T15:03:14.9618002Z test animation::tests::saved_initial_seek_uses_previous_metadata_and_rejects_held_pre_seek_pixels ... ok
2026-10-07T15:03:15.0067720Z test client_exit::tests::a_retained_old_timer_and_close_callback_cannot_finish_the_new_question ... ok
2026-10-07T15:03:15.0690057Z test client_exit::tests::retired_maintenance_children_cannot_register_or_finish_successor_exit ... ok
2026-10-07T15:03:15.0690752Z test daemon::tests::fake_daemon ... ignored, run by the other tests, as a daemon
2026-10-07T15:03:15.0764400Z test client_exit::tests::maintenance_cancel_and_native_close_abort_exit_but_no_and_timeout_continue_once ... ok
2026-10-07T15:03:15.0813994Z 
2026-10-07T15:03:15.0814239Z running 1 test
2026-10-07T15:03:15.3927400Z test daemon::tests::kills_one_that_does_not_stop ... ok
2026-10-07T15:03:15.4036502Z 
2026-10-07T15:03:15.4036904Z running 1 test
2026-10-07T15:03:15.4135607Z .
2026-10-07T15:03:15.4136261Z test result: ok. 1 passed; 0 failed; 0 ignored; 0 measured; 91 filtered out; finished in 0.01s
2026-10-07T15:03:15.4136835Z 
2026-10-07T15:03:15.4335902Z test daemon::tests::leaves_one_started_on_its_own_and_takes_over_when_it_stops ... ok
2026-10-07T15:03:15.4342291Z test daemon::tests::says_so_when_there_is_no_program_to_start ... ok
2026-10-07T15:03:15.4343611Z test daemon::tests::says_why_the_daemon_or_its_client_api_isnt_running ... ok
2026-10-07T15:03:15.4453042Z 
2026-10-07T15:03:15.4453316Z running 1 test
2026-10-07T15:03:15.4653491Z 
2026-10-07T15:03:15.4653937Z running 1 test
2026-10-07T15:03:15.4755866Z test daemon::tests::says_why_its_own_failed_and_waits_to_be_asked_again ... ok
2026-10-07T15:03:15.4886721Z 
2026-10-07T15:03:15.4886991Z running 1 test
2026-10-07T15:03:15.4973675Z .
2026-10-07T15:03:15.4974323Z test result: ok. 1 passed; 0 failed; 0 ignored; 0 measured; 91 filtered out; finished in 0.01s
2026-10-07T15:03:15.4974703Z 
2026-10-07T15:03:15.5164891Z test daemon::tests::starts_one_while_none_runs_and_stops_it_on_closing ... ok
2026-10-07T15:03:15.5794519Z test file_maintenance_new::tests::native_accepted_add_queued_behind_writer_is_cancelled_by_tab_retirement ... ok
2026-10-07T15:03:16.0043403Z test file_maintenance_new::tests::native_small_add_after_close_or_final_bound_drop_cannot_write_but_fresh_add_can ... ok
2026-10-07T15:03:16.0138685Z test animation::tests::an_animation_plays_through_and_may_stop_at_its_end ... ok
2026-10-07T15:03:16.1090920Z test file_maintenance_new::tests::native_new_confirmation_close_hidden_replacement_and_reopen_reach_only_current_queue ... ok
2026-10-07T15:03:16.1094685Z test gallery::tests::a_searchs_row_as_the_reference_shows_it ... ok
2026-10-07T15:03:16.1095640Z test gallery::tests::a_searchs_status_as_the_reference_reckons_it ... ok
2026-10-07T15:03:16.1129889Z test gallery::tests::formatting_reaches_gallery_added_rows_without_changing_import_state ... ok
2026-10-07T15:03:16.1130859Z test gallery::tests::live_lines_as_the_reference_writes_them ... ok
2026-10-07T15:03:16.1136526Z test gallery::tests::the_downloaders_offered ... ok
2026-10-07T15:03:16.1143599Z test gallery::tests::the_list_sorts_by_each_column ... ok
2026-10-07T15:03:16.1144462Z test gallery::tests::the_pages_progress_and_close_question ... ok
2026-10-07T15:03:16.1145362Z test gallery::tests::the_pages_totals ... ok
2026-10-07T15:03:16.2164409Z test filter_window::image_cache_tests::current_pair_pixels_survive_cache_shrink_but_navigation_cannot_reuse_an_evicted_future_copy ... ok
2026-10-07T15:03:16.2554120Z test grid::cache_regressions::blurhash_apply_rejects_held_result_but_paint_only_changes_preserve_admission ... ok
2026-10-07T15:03:16.3978508Z test grid::cache_regressions::clear_scale_roundtrip_settings_and_retirement_reject_held_decodes ... ok
2026-10-07T15:03:16.4085449Z test grid::cache_regressions::receive_maintains_idle_cache_and_counts_missing_thumbnails ... ok
2026-10-07T15:03:16.4161407Z test image_cache::tests::actual_qt_pending_estimate_uses_full_unknown_resolution_fallback ... ok
2026-10-07T15:03:16.4516476Z test image_cache::retirement_tests::retired_pending_renderer_completes_external_source_without_repopulating_owner ... ok
2026-10-07T15:03:16.4639507Z test image_cache::tests::changed_resolution_replaces_cached_source_without_invalidating_external_presentation ... ok
2026-10-07T15:03:16.4950078Z test image_cache::tests::current_render_uses_ready_shared_pixels_but_never_waits_on_a_held_warm_renderer ... ok
2026-10-07T15:03:16.5076875Z test image_cache::tests::held_failed_old_renderer_cleanup_does_not_remove_successor_and_excluded_images_redraw ... ok
2026-10-07T15:03:16.5393757Z test image_cache::tests::late_old_icc_decode_cannot_replace_new_renderer_or_revive_retired_admission ... ok
2026-10-07T15:03:16.5490634Z test image_cache::tests::pending_owner_validity_does_not_hold_the_renderer_lock_against_current_lookup ... ok
2026-10-07T15:03:16.5495959Z test import_window::tests::typed_paths_lose_their_quotes_and_spaces ... ok
2026-10-07T15:03:16.5510659Z test options_gui_colours::tests::clipboard_hex_acceptance_matches_actual_qt_cases ... ok
2026-10-07T15:03:16.5771918Z test image_cache::tests::shared_pending_decode_has_one_estimate_and_access_updates_loaded_bytes ... ok
2026-10-07T15:03:16.6214346Z test options_media_views::tests::media_children_retire_stale_callbacks_and_stage_only_current_apply ... ok
2026-10-07T15:03:16.6233623Z test page::tests::closing_asks_while_importing_and_when_full_if_the_option_says ... ok
2026-10-07T15:03:16.6263413Z test playback::tests::a_file_plays_through_and_may_stop_at_its_end ... ok
2026-10-07T15:03:16.6264674Z test playback::tests::finite_gif_loop_metadata_reaches_the_existing_mpv_player ... ok
2026-10-07T15:03:16.6293380Z test popups::tests::a_popup_shows_as_the_reference_s ... ok
2026-10-07T15:03:16.6319708Z test popups::tests::actual_qt_action_visibility_labels_and_question_cutoff_replay ... ok
2026-10-07T15:03:16.6343430Z test popups::tests::long_text_shows_its_start ... ok
2026-10-07T15:03:16.6373401Z test popups::tests::popup_download_precision_replays_actual_network_control_output ... ok
2026-10-07T15:03:16.6374493Z test popups::tests::ten_show_and_the_line_counts_them_all ... ok
2026-10-07T15:03:16.6615797Z test options_media_views::tests::options_apply_waits_for_current_media_child_to_close ... ok
2026-10-07T15:03:16.6650683Z test preview_window::worker_tests::idle_preview_workers_do_not_retain_the_store ... ok
2026-10-07T15:03:16.6652294Z test quick_export_directory::tests::explicit_empty_home_wins_and_account_lookup_only_runs_for_absent_home ... ok
2026-10-07T15:03:16.6654285Z test session_autosave::pointer_tests::native_motion_targets_one_window_and_releases_dead_viewers ... ok
2026-10-07T15:03:16.6655762Z test slideshow::tests::a_slideshow_moves_on_once_its_period_has_passed ... ok
2026-10-07T15:03:16.6656940Z test slideshow::tests::custom_periods_read_as_the_reference_reads_them ... ok
2026-10-07T15:03:16.6657988Z test slideshow::tests::files_with_durations_bend_the_period ... ok
2026-10-07T15:03:16.6658959Z test slideshow::tests::the_menu_offers_what_the_slideshow_can_do ... ok
2026-10-07T15:03:16.6660021Z test slideshow::tests::the_special_periods_as_the_reference_bends_them ... ok
2026-10-07T15:03:16.6929897Z test preview_window::worker_tests::retiring_pool_drops_queued_decoder_and_releases_running_store_after_decode ... ok
2026-10-07T15:03:16.6931452Z test tests::file_urls_are_escaped ... ok
2026-10-07T15:03:16.6932426Z test thumbnail_menu::tests::rearranging_moves_as_the_reference_s_lists_do ... ok
2026-10-07T15:03:16.6933851Z test thumbnail_menu::tests::the_rearrange_menu_offers_what_would_move ... ok
2026-10-07T15:03:16.6935122Z test thumbnail_menu::tests::the_urls_menu_lays_out_classes_as_the_reference_s ... ok
2026-10-07T15:03:16.6936181Z test thumbnail_menu::tests::urls_show_as_the_reference_shows_them ... ok
2026-10-07T15:03:16.6937184Z test thumbnails::tests::a_thumbnail_dpr_makes_them_show_smaller ... ok
2026-10-07T15:03:16.6938220Z test thumbnails::tests::a_thumbnail_turned_sideways_is_the_right_size ... ok
2026-10-07T15:03:16.6939318Z test thumbnails::tests::thumbnails_are_resampled_only_when_the_screen_needs_it ... ok
2026-10-07T15:03:16.6940457Z test thumbnails::tests::thumbnails_show_at_their_own_size_in_the_screens_pixels ... ok
2026-10-07T15:03:16.7597889Z test tag_sync_review_window::tests::retained_predecessors_cannot_remember_refresh_or_close_the_current_review ... ok
2026-10-07T15:03:16.7964871Z test vacuum_review_window::tests::closed_predecessor_cannot_close_or_vacuum_successor_or_another_store ... ok
2026-10-07T15:03:16.8909856Z test vacuum_review_window::tests::real_menu_main_hide_rebind_exit_and_last_bound_clone_retire_only_their_child ... ok
2026-10-07T15:03:17.0364940Z test vacuum_review_window::tests::visible_pending_eligible_confirmation_declines_and_runs_real_vacuum_once ... ok
2026-10-07T15:03:17.1674318Z test vacuum_review_window::tests::pending_main_exit_blocks_vacuum_then_decline_admits_the_same_question ... ok
2026-10-07T15:03:17.1681543Z test viewer_menu::tests::the_volume_menu_follows_the_mutes ... ok
2026-10-07T15:03:17.1685935Z test viewer_menu::tests::zooms_read_as_the_reference_writes_them ... ok
2026-10-07T15:03:17.1704943Z test viewer_closing::tests::unowned_and_destroyed_originals_only_deliver_debug_to_a_live_main_owner ... ok
2026-10-07T15:03:17.2185948Z test viewer_prefetch::tests::a_saved_candidate_display_action_change_invalidates_the_captured_pass ... ok
2026-10-07T15:03:17.2419144Z test viewer_prefetch::tests::actual_static_image_display_capabilities_filter_each_recorded_candidate_action ... ok
2026-10-07T15:03:17.2637456Z test viewer_prefetch::tests::finished_notifications_resume_the_same_captured_navigation_generation ... ok
2026-10-07T15:03:17.2819430Z test viewer_prefetch::tests::held_worker_coalesces_latest_request_and_retirement_discards_queued_work ... ok
2026-10-07T15:03:17.3135549Z test viewer_prefetch::tests::real_uncached_equality_decode_repeats_on_owned_readiness_and_retire_stops_it ... ok
2026-10-07T15:03:17.3138463Z test watcher::tests::a_watcher_just_added_or_entered_again_says_so_for_a_while ... ok
2026-10-07T15:03:17.3140591Z test watcher::tests::a_watcher_pages_totals_and_close_question ... ok
2026-10-07T15:03:17.3142476Z test watcher::tests::a_watchers_row_and_box_as_the_reference_shows_them ... ok
2026-10-07T15:03:17.3144303Z test watcher::tests::a_watchers_status_as_the_reference_reckons_it ... ok
2026-10-07T15:03:17.3173577Z test watcher::tests::formatting_reaches_watcher_rows_status_and_checker_without_changing_work_state ... ok
2026-10-07T15:03:17.3654787Z test viewer_prefetch::tests::waiting_on_another_pending_renderer_holds_no_store_and_ends_on_owner_drop ... ok
2026-10-07T15:03:17.3686539Z test write_tag_history::tests::caret_and_undo_boundaries_keep_new_typing_separate ... ok
2026-10-07T15:03:17.3708495Z test write_tag_history::tests::delete_direction_is_a_command_boundary_but_repeated_delete_coalesces ... ok
2026-10-07T15:03:17.4382826Z test windows::tests::opening_observer_and_batched_files_share_the_same_owned_filter ... ok
2026-10-07T15:03:17.4538148Z test zoom::resource_tests::an_unavailable_worker_keeps_the_original_image_and_stops_polling ... ok
2026-10-07T15:03:17.5211561Z test write_tag_menu::tests::seeded_relationship_child_apply_refresh_and_owner_close_discard_stale_actions ... ok
2026-10-07T15:03:18.3167961Z test filter_window::colour_tests::live_pair_switch_preferences_and_painter_replay_qt_then_retire ... ok
2026-10-07T15:03:20.7574930Z test animation::tests::animation_loop_preference_reaches_decoded_frames_and_live_playthrough_limits ... ok
2026-10-07T15:03:20.7575419Z 
2026-10-07T15:03:20.7575706Z test result: ok. 91 passed; 0 failed; 1 ignored; 0 measured; 0 filtered out; finished in 5.93s
2026-10-07T15:03:20.7576092Z 
2026-10-07T15:03:20.7636071Z [1m[92m     Running[0m unittests src/main.rs (target/debug/deps/hydrus_gui-46598ab616ae78bb)
2026-10-07T15:03:20.7661963Z 
2026-10-07T15:03:20.7662143Z running 2 tests
2026-10-07T15:03:20.7932980Z test tests::opening_a_new_store_holds_the_gui_lease ... ok
2026-10-07T15:03:21.7700540Z test tests::a_second_client_cannot_restore_or_consume_a_pending_request ... ok
2026-10-07T15:03:21.7701069Z 
2026-10-07T15:03:21.7701347Z test result: ok. 2 passed; 0 failed; 0 ignored; 0 measured; 0 filtered out; finished in 1.00s
2026-10-07T15:03:21.7701706Z 
2026-10-07T15:03:21.7708806Z [1m[92m     Running[0m tests/gui/main.rs (target/debug/deps/gui-fba538084af2929d)
2026-10-07T15:03:21.7835008Z 
2026-10-07T15:03:21.7835248Z running 711 tests
2026-10-07T15:03:22.0834297Z Slint: long callback/instantiation chain detected
2026-10-07T15:03:22.1025219Z test active_predicates::destroyed_main_automatically_closes_existing_size_before_retained_handles_release ... ok
2026-10-07T15:03:22.1634405Z test active_predicates::captured_menu_and_populated_child_cannot_edit_hidden_replaced_rebound_or_dropped_owners ... ok
2026-10-07T15:03:22.2241500Z test about::help_about_opens_the_about_window ... ok
2026-10-07T15:03:22.3101614Z test active_predicates::dropping_hidden_components_releases_a_populated_editor_without_cancel_cycle ... ok
2026-10-07T15:03:22.3914174Z test active_predicates::hidden_or_parent_reconciles_actual_system_and_nested_child_cancellation ... ok
2026-10-07T15:03:22.3981157Z test active_predicates::actual_existing_size_cancel_unchanged_and_edit_reach_reference_query_counts ... ok
2026-10-07T15:03:22.4704620Z test active_predicates::inherited_routes_refuse_hidden_question_child_page_and_retired_main_owners ... ok
2026-10-07T15:03:22.6108854Z test active_predicates::mixed_same_family_panels_reopen_distinct_supplied_values_and_apply_both ... ok
2026-10-07T15:03:22.6397147Z test active_predicates::mixed_apply_is_atomic_and_hidden_cancel_rebind_preserve_all_original_terms ... ok
2026-10-07T15:03:22.8229130Z test active_predicates::retained_or_system_child_does_not_keep_the_or_or_main_component_alive ... ok
2026-10-07T15:03:22.8811187Z test active_predicates::retained_populated_or_hidden_page_rebind_and_destroyed_main_cannot_publish ... ok
2026-10-07T15:03:22.9243422Z test active_predicates::populated_or_and_start_or_replay_all_ten_actual_qt_apply_cancel_shapes ... ok
2026-10-07T15:03:23.0814502Z Slint: long callback/instantiation chain detected
2026-10-07T15:03:23.4452046Z test active_predicates::real_inherited_menus_publish_exact_qt_clipboard_text_and_open_owned_pages ... ok
2026-10-07T15:03:23.8177430Z test animation_start::constructor_cancel_hidden_and_retired_controls_then_real_next_media_initial_seek ... ok
2026-10-07T15:03:24.0329104Z test api_update_toasts::real_checkbox_cancel_reopen_hidden_retired_and_concurrent_width_merge ... ok
2026-10-07T15:03:24.0654347Z test api_update_toasts::actual_api_jobs_render_expire_and_preserve_retired_gui_incarnation ... ok
2026-10-07T15:03:24.1124473Z test archive_delete::the_archive_delete_filter_keeps_and_deletes ... ok
2026-10-07T15:03:24.3030099Z test archive_delete_policies::retained_finish_cannot_write_after_its_main_owner_is_dropped ... ok
2026-10-07T15:03:24.4467718Z test archive_delete_policies::saved_all_domains_single_choice_and_forget_question_are_owned_across_rebind ... ok
2026-10-07T15:03:24.6321792Z test archive_delete_policies::staged_options_cancel_save_hidden_callbacks_and_reopen_reach_next_finish ... ok
2026-10-07T15:03:24.7546119Z test archive_repair::database_repair_has_owned_scan_population_questions_and_updates_real_media_on_reopen ... ok
2026-10-07T15:03:25.1374152Z test auto_resolution_review::a_failed_denial_keeps_pending_pairs_and_reports_the_error ... ok
2026-10-07T15:03:25.4604087Z test archive_delete_policies::actual_multiple_choices_refuse_early_commit_then_delete_only_selected_domain ... ok
2026-10-07T15:03:25.5464448Z test auto_resolution_review::a_pending_pair_is_approved_in_the_duplicate_filter ... ok
2026-10-07T15:03:25.6994526Z test auto_resolution_preview::a_rules_pairs_are_previewed ... ok
2026-10-07T15:03:26.1814567Z test auto_resolution_review::pairs_are_approved_denied_and_undone_as_the_reference_does ... ok
2026-10-07T15:03:26.2714077Z test auto_resolution_rules::a_rules_searches_location_is_chosen ... ok
2026-10-07T15:03:26.4604591Z test autocomplete_tabs::literal_batches_and_empty_activation_preserve_typed_tags_query_and_or_history ... ok
2026-10-07T15:03:26.6451085Z test client_api_admin::cancellation_nested_ownership_permissions_and_key_validation ... ok
2026-10-07T15:03:26.6765736Z test auto_resolution_rules::rules_are_added_edited_deleted_and_written ... ok
2026-10-07T15:03:26.8424571Z test client_api_admin::supported_service_listener_fields_stage_cancel_and_persist ... ok
2026-10-07T15:03:26.8493793Z test client_api_admin::sorted_selection_crud_copy_base_url_persistence_and_stale_apply ... ok
2026-10-07T15:03:27.0911937Z test client_exit::cancel_hidden_answer_and_accepted_close_respect_the_live_main_binding ... ok
2026-10-07T15:03:27.1007054Z test clipboard_urls::changes_route_to_open_importers_without_switching_pages ... ok
2026-10-07T15:03:27.1820196Z test autocomplete_tabs::read_batches_favourite_questions_write_drafts_and_owner_boundaries_replay_qt ... ok
2026-10-07T15:03:27.3255526Z test clipboard_urls::clipboard_failure_is_a_global_message_and_toggling_retries_it ... ok
2026-10-07T15:03:27.3564255Z test clipboard_urls::empty_nested_notebooks_select_their_first_child_and_keep_both_destinations_inside ... ok
2026-10-07T15:03:27.4654856Z test clipboard_urls::independent_menu_switches_persist_on_reopen ... ok
2026-10-07T15:03:27.5576182Z test collect::a_page_opened_from_a_collected_page_collects_as_it_did ... ok
2026-10-07T15:03:27.5623648Z test collect::a_session_page_keeps_how_it_collects ... ok
2026-10-07T15:03:27.7384594Z test collect::restoring_and_refreshing_searches_preserves_absent_and_explicit_collect_settings ... ok
2026-10-07T15:03:27.8588657Z test command_palette::asynchronous_calculator_ignores_page_threshold_and_activation_keeps_owner_open ... ok
2026-10-07T15:03:27.9201355Z test collect::the_collect_control_collects_the_page ... ok
2026-10-07T15:03:28.1581567Z test command_palette::media_provider_uses_the_actual_thumbnail_dispatcher_and_rejects_a_changed_page ... ok
2026-10-07T15:03:28.2386238Z test command_palette::ctrl_p_async_palette_launches_real_pages_favourites_and_main_menu_actions ... ok
2026-10-07T15:03:28.2387495Z test command_palette::palette_reopen_rejects_stale_callbacks_and_removed_providers_do_not_return ... ok
2026-10-07T15:03:28.3405079Z test command_palette::saved_favourite_current_page_policy_and_provider_order_reach_a_reopened_palette ... ok
2026-10-07T15:03:28.3554006Z test command_palette::persisted_unicode_thresholds_reach_the_async_palette_after_reopening ... ok
2026-10-07T15:03:28.5764409Z test database_maintenance::cancelled_dialog_callbacks_release_store_and_owner_before_thread_exit ... ok
2026-10-07T15:03:28.8890749Z test database_maintenance::current_service_choice_repairs_real_mappings_once_and_releases_previous_question ... ok
2026-10-07T15:03:29.2205516Z test database_maintenance::hidden_parent_rebind_last_bound_and_accepted_exit_retire_decisions ... ok
2026-10-07T15:03:29.9358030Z test database_maintenance::cancelled_hidden_and_replaced_initial_or_service_choices_are_terminal ... ok
2026-10-07T15:03:30.1304285Z test database_maintenance::no_cancel_x_and_hidden_questions_cannot_write_or_displace_a_successor ... ok
2026-10-07T15:03:30.1659971Z test debug_delayed_pages::background_delivery_preserves_the_open_choosers_frozen_notebook_and_anchor ... ok
2026-10-07T15:03:30.4394420Z test debug_delayed_pages::cancel_exit_preserves_query_but_accepted_exit_rebind_and_owner_drop_retire_requests ... ok
2026-10-07T15:03:30.6606036Z test debug_delayed_pages::pages_share_popup_deadlines_without_dropping_pruning_or_publication ... ok
2026-10-07T15:03:31.3824210Z test debug_delayed_popup::actual_menu_overlapping_deadlines_hidden_progress_store_reopen_and_rendered_cards ... ok
2026-10-07T15:03:31.5804230Z test debug_delayed_popup::long_text_updates_and_dismissal_do_not_starve_a_pending_delayed_popup ... ok
2026-10-07T15:03:31.8397118Z test debug_delayed_popup::pending_delayed_jobs_retire_permanently_on_accepted_exit_rebind_and_owner_destruction ... ok
2026-10-07T15:03:32.5309046Z test debug_delayed_pages::menu_snapshot_overlapping_hidden_delivery_current_notebook_and_real_query ... ok
2026-10-07T15:03:33.1426948Z test debug_fetch::hidden_children_close_cancel_rebind_final_bound_drop_and_main_drop_retire_owned_work ... ok
2026-10-07T15:03:33.8835246Z test debug_fetch::ordinary_get_waits_for_saved_bandwidth_rules_and_popup_stop_cancels_before_any_http ... ok
2026-10-07T15:03:35.1125694Z test debug_fetch::overlapping_held_jobs_popup_stop_error_and_cancelled_save_have_real_consumers ... ok
2026-10-07T15:03:35.1352977Z test debug_fetch::actual_menu_binary_save_decoded_clipboard_forget_cookie_headers_and_dismiss_deadline ... ok
2026-10-07T15:03:35.3634240Z test debug_long_popup::cloned_bound_keeps_deadlines_until_the_final_bound_owner_drops ... ok
2026-10-07T15:03:35.6214759Z test debug_long_popup::dismissal_prunes_future_title_jobs_before_any_deadline_and_overlapping_runs_remain_owned ... ok
2026-10-07T15:03:35.6845082Z test collect::pages_collect_as_the_reference_s_pages_collect ... ok
2026-10-07T15:03:35.8963976Z Slint: long callback/instantiation chain detected
2026-10-07T15:03:35.9045843Z test debug_long_popup::hidden_launch_exit_cancel_rebind_bound_drop_and_main_destruction_have_distinct_lifetimes ... ok
2026-10-07T15:03:36.0743969Z Slint: long callback/instantiation chain detected
2026-10-07T15:03:36.0913792Z test debug_long_popup::actual_menu_and_toaster_replay_every_recorded_deadline_and_durable_string ... ok
2026-10-07T15:03:36.1484425Z Slint: long callback/instantiation chain detected
2026-10-07T15:03:36.1925319Z test debug_session_reload::actual_menu_snapshot_restores_order_resets_selection_and_keeps_closed_originals ... ok
2026-10-07T15:03:36.2077382Z test debug_session_reload::hidden_new_launch_cancelled_exit_rebind_and_shared_final_drop_ownership ... ok
2026-10-07T15:03:36.4593832Z test debug_session_reload::importer_logs_restore_with_new_queue_identity_and_paused_closed_owner ... ok
2026-10-07T15:03:36.4654058Z test downloader_definitions::domain_mask_modes_tester_and_selectable_previews_apply_cancel_and_reopen ... ok
2026-10-07T15:03:36.6220327Z test downloader_definitions::full_domain_mask_owned_entries_questions_and_favourites_reach_persisted_consumers ... ok
2026-10-07T15:03:36.7417063Z test downloader_definitions::lifecycle_string_descendants_cancel_without_orphaning_definition_drafts ... ok
2026-10-07T15:03:36.8794209Z test downloader_definitions::class_rules_apply_snapshot_roundtrip_and_cancel_safety ... ok
2026-10-07T15:03:36.9213815Z test downloader_definitions::lifecycle_native_fields_disable_typing_until_child_closes ... ok
2026-10-07T15:03:37.0379257Z test downloader_display::questions_cancel_apply_reopen_sort_selection_and_render ... ok
2026-10-07T15:03:37.1014257Z test downloader_interchange::class_list_buttons_preserve_export_format_and_owner_cancel ... ok
2026-10-07T15:03:37.2144128Z test downloader_interchange::closing_a_sibling_definition_list_keeps_the_owning_import_open ... ok
2026-10-07T15:03:37.2614280Z test downloader_interchange::dropping_the_final_exchange_owner_hides_and_invalidates_a_retained_window_handle ... ok
2026-10-07T15:03:37.3104030Z test downloader_definitions::single_nested_generators_roundtrip_delete_and_cancel ... ok
2026-10-07T15:03:37.3199743Z test downloader_interchange::export_text_is_selectable_read_only_and_png_accepts_a_bare_relative_path ... ok
2026-10-07T15:03:37.3754308Z test downloader_interchange::formula_buttons_keep_imported_auxiliary_through_child_apply ... ok
2026-10-07T15:03:37.5769460Z test downloader_interchange::package_reviews_real_png_cancel_and_invalid_input_before_atomic_apply ... ok
2026-10-07T15:03:37.6451168Z test downloader_interchange::mixed_registered_login_package_reviews_png_selects_dependencies_and_reopens_saved_scripts ... ok
2026-10-07T15:03:37.6777843Z test downloader_interchange::parser_list_import_and_export_buttons_stage_until_owner_apply ... ok
2026-10-07T15:03:37.8824079Z test downloader_lists::a_gallery_pages_list_acts_on_its_selection_as_the_references ... ok
2026-10-07T15:03:37.9253841Z test downloader_lists::a_watcher_pages_list_acts_on_its_selection_as_the_references ... ok
2026-10-07T15:03:39.3794256Z test downloader_display::saved_choices_reach_existing_gallery_and_open_viewer ... ok
2026-10-07T15:03:39.5892568Z test downloader_update_times::gallery_owned_timer_reads_rows_at_deadline_keeps_live_details_and_retires ... ok
2026-10-07T15:03:39.7977545Z test downloader_update_times::real_options_constructor_cancel_normalization_save_reopen_and_retained_cancel ... ok
2026-10-07T15:03:40.4760271Z test duplicate_filter::decisions_wait_for_the_end_of_the_batch_and_can_be_undone ... ok
2026-10-07T15:03:40.5047637Z test duplicate_filter::duplicates_pages_kept_by_an_earlier_import_still_open ... ok
2026-10-07T15:03:41.0984874Z test downloader_update_times::watcher_owned_timer_reads_rows_at_deadline_keeps_live_details_and_retires ... ok
2026-10-07T15:03:41.1687556Z test duplicate_filter::group_mode_keeps_to_one_group ... ok
2026-10-07T15:03:41.9334278Z test animation::animations_play_in_the_viewer_with_the_client_s_own_player ... ok
2026-10-07T15:03:41.9700232Z test duplicate_filter::the_file_shown_is_the_one_decided_on ... ok
2026-10-07T15:03:42.1144778Z test duplicate_filter::small_batches_commit_themselves_until_no_pairs_are_left ... ok
2026-10-07T15:03:42.8091663Z test duplicate_colours::options_replay_cancel_retired_apply_bounds_and_persisted_reopen ... ok
2026-10-07T15:03:43.0876251Z test duplicate_filter::viewing_statistics_switch_controls_actual_pair_navigation_and_cancelled_close ... ok
2026-10-07T15:03:43.5233871Z test duplicate_filter::the_filter_opens_from_a_duplicates_page_and_compares_the_pair ... ok
2026-10-07T15:03:43.5333874Z test duplicates_page::the_sidebar_tabs_show_and_change_the_search_and_the_rules ... ok
2026-10-07T15:03:43.7241368Z test edit_subscription::advanced_quality_menu_reads_saved_logs_and_current_media_without_applying_drafts ... ok
2026-10-07T15:03:43.7634862Z test duplicates_progress::actual_checkbox_relabels_visible_preparation_without_changing_work_and_future_pages_reopen_policy ... ok
2026-10-07T15:03:44.0130910Z test edit_subscription::the_dialog_edits_a_subscription_and_the_list_writes_it ... ok
2026-10-07T15:03:44.1984734Z test existing_tags_filter::existing_tag_filter_dialog_stages_enables_persists_and_retires_with_its_importer_owner ... ok
2026-10-07T15:03:44.2906988Z test export_files::export_files_menu_window_previews_confirmation_and_worker ... ok
2026-10-07T15:03:44.5286194Z test embedded_metadata::metadata_opens_from_thumbnails_and_viewer_and_copies_raw_values ... ok
2026-10-07T15:03:44.5513846Z test export_files::shared_pattern_shortcuts_copy_without_editing_and_guard_closed_owners ... ok
2026-10-07T15:03:44.6603476Z test export_files::selected_export_tag_sidebar_copies_launches_native_pages_persists_favourites_and_closes ... ok
2026-10-07T15:03:45.3989622Z test external_calls::actual_command_parameter_queue_buttons_keys_cancel_and_saved_argument_consumer ... ok
2026-10-07T15:03:45.6904313Z test external_calls::callable_command_child_apply_cancel_parent_staging_reopen_and_retired_owner ... ok
2026-10-07T15:03:45.9189799Z test external_calls::command_clipboard_exact_review_raw_rows_clean_copy_errors_and_owner_retirement ... ok
2026-10-07T15:03:46.1023930Z test external_calls::imported_reference_calls_review_cancel_and_saved_process_test_consumer ... ok
2026-10-07T15:03:46.8664442Z test external_calls::list_duplicate_defaults_delete_capture_and_options_persistence ... ok
2026-10-07T15:03:47.2754924Z test external_calls::duplicate_warning_decline_keeps_unsorted_unselected_prefix_accept_finishes_and_retired_question_cannot_append ... ok
2026-10-07T15:03:47.3163902Z test external_calls::reopened_saved_process_uses_real_editor_inputs_and_owned_test_call_worker ... ok
2026-10-07T15:03:47.6194087Z test external_calls::parameter_queue_reverse_edit_and_real_key_origin_histories_match_actual_qt ... ok
2026-10-07T15:03:47.8624103Z test favourites::a_favourite_s_collect_collects_the_page ... ok
2026-10-07T15:03:47.9074132Z test favourite_search_editor::favourite_domain_sort_collect_and_autocomplete_widgets_reach_saved_searches ... ok
2026-10-07T15:03:48.0946542Z test favourites::searches_are_saved_and_added_as_the_reference_saves_and_adds_them ... ok
2026-10-07T15:03:48.1252419Z test favourites::a_favourite_search_loads_into_the_page ... ok
2026-10-07T15:03:48.2945847Z test external_calls::simple_delete_includes_os_launch_rows_but_cancel_and_closed_owner_do_not_change_saved_calls ... ok
2026-10-07T15:03:48.3594068Z test favourites::the_edit_dialog_asks_before_overwriting_as_the_reference_s ... ok
2026-10-07T15:03:48.4409068Z test favourites::the_dialogs_save_edit_and_delete_searches ... ok
2026-10-07T15:03:48.4940737Z test favourites::the_edit_dialog_gives_back_what_the_reference_s_does ... ok
2026-10-07T15:03:48.5313556Z test favourites::the_manage_dialog_lists_them_as_the_reference_s ... ok
2026-10-07T15:03:48.6973806Z test favourites::the_star_button_s_menu_is_the_reference_s ... ok
2026-10-07T15:03:48.7835575Z test ffmpeg_timeout::retained_importer_tools_do_not_retain_their_isolated_store ... ok
2026-10-07T15:03:49.2136910Z test ffmpeg_timeout::visible_timeout_draft_survives_hidden_edits_and_reaches_the_live_reader ... ok
2026-10-07T15:03:49.7740881Z test file_history::history_frame_consumes_times_filters_and_ranges_without_touching_main_query_or_retired_owner ... ok
2026-10-07T15:03:49.9728711Z test file_log::advanced_object_export_and_renormalisation_confirm_before_collapsing_later_duplicates ... ok
2026-10-07T15:03:50.1724884Z test file_log::clipboard_import_persists_deduplicates_and_handles_empty_or_missing_text ... ok
2026-10-07T15:03:50.3944124Z test file_log::selected_url_search_opens_a_local_or_search_and_reaches_matching_files ... ok
2026-10-07T15:03:50.6234196Z test file_log::source_png_dialogs_cancel_validate_import_export_and_close_with_the_log ... ok
2026-10-07T15:03:50.9424076Z test file_log::the_file_log_lists_a_queues_files_and_acts_on_them ... ok
2026-10-07T15:03:51.1934302Z test file_maintenance_current::actual_missing_file_integrity_runner_hands_useful_url_to_the_owned_named_import_queue ... ok
2026-10-07T15:03:51.6601146Z test file_maintenance_current::captured_clear_while_force_waits_is_serviced_before_the_next_physical_batch ... ok
2026-10-07T15:03:51.8270259Z test file_maintenance_current::named_redownload_preserves_current_and_reuses_named_page_instead_of_unrelated_url_importer ... ok
2026-10-07T15:03:51.9080319Z test ffmpeg_timeout::real_options_cancel_hidden_retired_save_reopen_bounds_and_independent_field ... ok
2026-10-07T15:03:52.0434054Z test file_maintenance_current::pending_exit_decline_and_accepted_exit_are_owned_boundaries_for_review_callbacks ... ok
2026-10-07T15:03:52.2744411Z test file_maintenance_current::real_menu_selected_work_future_clear_and_owned_stale_callbacks ... ok
2026-10-07T15:03:52.4616878Z test file_maintenance_current::reopened_review_refetches_counts_without_inheriting_the_closed_selection ... ok
2026-10-07T15:03:52.4894162Z test file_maintenance_current::real_popup_cancel_while_pass_waits_for_shared_lease_preserves_every_queued_file ... ok
2026-10-07T15:03:52.8655789Z test file_view_removal::live_trash_policy_uses_actual_membership_and_move_menu_only_removes_source ... ok
2026-10-07T15:03:53.0781046Z test file_view_removal::mixed_already_trash_advanced_choice_and_locked_physical_noop_retain_unaffected_rows ... ok
2026-10-07T15:03:53.3864189Z test file_view_removal::filter_accept_forget_resume_switch_and_closed_source_never_target_successor ... ok
2026-10-07T15:03:53.8024861Z test file_view_removal::retained_delete_and_transfer_children_cannot_mutate_a_rebound_main_window ... ok
2026-10-07T15:03:54.0395140Z test file_view_removal::viewer_deletion_never_prunes_an_externally_retained_forgotten_source_or_successor ... ok
2026-10-07T15:03:54.2255146Z test external_calls::defaults_physical_menu_exact_choices_saved_reopen_and_retired_selector_are_owned ... ok
2026-10-07T15:03:54.2603958Z test filename_rules::attached_regex_menus_copy_without_edits_and_favourites_commit_independently ... ok
2026-10-07T15:03:54.4665621Z test filename_simple::folder_tag_child_is_staged_reopens_and_is_cancelled_with_its_owner ... ok
2026-10-07T15:03:54.6750385Z test filename_rules::real_lists_replay_reference_and_save_folder_consumers_without_stale_callbacks ... ok
2026-10-07T15:03:54.8457375Z test filename_simple::real_simple_actions_replay_selection_paste_and_removal_then_reach_manual_import_seeds ... ok
2026-10-07T15:03:54.8977161Z test filesize_predicate::destroyed_main_automatically_closes_new_size_while_bound_child_and_collector_survive ... ok
2026-10-07T15:03:55.1513423Z test ffmpeg_timeout::already_open_importer_captures_old_deadline_saved_apply_changes_next_call_and_no_store_cycle ... ok
2026-10-07T15:03:55.4157316Z test filesize_predicate::only_final_bound_drop_retires_size_and_old_timers_cannot_retire_a_live_successor ... ok
2026-10-07T15:03:55.6537686Z test filesize_predicate::hidden_cancelled_rebound_and_accepted_closed_main_cannot_accept_a_retained_size_draft ... ok
2026-10-07T15:03:55.7632527Z test file_view_removal::options_match_actual_qt_dependency_apply_cancel_reopen_and_retired_callbacks ... ok
2026-10-07T15:03:55.7970132Z test filesize_predicate::real_radio_keys_and_all_units_reach_the_search_consumer ... ok
2026-10-07T15:03:55.8444743Z test folder_manager_lifecycle::draft_is_read_after_worker_commit_and_read_failure_releases_the_request ... ok
2026-10-07T15:03:55.9140589Z test folder_manager_lifecycle::failed_folder_commit_closes_owners_and_releases_the_lease_without_partial_writes ... ok
2026-10-07T15:03:56.0708251Z test folders::an_import_folders_filename_tagging_is_added_edited_and_deleted ... ok
2026-10-07T15:03:56.2324182Z test folders::export_folders_are_added_edited_and_written ... ok
2026-10-07T15:03:56.2334137Z test folders::folder_paths_are_picked_with_browse ... ok
2026-10-07T15:03:56.5131039Z test force_filetype::a_file_is_forced_to_another_filetype_and_back ... ok
2026-10-07T15:03:56.5500708Z test folder_manager_lifecycle::wait_cancel_window_close_and_live_pause_changes_release_only_the_transient_request ... ok
2026-10-07T15:03:56.5777527Z test folders::import_folders_are_added_edited_and_written ... ok
2026-10-07T15:03:56.7304806Z test force_idle::hidden_prompt_cancel_rebind_close_and_final_binding_clone_retire_override ... ok
2026-10-07T15:03:56.8589146Z test force_idle::forced_idle_admits_real_trash_and_physical_passes_at_unchanged_deadlines ... ok
2026-10-07T15:03:56.8984899Z test force_idle::real_menu_checked_states_controller_matrix_activity_and_autosave_consumer ... ok
2026-10-07T15:03:56.9244513Z test folder_manager_lifecycle::replay_reference_pause_wait_apply_cancel_and_original_pause_restoration ... ok
2026-10-07T15:03:56.9284485Z test formula_editors::formula_editors_bulk_edit_sequences_and_cancelled_children_unlock_parent ... ok
2026-10-07T15:03:57.0583555Z test formula_editors::formula_editors_cancel_children_and_edit_context_formulae ... ok
2026-10-07T15:03:57.1844679Z test formula_editors::formula_editors_json_sidecar_formula_is_saved_with_import_folder ... ok
2026-10-07T15:03:57.2761992Z test formula_editors::formula_editors_sidecar_json_child_applies_to_source_only_on_acceptance ... ok
2026-10-07T15:03:57.2825701Z test formula_editors::formula_editors_html_rules_validation_processing_and_screenshot ... ok
2026-10-07T15:03:57.2934032Z test formula_editors::formula_editors_simple_downloader_list_saves_cancel_and_unique_names ... ok
2026-10-07T15:03:57.4917546Z test formula_editors::lifecycle_string_editors_cancel_descendants_and_reopen ... ok
2026-10-07T15:03:57.5054171Z test formula_editors::lifecycle_formula_parent_keeps_rule_address_stable ... ok
2026-10-07T15:03:57.6374699Z test formula_editors::recursive_nested_children_preview_transformed_examples_and_save ... ok
2026-10-07T15:03:57.6802128Z test formula_editors::recursive_owner_cancel_invalidates_every_depth_and_retained_handle ... ok
2026-10-07T15:03:57.6864064Z test formula_editors::recursive_second_formula_can_select_every_transformed_example ... ok
2026-10-07T15:03:57.8304719Z test formula_editors::zipper_components_exchange_appends_only_formulae_and_exports_selection ... ok
2026-10-07T15:03:57.8386238Z test formula_editors::recursive_zipper_queue_matches_reference_and_blocks_parent_mutations ... ok
2026-10-07T15:03:58.0286511Z test formula_editors::scalar_formula_controls_preview_processing_cancel_and_save ... ok
2026-10-07T15:03:58.0864185Z test gallery_source::actual_widget_replays_reference_groups_cancels_and_empty_warnings ... ok
2026-10-07T15:03:58.5004499Z test gallery_source::options_source_child_is_staged_cancel_safe_and_reaches_page_and_subscription ... ok
2026-10-07T15:03:58.7064377Z test frame_locations::frame_options_table_child_staging_and_saved_viewer_geometry_match_reference ... ok
2026-10-07T15:03:58.8006488Z test gui_colours::help_warning_hidden_acknowledgement_toggle_rebind_and_final_bound_drop_are_owned ... ok
2026-10-07T15:03:59.0066797Z test gui_colours::saved_palette_change_during_real_row_fade_discards_old_brushes_without_redecoding ... ok
2026-10-07T15:03:59.6793765Z test gui_colours::fresh_local_membership_live_roles_and_existing_owned_windows_paint_without_palette_changes ... ok
2026-10-07T15:04:00.0734683Z test hash_predicate::all_types_signs_and_empty_hashes_publish_the_recorded_queries ... ok
2026-10-07T15:04:00.8417996Z test hash_predicate::cleanup_replaces_real_typed_text_and_owns_warning_acknowledgement ... ok
2026-10-07T15:04:01.0992921Z test hash_predicate::main_death_and_final_bound_drop_automatically_close_recorded_cleanup_warning ... ok
2026-10-07T15:04:01.3824206Z test headless_lifetime::completed_bound_menus_release_their_pages_rows_and_workers_before_thread_exit ... ok
2026-10-07T15:04:01.5673578Z test headless_lifetime::explicit_ui_scope_teardown_releases_bound_workers_before_thread_exit ... ok
2026-10-07T15:04:01.7407897Z test headless_lifetime::last_collector_hides_visible_components_and_releases_callbacks_and_store ... ok
2026-10-07T15:04:02.0029308Z test gui_format::staged_controls_reopen_and_reach_real_log_rows_and_page_size_status ... ok
2026-10-07T15:04:02.0624861Z test formula_editors::formula_fetch_decodes_real_documents_updates_preview_and_discards_closed_owner_results ... ok
2026-10-07T15:04:03.7554643Z test hidden_page_preview::closed_live_canvas_survives_unclose_but_forget_retires_even_retained_search_owner ... ok
2026-10-07T15:04:03.8314386Z test hidden_page_preview::displaced_global_hide_request_retries_original_time_with_two_workers_and_one_queue ... ok
2026-10-07T15:04:04.6911236Z test hidden_page_preview::normal_pending_page_return_retries_with_return_time_and_rejects_obsolete_reply ... ok
2026-10-07T15:04:04.7513479Z test hidden_page_preview::actual_qt_owned_hide_roundtrip_preserves_both_page_intervals_and_normal_restore ... ok
2026-10-07T15:04:06.3609345Z test hidden_page_preview::pending_hidden_decode_is_page_owned_and_same_key_successor_retires_snapshots_and_replies ... ok
2026-10-07T15:04:07.3124219Z test hidden_page_preview::same_monitor_persisted_same_keys_fresh_pages_drop_frames_and_reject_late_old_generation ... ok
2026-10-07T15:04:07.4696588Z test hidden_page_preview::snapshot_eviction_redecodes_owned_identity_without_restarting_hidden_intervals ... ok
2026-10-07T15:04:08.0158658Z test idle_timeout_options::unchanged_options_acceptance_normalises_raw_seconds_and_changes_the_existing_live_gate ... ok
2026-10-07T15:04:08.8554239Z test idle_timeout_options::complete_idle_captions_and_actual_none_states_fit_opening_and_capture_sizes ... ok
2026-10-07T15:04:09.3485690Z test idle_timeout_options::staged_timeouts_change_live_browsing_mouse_api_and_autosave_gates_only_after_apply ... ok
2026-10-07T15:04:09.5791492Z test gui_colours::real_options_stage_all_roles_cancel_hidden_inputs_and_retire_owned_picker ... ok
2026-10-07T15:04:09.7354399Z test image_cache::real_saved_policy_preserves_current_media_and_intervals_then_retires_final_bound_owner ... ok
2026-10-07T15:04:10.0235755Z test image_colour::paused_animation_keeps_accepted_frame_index_and_pixels_on_icc_notification ... ok
2026-10-07T15:04:10.2714688Z test import_files::files_and_folders_picked_are_reviewed ... ok
2026-10-07T15:04:10.6734843Z test import_files::files_are_imported_with_the_sidecars_tab_routers ... ok
2026-10-07T15:04:11.0822945Z test import_files::files_are_imported_with_the_tags_filename_tagging_gives_them ... ok
2026-10-07T15:04:11.3204679Z test image_colour::actual_saved_icc_updates_preview_viewer_tiles_and_archive_without_resetting_owned_state ... ok
2026-10-07T15:04:11.4688226Z test import_files::files_given_are_reviewed_then_imported ... ok
2026-10-07T15:04:11.4975311Z test image_colour::held_old_colour_reply_cannot_replace_current_or_rebound_canvas_and_ineligible_preview_stays_empty ... ok
2026-10-07T15:04:11.7036245Z test import_folder_log::unsaved_folder_has_owned_empty_log_and_owner_closure_discards_pending_cache ... ok
2026-10-07T15:04:11.9244057Z test import_options::a_highlighted_searchs_own_file_limit_and_import_options_are_edited ... ok
2026-10-07T15:04:11.9687132Z test import_options::a_gallery_pages_import_options_are_edited_for_its_new_searches ... ok
2026-10-07T15:04:12.1484619Z test import_options::a_url_downloaders_import_options_are_edited ... ok
2026-10-07T15:04:12.3259760Z test import_options::an_import_folders_import_options_are_edited_and_written ... ok
2026-10-07T15:04:12.3674008Z test import_options::favourites_popup_replays_real_dialogs_persists_and_invalidates_children ... ok
2026-10-07T15:04:12.5324557Z test import_folder_log::copied_cache_replays_reference_child_apply_cancel_and_folder_cancel_then_manager_commit ... ok
2026-10-07T15:04:12.5434681Z test import_options::options_profiles_share_the_parent_draft_without_persisting_children ... ok
2026-10-07T15:04:12.7189616Z test import_options::shared_overwrite_drafts_close_cleanly_and_clipboard_reaches_real_importer ... ok
2026-10-07T15:04:12.9585491Z test import_options_panel::applied_defaults_url_overrides_profiles_and_simple_preference_reach_consumers ... ok
2026-10-07T15:04:13.0438625Z test import_options_panel::options_drafts_replay_clear_reset_simple_mode_and_cancel_without_store_changes ... ok
2026-10-07T15:04:13.1887224Z test importer_list_menu::a_gallery_lists_menu_acts_on_the_pressed_search ... ok
2026-10-07T15:04:13.2528415Z test importer_list_menu::a_watcher_lists_menu_copies_the_pressed_watchers_url ... ok
2026-10-07T15:04:13.3855099Z test image_cache::speed_memory_helpers_own_wrapped_space_at_preferred_and_capture_sizes ... ok
2026-10-07T15:04:13.4164270Z test importer_list_menu::closed_log_renormalisation_menu_requires_confirmation ... ok
2026-10-07T15:04:13.5039633Z test importer_list_menu::closed_search_log_exchange_retains_real_questions_and_png_children ... ok
2026-10-07T15:04:13.6489309Z Slint: long callback/instantiation chain detected
2026-10-07T15:04:13.7444737Z test info_lines::info_lines_are_the_reference_s ... ok
2026-10-07T15:04:13.8854680Z test import_work_slots::actual_importing_controls_cancel_apply_reopen_and_ignore_retired_edits ... ok
2026-10-07T15:04:14.0089802Z test info_lines::the_archive_delete_filter_shows_the_top_line_too ... ok
2026-10-07T15:04:14.2295665Z test incremental_tagging::real_incremental_child_replays_cancel_apply_memory_and_blocks_parent_mutations ... ok
2026-10-07T15:04:14.2990584Z test list_drag::dragging_across_rows_selects_them ... ok
2026-10-07T15:04:14.4495149Z test info_lines::the_viewer_shows_the_top_line_near_its_top ... ok
2026-10-07T15:04:14.5319023Z test local_transfer::actual_thumbnail_transfer_menu_captures_selection_and_checks_parent_identity ... ok
2026-10-07T15:04:14.7271276Z test local_transfer::native_transfer_yes_no_cancel_and_stale_window_cannot_write ... ok
2026-10-07T15:04:14.7743626Z test login_script_controls::script_information_error_help_and_retired_children_replay_actual_qt ... ok
2026-10-07T15:04:14.8404372Z test login_workflows::credential_entry_masks_password_and_replays_reference_invalid_confirmation ... ok
2026-10-07T15:04:15.4349972Z test local_transfer::staged_options_apply_cancel_reopen_and_retired_successor_callbacks ... ok
2026-10-07T15:04:15.9246822Z test login_workflows::domain_cookie_reset_is_confirmed_immediate_and_survives_parent_cancel ... ok
2026-10-07T15:04:15.9932851Z test login_workflows::domain_menu_credentials_stage_activation_and_persist_only_at_parent_apply ... ok
2026-10-07T15:04:16.3180641Z test login_workflows::embedded_step_cookie_actions_replay_qt_and_retire_matchers_with_the_owner ... ok
2026-10-07T15:04:16.3963590Z test login_workflows::example_domain_stages_match_reference_final_cancel_and_preserve_parent_transaction ... ok
2026-10-07T15:04:16.4489437Z test login_workflows::login_exchange_reviews_without_mutating_then_parent_apply_persists_unique_scripts ... ok
2026-10-07T15:04:17.1902540Z test login_workflows::native_domain_prompts_replay_reference_add_change_delete_and_apply_consumers ... ok
2026-10-07T15:04:17.2435279Z test login_workflows::network_login_scripts_menu_reaches_persisted_editor ... ok
2026-10-07T15:04:17.2973960Z test login_workflows::parent_cancel_discards_pending_domain_description_credentials_and_delete ... ok
2026-10-07T15:04:18.3965860Z test login_workflows::reopened_domain_manager_monitors_and_cancels_actual_engine_owned_demand_process ... ok
2026-10-07T15:04:18.5072890Z test login_workflows::result_review_replays_real_qt_fields_unicode_preview_full_copy_and_stale_close ... ok
2026-10-07T15:04:18.5640926Z test login_workflows::script_definition_matcher_child_stages_until_parent_apply_and_cancel_discards ... ok
2026-10-07T15:04:18.9153250Z test login_workflows::delayed_manual_completion_cannot_overwrite_a_successor_login_outcome ... ok
2026-10-07T15:04:19.1396971Z test login_workflows::script_step_content_preview_apply_and_parent_cancel_are_owned_and_restricted ... ok
2026-10-07T15:04:19.1856700Z test login_script_controls::actual_login_cog_targets_isolated_http_request_and_drops_stale_command ... ok
2026-10-07T15:04:19.2746142Z test login_workflows::sequential_cookie_matchers_replay_reference_titles_defaults_cancel_and_distinct_rows ... ok
2026-10-07T15:04:21.4301290Z test login_workflows::shared_cookie_list_owns_matchers_and_stages_both_script_and_step_consumers ... ok
2026-10-07T15:04:22.9641358Z test login_workflows::script_editor_runs_real_http_with_fresh_cookies_and_reviews_without_saving ... ok
2026-10-07T15:04:23.0241176Z test login_workflows::step_argument_prompts_replay_reference_questions_defaults_cancel_and_stale_owner ... ok
2026-10-07T15:04:23.1499032Z test login_workflows::step_shows_three_reference_argument_lists_with_independent_selection_and_pinned_footer ... ok
2026-10-07T15:04:23.3900324Z test login_workflows::script_test_domain_prompt_replays_memory_cancel_clear_timing_and_real_http ... ok
2026-10-07T15:04:23.5836383Z test login_workflows::domain_login_confirmation_saves_then_real_http_persists_session_and_outcome ... ok
2026-10-07T15:04:23.8048280Z Slint: long callback/instantiation chain detected
2026-10-07T15:04:23.8073848Z test main_identity::raw_name_apply_cancel_and_title_refresh_are_scoped_to_the_current_main_binding ... ok
2026-10-07T15:04:23.8946860Z Slint: long callback/instantiation chain detected
2026-10-07T15:04:23.9291291Z test main_identity::stale_file_hidden_closed_reshown_and_rebound_viewers_cannot_launch ... ok
2026-10-07T15:04:23.9432147Z test main_shortcuts::ctrl_page_up_and_down_move_along_the_pages ... ok
2026-10-07T15:04:24.1055649Z test main_identity::actual_middle_press_uses_canonical_tag_location_defaults_and_saved_activation ... ok
2026-10-07T15:04:24.1445727Z test main_shortcuts::f5_and_ctrl_i ... ok
2026-10-07T15:04:24.2349892Z test manage_notes::notes_are_added_edited_and_deleted_as_the_reference_does ... ok
2026-10-07T15:04:24.3509339Z test manage_ratings::ratings_are_set_copied_pasted_and_applied_as_the_reference_does ... ok
2026-10-07T15:04:24.5295901Z Slint: long callback/instantiation chain detected
2026-10-07T15:04:24.7937210Z test manage_tags::switching_from_empty_service_restores_the_only_suggestion_page ... ok
2026-10-07T15:04:25.2462365Z test manage_tags::most_used_panels_filter_only_add_broadcast_and_retire_closed_consumers ... ok
2026-10-07T15:04:25.3024399Z test manage_tag_counts::thumbnail_dialog_replays_deleted_counts_and_retained_callbacks_cannot_mutate_reopened_owner ... ok
2026-10-07T15:04:25.3324220Z test manage_tags::tags_are_added_and_removed_as_the_reference_does ... ok
2026-10-07T15:04:25.4735098Z Slint: long callback/instantiation chain detected
2026-10-07T15:04:25.5174942Z Slint: long callback/instantiation chain detected
2026-10-07T15:04:25.5824499Z test manage_tags_sort::hidden_main_cannot_launch_or_reshow_child_but_visible_viewer_keeps_its_own_route ... ok
2026-10-07T15:04:25.6024541Z test login_workflows::step_argument_draft_rejects_duplicates_stages_cancel_and_reaches_actual_http ... ok
2026-10-07T15:04:25.9383882Z Slint: long callback/instantiation chain detected
2026-10-07T15:04:25.9760244Z test manage_tags_sort::rebind_and_accepted_exit_retire_visible_sort_children_and_old_viewer_launcher ... ok
2026-10-07T15:04:26.1734216Z test manage_tags_sort::main_selection_and_viewer_current_file_use_distinct_defaults_and_live_dialog_keeps_its_sort ... ok
2026-10-07T15:04:26.3474603Z test manage_times::times_are_edited_added_and_applied_as_the_reference_does ... ok
2026-10-07T15:04:26.3624097Z test manage_tags_sort::native_options_stage_cancel_save_reopen_and_reject_retired_sender ... ok
2026-10-07T15:04:26.4079139Z test manage_urls::urls_are_added_removed_and_edited_as_the_reference_does ... ok
2026-10-07T15:04:26.5844340Z test media_actions::confirmation_policy_matches_recorded_actionable_domains_and_counts ... ok
2026-10-07T15:04:26.7554008Z test media_actions::closing_viewer_discards_advanced_deletion_and_reopening_recalls_applied_choice ... ok
2026-10-07T15:04:26.8339830Z test media_shortcuts::alt_and_the_arrows_rearrange_the_selected_thumbnails ... ok
2026-10-07T15:04:26.9892536Z test media_shortcuts::ctrl_c_copies_the_files_themselves ... ok
2026-10-07T15:04:27.0391502Z test media_actions::the_viewer_s_shortcuts_archive_inbox_and_delete ... ok
2026-10-07T15:04:27.1149701Z test media_shortcuts::ctrl_r_and_ctrl_e ... ok
2026-10-07T15:04:27.2853854Z test media_sort::the_sort_options_come_across_from_hydrus ... ok
2026-10-07T15:04:27.2964220Z test media_sort::the_sort_control_offers_namespace_and_rating_sorts ... ok
2026-10-07T15:04:27.5363909Z test menu_bar::clear_and_load_replaces_the_pages_with_a_session ... ok
2026-10-07T15:04:27.5698521Z test menu_bar::boot_pause_menu_saves_preference_and_preserves_live_resume ... ok
2026-10-07T15:04:27.7693461Z test menu_bar::keys_open_and_move_through_the_menus ... ok
2026-10-07T15:04:27.8327484Z test menu_bar::sessions_are_saved_from_the_pages_menu ... ok
2026-10-07T15:04:28.0773767Z test menu_bar::the_bar_s_menus_open_and_do_what_they_say ... ok
2026-10-07T15:04:28.4224023Z test media_sort::pages_sort_as_the_reference_s_pages_sort ... ok
2026-10-07T15:04:28.8984535Z test manage_tags_sort::actual_sort_stacks_fit_their_rows_and_scroll_without_overlap_at_both_viewports ... ok
2026-10-07T15:04:28.9712537Z test menu_bar::the_pointer_opens_menus_and_chooses_from_them ... ok
2026-10-07T15:04:37.7370544Z test menu_choice_wheel::options_staging_saved_policy_bubbling_and_retired_roots_are_owned ... ok
2026-10-07T15:04:42.9570202Z test menu_choice_wheel::manual_export_tag_choices_read_live_policy_and_publish_real_sidebar_rows ... ok
2026-10-07T15:04:48.6674941Z test menu_choice_wheel::open_manage_tags_reads_live_policy_and_keeps_recorded_type_orders_and_real_rows ... ok
2026-10-07T15:04:49.3854429Z test merge_options::a_rules_custom_merge_options_are_edited ... ok
2026-10-07T15:04:50.2034889Z test merge_options::the_default_merge_options_are_edited_and_written ... ok
2026-10-07T15:04:50.9213303Z test merge_options::the_duplicate_filters_custom_action_merges_by_its_own_options ... ok
2026-10-07T15:04:50.9263451Z test mpv::a_video_plays_into_frames_at_the_size_asked ... ok
2026-10-07T15:04:52.8478894Z test namespace_colours::actual_namespace_questions_cancel_retired_owners_reopen_and_live_colours_replay_qt ... ok
2026-10-07T15:04:53.5990510Z test namespace_colours::blank_native_add_apply_and_return_keep_entry_until_acknowledgement_and_parent_cancel ... ok
2026-10-07T15:04:53.9349977Z test namespace_sorts::applied_scheme_reopens_and_drives_real_ordered_media_and_new_collect_namespace ... ok
2026-10-07T15:04:54.3291163Z test namespace_sorts::queue_replays_real_questions_selection_cancel_and_parent_apply_isolation ... ok
2026-10-07T15:04:54.9027570Z test network_data::bandwidth_filters_chart_multiselect_delete_cancel_live_reset_and_saved_age ... ok
2026-10-07T15:04:55.8005126Z test network_data::bandwidth_history_columns_sort_detail_and_default_kind_routing ... ok
2026-10-07T15:04:56.4503996Z test network_data::bandwidth_rules_cancel_apply_reopen_and_render ... ok
2026-10-07T15:04:56.9544935Z test network_data::jobs_live_progress_commands_and_offline_expiry ... ok
2026-10-07T15:04:57.3236628Z test network_job_control::auto_policy_belongs_to_page_control_and_retires_when_page_closes ... ok
2026-10-07T15:04:57.6974812Z test network_job_control::current_jobs_cog_retries_uses_rules_and_retains_finished_error ... ok
2026-10-07T15:04:58.6573991Z test network_job_control::page_cog_rules_cancel_apply_and_error_owner_boundary ... ok
2026-10-07T15:05:05.1714356Z test network_job_control::page_override_reaches_live_engine_and_auto_policy_reaches_next_request ... ok
2026-10-07T15:05:05.1864400Z test network_job_control::retained_error_close_cannot_close_replacement_or_reopened_owner ... ok
2026-10-07T15:05:05.2724513Z test network_sessions::applied_widgets_change_existing_engines_outgoing_requests ... ok
2026-10-07T15:05:07.7805341Z test menu_choice_wheel::wheel_protocol_emits_single_choice_and_empty_consumes_without_selection ... ok
2026-10-07T15:05:09.1626793Z test network_sessions::automatic_header_dialog_approval_denial_later_and_stale_callbacks ... ok
2026-10-07T15:05:09.4327845Z test network_sessions::browse_create_edit_cancel_apply_and_clear ... ok
2026-10-07T15:05:09.5373754Z test network_sessions::cookie_exchange_widgets_confirm_filter_cancel_import_export_and_report_errors ... ok
2026-10-07T15:05:09.5973122Z test network_sessions::dropping_final_owner_cancels_open_drafts_and_invalidates_child_callbacks ... ok
2026-10-07T15:05:09.7273351Z test network_sessions::headers_validate_duplicate_delete_cancel_reopen_and_persist ... ok
2026-10-07T15:05:10.0267935Z test normal_time_maintenance::dropped_binding_retires_retained_control_and_wakes_its_real_held_wait ... ok
2026-10-07T15:05:10.3354493Z test network_sessions::automatic_header_answers_reach_an_existing_engine_request ... ok
2026-10-07T15:05:10.5209788Z test normal_time_maintenance::normal_time_apply_reaches_waiting_consumer_and_terminal_owner_wakes_without_successor ... ok
2026-10-07T15:05:10.7031182Z test normal_time_maintenance::rebind_wakes_previous_pass_and_preserves_queued_pair_for_current_owner ... ok
2026-10-07T15:05:10.9330980Z Slint: long callback/instantiation chain detected
2026-10-07T15:05:11.0434446Z test normal_time_maintenance::unchecked_normal_flags_block_real_workers_but_current_live_idle_admits_both ... ok
2026-10-07T15:05:11.4360140Z test notebook_new_page::insertion_option_imports_rejects_invalid_cancels_and_changes_real_chooser_consumer ... ok
2026-10-07T15:05:11.6394202Z test notebook_new_page::nested_chooser_freezes_parent_and_anchor_and_cancel_clears_pending_position ... ok
2026-10-07T15:05:11.7549698Z test normal_time_maintenance::staged_controls_cancel_reopen_hidden_retired_and_peer_merge ... ok
2026-10-07T15:05:12.0136506Z test notebook_refresh::advanced_weight_counts_repeated_media_and_both_seed_logs_and_copies_exact_label ... ok
2026-10-07T15:05:12.1470656Z test notebook_new_page::popup_new_page_and_here_replay_real_reference_order_selection_and_cancellation ... ok
2026-10-07T15:05:12.2690722Z test notebook_refresh::notebook_refresh_resumes_initialized_descendants_and_preserves_background_selection ... ok
2026-10-07T15:05:12.4544223Z test notebook_sessions::notebook_session_copies_preserve_media_and_independent_importer_state ... ok
2026-10-07T15:05:12.4724322Z test notebook_sessions::clicked_notebook_saving_replays_names_overwrite_invalid_and_cancellation ... ok
2026-10-07T15:05:13.6119687Z test notes_preferences::options_cog_cursor_copy_and_live_hover_replay_with_owned_cancel_and_reopen ... ok
2026-10-07T15:05:14.4774042Z test open_externally::file_queue_replays_all_nested_reference_states_and_live_children ... ok
2026-10-07T15:05:14.6674879Z test open_externally::live_local_membership_restore_reaches_the_same_launcher_after_store_reopen ... ok
2026-10-07T15:05:15.3539779Z test notebook_tree::real_tree_mouse_and_keys_replay_cursor_activation_and_preserved_child_expansion ... ok
2026-10-07T15:05:16.7769879Z test open_externally::options_routes_replay_qt_owned_choosers_cancel_order_apply_reopen_and_retirement ... ok
2026-10-07T15:05:16.7956457Z test open_externally::outer_mime_mapping_reference_replay_saved_keys_delete_and_retired_children ... ok
2026-10-07T15:05:16.9954073Z Slint: long callback/instantiation chain detected
2026-10-07T15:05:17.0708463Z test open_externally::saved_routes_reach_main_and_live_viewer_os_fallback_and_missing_owned_notice ... ok
2026-10-07T15:05:17.2105244Z test open_externally::saved_registered_vectors_feed_actual_main_live_viewer_and_url_pipeline ... ok
2026-10-07T15:05:17.3665739Z test open_externally::shortcut_and_routing_children_exclude_each_other_and_cancel_staged_changes ... ok
2026-10-07T15:05:17.5895000Z test options_window::advanced_deletion_queue_stages_custom_reason_cancel_and_real_consumer ... ok
2026-10-07T15:05:17.6454097Z test options_window::applied_session_backup_count_controls_the_next_save ... ok
2026-10-07T15:05:18.1221176Z test options_window::cancelled_closing_options_and_stale_viewers_cannot_redirect_the_live_owner ... ok
2026-10-07T15:05:18.6964184Z test options_window::banner_options_match_qt_drafts_and_refresh_cached_thumbnails_and_open_viewer ... ok
2026-10-07T15:05:18.7784433Z test menu_choice_wheel::real_media_type_wheels_reach_main_and_staged_options_including_unoffered_current ... ok
2026-10-07T15:05:18.8704314Z Slint: long callback/instantiation chain detected
2026-10-07T15:05:19.1098893Z test options_window::command_palette_options_stage_queue_changes_and_persist_only_on_apply ... ok
2026-10-07T15:05:19.3438323Z test options_window::canvas_options_apply_to_the_open_viewer_and_cancel_discards_the_draft ... ok
2026-10-07T15:05:19.8734574Z test options_window::default_export_directory_browse_apply_cancel_and_manual_open_use_shared_preference ... ok
2026-10-07T15:05:20.1174260Z test options_window::cursor_timeout_reaches_native_motion_timer_focus_and_actual_popup_lifecycle ... ok
2026-10-07T15:05:20.3985045Z test options_window::default_local_location_child_draft_drives_blank_pages_and_tag_fallback ... ok
2026-10-07T15:05:20.5048546Z test options_window::default_search_service_option_changes_new_pages_and_missing_keys_fall_back ... ok
2026-10-07T15:05:20.5063610Z test options_window::eye_menu_mixed_root_boundaries_match_the_recorded_menu_and_real_declaration_order ... ok
2026-10-07T15:05:20.9024117Z test options_window::favourite_tags_child_replays_reference_and_waits_for_parent_apply ... ok
2026-10-07T15:05:21.4594118Z test options_window::files_trash_confirmations_are_staged_reopened_and_consumed ... ok
2026-10-07T15:05:22.0408860Z test options_window::closing_preferences_reach_frozen_page_selection_and_native_main_activation ... ok
2026-10-07T15:05:22.6953870Z test options_window::gui_identity_and_exit_confirmation_reach_the_main_window ... ok
2026-10-07T15:05:24.3044125Z test options_window::hash_prefix_option_reaches_selected_and_focused_clipboard_hashes ... ok
2026-10-07T15:05:26.7114051Z test options_window::hover_options_apply_to_actual_mouseover_panels_and_passive_index_text ... ok
2026-10-07T15:05:28.9734732Z test menu_choice_wheel::physical_media_order_changes_results_and_native_pointer_still_opens_and_chooses has been running for over 60 seconds
2026-10-07T15:05:30.6598835Z test options_window::hover_zoom_and_loop_options_reach_owned_viewers_and_survive_cancel_and_reopen ... ok
2026-10-07T15:05:31.1460821Z test options_window::implicit_limit_options_reach_queries_and_limited_sort_refresh ... ok
2026-10-07T15:05:32.1680942Z test options_window::most_used_child_stages_each_service_cancels_descendants_and_persists_options ... ok
2026-10-07T15:05:32.4875202Z test options_window::notebook_focus_option_changes_the_next_tab_close ... ok
2026-10-07T15:05:32.8059574Z test options_window::options_remember_navigation_and_apply_search_placement ... ok
2026-10-07T15:05:33.4374916Z test menu_choice_wheel::physical_media_order_changes_results_and_native_pointer_still_opens_and_chooses ... ok
2026-10-07T15:05:34.3406553Z test options_window::focus_options_reach_native_activity_and_actual_mouseover_gates ... ok
2026-10-07T15:05:35.3674990Z test options_window::pointer_options_change_real_drag_acceptance_and_cursor_transitions ... ok
2026-10-07T15:05:35.6292347Z test options_window::regex_favourites_open_from_options_and_keep_parent_transaction ... ok
2026-10-07T15:05:35.8543749Z Slint: long callback/instantiation chain detected
2026-10-07T15:05:36.6031257Z test options_window::related_weight_drafts_cancel_reopen_and_re_rank_an_already_open_service_panel ... ok
2026-10-07T15:05:36.8680846Z test options_window::removed_default_service_falls_back_in_options_and_waits_for_apply ... ok
2026-10-07T15:05:37.0048427Z test options_window::read_list_sizes_and_float_policy_reach_rendered_new_pages ... ok
2026-10-07T15:05:37.4273834Z test options_window::search_defaults_apply_to_new_pages_and_the_real_autocomplete ... ok
2026-10-07T15:05:37.8504019Z test options_window::sleep_options_apply_to_the_network_consumer_and_cancel_drafts ... ok
2026-10-07T15:05:38.3754728Z test options_window::eye_menu_collapse_options_stage_reopen_and_rebuild_the_existing_browser_viewer ... ok
2026-10-07T15:05:38.5379988Z test options_window::resize_and_seek_options_reach_the_native_viewer_geometry ... ok
2026-10-07T15:05:38.6815208Z test options_window::subscription_concurrency_options_replay_bounds_parent_apply_cancel_and_reopen ... ok
2026-10-07T15:05:38.9509800Z test options_window::the_checker_options_buttons_edit_the_default_checker_options ... ok
2026-10-07T15:05:38.9766006Z test options_window::tag_dialog_service_dropdown_tracks_remember_checkbox_and_parent_transaction ... ok
2026-10-07T15:05:39.1175136Z test options_window::subscription_failure_limit_options_replay_qt_values_apply_cancel_and_reopen ... ok
2026-10-07T15:05:39.2214451Z test options_window::the_default_collect_is_chosen_as_a_pages_collect ... ok
2026-10-07T15:05:39.2590967Z test options_window::the_default_sorts_are_chosen_as_a_pages_sort ... ok
2026-10-07T15:05:39.3988187Z test options_window::the_default_tag_sorts_are_chosen ... ok
2026-10-07T15:05:39.5314097Z test options_window::the_thumbnail_rating_options_redraw_the_grid ... ok
2026-10-07T15:05:39.6623998Z test options_window::the_options_window_applies_its_changes ... ok
2026-10-07T15:05:40.2294715Z test options_window::thumbnails_take_the_size_the_options_give_them ... ok
2026-10-07T15:05:40.2709021Z test options_window::the_thumbnails_border_and_margin_lay_out_the_grid ... ok
2026-10-07T15:05:41.3451288Z test options_window::viewing_menu_preferences_apply_to_real_menu_lines_and_cancel_preserves_them ... ok
2026-10-07T15:05:41.4811892Z test or_connector::actual_options_raw_connector_preserves_live_or_label_colour_query_and_retired_owner ... ok
2026-10-07T15:05:41.8554034Z test page_navigation_options::applied_controls_reopen_and_drive_history_and_search_focus ... ok
2026-10-07T15:05:41.8651427Z test options_window::viewing_timing_options_reach_real_viewer_and_archive_filter_lifetimes ... ok
2026-10-07T15:05:42.0085342Z test page_navigation_options::real_close_questions_cancel_and_undo_preserve_nested_trees_and_session_exemption ... ok
2026-10-07T15:05:42.2086485Z test page_scroll::a_page_shown_again_is_scrolled_as_it_was_left ... ok
2026-10-07T15:05:42.2910581Z test parser_editors::canceled_stale_nested_windows_and_invalid_fields_never_overwrite ... ok
2026-10-07T15:05:43.1652174Z test parser_editors::content_test_panel_fetches_raw_data_and_hands_it_to_its_formula ... ok
2026-10-07T15:05:43.2379181Z test parser_editors::deletion_confirmation_is_modal_and_removes_only_its_snapshotted_keys ... ok
2026-10-07T15:05:43.4596584Z test page_chooser_options::checkbox_drafts_cancel_apply_reopen_and_choose_exact_reference_locations ... ok
2026-10-07T15:05:43.5234112Z test parser_editors::link_apply_rejects_a_class_changed_to_a_file_in_another_editor ... ok
2026-10-07T15:05:43.6352202Z test parser_editors::links_auto_fill_and_api_review_reproduce_reference_and_preserve_installed_consumers ... ok
2026-10-07T15:05:43.7192141Z test parser_editors::multiple_examples_restore_sources_and_propagate_converted_selected_child_data ... ok
2026-10-07T15:05:43.7844158Z test parser_editors::namespace_control_is_disabled_without_losing_its_saved_text ... ok
2026-10-07T15:05:44.0964217Z test parser_editors::native_page_content_apply_roundtrip_preserves_subsidiary_and_formula ... ok
2026-10-07T15:05:44.1627705Z test parser_editors::owned_parser_picker_and_clear_questions_replay_reference_and_reach_live_resolver ... ok
2026-10-07T15:05:45.5356234Z test page_navigation_options::switching_to_each_importer_focuses_its_actual_query_or_url_text_input ... ok
2026-10-07T15:05:45.8224692Z test options_window::passive_background_options_paint_independent_copies_behind_opaque_media ... ok
2026-10-07T15:05:45.9005685Z test parser_editors::recursive_formula_edits_reach_saved_page_parser_and_consumer ... ok
2026-10-07T15:05:46.0705145Z test parser_editors::fetched_page_examples_use_actual_network_headers_cookies_context_and_child_converter ... ok
2026-10-07T15:05:46.0823386Z test parser_editors::recursive_subsidiary_creation_is_staged_and_owner_cancels_descendants ... ok
2026-10-07T15:05:46.1321446Z test parser_editors::raw_content_preview_preserves_clipboard_context_and_detects_fetched_png_bytes ... ok
2026-10-07T15:05:46.1339885Z test parser_editors::reusable_content_kinds_remap_restricted_choices_and_preserve_login_context ... ok
2026-10-07T15:05:46.1911972Z test parser_editors::sorted_parser_rows_and_sparse_link_rows_select_the_visible_definition ... ok
2026-10-07T15:05:46.2468897Z test parser_editors::subsidiary_export_uses_owned_reference_png_parameters_and_discards_stale_export ... ok
2026-10-07T15:05:46.2505358Z test parser_editors::subsidiary_edits_preserve_nested_page_identity_and_cancel_metadata_without_prompt ... ok
2026-10-07T15:05:46.4021618Z test parser_editors::subsidiary_queue_exchange_is_staged_preserves_wrappers_and_reaches_saved_parser ... ok
2026-10-07T15:05:46.4513938Z test parser_editors::url_class_links_are_staged_cancel_safe_and_refresh_capability ... ok
2026-10-07T15:05:46.4973984Z test parser_editors::subsidiary_separator_uses_converted_data_preserves_newlines_and_saves ... ok
2026-10-07T15:05:46.8348505Z test parser_editors::timestamp_content_has_only_source_choice_and_persists_real_parsed_metadata ... ok
2026-10-07T15:05:47.0073701Z test physical_delete_delay::actual_fields_cancel_raw_apply_reopen_hidden_retired_and_rebind_ownership ... ok
2026-10-07T15:05:47.1514120Z test parser_editors::page_fetch_error_menu_retains_completed_failure_and_clears_at_next_request ... ok
2026-10-07T15:05:47.1564110Z test popup_freeze::real_options_cancel_reopen_concurrent_fields_hidden_and_retired_children_do_not_write ... ok
2026-10-07T15:05:47.3332847Z test popup_job_actions::accepted_close_and_rebinding_retire_queued_calls_even_with_retained_windows_and_bindings ... ok
2026-10-07T15:05:47.4355119Z test popup_job_actions::clipboard_and_repeatable_current_callable_reach_real_native_controls_and_store_effects ... ok
2026-10-07T15:05:47.4860736Z test popup_job_actions::cloned_bound_keeps_popup_actions_live_until_its_last_owner_drops ... ok
2026-10-07T15:05:47.6331211Z test popup_job_actions::removed_question_tokens_and_retired_producers_cannot_answer_successors ... ok
2026-10-07T15:05:47.9471655Z test popup_freeze::hidden_rebind_and_accepted_close_retire_ui_only_and_never_admit_to_a_successor ... ok
2026-10-07T15:05:47.9843282Z test popup_job_actions::yes_and_no_dismiss_the_popup_and_reach_the_retained_producer_once ... ok
2026-10-07T15:05:49.2044361Z test popup_freeze::queued_jobs_expire_and_change_under_frozen_cards_then_restore_and_live_false_resume ... ok
2026-10-07T15:05:49.4769834Z test popup_job_actions::long_question_and_action_controls_render_with_fixed_and_narrow_popup_caps ... ok
2026-10-07T15:05:49.6616549Z test popup_width::pending_eleventh_card_snapshots_on_admission_and_row_removal_keeps_old_policies ... ok
2026-10-07T15:05:49.8057810Z test predicate_editors::each_change_to_a_panel_makes_what_the_reference_s_makes ... ok
2026-10-07T15:05:49.9254549Z Slint: long callback/instantiation chain detected
2026-10-07T15:05:49.9713929Z test predicate_editors::each_editor_is_the_reference_s ... ok
2026-10-07T15:05:50.1981545Z test predicate_editors::imported_predicate_defaults_reach_panels_and_reset_never_resurrects_legacy_values ... ok
2026-10-07T15:05:50.2325102Z test popups::popups_show_at_the_bottom_right_and_their_buttons_work ... ok
2026-10-07T15:05:50.5063229Z test predicate_editors::native_viewtime_milliseconds_survive_accept_recent_reopen_and_cancel ... ok
2026-10-07T15:05:50.7234020Z test predicate_editors::panels_set_in_several_ways_make_what_the_reference_s_make ... ok
2026-10-07T15:05:51.0078871Z test predicate_editors::predicate_star_save_and_reset_survive_cancel_and_reach_future_searches ... ok
2026-10-07T15:05:51.1806420Z test predicate_editors::regex_star_save_is_immediate_but_acceptance_checks_and_viewtime_keeps_milliseconds ... ok
2026-10-07T15:05:51.4107150Z test predicate_editors::the_editor_window_adds_what_it_makes_to_the_search ... ok
2026-10-07T15:05:51.6357113Z test predicate_editors::the_editor_window_shows_what_trees_and_buttons_change ... ok
2026-10-07T15:05:51.8496066Z test predicate_editors::the_empty_search_box_offers_the_reference_s_system_predicates ... ok
2026-10-07T15:05:52.1878672Z test predicate_history::recorded_global_history_reaches_visible_locked_restored_and_empty_pages ... ok
2026-10-07T15:05:52.4043640Z test predicate_history::undo_retains_populated_locked_media_badge_and_raw_menu_labels ... ok
2026-10-07T15:05:52.6694768Z test predicate_editors::more_suggestions_than_fit_scroll_rather_than_spill_over ... ok
2026-10-07T15:05:53.2375918Z test popup_width::options_cancel_apply_successor_stale_callbacks_and_real_popup_geometry ... ok
2026-10-07T15:05:53.2935621Z test preview_default_zoom::held_raster_acceptance_samples_saved_preview_policy_without_restart_or_prohibited_admission ... ok
2026-10-07T15:05:53.4433966Z Slint: long callback/instantiation chain detected
2026-10-07T15:05:54.0224308Z test preview_viewing::native_page_generation_same_file_restore_and_late_decode_cannot_publish_to_successor ... ok
2026-10-07T15:05:54.0944281Z test preview_viewing::native_preview_minimum_cap_before_minimum_none_limits_and_inactive_finish ... ok
2026-10-07T15:05:54.2133935Z Slint: long callback/instantiation chain detected
2026-10-07T15:05:54.2848078Z Slint: long callback/instantiation chain detected
2026-10-07T15:05:54.8469199Z Slint: long callback/instantiation chain detected
2026-10-07T15:05:55.1814418Z test preview_viewing::preview_display_replays_qt_page_splitter_active_clear_close_and_successor_ownership ... ok
2026-10-07T15:05:55.3349215Z Slint: long callback/instantiation chain detected
2026-10-07T15:05:55.3723583Z Slint: long callback/instantiation chain detected
2026-10-07T15:05:55.8104322Z test preview_viewing::preview_rejects_actual_reference_nonlocal_invalid_resolution_and_do_not_show_statuses ... ok
2026-10-07T15:05:56.0174430Z Slint: long callback/instantiation chain detected
2026-10-07T15:05:56.2214280Z test preview_viewing::preview_workers_bound_slow_decodes_and_coalesce_the_latest_owned_target ... ok
2026-10-07T15:05:56.3822971Z Slint: long callback/instantiation chain detected
2026-10-07T15:05:56.5832056Z test preview_viewing::rejected_preview_decode_never_counts_a_thumbnail_selection_or_loading_placeholder ... ok
2026-10-07T15:05:56.6714304Z test preview_default_zoom::real_options_cancel_reopen_six_modes_paint_clipped_geometry_and_preserve_current_on_save ... ok
2026-10-07T15:05:56.9005900Z test quick_export_directory::hidden_rebound_closed_and_reentrant_resolver_owners_cannot_launch_or_create ... ok
2026-10-07T15:05:57.0632083Z test quick_export_directory::actual_file_menu_replays_saved_paths_fallback_errors_cancel_and_reopen ... ok
2026-10-07T15:05:58.3067017Z test preview_viewing::saved_preview_options_reach_open_display_duration_cap_cancel_and_confirmed_client_exit ... ok
2026-10-07T15:05:58.6744477Z test radio_return::actual_advanced_delete_action_reason_defaults_and_retained_owners_follow_live_policy ... ok
2026-10-07T15:05:58.8798105Z test radio_return::gui_options_cancel_hidden_stale_apply_save_reopen_and_live_existing_editor ... ok
2026-10-07T15:05:59.3584935Z test radio_return::unforced_parent_default_accepts_live_but_final_bound_retirement_is_permanent ... ok
2026-10-07T15:05:59.8695000Z test ratings::a_file_s_ratings_are_set_by_clicks ... ok
2026-10-07T15:05:59.8714252Z test ratings::clicks_along_stars_set_them_as_the_reference_s_do ... ok
2026-10-07T15:06:00.0759593Z test radio_return::all_recorded_filesize_hash_groups_accept_with_live_policy_and_preserve_multiline_consumption ... ok
2026-10-07T15:06:00.1581886Z test rating_sizes::sizes_replay_owned_options_and_reach_dialog_and_service_examples_after_reopen ... ok
2026-10-07T15:06:00.2086356Z test read_autocomplete::literal_parent_activation_children_removal_and_negative_restore_match_qt ... ok
2026-10-07T15:06:00.5965253Z test read_or::native_or_keys_replay_drafts_and_commit_real_query_without_saving_cancelled_terms ... ok
2026-10-07T15:06:00.6104420Z test read_autocomplete::real_page_tabs_apply_caps_keep_zero_count_descendants_and_restore_context ... ok
2026-10-07T15:06:00.8384117Z test recent_predicates::the_editor_window_keeps_and_shows_recent_predicates ... ok
2026-10-07T15:06:01.0474029Z test regex_favourites::failed_last_conversion_write_keeps_the_child_and_parent_draft_open ... ok
2026-10-07T15:06:01.1291229Z test regex_favourites::favourite_window_stages_advisory_invalid_rows_and_cancels_retained_handles ... ok
2026-10-07T15:06:01.1634146Z test read_or::actual_basic_and_advanced_children_apply_cancel_reopen_and_reject_stale_owners ... ok
2026-10-07T15:06:01.3415108Z test regex_favourites::last_conversion_child_acceptance_survives_parent_cancel_and_fresh_slots ... ok
2026-10-07T15:06:01.3874158Z test regex_favourites::matcher_favourite_popup_copies_refreshes_and_owns_persisted_management ... ok
2026-10-07T15:06:01.5681182Z test regex_favourites::matcher_favourites_manager_saves_global_choices_and_parent_cancel_closes_it ... ok
2026-10-07T15:06:01.5923956Z test regex_favourites::shared_regex_menus_copy_without_changing_text ... ok
2026-10-07T15:06:01.6115771Z test related_weight_table::owned_weight_headers_and_table_switches_replay_qt_without_changing_cancelled_settings ... ok
2026-10-07T15:06:01.8405374Z test read_or::system_children_gate_immediate_durable_actions_on_hidden_switched_and_locked_owners ... ok
2026-10-07T15:06:01.8474410Z test scanbar::configured_nub_width_seeks_the_recorded_animation_frames ... ok
2026-10-07T15:06:01.8534445Z test scanbar::the_bar_shows_and_seeks_as_the_reference_s_does ... ok
2026-10-07T15:06:01.9084051Z test scanbar::a_file_that_plays_seeks_by_its_bar_and_by_key ... ok
2026-10-07T15:06:02.0284088Z test search_domains::new_search_pages_search_the_default_tag_service ... ok
2026-10-07T15:06:02.0686425Z test search_domains::the_domain_buttons_are_the_references ... ok
2026-10-07T15:06:02.0701326Z test regex_options_editor::real_options_saved_input_chooser_crud_cancel_apply_and_retired_owners_match_qt ... ok
2026-10-07T15:06:02.2268887Z test search_domains::the_domain_buttons_change_what_the_page_searches ... ok
2026-10-07T15:06:02.2997385Z test search_lock::a_saved_session_keeps_the_lock ... ok
2026-10-07T15:06:02.4159044Z test search_lock::a_page_opened_on_files_is_locked_to_them ... ok
2026-10-07T15:06:02.4383791Z test search_lock::locking_a_search_asks_first ... ok
2026-10-07T15:06:02.4902433Z test search_lock::the_open_menu_s_pages_are_the_reference_s ... ok
2026-10-07T15:06:02.6944064Z test search_log::exchange_confirmations_png_objects_and_owner_cancel_reach_the_persisted_queue ... ok
2026-10-07T15:06:02.7595071Z Slint: long callback/instantiation chain detected
2026-10-07T15:06:02.7663695Z test search_log::the_search_log_lists_a_queues_pages_and_acts_on_them ... ok
2026-10-07T15:06:02.8926619Z test search_page::predicates_are_entered_as_the_reference_s_list_takes_them ... ok
2026-10-07T15:06:02.9354046Z test search_page::system_predicate_counts_are_for_the_page_s_file_domain ... ok
2026-10-07T15:06:03.0825467Z test search_page::tags_are_shown_as_the_user_has_them_shown ... ok
2026-10-07T15:06:03.4814185Z test selected_deletion_records::actual_menu_and_answer_replay_clear_only_captured_records_and_enable_reimport ... ok
2026-10-07T15:06:03.6474853Z Slint: long callback/instantiation chain detected
2026-10-07T15:06:03.6553919Z Slint: long callback/instantiation chain detected
2026-10-07T15:06:03.6882537Z Slint: long callback/instantiation chain detected
2026-10-07T15:06:03.7423787Z test selected_deletion_records::hidden_stale_page_rebound_and_accepted_exit_cannot_clear_captured_records ... ok
2026-10-07T15:06:03.8974438Z test popup_width::real_cards_follow_qt_min_max_fixed_gauge_and_wrapped_text_boundaries ... ok
2026-10-07T15:06:03.9950191Z test selected_deletion_records::tab_roundtrip_permanently_invalidates_menu_and_answer_and_advanced_child_blocks_dispatch ... ok
2026-10-07T15:06:04.2251580Z test services_editor::deleting_relation_source_refreshes_open_viewer_and_locked_selection ... ok
2026-10-07T15:06:04.6877823Z test search_page::a_search_page_finds_files_and_shows_their_thumbnails ... ok
2026-10-07T15:06:04.9158881Z test services_editor::one_star_rating_preview_replays_four_samples_and_preserves_saved_normalization ... ok
2026-10-07T15:06:05.2734088Z test services_editor::staged_rating_config_applies_and_cancel_writes_nothing ... ok
2026-10-07T15:06:05.5734132Z test services_review::deleted_record_review_needs_both_answers_and_reopens_with_import_consumer_changed ... ok
2026-10-07T15:06:06.3277097Z test services_review::local_bulk_review_replays_confirmations_store_changes_and_reopens ... ok
2026-10-07T15:06:06.3985006Z test services_editor::live_rating_examples_stage_only_configuration_and_retire_cancelled_owners ... ok
2026-10-07T15:06:06.5784411Z test services_review::replacing_review_cancels_pending_deleted_clear_and_retained_owner_cannot_write ... ok
2026-10-07T15:06:06.6684044Z test services_review::services_menu_opens_review_and_refreshes ... ok
2026-10-07T15:06:06.9055274Z test session::a_gallery_downloader_page_shows_and_controls_its_searches ... ok
2026-10-07T15:06:06.9394005Z test session::a_double_click_on_a_tab_rows_empty_space_chooses_a_page_for_it ... ok
2026-10-07T15:06:07.1189495Z test session::a_saved_session_appends_as_a_page_of_pages ... ok
2026-10-07T15:06:07.1486722Z test session::a_local_import_page_shows_and_controls_its_import ... ok
2026-10-07T15:06:07.3637220Z test session::a_url_downloader_page_shows_and_controls_its_queue ... ok
2026-10-07T15:06:07.4093108Z test session::a_watcher_downloader_page_shows_and_controls_its_watchers ... ok
2026-10-07T15:06:07.5654122Z test session::bulk_tab_close_matches_reference_and_undo_restores_nested_positions ... ok
2026-10-07T15:06:07.6884040Z test session::chooser_new_notebook_name_preference_matches_reference_and_persists ... ok
2026-10-07T15:06:07.7318632Z test session::collapse_empty_nested_notebook_has_no_hash_lock_and_one_replacement ... ok
2026-10-07T15:06:07.8818733Z test session::downloader_backup_and_freshest_load_survive_source_queue_deletion ... ok
2026-10-07T15:06:08.0594511Z test session::historical_session_append_restores_independent_tree_files_and_selection ... ok
2026-10-07T15:06:08.2923637Z test session::pages_open_and_close_as_the_reference_does ... ok
2026-10-07T15:06:08.3035441Z test session::duplicate_and_collapse_menus_replay_real_ordered_media_and_cancellation ... ok
2026-10-07T15:06:08.4400187Z test selected_deletion_records::actual_question_buttons_keys_and_retired_press_clear_only_captured_records ... ok
2026-10-07T15:06:08.4894029Z test session::queues_of_pages_left_closed_go_when_the_client_opens ... ok
2026-10-07T15:06:08.5677276Z test session::rename_tab_uses_frozen_key_and_cancellation_preserves_name ... ok
2026-10-07T15:06:08.6761438Z test session::send_down_keeps_nested_selection_and_open_search_objects ... ok
2026-10-07T15:06:08.7524524Z test session::tab_close_focus_settings_and_context_navigation_reach_consumers ... ok
2026-10-07T15:06:08.8415605Z test session::tab_menu_pages_lists_the_clicked_notebooks_media_pages_as_the_reference_does ... ok
2026-10-07T15:06:09.0040074Z test session::send_down_and_rename_prompts_match_reference_including_cancellation ... ok
2026-10-07T15:06:09.0090737Z test session::tab_reordering_keeps_nested_notebooks_and_shown_leaf ... ok
2026-10-07T15:06:09.0889226Z test session::tab_popup_bulk_close_cancellation_and_acceptance_are_wired ... ok
2026-10-07T15:06:09.2155503Z test session::tab_size_sort_sums_open_nested_media_and_keeps_stable_ties ... ok
2026-10-07T15:06:09.2413858Z Slint: long callback/instantiation chain detected
2026-10-07T15:06:09.3643969Z test session::the_pages_are_kept_for_the_client_api_and_do_what_it_asks ... ok
2026-10-07T15:06:09.3674545Z test session_autosave::application_focus_observer_preserves_transient_none_and_identifies_other_windows ... ok
2026-10-07T15:06:09.6890410Z test session_autosave::applied_idle_and_period_controls_drive_real_archives_with_unchanged_suppression ... ok
2026-10-07T15:06:09.9394707Z test session_autosave::actual_key_and_pointer_events_reset_idle_and_other_startup_stops_autosave ... ok
2026-10-07T15:06:10.0844400Z test session_autosave::auxiliary_native_window_events_reset_only_input_idle_and_preserve_autosave_retry ... ok
2026-10-07T15:06:10.0846182Z test session_autosave::native_focus_registry_delivers_to_owned_callback_once_and_releases_dead_viewers ... ok
2026-10-07T15:06:10.0875524Z test session::the_last_session_opens_as_it_was_left ... ok
2026-10-07T15:06:10.2575541Z test session_startup::bad_shutdown_recovery_replays_real_yes_no_close_timeout_and_blank_bypasses ... ok
2026-10-07T15:06:10.2984358Z test session_autosave::non_page_api_activity_marker_drives_idle_retry_and_expiry_after_reopen ... ok
2026-10-07T15:06:10.3256416Z test session_autosave::applied_size_warning_creates_exact_popup_once_and_resets_only_at_new_boot ... ok
2026-10-07T15:06:10.3264323Z test session_startup::running_marker_survives_interrupted_boot_and_clears_only_explicit_clean_finish ... ok
2026-10-07T15:06:10.4765522Z test session_startup::named_startup_restores_ordered_media_selection_and_independent_importer_snapshot ... ok
2026-10-07T15:06:10.5066787Z test session_startup::recovery_keeps_displayed_name_if_preferences_change_and_clean_startup_skips_question ... ok
2026-10-07T15:06:10.6615477Z test set_password::actual_password_dialogs_persist_the_six_recorded_outcomes ... ok
2026-10-07T15:06:10.6820166Z test session_startup::startup_dropdown_cancels_invalid_choice_and_applies_frozen_named_session_selection ... ok
2026-10-07T15:06:10.7504113Z test set_password::cancelled_and_closed_password_owners_cannot_clear_or_replace_the_lock ... ok
2026-10-07T15:06:10.7533440Z test session_startup::startup_replays_real_blank_missing_last_and_named_trees_and_initial_schedule ... ok
2026-10-07T15:06:10.7694223Z test set_password::hidden_replaced_and_dropped_password_slots_cannot_mutate_a_successor ... ok
2026-10-07T15:06:11.0733837Z test shortcut_capture::accepted_main_close_retires_saved_shortcuts_even_after_show_and_fresh_binding_reopens ... ok
2026-10-07T15:06:11.0741473Z test shortcut_capture::command_and_set_cancel_reject_stale_children_and_preserve_successor_drafts ... ok
2026-10-07T15:06:11.0756048Z test shortcut_capture::raw_backend_key_location_and_modifier_identity_reach_the_same_capture_contract ... ok
2026-10-07T15:06:11.5116623Z test shortcut_capture::saved_mouse_and_keyboard_captures_feed_existing_viewer_navigation_and_guard_closed_owners ... ok
2026-10-07T15:06:11.5639117Z test shortcut_capture::keyboard_capture_applies_through_owned_set_then_options_and_saved_main_executor ... ok
2026-10-07T15:06:11.7334438Z Slint: long callback/instantiation chain detected
2026-10-07T15:06:12.4385140Z test sibling_connector::persisted_custom_empty_and_unicode_connectors_render_without_changing_tags ... ok
2026-10-07T15:06:12.9201674Z test sidebar_context_cogs::default_collect_cog_stages_cancels_reopens_and_rejects_retired_menu_actions ... ok
2026-10-07T15:06:13.1027679Z Slint: long callback/instantiation chain detected
2026-10-07T15:06:13.7820419Z test sibling_colours::options_cancel_retired_apply_reopen_and_all_segmented_native_consumers ... ok
2026-10-07T15:06:13.8283697Z Slint: long callback/instantiation chain detected
2026-10-07T15:06:13.9784072Z test services_editor::numerical_examples_drag_and_fraction_text_use_the_whole_widget_hit_area ... ok
2026-10-07T15:06:14.0603942Z test sidebar_context_cogs::sidebar_actions_replay_all_service_display_and_unmatched_media_outputs ... ok
2026-10-07T15:06:16.1554048Z test sidebar_layout::live_hide_setting_keeps_accepted_preview_refuses_replacements_and_collapse_retains_selection ... ok
2026-10-07T15:06:17.4146191Z test sidebar_layout::rebind_retires_preview_under_predecessor_splitter_before_successor_hides_it ... ok
2026-10-07T15:06:17.7535069Z test sidecars::a_routers_processing_is_edited_in_the_string_processor_editor ... ok
2026-10-07T15:06:17.9713688Z test sidecars::a_sidecars_filename_conversion_is_edited_in_the_converter_editor ... ok
2026-10-07T15:06:18.1703995Z test sidecars::an_export_folders_sidecars_come_from_the_templates ... ok
2026-10-07T15:06:18.4624756Z test sidecars::an_import_folders_sidecars_are_edited_and_written ... ok
2026-10-07T15:06:18.6384012Z test sidecars::closing_manual_export_discards_its_pending_router_exchange ... ok
2026-10-07T15:06:18.6623560Z test sidecars::date_conversion_fields_preview_and_cancel_reach_the_converter ... ok
2026-10-07T15:06:19.5706581Z test sidecars::export_folder_query_examples_refresh_media_and_reach_source_children ... ok
2026-10-07T15:06:19.8504059Z test sidecars::json_object_names_use_staged_text_children_and_saved_router_worker ... ok
2026-10-07T15:06:20.0144016Z test sidecars::processing_exchange_reviews_append_and_parent_cancel_invalidates_children ... ok
2026-10-07T15:06:20.3525376Z test sidecars::router_examples_follow_reference_source_tabs_and_processor_children_without_exports ... ok
2026-10-07T15:06:20.5314011Z test sidecars::router_import_child_obeys_hidden_cancel_replacement_and_dropped_owner ... ok
2026-10-07T15:06:20.9254065Z test sidecars::router_import_replays_permitted_subsets_and_ordered_png_failures ... ok
2026-10-07T15:06:21.1766462Z test sidecars::router_png_child_has_recorded_parameters_and_closes_with_its_queue_owner ... ok
2026-10-07T15:06:21.4630494Z test sidecars::router_queue_exchange_is_staged_context_checked_and_reaches_manual_export ... ok
2026-10-07T15:06:21.8484254Z test simple_downloader::a_simple_downloader_page_queues_pages_with_its_formula ... ok
2026-10-07T15:06:22.6748384Z test slideshow::a_slideshow_moving_on_leaves_the_menu_and_questions_with_their_file ... ok
2026-10-07T15:06:24.1320059Z test sidebar_context_cogs::actual_tag_display_menu_changes_modes_captures_checks_and_rejects_retired_view_actions ... ok
2026-10-07T15:06:24.1570645Z test slideshow::files_with_durations_bend_the_period_as_the_reference_s ... ok
2026-10-07T15:06:24.1831965Z test slideshow::the_slideshow_menu_is_the_reference_s ... ok
2026-10-07T15:06:24.8655754Z test sidebar_layout::pressed_old_handle_cannot_resize_same_key_successor_binding_or_same_session_reload ... ok
2026-10-07T15:06:25.0599870Z test status_bar::a_search_page_says_why_it_is_empty ... ok
2026-10-07T15:06:25.5590663Z test slideshow::a_slideshow_runs_in_the_viewer_from_its_menu ... ok
2026-10-07T15:06:25.7651904Z test status_bar::the_status_bar_is_the_reference_s ... ok
2026-10-07T15:06:25.7655326Z test still::rendering_cuts_out_the_part_and_resizes_it ... ok
2026-10-07T15:06:25.7693515Z test still::the_part_showing_is_resized_to_the_pixels_it_covers ... ok
2026-10-07T15:06:25.9843072Z test subscriptions::actual_subscription_list_transport_choices_dispatch_frozen_packages_and_guard_owners ... ok
2026-10-07T15:06:26.3703075Z test status_bar::the_main_window_says_what_the_network_has_read_and_what_is_paused ... ok
2026-10-07T15:06:26.6424177Z test subscriptions::closing_subscription_merge_owner_discards_pending_and_completed_drafts ... ok
2026-10-07T15:06:26.7079108Z test subscriptions::add_uses_a_separate_gallery_list_then_the_editor ... ok
2026-10-07T15:06:26.9413984Z test subscriptions::direct_import_picker_and_pending_notices_are_invalid_after_owner_cancel ... ok
2026-10-07T15:06:27.1743984Z test subscriptions::direct_missing_history_acceptance_uses_empty_owned_queues_and_dismissal_continues ... ok
2026-10-07T15:06:27.5614218Z test subscriptions::favourites_load_selected_subscriptions_and_custom_overwrite_obeys_owner_lifetime ... ok
2026-10-07T15:06:27.9928367Z test subscriptions::full_subscription_exchange_is_staged_cancellable_and_reopens_with_complete_histories ... ok
2026-10-07T15:06:28.4945975Z test subscriptions::legacy_subscription_clipboard_import_reaches_saved_query_settings_and_full_histories ... ok
2026-10-07T15:06:28.5866729Z test sort_cog::owned_cogs_stage_cancel_reopen_and_feed_independent_default_and_fallback_keys ... ok
2026-10-07T15:06:28.7321814Z test subscriptions::merging_separating_and_resetting_are_written_on_apply ... ok
2026-10-07T15:06:28.8454236Z test subscriptions::subscription_exchange_file_menus_load_selected_packages_and_cancel_invalid_batches ... ok
2026-10-07T15:06:29.0796695Z test subscriptions::subscription_missing_history_asks_original_question_before_staging_or_persisting ... ok
2026-10-07T15:06:29.2814272Z test subscriptions::direct_import_menus_replay_qt_type_warnings_file_prefixes_and_missing_rejection ... ok
2026-10-07T15:06:29.4467204Z test subscriptions::subscription_option_clipboard_edits_stay_staged_and_closed_owners_cannot_apply ... ok
2026-10-07T15:06:29.6824649Z test subscriptions::the_dialog_lists_the_subscriptions_and_changes_them_on_apply ... ok
2026-10-07T15:06:29.9714413Z test subscriptions::subscription_reset_and_retries_refresh_persisted_export_caches_and_forget_file_hashes ... ok
2026-10-07T15:06:30.0341434Z test subscriptions_dedupe::duplicate_queries_are_deduplicated_and_written_on_apply ... ok
2026-10-07T15:06:30.1925710Z test subscriptions_duplicate::a_duplicate_is_written_with_its_file_logs ... ok
2026-10-07T15:06:30.2577574Z test subscriptions_separate::some_queries_are_separated_and_written_on_apply ... ok
2026-10-07T15:06:31.1454530Z test system_or_activation::actual_main_and_basic_system_acceptance_preserves_shift_and_reaches_consumers ... ok
2026-10-07T15:06:31.3964022Z test subscriptions::subscription_merge_stages_all_groups_and_preserves_query_histories ... ok
2026-10-07T15:06:32.5894859Z test tab_drag::real_wheel_replays_qt_selection_and_staged_scroll_overflow_without_changing_session ... ok
2026-10-07T15:06:34.2803867Z test sidebar_layout::real_drag_menu_saved_defaults_per_page_reopen_restore_options_and_exit_ownership ... ok
2026-10-07T15:06:39.6494064Z test tab_presentation::selected_glyph_measurement_triggers_elision_at_the_actual_near_fit_boundary ... ok
2026-10-07T15:06:40.0294405Z test tag_dialog_defaults::remembered_tag_service_survives_native_cancel_without_saving_staged_tags ... ok
2026-10-07T15:06:40.2948333Z test tag_dialog_preferences::expanded_parent_rows_keep_colour_and_activate_their_originating_tag ... ok
2026-10-07T15:06:42.7394314Z test tag_dialog_preferences::options_apply_cancel_reopen_and_rendered_tag_service_topologies ... ok
2026-10-07T15:06:43.3724297Z test tag_display::dialogs_cancel_nested_editors_persist_and_refresh_locked_pages_and_viewer ... ok
2026-10-07T15:06:43.4377874Z test tag_filter_favourites::blacklist_extra_panels_and_all_four_paste_controls_follow_the_recording ... ok
2026-10-07T15:06:43.6508743Z test tag_filter_favourites::shared_favourites_exchange_and_cancel_preserve_the_owner_and_persist_on_reopen ... ok
2026-10-07T15:06:44.3306241Z test tab_presentation::apply_cancel_reopen_and_four_sides_preserve_real_nested_selection_and_full_names ... ok
2026-10-07T15:06:44.6097149Z test tag_list_display_types::sidebar_and_viewer_opening_modes_are_independent_after_gui_apply ... ok
2026-10-07T15:06:44.7807024Z test tag_migration::an_open_filter_child_cannot_broaden_a_confirmed_delete ... ok
2026-10-07T15:06:45.0454859Z test tag_migration::archive_controls_inspect_reject_wrong_pair_types_and_freeze_confirmed_paths ... ok
2026-10-07T15:06:45.3163610Z test tag_migration::cancellation_allows_immediate_popup_dismissal_then_publishes_cleanup ... ok
2026-10-07T15:06:45.5835271Z test tag_migration::closing_settings_retains_the_published_job_until_completion ... ok
2026-10-07T15:06:45.8745992Z test tag_list_display_types::options_apply_cancel_new_sidebar_and_viewer_replay_raw_display_and_filters ... ok
2026-10-07T15:06:46.0597427Z test tag_migration::global_tags_menu_opens_unrestricted_migration_and_can_reopen_after_cancel ... ok
2026-10-07T15:06:46.4124709Z test tag_migration::manage_tags_launches_selected_scope_and_refreshes_after_background_delete ... ok
2026-10-07T15:06:46.4443861Z test tag_migration::progress_popup_renders_the_recorded_paused_state ... ok
2026-10-07T15:06:46.6890373Z test tag_migration::service_review_opens_migration_with_reference_questions_and_renders ... ok
2026-10-07T15:06:47.2274872Z test tag_namespace_order::hidden_stale_rebound_and_accepted_close_children_cannot_stage_or_save ... ok
2026-10-07T15:06:48.1784402Z test tag_namespace_order::real_queue_matches_all_reference_prompts_and_parent_transactions ... ok
2026-10-07T15:06:48.3951846Z test tag_namespace_order::saved_order_reaches_the_real_sidebar_tag_sort ... ok
2026-10-07T15:06:48.8247736Z test tag_relationships::dialogs_stage_cancel_apply_questions_and_update_display ... ok
2026-10-07T15:06:49.0554091Z test tag_migration::completed_popup_remains_visible_until_past_its_three_second_deadline ... ok
2026-10-07T15:06:49.3433762Z test thumbnail_appearance::browse_uses_typed_draft_seed_and_hidden_appearance_controls_cannot_stage ... ok
2026-10-07T15:06:49.3824163Z test tab_presentation::recorded_hide_gate_retains_live_hierarchy_access_and_elision_changes_actual_paint ... ok
2026-10-07T15:06:49.7564733Z test thumbnail_appearance::default_new_page_small_nonuniform_background_has_exact_unscaled_extent_on_resize ... ok
2026-10-07T15:06:50.2444227Z test thumbnail_appearance::exit_cancel_preserves_nonempty_background_and_accepted_exit_permanently_clears_it ... ok
2026-10-07T15:06:50.3870725Z test thumbnail_appearance::blurhash_real_metadata_default_invalid_disable_and_owned_cache_policy ... ok
2026-10-07T15:06:50.4193996Z test thumbnail_appearance::old_page_cached_scroll_revisit_is_instant_and_fresh_decode_rearms_fade ... ok
2026-10-07T15:06:51.0242430Z test thumbnail_appearance::staged_browse_cancel_apply_new_page_policy_and_permanent_owner_retirement ... ok
2026-10-07T15:06:51.1189359Z test thumbnail_appearance::qt_marker_background_has_exact_extent_in_old_and_default_new_owners ... ok
2026-10-07T15:06:51.2865125Z test thumbnail_appearance::whole_cell_snapshots_exact_default_threshold_interruptions_and_cached_revisit ... ok
2026-10-07T15:06:51.4174162Z test thumbnail_appearance::real_main_selection_whole_cell_render_midpoint_finish_hide_and_retire ... ok
2026-10-07T15:06:51.6195174Z test thumbnail_icons::a_collection_s_banners_say_what_all_its_files_do ... ok
2026-10-07T15:06:51.7953787Z test thumbnail_icons::the_banners_are_the_references ... ok
2026-10-07T15:06:51.9593870Z test thumbnail_icons::the_banners_obey_the_single_file_tag_display_filter ... ok
2026-10-07T15:06:52.0908848Z test thumbnail_appearance::unscaled_background_clips_oversized_pixels_and_stays_fixed_on_scroll_and_clear ... ok
2026-10-07T15:06:52.1179714Z test thumbnail_icons::the_banners_show_pending_tags ... ok
2026-10-07T15:06:52.3011826Z test thumbnail_icons::the_grid_draws_each_thumbnail_s_icons ... ok
2026-10-07T15:06:52.3333388Z test thumbnail_icons::the_icons_are_the_references ... ok
2026-10-07T15:06:52.6054623Z test thumbnail_menu::the_menu_is_the_reference_s ... ok
2026-10-07T15:06:52.8297736Z test thumbnail_menu::the_urls_menu_opens_pages_of_a_url_and_asks_before_opening_several ... ok
2026-10-07T15:06:52.9367872Z test thumbnail_menu::a_right_click_shows_the_menu_and_its_entries_act ... ok
2026-10-07T15:06:53.0121726Z Slint: long callback/instantiation chain detected
2026-10-07T15:06:53.1555133Z test thumbnail_preview_selection::live_store_collection_gate_uses_all_members_and_preserves_zero_duration_distinction ... ok
2026-10-07T15:06:53.3324561Z Slint: long callback/instantiation chain detected
2026-10-07T15:06:54.4954328Z test thumbnail_cache::staged_exact_byte_units_timeout_policy_clear_reopen_and_incarnation_retirement ... ok
2026-10-07T15:06:54.8353790Z test thumbnail_ratings::the_grid_draws_each_thumbnail_s_ratings ... ok
2026-10-07T15:06:55.0483172Z test thumbnail_ratings::the_grid_draws_ratings_as_the_options_say ... ok
2026-10-07T15:07:10.7244922Z test tab_drag::real_pointer_drag_replays_shift_chase_hover_transfer_disable_and_cancel_with_ordered_media ... ok
2026-10-07T15:07:11.0751977Z test thumbnail_preview_selection::staged_controls_reach_pointer_range_key_preview_and_permanent_owner_retirement ... ok
2026-10-07T15:07:11.1024427Z test unlock::only_the_password_unlocks_the_client ... ok
2026-10-07T15:07:11.3504200Z test unselected_tag_cap::changing_sort_recomputes_the_capped_prefix ... ok
2026-10-07T15:07:11.7605109Z test thumbnail_selection::several_thumbnails_are_selected_and_acted_on ... ok
2026-10-07T15:07:12.8814126Z test viewer_drag::actual_pointer_drags_replay_qt_and_options_refresh_cancel_and_reopen ... ok
2026-10-07T15:07:14.0564374Z test viewer_drag::two_visible_viewers_read_saved_preferences_and_keep_independent_live_lifetimes ... ok
2026-10-07T15:07:14.3224522Z test thumbnail_selection::borders_and_margins_lay_the_grid_out ... ok
2026-10-07T15:07:14.3890423Z test viewer_menu::a_right_click_shows_the_viewer_s_menu_and_its_entries_act ... ok
2026-10-07T15:07:14.5494229Z test viewer_menu::the_viewer_s_menu_is_the_reference_s ... ok
2026-10-07T15:07:14.7359727Z test viewer_prefetch::archive_delete_uses_saved_neighbour_counts_and_retains_current_media_after_warm_readiness ... ok
2026-10-07T15:07:14.8130011Z test unselected_tag_cap::real_options_apply_cancel_reopen_counts_sorted_items_and_uncapped_selection ... ok
2026-10-07T15:07:15.2983335Z test viewer_prefetch::actual_duplicate_filter_uses_the_same_saved_percentage_for_future_images_without_replacing_current ... ok
2026-10-07T15:07:15.6412111Z test viewer_top_frame::the_viewer_s_top_hover_frame ... ok
2026-10-07T15:07:15.6524618Z test viewer_prefetch::options_cancel_hidden_modal_save_reopen_and_live_hidden_viewer_warming_leave_current_pixels_unchanged ... ok
2026-10-07T15:07:15.8814118Z test viewer_window::closing_an_older_viewer_releases_its_canvas_without_closing_its_successor ... ok
2026-10-07T15:07:15.9344485Z test viewer_window::the_viewer_opens_fullscreen_and_f_switches ... ok
2026-10-07T15:07:15.9914214Z test viewing_maintenance::closing_and_dropping_the_question_releases_its_timer_owner ... ok
2026-10-07T15:07:16.2500847Z test viewing_maintenance::real_menu_clear_and_cull_read_live_rules_preserve_declines_and_reopen ... ok
2026-10-07T15:07:16.2824233Z test viewer_window::the_viewer_s_browsing_shortcuts ... ok
2026-10-07T15:07:16.3184320Z test viewing_maintenance::retired_hidden_and_successor_owners_cannot_clear_or_cull_current_records ... ok
2026-10-07T15:07:16.5298732Z test watcher_checker::the_watcher_pages_checker_options_buttons ... ok
2026-10-07T15:07:16.6382066Z test volume::the_viewer_s_volume_control ... ok
2026-10-07T15:07:16.8408487Z test write_autocomplete::batch_context_menu_copies_and_launches_real_and_or_each_and_duplicate_pages ... ok
2026-10-07T15:07:17.0084413Z test write_autocomplete::detached_write_tag_child_commits_once_and_discards_closed_owner_answers ... ok
2026-10-07T15:07:17.3131927Z test viewer_tag_wheel::long_tag_hover_scrolls_before_policy_gated_real_navigation_and_zoom ... ok
2026-10-07T15:07:17.4360716Z test write_autocomplete::favourite_children_tabs_and_applied_cap_feed_manage_tags_and_import_tag_child ... ok
2026-10-07T15:07:17.5196254Z test write_autocomplete::import_whitelist_child_unlocks_on_cancel_and_closes_with_its_parent ... ok
2026-10-07T15:07:17.8793126Z test write_autocomplete::normal_paste_replays_cursor_selection_and_accepted_tags_preserve_the_draft ... ok
2026-10-07T15:07:18.2034068Z test write_autocomplete::keyboard_result_selection_copy_and_native_text_copy_use_their_own_focus ... ok
2026-10-07T15:07:18.2435093Z test write_autocomplete::paste_confirmation_skip_and_list_height_are_consumed_by_manage_tags ... ok
2026-10-07T15:07:18.4074841Z test write_autocomplete::regeneration_question_repairs_counts_only_on_yes_and_invalidates_on_cancel ... ok
2026-10-07T15:07:18.4983584Z test write_autocomplete::relationship_autocomplete_preserves_service_drafts_and_cancels_paste_with_owner ... ok
2026-10-07T15:07:18.5802048Z test window_rescue::staged_options_cancel_reopen_and_live_owned_opening_consumer_match_qt ... ok
2026-10-07T15:07:18.7794194Z test write_autocomplete::shared_tag_menu_favourites_questions_copy_launch_and_owner_lifetime ... ok
2026-10-07T15:07:18.8578864Z test write_autocomplete::selected_batches_stage_in_shared_dialogs_and_closed_owners_ignore_callbacks ... ok
2026-10-07T15:07:19.0020862Z test write_autocomplete::tag_menu_launches_native_search_and_duplicate_pages_with_recorded_predicates ... ok
2026-10-07T15:07:19.0044157Z test zoom::a_file_dragged_away_is_rescued_when_zoomed ... ok
2026-10-07T15:07:19.0059345Z test zoom::configurable_top_hover_zoom_cycles_match_real_qt_positions ... ok
2026-10-07T15:07:19.0103489Z test zoom::resizing_preserves_or_recenters_the_recorded_zoom_and_pan ... ok
2026-10-07T15:07:19.0133395Z test zoom::switching_files_keeps_the_zoom_as_the_duplicate_filter_does ... ok
2026-10-07T15:07:19.0547372Z test write_autocomplete::write_domain_buttons_query_counts_and_own_cancelled_location_child ... ok
2026-10-07T15:07:19.0563698Z test zoom::video_renders_at_the_size_shown_up_to_twice_the_window ... ok
2026-10-07T15:07:19.0564876Z test zoom::zooming_steps_about_the_pointer_and_switches ... ok
2026-10-07T15:07:19.0565731Z test zoom::zooming_to_max_is_as_the_reference_s ... ok
2026-10-07T15:07:19.0566477Z test zoom::zooms_follow_the_settings ... ok
2026-10-07T15:07:19.1564004Z test write_autocomplete::replacement_history_replays_real_keys_typing_undo_redo_and_independent_owners ... ok
2026-10-07T15:07:19.4862497Z test zoom::the_viewer_and_the_archive_delete_filter_zoom_and_pan ... ok
2026-10-07T15:07:30.5647141Z test thumbnail_navigation::owned_options_replay_cancel_save_reopen_and_real_keyboard_wheel_consumers ... FAILED
2026-10-07T15:07:30.5648248Z 
2026-10-07T15:07:30.5648394Z failures:
2026-10-07T15:07:30.5648564Z 
2026-10-07T15:07:30.5649126Z ---- thumbnail_navigation::owned_options_replay_cancel_save_reopen_and_real_keyboard_wheel_consumers stdout ----
2026-10-07T15:07:30.5658064Z actual thumbnail-navigation sidebar 1100x700: [Some(SidebarPair { frames: [MenuChoiceFrame { h: 68.0, w: 264.0, x: 8.0, y: 214.0 }, MenuChoiceFrame { h: 32.0, w: 264.0, x: 8.0, y: 214.0 }, MenuChoiceFrame { h: 32.0, w: 264.0, x: 8.0, y: 250.0 }], preferred: [145.0, 150.0] }), Some(SidebarPair { frames: [MenuChoiceFrame { h: 68.0, w: 264.0, x: 8.0, y: 330.0 }, MenuChoiceFrame { h: 32.0, w: 264.0, x: 8.0, y: 330.0 }, MenuChoiceFrame { h: 32.0, w: 264.0, x: 8.0, y: 366.0 }], preferred: [193.0, 111.0] })]; sidebar=MenuChoiceFrame { h: 626.0, w: 280.0, x: 0.0, y: 50.0 }
2026-10-07T15:07:30.5663157Z actual thumbnail-navigation sidebar 1100x700: [Some(SidebarPair { frames: [MenuChoiceFrame { h: 32.0, w: 384.0, x: 8.0, y: 230.0 }, MenuChoiceFrame { h: 32.0, w: 187.5, x: 8.0, y: 230.0 }, MenuChoiceFrame { h: 32.0, w: 192.5, x: 199.5, y: 230.0 }], preferred: [145.0, 150.0] }), Some(SidebarPair { frames: [MenuChoiceFrame { h: 32.0, w: 384.0, x: 8.0, y: 310.0 }, MenuChoiceFrame { h: 32.0, w: 231.0, x: 8.0, y: 310.0 }, MenuChoiceFrame { h: 32.0, w: 149.0, x: 243.0, y: 310.0 }], preferred: [193.0, 111.0] })]; sidebar=MenuChoiceFrame { h: 626.0, w: 400.0, x: 0.0, y: 50.0 }
2026-10-07T15:07:30.5665181Z 
2026-10-07T15:07:30.5665784Z thread 'thumbnail_navigation::owned_options_replay_cancel_save_reopen_and_real_keyboard_wheel_consumers' (15757) panicked at crates/hydrus-gui/tests/gui/thumbnail_navigation.rs:127:21:
2026-10-07T15:07:30.5667824Z buttons must be visible in actual search viewport: [Some(SidebarPair { frames: [MenuChoiceFrame { h: 68.0, w: 264.0, x: 8.0, y: 214.0 }, MenuChoiceFrame { h: 32.0, w: 264.0, x: 8.0, y: 214.0 }, MenuChoiceFrame { h: 32.0, w: 264.0, x: 8.0, y: 250.0 }], preferred: [145.0, 150.0] }), Some(SidebarPair { frames: [MenuChoiceFrame { h: 68.0, w: 264.0, x: 8.0, y: 330.0 }, MenuChoiceFrame { h: 32.0, w: 264.0, x: 8.0, y: 330.0 }, MenuChoiceFrame { h: 32.0, w: 264.0, x: 8.0, y: 366.0 }], preferred: [193.0, 111.0] })]; viewport=MenuChoiceFrame { h: 280.0, w: 280.0, x: 0.0, y: 50.0 }
2026-10-07T15:07:30.5669508Z note: run with `RUST_BACKTRACE=1` environment variable to display a backtrace
2026-10-07T15:07:30.5670116Z 
2026-10-07T15:07:30.5670120Z 
2026-10-07T15:07:30.5670217Z failures:
2026-10-07T15:07:30.5670636Z     thumbnail_navigation::owned_options_replay_cancel_save_reopen_and_real_keyboard_wheel_consumers
2026-10-07T15:07:30.5671024Z 
2026-10-07T15:07:30.5671321Z test result: FAILED. 710 passed; 1 failed; 0 ignored; 0 measured; 0 filtered out; finished in 248.78s
2026-10-07T15:07:30.5671693Z 
2026-10-07T15:07:30.6454271Z [1m[91merror[0m: test failed, to rerun pass `-p hydrus-gui --test gui`
2026-10-07T15:07:30.6455068Z [1m[92m     Running[0m unittests src/lib.rs (target/debug/deps/hydrus_gui_model-853ad77814c06543)
2026-10-07T15:07:30.6473273Z 
2026-10-07T15:07:30.6473440Z running 39 tests
2026-10-07T15:07:30.6477256Z test duplicate_filter::tests::deletion_reasons_read_as_the_reference_writes_them ... ok
2026-10-07T15:07:30.6480246Z test list_selection::tests::a_selection_follows_its_items ... ok
2026-10-07T15:07:30.6480978Z test list_selection::tests::clicks_select_as_qt_s_extended_selection ... ok
2026-10-07T15:07:30.6481850Z test favourites::tests::names_are_made_unique_as_the_reference_makes_them ... ok
2026-10-07T15:07:30.6482742Z test main_menu::tests::a_disabled_menu_does_not_open ... ok
2026-10-07T15:07:30.6486066Z test main_menu::tests::entries_hydrus_rs_cannot_do_are_not_usable ... ok
2026-10-07T15:07:30.6486810Z test main_menu::tests::advanced_mode_offers_to_nudge_subscriptions ... ok
2026-10-07T15:07:30.6487474Z test main_menu::tests::clicking_an_entry_chooses_it_unless_it_cannot_be ... ok
2026-10-07T15:07:30.6496436Z test main_menu::tests::hovering_opens_submenus_beside_their_entries ... ok
2026-10-07T15:07:30.6497567Z test main_menu::tests::closed_pages_are_offered_latest_first ... ok
2026-10-07T15:07:30.6498521Z test main_menu::tests::mnemonics_open_the_bar_s_menus ... ok
2026-10-07T15:07:30.6499540Z test main_menu::tests::keys_move_through_the_menus ... ok
2026-10-07T15:07:30.6500661Z test main_menu::tests::saved_sessions_of_its_own_can_be_saved_over_and_deleted ... ok
2026-10-07T15:07:30.6501531Z test main_menu::tests::separators_show_as_qt_shows_them ... ok
2026-10-07T15:07:30.6503090Z test main_menu::tests::several_folders_get_a_check_all_and_one_does_not ... ok
2026-10-07T15:07:30.6503806Z test main_menu::tests::the_pending_menu_lists_repositories_with_content_a_to_z ... ok
2026-10-07T15:07:30.6504367Z test main_menu::tests::the_history_is_numbered_latest_first_and_kept_to_twenty ... ok
2026-10-07T15:07:30.7469867Z test options::tests::the_editor_edits_the_page_shown ... ok
2026-10-07T15:07:30.7484627Z test options::tests::the_search_finds_options_by_their_labels_and_boxes ... ok
2026-10-07T15:07:30.7486555Z test options::tests::times_show_as_the_references_fields ... ok
2026-10-07T15:07:30.7506250Z test options::tests::only_the_options_changed_are_set ... ok
2026-10-07T15:07:30.7507286Z test options::tests::thumbnail_rating_sizes_go_up_to_the_thumbnails_width ... ok
2026-10-07T15:07:30.8164661Z test page_chooser::tests::menus_lead_to_pages_as_in_the_reference ... ok
2026-10-07T15:07:30.8194411Z test options::tests::values_that_cant_be_had_are_left_saying_why ... ok
2026-10-07T15:07:30.8263541Z test options::tests::times_rates_and_text_that_may_be_none_are_edited ... ok
2026-10-07T15:07:30.8697842Z test predicate_editors::defaults::tests::namespace_shortcuts_and_empty_results_follow_the_actual_star_menu ... ok
2026-10-07T15:07:30.9054964Z test page_chooser::tests::file_domains_are_offered_by_name ... ok
2026-10-07T15:07:30.9538280Z test predicate_editors::defaults::tests::star_regex_save_skips_accept_validation_like_the_actual_reference ... ok
2026-10-07T15:07:30.9563532Z test predicate_editors::special::tests::hashes_are_read_as_the_reference_reads_them ... ok
2026-10-07T15:07:30.9573830Z test predicate_editors::special::tests::lines_are_summed_up_as_the_reference_sums_them ... ok
2026-10-07T15:07:30.9575219Z test predicate_editors::tests::a_date_is_read_as_typed ... ok
2026-10-07T15:07:30.9576665Z test predicate_editors::tests::rating_is_offered_with_a_rating_service_and_the_rest_everywhere ... ok
2026-10-07T15:07:30.9578472Z test predicate_editors::tests::time_fields_split_a_span_into_its_units ... ok
2026-10-07T15:07:30.9580006Z test sort::tests::choices_are_named_and_ordered_as_the_reference_orders_them ... ok
2026-10-07T15:07:30.9580946Z test status::bandwidth_tests::only_what_is_read_while_the_client_is_open_counts ... ok
2026-10-07T15:07:30.9581827Z test status::bandwidth_tests::the_network_part_reads_as_the_reference_s ... ok
2026-10-07T15:07:30.9693359Z test predicate_editors::defaults::tests::service_keys_and_fractional_viewtime_survive_reordered_contexts_and_reopening ... ok
2026-10-07T15:07:31.6015545Z test predicate_editors::defaults::tests::comparability_replays_all_reference_subtypes_and_rating_services ... ok
2026-10-07T15:07:32.6370415Z test predicate_editors::defaults::tests::all_recorded_panel_families_restore_typed_defaults_and_explicit_inputs ... ok
2026-10-07T15:07:32.6370924Z 
2026-10-07T15:07:32.6371197Z test result: ok. 39 passed; 0 failed; 0 ignored; 0 measured; 0 filtered out; finished in 1.99s
2026-10-07T15:07:32.6371584Z 
2026-10-07T15:07:32.6397190Z [1m[92m     Running[0m tests/model/main.rs (target/debug/deps/model-6a4c3e05d83a2a67)
2026-10-07T15:07:32.6442517Z 
2026-10-07T15:07:32.6442896Z running 525 tests
2026-10-07T15:07:32.6470978Z test about::the_about_window_says_what_the_references_does ... ok
2026-10-07T15:07:32.6553985Z test active_predicates::actual_qt_commands_preserve_inverse_add_vs_ctrl_toggle_and_exact_result_sets ... ok
2026-10-07T15:07:32.6568956Z test active_predicates::actual_qt_inherited_copy_payloads_and_page_routes_match_all_recorded_selections ... ok
2026-10-07T15:07:32.6682051Z test active_predicates::mixed_controls_replay_real_qt_values_row_order_cancel_and_parser_vetoes ... ok
2026-10-07T15:07:32.6683449Z test active_predicates::supplied_size_and_limit_reopen_exact_values_despite_saved_creation_defaults ... ok
2026-10-07T15:07:32.9578300Z test api_update_toasts::all_recorded_apply_cancel_reopen_cases_and_concurrent_width_survive ... ok
2026-10-07T15:07:33.0174615Z test archive_delete_policies::real_independent_controls_cancel_reopen_merge_and_retained_legacy_native_precedence ... ok
2026-10-07T15:07:33.1433055Z test animation_start::recorded_raw_constructor_cancel_unchanged_apply_reopen_and_scoped_merge ... ok
2026-10-07T15:07:33.1443799Z test archive_repair::captured_scan_preserves_intervening_edits_and_cancellation_rolls_back_content_transaction ... ok
2026-10-07T15:07:33.1513463Z test auto_resolution_exchange::exported_rules_import_again ... ok
2026-10-07T15:07:33.1633862Z test auto_resolution_exchange::the_reference_s_serialised_rules_import ... ok
2026-10-07T15:07:33.1666007Z test auto_resolution_review::approving_and_denying_report_progress_as_the_reference_s ... ok
2026-10-07T15:07:33.2080130Z test archive_delete_policies::replaced_domain_identity_rejects_entire_commit_before_archiving_kept_files ... ok
2026-10-07T15:07:33.2192901Z test auto_resolution_rules::a_new_rule_searches_as_the_references_add_does ... ok
2026-10-07T15:07:33.2270066Z test auto_resolution_rules::add_offers_the_references_comparators ... ok
2026-10-07T15:07:33.2307285Z test auto_resolution_rules::rules_rows_and_comparators_are_the_references ... ok
2026-10-07T15:07:33.3713438Z test archive_repair::exact_global_scan_questions_population_writes_and_reopened_times_match_reference ... ok
2026-10-07T15:07:33.4156758Z test auto_resolution_review::each_rules_tabs_list_its_pairs_as_the_reference ... ok
2026-10-07T15:07:33.4216438Z test checker_options::edits_change_the_editor_as_the_references ... ok
2026-10-07T15:07:33.4244252Z test checker_options::ok_asks_as_the_references_does ... ok
2026-10-07T15:07:33.4274076Z test checker_options::ok_raises_times_below_their_least ... ok
2026-10-07T15:07:33.5142345Z test autocomplete_tabs::literal_favourite_rows_remain_selected_as_tags_until_explicitly_deselected ... ok
2026-10-07T15:07:33.5240051Z test checker_options::the_editor_opens_as_the_references ... ok
2026-10-07T15:07:33.5267653Z test checker_options::the_reasonable_defaults_are_the_references ... ok
2026-10-07T15:07:33.5269707Z test client_api_admin::browser_url_uses_reported_listener_over_cli_overridden_service_settings ... ok
2026-10-07T15:07:33.6262778Z test client_api_admin::listener_settings_preserve_unrelated_services_and_imported_flags ... ok
2026-10-07T15:07:33.6764319Z test checker_options::the_downloading_page_edits_the_default_checker_options ... ok
2026-10-07T15:07:33.6948595Z test client_api_admin::reference_rows_permissions_questions_and_duplicates ... ok
2026-10-07T15:07:33.7025080Z test clipboard_urls::changed_text_switches_and_url_policy_match_the_reference ... ok
2026-10-07T15:07:33.7080537Z test command_palette::calculator_matches_qt_precedence_integer_types_errors_and_special_values ... ok
2026-10-07T15:07:33.7085070Z test command_palette::defaults_and_provider_queue_match_the_qt_options_editor ... ok
2026-10-07T15:07:33.7663563Z test client_api_admin::staged_keys_cancel_persist_collision_and_stale_apply ... ok
2026-10-07T15:07:33.7664740Z test command_palette::late_workers_cannot_repopulate_a_new_query_or_closed_owner ... ok
2026-10-07T15:07:33.7693878Z test command_palette::providers_match_real_qt_order_limits_and_thresholds ... ok
2026-10-07T15:07:33.7713887Z test autocomplete_tabs::read_and_write_selection_replay_the_same_qt_tabs_and_persist_only_accepted_edits ... ok
2026-10-07T15:07:33.7725461Z test command_palette::unicode_casefold_expands_before_provider_and_menu_thresholds ... ok
2026-10-07T15:07:33.7803664Z test command_palette::each_live_provider_policy_reaches_its_results_and_preferences_persist ... ok
2026-10-07T15:07:33.7820233Z test database_backup::questions_name_the_paths_as_the_reference_does ... ok
2026-10-07T15:07:33.7853521Z test database_backup::the_menu_follows_the_backup_location_and_storage ... ok
2026-10-07T15:07:33.7884237Z test database_locations::rows_and_buttons_follow_the_reference ... ok
2026-10-07T15:07:34.0010344Z test content_undo::tag_changes_name_their_service ... ok
2026-10-07T15:07:34.0706578Z test content_undo::archiving_can_be_undone_and_redone_from_the_menu ... ok
2026-10-07T15:07:34.0733471Z test database_maintenance::the_menus_enable_the_jobs_hydrus_rs_runs ... ok
2026-10-07T15:07:34.0757162Z test datetime_editor::the_date_time_editor_works_as_the_references_does ... ok
2026-10-07T15:07:34.0783365Z test debug_actions::modal_countdown_and_env_dump_read_as_the_reference_s ... ok
2026-10-07T15:07:34.0813264Z test debug_actions::some_popups_are_the_reference_s_less_its_callbacks ... ok
2026-10-07T15:07:34.1203997Z test archive_delete_policies::actual_qt_domain_alternatives_priorities_delay_and_selected_transaction ... ok
2026-10-07T15:07:34.1924118Z test database_maintenance::questions_buttons_and_service_choices_are_the_reference_s ... ok
2026-10-07T15:07:34.3894148Z test delete_files::clean_delete_preserves_locked_files_and_remembered_fields_merge_with_options ... ok
2026-10-07T15:07:34.4016366Z test delete_files::mixed_existing_reasons_match_qt_preserve_each_file_and_do_not_replace_last_reason ... ok
2026-10-07T15:07:34.4029209Z test delete_files::reason_queue_matches_recorded_cancel_empty_duplicate_movement_and_delete ... ok
2026-10-07T15:07:34.4073623Z test downloader_definitions::domain_mask_queue_replays_staged_crud_and_insertion_order ... ok
2026-10-07T15:07:34.4114878Z test downloader_definitions::domain_mode_and_independent_tester_replay_reference_and_preserve_disabled_values ... ok
2026-10-07T15:07:34.4993080Z test downloader_definitions::drafts_preserve_identity_links_and_current_unrelated_settings ... ok
2026-10-07T15:07:34.5023698Z test downloader_definitions::editor_controls_change_matching_normalisation_and_validate_pagination ... ok
2026-10-07T15:07:34.5707405Z test downloader_definitions::generator_copies_nested_repair_and_delete_are_staged ... ok
2026-10-07T15:07:34.5721237Z test downloader_definitions::invalid_examples_and_defaults_cannot_be_committed ... ok
2026-10-07T15:07:34.6527680Z test downloader_definitions::previews_use_native_encoding_options_and_nested_columns_sort_by_count ... ok
2026-10-07T15:07:34.7274160Z test downloader_definitions::reference_rows_previews_and_vetoes_are_replayed ... ok
2026-10-07T15:07:34.7384337Z test downloader_definitions::selectable_preview_values_use_recorded_api_referral_and_gallery_consumers ... ok
2026-10-07T15:07:34.7422172Z test downloader_display::displayed_url_labels_filters_order_and_cap_replay_reference ... ok
2026-10-07T15:07:34.7424172Z test downloader_display::replay_actual_tri_state_questions_and_rows ... ok
2026-10-07T15:07:34.8192328Z test downloader_display::save_merges_only_edited_keys_and_preserves_concurrent_definitions ... ok
2026-10-07T15:07:34.8203573Z test downloader_interchange::an_api_pair_source_yields_to_its_eligible_target_during_parser_linking ... ok
2026-10-07T15:07:34.8219919Z test downloader_interchange::duplicate_class_relinks_the_runtime_winner_instead_of_the_first_equivalent_row ... ok
2026-10-07T15:07:34.8916014Z test downloader_interchange::imported_class_and_parser_link_reaches_the_live_registry ... ok
2026-10-07T15:07:34.9664235Z test downloader_interchange::mixed_login_cancel_malformed_and_stale_scripts_never_partially_save_downloaders ... ok
2026-10-07T15:07:35.0846219Z test downloader_interchange::mixed_login_import_replays_qt_duplicates_links_and_saved_consumer_without_exporting_credentials ... ok
2026-10-07T15:07:35.2206055Z test delete_files::physical_only_dialog_remembers_builtin_and_custom_service_keys_like_qt ... ok
2026-10-07T15:07:35.2598971Z test downloader_interchange::package_invalid_and_cancelled_staging_do_not_mutate_store_and_stale_apply_rolls_back ... ok
2026-10-07T15:07:35.2850607Z test downloader_interchange::reference_duplicate_rules_remap_nested_members_and_keep_auxiliary_context ... ok
2026-10-07T15:07:35.3674991Z test delete_files::advanced_reasons_match_actual_qt_defaults_existing_and_remembered_selection ... ok
2026-10-07T15:07:35.3709631Z test downloader_interchange::scoped_list_import_is_atomic_and_parser_save_preserves_original_context ... ok
2026-10-07T15:07:35.3793953Z test downloader_update_times::strict_deadlines_ratios_minimum_fallback_saved_changes_and_forcing_match_qt ... ok
2026-10-07T15:07:35.3795613Z test duplicate_colours::qcolor_rounding_and_independent_transparency_replay_actual_canvas_outputs ... ok
2026-10-07T15:07:35.5800959Z test duplicates_filtering::counts_and_random_groups_read_the_basic_client ... ok
2026-10-07T15:07:35.5815186Z test duplicates_filtering::edits_and_texts_follow_the_reference ... ok
2026-10-07T15:07:35.7264050Z test downloader_update_times::exact_constructor_fields_unchanged_apply_cancel_legacy_and_concurrent_field_merge ... ok
2026-10-07T15:07:35.7270229Z test duplicates_page::the_auto_resolution_rules_rows_are_the_references ... ok
2026-10-07T15:07:35.7303691Z test duplicates_page::the_preparation_tab_says_what_the_references_does ... ok
2026-10-07T15:07:35.7678603Z test duplicates_filtering::resync_drops_pairs_of_files_out_of_local_storage ... ok
2026-10-07T15:07:35.7714082Z test edit_subscription::the_dialog_opens_as_the_references ... ok
2026-10-07T15:07:35.7763101Z test edit_subscription::the_query_buttons_act_as_the_references ... ok
2026-10-07T15:07:35.7766504Z test embedded_metadata::basics_and_png_instruction_match_the_reference ... ok
2026-10-07T15:07:35.7778673Z test embedded_metadata::exif_sort_selection_and_raw_copy_match_the_reference ... ok
2026-10-07T15:07:35.7780000Z test existing_tags_filter::existing_filter_acceptance_enables_only_the_captured_service_and_round_trips ... ok
2026-10-07T15:07:35.8079058Z test duplicate_colours::options_keep_saved_zero_on_cancel_then_normalise_on_apply_and_preserve_concurrent_background ... ok
2026-10-07T15:07:35.8579883Z test duplicates_progress::qt_staging_persistence_and_scoped_save_drive_strict_caught_up_preparation_labels ... ok
2026-10-07T15:07:36.0073857Z test export_files::cancellation_and_missing_sources_never_trash_partial_exports ... ok
2026-10-07T15:07:36.0848150Z test export_files::preview_and_confirmations_match_reference_panel ... ok
2026-10-07T15:07:36.0863901Z test export_files::shared_pattern_menu_copies_recorded_phrases_including_its_heading ... ok
2026-10-07T15:07:36.0889703Z test export_files::copies_overwrite_existing_files_and_route_metadata ... ok
2026-10-07T15:07:36.1913730Z test export_files::selected_export_tags_counts_sort_selection_and_copy_match_actual_panel ... ok
2026-10-07T15:07:36.1982103Z test external_calls::actual_defaults_menu_routes_preserve_prior_selection_and_generate_unique_named_keys ... ok
2026-10-07T15:07:36.1996521Z test external_calls::actual_qt_sort_tie_break_casefold_and_duplicate_selection_routes ... ok
2026-10-07T15:07:36.2013433Z test external_calls::actual_reference_substitution_validation_and_argument_cleaning ... ok
2026-10-07T15:07:36.2071198Z test external_calls::cancelling_the_owner_terminates_and_reaps_its_started_direct_child ... ok
2026-10-07T15:07:36.2141705Z test external_calls::command_clipboard_review_and_cleaned_example_match_actual_qt ... ok
2026-10-07T15:07:36.2160216Z test external_calls::command_parameter_queue_selection_reorder_and_keyboard_match_actual_qt ... ok
2026-10-07T15:07:36.2161658Z test external_calls::command_queue_reverse_edit_and_keyboard_origins_match_actual_qt ... ok
2026-10-07T15:07:36.2180324Z test external_calls::duplicate_import_warnings_match_python_repr_and_all_size_boundaries ... ok
2026-10-07T15:07:36.2189077Z test external_calls::list_acceptance_retains_edit_key_and_selection_but_regenerates_import_and_duplicate_keys ... ok
2026-10-07T15:07:36.3095340Z test external_calls::saved_call_executes_owned_harmless_process_with_exact_single_argument_and_no_shell_interpretation ... ok
2026-10-07T15:07:36.3443443Z test export_files::sidecar_failure_blocks_trash_even_after_copy_and_success_trashes ... ok
2026-10-07T15:07:36.3544534Z test export_files::symlinks_existing_links_and_hardlinks_preserve_source_content ... ok
2026-10-07T15:07:36.5097791Z test favourite_search_editor::favourite_controls_replay_reference_domain_sort_collect_and_predicate_values ... ok
2026-10-07T15:07:36.5105599Z test file_history::dropping_worker_cancels_inflight_read_and_never_runs_pending_read ... ok
2026-10-07T15:07:36.5470959Z test ffmpeg_timeout::qt_options_cancel_bounds_reopen_and_concurrent_changes ... ok
2026-10-07T15:07:36.5474987Z test file_history::owned_worker_runs_only_latest_queued_query_and_discards_cancelled_closed_results ... ok
2026-10-07T15:07:36.5482129Z test file_log::clipboard_source_batches_match_actual_reference_imports ... ok
2026-10-07T15:07:36.5837711Z test file_log::renormalisation_collapses_later_duplicates_and_preserves_first_progress_and_metadata ... ok
2026-10-07T15:07:36.5841620Z test file_log::selected_import_objects_match_full_reference_clipboard_bytes ... ok
2026-10-07T15:07:36.5843067Z test file_log::selected_urls_are_one_exact_match_or_container ... ok
2026-10-07T15:07:36.5973373Z test file_log::source_png_carriers_import_actual_qt_exports_and_render_custom_headers ... ok
2026-10-07T15:07:36.5983983Z test file_log::the_file_log_is_the_references ... ok
2026-10-07T15:07:36.5991320Z test file_maintenance_current::recorded_counts_selection_due_gate_and_numeric_sort_use_typed_identity ... ok
2026-10-07T15:07:36.6985286Z test file_history::global_and_filtered_series_ranges_visibility_refresh_and_cancel_match_actual_chart ... ok
2026-10-07T15:07:36.6986967Z test file_maintenance_new::the_tab_says_what_the_reference_does ... ok
2026-10-07T15:07:36.6993732Z test file_relationships::a_file_alone_offers_only_a_search_reset ... ok
2026-10-07T15:07:36.6995001Z test file_relationships::a_grouped_file_shows_its_group_and_what_can_be_undone ... ok
2026-10-07T15:07:36.7627624Z test file_maintenance_new::chosen_files_get_the_job_queued ... ok
2026-10-07T15:07:36.8585225Z test file_relationships::setting_and_undoing_relationships_reaches_the_store ... ok
2026-10-07T15:07:37.0163872Z test file_view_removal::filter_content_pruning_reports_only_domain_departures_after_intervening_trash ... ok
2026-10-07T15:07:37.2273290Z test file_view_removal::filter_removal_matches_recorded_commit_gates_and_skipped_return_file ... ok
2026-10-07T15:07:37.2555871Z test filename_rules::advanced_lists_children_and_filename_consumers_match_real_reference ... ok
2026-10-07T15:07:37.2581178Z test filename_rules::both_original_regex_buttons_offer_the_recorded_help_components_and_favourites ... ok
2026-10-07T15:07:37.2585534Z test filename_rules::child_identity_is_frozen_and_unrelated_callbacks_preserve_it ... ok
2026-10-07T15:07:37.4654695Z test filename_simple::additive_entry_and_selected_union_replay_real_simple_panel_without_spreading_untouched_tags ... ok
2026-10-07T15:07:37.4656275Z test file_view_removal::actual_qt_media_list_trash_move_and_physical_pruning_matrix ... ok
2026-10-07T15:07:37.4660564Z test filename_simple::native_path_backend_matches_actual_reference_rebasing_and_mixed_separator_tags ... ok
2026-10-07T15:07:37.4663611Z test filename_tagging::single_tags_are_shown_and_removed_for_the_selection ... ok
2026-10-07T15:07:37.4678667Z test filename_tagging::typed_regexes_and_quick_namespaces_are_checked ... ok
2026-10-07T15:07:37.4680063Z test filesize_predicate::choices_bounds_and_explicit_reopening_match_qt ... ok
2026-10-07T15:07:37.4686605Z test filetype_tree::groups_tick_their_filetypes_and_give_back_specific_ones ... ok
2026-10-07T15:07:37.4747577Z test filename_tagging::rows_and_values_are_the_references ... ok
2026-10-07T15:07:37.5205005Z test folder_runs::named_then_all_folders_are_flagged_to_run ... ok
2026-10-07T15:07:37.5221108Z test folders::the_export_folder_dialog_is_the_references ... ok
2026-10-07T15:07:37.5235572Z test folders::the_import_folder_dialog_is_the_references ... ok
2026-10-07T15:07:37.5238472Z test folders::the_lists_name_what_they_add_and_edit_uniquely ... ok
2026-10-07T15:07:37.5242814Z test folders::the_lists_rows_are_the_references ... ok
2026-10-07T15:07:37.5261975Z test force_filetype::the_force_filetypes_dialog_is_the_reference_s ... ok
2026-10-07T15:07:37.5276169Z test force_idle::actual_toggle_checks_and_real_worker_entry_matrix ... ok
2026-10-07T15:07:37.5282159Z test formula_editors::fetched_documents_replay_reference_success_error_and_cancellation_context ... ok
2026-10-07T15:07:37.5289626Z test formula_editors::formula_editor_bulk_name_conflicts_match_reference ... ok
2026-10-07T15:07:37.5305456Z test formula_editors::formula_editor_controls_and_parses_match_reference ... ok
2026-10-07T15:07:37.5312530Z test formula_editors::formula_editor_rule_queue_matches_reference_actions ... ok
2026-10-07T15:07:37.5324415Z test formula_editors::formula_editor_type_and_named_list_actions_match_reference ... ok
2026-10-07T15:07:37.5325806Z test formula_editors::formula_editor_type_changes_use_fresh_defaults_and_preserve_separated_content ... ok
2026-10-07T15:07:37.5327191Z test formula_editors::formula_editors_preserve_other_kinds_and_inactive_rule_settings ... ok
2026-10-07T15:07:37.5331892Z test formula_editors::multiple_test_documents_retain_edits_sources_and_selected_child_order ... ok
2026-10-07T15:07:37.5349729Z test formula_editors::recursive_formula_fields_and_transformed_child_data_match_reference ... ok
2026-10-07T15:07:37.5351039Z test formula_editors::scalar_formula_controls_match_reference ... ok
2026-10-07T15:07:37.5356665Z test formula_editors::six_kind_chooser_defaults_match_reference ... ok
2026-10-07T15:07:37.5369138Z test formula_editors::zipper_member_queue_and_substitution_match_reference ... ok
2026-10-07T15:07:37.5413630Z test frame_locations::frame_table_defaults_cells_and_selected_actions_match_actual_qt ... ok
2026-10-07T15:07:37.6344781Z test frame_locations::named_geometry_transactions_preserve_peer_frames_and_latest_viewer_save_preference ... ok
2026-10-07T15:07:37.6563867Z test folders::export_folder_examples_use_recorded_queries_limits_and_media_contexts ... ok
2026-10-07T15:07:37.6623497Z test gallery_source::captions_and_installed_parser_functionality_match_real_reference ... ok
2026-10-07T15:07:37.6624352Z test gallery_source::key_wins_over_conflicting_name_and_cycles_are_bounded ... ok
2026-10-07T15:07:37.6727745Z test gallery_source::two_stage_choices_selection_cancellation_and_empty_warning_match_reference ... ok
2026-10-07T15:07:37.8157736Z test frame_locations::settings_keep_unknown_rows_and_merge_unedited_runtime_geometry ... ok
2026-10-07T15:07:37.8885224Z test gui_colours::all_twenty_six_rgb_roles_and_independent_tabs_stage_cancel_apply_and_reopen_like_qt ... ok
2026-10-07T15:07:38.0234478Z test gui_colours::old_imported_store_keeps_retained_legacy_rgb_until_native_values_take_precedence ... ok
2026-10-07T15:07:38.0329094Z test gui_colours::staged_role_changes_merge_with_live_help_switch_and_other_saved_rgb_roles ... ok
2026-10-07T15:07:38.0373672Z test gui_format::recorded_current_local_offsets_and_ancient_boundaries_match_python ... ok
2026-10-07T15:07:38.0405377Z test gui_format::recorded_summaries_previews_expiry_and_scheduling_variants_reach_existing_models ... ok
2026-10-07T15:07:38.2136692Z test gui_format::precision_reaches_existing_import_png_network_and_service_displays ... ok
2026-10-07T15:07:38.2167596Z test hash_predicate::cleanup_and_explicit_values_match_real_qt ... ok
2026-10-07T15:07:38.3566529Z test how_boned::the_basic_client_s_statistics_read_as_the_reference_s ... ok
2026-10-07T15:07:38.4196078Z test idle_timeout_options::edited_idle_thresholds_merge_without_overwriting_live_unrelated_preferences ... ok
2026-10-07T15:07:38.4624746Z test gui_format::staged_bounds_cancel_save_reopen_and_real_log_columns_match_qt ... ok
2026-10-07T15:07:38.5269876Z test idle_timeout_options::implicit_idle_normalisation_preserves_newer_fields_and_explicit_edits_still_apply ... ok
2026-10-07T15:07:38.5691744Z test idle_timeout_options::noneable_timeout_controls_replay_qt_defaults_floor_bounds_retention_and_reopen ... ok
2026-10-07T15:07:38.5703927Z test idle_timeout_options::saved_timeout_choices_replay_strict_qt_boot_activity_and_ignore_gates ... ok
2026-10-07T15:07:38.5775221Z test image_cache::actual_byte_timeout_and_percentage_controls_match_the_recording ... ok
2026-10-07T15:07:38.7818068Z test image_cache::actual_legacy_native_wins_changed_fields_and_raw_control_values_survive_reopen ... ok
2026-10-07T15:07:38.7879662Z test image_cache::actual_pending_rgb_rgba_touch_admission_soft_overflow_policy_and_expiry ... ok
2026-10-07T15:07:38.8251762Z test database_maintenance::accepted_runs_send_the_reference_s_popups ... ok
2026-10-07T15:07:38.8470490Z test image_cache::untouched_normalized_controls_preserve_concurrent_fields_but_explicit_edits_win ... ok
2026-10-07T15:07:38.8496841Z test import_options_editor::caller_defaults_lists_and_fallback_labels_match_real_reference_editors ... ok
2026-10-07T15:07:38.8518460Z test import_options_editor::defaults_editor_uses_parent_stack_and_retains_hidden_custom_kinds ... ok
2026-10-07T15:07:38.8538268Z test import_options_editor::each_kinds_summary_is_the_references ... ok
2026-10-07T15:07:38.8539337Z test import_options_editor::text_fields_read_and_write_lists_and_renames ... ok
2026-10-07T15:07:38.8560691Z test import_options_editor::the_editors_lists_are_the_references ... ok
2026-10-07T15:07:38.8600438Z test import_options_overwrite::favourite_add_rename_and_delete_preserve_reference_names_and_other_defaults ... ok
2026-10-07T15:07:38.8614274Z test idle_timeout_options::raw_imported_seconds_normalise_only_on_unchanged_acceptance_as_qt_does ... ok
2026-10-07T15:07:38.8626000Z test import_options_panel::sorted_selection_frozen_clear_and_profile_identity_are_independent ... ok
2026-10-07T15:07:38.8649484Z test import_options_overwrite::shared_overwrite_presets_and_manual_default_match_real_dialog ... ok
2026-10-07T15:07:38.8788995Z test import_options_panel::three_lists_and_staged_actions_replay_the_reference ... ok
2026-10-07T15:07:38.8803661Z test import_work_slots::missing_and_raw_legacy_keys_preserve_independent_defaults ... ok
2026-10-07T15:07:38.9163909Z test import_work_slots::loaded_out_of_range_controls_normalize_only_on_unchanged_apply ... ok
2026-10-07T15:07:38.9170729Z test importer_menu::an_importers_own_presentation_is_named_and_not_offered_again ... ok
2026-10-07T15:07:38.9173747Z test importer_menu::presentation_summaries_are_the_references ... ok
2026-10-07T15:07:38.9196032Z test importer_menu::the_list_menus_are_the_references ... ok
2026-10-07T15:07:38.9688689Z test image_colour::qt_icc_checkbox_cancel_saved_reopen_preserves_concurrent_viewer_rules ... ok
2026-10-07T15:07:39.0051966Z test import_work_slots::reference_controls_stay_staged_and_saved_limits_survive_reopening ... ok
2026-10-07T15:07:39.1597810Z test incremental_tagging::actual_child_defaults_conflicts_reverse_pairs_and_nested_cancellation_replay ... ok
2026-10-07T15:07:39.1775983Z test incremental_tagging::actual_qt_initial_clamps_and_long_decimal_previews_preserve_safe_native_inference ... ok
2026-10-07T15:07:39.2409780Z test incremental_tagging::add_then_remove_retains_the_reference_deleted_mapping_in_private_preview ... ok
2026-10-07T15:07:39.2425098Z test local_import_dialog::parsing_shows_its_progress_and_can_be_paused_and_stopped ... ok
2026-10-07T15:07:39.2456874Z test local_import_dialog::the_list_is_the_references ... ok
2026-10-07T15:07:39.3509635Z test incremental_tagging::initial_start_uses_actual_unicode_decimal_sorting_and_ignores_negative_subtags ... ok
2026-10-07T15:07:39.4244403Z test ffmpeg_timeout::already_open_import_review_uses_live_store_deadline_for_real_metadata_detection ... ok
2026-10-07T15:07:39.5686123Z test local_transfer::actual_qt_options_defaults_drafts_and_field_scoped_save ... ok
2026-10-07T15:07:39.6053299Z test local_transfer::deleted_destination_restores_timestamp_and_stale_source_cannot_move ... ok
2026-10-07T15:07:39.6054705Z test login_script_controls::script_cog_matches_qt_login_context_and_rejects_replaced_requests ... ok
2026-10-07T15:07:39.6124540Z test login_workflows::cookie_requirements_match_real_qt_pair_edits_cancel_and_duplicate_looking_keys ... ok
2026-10-07T15:07:39.6174157Z test login_workflows::credentials_match_reference_display_order_status_and_confirmation ... ok
2026-10-07T15:07:39.6279501Z test login_workflows::domain_add_change_and_delete_replay_all_recorded_prompt_chains ... ok
2026-10-07T15:07:39.7055258Z test legacy_seed_caches::upgraded_historical_histories_reach_native_counts_restore_and_reopen_intact ... ok
2026-10-07T15:07:39.7123837Z test login_workflows::domain_apply_preserves_concurrent_script_edits_and_rejects_domain_conflicts ... ok
2026-10-07T15:07:39.7183827Z test login_workflows::embedded_step_cookie_list_replays_sorted_pair_actions_and_confirmed_bulk_delete ... ok
2026-10-07T15:07:39.7213603Z test login_workflows::domain_credentials_replay_reference_validity_activation_cancel_and_delay_reset ... ok
2026-10-07T15:07:39.7214786Z test login_workflows::login_domain_rows_replay_cookie_expiry_and_pretty_delay_reference ... ok
2026-10-07T15:07:39.7216006Z test login_workflows::example_domains_replay_reference_defaults_duplicate_errors_and_final_cancel_acceptance ... ok
2026-10-07T15:07:39.7243674Z test login_workflows::login_step_content_replays_reference_unique_import_cancel_sort_and_request_cleanup ... ok
2026-10-07T15:07:39.7245381Z test login_workflows::preserved_credentials_load_then_native_save_controls_domain_warnings ... ok
2026-10-07T15:07:39.7273615Z test login_workflows::request_arguments_replay_real_qt_rename_duplicates_blank_values_and_cancel ... ok
2026-10-07T15:07:39.7293825Z test login_workflows::three_argument_lists_keep_independent_extended_selection_and_bulk_deletion ... ok
2026-10-07T15:07:39.7295506Z test login_workflows::scripts_import_rename_and_delete_keep_reference_name_and_key_rules ... ok
2026-10-07T15:07:39.8107010Z test local_transfer::stale_destination_membership_and_reused_service_id_never_retarget_a_question ... ok
2026-10-07T15:07:39.8123922Z test main_identity::implicit_name_normalisation_and_other_fields_preserve_concurrent_updates ... ok
2026-10-07T15:07:40.0437472Z test main_menu::repositories_add_their_pages_and_pending_menu ... ok
2026-10-07T15:07:40.1404504Z test main_menu::import_and_export_folders_are_offered_to_run_now ... ok
2026-10-07T15:07:40.1405276Z test manage_notes::copies_as_python_writes_json ... ok
2026-10-07T15:07:40.1422839Z test manage_notes::notes_dialog_steps_as_the_reference ... ok
2026-10-07T15:07:40.1443490Z test manage_notes::the_menu_counts_the_focused_files_notes ... ok
2026-10-07T15:07:40.1593734Z test main_identity::constructor_cancel_unchanged_apply_and_reopen_match_raw_qt_names ... ok
2026-10-07T15:07:40.2278357Z test main_menu::the_menu_bar_is_the_reference_s ... ok
2026-10-07T15:07:40.5127075Z test manage_tags_sort::independent_defaults_stage_cancel_apply_reopen_and_merge_only_changed_context ... ok
2026-10-07T15:07:40.5744371Z test manage_tag_counts::deleted_counts_status_rows_and_global_toggle_replay_apply_cancel_and_reopen ... ok
2026-10-07T15:07:40.8566785Z test manage_tags_sort::sibling_sort_uses_raw_tags_when_storage_sibling_information_is_disabled ... ok
2026-10-07T15:07:40.8573057Z test media_view_options::delete_spares_classes_and_add_copies_the_class ... ok
2026-10-07T15:07:40.8623757Z test media_view_options::rows_addable_types_and_editor_choices_are_the_reference_s ... ok
2026-10-07T15:07:40.8793932Z test manage_tags_sort::open_service_tabs_keep_local_sort_after_options_change_and_new_dialog_reads_default ... ok
2026-10-07T15:07:40.8912816Z test menu_choice_wheel::signed_wrap_and_empty_single_choice_signals_match_actual_qt ... ok
2026-10-07T15:07:40.9816561Z test menu_choice_wheel::simple_options_sort_retains_the_recorded_text_and_count_orders ... ok
2026-10-07T15:07:41.0839585Z test menu_choice_wheel::staged_setting_saves_only_its_key_and_unchanged_draft_preserves_live_value ... ok
2026-10-07T15:07:41.1050114Z test menu_choice_wheel::real_media_type_flat_order_unknown_current_and_matching_order_labels_match_qt ... ok
2026-10-07T15:07:41.3174782Z test merge_options_editor::the_editor_edits_merge_options_as_the_reference_does ... ok
2026-10-07T15:07:41.3193897Z test namespace_colours::edit_recolours_each_selected_entry_in_place ... ok
2026-10-07T15:07:41.5471418Z test merge_summaries::merges_are_summarised_as_the_reference ... ok
2026-10-07T15:07:41.5534577Z test namespace_colours::sorted_add_keeps_qt_positional_range_anchor_then_delete_resets_it ... ok
2026-10-07T15:07:41.5557469Z test namespace_sorts::duplicate_ids_and_frozen_edits_survive_selection_changes_cancel_and_removal ... ok
2026-10-07T15:07:41.5564207Z test namespace_sorts::replay_actual_queue_add_edit_escaped_names_views_moves_and_delete_answers ... ok
2026-10-07T15:07:41.6560023Z test network_data::drafts_preserve_unrelated_edits_and_reject_changed_defaults ... ok
2026-10-07T15:07:41.7071204Z test namespace_colours::qt_namespace_add_normalization_protected_mixed_delete_and_options_cancel_reopen ... ok
2026-10-07T15:07:41.7412580Z test network_data::fresh_live_usage_wins_until_the_daemon_heartbeat_expires ... ok
2026-10-07T15:07:41.7417254Z test network_data::replay_qt_bandwidth_rows_rules_and_questions ... ok
2026-10-07T15:07:41.7430413Z test network_job_control::cog_replays_actual_qt_context_submenu_and_phase_actions ... ok
2026-10-07T15:07:41.7436052Z test network_job_control::control_auto_policy_targets_future_requests_and_owner_clears_error_once ... ok
2026-10-07T15:07:41.8102309Z test network_data::reference_bandwidth_age_rule_filters_months_and_history_deletion ... ok
2026-10-07T15:07:41.8361302Z test network_sessions::automatic_header_questions_replay_reference_deduplicate_and_reject_changed_payloads ... ok
2026-10-07T15:07:41.8363090Z test manage_tags_sort::both_contexts_replay_all_real_sort_types_orders_siblings_and_groupings ... ok
2026-10-07T15:07:41.9013892Z test network_sessions::cleared_session_draft_preserves_a_later_request_cookie ... ok
2026-10-07T15:07:41.9146460Z test network_sessions::cookie_exchange_replays_reference_fields_questions_and_collisions ... ok
2026-10-07T15:07:41.9273422Z test network_sessions::detached_cookie_drafts_preserve_attributes_merge_and_reject_conflicts_atomically ... ok
2026-10-07T15:07:41.9678576Z test network_sessions::header_case_groups_delete_exact_rows_and_reject_concurrent_variant_insertions ... ok
2026-10-07T15:07:41.9705829Z test network_sessions::reference_rows_validation_and_confirmation ... ok
2026-10-07T15:07:41.9870354Z test network_sessions::headers_merge_unrelated_writes_and_cancel_and_reject_same_key_changes ... ok
2026-10-07T15:07:42.0124818Z test network_sessions::malformed_cookie_batches_never_partially_change_the_draft_and_browser_routes_silos ... ok
2026-10-07T15:07:42.0142056Z test open_externally::actual_qt_registered_choices_queue_order_and_protected_mime_rows ... ok
2026-10-07T15:07:42.0173413Z test open_externally::configured_empty_specific_and_missing_call_never_fall_through_custom_route ... ok
2026-10-07T15:07:42.0981068Z test open_externally::washing_renames_deduplicates_removes_missing_without_name_remap_and_persists ... ok
2026-10-07T15:07:42.1644365Z test options_dialog::advanced_network_ranges_and_clamps_match_the_reference ... ok
2026-10-07T15:07:42.2057755Z test normal_time_maintenance::recorded_flags_cancel_apply_reopen_and_live_peer_preservation ... ok
2026-10-07T15:07:42.2314767Z test options_dialog::application_names_and_exit_switch_apply_as_the_reference_does ... ok
2026-10-07T15:07:42.2828963Z test notes_preferences::actual_cog_copy_variants_and_options_persistence_replay ... ok
2026-10-07T15:07:42.3266902Z test local_transfer::recorded_copy_strict_and_merge_questions_drive_real_memberships ... ok
2026-10-07T15:07:42.3635079Z test options_dialog::export_default_directory_matches_recorded_blank_literal_and_portable_paths ... ok
2026-10-07T15:07:42.4471164Z test options_dialog::cursor_autohide_control_matches_reference_default_bounds_and_none ... ok
2026-10-07T15:07:42.4491311Z test options_dialog::closing_controls_stage_all_reference_preferences_without_persisting ... ok
2026-10-07T15:07:42.5509825Z test options_dialog::eye_menu_preferences_follow_all_reference_combinations_without_saving_detached_edits ... ok
2026-10-07T15:07:42.5619629Z test options_dialog::file_search_boolean_controls_replay_reference_defaults_and_staged_edits ... ok
2026-10-07T15:07:42.6456819Z test options_dialog::file_search_limit_controls_stage_and_clamp_reference_values ... ok
2026-10-07T15:07:42.6473761Z test options_dialog::hash_prefix_control_matches_reference_default_and_checkbox ... ok
2026-10-07T15:07:42.7508422Z test options_dialog::notebook_navigation_preferences_match_recorded_controls ... ok
2026-10-07T15:07:42.7647553Z test options_dialog::local_location_option_matches_reference_and_keeps_child_changes_staged ... ok
2026-10-07T15:07:42.8344826Z test options_dialog::regex_favourites_child_edits_wait_for_parent_apply ... ok
2026-10-07T15:07:42.8479844Z test options_dialog::remembered_options_pages_and_auxiliary_search_match_the_reference ... ok
2026-10-07T15:07:42.8891218Z test options_dialog::read_presentation_controls_match_reference_ranges_and_staged_values ... ok
2026-10-07T15:07:42.8952160Z test options_dialog::reopening_numeric_options_clamps_saved_advanced_values ... ok
2026-10-07T15:07:42.9413076Z test options_dialog::passive_background_controls_match_reference_and_stage_independent_copies ... ok
2026-10-07T15:07:43.0135567Z test options_dialog::removed_service_choices_clamp_drafts_and_service_names_are_searchable ... ok
2026-10-07T15:07:43.1014864Z test options_dialog::session_backup_count_matches_recorded_control_and_clamps ... ok
2026-10-07T15:07:43.1777571Z test options_dialog::subscription_file_failure_limit_replays_qt_noneable_states_in_parent_transaction ... ok
2026-10-07T15:07:43.1876084Z test options_dialog::subscription_concurrency_replays_recorded_clamps_and_committed_parent_states ... ok
2026-10-07T15:07:43.2013912Z test options_dialog::system_sleep_controls_match_reference_and_clamp ... ok
2026-10-07T15:07:43.2652374Z test options_dialog::the_options_search_offers_what_the_references_does ... ok
2026-10-07T15:07:43.2914061Z test options_dialog::tag_service_controls_match_reference_and_remember_interlock ... ok
2026-10-07T15:07:43.3918979Z test options_dialog::the_thumbnail_rating_sizes_go_up_to_the_thumbnails_width ... ok
2026-10-07T15:07:43.3943395Z test options_dialog::the_options_pages_are_the_references ... ok
2026-10-07T15:07:43.4814550Z test options_dialog::viewer_canvas_controls_match_reference_and_stage_bounded_values ... ok
2026-10-07T15:07:43.5014024Z test options_dialog::viewer_focus_controls_stage_independent_reference_policies ... ok
2026-10-07T15:07:43.6182049Z test options_dialog::viewer_hover_controls_replay_reference_enabled_states ... ok
2026-10-07T15:07:43.6195727Z test orphan_files::the_popup_says_what_was_cleared ... ok
2026-10-07T15:07:43.6233602Z test options_dialog::viewer_pointer_controls_stage_the_reference_drag_preferences ... ok
2026-10-07T15:07:43.6945881Z test or_connector::qt_raw_blank_newline_cancel_reopen_and_live_namespace_changes_remain_isolated ... ok
2026-10-07T15:07:43.7038140Z test options_dialog::zoom_switch_and_animation_loop_controls_match_reference_and_stage_changes ... ok
2026-10-07T15:07:43.7061732Z test page_layout::qt_live_sizes_saved_hidden_positions_and_signed_legacy_bounds ... ok
2026-10-07T15:07:43.7073385Z test page_navigation_options::history_limit_replays_actual_menu_without_discarding_backing_history ... ok
2026-10-07T15:07:43.7892286Z test page_layout::hide_draft_cancel_apply_reopen_preserves_concurrent_saved_sizes_and_exit_switch ... ok
2026-10-07T15:07:43.7917213Z test page_tree::cursor_expansion_and_activation_replay_actual_frame_tree ... ok
2026-10-07T15:07:43.7918319Z test page_tree::stable_keys_survive_reorder_rename_and_closed_cursor_without_stale_activation ... ok
2026-10-07T15:07:43.7921933Z test parser_editors::any_namespace_toggle_retains_the_disabled_namespace ... ok
2026-10-07T15:07:43.7976070Z test parser_editors::auto_fill_reference_owner_leaves_candidates_unapplied_and_reviews_api_pairs ... ok
2026-10-07T15:07:43.8241313Z test page_chooser_options::legacy_checkbox_defaults_are_imported_and_top_choices_remain_independent ... ok
2026-10-07T15:07:43.8243726Z test parser_editors::content_change_keeps_unsupported_formula_and_note_newlines ... ok
2026-10-07T15:07:43.8624947Z test page_chooser_options::all_flag_combinations_replay_real_service_order_layout_and_choices ... ok
2026-10-07T15:07:43.8639448Z test parser_editors::per_class_parser_choices_replay_matching_groups_and_validate_stable_keys ... ok
2026-10-07T15:07:43.8660149Z test parser_editors::recorded_content_kinds_and_runtime_previews ... ok
2026-10-07T15:07:43.8716859Z test parser_editors::recorded_recursive_subsidiaries_preserve_context_documents_and_runtime_outputs ... ok
2026-10-07T15:07:43.8743444Z test parser_editors::recorded_subsidiary_queue_import_and_duplicate_preserve_keys_and_select_new_rows ... ok
2026-10-07T15:07:43.8765781Z test parser_editors::test_context_rejects_invalid_duplicate_and_reserved_variables ... ok
2026-10-07T15:07:43.8768054Z test parser_editors::timestamp_editor_normalises_recorded_source_choice_and_preserves_converted_metadata ... ok
2026-10-07T15:07:43.8783827Z test parser_test_data::fetched_media_detection_tracks_example_selection_and_clears_on_text_changes ... ok
2026-10-07T15:07:43.9040156Z test parser_editors::native_parser_save_preserves_other_settings_and_rejects_stale_edits ... ok
2026-10-07T15:07:43.9147779Z test page_navigation_options::imported_defaults_and_options_limits_replay_reference_spinbox_clamping ... ok
2026-10-07T15:07:43.9764077Z test parser_test_data::typed_png_summary_and_header_keep_the_recorded_object_package ... ok
2026-10-07T15:07:43.9833064Z test popup_freeze::real_qt_hidden_and_minimized_states_do_not_use_focus_and_unknown_is_explicit ... ok
2026-10-07T15:07:43.9969313Z test parser_test_data::recorded_raw_data_previews_match_without_changing_the_parser_document ... ok
2026-10-07T15:07:44.0714615Z test popup_width::legacy_raw_integers_and_independent_edited_fields_are_preserved ... ok
2026-10-07T15:07:44.0987619Z test popup_freeze::staged_cancel_save_reopen_and_concurrent_popup_fields_are_preserved ... ok
2026-10-07T15:07:44.1054629Z test predicate_history::actual_histories_replay_toggles_recency_cross_page_or_and_clear ... ok
2026-10-07T15:07:44.1056532Z test predicate_history::refused_inputs_reordering_and_stale_history_commands_do_not_mutate_recency ... ok
2026-10-07T15:07:44.1291760Z test parser_editors::changed_links_revalidate_current_class_capability_and_rollback_atomically ... ok
2026-10-07T15:07:44.1504118Z test preview_default_zoom::exact_real_preview_geometry_uses_preview_rules_and_keeps_full_viewer_zooms ... ok
2026-10-07T15:07:44.3304552Z test physical_delete_delay::real_constructor_cancel_acceptance_reopen_fields_and_concurrent_policy_replacement ... ok
2026-10-07T15:07:44.3318671Z test quick_export_directory::actual_file_submenu_enables_and_selects_quick_export_directory ... ok
2026-10-07T15:07:44.3706775Z test preview_default_zoom::actual_qt_choices_staged_cancel_save_reopen_and_independent_viewer_policy ... ok
2026-10-07T15:07:44.3840326Z test popup_width::qt_bounds_staging_cancel_loaded_normalisation_and_durable_reopen ... ok
2026-10-07T15:07:44.4184628Z test preview_default_zoom::retained_legacy_fallback_and_native_wins_survive_store_reopen ... ok
2026-10-07T15:07:44.6176413Z test ratings_editor::the_manage_ratings_dialog_works_as_the_references_does ... ok
2026-10-07T15:07:44.6188637Z test ratings_editor::a_middle_click_count_sets_an_inc_dec_control_and_nothing_else ... ok
2026-10-07T15:07:44.6782920Z test radio_return::cancelled_staging_changed_save_and_unchanged_concurrent_apply_match_actual_options ... ok
2026-10-07T15:07:44.8363985Z test recent_predicates::predicates_have_the_reference_s_type_numbers ... ok
2026-10-07T15:07:44.8474342Z test recent_predicates::each_editor_shows_its_pages_recent_predicates ... ok
2026-10-07T15:07:44.8483661Z test regex_favourites::favourite_rows_and_input_boundaries_match_real_qt ... ok
2026-10-07T15:07:44.8484709Z test regex_favourites::legacy_favourites_load_until_native_values_including_empty_are_saved ... ok
2026-10-07T15:07:44.8485828Z test regex_favourites::matcher_favourite_menu_matches_actual_qt_actions_and_copy_payloads ... ok
2026-10-07T15:07:44.8503772Z test regex_favourites::readonly_row_input_menu_uses_saved_pairs_without_recursive_management ... ok
2026-10-07T15:07:44.8523464Z test regex_favourites::regex_clipboard_components_match_real_qt ... ok
2026-10-07T15:07:44.8903153Z test recent_predicates::recent_predicates_are_kept_as_the_reference_keeps_them ... ok
2026-10-07T15:07:44.8904929Z test related_weights::folded_header_sorts_add_selection_and_independent_tables_match_actual_qt ... ok
2026-10-07T15:07:44.8933588Z test related_weights::namespace_questions_and_detached_tables_match_actual_qt ... ok
2026-10-07T15:07:45.0243982Z test rating_sizes::four_sizes_replay_qt_ranges_fractional_values_cancel_and_reopen ... ok
2026-10-07T15:07:45.0532367Z test recent_predicates::the_reference_s_recent_predicates_come_across ... ok
2026-10-07T15:07:45.0563443Z test related_weights::search_and_result_weights_change_actual_qt_cosine_ranking_separately ... ok
2026-10-07T15:07:45.0603447Z test search_log::exchange_questions_replay_actual_reference_answers_and_complete_objects ... ok
2026-10-07T15:07:45.0640687Z test search_log::the_search_log_is_the_references ... ok
2026-10-07T15:07:45.0725934Z test search_or::advanced_boolean_preview_replays_all_operators_escapes_and_real_validation ... ok
2026-10-07T15:07:45.0731424Z test search_or::staged_or_replays_actual_read_broadcasts_rewind_cancel_and_single_unwrap ... ok
2026-10-07T15:07:45.1384324Z test related_weights::binary64_result_rounding_and_sibling_contexts_replay_the_actual_db ... ok
2026-10-07T15:07:45.1438146Z test related_weights::options_acceptance_merges_only_weights_and_preserves_live_unrelated_preferences ... ok
2026-10-07T15:07:45.1521768Z test selection::selecting_thumbnails_is_the_reference_s ... ok
2026-10-07T15:07:45.2407108Z test services_editor::cancel_name_collision_and_apply_publish_snapshot ... ok
2026-10-07T15:07:45.3546658Z test services_editor::deletion_reconciles_deleted_union_and_display_counts ... ok
2026-10-07T15:07:45.4067820Z test selected_deletion_records::captured_clearable_records_match_actual_reference_changes_during_question ... ok
2026-10-07T15:07:45.4083780Z test services_editor::numerical_example_one_star_retains_live_conversion_but_saves_normalized_scale ... ok
2026-10-07T15:07:45.4085278Z test services_editor::numerical_settings_normalize_as_reference ... ok
2026-10-07T15:07:45.4115601Z test services_editor::rating_example_whole_widget_pointer_routes_replay_qt ... ok
2026-10-07T15:07:45.4337938Z test related_weights::real_service_mappings_replay_recorded_ranks_and_never_cross_service ... ok
2026-10-07T15:07:45.4395335Z test services_editor::nonempty_domain_race_rejects_and_rolls_back_all_edits ... ok
2026-10-07T15:07:45.4690985Z test selected_deletion_records::real_writer_later_batch_error_preserves_first_commit_and_remaining_records ... ok
2026-10-07T15:07:45.4706570Z test services_review::deleted_record_double_confirmation_matches_reference ... ok
2026-10-07T15:07:45.5054378Z test services_editor::writer_rechecks_last_domain_and_rating_limits ... ok
2026-10-07T15:07:45.5825479Z test services_editor::rating_examples_replay_qt_samples_live_configuration_and_no_saved_values ... ok
2026-10-07T15:07:45.5846972Z test session_lifecycle::autosave_replays_idle_retries_period_changes_and_stopping_for_other_startup ... ok
2026-10-07T15:07:45.5853693Z test session_lifecycle::idle_requires_boot_user_mouse_and_api_timeouts_and_enabled_normal_work ... ok
2026-10-07T15:07:45.5873861Z test session_lifecycle::real_auxiliary_dialog_mouse_and_api_actions_update_independent_idle_timers ... ok
2026-10-07T15:07:45.5875799Z test session_lifecycle::recovery_question_matches_real_startup_dialog_labels_message_and_auto_yes_time ... ok
2026-10-07T15:07:45.5877331Z test session_lifecycle::size_warning_replays_real_threshold_seed_weight_disabled_and_one_boot_latch ... ok
2026-10-07T15:07:45.5878565Z test session_saving::backup_menu_labels_match_the_reference ... ok
2026-10-07T15:07:45.5913389Z test session_saving::clear_and_load_asks_as_the_references_does ... ok
2026-10-07T15:07:45.5929089Z test session_saving::saving_sessions_asks_and_saves_as_the_reference ... ok
2026-10-07T15:07:45.5943342Z test session_weight::the_report_weighs_files_as_one_and_urls_as_twenty ... ok
2026-10-07T15:07:45.5977492Z test set_password::scripted_answers_ask_and_save_as_the_reference ... ok
2026-10-07T15:07:45.5983588Z test shortcut_capture::actual_qt_keyboard_and_mouse_controls_replay_exact_values_text_and_modes ... ok
2026-10-07T15:07:45.5984764Z test shortcut_capture::saved_keypad_policy_preserves_digits_and_resolves_non_number_alternates ... ok
2026-10-07T15:07:45.6793863Z test services_editor::reference_rows_guards_and_defaults ... ok
2026-10-07T15:07:45.7449117Z test services_review::review_matches_reference_statistics ... ok
2026-10-07T15:07:45.7474181Z test shortcut_content::the_editor_builds_and_reads_back_commands ... ok
2026-10-07T15:07:45.7593538Z test shortcut_sets::a_new_client_has_the_reference_s_default_sets ... ok
2026-10-07T15:07:45.7613817Z test shortcut_sets::custom_sets_are_named_apart_deleted_and_defaults_restored ... ok
2026-10-07T15:07:45.7633993Z test shortcut_sets::names_order_and_descriptions_are_the_reference_s ... ok
2026-10-07T15:07:45.7659464Z test shutdown_work::shutdown_work_runs_asks_or_skips_as_the_reference_decides ... ok
2026-10-07T15:07:45.7723754Z test services_review::local_bulk_actions_match_recorded_confirmations_and_reject_wrong_service ... ok
2026-10-07T15:07:45.7858549Z test shortcut_content::a_tag_is_added_then_flipped_off ... ok
2026-10-07T15:07:45.8473854Z test shutdown_work::the_work_analyzes_the_due_tables_and_registers_itself ... ok
2026-10-07T15:07:45.8813939Z test shortcut_content::ratings_set_flip_and_step ... ok
2026-10-07T15:07:45.9586587Z test sidecar_descriptions::routers_are_described_as_the_reference_describes_them ... ok
2026-10-07T15:07:46.0355191Z test sibling_colours::qt_collapsed_parent_suffix_keeps_its_own_fade_and_ideal_trailing_colour ... ok
2026-10-07T15:07:46.0370877Z test sidecar_editors::json_object_name_queue_replays_literal_reference_rows_and_exporter_values ... ok
2026-10-07T15:07:46.0414496Z test sidecar_editors::recorded_router_queue_restrictions_veto_wrong_direction_and_sources ... ok
2026-10-07T15:07:46.1693767Z test sidecar_editors::recorded_router_tables_and_child_strings_use_real_sidecars_and_read_only_media ... ok
2026-10-07T15:07:46.2554060Z test sibling_connector::connector_options_replay_stage_cancel_apply_and_live_consumers ... ok
2026-10-07T15:07:46.2915107Z test sidecar_editors::the_sidecar_editors_show_and_edit_as_the_reference_does ... ok
2026-10-07T15:07:46.3261664Z test sidecar_previews::each_files_sidecars_are_shown_as_the_reference_shows_them ... ok
2026-10-07T15:07:46.3347121Z test string_converter_editor::date_controls_and_live_preview_follow_real_qt_accept_cancel_and_reorder ... ok
2026-10-07T15:07:46.3363272Z test string_converter_editor::last_conversion_loads_reference_options_then_native_override ... ok
2026-10-07T15:07:46.3533646Z test string_converter_editor::the_string_converter_editor_works_as_the_references_does ... ok
2026-10-07T15:07:46.3563675Z test string_match_editor::the_string_match_editor_works_as_the_references_does ... ok
2026-10-07T15:07:46.3593661Z test string_processor_editor::processor_exchange_appends_reference_steps_and_rejects_invalid_data_atomically ... ok
2026-10-07T15:07:46.3711713Z test string_processor_editor::the_string_processor_editor_works_as_the_references_does ... ok
2026-10-07T15:07:46.3743637Z test string_tag_filter_tests::a_tag_filter_step_tests_its_example_as_the_references_does ... ok
2026-10-07T15:07:46.4854343Z test sort_cog::actual_sidebar_availability_and_independent_collect_service_checks ... ok
2026-10-07T15:07:46.4884523Z test subscription_exchange::missing_history_question_matches_actual_qt_message_title_and_decisions ... ok
2026-10-07T15:07:46.4943795Z test subscription_exchange::draft_log_changes_export_exact_reference_counts_examples_and_complete_histories ... ok
2026-10-07T15:07:46.4994513Z test subscription_exchange::unsupported_seed_runtime_data_leaves_the_entire_owner_draft_unchanged ... ok
2026-10-07T15:07:46.5103981Z test subscription_import_options::subscription_paste_modes_and_clear_match_recorded_reference_outputs ... ok
2026-10-07T15:07:46.5157729Z test sort_cog::menus_replay_service_order_separators_views_checks_and_full_context_preservation ... ok
2026-10-07T15:07:46.5164492Z test subscriptions_buttons::batch_merge_reserves_names_after_absorption_and_keeps_successor_edits ... ok
2026-10-07T15:07:46.5554176Z test subscriptions_buttons::the_other_buttons_act_as_the_references ... ok
2026-10-07T15:07:46.5636387Z test subscriptions_dedupe::deduplicate_asks_and_dedupes_as_the_reference ... ok
2026-10-07T15:07:46.5773536Z test subscriptions_list::the_dialogs_buttons_act_as_the_references ... ok
2026-10-07T15:07:46.5813413Z test subscriptions_list::the_list_sorts_by_the_column_chosen ... ok
2026-10-07T15:07:46.5848422Z test subscriptions_list::the_lists_rows_are_the_references ... ok
2026-10-07T15:07:46.5886138Z test system_or_activation::actual_system_activation_replays_shift_cancel_drafts_and_outer_acceptance ... ok
2026-10-07T15:07:46.5910738Z test tab_context::dynamic_close_select_move_and_sort_menus_match_real_reference ... ok
2026-10-07T15:07:46.5921055Z test tab_context::menus_expose_six_sorts_and_only_possible_moves ... ok
2026-10-07T15:07:46.5953417Z test tab_context::notebook_session_submenus_match_actual_tab_popup_reserved_name_rules ... ok
2026-10-07T15:07:46.5956400Z test tab_context::sorts_and_moves_match_the_reference ... ok
2026-10-07T15:07:46.5957424Z test tab_drag::drag_threshold_disabled_and_cancel_are_owned_and_deterministic ... ok
2026-10-07T15:07:46.5958659Z test subscription_exchange::staged_full_subscription_import_resolves_names_and_persists_both_histories ... ok
2026-10-07T15:07:46.5968015Z test tab_drag::real_drop_order_and_independent_shift_decisions_preserve_the_source_object ... ok
2026-10-07T15:07:46.7298807Z test sibling_colours::qt_sibling_colours_stage_cancel_apply_reopen_and_all_live_model_runs ... ok
2026-10-07T15:07:46.7320011Z test tab_presentation::middle_names_replay_actual_qt_paint_without_changing_stored_names ... ok
2026-10-07T15:07:46.7492076Z test tag_banner::detached_banner_drafts_match_actual_qt_queue_and_live_preview ... ok
2026-10-07T15:07:46.7914107Z test subscription_quality::durable_logs_and_current_file_states_match_reference_quality_outputs ... ok
2026-10-07T15:07:46.7965837Z test tag_banner::unicode_decimal_chunk_order_and_live_preview_match_actual_qt ... ok
2026-10-07T15:07:46.8213947Z test tag_banner::option_banner_children_stage_by_original_target_and_save_only_with_parent ... ok
2026-10-07T15:07:46.8927824Z test tab_drag::independent_drag_preferences_replay_exact_qt_options_cancel_save_and_reopen ... ok
2026-10-07T15:07:47.0989042Z test tag_dialog_defaults::tag_service_defaults_and_immediate_memory_replay_reference_dialogs ... ok
2026-10-07T15:07:47.1086357Z test tag_dialog_preferences::options_defaults_stage_cancel_apply_and_preserve_autocomplete_preferences ... ok
2026-10-07T15:07:47.2525161Z test tag_display::deleting_the_last_applied_source_preserves_disabled_self_rules ... ok
2026-10-07T15:07:47.3215533Z test tag_display::staged_interlocks_match_reference ... ok
2026-10-07T15:07:47.3231190Z test tag_display::widget_options_gate_gui_queries_only ... ok
2026-10-07T15:07:47.4612266Z test tag_display::queues_disable_reorder_reopen_counts_daemon_and_clear_filter ... ok
2026-10-07T15:07:47.4676999Z test tag_filter_editor::the_editor_shows_and_edits_a_filter_as_the_reference_does ... ok
2026-10-07T15:07:47.5398478Z test tag_filter_favourites::concurrent_favourite_saves_merge_and_invalid_exchange_cannot_change_settings ... ok
2026-10-07T15:07:47.5406216Z test tag_filter_favourites::reference_bulk_paste_and_extra_blacklist_panels_keep_rule_and_test_semantics ... ok
2026-10-07T15:07:47.6235512Z test tag_display::write_autocomplete_uses_override_or_launcher_domain_and_rejects_tag_locations ... ok
2026-10-07T15:07:47.6387010Z test tag_filter_favourites::reference_favourite_workflow_preserves_cancelled_drafts_and_saves_immediately ... ok
2026-10-07T15:07:47.6497739Z test tag_dialog_preferences::storage_rows_and_service_topologies_replay_all_reference_combinations ... ok
2026-10-07T15:07:47.6500569Z test tag_migration::migration_popup_speed_and_phase_text_replay_actual_qt_outputs ... ok
2026-10-07T15:07:47.7266406Z test tag_migration::archive_inspection_choices_cancellation_and_count_summaries_match_qt ... ok
2026-10-07T15:07:47.7904327Z test tab_presentation::legacy_defaults_and_staged_controls_replay_actual_options_then_reopen ... ok
2026-10-07T15:07:47.8355692Z test tag_migration::reference_choices_and_second_confirmation ... ok
2026-10-07T15:07:47.8976642Z test tag_migration::pair_summary_replays_equal_asymmetric_and_equal_text_distinct_filters ... ok
2026-10-07T15:07:48.0314904Z test tag_namespace_order::namespace_changes_merge_with_concurrent_presentation_edits_and_unchanged_list ... ok
2026-10-07T15:07:48.0355012Z test tag_namespace_order::raw_allow_blank_queue_actions_and_all_tag_sorts_match_qt ... ok
2026-10-07T15:07:48.1050397Z test tag_migration::reference_database_pending_outcomes ... ok
2026-10-07T15:07:48.1099895Z test tag_list_display_types::exact_choices_stage_cancel_apply_reopen_and_preserve_old_payload_defaults ... ok
2026-10-07T15:07:48.1304802Z test tag_relationships::apply_republishes_graphs_and_counts_atomically_and_rolls_back_errors ... ok
2026-10-07T15:07:48.1867565Z test tag_relationships::changes_refresh_other_services_applying_the_source ... ok
2026-10-07T15:07:48.1981436Z test tag_relationships::invalid_batch_graphs_are_reported_and_leave_valid_relationships_untouched ... ok
2026-10-07T15:07:48.2229791Z test tag_relationships::per_service_inputs_cancel_import_and_selection ... ok
2026-10-07T15:07:48.2253684Z test tag_suggestions::broadcast_keeps_selected_tag_identity_but_switching_services_retires_selection ... ok
2026-10-07T15:07:48.3070840Z test tag_relationships::repository_changes_keep_reasons_and_rescinds_across_reopen ... ok
2026-10-07T15:07:48.3291184Z test tag_migration::reference_database_pair_filters_and_destinations ... ok
2026-10-07T15:07:48.3980174Z test tag_sync_review::a_service_counts_its_rules ... ok
2026-10-07T15:07:48.4008678Z test tag_sync_review::the_status_follows_the_sync_switches ... ok
2026-10-07T15:07:48.5974014Z test tag_relationships::reference_rows_questions_conflicts_and_loops ... ok
2026-10-07T15:07:48.5975781Z test thumbnail_cache::byte_amount_unit_decomposition_matches_real_qt_controls ... ok
2026-10-07T15:07:48.5993705Z test thumbnail_cache::byte_lru_soft_overflow_timeout_touch_policy_and_clear_match_actual_reference ... ok
2026-10-07T15:07:48.6220950Z test tag_suggestions::most_used_options_merge_per_service_and_reach_filtered_add_only_media ... ok
2026-10-07T15:07:48.8083348Z test thumbnail_cache::independent_options_edits_merge_with_a_newer_saved_timeout ... ok
2026-10-07T15:07:48.8090523Z test thumbnail_maintenance::jobs_are_in_the_reference_s_order_with_its_words ... ok
2026-10-07T15:07:48.8092571Z test thumbnail_maintenance::questions_follow_the_selection_size ... ok
2026-10-07T15:07:48.8114696Z test thumbnail_navigation::exact_visibility_boundaries_and_rate_ties_negative_zero_and_errors_match_qt ... ok
2026-10-07T15:07:48.8124257Z test thumbnail_navigation::optional_last_hit_origin_preserves_actual_ranges_focus_and_repeated_navigation ... ok
2026-10-07T15:07:48.8133932Z test tag_suggestions::layout_and_default_choices_replay_all_recorded_available_pages_without_eager_writes ... ok
2026-10-07T15:07:48.8553931Z test thumbnail_cache::raw_timeout_is_preserved_until_its_minute_fields_are_edited ... ok
2026-10-07T15:07:48.8729857Z test thumbnail_preview_selection::all_qt_modifier_ranges_focus_anchor_ghost_and_keyboard_publications ... ok
2026-10-07T15:07:48.8982576Z test thumbnail_preview_selection::exact_singleton_zero_and_collection_aggregate_duration_eligibility ... ok
2026-10-07T15:07:48.9013562Z test thumbnail_ratings::a_counter_is_as_wide_as_the_reference_s ... ok
2026-10-07T15:07:48.9033629Z test thumbnail_ratings::a_fraction_is_written_as_the_reference_writes_it ... ok
2026-10-07T15:07:48.9114302Z test thumbnail_appearance::actual_defaults_cancel_raw_paths_reopen_and_current_field_merge ... ok
2026-10-07T15:07:49.1904012Z test thumbnail_ratings::ratings_of_a_kind_share_a_row ... ok
2026-10-07T15:07:49.2013931Z test thumbnail_ratings::numerical_ratings_shapes_are_placed_as_the_reference_s_are ... ok
2026-10-07T15:07:49.2047279Z test times_editor::a_file_modified_time_before_1980_stays_off_a_windows_disk ... ok
2026-10-07T15:07:49.2063471Z test times_editor::the_manage_times_dialog_works_as_the_references_does ... ok
2026-10-07T15:07:49.5255308Z test unselected_tag_cap::recorded_bounds_none_zero_cancel_and_saved_preferences ... ok
2026-10-07T15:07:49.5305837Z test urls_editor::the_manage_urls_dialog_works_as_the_references_does ... ok
2026-10-07T15:07:49.5307160Z test vacuum_review::a_row_says_size_free_space_and_readiness ... ok
2026-10-07T15:07:49.5308059Z test vacuum_review::estimates_read_as_the_reference_s ... ok
2026-10-07T15:07:49.5309120Z test viewer_closing::closing_actions_match_real_reference_notification_order ... ok
2026-10-07T15:07:49.5310263Z test viewer_cursor::actual_cursor_checks_match_reference_clock_focus_menu_and_motion ... ok
2026-10-07T15:07:49.6455945Z test viewer_drag::anchor_options_remain_drafts_until_apply_and_survive_reopen ... ok
2026-10-07T15:07:49.6463004Z test viewer_drag::anchored_and_touch_overridden_drags_replay_actual_qt_threshold_and_warps ... ok
2026-10-07T15:07:49.6563778Z test thumbnail_navigation::staged_exact_controls_import_cancel_invalid_rate_save_and_reopen_match_qt ... ok
2026-10-07T15:07:49.6603642Z test viewer_prefetch::actual_atomic_finished_only_flush_preserves_all_entries_on_failure ... ok
2026-10-07T15:07:49.6677766Z test viewer_prefetch::all_actual_circular_next_first_neighbour_orders_and_controls ... ok
2026-10-07T15:07:49.6679081Z test viewer_prefetch::actual_pending_loaded_recounts_equality_unknown_and_one_miss_passes ... ok
2026-10-07T15:07:49.6695301Z test viewer_shortcut_menu::custom_sets_flip_on_and_off_in_order ... ok
2026-10-07T15:07:49.7877624Z test viewer_prefetch::legacy_native_wins_and_normalized_passive_apply_preserves_concurrent_fields ... ok
2026-10-07T15:07:49.7935522Z test viewer_tag_wheel::parent_wheel_gates_replay_actual_qt_boundaries_and_directions ... ok
2026-10-07T15:07:49.7944193Z test viewer_tag_wheel::four_policy_choices_stage_cancel_save_and_reopen_with_reference_labels ... ok
2026-10-07T15:07:49.8133149Z test thumbnail_ratings::the_ratings_over_thumbnails_are_the_references ... ok
2026-10-07T15:07:49.8225215Z test viewing_statistics::completed_view_policy_matches_real_manager_caps_minima_durations_and_filter_switches ... ok
2026-10-07T15:07:49.8994303Z test viewing_maintenance::cull_reads_current_rules_and_a_preview_validation_failure_preserves_media_rows ... ok
2026-10-07T15:07:49.9016789Z test viewing_statistics::preview_timed_policy_matches_actual_manager_and_keeps_its_own_canvas_category ... ok
2026-10-07T15:07:49.9396848Z test viewing_statistics::preview_options_replay_actual_none_bounds_conversion_and_cancelled_parent ... ok
2026-10-07T15:07:50.0084051Z test thumbnail_preview_selection::actual_defaults_disabled_values_cancel_reopen_and_edited_field_merge ... ok
2026-10-07T15:07:50.0341787Z test viewing_maintenance::reference_clear_cull_questions_rules_errors_and_real_reopened_media_match ... ok
2026-10-07T15:07:50.0591929Z test viewing_statistics::timing_controls_replay_qt_bounds_none_and_millisecond_conversion ... ok
2026-10-07T15:07:50.0623923Z test window_rescue::actual_visibility_corner_order_fuzzy_tests_and_fallback_match_qt ... ok
2026-10-07T15:07:50.0938696Z test viewing_statistics::viewing_menu_controls_match_qt_and_preserve_the_parent_draft ... ok
2026-10-07T15:07:50.1785424Z test viewing_statistics::tracker_counts_once_on_change_or_close_reads_live_policy_and_preserves_latest_start ... ok
2026-10-07T15:07:50.3084060Z test viewtime_milliseconds::editor_and_imported_predicates_match_reference_millisecond_queries ... ok
2026-10-07T15:07:50.3805663Z test write_autocomplete::children_limit_option_matches_reference_and_persists_only_accepted_drafts ... ok
2026-10-07T15:07:50.5278644Z test write_autocomplete::clipboard_additions_keep_existing_text_and_result_selection ... ok
2026-10-07T15:07:50.5633825Z test write_autocomplete::detached_import_tag_lists_replay_reference_and_never_mutate_caller ... ok
2026-10-07T15:07:50.5709400Z test window_rescue::staged_bounds_import_cancel_persistence_and_reopen_match_actual_qt ... ok
2026-10-07T15:07:50.6932517Z test write_autocomplete::exact_rows_counts_domains_decorations_and_first_selection_match_reference ... ok
2026-10-07T15:07:50.7910278Z test write_autocomplete::favourite_and_count_ordered_children_tabs_replay_reference_caps_and_context ... ok
2026-10-07T15:07:50.8253962Z test write_autocomplete::paste_questions_skip_and_add_only_staging_follow_reference ... ok
2026-10-07T15:07:50.8960536Z test write_autocomplete::favourite_options_replay_add_only_choices_and_parent_transaction ... ok
2026-10-07T15:07:50.9894844Z test write_autocomplete::read_favourite_and_children_tabs_replay_real_qt_lists_and_context_changes ... ok
2026-10-07T15:07:51.0973109Z test write_autocomplete::relationship_inputs_replay_real_add_only_paste_and_opposite_side_removal ... ok
2026-10-07T15:07:51.1076343Z test write_autocomplete::recorded_logical_selection_ranges_parent_hits_and_batch_activation ... ok
2026-10-07T15:07:51.1709012Z test write_autocomplete::seeded_relationship_editors_replay_service_defaults_memory_and_cancel ... ok
2026-10-07T15:07:51.2046752Z test write_autocomplete::six_write_options_replay_recorded_defaults_and_stay_staged_until_apply ... ok
2026-10-07T15:07:51.3237768Z test write_autocomplete::write_domain_menus_and_interlocks_replay_reference_without_persisting_options ... ok
2026-10-07T15:07:51.3274083Z test write_autocomplete::tag_menu_copy_decorations_favourites_and_launch_replay_real_qt_actions ... ok
2026-10-07T15:07:51.3274857Z 
2026-10-07T15:07:51.3275767Z test result: ok. 525 passed; 0 failed; 0 ignored; 0 measured; 0 filtered out; finished in 18.68s
2026-10-07T15:07:51.3276352Z 
2026-10-07T15:07:51.3365782Z [1m[92m     Running[0m unittests src/lib.rs (target/debug/deps/hydrus_import-d090caef246773ad)
2026-10-07T15:07:51.3389810Z 
2026-10-07T15:07:51.3390070Z running 6 tests
2026-10-07T15:07:51.3394184Z test failure_identity_tests::missing_ffmpeg_data_keeps_its_reference_exception_identity ... ok
2026-10-07T15:07:51.3406203Z test paths::tests::conflicting_names_get_numbers ... ok
2026-10-07T15:07:51.3406895Z test paths::tests::nice_permission_bits_keep_to_the_umask ... ok
2026-10-07T15:07:51.3407601Z test paths::tests::sidecars_are_told_apart_from_files ... ok
2026-10-07T15:07:51.3408843Z test status::tests::times_read_like_the_reference ... ok
2026-10-07T15:07:51.3968350Z test formatting_tests::saved_figures_replay_all_reference_rejections_and_critical_drive_pause ... ok
2026-10-07T15:07:51.3969074Z 
2026-10-07T15:07:51.3969511Z test result: ok. 6 passed; 0 failed; 0 ignored; 0 measured; 0 filtered out; finished in 0.06s
2026-10-07T15:07:51.3970102Z 
2026-10-07T15:07:51.3976017Z [1m[92m     Running[0m tests/file_handling.rs (target/debug/deps/file_handling-7eb5c45ea94205cc)
2026-10-07T15:07:51.4000908Z 
2026-10-07T15:07:51.4001185Z running 1 test
2026-10-07T15:07:51.4667638Z test an_importer_applies_the_store_s_file_handling ... ok
2026-10-07T15:07:51.4668202Z 
2026-10-07T15:07:51.4668776Z test result: ok. 1 passed; 0 failed; 0 ignored; 0 measured; 0 filtered out; finished in 0.07s
2026-10-07T15:07:51.4669398Z 
2026-10-07T15:07:51.4679028Z [1m[92m     Running[0m tests/file_maintenance.rs (target/debug/deps/file_maintenance-fa0e8559b51601c5)
2026-10-07T15:07:51.4707379Z 
2026-10-07T15:07:51.4707972Z running 8 tests
2026-10-07T15:07:51.7704328Z test ordinary_contended_pass_defers_without_waiting_or_consuming_jobs ... ok
2026-10-07T15:07:51.8019522Z test cancellation_from_pre_job_hook_finishes_current_file_then_preserves_next ... ok
2026-10-07T15:07:51.8129669Z test controlled_runner_cancels_after_one_committed_file_without_consuming_the_next ... ok
2026-10-07T15:07:52.0324201Z test pre_job_hook_precedes_work_and_clear_runs_between_fetched_batches ... ok
2026-10-07T15:07:52.2011680Z test selected_immediate_work_skips_global_backlog_before_limit_and_commits_only_selection ... ok
2026-10-07T15:07:52.2435778Z test selected_runner_keeps_lease_budget_and_cancellation_boundaries ... ok
2026-10-07T15:07:52.2519578Z test damaged_files_are_dealt_with_as_the_reference_does ... ok
2026-10-07T15:07:52.9160706Z test queued_jobs_come_across_and_put_back_what_they_regenerate ... ok
2026-10-07T15:07:52.9161182Z 
2026-10-07T15:07:52.9161501Z test result: ok. 8 passed; 0 failed; 0 ignored; 0 measured; 0 filtered out; finished in 1.45s
2026-10-07T15:07:52.9161860Z 
2026-10-07T15:07:52.9189623Z [1m[92m     Running[0m tests/image_colour.rs (target/debug/deps/image_colour-3b8cb4b2bc6c4399)
2026-10-07T15:07:52.9215834Z 
2026-10-07T15:07:52.9216000Z running 1 test
2026-10-07T15:07:53.0213618Z test actual_import_pixels_and_generated_thumbnails_follow_saved_policy_without_recreating_importer ... ok
2026-10-07T15:07:53.0214337Z 
2026-10-07T15:07:53.0214749Z test result: ok. 1 passed; 0 failed; 0 ignored; 0 measured; 0 filtered out; finished in 0.10s
2026-10-07T15:07:53.0215298Z 
2026-10-07T15:07:53.0226412Z [1m[92m     Running[0m tests/import.rs (target/debug/deps/import-c37cbe5109d20abc)
2026-10-07T15:07:53.0251929Z 
2026-10-07T15:07:53.0252159Z running 9 tests
2026-10-07T15:07:53.1149307Z test decompression_bombs_are_vetoed_when_the_options_say_so ... ok
2026-10-07T15:07:53.1315713Z test a_failed_copy_into_storage_pauses_the_importers ... ok
2026-10-07T15:07:53.1503871Z test a_new_file_with_no_import_destination_is_vetoed ... ok
2026-10-07T15:07:53.1526853Z test a_missing_thumbnail_is_made_again_from_its_file ... ok
2026-10-07T15:07:53.2154997Z test imports_record_xmp_iptc_and_software_flags ... ok
2026-10-07T15:07:53.2492315Z test reimports_report_what_the_client_knows ... ok
2026-10-07T15:07:53.2950602Z test rules_veto_and_bad_files_error ... ok
2026-10-07T15:07:53.3474103Z test saved_precision_reaches_actual_import_rejection_without_importing_or_changing_rules ... ok
2026-10-07T15:07:53.6710860Z test imports_match_what_the_reference_records ... ok
2026-10-07T15:07:53.6711265Z 
2026-10-07T15:07:53.6711544Z test result: ok. 9 passed; 0 failed; 0 ignored; 0 measured; 0 filtered out; finished in 0.65s
2026-10-07T15:07:53.6711899Z 
2026-10-07T15:07:53.6732400Z [1m[92m     Running[0m tests/similar_files.rs (target/debug/deps/similar_files-3598e24401ada691)
2026-10-07T15:07:53.6758069Z 
2026-10-07T15:07:53.6758242Z running 1 test
2026-10-07T15:07:54.0731808Z test the_search_finds_what_the_reference_found ... ok
2026-10-07T15:07:54.0732276Z 
2026-10-07T15:07:54.0732556Z test result: ok. 1 passed; 0 failed; 0 ignored; 0 measured; 0 filtered out; finished in 0.40s
2026-10-07T15:07:54.0733075Z 
2026-10-07T15:07:54.0743514Z [1m[92m     Running[0m unittests src/lib.rs (target/debug/deps/hydrus_legacy-3094baf4d54f7dda)
2026-10-07T15:07:54.0758740Z 
2026-10-07T15:07:54.0758902Z running 34 tests
2026-10-07T15:07:54.0764346Z test db::tests::uri_escaping ... ok
2026-10-07T15:07:54.0765399Z test objects::client_api::tests::v1_permissions_upgrade ... ok
2026-10-07T15:07:54.0880202Z test objects::client_options::tests::the_default_downloader_comes_across ... ok
2026-10-07T15:07:54.0913951Z test objects::client_options::tests::the_new_client_defaults_decode ... ok
2026-10-07T15:07:54.0978526Z test objects::client_options::tests::the_slideshow_options_come_across ... ok
2026-10-07T15:07:54.0995365Z test objects::client_options::tests::the_recent_predicates_come_across ... ok
2026-10-07T15:07:54.1123891Z test objects::client_options::tests::the_tab_name_options_come_across ... ok
2026-10-07T15:07:54.1153395Z test objects::client_options::tests::the_thumbnail_rating_options_come_across ... ok
2026-10-07T15:07:54.1154770Z test objects::client_options::tests::custom_defaults_keep_supported_records_and_preserve_unknown_raw_options ... ok
2026-10-07T15:07:54.1183429Z test objects::legacy_options::tests::anchors_and_aliases ... ok
2026-10-07T15:07:54.1189633Z test objects::legacy_options::tests::defaults_fill_missing_keys ... ok
2026-10-07T15:07:54.1190627Z test objects::legacy_options::tests::pyyaml_scalars ... ok
2026-10-07T15:07:54.1191481Z test objects::legacy_options::tests::tags_and_null_keys ... ok
2026-10-07T15:07:54.1192369Z test objects::logins::tests::reads_which_domains_log_in ... ok
2026-10-07T15:07:54.1193392Z test objects::services::tests::legacy_paused_flag ... ok
2026-10-07T15:07:54.1194294Z test objects::services::tests::missing_settings_take_reference_defaults ... ok
2026-10-07T15:07:54.1195340Z test objects::services::tests::star_conversions_match_reference_formulas ... ok
2026-10-07T15:07:54.1196396Z test objects::sidecars::tests::old_routers_are_upgraded_as_the_reference_does ... ok
2026-10-07T15:07:54.1197322Z test objects::sort::tests::media_sort_upgrades ... ok
2026-10-07T15:07:54.1198154Z test objects::tag_display::tests::autocomplete_v1_upgrade ... ok
2026-10-07T15:07:54.1199004Z test objects::tag_display::tests::manager_versions ... ok
2026-10-07T15:07:54.1199856Z test objects::tag_filter::tests::exceptions_beat_blanket_rules ... ok
2026-10-07T15:07:54.1200793Z test objects::tag_filter::tests::later_rules_replace_earlier_ones ... ok
2026-10-07T15:07:54.1201688Z test objects::tag_filter::tests::namespace_rules ... ok
2026-10-07T15:07:54.1202423Z test paths::tests::portable_paths ... ok
2026-10-07T15:07:54.1203247Z test paths::tests::prefix_nesting ... ok
2026-10-07T15:07:54.1203943Z test serialisable::tests::container_upgrades ... ok
2026-10-07T15:07:54.1204738Z test serialisable::tests::dictionary_meta_encoding ... ok
2026-10-07T15:07:54.1205636Z test serialisable::tests::irregular_containers_are_kept_verbatim ... ok
2026-10-07T15:07:54.1206559Z test serialisable::tests::named_objects_and_bytes_dicts ... ok
2026-10-07T15:07:54.1207429Z test serialisable::types::tests::table_is_sorted_and_unique ... ok
2026-10-07T15:07:54.1208387Z test objects::client_options::tests::the_volumes_and_mutes_come_across ... ok
2026-10-07T15:07:54.1209571Z test objects::client_options::tests::whether_a_full_downloader_page_asks_before_closing_comes_across ... ok
2026-10-07T15:07:54.1490909Z test db::tests::the_connection_refuses_every_write ... ok
2026-10-07T15:07:54.1491333Z 
2026-10-07T15:07:54.1491731Z test result: ok. 34 passed; 0 failed; 0 ignored; 0 measured; 0 filtered out; finished in 0.07s
2026-10-07T15:07:54.1492537Z 
2026-10-07T15:07:54.1497497Z [1m[92m     Running[0m tests/access.rs (target/debug/deps/access-8dbfbdc473eae410)
2026-10-07T15:07:54.1512378Z 
2026-10-07T15:07:54.1512557Z running 8 tests
2026-10-07T15:07:54.2534233Z test per_service_readers_check_the_service ... ok
2026-10-07T15:07:54.2535436Z test read_only_directory_falls_back_to_immutable ... ok
2026-10-07T15:07:54.2548164Z test pagination_does_not_change_results ... ok
2026-10-07T15:07:54.2653465Z test immutable_mode_creates_nothing ... ok
2026-10-07T15:07:54.3348970Z test rejects_directories_that_are_not_databases ... ok
2026-10-07T15:07:54.3478330Z test reads_alongside_a_running_writer ... ok
2026-10-07T15:07:54.3513878Z test reading_never_modifies_the_database_files ... ok
2026-10-07T15:07:54.4179672Z test rejects_other_versions_with_advice ... ok
2026-10-07T15:07:54.4180236Z 
2026-10-07T15:07:54.4180713Z test result: ok. 8 passed; 0 failed; 0 ignored; 0 measured; 0 filtered out; finished in 0.27s
2026-10-07T15:07:54.4181424Z 
2026-10-07T15:07:54.4190258Z [1m[92m     Running[0m tests/auto_resolution.rs (target/debug/deps/auto_resolution-7b722590bb8b71d5)
2026-10-07T15:07:54.4206687Z 
2026-10-07T15:07:54.4207164Z running 1 test
2026-10-07T15:07:54.4391950Z test stored_rules_decode_to_what_the_reference_holds ... ok
2026-10-07T15:07:54.4392244Z 
2026-10-07T15:07:54.4392519Z test result: ok. 1 passed; 0 failed; 0 ignored; 0 measured; 0 filtered out; finished in 0.02s
2026-10-07T15:07:54.4392990Z 
2026-10-07T15:07:54.4394970Z [1m[92m     Running[0m tests/bandwidth.rs (target/debug/deps/bandwidth-13b58b6b9408de48)
2026-10-07T15:07:54.4406981Z 
2026-10-07T15:07:54.4407274Z running 2 tests
2026-10-07T15:07:54.4410955Z test version_1_contexts_kept_domains_and_subscriptions_as_hex ... ok
2026-10-07T15:07:54.5371638Z test bandwidth_rules_and_usage_read_as_the_reference_reads_them ... ok
2026-10-07T15:07:54.5372129Z 
2026-10-07T15:07:54.5372500Z test result: ok. 2 passed; 0 failed; 0 ignored; 0 measured; 0 filtered out; finished in 0.10s
2026-10-07T15:07:54.5373227Z 
2026-10-07T15:07:54.5395831Z [1m[92m     Running[0m tests/formulas.rs (target/debug/deps/formulas-6d44362f3445da09)
2026-10-07T15:07:54.5413307Z 
2026-10-07T15:07:54.5413449Z running 1 test
2026-10-07T15:07:54.9488986Z test formulas_parse_like_the_reference ... ok
2026-10-07T15:07:54.9489274Z 
2026-10-07T15:07:54.9489563Z test result: ok. 1 passed; 0 failed; 0 ignored; 0 measured; 0 filtered out; finished in 0.41s
2026-10-07T15:07:54.9489928Z 
2026-10-07T15:07:54.9517913Z [1m[92m     Running[0m tests/gugs.rs (target/debug/deps/gugs-0aaf82d014fdd778)
2026-10-07T15:07:54.9531777Z 
2026-10-07T15:07:54.9532018Z running 2 tests
2026-10-07T15:07:54.9948379Z test gugs_make_urls_like_the_reference ... ok
2026-10-07T15:07:55.0106340Z test domain_managers_convert_and_nested_gugs_find_theirs ... ok
2026-10-07T15:07:55.0107364Z 
2026-10-07T15:07:55.0107676Z test result: ok. 2 passed; 0 failed; 0 ignored; 0 measured; 0 filtered out; finished in 0.06s
2026-10-07T15:07:55.0108057Z 
2026-10-07T15:07:55.0112062Z [1m[92m     Running[0m tests/gui_sessions.rs (target/debug/deps/gui_sessions-975eb3a820520409)
2026-10-07T15:07:55.0124983Z 
2026-10-07T15:07:55.0125144Z running 3 tests
2026-10-07T15:07:55.0829880Z test sessions_read_as_the_reference_reads_them ... ok
2026-10-07T15:07:55.2042131Z test pages_read_as_the_reference_reads_them ... ok
2026-10-07T15:07:55.2414487Z test downloaders_read_as_the_reference_reads_them ... ok
2026-10-07T15:07:55.2414899Z 
2026-10-07T15:07:55.2415270Z test result: ok. 3 passed; 0 failed; 0 ignored; 0 measured; 0 filtered out; finished in 0.23s
2026-10-07T15:07:55.2415772Z 
2026-10-07T15:07:55.2423396Z [1m[92m     Running[0m tests/import_options.rs (target/debug/deps/import_options-823e9a18be0817ef)
2026-10-07T15:07:55.2436636Z 
2026-10-07T15:07:55.2436810Z running 2 tests
2026-10-07T15:07:55.3558582Z test the_default_manager_is_ours ... ok
2026-10-07T15:07:55.6111088Z test managers_layer_like_the_reference ... ok
2026-10-07T15:07:55.6111712Z 
2026-10-07T15:07:55.6112001Z test result: ok. 2 passed; 0 failed; 0 ignored; 0 measured; 0 filtered out; finished in 0.37s
2026-10-07T15:07:55.6112531Z 
2026-10-07T15:07:55.6115401Z [1m[92m     Running[0m tests/objects.rs (target/debug/deps/objects-b86663f18a77dfb8)
2026-10-07T15:07:55.6131611Z 
2026-10-07T15:07:55.6131786Z running 12 tests
2026-10-07T15:07:55.7140739Z test client_api_permissions_match_the_reference ... ok
2026-10-07T15:07:55.7222504Z test client_options_match_what_the_api_reports ... ok
2026-10-07T15:07:55.7225781Z test file_paths_match_the_reference ... ok
2026-10-07T15:07:55.7290305Z test json_formatting_matches_python ... ok
2026-10-07T15:07:55.7335249Z test missing_service_settings_take_reference_defaults ... ok
2026-10-07T15:07:55.7349766Z test every_stored_object_round_trips_byte_for_byte ... ok
2026-10-07T15:07:55.7383242Z test pickled_cookie_jars_read_like_python ... ok
2026-10-07T15:07:55.7433280Z test serialisable_type_table_matches_the_reference ... ok
2026-10-07T15:07:55.8134957Z test legacy_options_match_what_the_api_reports ... ok
2026-10-07T15:07:55.8135977Z test upgrades_match_the_reference ... ok
2026-10-07T15:07:55.8253239Z test tag_display_and_favourite_searches_match_the_reference ... ok
2026-10-07T15:07:55.8271287Z test services_match_the_reference ... ok
2026-10-07T15:07:55.8271630Z 
2026-10-07T15:07:55.8272017Z test result: ok. 12 passed; 0 failed; 0 ignored; 0 measured; 0 filtered out; finished in 0.21s
2026-10-07T15:07:55.8272533Z 
2026-10-07T15:07:55.8283916Z [1m[92m     Running[0m tests/page_parsers.rs (target/debug/deps/page_parsers-24972a684f8db59c)
2026-10-07T15:07:55.8301735Z 
2026-10-07T15:07:55.8301887Z running 1 test
2026-10-07T15:07:56.5973320Z test page_parsers_parse_like_the_reference ... ok
2026-10-07T15:07:56.5973622Z 
2026-10-07T15:07:56.5973903Z test result: ok. 1 passed; 0 failed; 0 ignored; 0 measured; 0 filtered out; finished in 0.77s
2026-10-07T15:07:56.5974269Z 
2026-10-07T15:07:56.6015470Z [1m[92m     Running[0m tests/sidecars.rs (target/debug/deps/sidecars-5313fe583a99ada0)
2026-10-07T15:07:56.6033504Z 
2026-10-07T15:07:56.6033700Z running 1 test
2026-10-07T15:07:56.8333053Z test routers_work_like_the_reference ... ok
2026-10-07T15:07:56.8333354Z 
2026-10-07T15:07:56.8333675Z test result: ok. 1 passed; 0 failed; 0 ignored; 0 measured; 0 filtered out; finished in 0.23s
2026-10-07T15:07:56.8334031Z 
2026-10-07T15:07:56.8345324Z [1m[92m     Running[0m tests/simple_formulae.rs (target/debug/deps/simple_formulae-8fe6d9976863d4a6)
2026-10-07T15:07:56.8363018Z 
2026-10-07T15:07:56.8363151Z running 1 test
2026-10-07T15:07:56.8377613Z test simple_formulae_find_what_the_references_find ... ok
2026-10-07T15:07:56.8377898Z 
2026-10-07T15:07:56.8378169Z test result: ok. 1 passed; 0 failed; 0 ignored; 0 measured; 0 filtered out; finished in 0.00s
2026-10-07T15:07:56.8378519Z 
2026-10-07T15:07:56.8381132Z [1m[92m     Running[0m tests/string_descriptions.rs (target/debug/deps/string_descriptions-2b362e35aedc630e)
2026-10-07T15:07:56.8392964Z 
2026-10-07T15:07:56.8393115Z running 1 test
2026-10-07T15:07:56.8574609Z test processors_and_their_steps_describe_themselves_as_the_reference_does ... ok
2026-10-07T15:07:56.8575182Z 
2026-10-07T15:07:56.8575591Z test result: ok. 1 passed; 0 failed; 0 ignored; 0 measured; 0 filtered out; finished in 0.02s
2026-10-07T15:07:56.8575940Z 
2026-10-07T15:07:56.8577650Z [1m[92m     Running[0m tests/string_processing.rs (target/debug/deps/string_processing-7f68fa1fe2c0c89a)
2026-10-07T15:07:56.8593531Z 
2026-10-07T15:07:56.8593671Z running 1 test
2026-10-07T15:07:56.9524198Z test processors_process_like_the_reference ... ok
2026-10-07T15:07:56.9524499Z 
2026-10-07T15:07:56.9524775Z test result: ok. 1 passed; 0 failed; 0 ignored; 0 measured; 0 filtered out; finished in 0.09s
2026-10-07T15:07:56.9525135Z 
2026-10-07T15:07:56.9534094Z [1m[92m     Running[0m tests/subscriptions.rs (target/debug/deps/subscriptions-eecf7b77363a3730)
2026-10-07T15:07:56.9547698Z 
2026-10-07T15:07:56.9547842Z running 5 tests
2026-10-07T15:07:57.0214807Z test histories_compact_as_the_reference_compacts_them ... ok
2026-10-07T15:07:57.0311643Z test query_logs_hold_their_seeds_in_order ... ok
2026-10-07T15:07:57.0344450Z test seeds_of_every_version_read_as_the_reference_reads_them ... ok
2026-10-07T15:07:57.1033500Z test subscriptions_read_as_the_reference_reads_them ... ok
2026-10-07T15:07:57.1520071Z test checks_are_timed_as_the_reference_times_them ... ok
2026-10-07T15:07:57.1520464Z 
2026-10-07T15:07:57.1520852Z test result: ok. 5 passed; 0 failed; 0 ignored; 0 measured; 0 filtered out; finished in 0.20s
2026-10-07T15:07:57.1521370Z 
2026-10-07T15:07:57.1552272Z [1m[92m     Running[0m tests/tables.rs (target/debug/deps/tables-d235914d50c28085)
2026-10-07T15:07:57.1567672Z 
2026-10-07T15:07:57.1567844Z running 3 tests
2026-10-07T15:07:57.2472454Z test every_primary_table_matches_the_reference ... ok
2026-10-07T15:07:57.2506572Z test every_table_is_classified ... ok
2026-10-07T15:07:57.2515825Z test tag_text_matches_definitions ... ok
2026-10-07T15:07:57.2518759Z 
2026-10-07T15:07:57.2519184Z test result: ok. 3 passed; 0 failed; 0 ignored; 0 measured; 0 filtered out; finished in 0.10s
2026-10-07T15:07:57.2519735Z 
2026-10-07T15:07:57.2528481Z [1m[92m     Running[0m tests/tag_summaries.rs (target/debug/deps/tag_summaries-f6e6b3107c951fc5)
2026-10-07T15:07:57.2542175Z 
2026-10-07T15:07:57.2542320Z running 1 test
2026-10-07T15:07:57.2584566Z test generators_read_and_summarise_as_the_reference_s ... ok
2026-10-07T15:07:57.2585000Z 
2026-10-07T15:07:57.2585410Z test result: ok. 1 passed; 0 failed; 0 ignored; 0 measured; 0 filtered out; finished in 0.00s
2026-10-07T15:07:57.2585965Z 
2026-10-07T15:07:57.2587413Z [1m[92m     Running[0m tests/url_classes.rs (target/debug/deps/url_classes-2e42857e5ccd2d16)
2026-10-07T15:07:57.2602737Z 
2026-10-07T15:07:57.2602899Z running 1 test
2026-10-07T15:07:57.3612775Z test url_classes_page_and_refer_like_the_reference ... ok
2026-10-07T15:07:57.3613239Z 
2026-10-07T15:07:57.3613645Z test result: ok. 1 passed; 0 failed; 0 ignored; 0 measured; 0 filtered out; finished in 0.10s
2026-10-07T15:07:57.3614225Z 
2026-10-07T15:07:57.3620615Z [1m[92m     Running[0m tests/viewer_zoom.rs (target/debug/deps/viewer_zoom-8e001f565af33c3e)
2026-10-07T15:07:57.3633893Z 
2026-10-07T15:07:57.3634084Z running 2 tests
2026-10-07T15:07:57.3637294Z test zoom_steps_go_through_the_regular_zooms_and_canvas_fit ... ok
2026-10-07T15:07:57.3881731Z test zooms_are_the_references ... ok
2026-10-07T15:07:57.3882082Z 
2026-10-07T15:07:57.3882522Z test result: ok. 2 passed; 0 failed; 0 ignored; 0 measured; 0 filtered out; finished in 0.02s
2026-10-07T15:07:57.3883243Z 
2026-10-07T15:07:57.3885550Z [1m[92m     Running[0m unittests src/lib.rs (target/debug/deps/hydrus_media-bd3fce438491f1bd)
2026-10-07T15:07:57.3902498Z 
2026-10-07T15:07:57.3902808Z running 67 tests
2026-10-07T15:07:57.3922386Z test animation::tests::frames_are_found_by_time ... ok
2026-10-07T15:07:57.3927802Z test animation::tests::ugoiras_play_with_their_timings_and_loop ... ok
2026-10-07T15:07:57.3955564Z test blurhash::tests::base83_encoding ... ok
2026-10-07T15:07:57.3983610Z test blurhash::tests::flat_colours_match_reference ... ok
2026-10-07T15:07:57.3984878Z test animation::tests::stored_loop_counts_match_real_qt_animation_metadata ... ok
2026-10-07T15:07:57.3985781Z test detect::tests::header_rules ... ok
2026-10-07T15:07:57.3988412Z test encode::tests::animations_keep_their_frames_and_merge_repeats ... ok
2026-10-07T15:07:57.3989139Z test encode::tests::jpeg_drops_alpha ... ok
2026-10-07T15:07:57.3989682Z test encode::tests::png_round_trips_exactly ... ok
2026-10-07T15:07:57.3991249Z test encode::tests::webp_is_lossless ... ok
2026-10-07T15:07:57.4004358Z test animation::tests::frames_are_seeked_to ... ok
2026-10-07T15:07:57.4011089Z test blurhash::tests::recovery_pixels_and_invalid_inputs_match_actual_reference_decoder ... ok
2026-10-07T15:07:57.4017992Z test animation::tests::animated_webp_plays_and_loops ... ok
2026-10-07T15:07:57.4019008Z test ffmpeg::parse::tests::frame_counts_and_mappings ... ok
2026-10-07T15:07:57.4024665Z test ffmpeg::parse::tests::stupid_fps_values_are_dropped ... ok
2026-10-07T15:07:57.4025635Z test formats::apng::tests::detects_actl_near_the_top_only ... ok
2026-10-07T15:07:57.4027501Z test formats::apng::tests::durations ... ok
2026-10-07T15:07:57.4028292Z test formats::archive::tests::dirname_matches_posixpath ... ok
2026-10-07T15:07:57.4030042Z test formats::archive::tests::ugoira_json_validation ... ok
2026-10-07T15:07:57.4030925Z test formats::gif::tests::grey_ramp_palette_is_not_needed ... ok
2026-10-07T15:07:57.4037132Z test formats::isobmff::tests::finds_the_alpha_plane_of_heif_and_avif_images ... ok
2026-10-07T15:07:57.4038822Z test formats::ole::tests::property_parsing ... ok
2026-10-07T15:07:57.4040653Z test formats::pdf::tests::text_strings_decode ... ok
2026-10-07T15:07:57.4041558Z test formats::pdf::tests::words_are_counted_like_the_reference ... ok
2026-10-07T15:07:57.4045051Z test formats::pdn::tests::base64 ... ok
2026-10-07T15:07:57.4045764Z test formats::svg::tests::sizes ... ok
2026-10-07T15:07:57.4046456Z test formats::update::tests::lz4_fallback ... ok
2026-10-07T15:07:57.4047234Z test formats::update::tests::recognises_updates ... ok
2026-10-07T15:07:57.4051963Z test ffmpeg::parse::tests::parses_a_typical_mp4 ... ok
2026-10-07T15:07:57.4052996Z test formats::webp::tests::chunk_walk_handles_padding_and_truncation ... ok
2026-10-07T15:07:57.4066542Z test formats::webp::tests::opaque_reader_preserves_payload_duration_disposal_and_file_bytes_across_seeks ... ok
2026-10-07T15:07:57.4067441Z test hashes::tests::known_vectors ... ok
2026-10-07T15:07:57.4104091Z test hashes::tests::streaming_matches_one_shot ... ok
2026-10-07T15:07:57.4105707Z test imaging::cv::tests::flat_images_stay_flat ... ok
2026-10-07T15:07:57.4106721Z test imaging::cv::tests::grey_weights ... ok
2026-10-07T15:07:57.4108728Z test imaging::cv::tests::identity_and_shapes ... ok
2026-10-07T15:07:57.4109787Z test imaging::cvx::tests::kernels_sum_to_one ... ok
2026-10-07T15:07:57.4110722Z test imaging::cvx::tests::reflect_101 ... ok
2026-10-07T15:07:57.4111800Z test imaging::decode::tests::png_bit_unpacking ... ok
2026-10-07T15:07:57.4112806Z test imaging::decode::tests::sniffing ... ok
2026-10-07T15:07:57.4113356Z test imaging::exif::tests::garbage_is_empty ... ok
2026-10-07T15:07:57.4114705Z test imaging::exif::tests::reads_orientation_both_endians ... ok
2026-10-07T15:07:57.4118444Z test imaging::exif::tests::xmp_orientation_fallback ... ok
2026-10-07T15:07:57.4120056Z test imaging::icc::tests::generated_profile_is_loadable ... ok
2026-10-07T15:07:57.4154318Z test imaging::icc::tests::srgb_to_srgb_is_near_identity ... ok
2026-10-07T15:07:57.4156358Z test imaging::icc::tests::untransformable_modes_are_left_alone ... ok
2026-10-07T15:07:57.4157333Z test imaging::metadata::tests::iptc_blocks ... ok
2026-10-07T15:07:57.4158195Z test imaging::metadata::tests::software_comments ... ok
2026-10-07T15:07:57.4159169Z test imaging::metadata::tests::xmp_packets ... ok
2026-10-07T15:07:57.4160220Z test imaging::pil::tests::cmyk_conversion_matches_pillow_formula ... ok
2026-10-07T15:07:57.4161052Z test imaging::pil::tests::transposes_match_pil ... ok
2026-10-07T15:07:57.4164246Z test imaging::resample::tests::coefficients_sum_to_one_in_fixed_point ... ok
2026-10-07T15:07:57.4165943Z test imaging::resample::tests::flat_images_stay_flat ... ok
2026-10-07T15:07:57.4170515Z test imaging::tests::useful_alpha_needs_enough_interesting_pixels ... ok
2026-10-07T15:07:57.4177223Z test mimes::tests::groups_match_reference_implementation ... ok
2026-10-07T15:07:57.4177963Z test mimes::tests::image_extensions ... ok
2026-10-07T15:07:57.4179574Z test phash::tests::flat_image_is_blank ... ok
2026-10-07T15:07:57.4180839Z test text::tests::human_sort_orders_numbers_by_value ... ok
2026-10-07T15:07:57.4181493Z test text::tests::json_detection ... ok
2026-10-07T15:07:57.4193850Z test text::tests::splitlines_matches_python ... ok
2026-10-07T15:07:57.4283863Z test thumbnail::tests::default_thumbnails_have_the_target_size ... ok
2026-10-07T15:07:57.4284957Z test thumbnail::tests::resolution_examples ... ok
2026-10-07T15:07:57.4285781Z test tools::tests::software_comments ... ok
2026-10-07T15:07:57.4286674Z test tools::tests::video_frame_index ... ok
2026-10-07T15:07:57.4843770Z test ffmpeg::deadline_tests::version_deadline_is_captured_once_and_explicit_fixed_configuration_wins ... ok
2026-10-07T15:07:57.5083531Z test formats::webp::tests::alpha_bearing_and_incomplete_or_contradictory_containers_are_not_rewritten ... ok
2026-10-07T15:07:58.4034727Z test ffmpeg::deadline_tests::actual_metadata_timeout_kills_and_reaps_the_admitted_child ... ok
2026-10-07T15:07:58.4035271Z 
2026-10-07T15:07:58.4035551Z test result: ok. 67 passed; 0 failed; 0 ignored; 0 measured; 0 filtered out; finished in 1.01s
2026-10-07T15:07:58.4035901Z 
2026-10-07T15:07:58.4043192Z [1m[92m     Running[0m tests/embedded_metadata.rs (target/debug/deps/embedded_metadata-d24c5ee0af276b87)
2026-10-07T15:07:58.4057569Z 
2026-10-07T15:07:58.4057759Z running 3 tests
2026-10-07T15:07:58.4061772Z test the_window_reads_only_the_reference_s_supported_types ... ok
2026-10-07T15:07:58.4074385Z test pdf_document_fields_match_the_reference ... ok
2026-10-07T15:07:58.4798607Z test the_window_shows_what_the_reference_shows ... ok
2026-10-07T15:07:58.4798977Z 
2026-10-07T15:07:58.4799257Z test result: ok. 3 passed; 0 failed; 0 ignored; 0 measured; 0 filtered out; finished in 0.07s
2026-10-07T15:07:58.4799606Z 
2026-10-07T15:07:58.4804557Z [1m[92m     Running[0m tests/file_handling.rs (target/debug/deps/file_handling-36d98b51feac7ea0)
2026-10-07T15:07:58.4823931Z 
2026-10-07T15:07:58.4824101Z running 1 test
2026-10-07T15:07:59.4690891Z test file_handling_options_match_the_reference ... ok
2026-10-07T15:07:59.4691333Z 
2026-10-07T15:07:59.4691723Z test result: ok. 1 passed; 0 failed; 0 ignored; 0 measured; 0 filtered out; finished in 0.99s
2026-10-07T15:07:59.4692104Z 
2026-10-07T15:07:59.4697479Z [1m[92m     Running[0m tests/image_colour.rs (target/debug/deps/image_colour-c47c41cb418f0502)
2026-10-07T15:07:59.4719191Z 
2026-10-07T15:07:59.4719364Z running 3 tests
2026-10-07T15:07:59.4769124Z test alpha_bearing_animation_retains_existing_blend_disposal_pixels_and_durations ... ok
2026-10-07T15:07:59.4826900Z test native_owned_animation_policy_changes_future_frames_without_resetting_position ... ok
2026-10-07T15:07:59.6650737Z test embedded_policy_preserves_gamma_fallback_and_real_png_jpeg_webp_pixels ... ok
2026-10-07T15:07:59.6651143Z 
2026-10-07T15:07:59.6651417Z test result: ok. 3 passed; 0 failed; 0 ignored; 0 measured; 0 filtered out; finished in 0.19s
2026-10-07T15:07:59.6651770Z 
2026-10-07T15:07:59.6663649Z [1m[92m     Running[0m tests/metadata_flags.rs (target/debug/deps/metadata_flags-8d5dd8dbc41d1ac4)
2026-10-07T15:07:59.6684069Z 
2026-10-07T15:07:59.6684233Z running 1 test
2026-10-07T15:08:04.7346801Z test flags_match_the_reference ... ok
2026-10-07T15:08:04.7347179Z 
2026-10-07T15:08:04.7347627Z test result: ok. 1 passed; 0 failed; 0 ignored; 0 measured; 0 filtered out; finished in 5.07s
2026-10-07T15:08:04.7348231Z 
2026-10-07T15:08:04.7354048Z [1m[92m     Running[0m tests/reference_parity.rs (target/debug/deps/reference_parity-f134eba7808c4061)
2026-10-07T15:08:04.7375796Z 
2026-10-07T15:08:04.7375997Z running 3 tests
2026-10-07T15:08:04.7448327Z test thumbnail_resolutions_match_reference ... ok
2026-10-07T15:08:04.9860438Z test opencv_ports_are_bit_exact ... ok
2026-10-07T15:08:08.8601453Z test corpus_matches_reference ... ok
2026-10-07T15:08:08.8613176Z 
2026-10-07T15:08:08.8613677Z test result: ok. 3 passed; 0 failed; 0 ignored; 0 measured; 0 filtered out; finished in 4.12s
2026-10-07T15:08:08.8614286Z 
2026-10-07T15:08:08.8631347Z [1m[92m     Running[0m tests/visual_data.rs (target/debug/deps/visual_data-30bd27312fe64de6)
2026-10-07T15:08:08.8646920Z 
2026-10-07T15:08:08.8647127Z running 6 tests
2026-10-07T15:08:08.8852448Z test gaussian_blur_of_8_bit_images_is_exact ... ok
2026-10-07T15:08:08.8883339Z test jpeg_quality_matches ... ok
2026-10-07T15:08:08.8973629Z test float_blur_and_resize_are_exact ... ok
2026-10-07T15:08:09.0708520Z test rgb_to_lab_is_exact_for_every_colour ... ok
2026-10-07T15:08:09.1608899Z test area_resizes_of_8_bit_images_are_exact ... ok
2026-10-07T15:08:51.1073271Z test image_summaries_and_verdicts_match ... ok
2026-10-07T15:08:51.1073673Z 
2026-10-07T15:08:51.1074059Z test result: ok. 6 passed; 0 failed; 0 ignored; 0 measured; 0 filtered out; finished in 42.24s
2026-10-07T15:08:51.1074565Z 
2026-10-07T15:08:51.1103295Z [1m[92m     Running[0m unittests src/lib.rs (target/debug/deps/hydrus_net-31aa30c7a8a47120)
2026-10-07T15:08:51.1124638Z 
2026-10-07T15:08:51.1124821Z running 14 tests
2026-10-07T15:08:51.1129102Z test cookies::tests::sends_matching_cookies_longest_path_first ... ok
2026-10-07T15:08:51.1134767Z test engine::reload_tests::automatic_control_override_has_strict_five_second_boundary_and_sticks ... ok
2026-10-07T15:08:51.1135506Z test cookies::tests::reads_set_cookie_like_cookiejar ... ok
2026-10-07T15:08:51.1355904Z test engine::reload_tests::connection_retry_skip_is_consumed_once_and_unrelated_wakes_do_not_skip ... ok
2026-10-07T15:08:51.1359079Z test engine::reload_tests::independent_auto_override_owners_do_not_disable_each_other ... ok
2026-10-07T15:08:51.1360462Z test engine::reload_tests::job_speed_samples_the_current_second_and_expires_at_rollover ... ok
2026-10-07T15:08:51.2068509Z test engine::reload_tests::changed_options_are_picked_up ... ok
2026-10-07T15:08:51.2153030Z test engine::reload_tests::options_unchanged_keep_their_slots ... ok
2026-10-07T15:08:51.2299892Z test engine::reload_tests::formatting_refresh_keeps_a_bandwidth_wait_and_its_usage_and_cancel_reason ... ok
2026-10-07T15:08:51.2302844Z test engine::reload_tests::formatting_refresh_wakes_a_pending_gallery_label_and_preserves_its_token_and_job ... ok
2026-10-07T15:08:51.2303932Z test text::tests::decodes_by_header_then_utf8_then_meta_then_guess ... ok
2026-10-07T15:08:51.2803911Z test engine::reload_tests::sleep_detection_obeys_threshold_delay_and_disabled_pending_wait ... ok
2026-10-07T15:08:51.2896896Z test engine::reload_tests::runtime_domain_scrub_wakes_a_registered_domain_gate_and_preserves_unrelated_errors ... ok
2026-10-07T15:08:51.3244666Z test engine::reload_tests::saved_formatting_replays_actual_backend_waits_and_reopens_without_changing_rules ... ok
2026-10-07T15:08:51.3245389Z 
2026-10-07T15:08:51.3245790Z test result: ok. 14 passed; 0 failed; 0 ignored; 0 measured; 0 filtered out; finished in 0.21s
2026-10-07T15:08:51.3246321Z 
2026-10-07T15:08:51.3263771Z [1m[92m     Running[0m tests/engine.rs (target/debug/deps/engine-4c413740794f1a1e)
2026-10-07T15:08:51.3286420Z 
2026-10-07T15:08:51.3286579Z running 25 tests
2026-10-07T15:08:51.6445451Z test a_job_ends_as_the_references_do_and_has_a_speed ... ok
2026-10-07T15:08:52.4475398Z test a_domain_with_several_serious_errors_waits ... ok
2026-10-07T15:08:52.5834192Z test cancels ... ok
2026-10-07T15:08:52.6620747Z test deleting_history_discards_stale_flushes_resets_live_limits_and_wakes_waiters ... ok
2026-10-07T15:08:52.8019140Z test disabling_sleep_detection_reloads_and_releases_pending_requests ... ok
2026-10-07T15:08:52.8401485Z test gives_up_on_redirect_loops_and_dead_servers ... ok
2026-10-07T15:08:53.6942314Z test boot_pause_blocks_real_requests_and_resume_does_not_reset_the_preference ... ok
2026-10-07T15:08:53.7288820Z test keeps_cookies_through_redirects ... ok
2026-10-07T15:08:55.0208864Z test independent_engines_add_new_usage_without_replacing_each_other_or_double_counting ... ok
2026-10-07T15:08:55.0601050Z test requests_go_through_the_clients_proxy ... ok
2026-10-07T15:08:55.7659856Z test nothing_goes_out_while_all_new_network_traffic_is_paused ... ok
2026-10-07T15:08:55.8008285Z test resumes_files_with_ranged_requests ... ok
2026-10-07T15:08:55.8492489Z test runtime_cog_connection_override_releases_only_the_current_retry ... ok
2026-10-07T15:08:55.9188255Z test runtime_cog_gallery_override_does_not_release_other_gallery_waiters ... ok
2026-10-07T15:08:55.9677121Z test runtime_cog_server_retry_domain_scrub_and_retained_error ... ok
2026-10-07T15:08:56.0159531Z test runtime_live_transfer_progress_and_usage_precede_the_durable_save ... ok
2026-10-07T15:08:56.0954043Z test runtime_override_releases_a_live_bandwidth_wait_and_counts_usage ... ok
2026-10-07T15:08:56.0954872Z test requests_wait_a_little_after_the_computer_wakes ... ok
2026-10-07T15:08:56.1577654Z test saved_byte_precision_reaches_both_real_overlength_errors_after_reload ... ok
2026-10-07T15:08:56.1923939Z test sends_the_clients_headers ... ok
2026-10-07T15:08:56.2085399Z test runtime_registry_cancellation_ipc_and_dropped_fetch ... ok
2026-10-07T15:08:56.2339024Z test statuses_become_errors_or_retries ... ok
2026-10-07T15:08:56.2494849Z test url_class_overrides_and_no_range_for_posts ... ok
2026-10-07T15:08:56.4425453Z test a_header_awaiting_approval_holds_its_requests ... ok
2026-10-07T15:08:58.0744384Z test bandwidth_rules_space_out_requests_and_count_their_data ... ok
2026-10-07T15:08:58.0744933Z 
2026-10-07T15:08:58.0745336Z test result: ok. 25 passed; 0 failed; 0 ignored; 0 measured; 0 filtered out; finished in 6.75s
2026-10-07T15:08:58.0745894Z 
2026-10-07T15:08:58.0766848Z [1m[92m     Running[0m tests/login.rs (target/debug/deps/login-9fe43b6f2745fbae)
2026-10-07T15:08:58.0790571Z 
2026-10-07T15:08:58.0790767Z running 14 tests
2026-10-07T15:08:58.1974968Z test cancellation_stops_an_active_request_and_keeps_partial_results ... ok
2026-10-07T15:08:58.2080689Z test abandoned_unpolled_login_worker_releases_metadata_and_the_shared_admission_gate ... ok
2026-10-07T15:08:58.2627042Z test confirmed_login_reset_reaches_an_existing_http_engine_and_keeps_other_sessions ... ok
2026-10-07T15:08:58.2975884Z test completed_step_is_delivered_before_later_http_and_survives_wait_cancellation ... ok
2026-10-07T15:08:58.3004525Z test final_outcomes_guard_script_identity_and_preserve_domain_preferences ... ok
2026-10-07T15:08:58.5553331Z test demand_eligibility_replays_actual_reference_domains_cookies_errors_and_key_fallback ... ok
2026-10-07T15:08:58.6593280Z test global_process_cancel_uses_its_owner_id_and_persists_reference_delay_without_a_second_step ... ok
2026-10-07T15:08:58.6960758Z test invalid_demand_waits_for_ordinary_jobs_and_cancels_subscription_with_recorded_note ... ok
2026-10-07T15:08:58.9234153Z test real_http_steps_replay_reference_tokens_cookie_checks_veto_401_and_cancel ... ok
2026-10-07T15:08:58.9234887Z test request_plan_replaces_www_and_orders_static_credentials_then_temporary_values ... ok
2026-10-07T15:08:58.9571867Z test shared_login_session_state_replays_required_cookie_expiry_and_reset ... ok
2026-10-07T15:09:00.2106873Z test automatic_demand_replays_reference_http_and_reuses_one_connection_slot ... ok
2026-10-07T15:09:00.2721804Z test cancelled_trigger_keeps_reference_global_login_alive_for_another_engine ... ok
2026-10-07T15:09:02.4032392Z test forced_manual_login_serializes_demand_across_independently_opened_engines ... ok
2026-10-07T15:09:02.4033200Z 
2026-10-07T15:09:02.4033632Z test result: ok. 14 passed; 0 failed; 0 ignored; 0 measured; 0 filtered out; finished in 4.32s
2026-10-07T15:09:02.4034202Z 
2026-10-07T15:09:02.4058626Z [1m[92m     Running[0m unittests src/lib.rs (target/debug/deps/hydrus_parse-ce28cf332abaefc7)
2026-10-07T15:09:02.4075282Z 
2026-10-07T15:09:02.4075490Z running 6 tests
2026-10-07T15:09:02.4080192Z test sidecar::tests::json_sidecars_nest_rows_into_existing_objects ... ok
2026-10-07T15:09:02.4081081Z test sidecar::tests::notes_round_trip_through_rows ... ok
2026-10-07T15:09:02.4082029Z test sidecar::tests::sidecar_paths_are_named_like_the_reference ... ok
2026-10-07T15:09:02.4082927Z test text::tests::lines_split_like_python ... ok
2026-10-07T15:09:02.4083508Z test text::unescape_tests::notes_are_tidied ... ok
2026-10-07T15:09:02.4118053Z test folders::tests::filename_tags_come_from_the_path_like_the_reference ... ok
2026-10-07T15:09:02.4118601Z 
2026-10-07T15:09:02.4119038Z test result: ok. 6 passed; 0 failed; 0 ignored; 0 measured; 0 filtered out; finished in 0.00s
2026-10-07T15:09:02.4120101Z 
2026-10-07T15:09:02.4122413Z [1m[92m     Running[0m unittests src/lib.rs (target/debug/deps/hydrus_search-bb7040635a246e1a)
2026-10-07T15:09:02.4143999Z 
2026-10-07T15:09:02.4144238Z running 57 tests
2026-10-07T15:09:02.4148228Z test entry::tests::counters_are_known_by_key_and_by_name_in_any_case ... ok
2026-10-07T15:09:02.4150585Z test entry::tests::ratings_by_key_sort_by_their_service_s_name ... ok
2026-10-07T15:09:02.4164717Z test exec::numbers::tests::counts_match_the_reference_lambda ... ok
2026-10-07T15:09:02.4165400Z test exec::numbers::tests::exclusions_and_edges ... ok
2026-10-07T15:09:02.4174508Z test exec::numbers::tests::open_ranges_are_strict ... ok
2026-10-07T15:09:02.4192956Z test api::tests::negation_wildcards_and_namespaces ... ok
2026-10-07T15:09:02.4193936Z test exec::sort::tests::a_page_s_ties_keep_its_order_and_its_files_without_values_its_default ... ok
2026-10-07T15:09:02.4194823Z test exec::sort::tests::colour_keys_match_the_reference ... ok
2026-10-07T15:09:02.4195565Z test exec::sort::tests::ties_keep_id_order_in_both_directions ... ok
2026-10-07T15:09:02.4196216Z test exec::tags::tests::like_follows_sqlite ... ok
2026-10-07T15:09:02.4196840Z test exec::tags::tests::matching_uses_the_searchable_form ... ok
2026-10-07T15:09:02.4197755Z test exec::tags::tests::patterns_follow_the_reference_modes ... ok
2026-10-07T15:09:02.4198451Z test exec::tags::tests::successors_bound_prefix_ranges ... ok
2026-10-07T15:09:02.4199169Z test exec::sort::tests::sort_codes_match_the_reference ... ok
2026-10-07T15:09:02.4330798Z test api::tests::rejects_bad_input ... ok
2026-10-07T15:09:02.4331891Z test api::tests::documented_example ... ok
2026-10-07T15:09:02.5128079Z test exec::tests::a_page_s_fallback_sort_orders_its_sort_s_ties ... ok
2026-10-07T15:09:02.5173596Z test exec::tests::import_time_sorts_agree_whether_probed_or_from_the_cached_order ... ok
2026-10-07T15:09:02.5174949Z test exec::tests::limits_apply_after_sorting ... ok
2026-10-07T15:09:02.5217946Z test exec::tests::constructed_predicates_without_text_syntax_work ... ok
2026-10-07T15:09:02.5833117Z test exec::tests::every_term_is_understood_by_the_model ... ok
2026-10-07T15:09:02.6176739Z test exec::tests::saved_collect_tag_domains_group_files_as_the_reference_does ... ok
2026-10-07T15:09:02.8610583Z test exec::tests::searches_see_added_tags_as_the_reference_did ... ok
2026-10-07T15:09:03.0996505Z test exec::tests::searches_see_file_lifecycle_changes_as_the_reference_did ... ok
2026-10-07T15:09:03.1010250Z test exec::time::tests::ages_subtract_days_then_months_with_clamping ... ok
2026-10-07T15:09:03.1021873Z test exec::time::tests::dates_are_local_days ... ok
2026-10-07T15:09:03.1023061Z test exec::time::tests::today_is_the_local_date ... ok
2026-10-07T15:09:03.1024025Z test filetype_tests::tests::complete_classes_are_summarised ... ok
2026-10-07T15:09:03.2878822Z test filetype_tests::tests::filetype_words_match_reference_implementation ... ok
2026-10-07T15:09:03.2930697Z test filetype_tests::tests::general_classes_match_reference_implementation ... ok
2026-10-07T15:09:03.2956099Z test filetype_tests::tests::partial_classes_stay_specific ... ok
2026-10-07T15:09:03.2967477Z test filetype_tests::tests::searchable_mimes_match_reference_implementation ... ok
2026-10-07T15:09:03.2973165Z test media::tests::number_tests_treat_missing_values_like_the_reference ... ok
2026-10-07T15:09:03.2980577Z test media::tests::wildcards_match_whole_tags ... ok
2026-10-07T15:09:03.2987503Z test parse::date::tests::ages ... ok
2026-10-07T15:09:03.2988893Z test parse::date::tests::dates ... ok
2026-10-07T15:09:03.2998815Z test parse::date::tests::operator_words ... ok
2026-10-07T15:09:03.2999590Z test parse::names::tests::every_pattern_compiles ... ok
2026-10-07T15:09:03.3000325Z test parse::names::tests::order_decides_between_overlapping_names ... ok
2026-10-07T15:09:03.3001032Z test parse::rating::tests::advanced_selections ... ok
2026-10-07T15:09:03.3001649Z test parse::rating::tests::like_ignores_operators ... ok
2026-10-07T15:09:03.3009473Z test parse::rating::tests::operator_is_found_before_the_value ... ok
2026-10-07T15:09:03.3026003Z test parse::tag_advanced::tests::empty_tags_are_rejected ... ok
2026-10-07T15:09:03.3043690Z test parse::tag_advanced::tests::splits_on_the_first_unquoted_colon ... ok
2026-10-07T15:09:03.3060979Z test parse::tag_advanced::tests::status_words_match_reference_implementation ... ok
2026-10-07T15:09:03.3069384Z test parse::text::tests::maps_lowercase_slices_back_to_the_original ... ok
2026-10-07T15:09:03.3070345Z test parse::text::tests::parses_unicode_decimal_digits_like_python ... ok
2026-10-07T15:09:03.3071291Z test parse::text::tests::rejects_non_system_text ... ok
2026-10-07T15:09:03.3072107Z test parse::text::tests::strips_python_whitespace ... ok
2026-10-07T15:09:03.3073119Z test parse::text::tests::widens_whitespace_classes ... ok
2026-10-07T15:09:03.3075070Z test parse::values::tests::durations ... ok
2026-10-07T15:09:03.3076644Z test parse::values::tests::filetype_lists ... ok
2026-10-07T15:09:03.3077544Z test parse::values::tests::numbers_allow_commas_and_has ... ok
2026-10-07T15:09:03.3078534Z test parse::values::tests::size_units_match_the_first_spelling ... ok
2026-10-07T15:09:03.4311166Z test exec::tests::executor_agrees_with_the_naive_model ... ok
2026-10-07T15:09:03.9616523Z test exec::tests::owned_sort_contexts_replay_default_fallback_cogs_for_files_and_collections ... ok
2026-10-07T15:09:05.3795831Z test exec::tests::pages_collect_as_the_reference_s_pages_collect ... ok
2026-10-07T15:09:05.3796360Z 
2026-10-07T15:09:05.3796770Z test result: ok. 57 passed; 0 failed; 0 ignored; 0 measured; 0 filtered out; finished in 2.97s
2026-10-07T15:09:05.3797328Z 
2026-10-07T15:09:05.3821290Z [1m[92m     Running[0m tests/file_search_options.rs (target/debug/deps/file_search_options-7dfbab109fee8dc2)
2026-10-07T15:09:05.3844442Z 
2026-10-07T15:09:05.3844609Z running 2 tests
2026-10-07T15:09:05.3861712Z test database_sort_eligibility_matches_each_reference_system_sort_and_location ... ok
2026-10-07T15:09:05.5014586Z test implicit_limit_and_explicit_override_match_reference_database_queries ... ok
2026-10-07T15:09:05.5014981Z 
2026-10-07T15:09:05.5015253Z test result: ok. 2 passed; 0 failed; 0 ignored; 0 measured; 0 filtered out; finished in 0.12s
2026-10-07T15:09:05.5015601Z 
2026-10-07T15:09:05.5024238Z [1m[92m     Running[0m tests/media_tests.rs (target/debug/deps/media_tests-12a3071611c745b2)
2026-10-07T15:09:05.5045358Z 
2026-10-07T15:09:05.5045530Z running 2 tests
2026-10-07T15:09:05.6670315Z test comparable_values_match_the_reference ... ok
2026-10-07T15:09:05.7228005Z test predicates_match_the_same_files_as_in_the_reference ... ok
2026-10-07T15:09:05.7228511Z 
2026-10-07T15:09:05.7228794Z test result: ok. 2 passed; 0 failed; 0 ignored; 0 measured; 0 filtered out; finished in 0.22s
2026-10-07T15:09:05.7229158Z 
2026-10-07T15:09:05.7244152Z [1m[92m     Running[0m tests/predicate_entry.rs (target/debug/deps/predicate_entry-625643ad65e60ad2)
2026-10-07T15:09:05.7258769Z 
2026-10-07T15:09:05.7258969Z running 3 tests
2026-10-07T15:09:05.7285288Z test the_order_is_by_the_stored_text_whatever_is_shown ... ok
2026-10-07T15:09:05.7390877Z test entering_predicates_leaves_what_the_reference_s_list_does ... ok
2026-10-07T15:09:05.7407926Z test each_predicate_s_inverse_is_the_reference_s ... ok
2026-10-07T15:09:05.7408310Z 
2026-10-07T15:09:05.7408689Z test result: ok. 3 passed; 0 failed; 0 ignored; 0 measured; 0 filtered out; finished in 0.01s
2026-10-07T15:09:05.7409042Z 
2026-10-07T15:09:05.7414335Z [1m[92m     Running[0m tests/predicate_text.rs (target/debug/deps/predicate_text-bd1a1afbf4841553)
2026-10-07T15:09:05.7427964Z 
2026-10-07T15:09:05.7428111Z running 3 tests
2026-10-07T15:09:05.8121162Z test predicates_the_reference_s_editors_make_are_read_and_written_as_its_own ... ok
2026-10-07T15:09:05.8895410Z test api_searches_are_written_as_the_reference_writes_them ... ok
2026-10-07T15:09:05.9376613Z test predicates_are_written_as_the_reference_writes_them ... ok
2026-10-07T15:09:05.9377042Z 
2026-10-07T15:09:05.9377641Z test result: ok. 3 passed; 0 failed; 0 ignored; 0 measured; 0 filtered out; finished in 0.19s
2026-10-07T15:09:05.9378007Z 
2026-10-07T15:09:05.9426652Z [1m[92m     Running[0m tests/reference_parity.rs (target/debug/deps/reference_parity-370682ac60228639)
2026-10-07T15:09:05.9441905Z 
2026-10-07T15:09:05.9442051Z running 3 tests
2026-10-07T15:09:06.1256948Z test api_searches_match_the_reference ... ok
2026-10-07T15:09:06.2721737Z test stored_predicates_decode_to_what_the_reference_parsed ... ok
2026-10-07T15:09:06.3599522Z test system_predicates_match_the_reference ... ok
2026-10-07T15:09:06.3599821Z 
2026-10-07T15:09:06.3600094Z test result: ok. 3 passed; 0 failed; 0 ignored; 0 measured; 0 filtered out; finished in 0.42s
2026-10-07T15:09:06.3600440Z 
2026-10-07T15:09:06.3670263Z [1m[92m     Running[0m tests/robustness.rs (target/debug/deps/robustness-3ee94afd225f06ab)
2026-10-07T15:09:06.3685633Z 
2026-10-07T15:09:06.4384306Z running 4 tests
2026-10-07T15:09:06.4384774Z test errors_name_the_input ... ok
2026-10-07T15:09:06.4892109Z test long_inputs_are_fast ... ok
2026-10-07T15:09:06.5737067Z test never_panics_on_predicate_like_text ... ok
2026-10-07T15:09:06.7211706Z test never_panics_on_arbitrary_text ... ok
2026-10-07T15:09:06.7211988Z 
2026-10-07T15:09:06.7212874Z test result: ok. 4 passed; 0 failed; 0 ignored; 0 measured; 0 filtered out; finished in 0.35s
2026-10-07T15:09:06.7213258Z 
2026-10-07T15:09:06.7223384Z [1m[92m     Running[0m unittests src/lib.rs (target/debug/deps/hydrus_store-90aa2f83d0721915)
2026-10-07T15:09:06.7247130Z 
2026-10-07T15:09:06.7247273Z running 252 tests
2026-10-07T15:09:06.7283557Z test api_activity::tests::marker_replaces_atomically_reopens_and_rejects_malformed_data ... ok
2026-10-07T15:09:06.7313404Z test autocomplete::input::tests::rules_open_up_fetch_alls ... ok
2026-10-07T15:09:06.7330471Z test autocomplete::input::tests::parses_like_the_reference ... ok
2026-10-07T15:09:06.7332015Z test autocomplete::pattern::tests::like_is_sqlite_like ... ok
2026-10-07T15:09:06.7334468Z test autocomplete::pattern::tests::phrases_tokenise_like_fts4 ... ok
2026-10-07T15:09:06.7335155Z test autocomplete::pattern::tests::plans_follow_the_reference ... ok
2026-10-07T15:09:06.7335890Z test autocomplete::search::tests::counts_merge_and_render_like_the_reference ... ok
2026-10-07T15:09:06.7336607Z test autocomplete::search::tests::upper_bounds_cover_exactly_the_prefix ... ok
2026-10-07T15:09:06.7337154Z test autocomplete::pattern::tests::result_filter_matches_word_starts ... ok
2026-10-07T15:09:06.7353427Z test backup::tests::a_failed_restore_copy_preserves_the_database_sidecars_media_and_request ... ok
2026-10-07T15:09:06.7363604Z test backup::tests::a_mirror_copies_changes_and_drops_surplus ... ok
2026-10-07T15:09:06.7380750Z test backup::tests::a_missing_backup_retains_the_request_and_original_database ... ok
2026-10-07T15:09:06.7382117Z test backup::tests::an_active_server_prevents_restore_without_consuming_the_request ... ok
2026-10-07T15:09:06.7383694Z test backup::tests::cancellation_during_mirroring_preserves_uncopied_and_surplus_files ... ok
2026-10-07T15:09:06.8232262Z test backup::tests::cancelled_backup_does_not_report_success_or_touch_destination ... ok
2026-10-07T15:09:06.8244814Z test backup::tests::restore_rejects_a_symlink_to_the_store ... ok
2026-10-07T15:09:06.8245845Z test backup::tests::restore_rejects_the_store_itself_before_writing_a_request_or_database ... ok
2026-10-07T15:09:06.8387675Z test animation_start::tests::actual_yaml_upgrade_native_override_reopen_and_invalid_values ... ok
2026-10-07T15:09:06.8499832Z test backup::tests::a_backup_restores_over_a_changed_store ... ok
2026-10-07T15:09:06.8709904Z test api_update_toasts::tests::retained_enabled_options_native_override_reopen_corruption_and_exact_expiry ... ok
2026-10-07T15:09:06.8802062Z test conn::tests::effects_run_only_after_successful_commit ... ok
2026-10-07T15:09:06.8941040Z test conn::tests::failed_write_rolls_back_only_itself ... ok
2026-10-07T15:09:06.9084535Z test conn::tests::readers_see_consistent_snapshots_while_writing ... ok
2026-10-07T15:09:06.9163331Z test conn::tests::the_writer_empties_the_log_every_quarter_hour ... ok
2026-10-07T15:09:06.9330330Z test conn::tests::write_then_read ... ok
2026-10-07T15:09:06.9393076Z test content::tests::deleting_from_one_of_two_local_domains_does_not_trash ... ok
2026-10-07T15:09:06.9556156Z test content::tests::a_forced_filetype_keeps_the_detected_one_and_is_undone ... ok
2026-10-07T15:09:06.9665575Z test content::tests::file_info_round_trips ... ok
2026-10-07T15:09:06.9773441Z test content::tests::import_trash_undelete_and_purge ... ok
2026-10-07T15:09:07.0003845Z test content::tests::mapping_state_machine ... ok
2026-10-07T15:09:07.0481900Z test content::tests::service_bulk_trash_respects_lock_and_restores_all_former_domains ... ok
2026-10-07T15:09:07.0922055Z test content::tests::service_deleted_record_clear_keeps_trash_history_and_physical_queue ... ok
2026-10-07T15:09:07.1424006Z test content::tests::the_delete_lock_keeps_archived_files_from_going_for_good ... ok
2026-10-07T15:09:07.1764518Z test conn::tests::a_pause_empties_the_log_and_holds_work_until_dropped ... ok
2026-10-07T15:09:07.2611500Z test content::tests::service_bulk_rating_scopes_keep_trash_and_other_services ... ok
2026-10-07T15:09:07.2617959Z test db_maintenance::tests::per_service_table_names ... ok
2026-10-07T15:09:07.2618808Z test display::tests::first_sibling_pair_wins_and_cycles_are_dropped ... ok
2026-10-07T15:09:07.3964119Z test db_maintenance::tests::inconsistent_mappings_and_orphans_are_repaired ... ok
2026-10-07T15:09:07.3965494Z test display::tests::parent_loops_are_dropped ... ok
2026-10-07T15:09:07.3966320Z test display::tests::parents_close_transitively_through_ideals ... ok
2026-10-07T15:09:07.3967273Z test display::tests::rules_count_as_the_reference_s_lookup_rows ... ok
2026-10-07T15:09:07.3967907Z test display::tests::sibling_chains_resolve_to_the_end ... ok
2026-10-07T15:09:07.4005904Z test db_maintenance::tests::basic_jobs_find_nothing_and_regeneration_keeps_counts ... ok
2026-10-07T15:09:07.4368845Z test display::tests::graph_invariants ... ok
2026-10-07T15:09:07.4423507Z test duplicates::auto::tests::the_references_suggested_rules_are_all_read ... ok
2026-10-07T15:09:07.4471462Z test domains::tests::import_order_is_by_time_then_id_and_follows_writes ... ok
2026-10-07T15:09:07.4523558Z test domains::tests::a_read_sees_the_domain_as_its_snapshot_has_it ... ok
2026-10-07T15:09:07.4910664Z test duplicates::cache::tests::cached_pairs_follow_writes_and_only_readers_fill_the_cache ... ok
2026-10-07T15:09:07.6019716Z test duplicates_progress::tests::real_saved_disabled_legacy_policy_backfills_native_override_and_reopens ... ok
2026-10-07T15:09:07.6172125Z test ffmpeg_policy::tests::actual_legacy_saved_policy_backfill_native_override_and_poll_adapter ... ok
2026-10-07T15:09:07.6506103Z test file_maintenance::tests::captured_cancel_clears_due_and_future_types_and_keeps_unselected_work ... ok
2026-10-07T15:09:07.6513851Z test file_maintenance::tests::file_work_lease_is_shared_by_independent_owners_and_released_on_drop ... ok
2026-10-07T15:09:07.6529737Z test file_maintenance::tests::job_types_keep_the_reference_s_codes ... ok
2026-10-07T15:09:07.6801902Z test ffmpeg_policy::tests::reader_from_a_borrowed_store_is_live_and_does_not_retain_its_owner ... ok
2026-10-07T15:09:07.6823677Z test folder_activity::tests::abandoned_request_and_old_marker_files_do_not_pause_another_kind ... ok
2026-10-07T15:09:07.6825292Z test folder_activity::tests::request_interrupts_work_waits_for_release_and_rejects_new_work ... ok
2026-10-07T15:09:07.6826446Z test file_maintenance::tests::selected_admission_precedes_batch_limit_and_preserves_due_type_rules ... ok
2026-10-07T15:09:07.7022252Z test duplicates::merge::tests::only_whitelisted_notes_merge_under_their_new_names ... ok
2026-10-07T15:09:07.7615250Z test gallery::tests::a_page_makes_a_search_per_query_with_its_settings ... ok
2026-10-07T15:09:07.7716035Z test folder_activity::tests::transient_pause_preserves_original_and_live_user_pause_preferences ... ok
2026-10-07T15:09:07.7816100Z test gallery::tests::no_downloader_or_no_urls_makes_nothing ... ok
2026-10-07T15:09:07.8446888Z test gallery::tests::queries_merge_and_repeats_are_skipped_as_the_page_says ... ok
2026-10-07T15:09:07.8453419Z test granularity::tests::estimating_a_folder_ignores_non_ascii_names ... ok
2026-10-07T15:09:07.8943689Z test granularity::tests::cancellation_restores_moved_files_to_their_original_locations ... ok
2026-10-07T15:09:07.9463376Z test granularity::tests::failed_publication_restores_exact_split_locations ... ok
2026-10-07T15:09:07.9953900Z test granularity::tests::merged_prefix_records_the_actual_destination_across_locations ... ok
2026-10-07T15:09:07.9983253Z test idle_state::tests::only_a_fresh_idle_marker_is_idle ... ok
2026-10-07T15:09:08.0013275Z test idle_state::tests::pace_follows_the_time_and_caps_the_rest ... ok
2026-10-07T15:09:08.1341873Z test image_colour::tests::real_saved_disabled_legacy_policy_backfills_native_override_and_reopens ... ok
2026-10-07T15:09:08.2433886Z test import::decode::tests::a_clients_simple_downloader_formulae_come_across ... ok
2026-10-07T15:09:08.3533928Z test import::decode::tests::a_new_clients_checker_timings_are_our_defaults ... ok
2026-10-07T15:09:08.4583960Z test import::decode::tests::a_new_clients_headers_are_our_defaults ... ok
2026-10-07T15:09:08.5653628Z test import::decode::tests::a_new_clients_import_options_and_downloaders_convert ... ok
2026-10-07T15:09:08.6757126Z test import::decode::tests::a_new_clients_merge_options_are_our_defaults ... ok
2026-10-07T15:09:08.7563917Z test granularity::tests::the_store_records_its_new_folders ... ok
2026-10-07T15:09:08.7883670Z test import::decode::tests::auto_resolution_rules_convert ... ok
2026-10-07T15:09:08.8070378Z test import::decode::tests::api_update_toasts_import_present_and_absent_client_options ... ok
2026-10-07T15:09:08.9384452Z test import::decode::tests::browser_eye_menu_preferences_migrate_independently ... ok
2026-10-07T15:09:08.9744944Z test import::decode::tests::clipboard_monitor_switches_convert_independently ... ok
2026-10-07T15:09:09.0813209Z test import::decode::tests::command_palette_preferences_migrate_defaults_and_nondefault_provider_policies ... ok
2026-10-07T15:09:09.0933506Z test import::decode::tests::custom_merge_options_convert ... ok
2026-10-07T15:09:09.1384739Z test import::decode::tests::cursor_autohide_import_preserves_timeout_and_do_not_hide ... ok
2026-10-07T15:09:09.1405496Z test import::decode::tests::downloader_pages_own_state_converts ... ok
2026-10-07T15:09:09.4154371Z test import::decode::tests::downloader_update_time_import_preserves_raw_fields_and_reopens ... ok
2026-10-07T15:09:09.5329729Z test import::decode::tests::export_default_directory_import_resolves_recorded_portable_paths ... ok
2026-10-07T15:09:09.6820123Z test import::decode::tests::file_search_defaults_convert_user_values ... ok
2026-10-07T15:09:09.8289502Z test import::decode::tests::file_view_removal_imports_legacy_and_typed_flags_independently ... ok
2026-10-07T15:09:09.8325187Z test import::decode::tests::duplicate_colours_import_none_zero_and_explicit_preferences_then_reopen ... ok
2026-10-07T15:09:10.0707566Z test import::decode::tests::four_note_preferences_import_and_survive_reopen ... ok
2026-10-07T15:09:10.1201093Z test import::decode::tests::idle_timeout_import_preserves_seconds_none_and_missing_defaults ... ok
2026-10-07T15:09:10.2134311Z test import::decode::tests::image_cache_size_raw_timeout_and_future_admission_import_independently ... ok
2026-10-07T15:09:10.3468620Z test import::decode::tests::importing_work_slots_decode_five_legacy_keys_and_persist_native_limits ... ok
2026-10-07T15:09:10.4422131Z test import::decode::tests::local_transfer_confirmations_decode_both_legacy_booleans ... ok
2026-10-07T15:09:10.5704052Z test import::decode::tests::main_identity_import_preserves_raw_name_and_saved_tag_activation ... ok
2026-10-07T15:09:10.5733536Z test import::decode::tests::maintenance_gates_import_present_and_absent_client_options ... ok
2026-10-07T15:09:10.6836429Z test import::decode::tests::manage_tags_live_display_and_incremental_fields_import ... ok
2026-10-07T15:09:10.7099546Z test import::decode::tests::manage_tags_sort_contexts_import_siblings_independently_of_sidebar_sorts ... ok
2026-10-07T15:09:10.7742395Z test import::decode::tests::namespace_colours_convert ... ok
2026-10-07T15:09:10.7766319Z test import::decode::tests::page_sort_import_preserves_its_independent_full_tag_context ... ok
2026-10-07T15:09:10.9144035Z test import::decode::tests::passive_background_options_import_each_draw_key ... ok
2026-10-07T15:09:10.9464814Z test import::decode::tests::network_boot_preference_converts_without_changing_live_pause ... ok
2026-10-07T15:09:11.0528967Z test import::decode::tests::physical_delete_import_preserves_present_delay_and_defaults_without_client_options ... ok
2026-10-07T15:09:11.2829683Z test import::decode::tests::preview_and_dialog_rating_sizes_import_exact_fractional_preferences ... ok
2026-10-07T15:09:11.4034128Z test import::decode::tests::real_client_ffmpeg_timeout_is_imported_without_clamping ... ok
2026-10-07T15:09:11.6866624Z test import::decode::tests::recorded_custom_predicate_defaults_import_with_typed_units_and_keys ... ok
2026-10-07T15:09:11.8305084Z test import::decode::tests::saving_the_page_sort_on_change_converts ... ok
2026-10-07T15:09:11.8428595Z test import::decode::tests::popup_width_imports_raw_reference_preferences_and_reopens_them ... ok
2026-10-07T15:09:11.9465656Z test import::decode::tests::sibling_connector_colours_import_retains_none_empty_and_raw_names ... ok
2026-10-07T15:09:11.9843886Z test import::decode::tests::shortcut_capture_policies_import_defaults_and_nondefault_values ... ok
2026-10-07T15:09:12.0554909Z test import::decode::tests::subscription_concurrency_imports_nondefault_number ... ok
2026-10-07T15:09:12.1614699Z test import::decode::tests::subscription_file_failure_threshold_imports_none_and_number ... ok
2026-10-07T15:09:12.1911994Z test import::decode::tests::suggested_layout_and_unavailable_default_pages_migrate_without_losing_choices ... ok
2026-10-07T15:09:12.1933574Z test import::decode::tests::tag_display_filters_convert ... ok
2026-10-07T15:09:12.3007545Z test import::decode::tests::tag_list_opening_modes_import_independently_and_ignore_unknown_codes ... ok
2026-10-07T15:09:12.3104135Z test import::decode::tests::tag_dialog_defaults_import_independently_of_autocomplete_defaults ... ok
2026-10-07T15:09:12.3961830Z test import::decode::tests::tag_presentation_converts ... ok
2026-10-07T15:09:12.4438243Z test import::decode::tests::the_lock_password_converts ... ok
2026-10-07T15:09:12.5664046Z test import::decode::tests::the_search_defaults_convert ... ok
2026-10-07T15:09:12.6563868Z test import::decode::tests::the_tag_summaries_convert ... ok
2026-10-07T15:09:12.7947074Z test import::decode::tests::the_thumbnail_border_and_margin_convert ... ok
2026-10-07T15:09:12.8995835Z test import::decode::tests::thumbnail_cache_size_and_raw_timeout_import_as_independent_typed_preferences ... ok
2026-10-07T15:09:12.9234237Z test import::decode::tests::unselected_tag_limit_import_preserves_zero_none_and_presentation ... ok
2026-10-07T15:09:13.1133976Z test import::decode::tests::viewer_closing_options_import_each_independent_preference ... ok
2026-10-07T15:09:13.1463700Z test import::decode::tests::viewer_canvas_options_convert_user_values ... ok
2026-10-07T15:09:13.3814134Z test import::decode::tests::viewer_hover_options_migrate_disable_keys_as_enabled_controls ... ok
2026-10-07T15:09:13.3873646Z test import::decode::tests::viewer_focus_options_import_independent_mouseover_gates ... ok
2026-10-07T15:09:13.4473621Z test content::tests::incremental_counts_equal_rebuild ... ok
2026-10-07T15:09:13.5919119Z test import::decode::tests::viewer_pointer_options_import_both_drag_preferences ... ok
2026-10-07T15:09:13.7104711Z test import::decode::tests::viewer_tag_wheel_imports_all_four_reference_policy_codes ... ok
2026-10-07T15:09:13.7184104Z test import::decode::tests::viewer_playback_import_keeps_zoom_command_and_loop_policy ... ok
2026-10-07T15:09:13.7609025Z test import::decode::tests::viewing_menu_preferences_import_the_display_style_and_canvas_ticks ... ok
2026-10-07T15:09:13.9087545Z test import::network_tests::copies_the_mpv_conf ... ok
2026-10-07T15:09:14.0338108Z test import::network_tests::a_named_startup_session_keeps_hydrus_s_last_session_apart ... ok
2026-10-07T15:09:14.0593994Z test import::network_tests::downloader_pages_own_state_comes_back_for_earlier_imports ... ok
2026-10-07T15:09:14.1533735Z test import::network_tests::imports_downloader_pages_from_the_last_session ... ok
2026-10-07T15:09:14.3384090Z test import::network_tests::imports_search_pages_from_the_last_session ... ok
2026-10-07T15:09:14.3413528Z test import::network_tests::imports_local_import_pages_from_the_last_session ... ok
2026-10-07T15:09:14.3535740Z test import::network_tests::imports_session_cookies ... ok
2026-10-07T15:09:14.4914052Z test import::tests::a_default_install_keeps_the_default_bandwidth_rules ... ok
2026-10-07T15:09:14.4952325Z test import::tests::any_reference_install_counts_match ... ignored, needs HYDRUS_REFERENCE_DB
2026-10-07T15:09:14.5931476Z test import::network_tests::other_saved_sessions_come_across_without_running_their_downloaders ... ok
2026-10-07T15:09:14.6083757Z test import::tests::decodes_the_basic_fixture_settings ... ok
2026-10-07T15:09:14.6363554Z test import::network_tests::imports_subscriptions_with_their_histories ... ok
2026-10-07T15:09:14.7239890Z test import::tests::import_options_that_run_programs_are_reported ... ok
2026-10-07T15:09:14.7828949Z test import::tests::rebuilt_counts_match_the_reference_caches ... ok
2026-10-07T15:09:14.8128052Z test import::tests::imports_the_basic_fixture ... ok
2026-10-07T15:09:14.8984772Z test import::tests::the_global_pause_switches_come_across ... ok
2026-10-07T15:09:14.9733439Z test import::tests::the_network_options_come_across ... ok
2026-10-07T15:09:14.9753466Z test live::tests::a_status_shows_its_first_line ... ok
2026-10-07T15:09:14.9983546Z test live::tests::cancels_are_taken_once_and_nudge_the_queue ... ok
2026-10-07T15:09:15.0154667Z test import::tests::refuses_to_overwrite_or_import_the_wrong_version ... ok
2026-10-07T15:09:15.0164026Z test live::tests::live_state_is_kept_replaced_and_cleared ... ok
2026-10-07T15:09:15.0164855Z test live::tests::only_changes_are_published ... ok
2026-10-07T15:09:15.0193326Z test import::tests::the_trash_limits_come_across ... ok
2026-10-07T15:09:15.1021305Z test login_runtime::tests::crashed_process_metadata_cannot_block_or_cancel_the_next_lease ... ok
2026-10-07T15:09:15.1152514Z test login_runtime::tests::separate_store_owners_serialize_cancel_and_retire_only_the_reviewed_login ... ok
2026-10-07T15:09:15.3584773Z test maintenance::tests::cancelled_owned_wait_releases_writer_and_never_admits_a_successor_pair ... ok
2026-10-07T15:09:15.4314534Z test maintenance::tests::captured_wait_follows_committed_pairs_including_last_and_allows_live_readd ... ok
2026-10-07T15:09:15.6194053Z test maintenance::tests::missing_file_still_waits_after_its_thumbnail_and_queue_commit ... ok
2026-10-07T15:09:15.6294187Z test maintenance::tests::never_deletes_media_shared_with_another_install ... ok
2026-10-07T15:09:15.8907442Z test maintenance::tests::pair_failure_keeps_its_queue_and_previous_pair_commit_and_does_not_wait ... ok
2026-10-07T15:09:16.0474210Z test maintenance::tests::rebuilding_the_caches_gives_the_same_caches ... ok
2026-10-07T15:09:16.0623368Z test granularity::tests::a_folder_goes_to_three_and_back ... ok
2026-10-07T15:09:16.0893381Z test maintenance::tests::leaves_claimed_files_queued ... ok
2026-10-07T15:09:16.1734830Z test maintenance_gates::tests::retained_client_options_native_wins_reopen_and_corruption ... ok
2026-10-07T15:09:16.1999612Z test master::tests::interning_is_idempotent_and_reversible ... ok
2026-10-07T15:09:16.2195651Z test master::tests::new_subtags_are_indexed_for_autocomplete ... ok
2026-10-07T15:09:16.2207476Z test master::tests::url_domains_match_urlparse_netloc ... ok
2026-10-07T15:09:16.3071172Z test maintenance::tests::retained_local_queue_cleanup_does_not_wait_or_remove_physical_paths ... ok
2026-10-07T15:09:16.3324441Z test maintenance::tests::selected_tag_regeneration_repairs_connected_counts_without_changing_primary_data ... ok
2026-10-07T15:09:16.3778420Z test media::tests::counts_tags_as_each_file_has_them ... ok
2026-10-07T15:09:16.4915245Z test menu_choice_wheel::tests::actual_saved_false_legacy_fallback_native_override_and_durable_reopen ... ok
2026-10-07T15:09:16.4944088Z test media::tests::loads_the_fixture ... ok
2026-10-07T15:09:16.4956226Z test maintenance::tests::purges_files_that_left_local_storage ... ok
2026-10-07T15:09:16.4966657Z test media::tests::hidden_tags_are_left_out_of_the_counts ... ok
2026-10-07T15:09:16.5116755Z test network::tests::cookies_list_in_jar_order ... ok
2026-10-07T15:09:16.5172411Z test network::tests::headers_keep_what_is_not_given ... ok
2026-10-07T15:09:16.5181024Z test network::login_tests::a_login_covers_its_domain_and_subdomains ... ok
2026-10-07T15:09:16.5191009Z test network::tests::sessions_are_per_registrable_domain ... ok
2026-10-07T15:09:16.5192372Z test paths::tests::copies_keep_permissions_unless_told_not_to ... ok
2026-10-07T15:09:16.5934559Z test orphan_files::tests::strays_are_found_and_moved_and_kept_files_stay ... ok
2026-10-07T15:09:16.6130287Z test page_layout::tests::imported_yaml_signed_sizes_exit_switch_and_native_override_survive_reopen ... ok
2026-10-07T15:09:16.6248288Z test popup_actions::tests::answer_survives_dismissal_and_old_owner_cannot_consume_or_retire_successor ... ok
2026-10-07T15:09:16.6372355Z test physical_delete::tests::recorded_retained_options_native_override_constructor_and_reopen ... ok
2026-10-07T15:09:16.6418769Z test popup_actions::tests::gui_retirement_drops_unconsumed_calls_but_preserves_committed_answers ... ok
2026-10-07T15:09:16.6520489Z test popup_actions::tests::pre_action_schema_upgrades_and_restart_forgets_ephemeral_handlers_but_keeps_clipboard ... ok
2026-10-07T15:09:16.6723204Z test popups::tests::mergable_files_with_the_same_label_join_one_popup ... ok
2026-10-07T15:09:16.6821302Z test popups::tests::popups_queue_oldest_first_until_dismissed ... ok
2026-10-07T15:09:16.7044981Z test queues::tests::a_pages_queue_waits_while_closed_and_goes_with_it ... ok
2026-10-07T15:09:16.7136755Z test queues::tests::a_queues_page_shows_the_files_its_seeds_brought_in_order ... ok
2026-10-07T15:09:16.7308384Z test or_connector::tests::real_qt_serialised_raw_connector_backfills_and_native_override_survives_reopen ... ok
2026-10-07T15:09:16.7327063Z test queues::tests::deleted_queue_identity_is_not_recycled_and_late_seed_updates_ignore_successors ... ok
2026-10-07T15:09:16.7680892Z test queues::tests::seeds_dedupe_order_and_retry ... ok
2026-10-07T15:09:16.7707661Z test queues::tests::nudges_are_taken_once_each ... ok
2026-10-07T15:09:16.7739274Z test popup_freeze::tests::actual_saved_true_legacy_native_override_and_durable_reopen ... ok
2026-10-07T15:09:16.7744179Z test reference_options::tests::unset_values_read_as_their_defaults ... ok
2026-10-07T15:09:16.7767269Z test queues::tests::file_log_drafts_isolate_mutations_and_restore_complete_metadata_in_order ... ok
2026-10-07T15:09:16.7785240Z test schema::tests::refuses_newer_schema ... ok
2026-10-07T15:09:16.7950654Z test queues::tests::urls_typed_into_a_page_are_handed_over_once_in_order ... ok
2026-10-07T15:09:16.7963690Z test services::tests::colours_serialise_as_hex ... ok
2026-10-07T15:09:16.8024723Z test schema::tests::migrations_apply_cleanly_and_are_idempotent ... ok
2026-10-07T15:09:16.8027046Z test services::tests::numerical_stars_match_reference_rounding ... ok
2026-10-07T15:09:16.8079284Z test schema::tests::tag_service_tables_round_trip ... ok
2026-10-07T15:09:16.8313247Z test services::tests::default_services_round_trip ... ok
2026-10-07T15:09:16.8393075Z test session_backups::importer_tests::historical_importers_restore_independent_settings_and_seed_logs ... ok
2026-10-07T15:09:16.8416503Z test session_backups::queue_kind_tests::every_native_page_importer_restores_its_auxiliary_state_and_both_logs ... ok
2026-10-07T15:09:16.8626913Z test session_backups::tests::automatic_last_session_hash_replays_real_unchanged_suppression_and_history ... ok
2026-10-07T15:09:16.8668352Z test session_backups::tests::imported_previous_media_is_independent_and_deletion_clears_backups ... ok
2026-10-07T15:09:16.8731274Z test session_backups::tests::rolling_timestamps_match_the_reference_including_clock_reversal ... ok
2026-10-07T15:09:16.8935940Z test session_reload::tests::committed_reload_slot_is_independent_and_cleanup_keeps_active_media ... ok
2026-10-07T15:09:16.9006493Z test sessions::tests::commands_queue_for_the_gui_or_change_the_session ... ok
2026-10-07T15:09:16.9054191Z test sessions::tests::media_viewers_are_kept_in_order ... ok
2026-10-07T15:09:16.9061534Z test radio_return::tests::actual_saved_false_legacy_fallback_native_override_and_durable_reopen ... ok
2026-10-07T15:09:16.9062433Z test similar::tests::flat_colours_are_blank ... ok
2026-10-07T15:09:16.9063278Z test similar::tests::scale ... ignored, a timing, not a check
2026-10-07T15:09:16.9150238Z test sessions::tests::saving_keeps_the_top_key_the_page_shown_and_selections ... ok
2026-10-07T15:09:16.9170658Z test storage::tests::a_location_without_its_folders_is_missing ... ok
2026-10-07T15:09:16.9171732Z test storage::tests::paths_follow_the_reference_layout ... ok
2026-10-07T15:09:16.9176792Z test sessions::tests::sessions_keep_their_pages_and_files ... ok
2026-10-07T15:09:16.9177571Z test storage_locations::tests::shares_follow_weights_and_limits ... ok
2026-10-07T15:09:16.9883200Z test store::tests::content_writes_use_foreign_relation_graphs_before_the_next_poll ... ok
2026-10-07T15:09:17.0072071Z test similar::tests::the_index_finds_exactly_what_checking_everything_finds ... ok
2026-10-07T15:09:17.0821376Z test store::tests::new_store_has_default_services ... ok
2026-10-07T15:09:17.0952174Z test store::tests::independent_stores_notice_committed_snapshot_changes_without_refresh_loops ... ok
2026-10-07T15:09:17.1299374Z test similar::tests::the_search_finds_the_pairs_the_reference_found ... ok
2026-10-07T15:09:17.1546818Z test store::tests::snapshots_refresh_only_after_commit ... ok
2026-10-07T15:09:17.1554480Z test store::tests::pre_existing_queue_without_sequence_keeps_its_retired_identity_after_upgrade ... ok
2026-10-07T15:09:17.1828296Z test tag_display::tests::a_service_s_tags_pass_its_filter_and_all_known_tags ... ok
2026-10-07T15:09:17.2386454Z test tag_editing::tests::manage_tags_preferences_are_backward_compatible_and_independent ... ok
2026-10-07T15:09:17.2395523Z test text::tests::integers_follow_python_isdecimal ... ok
2026-10-07T15:09:17.2420364Z test text::tests::searchable_forms ... ok
2026-10-07T15:09:17.2421589Z test text::tests::tokenises_like_fts4_simple ... ok
2026-10-07T15:09:17.2473655Z test tag_editing::tests::older_preferences_get_write_defaults_and_tab_memory_preserves_them ... ok
2026-10-07T15:09:17.3263201Z test thumbnail_appearance::tests::retained_actual_options_upgrade_native_override_and_reopen ... ok
2026-10-07T15:09:17.3369125Z test synth::tests::a_small_library_has_consistent_counts ... ok
2026-10-07T15:09:17.5126891Z test transfer::tests::in_place_marks_the_media_as_shared ... ok
2026-10-07T15:09:17.6704417Z test transfer::tests::refuses_an_existing_destination ... ok
2026-10-07T15:09:17.9037958Z test trash::tests::an_oversized_trash_loses_its_oldest_files_eight_at_a_time ... ok
2026-10-07T15:09:18.1261720Z test trash::tests::cancelled_writer_admission_leaves_trash_and_physical_queue_untouched ... ok
2026-10-07T15:09:18.2074374Z test transfer::tests::hardlink_copy_and_move_give_the_store_its_own_media ... ok
2026-10-07T15:09:18.3221177Z test trash::tests::files_trashed_too_long_ago_are_deleted_for_good ... ok
2026-10-07T15:09:18.4053848Z test trash::tests::no_limits_leave_the_trash_alone ... ok
2026-10-07T15:09:18.5370902Z test trash::tests::the_delete_lock_keeps_archived_files_in_the_trash ... ok
2026-10-07T15:09:18.5379013Z test undo::tests::undo_and_redo_step_through_the_log_and_new_changes_cut_it ... ok
2026-10-07T15:09:18.5381781Z test vacuum::tests::room_is_checked_as_the_reference_checks ... ok
2026-10-07T15:09:18.6041112Z test transfer::tests::each_drive_s_media_stays_on_it ... ok
2026-10-07T15:09:18.6235451Z test trash::tests::the_size_limit_goes_first_then_the_age_limit ... ok
2026-10-07T15:09:18.6723814Z test vacuum::tests::vacuuming_frees_pages_and_is_recorded ... ok
2026-10-07T15:09:18.6775814Z test watchers::tests::a_page_watches_each_thread_once_with_its_own_options ... ok
2026-10-07T15:09:18.6954635Z test watchers::tests::checking_now_and_pausing_checking ... ok
2026-10-07T15:09:18.7152152Z test watchers::tests::setting_a_watchers_checker_options ... ok
2026-10-07T15:09:19.0422326Z test storage_locations::tests::a_second_location_takes_half_and_thumbnails_follow ... ok
2026-10-07T15:09:19.0424881Z 
2026-10-07T15:09:19.0425377Z test result: ok. 250 passed; 0 failed; 2 ignored; 0 measured; 0 filtered out; finished in 12.32s
2026-10-07T15:09:19.0425914Z 
2026-10-07T15:09:19.0454153Z [1m[92m     Running[0m tests/import_status.rs (target/debug/deps/import_status-30c9defafff09d5d)
2026-10-07T15:09:19.0466549Z 
2026-10-07T15:09:19.0466711Z running 3 tests
2026-10-07T15:09:19.0509999Z test owned_precision_replays_actual_network_job_controls_without_changing_gauges_or_cancellation ... ok
2026-10-07T15:09:19.0882471Z test downloads_lines_say_what_the_references_network_job_control_says ... ok
2026-10-07T15:09:19.0939628Z test file_and_search_logs_say_what_the_reference_says ... ok
2026-10-07T15:09:19.0939906Z 
2026-10-07T15:09:19.0940174Z test result: ok. 3 passed; 0 failed; 0 ignored; 0 measured; 0 filtered out; finished in 0.05s
2026-10-07T15:09:19.0940525Z 
2026-10-07T15:09:19.0952793Z [1m[92m     Running[0m tests/metadata_jobs.rs (target/debug/deps/metadata_jobs-38d1cc1e4ad14953)
2026-10-07T15:09:19.0972046Z 
2026-10-07T15:09:19.0972219Z running 1 test
2026-10-07T15:09:19.3944257Z test actual_qt_worker_inputs_replay_files_cancellation_progress_and_copy_cleanup ... ok
2026-10-07T15:09:19.3944682Z 
2026-10-07T15:09:19.3944997Z test result: ok. 1 passed; 0 failed; 0 ignored; 0 measured; 0 filtered out; finished in 0.30s
2026-10-07T15:09:19.3945345Z 
2026-10-07T15:09:19.3951523Z [1m[92m     Running[0m tests/tag_migration.rs (target/debug/deps/tag_migration-ea2504f2d53ddb7c)
2026-10-07T15:09:19.3971090Z 
2026-10-07T15:09:19.3971237Z running 15 tests
2026-10-07T15:09:19.5186169Z test archive_validation_rejects_wrong_types_and_unsupported_hashes_before_import ... ok
2026-10-07T15:09:19.5284012Z test cancellation_is_a_durable_prefix_and_incremental_counts_match_rebuild ... ok
2026-10-07T15:09:19.5733919Z test archive_exports_preserve_metadata_merge_and_cancelled_committed_prefix ... ok
2026-10-07T15:09:19.6017345Z test overlapping_migration_is_rejected_without_waiting_for_a_reader ... ok
2026-10-07T15:09:19.6200914Z test pair_count_gates_observe_reference_concurrent_mapping_changes_between_batches ... ok
2026-10-07T15:09:19.7049961Z test pair_migration_publishes_graph_and_rebuilt_counts ... ok
2026-10-07T15:09:19.8365110Z test pair_count_gates_replay_real_current_pending_and_terminal_ideal_counts ... ok
2026-10-07T15:09:19.9226663Z test registry_changes_stop_the_next_batch_and_keep_committed_prefix ... ok
2026-10-07T15:09:19.9992332Z test published_job_events_match_reference_phases_and_committed_prefixes ... ok
2026-10-07T15:09:20.0161194Z test repository_union_deduplicates_and_petition_reason_is_persisted ... ok
2026-10-07T15:09:20.0499476Z test pause_waits_after_commit_resume_continues_and_cancel_wakes_without_next_batch ... ok
2026-10-07T15:09:20.0783104Z test same_service_delete_and_clear_never_skip_mutated_source_rows ... ok
2026-10-07T15:09:20.0953881Z test selected_files_and_filters_are_applied_before_destination_changes ... ok
2026-10-07T15:09:20.1171890Z test source_snapshot_excludes_later_inserts_and_retains_later_removed_rows ... ok
2026-10-07T15:09:21.3791539Z test actual_python_archives_import_convert_scope_filter_and_reopen ... ok
2026-10-07T15:09:21.3792081Z 
2026-10-07T15:09:21.3792360Z test result: ok. 15 passed; 0 failed; 0 ignored; 0 measured; 0 filtered out; finished in 1.98s
2026-10-07T15:09:21.3793141Z 
2026-10-07T15:09:21.3811725Z [1m[92m     Running[0m unittests src/lib.rs (target/debug/deps/hydrus_testkit-d4be0a6c0204d9c1)
2026-10-07T15:09:21.3824186Z 
2026-10-07T15:09:21.3824360Z running 3 tests
2026-10-07T15:09:21.3841011Z 
2026-10-07T15:09:21.3841379Z running 1 test
2026-10-07T15:09:21.3843780Z test tests::runtime_fixture_override ... ok
2026-10-07T15:09:21.3844390Z 
2026-10-07T15:09:21.3845019Z test result: ok. 1 passed; 0 failed; 0 ignored; 0 measured; 2 filtered out; finished in 0.00s
2026-10-07T15:09:21.3847538Z 
2026-10-07T15:09:21.3848027Z test tests::runtime_fixture_override ... ok
2026-10-07T15:09:21.4412454Z test tests::basic_fixture_extracts_with_empty_subfolders ... ok
2026-10-07T15:09:21.4988337Z test tests::each_call_gets_its_own_copy ... ok
2026-10-07T15:09:21.4988712Z 
2026-10-07T15:09:21.4989037Z test result: ok. 3 passed; 0 failed; 0 ignored; 0 measured; 0 filtered out; finished in 0.12s
2026-10-07T15:09:21.4989430Z 
2026-10-07T15:09:21.4992309Z [1m[92m     Running[0m unittests src/main.rs (target/debug/deps/xtask-3d9b93e5759a9504)
2026-10-07T15:09:21.5005281Z 
2026-10-07T15:09:21.5005657Z running 0 tests
2026-10-07T15:09:21.5005890Z 
2026-10-07T15:09:21.5007764Z test result: ok. 0 passed; 0 failed; 0 ignored; 0 measured; 0 filtered out; finished in 0.00s
2026-10-07T15:09:21.5008270Z 
2026-10-07T15:09:21.5008480Z [1m[92m   Doc-tests[0m hydrus_api
2026-10-07T15:09:21.6737088Z 
2026-10-07T15:09:21.6737603Z running 0 tests
2026-10-07T15:09:21.6744897Z 
2026-10-07T15:09:21.6745481Z test result: ok. 0 passed; 0 failed; 0 ignored; 0 measured; 0 filtered out; finished in 0.00s
2026-10-07T15:09:21.6746064Z 
2026-10-07T15:09:21.6763849Z [1m[92m   Doc-tests[0m hydrus_core
2026-10-07T15:09:22.2572040Z 
2026-10-07T15:09:22.2572763Z running 0 tests
2026-10-07T15:09:22.2573029Z 
2026-10-07T15:09:22.2573382Z test result: ok. 0 passed; 0 failed; 0 ignored; 0 measured; 0 filtered out; finished in 0.00s
2026-10-07T15:09:22.2573793Z 
2026-10-07T15:09:22.2595885Z [1m[92m   Doc-tests[0m hydrus_download
2026-10-07T15:09:22.4075782Z 
2026-10-07T15:09:22.4076327Z running 0 tests
2026-10-07T15:09:22.4076582Z 
2026-10-07T15:09:22.4077071Z test result: ok. 0 passed; 0 failed; 0 ignored; 0 measured; 0 filtered out; finished in 0.00s
2026-10-07T15:09:22.4077642Z 
2026-10-07T15:09:22.4103916Z [1m[92m   Doc-tests[0m hydrus_downloader_exchange
2026-10-07T15:09:22.5005509Z 
2026-10-07T15:09:22.5005980Z running 0 tests
2026-10-07T15:09:22.5006237Z 
2026-10-07T15:09:22.5006667Z test result: ok. 0 passed; 0 failed; 0 ignored; 0 measured; 0 filtered out; finished in 0.00s
2026-10-07T15:09:22.5007238Z 
2026-10-07T15:09:22.5027918Z [1m[92m   Doc-tests[0m hydrus_duplicates
2026-10-07T15:09:22.5588679Z 
2026-10-07T15:09:22.5589198Z running 0 tests
2026-10-07T15:09:22.5589477Z 
2026-10-07T15:09:22.5589919Z test result: ok. 0 passed; 0 failed; 0 ignored; 0 measured; 0 filtered out; finished in 0.00s
2026-10-07T15:09:22.5590531Z 
2026-10-07T15:09:22.5609847Z [1m[92m   Doc-tests[0m hydrus_gui
2026-10-07T15:09:23.3547378Z 
2026-10-07T15:09:23.3547911Z running 0 tests
2026-10-07T15:09:23.3548174Z 
2026-10-07T15:09:23.3548670Z test result: ok. 0 passed; 0 failed; 0 ignored; 0 measured; 0 filtered out; finished in 0.00s
2026-10-07T15:09:23.3549232Z 
2026-10-07T15:09:23.3578641Z [1m[92m   Doc-tests[0m hydrus_gui_model
2026-10-07T15:09:23.9323070Z 
2026-10-07T15:09:23.9323696Z running 0 tests
2026-10-07T15:09:23.9323968Z 
2026-10-07T15:09:23.9324407Z test result: ok. 0 passed; 0 failed; 0 ignored; 0 measured; 0 filtered out; finished in 0.00s
2026-10-07T15:09:23.9324970Z 
2026-10-07T15:09:23.9350977Z [1m[92m   Doc-tests[0m hydrus_import
2026-10-07T15:09:24.0112793Z 
2026-10-07T15:09:24.0113356Z running 0 tests
2026-10-07T15:09:24.0113628Z 
2026-10-07T15:09:24.0114043Z test result: ok. 0 passed; 0 failed; 0 ignored; 0 measured; 0 filtered out; finished in 0.00s
2026-10-07T15:09:24.0114408Z 
2026-10-07T15:09:24.0135872Z [1m[92m   Doc-tests[0m hydrus_legacy
2026-10-07T15:09:24.4502764Z 
2026-10-07T15:09:24.4503206Z running 1 test
2026-10-07T15:09:24.4504358Z test crates/hydrus-legacy/src/lib.rs - (line 27) - compile ... ok
2026-10-07T15:09:24.4504666Z 
2026-10-07T15:09:24.4504969Z test result: ok. 1 passed; 0 failed; 0 ignored; 0 measured; 0 filtered out; finished in 0.00s
2026-10-07T15:09:24.4505456Z 
2026-10-07T15:09:24.4536705Z all doctests ran in 0.28s; merged doctests compilation took 0.28s
2026-10-07T15:09:24.4557171Z [1m[92m   Doc-tests[0m hydrus_media
2026-10-07T15:09:24.9595163Z 
2026-10-07T15:09:24.9595906Z running 1 test
2026-10-07T15:09:24.9596783Z test crates/hydrus-media/src/lib.rs - (line 10) - compile ... ok
2026-10-07T15:09:24.9597258Z 
2026-10-07T15:09:24.9597678Z test result: ok. 1 passed; 0 failed; 0 ignored; 0 measured; 0 filtered out; finished in 0.00s
2026-10-07T15:09:24.9598230Z 
2026-10-07T15:09:24.9623591Z all doctests ran in 0.36s; merged doctests compilation took 0.35s
2026-10-07T15:09:24.9647186Z [1m[92m   Doc-tests[0m hydrus_net
2026-10-07T15:09:25.0516272Z 
2026-10-07T15:09:25.0516794Z running 0 tests
2026-10-07T15:09:25.0516990Z 
2026-10-07T15:09:25.0517286Z test result: ok. 0 passed; 0 failed; 0 ignored; 0 measured; 0 filtered out; finished in 0.00s
2026-10-07T15:09:25.0517985Z 
2026-10-07T15:09:25.0538555Z [1m[92m   Doc-tests[0m hydrus_parse
2026-10-07T15:09:25.2028530Z 
2026-10-07T15:09:25.2029102Z running 0 tests
2026-10-07T15:09:25.2029386Z 
2026-10-07T15:09:25.2029700Z test result: ok. 0 passed; 0 failed; 0 ignored; 0 measured; 0 filtered out; finished in 0.00s
2026-10-07T15:09:25.2030069Z 
2026-10-07T15:09:25.2048955Z [1m[92m   Doc-tests[0m hydrus_search
2026-10-07T15:09:25.3139587Z 
2026-10-07T15:09:25.3140305Z running 0 tests
2026-10-07T15:09:25.3140582Z 
2026-10-07T15:09:25.3141018Z test result: ok. 0 passed; 0 failed; 0 ignored; 0 measured; 0 filtered out; finished in 0.00s
2026-10-07T15:09:25.3141582Z 
2026-10-07T15:09:25.3161562Z [1m[92m   Doc-tests[0m hydrus_store
2026-10-07T15:09:26.0635665Z 
2026-10-07T15:09:26.0636213Z running 0 tests
2026-10-07T15:09:26.0636474Z 
2026-10-07T15:09:26.0636820Z test result: ok. 0 passed; 0 failed; 0 ignored; 0 measured; 0 filtered out; finished in 0.00s
2026-10-07T15:09:26.0637181Z 
2026-10-07T15:09:26.0659579Z [1m[92m   Doc-tests[0m hydrus_testkit
2026-10-07T15:09:26.0884684Z 
2026-10-07T15:09:26.0885166Z running 0 tests
2026-10-07T15:09:26.0885407Z 
2026-10-07T15:09:26.0886146Z test result: ok. 0 passed; 0 failed; 0 ignored; 0 measured; 0 filtered out; finished in 0.00s
2026-10-07T15:09:26.0886792Z 
2026-10-07T15:09:26.1023852Z [1m[91merror[0m: 1 target failed:
2026-10-07T15:09:26.1025672Z     `-p hydrus-gui --test gui`
2026-10-07T15:09:26.1380354Z ##[error]Process completed with exit code 101.
2026-10-07T15:09:26.1789767Z ##[group]Run actions/upload-artifact@v4
2026-10-07T15:09:26.1790128Z with:
2026-10-07T15:09:26.1790369Z   name: test-diagnostics-37638222068-1
2026-10-07T15:09:26.1790694Z   path: /tmp/hydrus-tests.log
2026-10-07T15:09:26.1790996Z   if-no-files-found: ignore
2026-10-07T15:09:26.1791279Z   retention-days: 3
2026-10-07T15:09:26.1791529Z   compression-level: 6
2026-10-07T15:09:26.1791766Z   overwrite: false
2026-10-07T15:09:26.1792007Z   include-hidden-files: false
2026-10-07T15:09:26.1792258Z env:
2026-10-07T15:09:26.1792469Z   CARGO_TERM_COLOR: always
2026-10-07T15:09:26.1792876Z   RUSTFLAGS: -D warnings
2026-10-07T15:09:26.1793135Z   CARGO_HOME: /home/runner/.cargo
2026-10-07T15:09:26.1793402Z   CARGO_INCREMENTAL: 0
2026-10-07T15:09:26.1793638Z   CACHE_ON_FAILURE: true
2026-10-07T15:09:26.1793871Z ##[endgroup]
2026-10-07T15:09:26.3574840Z (node:22613) [DEP0040] DeprecationWarning: The `punycode` module is deprecated. Please use a userland alternative instead.
2026-10-07T15:09:26.3576107Z (Use `node --trace-deprecation ...` to show where the warning was created)
2026-10-07T15:09:26.3629641Z With the provided path, there will be 1 file uploaded
2026-10-07T15:09:26.3636475Z Artifact name is valid!
2026-10-07T15:09:26.3638066Z Root directory input is valid!
2026-10-07T15:09:26.6705853Z Beginning upload of artifact content to blob storage
2026-10-07T15:09:26.6998625Z (node:22613) [DEP0169] DeprecationWarning: `url.parse()` behavior is not standardized and prone to errors that have security implications. Use the WHATWG URL API instead. CVEs are not issued for `url.parse()` vulnerabilities.
2026-10-07T15:09:26.9748544Z Uploaded bytes 53397
2026-10-07T15:09:27.0309614Z Finished uploading artifact content to blob storage!
2026-10-07T15:09:27.0310684Z SHA256 digest of uploaded artifact zip is c2e957e248da4156877b8ce65643b1d1cecb36aa6e3506926902da92643500b1
2026-10-07T15:09:27.0312546Z Finalizing artifact upload
2026-10-07T15:09:27.2725829Z Artifact test-diagnostics-37638222068-1.zip successfully finalized. Artifact ID 11492947709
2026-10-07T15:09:27.2726994Z Artifact test-diagnostics-37638222068-1 has been successfully uploaded! Final size is 53397 bytes. Artifact ID is 11492947709
2026-10-07T15:09:27.2733160Z Artifact download URL: https://github.com/jkendall327/hydrus-mine/actions/runs/37638222068/artifacts/11492947709
2026-10-07T15:09:27.2901603Z ##[group]Run actions/upload-artifact@v4
2026-10-07T15:09:27.2901931Z with:
2026-10-07T15:09:27.2902180Z   name: native-gui-renders-37638222068-1
2026-10-07T15:09:27.2902491Z   path: target/tmp/*.png
2026-10-07T15:09:27.2903043Z   if-no-files-found: ignore
2026-10-07T15:09:27.2903326Z   retention-days: 3
2026-10-07T15:09:27.2903568Z   compression-level: 6
2026-10-07T15:09:27.2903820Z   overwrite: false
2026-10-07T15:09:27.2904070Z   include-hidden-files: false
2026-10-07T15:09:27.2904333Z env:
2026-10-07T15:09:27.2904553Z   CARGO_TERM_COLOR: always
2026-10-07T15:09:27.2904814Z   RUSTFLAGS: -D warnings
2026-10-07T15:09:27.2905080Z   CARGO_HOME: /home/runner/.cargo
2026-10-07T15:09:27.2905361Z   CARGO_INCREMENTAL: 0
2026-10-07T15:09:27.2905598Z   CACHE_ON_FAILURE: true
2026-10-07T15:09:27.2905841Z ##[endgroup]
2026-10-07T15:09:27.4544891Z (node:22625) [DEP0040] DeprecationWarning: The `punycode` module is deprecated. Please use a userland alternative instead.
2026-10-07T15:09:27.4545725Z (Use `node --trace-deprecation ...` to show where the warning was created)
2026-10-07T15:09:27.5079168Z With the provided path, there will be 383 files uploaded
2026-10-07T15:09:27.5084538Z Artifact name is valid!
2026-10-07T15:09:27.5085246Z Root directory input is valid!
2026-10-07T15:09:27.8263686Z Beginning upload of artifact content to blob storage
2026-10-07T15:09:28.2166047Z (node:22625) [DEP0169] DeprecationWarning: `url.parse()` behavior is not standardized and prone to errors that have security implications. Use the WHATWG URL API instead. CVEs are not issued for `url.parse()` vulnerabilities.
2026-10-07T15:09:28.8547302Z Uploaded bytes 8388608
2026-10-07T15:09:29.2211712Z Uploaded bytes 16777216
2026-10-07T15:09:29.3986949Z Uploaded bytes 22533110
2026-10-07T15:09:29.4547696Z Finished uploading artifact content to blob storage!
2026-10-07T15:09:29.4548886Z SHA256 digest of uploaded artifact zip is 2de7ab38bc1f58293f40c7fb97c551e8c1a5491ae2ccde56b769a5d511bab3c1
2026-10-07T15:09:29.4550297Z Finalizing artifact upload
2026-10-07T15:09:29.6879933Z Artifact native-gui-renders-37638222068-1.zip successfully finalized. Artifact ID 11492413115
2026-10-07T15:09:29.6881112Z Artifact native-gui-renders-37638222068-1 has been successfully uploaded! Final size is 22533110 bytes. Artifact ID is 11492413115
2026-10-07T15:09:29.6886617Z Artifact download URL: https://github.com/jkendall327/hydrus-mine/actions/runs/37638222068/artifacts/11492413115
2026-10-07T15:09:29.7111435Z ##[group]Run python .github/scripts/workspace_artifact_cache.py stage
2026-10-07T15:09:29.7112015Z [36;1mpython .github/scripts/workspace_artifact_cache.py stage[0m
2026-10-07T15:09:29.7192340Z shell: /usr/bin/bash --noprofile --norc -e -o pipefail {0}
2026-10-07T15:09:29.7193011Z env:
2026-10-07T15:09:29.7193252Z   CARGO_TERM_COLOR: always
2026-10-07T15:09:29.7193542Z   RUSTFLAGS: -D warnings
2026-10-07T15:09:29.7193825Z   CARGO_HOME: /home/runner/.cargo
2026-10-07T15:09:29.7194362Z   CARGO_INCREMENTAL: 0
2026-10-07T15:09:29.7194621Z   CACHE_ON_FAILURE: true
2026-10-07T15:09:29.7194877Z ##[endgroup]
2026-10-07T15:09:34.2615261Z Workspace library snapshot candidate: 293 artifact files plus input ledger, 2201572082 bytes (limit 4294967296).
2026-10-07T15:09:34.6459937Z ##[group]Run actions/cache/save@v4
2026-10-07T15:09:34.6460281Z with:
2026-10-07T15:09:34.6460530Z   path: .ci-workspace-artifacts
2026-10-07T15:09:34.6461124Z   key: hydrus-ws-v1-check-Linux-X64-68e3726939ec9009de9276fa-9e4b3c59215d017a0a0e0948898901121f0618f5-37638222068-1
2026-10-07T15:09:34.6461728Z   enableCrossOsArchive: false
2026-10-07T15:09:34.6462007Z env:
2026-10-07T15:09:34.6462238Z   CARGO_TERM_COLOR: always
2026-10-07T15:09:34.6462519Z   RUSTFLAGS: -D warnings
2026-10-07T15:09:34.6463027Z   CARGO_HOME: /home/runner/.cargo
2026-10-07T15:09:34.6463312Z   CARGO_INCREMENTAL: 0
2026-10-07T15:09:34.6463562Z   CACHE_ON_FAILURE: true
2026-10-07T15:09:34.6463810Z ##[endgroup]
2026-10-07T15:09:34.7774327Z (node:22646) [DEP0040] DeprecationWarning: The `punycode` module is deprecated. Please use a userland alternative instead.
2026-10-07T15:09:34.7775459Z (Use `node --trace-deprecation ...` to show where the warning was created)
2026-10-07T15:09:34.7964533Z [command]/usr/bin/tar --posix -cf cache.tzst --exclude cache.tzst -P -C /home/runner/work/hydrus-mine/hydrus-mine --files-from manifest.txt --use-compress-program zstdmt
2026-10-07T15:09:38.3343668Z (node:22646) [DEP0169] DeprecationWarning: `url.parse()` behavior is not standardized and prone to errors that have security implications. Use the WHATWG URL API instead. CVEs are not issued for `url.parse()` vulnerabilities.
2026-10-07T15:09:39.3227599Z Sent 9715830 of 345260150 (2.8%), 9.3 MBs/sec
2026-10-07T15:09:40.3211328Z Sent 211042422 of 345260150 (61.1%), 100.6 MBs/sec
2026-10-07T15:09:40.4566530Z Sent 345260150 of 345260150 (100.0%), 154.2 MBs/sec
2026-10-07T15:09:40.6457347Z Cache saved with key: hydrus-ws-v1-check-Linux-X64-68e3726939ec9009de9276fa-9e4b3c59215d017a0a0e0948898901121f0618f5-37638222068-1
2026-10-07T15:09:40.6673385Z Post job cleanup.
2026-10-07T15:09:40.7907311Z Cache up-to-date.
2026-10-07T15:09:40.8071328Z Post job cleanup.
2026-10-07T15:09:40.8947403Z [command]/usr/bin/git version
2026-10-07T15:09:40.8994605Z git version 2.55.0
2026-10-07T15:09:40.9033831Z Temporarily overriding HOME='/home/runner/work/_temp/f0f33bd6-8158-4e10-b15d-f0f9ac3ea9b6' before making global git config changes
2026-10-07T15:09:40.9035129Z Adding repository directory to the temporary git global config as a safe directory
2026-10-07T15:09:40.9037928Z [command]/usr/bin/git config --global --add safe.directory /home/runner/work/hydrus-mine/hydrus-mine
2026-10-07T15:09:40.9078031Z [command]/usr/bin/git config --local --name-only --get-regexp core\.sshCommand
2026-10-07T15:09:40.9113425Z [command]/usr/bin/git submodule foreach --recursive sh -c "git config --local --name-only --get-regexp 'core\.sshCommand' && git config --local --unset-all 'core.sshCommand' || :"
2026-10-07T15:09:40.9409387Z [command]/usr/bin/git config --local --name-only --get-regexp http\.https\:\/\/github\.com\/\.extraheader
2026-10-07T15:09:40.9434976Z http.https://github.com/.extraheader
2026-10-07T15:09:40.9444626Z [command]/usr/bin/git config --local --unset-all http.https://github.com/.extraheader
2026-10-07T15:09:40.9481169Z [command]/usr/bin/git submodule foreach --recursive sh -c "git config --local --name-only --get-regexp 'http\.https\:\/\/github\.com\/\.extraheader' && git config --local --unset-all 'http.https://github.com/.extraheader' || :"
2026-10-07T15:09:40.9719500Z [command]/usr/bin/git config --local --name-only --get-regexp ^includeIf\.gitdir:
2026-10-07T15:09:40.9751185Z [command]/usr/bin/git submodule foreach --recursive git config --local --show-origin --name-only --get-regexp remote.origin.url
2026-10-07T15:09:41.0137521Z Cleaning up orphan processes
2026-10-07T15:09:41.0741881Z ##[warning]Node.js 20 is deprecated. The following actions target Node.js 20 but are being forced to run on Node.js 24: actions/cache/restore@v4, actions/cache/save@v4, actions/checkout@v4, actions/upload-artifact@v4. For more information see: https://github.blog/changelog/2025-09-19-deprecation-of-node-20-on-github-actions-runners/
