2026-10-06T08:44:27.8615520Z Current runner version: '2.337.0'
2026-10-06T08:44:27.8642672Z ##[group]Runner Image Provisioner
2026-10-06T08:44:27.8643567Z Hosted Compute Agent
2026-10-06T08:44:27.8644261Z Version: 20260901.588
2026-10-06T08:44:27.8644947Z Commit: f88ec8081b781fac6c440065ac7ff9e710ce3d0b
2026-10-06T08:44:27.8645744Z Build Date: 2026-09-01T19:56:44Z
2026-10-06T08:44:27.8646527Z Worker ID: {440a035d-68f8-44e0-af6b-cd917e3049c8}
2026-10-06T08:44:27.8647266Z Azure Region: westus3
2026-10-06T08:44:27.8647895Z ##[endgroup]
2026-10-06T08:44:27.8650136Z ##[group]Operating System
2026-10-06T08:44:27.8650852Z Ubuntu
2026-10-06T08:44:27.8651471Z 24.04.5
2026-10-06T08:44:27.8651994Z LTS
2026-10-06T08:44:27.8652571Z ##[endgroup]
2026-10-06T08:44:27.8653211Z ##[group]Runner Image
2026-10-06T08:44:27.8653885Z Image: ubuntu-24.04
2026-10-06T08:44:27.8654540Z Version: 20260927.320.1
2026-10-06T08:44:27.8655827Z Included Software: https://github.com/actions/runner-images/blob/ubuntu24/20260927.320/images/ubuntu/Ubuntu2404-Readme.md
2026-10-06T08:44:27.8657401Z Image Release: https://github.com/actions/runner-images/releases/tag/ubuntu24%2F20260927.320
2026-10-06T08:44:27.8658448Z ##[endgroup]
2026-10-06T08:44:27.8659928Z ##[group]GITHUB_TOKEN Permissions
2026-10-06T08:44:27.8662162Z Contents: read
2026-10-06T08:44:27.8662872Z Metadata: read
2026-10-06T08:44:27.8663499Z Packages: read
2026-10-06T08:44:27.8664372Z ##[endgroup]
2026-10-06T08:44:27.8666601Z Secret source: Actions
2026-10-06T08:44:27.8667566Z Cache mode: write
2026-10-06T08:44:27.8668979Z Prepare workflow directory
2026-10-06T08:44:27.9126376Z Prepare all required actions
2026-10-06T08:44:27.9175223Z Getting action download info
2026-10-06T08:44:28.2470487Z Download action repository 'actions/checkout@v4' (SHA:11d5960a326750d5838078e36cf38b85af677262)
2026-10-06T08:44:28.3508475Z Download action repository 'dtolnay/rust-toolchain@master' (SHA:7e38f4b43b4db5c8dd498af069a4f6196df1d067)
2026-10-06T08:44:28.6098292Z Download action repository 'Swatinem/rust-cache@v2' (SHA:6323deb102c322ba6fcbdcafc7e3dddab59af2b6)
2026-10-06T08:44:29.5946368Z Complete job name: parity-models
2026-10-06T08:44:29.6767386Z ##[group]Run actions/checkout@v4
2026-10-06T08:44:29.6768361Z with:
2026-10-06T08:44:29.6769091Z   repository: jkendall327/hydrus-mine
2026-10-06T08:44:29.6773381Z   token: ***
2026-10-06T08:44:29.6773872Z   ssh-strict: true
2026-10-06T08:44:29.6774368Z   ssh-user: git
2026-10-06T08:44:29.6774869Z   persist-credentials: true
2026-10-06T08:44:29.6775411Z   clean: true
2026-10-06T08:44:29.6775911Z   sparse-checkout-cone-mode: true
2026-10-06T08:44:29.6776487Z   fetch-depth: 1
2026-10-06T08:44:29.6776966Z   fetch-tags: false
2026-10-06T08:44:29.6777483Z   show-progress: true
2026-10-06T08:44:29.6777988Z   lfs: false
2026-10-06T08:44:29.6778464Z   submodules: false
2026-10-06T08:44:29.6779196Z   set-safe-directory: true
2026-10-06T08:44:29.6779765Z   allow-unsafe-pr-checkout: false
2026-10-06T08:44:29.6780638Z env:
2026-10-06T08:44:29.6781116Z   CARGO_TERM_COLOR: always
2026-10-06T08:44:29.6781704Z   RUSTFLAGS: -D warnings
2026-10-06T08:44:29.6782233Z ##[endgroup]
2026-10-06T08:44:29.7818184Z Syncing repository: jkendall327/hydrus-mine
2026-10-06T08:44:29.7820533Z ##[group]Getting Git version info
2026-10-06T08:44:29.7821424Z Working directory is '/home/runner/work/hydrus-mine/hydrus-mine'
2026-10-06T08:44:29.7822591Z [command]/usr/bin/git version
2026-10-06T08:44:29.7867187Z git version 2.55.0
2026-10-06T08:44:29.7888725Z ##[endgroup]
2026-10-06T08:44:29.7904791Z Temporarily overriding HOME='/home/runner/work/_temp/1d768f6e-75ff-4d51-b503-2ca5463279db' before making global git config changes
2026-10-06T08:44:29.7907663Z Adding repository directory to the temporary git global config as a safe directory
2026-10-06T08:44:29.7910916Z [command]/usr/bin/git config --global --add safe.directory /home/runner/work/hydrus-mine/hydrus-mine
2026-10-06T08:44:29.7957749Z Deleting the contents of '/home/runner/work/hydrus-mine/hydrus-mine'
2026-10-06T08:44:29.7961902Z ##[group]Initializing the repository
2026-10-06T08:44:29.7965681Z [command]/usr/bin/git init /home/runner/work/hydrus-mine/hydrus-mine
2026-10-06T08:44:29.8056303Z hint: Using 'master' as the name for the initial branch. This default branch name
2026-10-06T08:44:29.8058247Z hint: will change to "main" in Git 3.0. To configure the initial branch name
2026-10-06T08:44:29.8060431Z hint: to use in all of your new repositories, which will suppress this warning,
2026-10-06T08:44:29.8062292Z hint: call:
2026-10-06T08:44:29.8063388Z hint:
2026-10-06T08:44:29.8064697Z hint: 	git config --global init.defaultBranch <name>
2026-10-06T08:44:29.8066244Z hint:
2026-10-06T08:44:29.8067664Z hint: Names commonly chosen instead of 'master' are 'main', 'trunk' and
2026-10-06T08:44:29.8070533Z hint: 'development'. The just-created branch can be renamed via this command:
2026-10-06T08:44:29.8072117Z hint:
2026-10-06T08:44:29.8073073Z hint: 	git branch -m <name>
2026-10-06T08:44:29.8074142Z hint:
2026-10-06T08:44:29.8075469Z hint: Disable this message with "git config set advice.defaultBranchName false"
2026-10-06T08:44:29.8077571Z Initialized empty Git repository in /home/runner/work/hydrus-mine/hydrus-mine/.git/
2026-10-06T08:44:29.8081429Z [command]/usr/bin/git remote add origin https://github.com/jkendall327/hydrus-mine
2026-10-06T08:44:29.8123158Z ##[endgroup]
2026-10-06T08:44:29.8124679Z ##[group]Disabling automatic garbage collection
2026-10-06T08:44:29.8127240Z [command]/usr/bin/git config --local gc.auto 0
2026-10-06T08:44:29.8157689Z ##[endgroup]
2026-10-06T08:44:29.8159555Z ##[group]Setting up auth
2026-10-06T08:44:29.8164968Z [command]/usr/bin/git config --local --name-only --get-regexp core\.sshCommand
2026-10-06T08:44:29.8194765Z [command]/usr/bin/git submodule foreach --recursive sh -c "git config --local --name-only --get-regexp 'core\.sshCommand' && git config --local --unset-all 'core.sshCommand' || :"
2026-10-06T08:44:29.8555268Z [command]/usr/bin/git config --local --name-only --get-regexp http\.https\:\/\/github\.com\/\.extraheader
2026-10-06T08:44:29.8585751Z [command]/usr/bin/git submodule foreach --recursive sh -c "git config --local --name-only --get-regexp 'http\.https\:\/\/github\.com\/\.extraheader' && git config --local --unset-all 'http.https://github.com/.extraheader' || :"
2026-10-06T08:44:29.8803169Z [command]/usr/bin/git config --local --name-only --get-regexp ^includeIf\.gitdir:
2026-10-06T08:44:29.8836423Z [command]/usr/bin/git submodule foreach --recursive git config --local --show-origin --name-only --get-regexp remote.origin.url
2026-10-06T08:44:29.9065760Z [command]/usr/bin/git config --local http.https://github.com/.extraheader AUTHORIZATION: basic ***
2026-10-06T08:44:29.9111858Z ##[endgroup]
2026-10-06T08:44:29.9113282Z ##[group]Fetching the repository
2026-10-06T08:44:29.9126138Z [command]/usr/bin/git -c protocol.version=2 fetch --no-tags --prune --no-recurse-submodules --depth=1 origin +6b66240c16164a0021f0dd9e128995a25ed28c1d:refs/remotes/origin/codex/full-validation
2026-10-06T08:44:38.0294636Z From https://github.com/jkendall327/hydrus-mine
2026-10-06T08:44:38.0297293Z  * [new ref]         6b66240c16164a0021f0dd9e128995a25ed28c1d -> origin/codex/full-validation
2026-10-06T08:44:38.0301471Z ##[endgroup]
2026-10-06T08:44:38.0302628Z ##[group]Determining the checkout info
2026-10-06T08:44:38.0303896Z ##[endgroup]
2026-10-06T08:44:38.0307094Z [command]/usr/bin/git sparse-checkout disable
2026-10-06T08:44:38.0354733Z [command]/usr/bin/git config --local --unset-all extensions.worktreeConfig
2026-10-06T08:44:38.0385949Z ##[group]Checking out the ref
2026-10-06T08:44:38.0387729Z [command]/usr/bin/git checkout --progress --force -B codex/full-validation refs/remotes/origin/codex/full-validation
2026-10-06T08:44:38.7770705Z Switched to a new branch 'codex/full-validation'
2026-10-06T08:44:38.7774671Z branch 'codex/full-validation' set up to track 'origin/codex/full-validation'.
2026-10-06T08:44:38.7810970Z ##[endgroup]
2026-10-06T08:44:38.7860137Z [command]/usr/bin/git log -1 --format=%H
2026-10-06T08:44:38.7884522Z 6b66240c16164a0021f0dd9e128995a25ed28c1d
2026-10-06T08:44:38.8309766Z ##[group]Run dtolnay/rust-toolchain@master
2026-10-06T08:44:38.8310147Z with:
2026-10-06T08:44:38.8310349Z   toolchain: 1.94
2026-10-06T08:44:38.8310555Z env:
2026-10-06T08:44:38.8310757Z   CARGO_TERM_COLOR: always
2026-10-06T08:44:38.8311008Z   RUSTFLAGS: -D warnings
2026-10-06T08:44:38.8311240Z ##[endgroup]
2026-10-06T08:44:38.8376364Z ##[start-action display=Parse toolchain version;id=__dtolnay_rust-toolchain.parse]
2026-10-06T08:44:38.8431329Z ##[group]Run if [[ -z $toolchain ]]; then
2026-10-06T08:44:38.8431731Z [36;1mif [[ -z $toolchain ]]; then[0m
2026-10-06T08:44:38.8432295Z [36;1m  # GitHub does not enforce `required: true` inputs itself. https://github.com/actions/runner/issues/1070[0m
2026-10-06T08:44:38.8432869Z [36;1m  echo "'toolchain' is a required input" >&2[0m
2026-10-06T08:44:38.8433190Z [36;1m  exit 1[0m
2026-10-06T08:44:38.8433524Z [36;1melif [[ $toolchain =~ ^stable' '[0-9]+' '(year|month|week|day)s?' 'ago$ ]]; then[0m
2026-10-06T08:44:38.8434030Z [36;1m  if [[ Linux == macOS ]]; then[0m
2026-10-06T08:44:38.8434578Z [36;1m    echo "toolchain=1.$((($(date -v-$(sed 's/stable \([0-9]*\) \(.\).*/\1\2/' <<< $toolchain) +%s)/60/60/24-16569)/7/6))" >> $GITHUB_OUTPUT[0m
2026-10-06T08:44:38.8435134Z [36;1m  else[0m
2026-10-06T08:44:38.8435546Z [36;1m    echo "toolchain=1.$((($(date --date "${toolchain#stable }" +%s)/60/60/24-16569)/7/6))" >> $GITHUB_OUTPUT[0m
2026-10-06T08:44:38.8436007Z [36;1m  fi[0m
2026-10-06T08:44:38.8436310Z [36;1melif [[ $toolchain =~ ^stable' 'minus' '[0-9]+' 'releases?$ ]]; then[0m
2026-10-06T08:44:38.8436854Z [36;1m  echo "toolchain=1.$((($(date +%s)/60/60/24-16569)/7/6-${toolchain//[^0-9]/}))" >> $GITHUB_OUTPUT[0m
2026-10-06T08:44:38.8437322Z [36;1melif [[ $toolchain =~ ^1\.[0-9]+$ ]]; then[0m
2026-10-06T08:44:38.8437857Z [36;1m  echo "toolchain=1.$((i=${toolchain#1.}, c=($(date +%s)/60/60/24-16569)/7/6, i+9*i*(10*i<=c)+90*i*(100*i<=c)))" >> $GITHUB_OUTPUT[0m
2026-10-06T08:44:38.8438358Z [36;1melse[0m
2026-10-06T08:44:38.8438620Z [36;1m  echo "toolchain=$toolchain" >> $GITHUB_OUTPUT[0m
2026-10-06T08:44:38.8439105Z [36;1mfi[0m
2026-10-06T08:44:38.8698340Z shell: /usr/bin/bash --noprofile --norc -e -o pipefail {0}
2026-10-06T08:44:38.8699186Z env:
2026-10-06T08:44:38.8699465Z   CARGO_TERM_COLOR: always
2026-10-06T08:44:38.8699809Z   RUSTFLAGS: -D warnings
2026-10-06T08:44:38.8700125Z   toolchain: 1.94
2026-10-06T08:44:38.8700409Z ##[endgroup]
2026-10-06T08:44:38.8851476Z ##[end-action id=__dtolnay_rust-toolchain.parse;outcome=success;conclusion=success;duration_ms=47]
2026-10-06T08:44:38.8864293Z ##[start-action display=Construct rustup command line;id=__dtolnay_rust-toolchain.flags]
2026-10-06T08:44:38.8894748Z ##[group]Run echo "targets=$(for t in ${targets//,/ }; do echo -n ' --target' $t; done)" >> $GITHUB_OUTPUT
2026-10-06T08:44:38.8895425Z [36;1mecho "targets=$(for t in ${targets//,/ }; do echo -n ' --target' $t; done)" >> $GITHUB_OUTPUT[0m
2026-10-06T08:44:38.8896074Z [36;1mecho "components=$(for c in ${components//,/ }; do echo -n ' --component' $c; done)" >> $GITHUB_OUTPUT[0m
2026-10-06T08:44:38.8896577Z [36;1mecho "downgrade=" >> $GITHUB_OUTPUT[0m
2026-10-06T08:44:38.8956857Z shell: /usr/bin/bash --noprofile --norc -e -o pipefail {0}
2026-10-06T08:44:38.8957232Z env:
2026-10-06T08:44:38.8957446Z   CARGO_TERM_COLOR: always
2026-10-06T08:44:38.8957707Z   RUSTFLAGS: -D warnings
2026-10-06T08:44:38.8957947Z   targets: 
2026-10-06T08:44:38.8958145Z   components: 
2026-10-06T08:44:38.8958351Z ##[endgroup]
2026-10-06T08:44:38.9057938Z ##[end-action id=__dtolnay_rust-toolchain.flags;outcome=success;conclusion=success;duration_ms=19]
2026-10-06T08:44:38.9060693Z ##[start-action display=Set $CARGO_HOME;id=__dtolnay_rust-toolchain.__run]
2026-10-06T08:44:38.9080805Z ##[group]Run echo CARGO_HOME=${CARGO_HOME:-"$HOME/.cargo"} >> $GITHUB_ENV
2026-10-06T08:44:38.9081290Z [36;1mecho CARGO_HOME=${CARGO_HOME:-"$HOME/.cargo"} >> $GITHUB_ENV[0m
2026-10-06T08:44:38.9146564Z shell: /usr/bin/bash --noprofile --norc -e -o pipefail {0}
2026-10-06T08:44:38.9147098Z env:
2026-10-06T08:44:38.9147312Z   CARGO_TERM_COLOR: always
2026-10-06T08:44:38.9147581Z   RUSTFLAGS: -D warnings
2026-10-06T08:44:38.9147832Z ##[endgroup]
2026-10-06T08:44:38.9242402Z ##[end-action id=__dtolnay_rust-toolchain.__run;outcome=success;conclusion=success;duration_ms=18]
2026-10-06T08:44:38.9244693Z ##[start-action display=Install rustup if needed;id=__dtolnay_rust-toolchain.__run_2]
2026-10-06T08:44:38.9271161Z ##[group]Run if ! command -v rustup &>/dev/null; then
2026-10-06T08:44:38.9271538Z [36;1mif ! command -v rustup &>/dev/null; then[0m
2026-10-06T08:44:38.9272304Z [36;1m  curl --proto '=https' --tlsv1.2 --retry 10 --retry-connrefused --location --silent --show-error --fail https://sh.rustup.rs | sh -s -- --default-toolchain none -y[0m
2026-10-06T08:44:38.9273052Z [36;1m  echo "$CARGO_HOME/bin" >> $GITHUB_PATH[0m
2026-10-06T08:44:38.9273352Z [36;1mfi[0m
2026-10-06T08:44:38.9337601Z shell: /usr/bin/bash --noprofile --norc -e -o pipefail {0}
2026-10-06T08:44:38.9338027Z env:
2026-10-06T08:44:38.9338249Z   CARGO_TERM_COLOR: always
2026-10-06T08:44:38.9338527Z   RUSTFLAGS: -D warnings
2026-10-06T08:44:38.9339118Z   CARGO_HOME: /home/runner/.cargo
2026-10-06T08:44:38.9339456Z ##[endgroup]
2026-10-06T08:44:38.9432396Z ##[end-action id=__dtolnay_rust-toolchain.__run_2;outcome=success;conclusion=success;duration_ms=18]
2026-10-06T08:44:38.9434936Z ##[start-action display=Install rustup if needed on windows;id=__dtolnay_rust-toolchain.__run_3]
2026-10-06T08:44:38.9442948Z ##[end-action id=__dtolnay_rust-toolchain.__run_3;outcome=skipped;conclusion=skipped;duration_ms=0]
2026-10-06T08:44:38.9454685Z ##[start-action display=rustup toolchain install 1.94;id=__dtolnay_rust-toolchain.__run_4]
2026-10-06T08:44:38.9475773Z ##[group]Run log=$(mktemp)
2026-10-06T08:44:38.9476057Z [36;1mlog=$(mktemp)[0m
2026-10-06T08:44:38.9476301Z [36;1mtrap 'rm -f "$log"' EXIT[0m
2026-10-06T08:44:38.9476574Z [36;1mfor attempt in 1 2 3 4 5; do[0m
2026-10-06T08:44:38.9477137Z [36;1m  if rustup toolchain install 1.94 --profile minimal --no-self-update --force-non-host 2>&1 | tee "$log"; then[0m
2026-10-06T08:44:38.9477659Z [36;1m    break[0m
2026-10-06T08:44:38.9477865Z [36;1m  else[0m
2026-10-06T08:44:38.9478070Z [36;1m    status=$?[0m
2026-10-06T08:44:38.9478291Z [36;1m  fi[0m
2026-10-06T08:44:38.9478595Z [36;1m  if [[ $attempt == 5 ]] || ! grep -Fq 'checksum failed for ' "$log" \[0m
2026-10-06T08:44:38.9479436Z [36;1m      || ! grep -Fq 'this is likely due to an ongoing update of the official release server' "$log"; then[0m
2026-10-06T08:44:38.9479935Z [36;1m    exit "$status"[0m
2026-10-06T08:44:38.9480166Z [36;1m  fi[0m
2026-10-06T08:44:38.9480526Z [36;1m  echo "Retrying rustup toolchain install in 30 seconds (retry $attempt of 4)" >&2[0m
2026-10-06T08:44:38.9480954Z [36;1m  sleep 30[0m
2026-10-06T08:44:38.9481162Z [36;1mdone[0m
2026-10-06T08:44:38.9548470Z shell: /usr/bin/bash --noprofile --norc -e -o pipefail {0}
2026-10-06T08:44:38.9549074Z env:
2026-10-06T08:44:38.9549310Z   CARGO_TERM_COLOR: always
2026-10-06T08:44:38.9549566Z   RUSTFLAGS: -D warnings
2026-10-06T08:44:38.9549823Z   CARGO_HOME: /home/runner/.cargo
2026-10-06T08:44:38.9550090Z   RUSTUP_PERMIT_COPY_RENAME: 1
2026-10-06T08:44:38.9550334Z ##[endgroup]
2026-10-06T08:44:39.0069997Z info: syncing channel updates for 1.94-x86_64-unknown-linux-gnu
2026-10-06T08:44:39.1913821Z info: latest update on 2026-03-26 for version 1.94.1 (e408947bf 2026-03-25)
2026-10-06T08:44:39.1914687Z info: downloading 3 components
2026-10-06T08:44:46.5780848Z 
2026-10-06T08:44:46.5853622Z   1.94-x86_64-unknown-linux-gnu installed - rustc 1.94.1 (e408947bf 2026-03-25)
2026-10-06T08:44:46.5854073Z 
2026-10-06T08:44:46.5927191Z ##[end-action id=__dtolnay_rust-toolchain.__run_4;outcome=success;conclusion=success;duration_ms=7647]
2026-10-06T08:44:46.5933607Z ##[start-action display=rustup default 1.94;id=__dtolnay_rust-toolchain.__run_5]
2026-10-06T08:44:46.5951704Z ##[group]Run rustup default 1.94 --force-non-host
2026-10-06T08:44:46.5952414Z [36;1mrustup default 1.94 --force-non-host[0m
2026-10-06T08:44:46.6012368Z shell: /usr/bin/bash --noprofile --norc -e -o pipefail {0}
2026-10-06T08:44:46.6012741Z env:
2026-10-06T08:44:46.6012953Z   CARGO_TERM_COLOR: always
2026-10-06T08:44:46.6013217Z   RUSTFLAGS: -D warnings
2026-10-06T08:44:46.6013476Z   CARGO_HOME: /home/runner/.cargo
2026-10-06T08:44:46.6013754Z ##[endgroup]
2026-10-06T08:44:46.6132457Z info: using existing install for 1.94-x86_64-unknown-linux-gnu
2026-10-06T08:44:46.6138295Z info: default toolchain set to 1.94-x86_64-unknown-linux-gnu
2026-10-06T08:44:46.6138577Z 
2026-10-06T08:44:46.6204693Z   1.94-x86_64-unknown-linux-gnu unchanged - rustc 1.94.1 (e408947bf 2026-03-25)
2026-10-06T08:44:46.6205116Z 
2026-10-06T08:44:46.6208041Z info: note that the toolchain '1.94-x86_64-unknown-linux-gnu' is currently in use (overridden by '/home/runner/work/hydrus-mine/hydrus-mine/rust-toolchain.toml')
2026-10-06T08:44:46.6222753Z ##[end-action id=__dtolnay_rust-toolchain.__run_5;outcome=success;conclusion=success;duration_ms=28]
2026-10-06T08:44:46.6225472Z ##[start-action display=Create cachekey;id=__dtolnay_rust-toolchain.rustc-version]
2026-10-06T08:44:46.6244285Z ##[group]Run DATE=$(rustc +1.94 --version --verbose | sed -ne 's/^commit-date: \(20[0-9][0-9]\)-\([01][0-9]\)-\([0-3][0-9]\)$/\1\2\3/p')
2026-10-06T08:44:46.6245113Z [36;1mDATE=$(rustc +1.94 --version --verbose | sed -ne 's/^commit-date: \(20[0-9][0-9]\)-\([01][0-9]\)-\([0-3][0-9]\)$/\1\2\3/p')[0m
2026-10-06T08:44:46.6245745Z [36;1mHASH=$(rustc +1.94 --version --verbose | sed -ne 's/^commit-hash: //p')[0m
2026-10-06T08:44:46.6246251Z [36;1mecho "cachekey=$(echo $DATE$HASH | head -c12)" >> $GITHUB_OUTPUT[0m
2026-10-06T08:44:46.6304784Z shell: /usr/bin/bash --noprofile --norc -e -o pipefail {0}
2026-10-06T08:44:46.6305142Z env:
2026-10-06T08:44:46.6305342Z   CARGO_TERM_COLOR: always
2026-10-06T08:44:46.6305590Z   RUSTFLAGS: -D warnings
2026-10-06T08:44:46.6305837Z   CARGO_HOME: /home/runner/.cargo
2026-10-06T08:44:46.6306110Z ##[endgroup]
2026-10-06T08:44:46.6640460Z ##[end-action id=__dtolnay_rust-toolchain.rustc-version;outcome=success;conclusion=success;duration_ms=41]
2026-10-06T08:44:46.6643556Z ##[start-action display=Disable incremental compilation;id=__dtolnay_rust-toolchain.__run_6]
2026-10-06T08:44:46.6661598Z ##[group]Run if [ -z "${CARGO_INCREMENTAL+set}" ]; then
2026-10-06T08:44:46.6661991Z [36;1mif [ -z "${CARGO_INCREMENTAL+set}" ]; then[0m
2026-10-06T08:44:46.6662334Z [36;1m  echo CARGO_INCREMENTAL=0 >> $GITHUB_ENV[0m
2026-10-06T08:44:46.6662629Z [36;1mfi[0m
2026-10-06T08:44:46.6721854Z shell: /usr/bin/bash --noprofile --norc -e -o pipefail {0}
2026-10-06T08:44:46.6744458Z env:
2026-10-06T08:44:46.6744708Z   CARGO_TERM_COLOR: always
2026-10-06T08:44:46.6744983Z   RUSTFLAGS: -D warnings
2026-10-06T08:44:46.6745236Z   CARGO_HOME: /home/runner/.cargo
2026-10-06T08:44:46.6745506Z ##[endgroup]
2026-10-06T08:44:46.6831690Z ##[end-action id=__dtolnay_rust-toolchain.__run_6;outcome=success;conclusion=success;duration_ms=18]
2026-10-06T08:44:46.6833770Z ##[start-action display=Enable colors in Cargo output;id=__dtolnay_rust-toolchain.__run_7]
2026-10-06T08:44:46.6850240Z ##[group]Run if [ -z "${CARGO_TERM_COLOR+set}" ]; then
2026-10-06T08:44:46.6850605Z [36;1mif [ -z "${CARGO_TERM_COLOR+set}" ]; then[0m
2026-10-06T08:44:46.6850957Z [36;1m  echo CARGO_TERM_COLOR=always >> $GITHUB_ENV[0m
2026-10-06T08:44:46.6851249Z [36;1mfi[0m
2026-10-06T08:44:46.6908282Z shell: /usr/bin/bash --noprofile --norc -e -o pipefail {0}
2026-10-06T08:44:46.6908633Z env:
2026-10-06T08:44:46.6909086Z   CARGO_TERM_COLOR: always
2026-10-06T08:44:46.6909338Z   RUSTFLAGS: -D warnings
2026-10-06T08:44:46.6909573Z   CARGO_HOME: /home/runner/.cargo
2026-10-06T08:44:46.6909816Z   CARGO_INCREMENTAL: 0
2026-10-06T08:44:46.6910025Z ##[endgroup]
2026-10-06T08:44:46.6990329Z ##[end-action id=__dtolnay_rust-toolchain.__run_7;outcome=success;conclusion=success;duration_ms=15]
2026-10-06T08:44:46.6992984Z ##[start-action display=Enable Cargo sparse registry;id=__dtolnay_rust-toolchain.__run_8]
2026-10-06T08:44:46.7012235Z ##[group]Run # implemented in 1.66, stabilized in 1.68, made default in 1.70
2026-10-06T08:44:46.7012775Z [36;1m# implemented in 1.66, stabilized in 1.68, made default in 1.70[0m
2026-10-06T08:44:46.7013526Z [36;1mif [ -z "${CARGO_REGISTRIES_CRATES_IO_PROTOCOL+set}" -o -f "/home/runner/work/_temp"/.implicit_cargo_registries_crates_io_protocol ]; then[0m
2026-10-06T08:44:46.7014264Z [36;1m  if rustc +1.94 --version --verbose | grep -q '^release: 1\.6[89]\.'; then[0m
2026-10-06T08:44:46.7014839Z [36;1m    touch "/home/runner/work/_temp"/.implicit_cargo_registries_crates_io_protocol || true[0m
2026-10-06T08:44:46.7015393Z [36;1m    echo CARGO_REGISTRIES_CRATES_IO_PROTOCOL=sparse >> $GITHUB_ENV[0m
2026-10-06T08:44:46.7015893Z [36;1m  elif rustc +1.94 --version --verbose | grep -q '^release: 1\.6[67]\.'; then[0m
2026-10-06T08:44:46.7016470Z [36;1m    touch "/home/runner/work/_temp"/.implicit_cargo_registries_crates_io_protocol || true[0m
2026-10-06T08:44:46.7017016Z [36;1m    echo CARGO_REGISTRIES_CRATES_IO_PROTOCOL=git >> $GITHUB_ENV[0m
2026-10-06T08:44:46.7017370Z [36;1m  fi[0m
2026-10-06T08:44:46.7017559Z [36;1mfi[0m
2026-10-06T08:44:46.7070698Z shell: /usr/bin/bash --noprofile --norc -e -o pipefail {0}
2026-10-06T08:44:46.7071073Z env:
2026-10-06T08:44:46.7071264Z   CARGO_TERM_COLOR: always
2026-10-06T08:44:46.7071501Z   RUSTFLAGS: -D warnings
2026-10-06T08:44:46.7071734Z   CARGO_HOME: /home/runner/.cargo
2026-10-06T08:44:46.7071978Z   CARGO_INCREMENTAL: 0
2026-10-06T08:44:46.7072197Z ##[endgroup]
2026-10-06T08:44:46.7386345Z ##[end-action id=__dtolnay_rust-toolchain.__run_8;outcome=success;conclusion=success;duration_ms=39]
2026-10-06T08:44:46.7389603Z ##[start-action display=Work around spurious network errors in curl 8.0;id=__dtolnay_rust-toolchain.__run_9]
2026-10-06T08:44:46.7408463Z ##[group]Run # https://rust-lang.zulipchat.com/#narrow/stream/246057-t-cargo/topic/timeout.20investigation
2026-10-06T08:44:46.7409628Z [36;1m# https://rust-lang.zulipchat.com/#narrow/stream/246057-t-cargo/topic/timeout.20investigation[0m
2026-10-06T08:44:46.7410293Z [36;1mif rustc +1.94 --version --verbose | grep -q '^release: 1\.7[01]\.'; then[0m
2026-10-06T08:44:46.7410766Z [36;1m  echo CARGO_HTTP_MULTIPLEXING=false >> $GITHUB_ENV[0m
2026-10-06T08:44:46.7411096Z [36;1mfi[0m
2026-10-06T08:44:46.7471181Z shell: /usr/bin/bash --noprofile --norc -e -o pipefail {0}
2026-10-06T08:44:46.7471563Z env:
2026-10-06T08:44:46.7471777Z   CARGO_TERM_COLOR: always
2026-10-06T08:44:46.7472046Z   RUSTFLAGS: -D warnings
2026-10-06T08:44:46.7472312Z   CARGO_HOME: /home/runner/.cargo
2026-10-06T08:44:46.7472604Z   CARGO_INCREMENTAL: 0
2026-10-06T08:44:46.7472841Z ##[endgroup]
2026-10-06T08:44:46.7669712Z ##[end-action id=__dtolnay_rust-toolchain.__run_9;outcome=success;conclusion=success;duration_ms=27]
2026-10-06T08:44:46.7673176Z ##[start-action display=rustc +1.94 --version --verbose;id=__dtolnay_rust-toolchain.__run_10]
2026-10-06T08:44:46.7691211Z ##[group]Run rustc +1.94 --version --verbose
2026-10-06T08:44:46.7691613Z [36;1mrustc +1.94 --version --verbose[0m
2026-10-06T08:44:46.7747759Z shell: /usr/bin/bash --noprofile --norc -e -o pipefail {0}
2026-10-06T08:44:46.7748136Z env:
2026-10-06T08:44:46.7748352Z   CARGO_TERM_COLOR: always
2026-10-06T08:44:46.7748616Z   RUSTFLAGS: -D warnings
2026-10-06T08:44:46.7749135Z   CARGO_HOME: /home/runner/.cargo
2026-10-06T08:44:46.7749431Z   CARGO_INCREMENTAL: 0
2026-10-06T08:44:46.7749669Z ##[endgroup]
2026-10-06T08:44:46.7926564Z rustc 1.94.1 (e408947bf 2026-03-25)
2026-10-06T08:44:46.7927450Z binary: rustc
2026-10-06T08:44:46.7928229Z commit-hash: e408947bfd200af42db322daf0fadfe7e26d3bd1
2026-10-06T08:44:46.7929498Z commit-date: 2026-03-25
2026-10-06T08:44:46.7929939Z host: x86_64-unknown-linux-gnu
2026-10-06T08:44:46.7930382Z release: 1.94.1
2026-10-06T08:44:46.7930781Z LLVM version: 21.1.8
2026-10-06T08:44:46.7947970Z ##[end-action id=__dtolnay_rust-toolchain.__run_10;outcome=success;conclusion=success;duration_ms=27]
2026-10-06T08:44:46.8070607Z ##[group]Run Swatinem/rust-cache@v2
2026-10-06T08:44:46.8070907Z with:
2026-10-06T08:44:46.8071117Z   cache-on-failure: true
2026-10-06T08:44:46.8071375Z   cache-workspace-crates: true
2026-10-06T08:44:46.8071637Z   prefix-key: v0-rust
2026-10-06T08:44:46.8071858Z   add-job-id-key: true
2026-10-06T08:44:46.8072100Z   add-rust-environment-hash-key: true
2026-10-06T08:44:46.8072374Z   cache-targets: true
2026-10-06T08:44:46.8072589Z   cache-all-crates: false
2026-10-06T08:44:46.8072833Z   save-if: true
2026-10-06T08:44:46.8073042Z   cache-provider: github
2026-10-06T08:44:46.8073271Z   cache-bin: true
2026-10-06T08:44:46.8073480Z   lookup-only: false
2026-10-06T08:44:46.8073692Z   cmd-format: {0}
2026-10-06T08:44:46.8073898Z env:
2026-10-06T08:44:46.8074085Z   CARGO_TERM_COLOR: always
2026-10-06T08:44:46.8074323Z   RUSTFLAGS: -D warnings
2026-10-06T08:44:46.8074559Z   CARGO_HOME: /home/runner/.cargo
2026-10-06T08:44:46.8074806Z   CARGO_INCREMENTAL: 0
2026-10-06T08:44:46.8075053Z ##[endgroup]
2026-10-06T08:44:49.1384198Z ##[group]Cache Configuration
2026-10-06T08:44:49.1384725Z Cache Provider:
2026-10-06T08:44:49.1384951Z     github
2026-10-06T08:44:49.1385143Z Workspaces:
2026-10-06T08:44:49.1385366Z     /home/runner/work/hydrus-mine/hydrus-mine
2026-10-06T08:44:49.1385655Z Cache Paths:
2026-10-06T08:44:49.1385855Z     /home/runner/.cargo/bin
2026-10-06T08:44:49.1386096Z     /home/runner/.cargo/.crates.toml
2026-10-06T08:44:49.1386369Z     /home/runner/.cargo/.crates2.json
2026-10-06T08:44:49.1386635Z     /home/runner/.cargo/registry
2026-10-06T08:44:49.1386874Z     /home/runner/.cargo/git
2026-10-06T08:44:49.1387142Z     /home/runner/work/hydrus-mine/hydrus-mine/target
2026-10-06T08:44:49.1387439Z Restore Key:
2026-10-06T08:44:49.1387666Z     v0-rust-parity-models-Linux-x64-6601efbe
2026-10-06T08:44:49.1387945Z Cache Key:
2026-10-06T08:44:49.1388185Z     v0-rust-parity-models-Linux-x64-6601efbe-0ea5e1be
2026-10-06T08:44:49.1388490Z .. Prefix:
2026-10-06T08:44:49.1388984Z   - v0-rust-parity-models-Linux-x64
2026-10-06T08:44:49.1389507Z .. Environment considered:
2026-10-06T08:44:49.1389810Z   - Rust Versions:
2026-10-06T08:44:49.1390152Z     - 1.94.1 x86_64-unknown-linux-gnu e408947bfd200af42db322daf0fadfe7e26d3bd1
2026-10-06T08:44:49.1390655Z     - 1.98.1 x86_64-unknown-linux-gnu 48a229ceaefd4985c50990b14116b6d856af0985
2026-10-06T08:44:49.1391014Z   - CARGO_HOME
2026-10-06T08:44:49.1391213Z   - CARGO_INCREMENTAL
2026-10-06T08:44:49.1391423Z   - CARGO_TERM_COLOR
2026-10-06T08:44:49.1391620Z   - RUSTFLAGS
2026-10-06T08:44:49.1391816Z .. Lockfiles considered:
2026-10-06T08:44:49.1392375Z   - /home/runner/work/hydrus-mine/hydrus-mine/.cargo/config.toml
2026-10-06T08:44:49.1393049Z   - /home/runner/work/hydrus-mine/hydrus-mine/Cargo.lock
2026-10-06T08:44:49.1393750Z   - /home/runner/work/hydrus-mine/hydrus-mine/crates/hydrus-api/Cargo.toml
2026-10-06T08:44:49.1394689Z   - /home/runner/work/hydrus-mine/hydrus-mine/crates/hydrus-cli/Cargo.toml
2026-10-06T08:44:49.1395523Z   - /home/runner/work/hydrus-mine/hydrus-mine/crates/hydrus-core/Cargo.toml
2026-10-06T08:44:49.1396127Z   - /home/runner/work/hydrus-mine/hydrus-mine/crates/hydrus-download/Cargo.toml
2026-10-06T08:44:49.1396679Z   - /home/runner/work/hydrus-mine/hydrus-mine/crates/hydrus-downloader-exchange/Cargo.toml
2026-10-06T08:44:49.1397784Z   - /home/runner/work/hydrus-mine/hydrus-mine/crates/hydrus-duplicates/Cargo.toml
2026-10-06T08:44:49.1398457Z   - /home/runner/work/hydrus-mine/hydrus-mine/crates/hydrus-gui-model/Cargo.toml
2026-10-06T08:44:49.1399326Z   - /home/runner/work/hydrus-mine/hydrus-mine/crates/hydrus-gui-ui/Cargo.toml
2026-10-06T08:44:49.1399824Z   - /home/runner/work/hydrus-mine/hydrus-mine/crates/hydrus-gui/Cargo.toml
2026-10-06T08:44:49.1400303Z   - /home/runner/work/hydrus-mine/hydrus-mine/crates/hydrus-import/Cargo.toml
2026-10-06T08:44:49.1400783Z   - /home/runner/work/hydrus-mine/hydrus-mine/crates/hydrus-legacy/Cargo.toml
2026-10-06T08:44:49.1401758Z   - /home/runner/work/hydrus-mine/hydrus-mine/crates/hydrus-media/Cargo.toml
2026-10-06T08:44:49.1402387Z   - /home/runner/work/hydrus-mine/hydrus-mine/crates/hydrus-net/Cargo.toml
2026-10-06T08:44:49.1402870Z   - /home/runner/work/hydrus-mine/hydrus-mine/crates/hydrus-parse/Cargo.toml
2026-10-06T08:44:49.1403378Z   - /home/runner/work/hydrus-mine/hydrus-mine/crates/hydrus-search/Cargo.toml
2026-10-06T08:44:49.1403868Z   - /home/runner/work/hydrus-mine/hydrus-mine/crates/hydrus-store/Cargo.toml
2026-10-06T08:44:49.1404440Z   - /home/runner/work/hydrus-mine/hydrus-mine/crates/hydrus-testkit/Cargo.toml
2026-10-06T08:44:49.1405314Z   - /home/runner/work/hydrus-mine/hydrus-mine/rust-toolchain.toml
2026-10-06T08:44:49.1405793Z   - /home/runner/work/hydrus-mine/hydrus-mine/xtask/Cargo.toml
2026-10-06T08:44:49.1406335Z ##[endgroup]
2026-10-06T08:44:49.1406495Z 
2026-10-06T08:44:49.1406584Z ... Restoring cache ...
2026-10-06T08:44:49.3586479Z Cache hit for: v0-rust-parity-models-Linux-x64-6601efbe-0ea5e1be
2026-10-06T08:44:50.5642914Z Received 37748736 of 613076873 (6.2%), 36.0 MBs/sec
2026-10-06T08:44:51.5656639Z Received 180355072 of 613076873 (29.4%), 85.9 MBs/sec
2026-10-06T08:44:52.5663063Z Received 364904448 of 613076873 (59.5%), 115.9 MBs/sec
2026-10-06T08:44:53.5667540Z Received 511705088 of 613076873 (83.5%), 121.9 MBs/sec
2026-10-06T08:44:54.3589835Z Received 613076873 of 613076873 (100.0%), 122.0 MBs/sec
2026-10-06T08:44:54.3590746Z Cache Size: ~585 MB (613076873 B)
2026-10-06T08:44:54.3643774Z [command]/usr/bin/tar -xf /home/runner/work/_temp/bb97ac2f-6edb-473a-80a2-445ea2c34e0c/cache.tzst -P -C /home/runner/work/hydrus-mine/hydrus-mine --use-compress-program unzstd
2026-10-06T08:44:57.9490832Z Cache restored successfully
2026-10-06T08:44:58.3481499Z Restored from cache key "v0-rust-parity-models-Linux-x64-6601efbe-0ea5e1be" full match: true.
2026-10-06T08:44:58.5370717Z ##[group]Run sudo apt-get update && sudo apt-get install -y ffmpeg
2026-10-06T08:44:58.5371395Z [36;1msudo apt-get update && sudo apt-get install -y ffmpeg[0m
2026-10-06T08:44:58.5432903Z shell: /usr/bin/bash -e {0}
2026-10-06T08:44:58.5433196Z env:
2026-10-06T08:44:58.5433438Z   CARGO_TERM_COLOR: always
2026-10-06T08:44:58.5433727Z   RUSTFLAGS: -D warnings
2026-10-06T08:44:58.5434015Z   CARGO_HOME: /home/runner/.cargo
2026-10-06T08:44:58.5434315Z   CARGO_INCREMENTAL: 0
2026-10-06T08:44:58.5434583Z   CACHE_ON_FAILURE: true
2026-10-06T08:44:58.5434843Z ##[endgroup]
2026-10-06T08:44:58.9922019Z Get:1 file:/etc/apt/apt-mirrors.txt Mirrorlist [144 B]
2026-10-06T08:44:59.0300868Z Hit:2 http://azure.archive.ubuntu.com/ubuntu noble InRelease
2026-10-06T08:44:59.0303378Z Get:6 https://packages.microsoft.com/ubuntu/24.04/prod noble InRelease [3600 B]
2026-10-06T08:44:59.0420717Z Get:3 http://azure.archive.ubuntu.com/ubuntu noble-updates InRelease [126 kB]
2026-10-06T08:44:59.0429937Z Get:4 http://azure.archive.ubuntu.com/ubuntu noble-backports InRelease [126 kB]
2026-10-06T08:44:59.0442470Z Get:5 http://azure.archive.ubuntu.com/ubuntu noble-security InRelease [126 kB]
2026-10-06T08:44:59.1582519Z Get:7 https://packages.microsoft.com/ubuntu/24.04/prod noble/main armhf Packages [12.6 kB]
2026-10-06T08:44:59.1687432Z Get:8 https://packages.microsoft.com/ubuntu/24.04/prod noble/main arm64 Packages [458 kB]
2026-10-06T08:44:59.1752393Z Get:9 https://packages.microsoft.com/ubuntu/24.04/prod noble/main amd64 Packages [515 kB]
2026-10-06T08:44:59.2172757Z Get:10 http://azure.archive.ubuntu.com/ubuntu noble-updates/main amd64 Packages [1370 kB]
2026-10-06T08:44:59.2260476Z Get:11 http://azure.archive.ubuntu.com/ubuntu noble-updates/main Translation-en [305 kB]
2026-10-06T08:44:59.2272454Z Get:12 http://azure.archive.ubuntu.com/ubuntu noble-updates/main amd64 Components [181 kB]
2026-10-06T08:44:59.2295076Z Get:13 http://azure.archive.ubuntu.com/ubuntu noble-updates/universe amd64 Packages [1701 kB]
2026-10-06T08:44:59.2400622Z Get:14 http://azure.archive.ubuntu.com/ubuntu noble-updates/universe Translation-en [341 kB]
2026-10-06T08:44:59.2413758Z Get:15 http://azure.archive.ubuntu.com/ubuntu noble-updates/universe amd64 Components [388 kB]
2026-10-06T08:44:59.2441562Z Get:16 http://azure.archive.ubuntu.com/ubuntu noble-updates/restricted amd64 Packages [1728 kB]
2026-10-06T08:44:59.2530011Z Get:17 http://azure.archive.ubuntu.com/ubuntu noble-updates/restricted Translation-en [395 kB]
2026-10-06T08:44:59.2556449Z Get:18 http://azure.archive.ubuntu.com/ubuntu noble-updates/multiverse Translation-en [13.3 kB]
2026-10-06T08:44:59.2568291Z Get:19 http://azure.archive.ubuntu.com/ubuntu noble-updates/multiverse amd64 Components [940 B]
2026-10-06T08:44:59.3292801Z Get:20 http://azure.archive.ubuntu.com/ubuntu noble-backports/main amd64 Components [5764 B]
2026-10-06T08:44:59.3303375Z Get:21 http://azure.archive.ubuntu.com/ubuntu noble-backports/universe amd64 Components [12.6 kB]
2026-10-06T08:44:59.3315826Z Get:22 http://azure.archive.ubuntu.com/ubuntu noble-security/main amd64 Packages [1071 kB]
2026-10-06T08:44:59.3370720Z Get:23 http://azure.archive.ubuntu.com/ubuntu noble-security/main Translation-en [222 kB]
2026-10-06T08:44:59.3389211Z Get:24 http://azure.archive.ubuntu.com/ubuntu noble-security/main amd64 Components [46.4 kB]
2026-10-06T08:44:59.3400499Z Get:25 http://azure.archive.ubuntu.com/ubuntu noble-security/universe amd64 Packages [1216 kB]
2026-10-06T08:44:59.3460470Z Get:26 http://azure.archive.ubuntu.com/ubuntu noble-security/universe Translation-en [244 kB]
2026-10-06T08:44:59.3478764Z Get:27 http://azure.archive.ubuntu.com/ubuntu noble-security/universe amd64 Components [76.3 kB]
2026-10-06T08:44:59.3490625Z Get:28 http://azure.archive.ubuntu.com/ubuntu noble-security/restricted amd64 Packages [1566 kB]
2026-10-06T08:44:59.3567042Z Get:29 http://azure.archive.ubuntu.com/ubuntu noble-security/restricted Translation-en [361 kB]
2026-10-06T08:45:03.5766248Z Fetched 12.6 MB in 1s (9259 kB/s)
2026-10-06T08:45:04.4076322Z Reading package lists...
2026-10-06T08:45:04.4380580Z Reading package lists...
2026-10-06T08:45:04.6200657Z Building dependency tree...
2026-10-06T08:45:04.6208498Z Reading state information...
2026-10-06T08:45:04.7625530Z The following additional packages will be installed:
2026-10-06T08:45:04.7626722Z   i965-va-driver intel-media-va-driver libaacs0 libass9 libasyncns0
2026-10-06T08:45:04.7627926Z   libavc1394-0 libavcodec60 libavdevice60 libavfilter9 libavformat60
2026-10-06T08:45:04.7629497Z   libavutil58 libbdplus0 libblas3 libbluray2 libbs2b0 libcaca0
2026-10-06T08:45:04.7630923Z   libcdio-cdda2t64 libcdio-paranoia2t64 libcdio19t64 libchromaprint1 libcjson1
2026-10-06T08:45:04.7632493Z   libcodec2-1.2 libdav1d7 libdc1394-25 libdecor-0-0 libdecor-0-plugin-1-gtk
2026-10-06T08:45:04.7634041Z   libflac12t64 libflite1 libgbm1 libgl1-mesa-dri libglx-mesa0 libgme0 libgsm1
2026-10-06T08:45:04.7635424Z   libhwy1t64 libiec61883-0 libigdgmm12 libjack-jackd2-0 libjxl0.7 liblapack3
2026-10-06T08:45:04.7636492Z   liblilv-0-0 libmbedcrypto7t64 libmp3lame0 libmpg123-0t64 libmysofa1
2026-10-06T08:45:04.7637450Z   libopenal-data libopenal1 libopenmpt0t64 libopus0 libplacebo338
2026-10-06T08:45:04.7638453Z   libpocketsphinx3 libpostproc57 libpulse0 librav1e0 libraw1394-11 librist4
2026-10-06T08:45:04.7639742Z   librsvg2-2 librsvg2-common librubberband2 libsamplerate0 libsdl2-2.0-0
2026-10-06T08:45:04.7640806Z   libserd-0-0 libshine3 libsndfile1 libsndio7.0 libsord-0-0 libsoxr0 libspeex1
2026-10-06T08:45:04.7641833Z   libsphinxbase3t64 libsratom-0-0 libsrt1.5-gnutls libssh-gcrypt-4
2026-10-06T08:45:04.7643034Z   libsvtav1enc1d1 libswresample4 libswscale7 libtheora0 libtwolame0
2026-10-06T08:45:04.7643961Z   libudfread0 libunibreak5 libva-drm2 libva-x11-2 libva2 libvdpau1
2026-10-06T08:45:04.7644517Z   libvidstab1.1 libvorbisenc2 libvpl2 libvpx9 libx264-164 libx265-199
2026-10-06T08:45:04.7645114Z   libxcb-shape0 libxv1 libxvidcore4 libzimg2 libzix-0-0 libzvbi-common
2026-10-06T08:45:04.7645606Z   libzvbi0t64 mesa-libgallium mesa-va-drivers mesa-vdpau-drivers
2026-10-06T08:45:04.7646090Z   ocl-icd-libopencl1 pocketsphinx-en-us va-driver-all vdpau-driver-all
2026-10-06T08:45:04.7646474Z Suggested packages:
2026-10-06T08:45:04.7647185Z   ffmpeg-doc i965-va-driver-shaders libcuda1 libnvcuvid1 libnvidia-encode1
2026-10-06T08:45:04.7647799Z   libbluray-bdj jackd2 libportaudio2 opus-tools pulseaudio libraw1394-doc
2026-10-06T08:45:04.7648279Z   librsvg2-bin serdi sndiod sordi speex opencl-icd libvdpau-va-gl1
2026-10-06T08:45:04.8066129Z The following NEW packages will be installed:
2026-10-06T08:45:04.8067431Z   ffmpeg i965-va-driver intel-media-va-driver libaacs0 libass9 libasyncns0
2026-10-06T08:45:04.8069208Z   libavc1394-0 libavcodec60 libavdevice60 libavfilter9 libavformat60
2026-10-06T08:45:04.8070585Z   libavutil58 libbdplus0 libblas3 libbluray2 libbs2b0 libcaca0
2026-10-06T08:45:04.8071669Z   libcdio-cdda2t64 libcdio-paranoia2t64 libcdio19t64 libchromaprint1 libcjson1
2026-10-06T08:45:04.8073057Z   libcodec2-1.2 libdav1d7 libdc1394-25 libdecor-0-0 libdecor-0-plugin-1-gtk
2026-10-06T08:45:04.8074562Z   libflac12t64 libflite1 libgme0 libgsm1 libhwy1t64 libiec61883-0 libigdgmm12
2026-10-06T08:45:04.8075386Z   libjack-jackd2-0 libjxl0.7 liblapack3 liblilv-0-0 libmbedcrypto7t64
2026-10-06T08:45:04.8076068Z   libmp3lame0 libmpg123-0t64 libmysofa1 libopenal-data libopenal1
2026-10-06T08:45:04.8076761Z   libopenmpt0t64 libopus0 libplacebo338 libpocketsphinx3 libpostproc57
2026-10-06T08:45:04.8077557Z   libpulse0 librav1e0 libraw1394-11 librist4 librsvg2-2 librsvg2-common
2026-10-06T08:45:04.8078648Z   librubberband2 libsamplerate0 libsdl2-2.0-0 libserd-0-0 libshine3
2026-10-06T08:45:04.8079647Z   libsndfile1 libsndio7.0 libsord-0-0 libsoxr0 libspeex1 libsphinxbase3t64
2026-10-06T08:45:04.8080355Z   libsratom-0-0 libsrt1.5-gnutls libssh-gcrypt-4 libsvtav1enc1d1
2026-10-06T08:45:04.8081061Z   libswresample4 libswscale7 libtheora0 libtwolame0 libudfread0 libunibreak5
2026-10-06T08:45:04.8082136Z   libva-drm2 libva-x11-2 libva2 libvdpau1 libvidstab1.1 libvorbisenc2 libvpl2
2026-10-06T08:45:04.8083005Z   libvpx9 libx264-164 libx265-199 libxcb-shape0 libxv1 libxvidcore4 libzimg2
2026-10-06T08:45:04.8084203Z   libzix-0-0 libzvbi-common libzvbi0t64 mesa-va-drivers mesa-vdpau-drivers
2026-10-06T08:45:04.8084973Z   ocl-icd-libopencl1 pocketsphinx-en-us va-driver-all vdpau-driver-all
2026-10-06T08:45:04.8085405Z The following packages will be upgraded:
2026-10-06T08:45:04.8085758Z   libgbm1 libgl1-mesa-dri libglx-mesa0 mesa-libgallium
2026-10-06T08:45:04.8274802Z 4 upgraded, 99 newly installed, 0 to remove and 21 not upgraded.
2026-10-06T08:45:04.8275559Z Need to get 105 MB of archives.
2026-10-06T08:45:04.8276216Z After this operation, 227 MB of additional disk space will be used.
2026-10-06T08:45:04.8277082Z Get:1 file:/etc/apt/apt-mirrors.txt Mirrorlist [144 B]
2026-10-06T08:45:04.9079436Z Get:2 http://azure.archive.ubuntu.com/ubuntu noble-updates/universe amd64 libva2 amd64 2.20.0-2ubuntu0.2 [66.4 kB]
2026-10-06T08:45:04.9730299Z Get:3 http://azure.archive.ubuntu.com/ubuntu noble-updates/universe amd64 libva-drm2 amd64 2.20.0-2ubuntu0.2 [7124 B]
2026-10-06T08:45:05.0367971Z Get:4 http://azure.archive.ubuntu.com/ubuntu noble-updates/universe amd64 libva-x11-2 amd64 2.20.0-2ubuntu0.2 [12.0 kB]
2026-10-06T08:45:05.1007571Z Get:5 http://azure.archive.ubuntu.com/ubuntu noble/main amd64 libvdpau1 amd64 1.5-2build1 [27.8 kB]
2026-10-06T08:45:05.1646432Z Get:6 http://azure.archive.ubuntu.com/ubuntu noble/universe amd64 libvpl2 amd64 2023.3.0-1build1 [99.8 kB]
2026-10-06T08:45:05.2360093Z Get:7 http://azure.archive.ubuntu.com/ubuntu noble/universe amd64 ocl-icd-libopencl1 amd64 2.3.2-1build1 [38.5 kB]
2026-10-06T08:45:05.2999679Z Get:8 http://azure.archive.ubuntu.com/ubuntu noble/universe amd64 libavutil58 amd64 7:6.1.1-3ubuntu5 [401 kB]
2026-10-06T08:45:05.4010019Z Get:9 http://azure.archive.ubuntu.com/ubuntu noble/universe amd64 libcodec2-1.2 amd64 1.2.0-2build1 [8998 kB]
2026-10-06T08:45:05.6463535Z Get:10 http://azure.archive.ubuntu.com/ubuntu noble/universe amd64 libdav1d7 amd64 1.4.1-1build1 [604 kB]
2026-10-06T08:45:05.7141301Z Get:11 http://azure.archive.ubuntu.com/ubuntu noble/universe amd64 libgsm1 amd64 1.0.22-1build1 [27.8 kB]
2026-10-06T08:45:05.7792806Z Get:12 http://azure.archive.ubuntu.com/ubuntu noble/universe amd64 libhwy1t64 amd64 1.0.7-8.1build1 [584 kB]
2026-10-06T08:45:05.8563315Z Get:13 http://azure.archive.ubuntu.com/ubuntu noble-updates/universe amd64 libjxl0.7 amd64 0.7.0-10.2ubuntu6.1 [1001 kB]
2026-10-06T08:45:06.0845482Z Get:14 http://azure.archive.ubuntu.com/ubuntu noble/main amd64 libmp3lame0 amd64 3.100-6build1 [142 kB]
2026-10-06T08:45:06.1506517Z Get:15 http://azure.archive.ubuntu.com/ubuntu noble/main amd64 libopus0 amd64 1.4-1build1 [208 kB]
2026-10-06T08:45:06.2804921Z Get:16 http://azure.archive.ubuntu.com/ubuntu noble/universe amd64 librav1e0 amd64 0.7.1-2 [1022 kB]
2026-10-06T08:45:06.7587549Z Get:17 http://azure.archive.ubuntu.com/ubuntu noble/main amd64 librsvg2-2 amd64 2.58.0+dfsg-1build1 [2135 kB]
2026-10-06T08:45:06.9304068Z Get:18 http://azure.archive.ubuntu.com/ubuntu noble/universe amd64 libshine3 amd64 3.1.1-2build1 [23.2 kB]
2026-10-06T08:45:06.9948409Z Get:19 http://azure.archive.ubuntu.com/ubuntu noble-updates/main amd64 libspeex1 amd64 1.2.1-2ubuntu2.24.04.1 [59.6 kB]
2026-10-06T08:45:07.0603222Z Get:20 http://azure.archive.ubuntu.com/ubuntu noble/universe amd64 libsvtav1enc1d1 amd64 1.7.0+dfsg-2build1 [2425 kB]
2026-10-06T08:45:07.1725565Z Get:21 http://azure.archive.ubuntu.com/ubuntu noble/universe amd64 libsoxr0 amd64 0.1.3-4build3 [80.0 kB]
2026-10-06T08:45:07.2374644Z Get:22 http://azure.archive.ubuntu.com/ubuntu noble/universe amd64 libswresample4 amd64 7:6.1.1-3ubuntu5 [63.8 kB]
2026-10-06T08:45:07.3021289Z Get:23 http://azure.archive.ubuntu.com/ubuntu noble/main amd64 libtheora0 amd64 1.1.1+dfsg.1-16.1build3 [211 kB]
2026-10-06T08:45:07.3692165Z Get:24 http://azure.archive.ubuntu.com/ubuntu noble/main amd64 libtwolame0 amd64 0.4.0-2build3 [52.3 kB]
2026-10-06T08:45:07.4340270Z Get:25 http://azure.archive.ubuntu.com/ubuntu noble/main amd64 libvorbisenc2 amd64 1.3.7-1build3 [80.8 kB]
2026-10-06T08:45:07.4983560Z Get:26 http://azure.archive.ubuntu.com/ubuntu noble-updates/main amd64 libvpx9 amd64 1.14.0-1ubuntu2.3 [1143 kB]
2026-10-06T08:45:07.6119339Z Get:27 http://azure.archive.ubuntu.com/ubuntu noble/universe amd64 libx264-164 amd64 2:0.164.3108+git31e19f9-1 [604 kB]
2026-10-06T08:45:07.6959982Z Get:28 http://azure.archive.ubuntu.com/ubuntu noble/universe amd64 libx265-199 amd64 3.5-2build1 [1226 kB]
2026-10-06T08:45:07.8020139Z Get:29 http://azure.archive.ubuntu.com/ubuntu noble/universe amd64 libxvidcore4 amd64 2:1.3.7-1build1 [219 kB]
2026-10-06T08:45:07.8715693Z Get:30 http://azure.archive.ubuntu.com/ubuntu noble/universe amd64 libzvbi-common all 0.2.42-2 [42.4 kB]
2026-10-06T08:45:07.9365032Z Get:31 http://azure.archive.ubuntu.com/ubuntu noble/universe amd64 libzvbi0t64 amd64 0.2.42-2 [261 kB]
2026-10-06T08:45:08.0026036Z Get:32 http://azure.archive.ubuntu.com/ubuntu noble/universe amd64 libavcodec60 amd64 7:6.1.1-3ubuntu5 [5851 kB]
2026-10-06T08:45:08.1519851Z Get:33 http://azure.archive.ubuntu.com/ubuntu noble/main amd64 libraw1394-11 amd64 2.1.2-2build3 [26.2 kB]
2026-10-06T08:45:08.2178252Z Get:34 http://azure.archive.ubuntu.com/ubuntu noble/main amd64 libavc1394-0 amd64 0.5.4-5build3 [15.4 kB]
2026-10-06T08:45:08.2838280Z Get:35 http://azure.archive.ubuntu.com/ubuntu noble/universe amd64 libunibreak5 amd64 5.1-2build1 [25.0 kB]
2026-10-06T08:45:08.3485365Z Get:36 http://azure.archive.ubuntu.com/ubuntu noble/universe amd64 libass9 amd64 1:0.17.1-2build1 [104 kB]
2026-10-06T08:45:08.4184004Z Get:37 http://azure.archive.ubuntu.com/ubuntu noble/universe amd64 libudfread0 amd64 1.1.2-1build1 [19.0 kB]
2026-10-06T08:45:08.4830919Z Get:38 http://azure.archive.ubuntu.com/ubuntu noble/universe amd64 libbluray2 amd64 1:1.3.4-1build1 [159 kB]
2026-10-06T08:45:08.5487488Z Get:39 http://azure.archive.ubuntu.com/ubuntu noble/universe amd64 libchromaprint1 amd64 1.5.1-5 [30.5 kB]
2026-10-06T08:45:08.6131823Z Get:40 http://azure.archive.ubuntu.com/ubuntu noble/universe amd64 libgme0 amd64 0.6.3-7build1 [134 kB]
2026-10-06T08:45:08.6785250Z Get:41 http://azure.archive.ubuntu.com/ubuntu noble-updates/main amd64 libmpg123-0t64 amd64 1.32.5-1ubuntu1.1 [169 kB]
2026-10-06T08:45:08.7438609Z Get:42 http://azure.archive.ubuntu.com/ubuntu noble/universe amd64 libopenmpt0t64 amd64 0.7.3-1.1build3 [647 kB]
2026-10-06T08:45:08.8129974Z Get:43 http://azure.archive.ubuntu.com/ubuntu noble/universe amd64 libcjson1 amd64 1.7.17-1 [24.8 kB]
2026-10-06T08:45:08.8790023Z Get:44 http://azure.archive.ubuntu.com/ubuntu noble/universe amd64 libmbedcrypto7t64 amd64 2.28.8-1 [209 kB]
2026-10-06T08:45:08.9500829Z Get:45 http://azure.archive.ubuntu.com/ubuntu noble/universe amd64 librist4 amd64 0.2.10+dfsg-2 [74.9 kB]
2026-10-06T08:45:09.0167313Z Get:46 http://azure.archive.ubuntu.com/ubuntu noble/universe amd64 libsrt1.5-gnutls amd64 1.5.3-1build2 [316 kB]
2026-10-06T08:45:09.0870351Z Get:47 http://azure.archive.ubuntu.com/ubuntu noble-updates/main amd64 libssh-gcrypt-4 amd64 0.10.6-2ubuntu0.5 [226 kB]
2026-10-06T08:45:09.1553817Z Get:48 http://azure.archive.ubuntu.com/ubuntu noble/universe amd64 libavformat60 amd64 7:6.1.1-3ubuntu5 [1153 kB]
2026-10-06T08:45:09.2423852Z Get:49 http://azure.archive.ubuntu.com/ubuntu noble/universe amd64 libbs2b0 amd64 3.1.0+dfsg-7build1 [10.6 kB]
2026-10-06T08:45:09.3070464Z Get:50 http://azure.archive.ubuntu.com/ubuntu noble/universe amd64 libflite1 amd64 2.2-6build3 [13.6 MB]
2026-10-06T08:45:09.6550407Z Get:51 http://azure.archive.ubuntu.com/ubuntu noble/universe amd64 libserd-0-0 amd64 0.32.2-1 [43.6 kB]
2026-10-06T08:45:09.7208608Z Get:52 http://azure.archive.ubuntu.com/ubuntu noble/universe amd64 libzix-0-0 amd64 0.4.2-2build1 [23.6 kB]
2026-10-06T08:45:09.7855473Z Get:53 http://azure.archive.ubuntu.com/ubuntu noble/universe amd64 libsord-0-0 amd64 0.16.16-2build1 [15.8 kB]
2026-10-06T08:45:09.8538534Z Get:54 http://azure.archive.ubuntu.com/ubuntu noble/universe amd64 libsratom-0-0 amd64 0.6.16-1build1 [17.3 kB]
2026-10-06T08:45:09.9183045Z Get:55 http://azure.archive.ubuntu.com/ubuntu noble/universe amd64 liblilv-0-0 amd64 0.24.22-1build1 [41.0 kB]
2026-10-06T08:45:09.9830577Z Get:56 http://azure.archive.ubuntu.com/ubuntu noble/universe amd64 libmysofa1 amd64 1.3.2+dfsg-2ubuntu2 [1158 kB]
2026-10-06T08:45:10.0556840Z Get:57 http://azure.archive.ubuntu.com/ubuntu noble/universe amd64 libplacebo338 amd64 6.338.2-2build1 [2654 kB]
2026-10-06T08:45:10.1394702Z Get:58 http://azure.archive.ubuntu.com/ubuntu noble-updates/main amd64 libblas3 amd64 3.12.0-3build1.1 [238 kB]
2026-10-06T08:45:10.2054266Z Get:59 http://azure.archive.ubuntu.com/ubuntu noble-updates/main amd64 liblapack3 amd64 3.12.0-3build1.1 [2646 kB]
2026-10-06T08:45:10.3260433Z Get:60 http://azure.archive.ubuntu.com/ubuntu noble/main amd64 libasyncns0 amd64 0.8-6build4 [11.3 kB]
2026-10-06T08:45:10.3905789Z Get:61 http://azure.archive.ubuntu.com/ubuntu noble/main amd64 libflac12t64 amd64 1.4.3+ds-2.1ubuntu2 [197 kB]
2026-10-06T08:45:10.4638412Z Get:62 http://azure.archive.ubuntu.com/ubuntu noble-updates/main amd64 libsndfile1 amd64 1.2.2-1ubuntu5.24.04.1 [209 kB]
2026-10-06T08:45:10.5311796Z Get:63 http://azure.archive.ubuntu.com/ubuntu noble-updates/main amd64 libpulse0 amd64 1:16.1+dfsg1-2ubuntu10.1 [292 kB]
2026-10-06T08:45:10.5999402Z Get:64 http://azure.archive.ubuntu.com/ubuntu noble/universe amd64 libsphinxbase3t64 amd64 0.8+5prealpha+1-17build2 [126 kB]
2026-10-06T08:45:10.6655256Z Get:65 http://azure.archive.ubuntu.com/ubuntu noble/universe amd64 libpocketsphinx3 amd64 0.8.0+real5prealpha+1-15ubuntu5 [133 kB]
2026-10-06T08:45:10.7314750Z Get:66 http://azure.archive.ubuntu.com/ubuntu noble/universe amd64 libpostproc57 amd64 7:6.1.1-3ubuntu5 [49.9 kB]
2026-10-06T08:45:10.7962658Z Get:67 http://azure.archive.ubuntu.com/ubuntu noble/main amd64 libsamplerate0 amd64 0.2.2-4build1 [1344 kB]
2026-10-06T08:45:10.8706921Z Get:68 http://azure.archive.ubuntu.com/ubuntu noble/universe amd64 librubberband2 amd64 3.3.0+dfsg-2build1 [130 kB]
2026-10-06T08:45:10.9998465Z Get:69 http://azure.archive.ubuntu.com/ubuntu noble/universe amd64 libswscale7 amd64 7:6.1.1-3ubuntu5 [193 kB]
2026-10-06T08:45:11.3253367Z Get:70 http://azure.archive.ubuntu.com/ubuntu noble/universe amd64 libvidstab1.1 amd64 1.1.0-2build1 [38.5 kB]
2026-10-06T08:45:11.3983456Z Get:71 http://azure.archive.ubuntu.com/ubuntu noble/universe amd64 libzimg2 amd64 3.0.5+ds1-1build1 [254 kB]
2026-10-06T08:45:11.5273230Z Get:72 http://azure.archive.ubuntu.com/ubuntu noble/universe amd64 libavfilter9 amd64 7:6.1.1-3ubuntu5 [4235 kB]
2026-10-06T08:45:11.6793106Z Get:73 http://azure.archive.ubuntu.com/ubuntu noble-updates/main amd64 libcaca0 amd64 0.99.beta20-4ubuntu0.2 [209 kB]
2026-10-06T08:45:11.7466029Z Get:74 http://azure.archive.ubuntu.com/ubuntu noble-updates/main amd64 libcdio19t64 amd64 2.1.0-4.1ubuntu1.2 [62.4 kB]
2026-10-06T08:45:11.8116419Z Get:75 http://azure.archive.ubuntu.com/ubuntu noble/main amd64 libcdio-cdda2t64 amd64 10.2+2.0.1-1.1build2 [16.5 kB]
2026-10-06T08:45:11.8753908Z Get:76 http://azure.archive.ubuntu.com/ubuntu noble/main amd64 libcdio-paranoia2t64 amd64 10.2+2.0.1-1.1build2 [16.6 kB]
2026-10-06T08:45:11.9387884Z Get:77 http://azure.archive.ubuntu.com/ubuntu noble/universe amd64 libdc1394-25 amd64 2.2.6-4build1 [90.1 kB]
2026-10-06T08:45:12.0036018Z Get:78 http://azure.archive.ubuntu.com/ubuntu noble/main amd64 libiec61883-0 amd64 1.2.0-6build1 [24.5 kB]
2026-10-06T08:45:12.0678661Z Get:79 http://azure.archive.ubuntu.com/ubuntu noble/main amd64 libjack-jackd2-0 amd64 1.9.21~dfsg-3ubuntu3 [289 kB]
2026-10-06T08:45:12.1383935Z Get:80 http://azure.archive.ubuntu.com/ubuntu noble/universe amd64 libopenal-data all 1:1.23.1-4build1 [161 kB]
2026-10-06T08:45:12.2075137Z Get:81 http://azure.archive.ubuntu.com/ubuntu noble/universe amd64 libsndio7.0 amd64 1.9.0-0.3build3 [29.6 kB]
2026-10-06T08:45:12.2729552Z Get:82 http://azure.archive.ubuntu.com/ubuntu noble/universe amd64 libopenal1 amd64 1:1.23.1-4build1 [540 kB]
2026-10-06T08:45:12.3409354Z Get:83 http://azure.archive.ubuntu.com/ubuntu noble/main amd64 libdecor-0-0 amd64 0.2.2-1build2 [16.5 kB]
2026-10-06T08:45:12.4083698Z Get:84 http://azure.archive.ubuntu.com/ubuntu noble-updates/main amd64 libgl1-mesa-dri amd64 25.2.8-0ubuntu0.24.04.4 [38.0 kB]
2026-10-06T08:45:12.4721151Z Get:85 http://azure.archive.ubuntu.com/ubuntu noble-updates/main amd64 libglx-mesa0 amd64 25.2.8-0ubuntu0.24.04.4 [110 kB]
2026-10-06T08:45:12.5366383Z Get:86 http://azure.archive.ubuntu.com/ubuntu noble-updates/main amd64 libgbm1 amd64 25.2.8-0ubuntu0.24.04.4 [34.2 kB]
2026-10-06T08:45:12.6004415Z Get:87 http://azure.archive.ubuntu.com/ubuntu noble-updates/main amd64 mesa-libgallium amd64 25.2.8-0ubuntu0.24.04.4 [10.8 MB]
2026-10-06T08:45:12.8844754Z Get:88 http://azure.archive.ubuntu.com/ubuntu noble-updates/main amd64 libsdl2-2.0-0 amd64 2.30.0+dfsg-1ubuntu3.1 [686 kB]
2026-10-06T08:45:12.9603367Z Get:89 http://azure.archive.ubuntu.com/ubuntu noble/main amd64 libxcb-shape0 amd64 1.15-1ubuntu2 [6100 B]
2026-10-06T08:45:13.0239556Z Get:90 http://azure.archive.ubuntu.com/ubuntu noble/main amd64 libxv1 amd64 2:1.0.11-1.1build1 [10.7 kB]
2026-10-06T08:45:13.0891415Z Get:91 http://azure.archive.ubuntu.com/ubuntu noble/universe amd64 libavdevice60 amd64 7:6.1.1-3ubuntu5 [82.3 kB]
2026-10-06T08:45:13.1532183Z Get:92 http://azure.archive.ubuntu.com/ubuntu noble/universe amd64 ffmpeg amd64 7:6.1.1-3ubuntu5 [1879 kB]
2026-10-06T08:45:13.2585183Z Get:93 http://azure.archive.ubuntu.com/ubuntu noble-updates/universe amd64 libigdgmm12 amd64 22.3.17+ds1-1ubuntu1 [145 kB]
2026-10-06T08:45:13.3926235Z Get:94 http://azure.archive.ubuntu.com/ubuntu noble-updates/universe amd64 intel-media-va-driver amd64 24.1.0+dfsg1-1ubuntu0.2 [3163 kB]
2026-10-06T08:45:13.9847325Z Get:95 http://azure.archive.ubuntu.com/ubuntu noble/universe amd64 libaacs0 amd64 0.11.1-2build1 [62.9 kB]
2026-10-06T08:45:14.0495746Z Get:96 http://azure.archive.ubuntu.com/ubuntu noble/universe amd64 libbdplus0 amd64 0.2.0-3build1 [52.2 kB]
2026-10-06T08:45:14.1143319Z Get:97 http://azure.archive.ubuntu.com/ubuntu noble/main amd64 libdecor-0-plugin-1-gtk amd64 0.2.2-1build2 [22.2 kB]
2026-10-06T08:45:14.1804084Z Get:98 http://azure.archive.ubuntu.com/ubuntu noble/main amd64 librsvg2-common amd64 2.58.0+dfsg-1build1 [11.8 kB]
2026-10-06T08:45:14.2448080Z Get:99 http://azure.archive.ubuntu.com/ubuntu noble-updates/universe amd64 mesa-va-drivers amd64 25.2.8-0ubuntu0.24.04.4 [6778 B]
2026-10-06T08:45:14.3096581Z Get:100 http://azure.archive.ubuntu.com/ubuntu noble-updates/main amd64 mesa-vdpau-drivers amd64 25.2.8-0ubuntu0.24.04.4 [23.4 kB]
2026-10-06T08:45:14.3743589Z Get:101 http://azure.archive.ubuntu.com/ubuntu noble-updates/universe amd64 i965-va-driver amd64 2.4.1+dfsg1-1ubuntu0.2 [332 kB]
2026-10-06T08:45:14.4465194Z Get:102 http://azure.archive.ubuntu.com/ubuntu noble-updates/universe amd64 va-driver-all amd64 2.20.0-2ubuntu0.2 [5014 B]
2026-10-06T08:45:14.5118316Z Get:103 http://azure.archive.ubuntu.com/ubuntu noble/main amd64 vdpau-driver-all amd64 1.5-2build1 [4414 B]
2026-10-06T08:45:14.5767394Z Get:104 http://azure.archive.ubuntu.com/ubuntu noble/universe amd64 pocketsphinx-en-us all 0.8.0+real5prealpha+1-15ubuntu5 [27.4 MB]
2026-10-06T08:45:15.4869101Z Fetched 105 MB in 10s (10.2 MB/s)
2026-10-06T08:45:15.5099967Z Selecting previously unselected package libva2:amd64.
2026-10-06T08:45:15.5372202Z (Reading database ... 
2026-10-06T08:45:15.5372935Z (Reading database ... 5%
2026-10-06T08:45:15.5373502Z (Reading database ... 10%
2026-10-06T08:45:15.5374006Z (Reading database ... 15%
2026-10-06T08:45:15.5374777Z (Reading database ... 20%
2026-10-06T08:45:15.5375120Z (Reading database ... 25%
2026-10-06T08:45:15.5375440Z (Reading database ... 30%
2026-10-06T08:45:15.5375757Z (Reading database ... 35%
2026-10-06T08:45:15.5376077Z (Reading database ... 40%
2026-10-06T08:45:15.5376400Z (Reading database ... 45%
2026-10-06T08:45:15.5376718Z (Reading database ... 50%
2026-10-06T08:45:15.5411763Z (Reading database ... 55%
2026-10-06T08:45:15.6509294Z (Reading database ... 60%
2026-10-06T08:45:15.8393895Z (Reading database ... 65%
2026-10-06T08:45:16.0865270Z (Reading database ... 70%
2026-10-06T08:45:16.2314347Z (Reading database ... 75%
2026-10-06T08:45:16.3482206Z (Reading database ... 80%
2026-10-06T08:45:16.4914007Z (Reading database ... 85%
2026-10-06T08:45:16.6522311Z (Reading database ... 90%
2026-10-06T08:45:16.7891172Z (Reading database ... 95%
2026-10-06T08:45:16.7891729Z (Reading database ... 100%
2026-10-06T08:45:16.7892344Z (Reading database ... 202296 files and directories currently installed.)
2026-10-06T08:45:16.7933982Z Preparing to unpack .../000-libva2_2.20.0-2ubuntu0.2_amd64.deb ...
2026-10-06T08:45:16.7969673Z Unpacking libva2:amd64 (2.20.0-2ubuntu0.2) ...
2026-10-06T08:45:16.8183204Z Selecting previously unselected package libva-drm2:amd64.
2026-10-06T08:45:16.8306076Z Preparing to unpack .../001-libva-drm2_2.20.0-2ubuntu0.2_amd64.deb ...
2026-10-06T08:45:16.8313091Z Unpacking libva-drm2:amd64 (2.20.0-2ubuntu0.2) ...
2026-10-06T08:45:16.8506865Z Selecting previously unselected package libva-x11-2:amd64.
2026-10-06T08:45:16.8631065Z Preparing to unpack .../002-libva-x11-2_2.20.0-2ubuntu0.2_amd64.deb ...
2026-10-06T08:45:16.8638379Z Unpacking libva-x11-2:amd64 (2.20.0-2ubuntu0.2) ...
2026-10-06T08:45:16.8834445Z Selecting previously unselected package libvdpau1:amd64.
2026-10-06T08:45:16.8957836Z Preparing to unpack .../003-libvdpau1_1.5-2build1_amd64.deb ...
2026-10-06T08:45:16.8964794Z Unpacking libvdpau1:amd64 (1.5-2build1) ...
2026-10-06T08:45:16.9173122Z Selecting previously unselected package libvpl2.
2026-10-06T08:45:16.9294879Z Preparing to unpack .../004-libvpl2_2023.3.0-1build1_amd64.deb ...
2026-10-06T08:45:16.9301833Z Unpacking libvpl2 (2023.3.0-1build1) ...
2026-10-06T08:45:16.9506055Z Selecting previously unselected package ocl-icd-libopencl1:amd64.
2026-10-06T08:45:16.9628062Z Preparing to unpack .../005-ocl-icd-libopencl1_2.3.2-1build1_amd64.deb ...
2026-10-06T08:45:16.9634683Z Unpacking ocl-icd-libopencl1:amd64 (2.3.2-1build1) ...
2026-10-06T08:45:16.9877686Z Selecting previously unselected package libavutil58:amd64.
2026-10-06T08:45:17.0000114Z Preparing to unpack .../006-libavutil58_7%3a6.1.1-3ubuntu5_amd64.deb ...
2026-10-06T08:45:17.0006848Z Unpacking libavutil58:amd64 (7:6.1.1-3ubuntu5) ...
2026-10-06T08:45:17.0242163Z Selecting previously unselected package libcodec2-1.2:amd64.
2026-10-06T08:45:17.0364670Z Preparing to unpack .../007-libcodec2-1.2_1.2.0-2build1_amd64.deb ...
2026-10-06T08:45:17.0372325Z Unpacking libcodec2-1.2:amd64 (1.2.0-2build1) ...
2026-10-06T08:45:17.1097657Z Selecting previously unselected package libdav1d7:amd64.
2026-10-06T08:45:17.1223429Z Preparing to unpack .../008-libdav1d7_1.4.1-1build1_amd64.deb ...
2026-10-06T08:45:17.1231540Z Unpacking libdav1d7:amd64 (1.4.1-1build1) ...
2026-10-06T08:45:17.1499257Z Selecting previously unselected package libgsm1:amd64.
2026-10-06T08:45:17.1624656Z Preparing to unpack .../009-libgsm1_1.0.22-1build1_amd64.deb ...
2026-10-06T08:45:17.1632216Z Unpacking libgsm1:amd64 (1.0.22-1build1) ...
2026-10-06T08:45:17.1838030Z Selecting previously unselected package libhwy1t64:amd64.
2026-10-06T08:45:17.1966502Z Preparing to unpack .../010-libhwy1t64_1.0.7-8.1build1_amd64.deb ...
2026-10-06T08:45:17.1973991Z Unpacking libhwy1t64:amd64 (1.0.7-8.1build1) ...
2026-10-06T08:45:17.2285406Z Selecting previously unselected package libjxl0.7:amd64.
2026-10-06T08:45:17.2410609Z Preparing to unpack .../011-libjxl0.7_0.7.0-10.2ubuntu6.1_amd64.deb ...
2026-10-06T08:45:17.2418607Z Unpacking libjxl0.7:amd64 (0.7.0-10.2ubuntu6.1) ...
2026-10-06T08:45:17.2736794Z Selecting previously unselected package libmp3lame0:amd64.
2026-10-06T08:45:17.2863320Z Preparing to unpack .../012-libmp3lame0_3.100-6build1_amd64.deb ...
2026-10-06T08:45:17.2871298Z Unpacking libmp3lame0:amd64 (3.100-6build1) ...
2026-10-06T08:45:17.3086355Z Selecting previously unselected package libopus0:amd64.
2026-10-06T08:45:17.3211890Z Preparing to unpack .../013-libopus0_1.4-1build1_amd64.deb ...
2026-10-06T08:45:17.3218895Z Unpacking libopus0:amd64 (1.4-1build1) ...
2026-10-06T08:45:17.3432053Z Selecting previously unselected package librav1e0:amd64.
2026-10-06T08:45:17.3555939Z Preparing to unpack .../014-librav1e0_0.7.1-2_amd64.deb ...
2026-10-06T08:45:17.3562865Z Unpacking librav1e0:amd64 (0.7.1-2) ...
2026-10-06T08:45:17.3870725Z Selecting previously unselected package librsvg2-2:amd64.
2026-10-06T08:45:17.4000986Z Preparing to unpack .../015-librsvg2-2_2.58.0+dfsg-1build1_amd64.deb ...
2026-10-06T08:45:17.4007740Z Unpacking librsvg2-2:amd64 (2.58.0+dfsg-1build1) ...
2026-10-06T08:45:17.4457254Z Selecting previously unselected package libshine3:amd64.
2026-10-06T08:45:17.4583252Z Preparing to unpack .../016-libshine3_3.1.1-2build1_amd64.deb ...
2026-10-06T08:45:17.4591436Z Unpacking libshine3:amd64 (3.1.1-2build1) ...
2026-10-06T08:45:17.4778742Z Selecting previously unselected package libspeex1:amd64.
2026-10-06T08:45:17.4903458Z Preparing to unpack .../017-libspeex1_1.2.1-2ubuntu2.24.04.1_amd64.deb ...
2026-10-06T08:45:17.4912624Z Unpacking libspeex1:amd64 (1.2.1-2ubuntu2.24.04.1) ...
2026-10-06T08:45:17.5103103Z Selecting previously unselected package libsvtav1enc1d1:amd64.
2026-10-06T08:45:17.5229835Z Preparing to unpack .../018-libsvtav1enc1d1_1.7.0+dfsg-2build1_amd64.deb ...
2026-10-06T08:45:17.5243632Z Unpacking libsvtav1enc1d1:amd64 (1.7.0+dfsg-2build1) ...
2026-10-06T08:45:17.5735769Z Selecting previously unselected package libsoxr0:amd64.
2026-10-06T08:45:17.5862882Z Preparing to unpack .../019-libsoxr0_0.1.3-4build3_amd64.deb ...
2026-10-06T08:45:17.5870921Z Unpacking libsoxr0:amd64 (0.1.3-4build3) ...
2026-10-06T08:45:17.6076123Z Selecting previously unselected package libswresample4:amd64.
2026-10-06T08:45:17.6203131Z Preparing to unpack .../020-libswresample4_7%3a6.1.1-3ubuntu5_amd64.deb ...
2026-10-06T08:45:17.6211238Z Unpacking libswresample4:amd64 (7:6.1.1-3ubuntu5) ...
2026-10-06T08:45:17.6413039Z Selecting previously unselected package libtheora0:amd64.
2026-10-06T08:45:17.6538159Z Preparing to unpack .../021-libtheora0_1.1.1+dfsg.1-16.1build3_amd64.deb ...
2026-10-06T08:45:17.6547223Z Unpacking libtheora0:amd64 (1.1.1+dfsg.1-16.1build3) ...
2026-10-06T08:45:17.6776894Z Selecting previously unselected package libtwolame0:amd64.
2026-10-06T08:45:17.6903618Z Preparing to unpack .../022-libtwolame0_0.4.0-2build3_amd64.deb ...
2026-10-06T08:45:17.6909315Z Unpacking libtwolame0:amd64 (0.4.0-2build3) ...
2026-10-06T08:45:17.7108256Z Selecting previously unselected package libvorbisenc2:amd64.
2026-10-06T08:45:17.7233029Z Preparing to unpack .../023-libvorbisenc2_1.3.7-1build3_amd64.deb ...
2026-10-06T08:45:17.7239912Z Unpacking libvorbisenc2:amd64 (1.3.7-1build3) ...
2026-10-06T08:45:17.7487696Z Selecting previously unselected package libvpx9:amd64.
2026-10-06T08:45:17.7613233Z Preparing to unpack .../024-libvpx9_1.14.0-1ubuntu2.3_amd64.deb ...
2026-10-06T08:45:17.7620902Z Unpacking libvpx9:amd64 (1.14.0-1ubuntu2.3) ...
2026-10-06T08:45:17.7941599Z Selecting previously unselected package libx264-164:amd64.
2026-10-06T08:45:17.8066265Z Preparing to unpack .../025-libx264-164_2%3a0.164.3108+git31e19f9-1_amd64.deb ...
2026-10-06T08:45:17.8073049Z Unpacking libx264-164:amd64 (2:0.164.3108+git31e19f9-1) ...
2026-10-06T08:45:17.8329726Z Selecting previously unselected package libx265-199:amd64.
2026-10-06T08:45:17.8455802Z Preparing to unpack .../026-libx265-199_3.5-2build1_amd64.deb ...
2026-10-06T08:45:17.8462417Z Unpacking libx265-199:amd64 (3.5-2build1) ...
2026-10-06T08:45:17.9140596Z Selecting previously unselected package libxvidcore4:amd64.
2026-10-06T08:45:17.9265841Z Preparing to unpack .../027-libxvidcore4_2%3a1.3.7-1build1_amd64.deb ...
2026-10-06T08:45:17.9272814Z Unpacking libxvidcore4:amd64 (2:1.3.7-1build1) ...
2026-10-06T08:45:17.9481502Z Selecting previously unselected package libzvbi-common.
2026-10-06T08:45:17.9613083Z Preparing to unpack .../028-libzvbi-common_0.2.42-2_all.deb ...
2026-10-06T08:45:17.9620622Z Unpacking libzvbi-common (0.2.42-2) ...
2026-10-06T08:45:17.9909001Z Selecting previously unselected package libzvbi0t64:amd64.
2026-10-06T08:45:18.0036971Z Preparing to unpack .../029-libzvbi0t64_0.2.42-2_amd64.deb ...
2026-10-06T08:45:18.0043720Z Unpacking libzvbi0t64:amd64 (0.2.42-2) ...
2026-10-06T08:45:18.0269282Z Selecting previously unselected package libavcodec60:amd64.
2026-10-06T08:45:18.0391798Z Preparing to unpack .../030-libavcodec60_7%3a6.1.1-3ubuntu5_amd64.deb ...
2026-10-06T08:45:18.0398037Z Unpacking libavcodec60:amd64 (7:6.1.1-3ubuntu5) ...
2026-10-06T08:45:18.1212933Z Selecting previously unselected package libraw1394-11:amd64.
2026-10-06T08:45:18.1339682Z Preparing to unpack .../031-libraw1394-11_2.1.2-2build3_amd64.deb ...
2026-10-06T08:45:18.1348128Z Unpacking libraw1394-11:amd64 (2.1.2-2build3) ...
2026-10-06T08:45:18.1547863Z Selecting previously unselected package libavc1394-0:amd64.
2026-10-06T08:45:18.1676505Z Preparing to unpack .../032-libavc1394-0_0.5.4-5build3_amd64.deb ...
2026-10-06T08:45:18.1684142Z Unpacking libavc1394-0:amd64 (0.5.4-5build3) ...
2026-10-06T08:45:18.1921627Z Selecting previously unselected package libunibreak5:amd64.
2026-10-06T08:45:18.2050483Z Preparing to unpack .../033-libunibreak5_5.1-2build1_amd64.deb ...
2026-10-06T08:45:18.2057986Z Unpacking libunibreak5:amd64 (5.1-2build1) ...
2026-10-06T08:45:18.2259358Z Selecting previously unselected package libass9:amd64.
2026-10-06T08:45:18.2387692Z Preparing to unpack .../034-libass9_1%3a0.17.1-2build1_amd64.deb ...
2026-10-06T08:45:18.2394984Z Unpacking libass9:amd64 (1:0.17.1-2build1) ...
2026-10-06T08:45:18.2599501Z Selecting previously unselected package libudfread0:amd64.
2026-10-06T08:45:18.2725601Z Preparing to unpack .../035-libudfread0_1.1.2-1build1_amd64.deb ...
2026-10-06T08:45:18.2733025Z Unpacking libudfread0:amd64 (1.1.2-1build1) ...
2026-10-06T08:45:18.2940530Z Selecting previously unselected package libbluray2:amd64.
2026-10-06T08:45:18.3070575Z Preparing to unpack .../036-libbluray2_1%3a1.3.4-1build1_amd64.deb ...
2026-10-06T08:45:18.3079133Z Unpacking libbluray2:amd64 (1:1.3.4-1build1) ...
2026-10-06T08:45:18.3294650Z Selecting previously unselected package libchromaprint1:amd64.
2026-10-06T08:45:18.3421229Z Preparing to unpack .../037-libchromaprint1_1.5.1-5_amd64.deb ...
2026-10-06T08:45:18.3428781Z Unpacking libchromaprint1:amd64 (1.5.1-5) ...
2026-10-06T08:45:18.3626911Z Selecting previously unselected package libgme0:amd64.
2026-10-06T08:45:18.3751437Z Preparing to unpack .../038-libgme0_0.6.3-7build1_amd64.deb ...
2026-10-06T08:45:18.3758697Z Unpacking libgme0:amd64 (0.6.3-7build1) ...
2026-10-06T08:45:18.3962415Z Selecting previously unselected package libmpg123-0t64:amd64.
2026-10-06T08:45:18.4089981Z Preparing to unpack .../039-libmpg123-0t64_1.32.5-1ubuntu1.1_amd64.deb ...
2026-10-06T08:45:18.4122362Z Unpacking libmpg123-0t64:amd64 (1.32.5-1ubuntu1.1) ...
2026-10-06T08:45:18.4337108Z Selecting previously unselected package libopenmpt0t64:amd64.
2026-10-06T08:45:18.4460371Z Preparing to unpack .../040-libopenmpt0t64_0.7.3-1.1build3_amd64.deb ...
2026-10-06T08:45:18.4467359Z Unpacking libopenmpt0t64:amd64 (0.7.3-1.1build3) ...
2026-10-06T08:45:18.4730126Z Selecting previously unselected package libcjson1:amd64.
2026-10-06T08:45:18.4852950Z Preparing to unpack .../041-libcjson1_1.7.17-1_amd64.deb ...
2026-10-06T08:45:18.4859988Z Unpacking libcjson1:amd64 (1.7.17-1) ...
2026-10-06T08:45:18.5059378Z Selecting previously unselected package libmbedcrypto7t64:amd64.
2026-10-06T08:45:18.5184155Z Preparing to unpack .../042-libmbedcrypto7t64_2.28.8-1_amd64.deb ...
2026-10-06T08:45:18.5239911Z Unpacking libmbedcrypto7t64:amd64 (2.28.8-1) ...
2026-10-06T08:45:18.5459444Z Selecting previously unselected package librist4:amd64.
2026-10-06T08:45:18.5581839Z Preparing to unpack .../043-librist4_0.2.10+dfsg-2_amd64.deb ...
2026-10-06T08:45:18.5589119Z Unpacking librist4:amd64 (0.2.10+dfsg-2) ...
2026-10-06T08:45:18.5786908Z Selecting previously unselected package libsrt1.5-gnutls:amd64.
2026-10-06T08:45:18.5911621Z Preparing to unpack .../044-libsrt1.5-gnutls_1.5.3-1build2_amd64.deb ...
2026-10-06T08:45:18.5919845Z Unpacking libsrt1.5-gnutls:amd64 (1.5.3-1build2) ...
2026-10-06T08:45:18.6153182Z Selecting previously unselected package libssh-gcrypt-4:amd64.
2026-10-06T08:45:18.6278598Z Preparing to unpack .../045-libssh-gcrypt-4_0.10.6-2ubuntu0.5_amd64.deb ...
2026-10-06T08:45:18.6305780Z Unpacking libssh-gcrypt-4:amd64 (0.10.6-2ubuntu0.5) ...
2026-10-06T08:45:18.6523147Z Selecting previously unselected package libavformat60:amd64.
2026-10-06T08:45:18.6649931Z Preparing to unpack .../046-libavformat60_7%3a6.1.1-3ubuntu5_amd64.deb ...
2026-10-06T08:45:18.6657796Z Unpacking libavformat60:amd64 (7:6.1.1-3ubuntu5) ...
2026-10-06T08:45:18.6959922Z Selecting previously unselected package libbs2b0:amd64.
2026-10-06T08:45:18.7086367Z Preparing to unpack .../047-libbs2b0_3.1.0+dfsg-7build1_amd64.deb ...
2026-10-06T08:45:18.7094379Z Unpacking libbs2b0:amd64 (3.1.0+dfsg-7build1) ...
2026-10-06T08:45:18.7307319Z Selecting previously unselected package libflite1:amd64.
2026-10-06T08:45:18.7435003Z Preparing to unpack .../048-libflite1_2.2-6build3_amd64.deb ...
2026-10-06T08:45:18.7443429Z Unpacking libflite1:amd64 (2.2-6build3) ...
2026-10-06T08:45:18.8544562Z Selecting previously unselected package libserd-0-0:amd64.
2026-10-06T08:45:18.8667524Z Preparing to unpack .../049-libserd-0-0_0.32.2-1_amd64.deb ...
2026-10-06T08:45:18.8675509Z Unpacking libserd-0-0:amd64 (0.32.2-1) ...
2026-10-06T08:45:18.8872551Z Selecting previously unselected package libzix-0-0:amd64.
2026-10-06T08:45:18.8999289Z Preparing to unpack .../050-libzix-0-0_0.4.2-2build1_amd64.deb ...
2026-10-06T08:45:18.9006654Z Unpacking libzix-0-0:amd64 (0.4.2-2build1) ...
2026-10-06T08:45:18.9204388Z Selecting previously unselected package libsord-0-0:amd64.
2026-10-06T08:45:18.9328126Z Preparing to unpack .../051-libsord-0-0_0.16.16-2build1_amd64.deb ...
2026-10-06T08:45:18.9335514Z Unpacking libsord-0-0:amd64 (0.16.16-2build1) ...
2026-10-06T08:45:18.9531925Z Selecting previously unselected package libsratom-0-0:amd64.
2026-10-06T08:45:18.9657750Z Preparing to unpack .../052-libsratom-0-0_0.6.16-1build1_amd64.deb ...
2026-10-06T08:45:18.9665890Z Unpacking libsratom-0-0:amd64 (0.6.16-1build1) ...
2026-10-06T08:45:18.9865837Z Selecting previously unselected package liblilv-0-0:amd64.
2026-10-06T08:45:18.9990657Z Preparing to unpack .../053-liblilv-0-0_0.24.22-1build1_amd64.deb ...
2026-10-06T08:45:18.9998052Z Unpacking liblilv-0-0:amd64 (0.24.22-1build1) ...
2026-10-06T08:45:19.0199530Z Selecting previously unselected package libmysofa1:amd64.
2026-10-06T08:45:19.0324222Z Preparing to unpack .../054-libmysofa1_1.3.2+dfsg-2ubuntu2_amd64.deb ...
2026-10-06T08:45:19.0330861Z Unpacking libmysofa1:amd64 (1.3.2+dfsg-2ubuntu2) ...
2026-10-06T08:45:19.0571244Z Selecting previously unselected package libplacebo338:amd64.
2026-10-06T08:45:19.0697438Z Preparing to unpack .../055-libplacebo338_6.338.2-2build1_amd64.deb ...
2026-10-06T08:45:19.0704431Z Unpacking libplacebo338:amd64 (6.338.2-2build1) ...
2026-10-06T08:45:19.1223756Z Selecting previously unselected package libblas3:amd64.
2026-10-06T08:45:19.1348179Z Preparing to unpack .../056-libblas3_3.12.0-3build1.1_amd64.deb ...
2026-10-06T08:45:19.1376312Z Unpacking libblas3:amd64 (3.12.0-3build1.1) ...
2026-10-06T08:45:19.1604726Z Selecting previously unselected package liblapack3:amd64.
2026-10-06T08:45:19.1728334Z Preparing to unpack .../057-liblapack3_3.12.0-3build1.1_amd64.deb ...
2026-10-06T08:45:19.1757744Z Unpacking liblapack3:amd64 (3.12.0-3build1.1) ...
2026-10-06T08:45:19.2235390Z Selecting previously unselected package libasyncns0:amd64.
2026-10-06T08:45:19.2359992Z Preparing to unpack .../058-libasyncns0_0.8-6build4_amd64.deb ...
2026-10-06T08:45:19.2367532Z Unpacking libasyncns0:amd64 (0.8-6build4) ...
2026-10-06T08:45:19.2561422Z Selecting previously unselected package libflac12t64:amd64.
2026-10-06T08:45:19.2688008Z Preparing to unpack .../059-libflac12t64_1.4.3+ds-2.1ubuntu2_amd64.deb ...
2026-10-06T08:45:19.2695467Z Unpacking libflac12t64:amd64 (1.4.3+ds-2.1ubuntu2) ...
2026-10-06T08:45:19.2915879Z Selecting previously unselected package libsndfile1:amd64.
2026-10-06T08:45:19.3046760Z Preparing to unpack .../060-libsndfile1_1.2.2-1ubuntu5.24.04.1_amd64.deb ...
2026-10-06T08:45:19.3054583Z Unpacking libsndfile1:amd64 (1.2.2-1ubuntu5.24.04.1) ...
2026-10-06T08:45:19.3289360Z Selecting previously unselected package libpulse0:amd64.
2026-10-06T08:45:19.3420725Z Preparing to unpack .../061-libpulse0_1%3a16.1+dfsg1-2ubuntu10.1_amd64.deb ...
2026-10-06T08:45:19.3484630Z Unpacking libpulse0:amd64 (1:16.1+dfsg1-2ubuntu10.1) ...
2026-10-06T08:45:19.3733158Z Selecting previously unselected package libsphinxbase3t64:amd64.
2026-10-06T08:45:19.3860888Z Preparing to unpack .../062-libsphinxbase3t64_0.8+5prealpha+1-17build2_amd64.deb ...
2026-10-06T08:45:19.3870533Z Unpacking libsphinxbase3t64:amd64 (0.8+5prealpha+1-17build2) ...
2026-10-06T08:45:19.4087793Z Selecting previously unselected package libpocketsphinx3:amd64.
2026-10-06T08:45:19.4217474Z Preparing to unpack .../063-libpocketsphinx3_0.8.0+real5prealpha+1-15ubuntu5_amd64.deb ...
2026-10-06T08:45:19.4225724Z Unpacking libpocketsphinx3:amd64 (0.8.0+real5prealpha+1-15ubuntu5) ...
2026-10-06T08:45:19.4438028Z Selecting previously unselected package libpostproc57:amd64.
2026-10-06T08:45:19.4563654Z Preparing to unpack .../064-libpostproc57_7%3a6.1.1-3ubuntu5_amd64.deb ...
2026-10-06T08:45:19.4570832Z Unpacking libpostproc57:amd64 (7:6.1.1-3ubuntu5) ...
2026-10-06T08:45:19.4773056Z Selecting previously unselected package libsamplerate0:amd64.
2026-10-06T08:45:19.4903862Z Preparing to unpack .../065-libsamplerate0_0.2.2-4build1_amd64.deb ...
2026-10-06T08:45:19.4911006Z Unpacking libsamplerate0:amd64 (0.2.2-4build1) ...
2026-10-06T08:45:19.5185175Z Selecting previously unselected package librubberband2:amd64.
2026-10-06T08:45:19.5317295Z Preparing to unpack .../066-librubberband2_3.3.0+dfsg-2build1_amd64.deb ...
2026-10-06T08:45:19.5325378Z Unpacking librubberband2:amd64 (3.3.0+dfsg-2build1) ...
2026-10-06T08:45:19.5537320Z Selecting previously unselected package libswscale7:amd64.
2026-10-06T08:45:19.5668992Z Preparing to unpack .../067-libswscale7_7%3a6.1.1-3ubuntu5_amd64.deb ...
2026-10-06T08:45:19.5677328Z Unpacking libswscale7:amd64 (7:6.1.1-3ubuntu5) ...
2026-10-06T08:45:19.5894372Z Selecting previously unselected package libvidstab1.1:amd64.
2026-10-06T08:45:19.6016106Z Preparing to unpack .../068-libvidstab1.1_1.1.0-2build1_amd64.deb ...
2026-10-06T08:45:19.6023421Z Unpacking libvidstab1.1:amd64 (1.1.0-2build1) ...
2026-10-06T08:45:19.6290494Z Selecting previously unselected package libzimg2:amd64.
2026-10-06T08:45:19.6411287Z Preparing to unpack .../069-libzimg2_3.0.5+ds1-1build1_amd64.deb ...
2026-10-06T08:45:19.6419070Z Unpacking libzimg2:amd64 (3.0.5+ds1-1build1) ...
2026-10-06T08:45:19.6638330Z Selecting previously unselected package libavfilter9:amd64.
2026-10-06T08:45:19.6759420Z Preparing to unpack .../070-libavfilter9_7%3a6.1.1-3ubuntu5_amd64.deb ...
2026-10-06T08:45:19.6766840Z Unpacking libavfilter9:amd64 (7:6.1.1-3ubuntu5) ...
2026-10-06T08:45:19.7435595Z Selecting previously unselected package libcaca0:amd64.
2026-10-06T08:45:19.7561781Z Preparing to unpack .../071-libcaca0_0.99.beta20-4ubuntu0.2_amd64.deb ...
2026-10-06T08:45:19.7569307Z Unpacking libcaca0:amd64 (0.99.beta20-4ubuntu0.2) ...
2026-10-06T08:45:19.7802988Z Selecting previously unselected package libcdio19t64:amd64.
2026-10-06T08:45:19.7929361Z Preparing to unpack .../072-libcdio19t64_2.1.0-4.1ubuntu1.2_amd64.deb ...
2026-10-06T08:45:19.7936491Z Unpacking libcdio19t64:amd64 (2.1.0-4.1ubuntu1.2) ...
2026-10-06T08:45:19.8140650Z Selecting previously unselected package libcdio-cdda2t64:amd64.
2026-10-06T08:45:19.8264870Z Preparing to unpack .../073-libcdio-cdda2t64_10.2+2.0.1-1.1build2_amd64.deb ...
2026-10-06T08:45:19.8271598Z Unpacking libcdio-cdda2t64:amd64 (10.2+2.0.1-1.1build2) ...
2026-10-06T08:45:19.8465867Z Selecting previously unselected package libcdio-paranoia2t64:amd64.
2026-10-06T08:45:19.8591576Z Preparing to unpack .../074-libcdio-paranoia2t64_10.2+2.0.1-1.1build2_amd64.deb ...
2026-10-06T08:45:19.8599384Z Unpacking libcdio-paranoia2t64:amd64 (10.2+2.0.1-1.1build2) ...
2026-10-06T08:45:19.8793257Z Selecting previously unselected package libdc1394-25:amd64.
2026-10-06T08:45:19.8917248Z Preparing to unpack .../075-libdc1394-25_2.2.6-4build1_amd64.deb ...
2026-10-06T08:45:19.8924203Z Unpacking libdc1394-25:amd64 (2.2.6-4build1) ...
2026-10-06T08:45:19.9125607Z Selecting previously unselected package libiec61883-0:amd64.
2026-10-06T08:45:19.9247999Z Preparing to unpack .../076-libiec61883-0_1.2.0-6build1_amd64.deb ...
2026-10-06T08:45:19.9256865Z Unpacking libiec61883-0:amd64 (1.2.0-6build1) ...
2026-10-06T08:45:19.9449447Z Selecting previously unselected package libjack-jackd2-0:amd64.
2026-10-06T08:45:19.9571320Z Preparing to unpack .../077-libjack-jackd2-0_1.9.21~dfsg-3ubuntu3_amd64.deb ...
2026-10-06T08:45:19.9604752Z Unpacking libjack-jackd2-0:amd64 (1.9.21~dfsg-3ubuntu3) ...
2026-10-06T08:45:19.9856066Z Selecting previously unselected package libopenal-data.
2026-10-06T08:45:19.9980449Z Preparing to unpack .../078-libopenal-data_1%3a1.23.1-4build1_all.deb ...
2026-10-06T08:45:19.9989121Z Unpacking libopenal-data (1:1.23.1-4build1) ...
2026-10-06T08:45:20.0251901Z Selecting previously unselected package libsndio7.0:amd64.
2026-10-06T08:45:20.0374157Z Preparing to unpack .../079-libsndio7.0_1.9.0-0.3build3_amd64.deb ...
2026-10-06T08:45:20.0381324Z Unpacking libsndio7.0:amd64 (1.9.0-0.3build3) ...
2026-10-06T08:45:20.0582303Z Selecting previously unselected package libopenal1:amd64.
2026-10-06T08:45:20.0712200Z Preparing to unpack .../080-libopenal1_1%3a1.23.1-4build1_amd64.deb ...
2026-10-06T08:45:20.0720697Z Unpacking libopenal1:amd64 (1:1.23.1-4build1) ...
2026-10-06T08:45:20.1009830Z Selecting previously unselected package libdecor-0-0:amd64.
2026-10-06T08:45:20.1133019Z Preparing to unpack .../081-libdecor-0-0_0.2.2-1build2_amd64.deb ...
2026-10-06T08:45:20.1140037Z Unpacking libdecor-0-0:amd64 (0.2.2-1build2) ...
2026-10-06T08:45:20.1460344Z Preparing to unpack .../082-libgl1-mesa-dri_25.2.8-0ubuntu0.24.04.4_amd64.deb ...
2026-10-06T08:45:20.1852567Z Unpacking libgl1-mesa-dri:amd64 (25.2.8-0ubuntu0.24.04.4) over (25.2.8-0ubuntu0.24.04.2) ...
2026-10-06T08:45:20.2335859Z Preparing to unpack .../083-libglx-mesa0_25.2.8-0ubuntu0.24.04.4_amd64.deb ...
2026-10-06T08:45:20.2359424Z Unpacking libglx-mesa0:amd64 (25.2.8-0ubuntu0.24.04.4) over (25.2.8-0ubuntu0.24.04.2) ...
2026-10-06T08:45:20.2720095Z Preparing to unpack .../084-libgbm1_25.2.8-0ubuntu0.24.04.4_amd64.deb ...
2026-10-06T08:45:20.2745291Z Unpacking libgbm1:amd64 (25.2.8-0ubuntu0.24.04.4) over (25.2.8-0ubuntu0.24.04.2) ...
2026-10-06T08:45:20.3112688Z Preparing to unpack .../085-mesa-libgallium_25.2.8-0ubuntu0.24.04.4_amd64.deb ...
2026-10-06T08:45:20.3141385Z Unpacking mesa-libgallium:amd64 (25.2.8-0ubuntu0.24.04.4) over (25.2.8-0ubuntu0.24.04.2) ...
2026-10-06T08:45:20.4828324Z Selecting previously unselected package libsdl2-2.0-0:amd64.
2026-10-06T08:45:20.4959733Z Preparing to unpack .../086-libsdl2-2.0-0_2.30.0+dfsg-1ubuntu3.1_amd64.deb ...
2026-10-06T08:45:20.4968110Z Unpacking libsdl2-2.0-0:amd64 (2.30.0+dfsg-1ubuntu3.1) ...
2026-10-06T08:45:20.5275521Z Selecting previously unselected package libxcb-shape0:amd64.
2026-10-06T08:45:20.5402573Z Preparing to unpack .../087-libxcb-shape0_1.15-1ubuntu2_amd64.deb ...
2026-10-06T08:45:20.5413136Z Unpacking libxcb-shape0:amd64 (1.15-1ubuntu2) ...
2026-10-06T08:45:20.5614231Z Selecting previously unselected package libxv1:amd64.
2026-10-06T08:45:20.5745584Z Preparing to unpack .../088-libxv1_2%3a1.0.11-1.1build1_amd64.deb ...
2026-10-06T08:45:20.5753449Z Unpacking libxv1:amd64 (2:1.0.11-1.1build1) ...
2026-10-06T08:45:20.5953420Z Selecting previously unselected package libavdevice60:amd64.
2026-10-06T08:45:20.6077783Z Preparing to unpack .../089-libavdevice60_7%3a6.1.1-3ubuntu5_amd64.deb ...
2026-10-06T08:45:20.6085309Z Unpacking libavdevice60:amd64 (7:6.1.1-3ubuntu5) ...
2026-10-06T08:45:20.6312343Z Selecting previously unselected package ffmpeg.
2026-10-06T08:45:20.6436325Z Preparing to unpack .../090-ffmpeg_7%3a6.1.1-3ubuntu5_amd64.deb ...
2026-10-06T08:45:20.6446367Z Unpacking ffmpeg (7:6.1.1-3ubuntu5) ...
2026-10-06T08:45:20.6835419Z Selecting previously unselected package libigdgmm12:amd64.
2026-10-06T08:45:20.6960460Z Preparing to unpack .../091-libigdgmm12_22.3.17+ds1-1ubuntu1_amd64.deb ...
2026-10-06T08:45:20.6970851Z Unpacking libigdgmm12:amd64 (22.3.17+ds1-1ubuntu1) ...
2026-10-06T08:45:20.7178520Z Selecting previously unselected package intel-media-va-driver:amd64.
2026-10-06T08:45:20.7302866Z Preparing to unpack .../092-intel-media-va-driver_24.1.0+dfsg1-1ubuntu0.2_amd64.deb ...
2026-10-06T08:45:20.7325657Z Unpacking intel-media-va-driver:amd64 (24.1.0+dfsg1-1ubuntu0.2) ...
2026-10-06T08:45:20.7967032Z Selecting previously unselected package libaacs0:amd64.
2026-10-06T08:45:20.8094088Z Preparing to unpack .../093-libaacs0_0.11.1-2build1_amd64.deb ...
2026-10-06T08:45:20.8103866Z Unpacking libaacs0:amd64 (0.11.1-2build1) ...
2026-10-06T08:45:20.8305243Z Selecting previously unselected package libbdplus0:amd64.
2026-10-06T08:45:20.8432190Z Preparing to unpack .../094-libbdplus0_0.2.0-3build1_amd64.deb ...
2026-10-06T08:45:20.8446146Z Unpacking libbdplus0:amd64 (0.2.0-3build1) ...
2026-10-06T08:45:20.8634262Z Selecting previously unselected package libdecor-0-plugin-1-gtk:amd64.
2026-10-06T08:45:20.8757818Z Preparing to unpack .../095-libdecor-0-plugin-1-gtk_0.2.2-1build2_amd64.deb ...
2026-10-06T08:45:20.8764453Z Unpacking libdecor-0-plugin-1-gtk:amd64 (0.2.2-1build2) ...
2026-10-06T08:45:20.8953928Z Selecting previously unselected package librsvg2-common:amd64.
2026-10-06T08:45:20.9076882Z Preparing to unpack .../096-librsvg2-common_2.58.0+dfsg-1build1_amd64.deb ...
2026-10-06T08:45:20.9083596Z Unpacking librsvg2-common:amd64 (2.58.0+dfsg-1build1) ...
2026-10-06T08:45:20.9289348Z Selecting previously unselected package mesa-va-drivers:amd64.
2026-10-06T08:45:20.9411204Z Preparing to unpack .../097-mesa-va-drivers_25.2.8-0ubuntu0.24.04.4_amd64.deb ...
2026-10-06T08:45:20.9417113Z Unpacking mesa-va-drivers:amd64 (25.2.8-0ubuntu0.24.04.4) ...
2026-10-06T08:45:20.9649254Z Selecting previously unselected package mesa-vdpau-drivers:amd64.
2026-10-06T08:45:20.9772863Z Preparing to unpack .../098-mesa-vdpau-drivers_25.2.8-0ubuntu0.24.04.4_amd64.deb ...
2026-10-06T08:45:20.9780384Z Unpacking mesa-vdpau-drivers:amd64 (25.2.8-0ubuntu0.24.04.4) ...
2026-10-06T08:45:20.9981081Z Selecting previously unselected package i965-va-driver:amd64.
2026-10-06T08:45:21.0104057Z Preparing to unpack .../099-i965-va-driver_2.4.1+dfsg1-1ubuntu0.2_amd64.deb ...
2026-10-06T08:45:21.0109692Z Unpacking i965-va-driver:amd64 (2.4.1+dfsg1-1ubuntu0.2) ...
2026-10-06T08:45:21.0349714Z Selecting previously unselected package va-driver-all:amd64.
2026-10-06T08:45:21.0472798Z Preparing to unpack .../100-va-driver-all_2.20.0-2ubuntu0.2_amd64.deb ...
2026-10-06T08:45:21.0478352Z Unpacking va-driver-all:amd64 (2.20.0-2ubuntu0.2) ...
2026-10-06T08:45:21.0657270Z Selecting previously unselected package vdpau-driver-all:amd64.
2026-10-06T08:45:21.0783071Z Preparing to unpack .../101-vdpau-driver-all_1.5-2build1_amd64.deb ...
2026-10-06T08:45:21.0789289Z Unpacking vdpau-driver-all:amd64 (1.5-2build1) ...
2026-10-06T08:45:21.0975217Z Selecting previously unselected package pocketsphinx-en-us.
2026-10-06T08:45:21.1098269Z Preparing to unpack .../102-pocketsphinx-en-us_0.8.0+real5prealpha+1-15ubuntu5_all.deb ...
2026-10-06T08:45:21.1107036Z Unpacking pocketsphinx-en-us (0.8.0+real5prealpha+1-15ubuntu5) ...
2026-10-06T08:45:21.3080083Z Setting up libgme0:amd64 (0.6.3-7build1) ...
2026-10-06T08:45:21.3103885Z Setting up libchromaprint1:amd64 (1.5.1-5) ...
2026-10-06T08:45:21.3123799Z Setting up libssh-gcrypt-4:amd64 (0.10.6-2ubuntu0.5) ...
2026-10-06T08:45:21.3141845Z Setting up libhwy1t64:amd64 (1.0.7-8.1build1) ...
2026-10-06T08:45:21.3161144Z Setting up libudfread0:amd64 (1.1.2-1build1) ...
2026-10-06T08:45:21.3179403Z Setting up mesa-libgallium:amd64 (25.2.8-0ubuntu0.24.04.4) ...
2026-10-06T08:45:21.3198703Z Setting up libraw1394-11:amd64 (2.1.2-2build3) ...
2026-10-06T08:45:21.3217771Z Setting up libspeex1:amd64 (1.2.1-2ubuntu2.24.04.1) ...
2026-10-06T08:45:21.3233804Z Setting up libshine3:amd64 (3.1.1-2build1) ...
2026-10-06T08:45:21.3252288Z Setting up libcaca0:amd64 (0.99.beta20-4ubuntu0.2) ...
2026-10-06T08:45:21.3277795Z Setting up libvpl2 (2023.3.0-1build1) ...
2026-10-06T08:45:21.3298274Z Setting up libx264-164:amd64 (2:0.164.3108+git31e19f9-1) ...
2026-10-06T08:45:21.3319389Z Setting up libtwolame0:amd64 (0.4.0-2build3) ...
2026-10-06T08:45:21.3341318Z Setting up libmbedcrypto7t64:amd64 (2.28.8-1) ...
2026-10-06T08:45:21.3363154Z Setting up libgbm1:amd64 (25.2.8-0ubuntu0.24.04.4) ...
2026-10-06T08:45:21.3383117Z Setting up libgsm1:amd64 (1.0.22-1build1) ...
2026-10-06T08:45:21.3401102Z Setting up libsoxr0:amd64 (0.1.3-4build3) ...
2026-10-06T08:45:21.3420700Z Setting up libzix-0-0:amd64 (0.4.2-2build1) ...
2026-10-06T08:45:21.3442811Z Setting up libcodec2-1.2:amd64 (1.2.0-2build1) ...
2026-10-06T08:45:21.3473405Z Setting up libgl1-mesa-dri:amd64 (25.2.8-0ubuntu0.24.04.4) ...
2026-10-06T08:45:21.3546714Z Setting up libmysofa1:amd64 (1.3.2+dfsg-2ubuntu2) ...
2026-10-06T08:45:21.3565225Z Setting up libxcb-shape0:amd64 (1.15-1ubuntu2) ...
2026-10-06T08:45:21.3586486Z Setting up libcdio19t64:amd64 (2.1.0-4.1ubuntu1.2) ...
2026-10-06T08:45:21.3604667Z Setting up libsvtav1enc1d1:amd64 (1.7.0+dfsg-2build1) ...
2026-10-06T08:45:21.3622766Z Setting up libigdgmm12:amd64 (22.3.17+ds1-1ubuntu1) ...
2026-10-06T08:45:21.3639483Z Setting up libmpg123-0t64:amd64 (1.32.5-1ubuntu1.1) ...
2026-10-06T08:45:21.3656260Z Setting up libcjson1:amd64 (1.7.17-1) ...
2026-10-06T08:45:21.3680997Z Setting up libxvidcore4:amd64 (2:1.3.7-1build1) ...
2026-10-06T08:45:21.3697684Z Setting up librav1e0:amd64 (0.7.1-2) ...
2026-10-06T08:45:21.3716226Z Setting up libcdio-cdda2t64:amd64 (10.2+2.0.1-1.1build2) ...
2026-10-06T08:45:21.3733844Z Setting up librist4:amd64 (0.2.10+dfsg-2) ...
2026-10-06T08:45:21.3756442Z Setting up librsvg2-2:amd64 (2.58.0+dfsg-1build1) ...
2026-10-06T08:45:21.3776609Z Setting up libblas3:amd64 (3.12.0-3build1.1) ...
2026-10-06T08:45:21.3833272Z update-alternatives: using /usr/lib/x86_64-linux-gnu/blas/libblas.so.3 to provide /usr/lib/x86_64-linux-gnu/libblas.so.3 (libblas.so.3-x86_64-linux-gnu) in auto mode
2026-10-06T08:45:21.3847803Z Setting up libplacebo338:amd64 (6.338.2-2build1) ...
2026-10-06T08:45:21.3867926Z Setting up libva2:amd64 (2.20.0-2ubuntu0.2) ...
2026-10-06T08:45:21.3886484Z Setting up libopus0:amd64 (1.4-1build1) ...
2026-10-06T08:45:21.3931350Z Setting up libcdio-paranoia2t64:amd64 (10.2+2.0.1-1.1build2) ...
2026-10-06T08:45:21.3949672Z Setting up libdc1394-25:amd64 (2.2.6-4build1) ...
2026-10-06T08:45:21.3967272Z Setting up intel-media-va-driver:amd64 (24.1.0+dfsg1-1ubuntu0.2) ...
2026-10-06T08:45:21.3985853Z Setting up libxv1:amd64 (2:1.0.11-1.1build1) ...
2026-10-06T08:45:21.4002633Z Setting up libunibreak5:amd64 (5.1-2build1) ...
2026-10-06T08:45:21.4021097Z Setting up libaacs0:amd64 (0.11.1-2build1) ...
2026-10-06T08:45:21.4039415Z Setting up libjxl0.7:amd64 (0.7.0-10.2ubuntu6.1) ...
2026-10-06T08:45:21.4058224Z Setting up librsvg2-common:amd64 (2.58.0+dfsg-1build1) ...
2026-10-06T08:45:21.4109909Z Setting up pocketsphinx-en-us (0.8.0+real5prealpha+1-15ubuntu5) ...
2026-10-06T08:45:21.4127023Z Setting up libx265-199:amd64 (3.5-2build1) ...
2026-10-06T08:45:21.4145841Z Setting up libsndio7.0:amd64 (1.9.0-0.3build3) ...
2026-10-06T08:45:21.4162719Z Setting up libbdplus0:amd64 (0.2.0-3build1) ...
2026-10-06T08:45:21.4180441Z Setting up libvidstab1.1:amd64 (1.1.0-2build1) ...
2026-10-06T08:45:21.4200132Z Setting up libvpx9:amd64 (1.14.0-1ubuntu2.3) ...
2026-10-06T08:45:21.4219874Z Setting up libsrt1.5-gnutls:amd64 (1.5.3-1build2) ...
2026-10-06T08:45:21.4238840Z Setting up libflite1:amd64 (2.2-6build3) ...
2026-10-06T08:45:21.4256440Z Setting up libdav1d7:amd64 (1.4.1-1build1) ...
2026-10-06T08:45:21.4273980Z Setting up libva-drm2:amd64 (2.20.0-2ubuntu0.2) ...
2026-10-06T08:45:21.4293038Z Setting up ocl-icd-libopencl1:amd64 (2.3.2-1build1) ...
2026-10-06T08:45:21.4310887Z Setting up libasyncns0:amd64 (0.8-6build4) ...
2026-10-06T08:45:21.4327811Z Setting up libvdpau1:amd64 (1.5-2build1) ...
2026-10-06T08:45:21.4352289Z Setting up libbs2b0:amd64 (3.1.0+dfsg-7build1) ...
2026-10-06T08:45:21.4371545Z Setting up libtheora0:amd64 (1.1.1+dfsg.1-16.1build3) ...
2026-10-06T08:45:21.4391026Z Setting up libdecor-0-0:amd64 (0.2.2-1build2) ...
2026-10-06T08:45:21.4408431Z Setting up libzimg2:amd64 (3.0.5+ds1-1build1) ...
2026-10-06T08:45:21.4426366Z Setting up libopenal-data (1:1.23.1-4build1) ...
2026-10-06T08:45:21.4451468Z Setting up libflac12t64:amd64 (1.4.3+ds-2.1ubuntu2) ...
2026-10-06T08:45:21.4467874Z Setting up mesa-va-drivers:amd64 (25.2.8-0ubuntu0.24.04.4) ...
2026-10-06T08:45:21.4486190Z Setting up libbluray2:amd64 (1:1.3.4-1build1) ...
2026-10-06T08:45:21.4503822Z Setting up libsamplerate0:amd64 (0.2.2-4build1) ...
2026-10-06T08:45:21.4521130Z Setting up libva-x11-2:amd64 (2.20.0-2ubuntu0.2) ...
2026-10-06T08:45:21.4545223Z Setting up libdecor-0-plugin-1-gtk:amd64 (0.2.2-1build2) ...
2026-10-06T08:45:21.4564270Z Setting up libopenmpt0t64:amd64 (0.7.3-1.1build3) ...
2026-10-06T08:45:21.4584590Z Setting up libzvbi-common (0.2.42-2) ...
2026-10-06T08:45:21.4601115Z Setting up libmp3lame0:amd64 (3.100-6build1) ...
2026-10-06T08:45:21.4618094Z Setting up i965-va-driver:amd64 (2.4.1+dfsg1-1ubuntu0.2) ...
2026-10-06T08:45:21.4636483Z Setting up libvorbisenc2:amd64 (1.3.7-1build3) ...
2026-10-06T08:45:21.4654080Z Setting up libiec61883-0:amd64 (1.2.0-6build1) ...
2026-10-06T08:45:21.4671483Z Setting up libserd-0-0:amd64 (0.32.2-1) ...
2026-10-06T08:45:21.4697597Z Setting up libavc1394-0:amd64 (0.5.4-5build3) ...
2026-10-06T08:45:21.4717586Z Setting up mesa-vdpau-drivers:amd64 (25.2.8-0ubuntu0.24.04.4) ...
2026-10-06T08:45:21.4736876Z Setting up liblapack3:amd64 (3.12.0-3build1.1) ...
2026-10-06T08:45:21.4795076Z update-alternatives: using /usr/lib/x86_64-linux-gnu/lapack/liblapack.so.3 to provide /usr/lib/x86_64-linux-gnu/liblapack.so.3 (liblapack.so.3-x86_64-linux-gnu) in auto mode
2026-10-06T08:45:21.4809743Z Setting up libglx-mesa0:amd64 (25.2.8-0ubuntu0.24.04.4) ...
2026-10-06T08:45:21.4827948Z Setting up libzvbi0t64:amd64 (0.2.42-2) ...
2026-10-06T08:45:21.4846291Z Setting up libavutil58:amd64 (7:6.1.1-3ubuntu5) ...
2026-10-06T08:45:21.4865114Z Setting up libopenal1:amd64 (1:1.23.1-4build1) ...
2026-10-06T08:45:21.4885685Z Setting up libass9:amd64 (1:0.17.1-2build1) ...
2026-10-06T08:45:21.5190169Z Setting up libswresample4:amd64 (7:6.1.1-3ubuntu5) ...
2026-10-06T08:45:21.5211123Z Setting up va-driver-all:amd64 (2.20.0-2ubuntu0.2) ...
2026-10-06T08:45:21.5231086Z Setting up libavcodec60:amd64 (7:6.1.1-3ubuntu5) ...
2026-10-06T08:45:21.5247472Z Setting up librubberband2:amd64 (3.3.0+dfsg-2build1) ...
2026-10-06T08:45:21.5265032Z Setting up libjack-jackd2-0:amd64 (1.9.21~dfsg-3ubuntu3) ...
2026-10-06T08:45:21.5282998Z Setting up vdpau-driver-all:amd64 (1.5-2build1) ...
2026-10-06T08:45:21.5301938Z Setting up libsord-0-0:amd64 (0.16.16-2build1) ...
2026-10-06T08:45:21.5325228Z Setting up libpostproc57:amd64 (7:6.1.1-3ubuntu5) ...
2026-10-06T08:45:21.5345431Z Setting up libsratom-0-0:amd64 (0.6.16-1build1) ...
2026-10-06T08:45:21.5362847Z Setting up libsndfile1:amd64 (1.2.2-1ubuntu5.24.04.1) ...
2026-10-06T08:45:21.5380179Z Setting up liblilv-0-0:amd64 (0.24.22-1build1) ...
2026-10-06T08:45:21.5398409Z Setting up libswscale7:amd64 (7:6.1.1-3ubuntu5) ...
2026-10-06T08:45:21.5417389Z Setting up libpulse0:amd64 (1:16.1+dfsg1-2ubuntu10.1) ...
2026-10-06T08:45:21.5489026Z Setting up libavformat60:amd64 (7:6.1.1-3ubuntu5) ...
2026-10-06T08:45:21.5511229Z Setting up libsphinxbase3t64:amd64 (0.8+5prealpha+1-17build2) ...
2026-10-06T08:45:21.5532115Z Setting up libsdl2-2.0-0:amd64 (2.30.0+dfsg-1ubuntu3.1) ...
2026-10-06T08:45:21.5550886Z Setting up libpocketsphinx3:amd64 (0.8.0+real5prealpha+1-15ubuntu5) ...
2026-10-06T08:45:21.5568996Z Setting up libavfilter9:amd64 (7:6.1.1-3ubuntu5) ...
2026-10-06T08:45:21.5587271Z Setting up libavdevice60:amd64 (7:6.1.1-3ubuntu5) ...
2026-10-06T08:45:21.5608645Z Setting up ffmpeg (7:6.1.1-3ubuntu5) ...
2026-10-06T08:45:21.5634600Z Processing triggers for man-db (2.12.0-4build2) ...
2026-10-06T08:45:21.5654789Z Not building database; man-db/auto-update is not 'true'.
2026-10-06T08:45:21.5668142Z Processing triggers for libgdk-pixbuf-2.0-0:amd64 (2.42.10+dfsg-3ubuntu3.3) ...
2026-10-06T08:45:21.5993952Z Processing triggers for libc-bin (2.39-0ubuntu8.9) ...
2026-10-06T08:45:22.2648580Z 
2026-10-06T08:45:22.2649086Z Running kernel seems to be up-to-date.
2026-10-06T08:45:22.2649820Z 
2026-10-06T08:45:22.2650056Z No services need to be restarted.
2026-10-06T08:45:22.2650465Z 
2026-10-06T08:45:22.2650695Z No containers need to be restarted.
2026-10-06T08:45:22.2651086Z 
2026-10-06T08:45:22.2651268Z No user sessions are running outdated binaries.
2026-10-06T08:45:22.2651583Z 
2026-10-06T08:45:22.2651878Z No VM guests are running outdated hypervisor (qemu) binaries on this host.
2026-10-06T08:45:23.1195021Z ##[group]Run cargo test -p hydrus-core -p hydrus-download -p hydrus-downloader-exchange -p hydrus-gui-model -p hydrus-net -p hydrus-search -p hydrus-store --locked --no-fail-fast
2026-10-06T08:45:23.1196356Z [36;1mcargo test -p hydrus-core -p hydrus-download -p hydrus-downloader-exchange -p hydrus-gui-model -p hydrus-net -p hydrus-search -p hydrus-store --locked --no-fail-fast[0m
2026-10-06T08:45:23.1257246Z shell: /usr/bin/bash -e {0}
2026-10-06T08:45:23.1257517Z env:
2026-10-06T08:45:23.1257716Z   CARGO_TERM_COLOR: always
2026-10-06T08:45:23.1257972Z   RUSTFLAGS: -D warnings
2026-10-06T08:45:23.1258228Z   CARGO_HOME: /home/runner/.cargo
2026-10-06T08:45:23.1258484Z   CARGO_INCREMENTAL: 0
2026-10-06T08:45:23.1258976Z   CACHE_ON_FAILURE: true
2026-10-06T08:45:23.1259226Z   CARGO_BUILD_JOBS: 2
2026-10-06T08:45:23.1259440Z ##[endgroup]
2026-10-06T08:45:23.3488577Z [1m[92m    Updating[0m crates.io index
2026-10-06T08:45:24.8800879Z [1m[92m   Compiling[0m hydrus-core v0.1.0 (/home/runner/work/hydrus-mine/hydrus-mine/crates/hydrus-core)
2026-10-06T08:45:24.8806832Z [1m[92m   Compiling[0m hydrus-testkit v0.1.0 (/home/runner/work/hydrus-mine/hydrus-mine/crates/hydrus-testkit)
2026-10-06T08:45:32.2464620Z [1m[92m   Compiling[0m hydrus-parse v0.1.0 (/home/runner/work/hydrus-mine/hydrus-mine/crates/hydrus-parse)
2026-10-06T08:45:34.0375098Z [1m[92m   Compiling[0m hydrus-legacy v0.1.0 (/home/runner/work/hydrus-mine/hydrus-mine/crates/hydrus-legacy)
2026-10-06T08:45:34.4060774Z [1m[92m   Compiling[0m hydrus-media v0.1.0 (/home/runner/work/hydrus-mine/hydrus-mine/crates/hydrus-media)
2026-10-06T08:45:40.1551083Z [1m[92m   Compiling[0m hydrus-store v0.1.0 (/home/runner/work/hydrus-mine/hydrus-mine/crates/hydrus-store)
2026-10-06T08:45:59.1841766Z [1m[92m   Compiling[0m hydrus-downloader-exchange v0.1.0 (/home/runner/work/hydrus-mine/hydrus-mine/crates/hydrus-downloader-exchange)
2026-10-06T08:46:00.8014496Z [1m[92m   Compiling[0m hydrus-search v0.1.0 (/home/runner/work/hydrus-mine/hydrus-mine/crates/hydrus-search)
2026-10-06T08:46:04.0180420Z [1m[92m   Compiling[0m hydrus-net v0.1.0 (/home/runner/work/hydrus-mine/hydrus-mine/crates/hydrus-net)
2026-10-06T08:46:05.8688750Z [1m[92m   Compiling[0m hydrus-import v0.1.0 (/home/runner/work/hydrus-mine/hydrus-mine/crates/hydrus-import)
2026-10-06T08:46:06.9562867Z [1m[92m   Compiling[0m hydrus-download v0.1.0 (/home/runner/work/hydrus-mine/hydrus-mine/crates/hydrus-download)
2026-10-06T08:46:08.0431168Z [1m[92m   Compiling[0m hydrus-duplicates v0.1.0 (/home/runner/work/hydrus-mine/hydrus-mine/crates/hydrus-duplicates)
2026-10-06T08:46:08.7712817Z [1m[92m   Compiling[0m hydrus-gui-model v0.1.0 (/home/runner/work/hydrus-mine/hydrus-mine/crates/hydrus-gui-model)
2026-10-06T08:47:11.1457740Z [1m[92m    Finished[0m `test` profile [unoptimized + debuginfo] target(s) in 1m 47s
2026-10-06T08:47:11.1880578Z [1m[92m     Running[0m unittests src/lib.rs (target/debug/deps/hydrus_core-07b2b0806401ed67)
2026-10-06T08:47:11.1898227Z 
2026-10-06T08:47:11.1898509Z running 89 tests
2026-10-06T08:47:11.1912704Z test bandwidth::tests::a_one_per_second_rule_waits_for_the_next_second ... ok
2026-10-06T08:47:11.1913710Z test bandwidth::tests::a_daily_limit_holds_until_usage_ages_out ... ok
2026-10-06T08:47:11.1914530Z test bandwidth::tests::calendar_buckets_are_utc ... ok
2026-10-06T08:47:11.1915318Z test bandwidth::tests::gallery_tokens_space_out_each_site ... ok
2026-10-06T08:47:11.1916044Z test casefold::tests::folds_as_python_does ... ok
2026-10-06T08:47:11.1916681Z test casefold::tests::the_table_is_sorted ... ok
2026-10-06T08:47:11.1917405Z test bandwidth::tests::specific_rules_replace_the_default ... ok
2026-10-06T08:47:11.1935006Z test hash::tests::hex_round_trip ... ok
2026-10-06T08:47:11.1940702Z test hash::tests::perceptual_distance ... ok
2026-10-06T08:47:11.1943104Z test content::tests::canvas_codes_match_reference_implementation ... ok
2026-10-06T08:47:11.1943833Z test hash::tests::rejects_bad_hashes ... ok
2026-10-06T08:47:11.1944960Z test import_options::tests::presentation_shows_files_as_the_reference_s_does ... ok
2026-10-06T08:47:11.1945870Z test import_options::tests::layers_most_specific_first ... ok
2026-10-06T08:47:11.1946583Z test lock::tests::only_the_password_opens_a_lock ... ok
2026-10-06T08:47:11.1947270Z test import_options::tests::vetoes_like_the_reference ... ok
2026-10-06T08:47:11.1948178Z test media_viewer::tests::mpv_video_defaults_fit_the_canvas_and_keep_regular_zoom_steps ... ok
2026-10-06T08:47:11.1949313Z test mime::tests::serde_uses_integer_codes ... ok
2026-10-06T08:47:11.1977646Z test content::tests::timestamp_codes_match_reference_implementation ... ok
2026-10-06T08:47:11.1978699Z test mime::tests::table_matches_reference_implementation ... ok
2026-10-06T08:47:11.1980007Z test numbers::tests::groups_thousands ... ok
2026-10-06T08:47:11.1980816Z test numbers::tests::percentages ... ok
2026-10-06T08:47:11.1981625Z test numbers::tests::sizes_read_like_the_reference ... ok
2026-10-06T08:47:11.1989725Z test pages::tests::a_session_round_trips_through_json ... ok
2026-10-06T08:47:11.1990849Z test pages::tests::names_for_menus_have_their_counts_and_elide_in_the_middle ... ok
2026-10-06T08:47:11.1991714Z test pages::tests::pages_have_the_references_page_types ... ok
2026-10-06T08:47:11.1992360Z test pybytes::tests::hex_like_python ... ok
2026-10-06T08:47:11.1996050Z test pybytes::tests::base64_like_python ... ok
2026-10-06T08:47:11.1996934Z test pyhtml::tests::unescapes_like_python ... ok
2026-10-06T08:47:11.1997555Z test pyjson::tests::parses_what_python_accepts ... ok
2026-10-06T08:47:11.1998184Z test pyjson::tests::python_float_repr ... ok
2026-10-06T08:47:11.2010116Z test pyjson::tests::python_string_escapes ... ok
2026-10-06T08:47:11.2011056Z test pyjson::tests::floats_round_trip_through_python_repr ... ok
2026-10-06T08:47:11.2012007Z test pyjson::tests::rejects_what_python_rejects ... ok
2026-10-06T08:47:11.2012967Z test pyjson::tests::round_trips_reference_style_documents ... ok
2026-10-06T08:47:11.2013996Z test search::context::tests::all_known_files_absorbs_other_domains ... ok
2026-10-06T08:47:11.2015016Z test search::context::tests::defaults_match_the_client_api ... ok
2026-10-06T08:47:11.2016034Z test search::number::tests::number_tests_render_like_the_reference ... ok
2026-10-06T08:47:11.2017309Z test search::recent::mixed_tests::old_system_history_decodes_and_simple_edits_keep_newest_five_per_type ... ok
2026-10-06T08:47:11.2018706Z test search::recent::tests::pushed_predicates_are_kept_as_the_reference_keeps_them ... ok
2026-10-06T08:47:11.2020241Z test search::recent::tests::widths_and_heights_are_types_13_and_14 ... ok
2026-10-06T08:47:11.2021162Z test search::time::tests::renders_deltas ... ok
2026-10-06T08:47:11.2021981Z test search::time::tests::validates_dates ... ok
2026-10-06T08:47:11.2022832Z test service::tests::builtin_keys_render_readably ... ok
2026-10-06T08:47:11.2029222Z test content::tests::codes_match_reference_implementation ... ok
2026-10-06T08:47:11.2031651Z test sort::tests::matches_recorded_clean_tags_order ... ok
2026-10-06T08:47:11.2032848Z test sort::tests::numbers_sort_numerically_and_before_text ... ok
2026-10-06T08:47:11.2038430Z test sort::tests::unicode_decimal_chunks_precede_letters_but_keep_ascii_split_boundaries ... ok
2026-10-06T08:47:11.2059831Z test subscriptions::tests::checks_follow_file_velocity ... ok
2026-10-06T08:47:11.2060934Z test service::tests::table_matches_reference_implementation ... ok
2026-10-06T08:47:11.2119477Z test pyjson::tests::strings_round_trip ... ok
2026-10-06T08:47:11.2120373Z test tag::tests::combine_round_trips ... ok
2026-10-06T08:47:11.2149455Z test tag_filter::tests::specific_rules_win ... ok
2026-10-06T08:47:11.2172066Z test tag_presentation::tests::decimals_are_python_s ... ok
2026-10-06T08:47:11.2186919Z test tag_presentation::tests::rows_take_their_namespace_s_colour ... ok
2026-10-06T08:47:11.2188183Z test tag_sort::tests::counts_sort_with_a_to_z_among_equals ... ok
2026-10-06T08:47:11.2189910Z test tag_sort::tests::the_default_groups_by_the_users_namespaces ... ok
2026-10-06T08:47:11.2191050Z test tag_summary::tests::the_defaults_summarise_as_their_examples_say ... ok
2026-10-06T08:47:11.2192171Z test test_fixtures::versions_match_reference_implementation ... ok
2026-10-06T08:47:11.2193166Z test thumbnail::tests::matches_recorded_thumbnail_sizes ... ok
2026-10-06T08:47:11.2194030Z test time::tests::conversions ... ok
2026-10-06T08:47:11.2194859Z test time::tests::durations_as_the_reference_words_them ... ok
2026-10-06T08:47:11.2195837Z test time::tests::scanbar_timestamps_as_the_reference_writes_them ... ok
2026-10-06T08:47:11.2196810Z test time::tests::spans_as_the_reference_words_them ... ok
2026-10-06T08:47:11.2197691Z test url::class::tests::classes_match_and_normalise ... ok
2026-10-06T08:47:11.2198575Z test url::class::tests::url_types_serialise_as_codes ... ok
2026-10-06T08:47:11.2199819Z test url::functions::tests::components_encode_without_double_encoding ... ok
2026-10-06T08:47:11.2200873Z test url::functions::tests::queries_round_trip_in_order ... ok
2026-10-06T08:47:11.2201853Z test url::functions::tests::urls_encode_like_the_reference ... ok
2026-10-06T08:47:11.2202731Z test tag::tests::cleaning_is_idempotent ... ok
2026-10-06T08:47:11.2209883Z test url::gug::tests::terms_are_encoded_for_where_they_go ... ok
2026-10-06T08:47:11.2226809Z test tag::tests::cleaning_matches_reference_implementation ... ok
2026-10-06T08:47:11.2228001Z test url::psl::tests::punycode_decodes ... ok
2026-10-06T08:47:11.2229086Z test url::pyurl::tests::joins_like_python ... ok
2026-10-06T08:47:11.2230031Z test url::pyurl::tests::quotes_like_python ... ok
2026-10-06T08:47:11.2230915Z test url::pyurl::tests::splits_like_python ... ok
2026-10-06T08:47:11.2234172Z test url::pyurl::urljoin_tests::joins_like_python ... ok
2026-10-06T08:47:11.2248618Z test url::registry::tests::known_urls_are_classified ... ok
2026-10-06T08:47:11.2253744Z test url::registry::tests::unknown_urls_are_just_encoded ... ok
2026-10-06T08:47:11.2314959Z test url::string_dates::tests::date_conversions_match_direct_reference_execution ... ok
2026-10-06T08:47:11.2320641Z test url::string_dates::tests::local_encode_uses_current_offset_and_naive_timezone_fields ... ok
2026-10-06T08:47:11.2359970Z test url::string_dates::tests::local_names_and_dst_boundaries_match_recorded_reference_platform ... ok
2026-10-06T08:47:11.2361392Z test url::strings::tests::converts_like_the_reference ... ok
2026-10-06T08:47:11.2362403Z test url::strings::tests::matches_like_the_reference ... ok
2026-10-06T08:47:11.2363343Z test url::strings::tests::processes_pipelines ... ok
2026-10-06T08:47:11.2364448Z test watchers::tests::a_new_watcher_checks_at_once_and_a_quiet_thread_dies ... ok
2026-10-06T08:47:11.2380308Z test windows::tests::a_saved_frame_keeps_what_it_remembers ... ok
2026-10-06T08:47:11.2416892Z test url::functions::tests::www_is_removed_from_subdomains_only ... ok
2026-10-06T08:47:11.2614318Z test notes::tests::merges_like_the_reference ... ok
2026-10-06T08:47:11.2862274Z test url::psl::tests::matches_the_reference ... ok
2026-10-06T08:47:11.2862949Z 
2026-10-06T08:47:11.2863636Z test result: ok. 89 passed; 0 failed; 0 ignored; 0 measured; 0 filtered out; finished in 0.10s
2026-10-06T08:47:11.2864538Z 
2026-10-06T08:47:11.2874299Z [1m[92m     Running[0m tests/bandwidth.rs (target/debug/deps/bandwidth-c921facadb394ba5)
2026-10-06T08:47:11.2886597Z 
2026-10-06T08:47:11.2886862Z running 2 tests
2026-10-06T08:47:11.4061258Z test the_manager_starts_requests_as_the_reference_does ... ok
2026-10-06T08:47:11.4071832Z test trackers_count_and_rules_judge_as_the_reference_does ... ok
2026-10-06T08:47:11.4072330Z 
2026-10-06T08:47:11.4072758Z test result: ok. 2 passed; 0 failed; 0 ignored; 0 measured; 0 filtered out; finished in 0.12s
2026-10-06T08:47:11.4073138Z 
2026-10-06T08:47:11.4091861Z [1m[92m     Running[0m tests/string_steps.rs (target/debug/deps/string_steps-5da0364e08f60ef6)
2026-10-06T08:47:11.4104475Z 
2026-10-06T08:47:11.4104751Z running 1 test
2026-10-06T08:47:11.4108093Z test a_tag_filter_step_stored_without_its_example_still_loads ... ok
2026-10-06T08:47:11.4108431Z 
2026-10-06T08:47:11.4108971Z test result: ok. 1 passed; 0 failed; 0 ignored; 0 measured; 0 filtered out; finished in 0.00s
2026-10-06T08:47:11.4109594Z 
2026-10-06T08:47:11.4110704Z [1m[92m     Running[0m tests/tab_names.rs (target/debug/deps/tab_names-64c2b1109f7bd07d)
2026-10-06T08:47:11.4120529Z 
2026-10-06T08:47:11.4120681Z running 2 tests
2026-10-06T08:47:11.4472252Z test a_new_clients_settings_are_the_references ... ok
2026-10-06T08:47:11.4505765Z test tabs_are_named_as_the_reference_names_them ... ok
2026-10-06T08:47:11.4506205Z 
2026-10-06T08:47:11.4506621Z test result: ok. 2 passed; 0 failed; 0 ignored; 0 measured; 0 filtered out; finished in 0.04s
2026-10-06T08:47:11.4507110Z 
2026-10-06T08:47:11.4513821Z [1m[92m     Running[0m tests/tag_rendering.rs (target/debug/deps/tag_rendering-68281fb06a194d7b)
2026-10-06T08:47:11.4525013Z 
2026-10-06T08:47:11.4525162Z running 1 test
2026-10-06T08:47:11.4532718Z test tags_render_as_the_reference_renders_them ... ok
2026-10-06T08:47:11.4533151Z 
2026-10-06T08:47:11.4533568Z test result: ok. 1 passed; 0 failed; 0 ignored; 0 measured; 0 filtered out; finished in 0.00s
2026-10-06T08:47:11.4534163Z 
2026-10-06T08:47:11.4535085Z [1m[92m     Running[0m tests/watcher_checker.rs (target/debug/deps/watcher_checker-fdbb17376ebb64fe)
2026-10-06T08:47:11.4544791Z 
2026-10-06T08:47:11.4544958Z running 2 tests
2026-10-06T08:47:11.4547772Z test the_same_checker_options_change_nothing ... ok
2026-10-06T08:47:11.4553004Z test checker_options_set_on_a_watcher_act_as_the_references ... ok
2026-10-06T08:47:11.4553443Z 
2026-10-06T08:47:11.4553724Z test result: ok. 2 passed; 0 failed; 0 ignored; 0 measured; 0 filtered out; finished in 0.00s
2026-10-06T08:47:11.4554137Z 
2026-10-06T08:47:11.4555659Z [1m[92m     Running[0m unittests src/lib.rs (target/debug/deps/hydrus_download-bbf5850a788bd04e)
2026-10-06T08:47:11.4574537Z 
2026-10-06T08:47:11.4574726Z running 16 tests
2026-10-06T08:47:11.4578494Z test folders::tests::integers_parse_as_python_parses_them ... ok
2026-10-06T08:47:11.4579627Z test export::tests::paths_normalise_as_python_normalises_them ... ok
2026-10-06T08:47:11.5640529Z test popups::tests::completed_deadline_survives_producer_drop_and_uses_strict_stored_boundary ... ok
2026-10-06T08:47:11.5641956Z test popups::tests::a_working_popup_says_what_its_downloads_importer_says_after_a_prefix ... ok
2026-10-06T08:47:11.6148077Z test popups::tests::current_callable_is_reentrant_and_removal_invalidates_later_queued_calls ... ok
2026-10-06T08:47:11.6189924Z test popups::tests::concurrent_pollers_cannot_overtake_a_reentrant_callable_removal ... ok
2026-10-06T08:47:11.6689370Z test popups::tests::gui_retirement_during_the_first_callable_invalidates_later_claimed_calls ... ok
2026-10-06T08:47:11.6741276Z test seeds::timestamp_editor_tests::recorded_saved_timestamp_parser_and_date_conversion_reach_actual_file_seeds ... ok
2026-10-06T08:47:11.7368185Z test subscriptions::tests::manager_admission_replays_reference_due_pause_live_limits_and_single_flight ... ok
2026-10-06T08:47:11.7370356Z test subscriptions::tests::outer_typed_exception_budget_replays_recorded_classes_and_reset ... ok
2026-10-06T08:47:11.7371588Z test subscriptions::tests::presented_files_are_labelled_as_the_reference_labels_them ... ok
2026-10-06T08:47:11.7379554Z test work_slots::tests::capacities_keep_running_counts_across_reference_lower_raise_and_release ... ok
2026-10-06T08:47:11.7380844Z test work_slots::tests::independent_categories_and_aborted_owners_release_only_their_permit ... ok
2026-10-06T08:47:11.8157264Z test popups::tests::a_working_popup_keeps_the_store_up_to_date_and_hears_a_cancel ... ok
2026-10-06T08:47:11.9284107Z test popups::tests::finished_callable_dispatches_between_independent_store_handles_and_releases_its_owner ... ok
2026-10-06T08:47:12.3157974Z test popups::tests::a_callable_added_after_finish_restarts_the_single_weak_poller ... ok
2026-10-06T08:47:12.3158542Z 
2026-10-06T08:47:12.3159484Z test result: ok. 16 passed; 0 failed; 0 ignored; 0 measured; 0 filtered out; finished in 0.86s
2026-10-06T08:47:12.3160008Z 
2026-10-06T08:47:12.3173638Z [1m[92m     Running[0m tests/export_folder.rs (target/debug/deps/export_folder-9dc9a4540e52640c)
2026-10-06T08:47:12.3195767Z 
2026-10-06T08:47:12.3195923Z running 1 test
2026-10-06T08:47:12.4511995Z test export_folders_do_what_the_reference_did ... ok
2026-10-06T08:47:12.4512617Z 
2026-10-06T08:47:12.4513184Z test result: ok. 1 passed; 0 failed; 0 ignored; 0 measured; 0 filtered out; finished in 0.13s
2026-10-06T08:47:12.4513984Z 
2026-10-06T08:47:12.4522740Z [1m[92m     Running[0m tests/folder_activity.rs (target/debug/deps/folder_activity-eba4e837ca106f7b)
2026-10-06T08:47:12.4550714Z 
2026-10-06T08:47:12.4551076Z running 2 tests
2026-10-06T08:47:12.5036392Z test successful_manager_apply_resets_due_cache_but_cancel_does_not ... ok
2026-10-06T08:47:12.5743889Z test active_import_finishes_its_commit_before_the_manager_reads_and_stops_before_next_seed ... ok
2026-10-06T08:47:12.5744400Z 
2026-10-06T08:47:12.5744687Z test result: ok. 2 passed; 0 failed; 0 ignored; 0 measured; 0 filtered out; finished in 0.12s
2026-10-06T08:47:12.5745079Z 
2026-10-06T08:47:12.5754166Z [1m[92m     Running[0m tests/import_folder.rs (target/debug/deps/import_folder-33b09015565930b7)
2026-10-06T08:47:12.5781764Z 
2026-10-06T08:47:12.5781956Z running 1 test
2026-10-06T08:47:12.8492693Z test an_import_folder_does_what_the_reference_did ... ok
2026-10-06T08:47:12.8493023Z 
2026-10-06T08:47:12.8493288Z test result: ok. 1 passed; 0 failed; 0 ignored; 0 measured; 0 filtered out; finished in 0.27s
2026-10-06T08:47:12.8493654Z 
2026-10-06T08:47:12.8506031Z [1m[92m     Running[0m tests/local_import.rs (target/debug/deps/local_import-9fa0047c94342534)
2026-10-06T08:47:12.8534669Z 
2026-10-06T08:47:12.8534820Z running 2 tests
2026-10-06T08:47:13.1826986Z test saved_existing_tag_filter_reaches_real_file_importer_for_parsed_and_additional_tags ... ok
2026-10-06T08:47:13.3264223Z test a_local_import_imports_its_files ... ok
2026-10-06T08:47:13.3264609Z 
2026-10-06T08:47:13.3264976Z test result: ok. 2 passed; 0 failed; 0 ignored; 0 measured; 0 filtered out; finished in 0.47s
2026-10-06T08:47:13.3265474Z 
2026-10-06T08:47:13.3283057Z [1m[92m     Running[0m tests/simple_downloader.rs (target/debug/deps/simple_downloader-01ddbb56bfa1e333)
2026-10-06T08:47:13.3312060Z 
2026-10-06T08:47:13.3312298Z running 1 test
2026-10-06T08:47:19.4473516Z test a_simple_downloader_parses_its_pages_for_files ... ok
2026-10-06T08:47:19.4474200Z 
2026-10-06T08:47:19.4474831Z test result: ok. 1 passed; 0 failed; 0 ignored; 0 measured; 0 filtered out; finished in 6.12s
2026-10-06T08:47:19.4475760Z 
2026-10-06T08:47:19.4490317Z [1m[92m     Running[0m tests/subscriptions.rs (target/debug/deps/subscriptions-c7e353ebb3ab64db)
2026-10-06T08:47:19.4519334Z 
2026-10-06T08:47:19.4519528Z running 11 tests
2026-10-06T08:47:19.5840911Z test a_subscription_with_no_import_destination_waits_out_its_error_delay ... ok
2026-10-06T08:47:19.6362669Z test a_subscription_without_its_downloader_pauses ... ok
2026-10-06T08:47:19.7292678Z test a_subscription_syncs_catches_up_and_downloads ... ok
2026-10-06T08:47:20.9990572Z test a_subscription_shows_what_it_does_in_a_popup_which_can_cancel_it ... ok
2026-10-06T08:47:22.7864781Z test handled_http_and_missing_file_failures_do_not_spend_the_outer_error_budget ... ok
2026-10-06T08:47:24.0817758Z test a_subscription_stops_when_its_bandwidth_runs_out ... ok
2026-10-06T08:47:24.7970341Z test subscription_runner_bounds_real_http_overlap_and_reloads_live_limit ... ok
2026-10-06T08:47:24.9070042Z test subscriptions_wait_while_paused_globally ... ok
2026-10-06T08:47:25.1714786Z test subscription_runner_cancels_selected_peer_and_joins_all_on_shutdown ... ok
2026-10-06T08:47:29.7826889Z test escaped_query_tag_errors_count_across_queries_delay_persist_and_reset_next_run ... ok
2026-10-06T08:47:36.1066534Z test none_disables_abandonment_for_real_escaped_store_failures ... ok
2026-10-06T08:47:36.1067090Z 
2026-10-06T08:47:36.1067791Z test result: ok. 11 passed; 0 failed; 0 ignored; 0 measured; 0 filtered out; finished in 16.65s
2026-10-06T08:47:36.1068405Z 
2026-10-06T08:47:36.1100255Z [1m[92m     Running[0m tests/url_queue.rs (target/debug/deps/url_queue-e2c1be4ce141c825)
2026-10-06T08:47:36.1128283Z 
2026-10-06T08:47:36.1128436Z running 11 tests
2026-10-06T08:47:36.2613316Z test a_queue_with_no_import_destination_pauses_its_files ... ok
2026-10-06T08:47:36.2790972Z test a_refusal_from_a_site_hydrus_logged_in_to_says_why ... ok
2026-10-06T08:47:36.3895661Z test existing_downloader_uses_edited_parser_and_new_link_after_reload ... ok
2026-10-06T08:47:36.4323071Z test a_gallery_url_in_a_url_queue_queues_its_posts ... ok
2026-10-06T08:47:36.5270464Z test missing_files_download_again_in_their_own_queue ... ok
2026-10-06T08:47:36.6220581Z test a_url_queue_downloads_posts_and_files ... ok
2026-10-06T08:47:37.4604455Z test files_import_while_later_gallery_pages_are_read ... ok
2026-10-06T08:47:37.6154038Z test running_gallery_searches_pick_up_capacity_growth_and_release_on_error ... ok
2026-10-06T08:47:38.1270675Z test queues_wait_while_their_downloads_are_paused_globally ... ok
2026-10-06T08:47:38.5871840Z test running_file_queues_keep_limits_when_lowered_and_release_on_cancel_or_owner_close ... ok
2026-10-06T08:47:39.4047274Z test a_file_that_fails_does_not_hold_up_the_rest_of_its_queue ... ok
2026-10-06T08:47:39.4048357Z 
2026-10-06T08:47:39.4049382Z test result: ok. 11 passed; 0 failed; 0 ignored; 0 measured; 0 filtered out; finished in 3.29s
2026-10-06T08:47:39.4050303Z 
2026-10-06T08:47:39.4084606Z [1m[92m     Running[0m tests/watchers.rs (target/debug/deps/watchers-20e25d328bf3f7c5)
2026-10-06T08:47:39.4113341Z 
2026-10-06T08:47:39.4113545Z running 2 tests
2026-10-06T08:47:39.7688133Z test watcher_checks_share_their_own_live_capacity_and_owner_close_releases_it ... ok
2026-10-06T08:47:39.8327964Z test a_watcher_follows_a_thread_until_it_404s ... ok
2026-10-06T08:47:39.8328598Z 
2026-10-06T08:47:39.8329446Z test result: ok. 2 passed; 0 failed; 0 ignored; 0 measured; 0 filtered out; finished in 0.42s
2026-10-06T08:47:39.8330371Z 
2026-10-06T08:47:39.8348389Z [1m[92m     Running[0m unittests src/lib.rs (target/debug/deps/hydrus_downloader_exchange-53953a77e0e9a0c8)
2026-10-06T08:47:39.8359788Z 
2026-10-06T08:47:39.8359969Z running 0 tests
2026-10-06T08:47:39.8361748Z 
2026-10-06T08:47:39.8362222Z test result: ok. 0 passed; 0 failed; 0 ignored; 0 measured; 0 filtered out; finished in 0.00s
2026-10-06T08:47:39.8362818Z 
2026-10-06T08:47:39.8363351Z [1m[92m     Running[0m tests/external_calls.rs (target/debug/deps/external_calls-32dab097596eb93a)
2026-10-06T08:47:39.8372835Z 
2026-10-06T08:47:39.8373019Z running 2 tests
2026-10-06T08:47:39.8388671Z test import_rejects_wrong_classes_and_mixed_invalid_packages_before_staging_any_call ... ok
2026-10-06T08:47:39.8405276Z test actual_qt_callable_exports_and_manager_round_trip_without_losing_identity_or_process_options ... ok
2026-10-06T08:47:39.8405821Z 
2026-10-06T08:47:39.8406112Z test result: ok. 2 passed; 0 failed; 0 ignored; 0 measured; 0 filtered out; finished in 0.00s
2026-10-06T08:47:39.8406500Z 
2026-10-06T08:47:39.8408425Z [1m[92m     Running[0m tests/import_options.rs (target/debug/deps/import_options-a70a18917bd1cb2b)
2026-10-06T08:47:39.8418664Z 
2026-10-06T08:47:39.8419042Z running 2 tests
2026-10-06T08:47:39.8453989Z test wrong_objects_and_future_versions_are_rejected ... ok
2026-10-06T08:47:39.8494652Z test recorded_containers_round_trip_all_native_fields_and_pngs ... ok
2026-10-06T08:47:39.8495190Z 
2026-10-06T08:47:39.8495657Z test result: ok. 2 passed; 0 failed; 0 ignored; 0 measured; 0 filtered out; finished in 0.01s
2026-10-06T08:47:39.8496244Z 
2026-10-06T08:47:39.8497543Z [1m[92m     Running[0m tests/interchange.rs (target/debug/deps/interchange-9445052f693b0646)
2026-10-06T08:47:39.8511928Z 
2026-10-06T08:47:39.8512108Z running 12 tests
2026-10-06T08:47:39.8522539Z test formula_metadata_survives_native_serialization_and_edits_take_precedence ... ok
2026-10-06T08:47:39.8525461Z test malformed_old_versions_return_errors_before_any_package_can_be_staged ... ok
2026-10-06T08:47:39.8549936Z test date_conversions_keep_reference_codes_through_definition_exchange ... ok
2026-10-06T08:47:39.8579372Z test old_plain_json_png_is_still_importable ... ok
2026-10-06T08:47:39.8759323Z test authored_static_formulas_roundtrip ... ok
2026-10-06T08:47:39.8859540Z test older_formats_upgrade_or_reject_without_partial_packages ... ok
2026-10-06T08:47:39.9029790Z test registered_mixed_login_package_preserves_json_png_rules_and_rejects_partial_decoding ... ok
2026-10-06T08:47:39.9059460Z test selected_processing_steps_match_qt_clipboard_and_png_exports ... ok
2026-10-06T08:47:39.9169860Z test subsidiary_contexts_follow_stable_page_keys_when_children_are_sorted_and_renamed ... ok
2026-10-06T08:47:39.9302721Z test malformed_png_and_compression_never_allocate_unbounded_data ... ok
2026-10-06T08:47:39.9406251Z test reference_json_and_real_png_roundtrip_without_losing_subsidiary_or_editor_data ... ok
2026-10-06T08:47:40.2260997Z test maximum_documented_definition_count_roundtrips_and_the_next_one_is_rejected ... ok
2026-10-06T08:47:40.2261701Z 
2026-10-06T08:47:40.2262150Z test result: ok. 12 passed; 0 failed; 0 ignored; 0 measured; 0 filtered out; finished in 0.37s
2026-10-06T08:47:40.2262796Z 
2026-10-06T08:47:40.2277352Z [1m[92m     Running[0m tests/logins.rs (target/debug/deps/logins-82f5bdd36ff4ba52)
2026-10-06T08:47:40.2291969Z 
2026-10-06T08:47:40.2292236Z running 3 tests
2026-10-06T08:47:40.2346699Z test login_validation_matches_python_and_rejects_mixed_packages_atomically ... ok
2026-10-06T08:47:40.2351106Z test native_veto_default_matcher_uses_python_constructor_empty_match_value ... ok
2026-10-06T08:47:40.2367947Z test login_scripts_preserve_reference_fields_and_upgrade_cookie_names ... ok
2026-10-06T08:47:40.2368514Z 
2026-10-06T08:47:40.2369173Z test result: ok. 3 passed; 0 failed; 0 ignored; 0 measured; 0 filtered out; finished in 0.01s
2026-10-06T08:47:40.2369591Z 
2026-10-06T08:47:40.2371899Z [1m[92m     Running[0m tests/routers.rs (target/debug/deps/routers-93dc1ba930b94b47)
2026-10-06T08:47:40.2382572Z 
2026-10-06T08:47:40.2382746Z running 3 tests
2026-10-06T08:47:40.2450007Z test router_exchange_rejects_incompatible_or_lossy_packages_atomically ... ok
2026-10-06T08:47:40.2519407Z test recorded_router_queues_preserve_editor_fields_and_reference_png ... ok
2026-10-06T08:47:40.2554487Z test inspected_packages_preserve_routers_with_recognised_other_objects ... ok
2026-10-06T08:47:40.2555037Z 
2026-10-06T08:47:40.2555436Z test result: ok. 3 passed; 0 failed; 0 ignored; 0 measured; 0 filtered out; finished in 0.02s
2026-10-06T08:47:40.2555977Z 
2026-10-06T08:47:40.2564744Z [1m[92m     Running[0m tests/seed_caches.rs (target/debug/deps/seed_caches-7edac3f0543c961e)
2026-10-06T08:47:40.2580948Z 
2026-10-06T08:47:40.2581097Z running 2 tests
2026-10-06T08:47:40.3033520Z test unsafe_or_malformed_history_fails_explicitly_without_truncating_a_package ... ok
2026-10-06T08:47:40.3050993Z test historical_cache_versions_replay_exact_qt_history_headers_and_list_exports ... ok
2026-10-06T08:47:40.3051611Z 
2026-10-06T08:47:40.3052024Z test result: ok. 2 passed; 0 failed; 0 ignored; 0 measured; 0 filtered out; finished in 0.05s
2026-10-06T08:47:40.3052609Z 
2026-10-06T08:47:40.3056326Z [1m[92m     Running[0m tests/subscription_import.rs (target/debug/deps/subscription_import-03f2d8ddd935f38d)
2026-10-06T08:47:40.3071799Z 
2026-10-06T08:47:40.3071994Z running 2 tests
2026-10-06T08:47:40.3219936Z test recorded_nested_packages_warn_after_preserving_complete_permitted_objects ... ok
2026-10-06T08:47:40.3254160Z test future_nested_objects_and_limits_fail_before_any_list_objects_are_returned ... ok
2026-10-06T08:47:40.3254645Z 
2026-10-06T08:47:40.3254928Z test result: ok. 2 passed; 0 failed; 0 ignored; 0 measured; 0 filtered out; finished in 0.02s
2026-10-06T08:47:40.3255282Z 
2026-10-06T08:47:40.3263244Z [1m[92m     Running[0m tests/subscriptions.rs (target/debug/deps/subscriptions-e6ea53fd2f0063f4)
2026-10-06T08:47:40.3278367Z 
2026-10-06T08:47:40.3278955Z running 4 tests
2026-10-06T08:47:40.3396440Z test subscription_exchange_reports_missing_logs_and_rejects_invalid_packages_atomically ... ok
2026-10-06T08:47:40.3486286Z test actual_subscription_clipboard_and_png_retain_settings_headers_and_both_histories ... ok
2026-10-06T08:47:40.3494358Z test malformed_and_unsupported_legacy_subscriptions_fail_without_reducing_history ... ok
2026-10-06T08:47:40.3767791Z test actual_legacy_subscription_list_imports_match_converted_settings_histories_and_caches ... ok
2026-10-06T08:47:40.3768487Z 
2026-10-06T08:47:40.3769132Z test result: ok. 4 passed; 0 failed; 0 ignored; 0 measured; 0 filtered out; finished in 0.05s
2026-10-06T08:47:40.3769722Z 
2026-10-06T08:47:40.3777728Z [1m[92m     Running[0m tests/subsidiaries.rs (target/debug/deps/subsidiaries-9fe403ec36e0192f)
2026-10-06T08:47:40.3793958Z 
2026-10-06T08:47:40.3794141Z running 2 tests
2026-10-06T08:47:40.3831244Z test incompatible_or_unsupported_subsidiary_packages_are_rejected_before_staging ... ok
2026-10-06T08:47:40.3865348Z test real_reference_subsidiary_clipboard_and_png_preserve_recursive_wrappers ... ok
2026-10-06T08:47:40.3865744Z 
2026-10-06T08:47:40.3866012Z test result: ok. 2 passed; 0 failed; 0 ignored; 0 measured; 0 filtered out; finished in 0.01s
2026-10-06T08:47:40.3866371Z 
2026-10-06T08:47:40.3871057Z [1m[92m     Running[0m unittests src/lib.rs (target/debug/deps/hydrus_gui_model-e796d6a368398922)
2026-10-06T08:47:40.3891793Z 
2026-10-06T08:47:40.3891970Z running 39 tests
2026-10-06T08:47:40.3907344Z test duplicate_filter::tests::deletion_reasons_read_as_the_reference_writes_them ... ok
2026-10-06T08:47:40.3914897Z test favourites::tests::names_are_made_unique_as_the_reference_makes_them ... ok
2026-10-06T08:47:40.3915807Z test list_selection::tests::a_selection_follows_its_items ... ok
2026-10-06T08:47:40.3916698Z test list_selection::tests::clicks_select_as_qt_s_extended_selection ... ok
2026-10-06T08:47:40.3917520Z test main_menu::tests::a_disabled_menu_does_not_open ... ok
2026-10-06T08:47:40.3918249Z test main_menu::tests::advanced_mode_offers_to_nudge_subscriptions ... ok
2026-10-06T08:47:40.3919712Z test main_menu::tests::entries_hydrus_rs_cannot_do_are_not_usable ... ok
2026-10-06T08:47:40.3920222Z test main_menu::tests::closed_pages_are_offered_latest_first ... ok
2026-10-06T08:47:40.3920717Z test main_menu::tests::clicking_an_entry_chooses_it_unless_it_cannot_be ... ok
2026-10-06T08:47:40.3921469Z test main_menu::tests::hovering_opens_submenus_beside_their_entries ... ok
2026-10-06T08:47:40.3921959Z test main_menu::tests::keys_move_through_the_menus ... ok
2026-10-06T08:47:40.3922356Z test main_menu::tests::separators_show_as_qt_shows_them ... ok
2026-10-06T08:47:40.3923196Z test main_menu::tests::mnemonics_open_the_bar_s_menus ... ok
2026-10-06T08:47:40.3924329Z test main_menu::tests::saved_sessions_of_its_own_can_be_saved_over_and_deleted ... ok
2026-10-06T08:47:40.3925238Z test main_menu::tests::several_folders_get_a_check_all_and_one_does_not ... ok
2026-10-06T08:47:40.3926125Z test main_menu::tests::the_history_is_numbered_latest_first_and_kept_to_twenty ... ok
2026-10-06T08:47:40.3927046Z test main_menu::tests::the_pending_menu_lists_repositories_with_content_a_to_z ... ok
2026-10-06T08:47:40.4941093Z test options::tests::only_the_options_changed_are_set ... ok
2026-10-06T08:47:40.4956810Z test options::tests::thumbnail_rating_sizes_go_up_to_the_thumbnails_width ... ok
2026-10-06T08:47:40.4970982Z test options::tests::the_search_finds_options_by_their_labels_and_boxes ... ok
2026-10-06T08:47:40.4972098Z test options::tests::the_editor_edits_the_page_shown ... ok
2026-10-06T08:47:40.4973079Z test options::tests::times_show_as_the_references_fields ... ok
2026-10-06T08:47:40.5600864Z test options::tests::times_rates_and_text_that_may_be_none_are_edited ... ok
2026-10-06T08:47:40.5606847Z test options::tests::values_that_cant_be_had_are_left_saying_why ... ok
2026-10-06T08:47:40.5649801Z test page_chooser::tests::menus_lead_to_pages_as_in_the_reference ... ok
2026-10-06T08:47:40.6130387Z test predicate_editors::defaults::tests::namespace_shortcuts_and_empty_results_follow_the_actual_star_menu ... ok
2026-10-06T08:47:40.6689813Z test page_chooser::tests::file_domains_are_offered_by_name ... ok
2026-10-06T08:47:40.7190178Z test predicate_editors::defaults::tests::star_regex_save_skips_accept_validation_like_the_actual_reference ... ok
2026-10-06T08:47:40.7191562Z test predicate_editors::special::tests::hashes_are_read_as_the_reference_reads_them ... ok
2026-10-06T08:47:40.7219621Z test predicate_editors::special::tests::lines_are_summed_up_as_the_reference_sums_them ... ok
2026-10-06T08:47:40.7249555Z test predicate_editors::tests::a_date_is_read_as_typed ... ok
2026-10-06T08:47:40.7279544Z test predicate_editors::tests::rating_is_offered_with_a_rating_service_and_the_rest_everywhere ... ok
2026-10-06T08:47:40.7280668Z test predicate_editors::tests::time_fields_split_a_span_into_its_units ... ok
2026-10-06T08:47:40.7281672Z test sort::tests::choices_are_named_and_ordered_as_the_reference_orders_them ... ok
2026-10-06T08:47:40.7309573Z test status::bandwidth_tests::only_what_is_read_while_the_client_is_open_counts ... ok
2026-10-06T08:47:40.7339406Z test status::bandwidth_tests::the_network_part_reads_as_the_reference_s ... ok
2026-10-06T08:47:40.7349647Z test predicate_editors::defaults::tests::service_keys_and_fractional_viewtime_survive_reordered_contexts_and_reopening ... ok
2026-10-06T08:47:41.3572977Z test predicate_editors::defaults::tests::comparability_replays_all_reference_subtypes_and_rating_services ... ok
2026-10-06T08:47:42.4544017Z test predicate_editors::defaults::tests::all_recorded_panel_families_restore_typed_defaults_and_explicit_inputs ... ok
2026-10-06T08:47:42.4544827Z 
2026-10-06T08:47:42.4545242Z test result: ok. 39 passed; 0 failed; 0 ignored; 0 measured; 0 filtered out; finished in 2.07s
2026-10-06T08:47:42.4545816Z 
2026-10-06T08:47:42.4564173Z [1m[92m     Running[0m tests/model/main.rs (target/debug/deps/model-57f5b48addde7534)
2026-10-06T08:47:42.4599429Z 
2026-10-06T08:47:42.4599612Z running 525 tests
2026-10-06T08:47:42.4630931Z test about::the_about_window_says_what_the_references_does ... ok
2026-10-06T08:47:42.4692960Z test active_predicates::actual_qt_inherited_copy_payloads_and_page_routes_match_all_recorded_selections ... ok
2026-10-06T08:47:42.4694858Z test active_predicates::actual_qt_commands_preserve_inverse_add_vs_ctrl_toggle_and_exact_result_sets ... ok
2026-10-06T08:47:42.4749357Z test active_predicates::supplied_size_and_limit_reopen_exact_values_despite_saved_creation_defaults ... ok
2026-10-06T08:47:42.4760238Z test active_predicates::mixed_controls_replay_real_qt_values_row_order_cancel_and_parser_vetoes ... ok
2026-10-06T08:47:42.7909730Z test api_update_toasts::all_recorded_apply_cancel_reopen_cases_and_concurrent_width_survive ... ok
2026-10-06T08:47:42.8381113Z test archive_delete_policies::real_independent_controls_cancel_reopen_merge_and_retained_legacy_native_precedence ... ok
2026-10-06T08:47:42.9347427Z test animation_start::recorded_raw_constructor_cancel_unchanged_apply_reopen_and_scoped_merge ... ok
2026-10-06T08:47:42.9364865Z test archive_repair::captured_scan_preserves_intervening_edits_and_cancellation_rolls_back_content_transaction ... ok
2026-10-06T08:47:42.9435527Z test auto_resolution_exchange::exported_rules_import_again ... ok
2026-10-06T08:47:42.9572649Z test auto_resolution_exchange::the_reference_s_serialised_rules_import ... ok
2026-10-06T08:47:42.9582266Z test auto_resolution_review::approving_and_denying_report_progress_as_the_reference_s ... ok
2026-10-06T08:47:43.0532403Z test archive_delete_policies::replaced_domain_identity_rejects_entire_commit_before_archiving_kept_files ... ok
2026-10-06T08:47:43.0596116Z test auto_resolution_rules::a_new_rule_searches_as_the_references_add_does ... ok
2026-10-06T08:47:43.0639770Z test auto_resolution_rules::add_offers_the_references_comparators ... ok
2026-10-06T08:47:43.0709065Z test auto_resolution_rules::rules_rows_and_comparators_are_the_references ... ok
2026-10-06T08:47:43.1343552Z test archive_repair::exact_global_scan_questions_population_writes_and_reopened_times_match_reference ... ok
2026-10-06T08:47:43.1958232Z test auto_resolution_review::each_rules_tabs_list_its_pairs_as_the_reference ... ok
2026-10-06T08:47:43.1994105Z test checker_options::edits_change_the_editor_as_the_references ... ok
2026-10-06T08:47:43.2014216Z test checker_options::ok_asks_as_the_references_does ... ok
2026-10-06T08:47:43.2018136Z test checker_options::ok_raises_times_below_their_least ... ok
2026-10-06T08:47:43.3170291Z test autocomplete_tabs::literal_favourite_rows_remain_selected_as_tags_until_explicitly_deselected ... ok
2026-10-06T08:47:43.3235234Z test checker_options::the_editor_opens_as_the_references ... ok
2026-10-06T08:47:43.3272616Z test checker_options::the_reasonable_defaults_are_the_references ... ok
2026-10-06T08:47:43.3275404Z test client_api_admin::browser_url_uses_reported_listener_over_cli_overridden_service_settings ... ok
2026-10-06T08:47:43.4208430Z test client_api_admin::listener_settings_preserve_unrelated_services_and_imported_flags ... ok
2026-10-06T08:47:43.4782368Z test checker_options::the_downloading_page_edits_the_default_checker_options ... ok
2026-10-06T08:47:43.4806552Z test autocomplete_tabs::read_and_write_selection_replay_the_same_qt_tabs_and_persist_only_accepted_edits ... ok
2026-10-06T08:47:43.4919864Z test clipboard_urls::changed_text_switches_and_url_policy_match_the_reference ... ok
2026-10-06T08:47:43.4935464Z test command_palette::calculator_matches_qt_precedence_integer_types_errors_and_special_values ... ok
2026-10-06T08:47:43.4948612Z test command_palette::defaults_and_provider_queue_match_the_qt_options_editor ... ok
2026-10-06T08:47:43.5011552Z test client_api_admin::reference_rows_permissions_questions_and_duplicates ... ok
2026-10-06T08:47:43.5022404Z test command_palette::late_workers_cannot_repopulate_a_new_query_or_closed_owner ... ok
2026-10-06T08:47:43.5037243Z test command_palette::providers_match_real_qt_order_limits_and_thresholds ... ok
2026-10-06T08:47:43.5073686Z test command_palette::unicode_casefold_expands_before_provider_and_menu_thresholds ... ok
2026-10-06T08:47:43.5518288Z test client_api_admin::staged_keys_cancel_persist_collision_and_stale_apply ... ok
2026-10-06T08:47:43.5670078Z test command_palette::each_live_provider_policy_reaches_its_results_and_preferences_persist ... ok
2026-10-06T08:47:43.5675995Z test database_backup::questions_name_the_paths_as_the_reference_does ... ok
2026-10-06T08:47:43.5689845Z test database_backup::the_menu_follows_the_backup_location_and_storage ... ok
2026-10-06T08:47:43.5690999Z test database_locations::rows_and_buttons_follow_the_reference ... ok
2026-10-06T08:47:43.7400203Z test content_undo::archiving_can_be_undone_and_redone_from_the_menu ... ok
2026-10-06T08:47:43.8074536Z test content_undo::tag_changes_name_their_service ... ok
2026-10-06T08:47:43.8100959Z test database_maintenance::the_menus_enable_the_jobs_hydrus_rs_runs ... ok
2026-10-06T08:47:43.8110750Z test datetime_editor::the_date_time_editor_works_as_the_references_does ... ok
2026-10-06T08:47:43.8117510Z test debug_actions::modal_countdown_and_env_dump_read_as_the_reference_s ... ok
2026-10-06T08:47:43.8120594Z test debug_actions::some_popups_are_the_reference_s_less_its_callbacks ... ok
2026-10-06T08:47:43.9154046Z test archive_delete_policies::actual_qt_domain_alternatives_priorities_delay_and_selected_transaction ... ok
2026-10-06T08:47:43.9456909Z test database_maintenance::questions_buttons_and_service_choices_are_the_reference_s ... ok
2026-10-06T08:47:44.1558266Z test delete_files::clean_delete_preserves_locked_files_and_remembered_fields_merge_with_options ... ok
2026-10-06T08:47:44.1681723Z test delete_files::mixed_existing_reasons_match_qt_preserve_each_file_and_do_not_replace_last_reason ... ok
2026-10-06T08:47:44.1697300Z test delete_files::reason_queue_matches_recorded_cancel_empty_duplicate_movement_and_delete ... ok
2026-10-06T08:47:44.1716564Z test downloader_definitions::domain_mask_queue_replays_staged_crud_and_insertion_order ... ok
2026-10-06T08:47:44.1790078Z test downloader_definitions::domain_mode_and_independent_tester_replay_reference_and_preserve_disabled_values ... ok
2026-10-06T08:47:44.2689895Z test downloader_definitions::drafts_preserve_identity_links_and_current_unrelated_settings ... ok
2026-10-06T08:47:44.2720129Z test downloader_definitions::editor_controls_change_matching_normalisation_and_validate_pagination ... ok
2026-10-06T08:47:44.3523055Z test downloader_definitions::generator_copies_nested_repair_and_delete_are_staged ... ok
2026-10-06T08:47:44.3528437Z test downloader_definitions::invalid_examples_and_defaults_cannot_be_committed ... ok
2026-10-06T08:47:44.4275725Z test downloader_definitions::previews_use_native_encoding_options_and_nested_columns_sort_by_count ... ok
2026-10-06T08:47:44.5020209Z test downloader_definitions::reference_rows_previews_and_vetoes_are_replayed ... ok
2026-10-06T08:47:44.5109984Z test downloader_definitions::selectable_preview_values_use_recorded_api_referral_and_gallery_consumers ... ok
2026-10-06T08:47:44.5132983Z test downloader_display::displayed_url_labels_filters_order_and_cap_replay_reference ... ok
2026-10-06T08:47:44.5160555Z test downloader_display::replay_actual_tri_state_questions_and_rows ... ok
2026-10-06T08:47:44.5956200Z test downloader_display::save_merges_only_edited_keys_and_preserves_concurrent_definitions ... ok
2026-10-06T08:47:44.5986690Z test downloader_interchange::an_api_pair_source_yields_to_its_eligible_target_during_parser_linking ... ok
2026-10-06T08:47:44.6010349Z test downloader_interchange::duplicate_class_relinks_the_runtime_winner_instead_of_the_first_equivalent_row ... ok
2026-10-06T08:47:44.6790606Z test downloader_interchange::imported_class_and_parser_link_reaches_the_live_registry ... ok
2026-10-06T08:47:44.7596251Z test downloader_interchange::mixed_login_cancel_malformed_and_stale_scripts_never_partially_save_downloaders ... ok
2026-10-06T08:47:44.8890690Z test downloader_interchange::mixed_login_import_replays_qt_duplicates_links_and_saved_consumer_without_exporting_credentials ... ok
2026-10-06T08:47:45.0140333Z test delete_files::physical_only_dialog_remembers_builtin_and_custom_service_keys_like_qt ... ok
2026-10-06T08:47:45.0675558Z test downloader_interchange::package_invalid_and_cancelled_staging_do_not_mutate_store_and_stale_apply_rolls_back ... ok
2026-10-06T08:47:45.0757327Z test downloader_interchange::reference_duplicate_rules_remap_nested_members_and_keep_auxiliary_context ... ok
2026-10-06T08:47:45.1521913Z test delete_files::advanced_reasons_match_actual_qt_defaults_existing_and_remembered_selection ... ok
2026-10-06T08:47:45.1650324Z test downloader_update_times::strict_deadlines_ratios_minimum_fallback_saved_changes_and_forcing_match_qt ... ok
2026-10-06T08:47:45.2032067Z test downloader_interchange::scoped_list_import_is_atomic_and_parser_save_preserves_original_context ... ok
2026-10-06T08:47:45.2053700Z test duplicate_colours::qcolor_rounding_and_independent_transparency_replay_actual_canvas_outputs ... ok
2026-10-06T08:47:45.4137370Z test duplicates_filtering::counts_and_random_groups_read_the_basic_client ... ok
2026-10-06T08:47:45.4160041Z test duplicates_filtering::edits_and_texts_follow_the_reference ... ok
2026-10-06T08:47:45.5220266Z test downloader_update_times::exact_constructor_fields_unchanged_apply_cancel_legacy_and_concurrent_field_merge ... ok
2026-10-06T08:47:45.5222082Z test duplicates_page::the_auto_resolution_rules_rows_are_the_references ... ok
2026-10-06T08:47:45.5223247Z test duplicates_page::the_preparation_tab_says_what_the_references_does ... ok
2026-10-06T08:47:45.6260784Z test duplicate_colours::options_keep_saved_zero_on_cancel_then_normalise_on_apply_and_preserve_concurrent_background ... ok
2026-10-06T08:47:45.6297347Z test edit_subscription::the_dialog_opens_as_the_references ... ok
2026-10-06T08:47:45.6335106Z test duplicates_filtering::resync_drops_pairs_of_files_out_of_local_storage ... ok
2026-10-06T08:47:45.6350092Z test embedded_metadata::basics_and_png_instruction_match_the_reference ... ok
2026-10-06T08:47:45.6351114Z test embedded_metadata::exif_sort_selection_and_raw_copy_match_the_reference ... ok
2026-10-06T08:47:45.6366648Z test existing_tags_filter::existing_filter_acceptance_enables_only_the_captured_service_and_round_trips ... ok
2026-10-06T08:47:45.6367951Z test edit_subscription::the_query_buttons_act_as_the_references ... ok
2026-10-06T08:47:45.6430845Z test duplicates_progress::qt_staging_persistence_and_scoped_save_drive_strict_caught_up_preparation_labels ... ok
2026-10-06T08:47:45.8909972Z test export_files::preview_and_confirmations_match_reference_panel ... ok
2026-10-06T08:47:45.8964563Z test export_files::cancellation_and_missing_sources_never_trash_partial_exports ... ok
2026-10-06T08:47:45.8971728Z test export_files::shared_pattern_menu_copies_recorded_phrases_including_its_heading ... ok
2026-10-06T08:47:45.9453778Z test export_files::copies_overwrite_existing_files_and_route_metadata ... ok
2026-10-06T08:47:46.1510619Z test export_files::selected_export_tags_counts_sort_selection_and_copy_match_actual_panel ... ok
2026-10-06T08:47:46.1560278Z test external_calls::actual_defaults_menu_routes_preserve_prior_selection_and_generate_unique_named_keys ... ok
2026-10-06T08:47:46.1581577Z test external_calls::actual_qt_sort_tie_break_casefold_and_duplicate_selection_routes ... ok
2026-10-06T08:47:46.1598135Z test external_calls::actual_reference_substitution_validation_and_argument_cleaning ... ok
2026-10-06T08:47:46.1659863Z test external_calls::cancelling_the_owner_terminates_and_reaps_its_started_direct_child ... ok
2026-10-06T08:47:46.1679919Z test export_files::sidecar_failure_blocks_trash_even_after_copy_and_success_trashes ... ok
2026-10-06T08:47:46.1693985Z test external_calls::command_parameter_queue_selection_reorder_and_keyboard_match_actual_qt ... ok
2026-10-06T08:47:46.1716608Z test external_calls::command_clipboard_review_and_cleaned_example_match_actual_qt ... ok
2026-10-06T08:47:46.1718588Z test external_calls::command_queue_reverse_edit_and_keyboard_origins_match_actual_qt ... ok
2026-10-06T08:47:46.1729262Z test external_calls::list_acceptance_retains_edit_key_and_selection_but_regenerates_import_and_duplicate_keys ... ok
2026-10-06T08:47:46.1746284Z test external_calls::duplicate_import_warnings_match_python_repr_and_all_size_boundaries ... ok
2026-10-06T08:47:46.2328049Z test export_files::symlinks_existing_links_and_hardlinks_preserve_source_content ... ok
2026-10-06T08:47:46.2817527Z test external_calls::saved_call_executes_owned_harmless_process_with_exact_single_argument_and_no_shell_interpretation ... ok
2026-10-06T08:47:46.4000962Z test favourite_search_editor::favourite_controls_replay_reference_domain_sort_collect_and_predicate_values ... ok
2026-10-06T08:47:46.4012320Z test file_history::dropping_worker_cancels_inflight_read_and_never_runs_pending_read ... ok
2026-10-06T08:47:46.4801363Z test ffmpeg_timeout::qt_options_cancel_bounds_reopen_and_concurrent_changes ... ok
2026-10-06T08:47:46.4812891Z test file_history::owned_worker_runs_only_latest_queued_query_and_discards_cancelled_closed_results ... ok
2026-10-06T08:47:46.4824839Z test file_log::clipboard_source_batches_match_actual_reference_imports ... ok
2026-10-06T08:47:46.5450278Z test file_log::renormalisation_collapses_later_duplicates_and_preserves_first_progress_and_metadata ... ok
2026-10-06T08:47:46.5463041Z test file_log::selected_import_objects_match_full_reference_clipboard_bytes ... ok
2026-10-06T08:47:46.5476512Z test file_log::selected_urls_are_one_exact_match_or_container ... ok
2026-10-06T08:47:46.6086884Z test file_history::global_and_filtered_series_ranges_visibility_refresh_and_cancel_match_actual_chart ... ok
2026-10-06T08:47:46.6097463Z test file_log::the_file_log_is_the_references ... ok
2026-10-06T08:47:46.6117754Z test file_maintenance_current::recorded_counts_selection_due_gate_and_numeric_sort_use_typed_identity ... ok
2026-10-06T08:47:46.6210086Z test file_log::source_png_carriers_import_actual_qt_exports_and_render_custom_headers ... ok
2026-10-06T08:47:46.6239671Z test file_maintenance_new::the_tab_says_what_the_reference_does ... ok
2026-10-06T08:47:46.6240839Z test file_relationships::a_file_alone_offers_only_a_search_reset ... ok
2026-10-06T08:47:46.6269718Z test file_relationships::a_grouped_file_shows_its_group_and_what_can_be_undone ... ok
2026-10-06T08:47:46.8095052Z test file_maintenance_new::chosen_files_get_the_job_queued ... ok
2026-10-06T08:47:46.8466891Z test file_relationships::setting_and_undoing_relationships_reaches_the_store ... ok
2026-10-06T08:47:47.0535159Z test file_view_removal::filter_content_pruning_reports_only_domain_departures_after_intervening_trash ... ok
2026-10-06T08:47:47.3381752Z test file_view_removal::filter_removal_matches_recorded_commit_gates_and_skipped_return_file ... ok
2026-10-06T08:47:47.3757945Z test filename_rules::advanced_lists_children_and_filename_consumers_match_real_reference ... ok
2026-10-06T08:47:47.3799794Z test filename_rules::both_original_regex_buttons_offer_the_recorded_help_components_and_favourites ... ok
2026-10-06T08:47:47.3821913Z test filename_rules::child_identity_is_frozen_and_unrelated_callbacks_preserve_it ... ok
2026-10-06T08:47:47.5768101Z test filename_simple::additive_entry_and_selected_union_replay_real_simple_panel_without_spreading_untouched_tags ... ok
2026-10-06T08:47:47.5820023Z test filename_simple::native_path_backend_matches_actual_reference_rebasing_and_mixed_separator_tags ... ok
2026-10-06T08:47:47.5869426Z test filename_tagging::rows_and_values_are_the_references ... ok
2026-10-06T08:47:47.5871781Z test filename_tagging::single_tags_are_shown_and_removed_for_the_selection ... ok
2026-10-06T08:47:47.5885914Z test filename_tagging::typed_regexes_and_quick_namespaces_are_checked ... ok
2026-10-06T08:47:47.5887202Z test filesize_predicate::choices_bounds_and_explicit_reopening_match_qt ... ok
2026-10-06T08:47:47.5888250Z test filetype_tree::groups_tick_their_filetypes_and_give_back_specific_ones ... ok
2026-10-06T08:47:47.6565691Z test folder_runs::named_then_all_folders_are_flagged_to_run ... ok
2026-10-06T08:47:47.7414993Z test file_view_removal::actual_qt_media_list_trash_move_and_physical_pruning_matrix ... ok
2026-10-06T08:47:47.7444815Z test folders::the_export_folder_dialog_is_the_references ... ok
2026-10-06T08:47:47.7459614Z test folders::the_import_folder_dialog_is_the_references ... ok
2026-10-06T08:47:47.7469566Z test folders::the_lists_name_what_they_add_and_edit_uniquely ... ok
2026-10-06T08:47:47.7487809Z test folders::the_lists_rows_are_the_references ... ok
2026-10-06T08:47:47.7517610Z test force_filetype::the_force_filetypes_dialog_is_the_reference_s ... ok
2026-10-06T08:47:47.7539601Z test force_idle::actual_toggle_checks_and_real_worker_entry_matrix ... ok
2026-10-06T08:47:47.7579744Z test formula_editors::fetched_documents_replay_reference_success_error_and_cancellation_context ... ok
2026-10-06T08:47:47.7599763Z test formula_editors::formula_editor_bulk_name_conflicts_match_reference ... ok
2026-10-06T08:47:47.7629734Z test formula_editors::formula_editor_controls_and_parses_match_reference ... ok
2026-10-06T08:47:47.7637132Z test formula_editors::formula_editor_rule_queue_matches_reference_actions ... ok
2026-10-06T08:47:47.7644602Z test formula_editors::formula_editor_type_and_named_list_actions_match_reference ... ok
2026-10-06T08:47:47.7645465Z test formula_editors::formula_editor_type_changes_use_fresh_defaults_and_preserve_separated_content ... ok
2026-10-06T08:47:47.7646241Z test formula_editors::formula_editors_preserve_other_kinds_and_inactive_rule_settings ... ok
2026-10-06T08:47:47.7646977Z test formula_editors::multiple_test_documents_retain_edits_sources_and_selected_child_order ... ok
2026-10-06T08:47:47.7647796Z test formula_editors::recursive_formula_fields_and_transformed_child_data_match_reference ... ok
2026-10-06T08:47:47.7648449Z test formula_editors::scalar_formula_controls_match_reference ... ok
2026-10-06T08:47:47.7650875Z test formula_editors::six_kind_chooser_defaults_match_reference ... ok
2026-10-06T08:47:47.7652137Z test formula_editors::zipper_member_queue_and_substitution_match_reference ... ok
2026-10-06T08:47:47.7654513Z test frame_locations::frame_table_defaults_cells_and_selected_actions_match_actual_qt ... ok
2026-10-06T08:47:47.8293523Z test folders::export_folder_examples_use_recorded_queries_limits_and_media_contexts ... ok
2026-10-06T08:47:47.8492067Z test frame_locations::named_geometry_transactions_preserve_peer_frames_and_latest_viewer_save_preference ... ok
2026-10-06T08:47:47.8551888Z test gallery_source::captions_and_installed_parser_functionality_match_real_reference ... ok
2026-10-06T08:47:47.8590018Z test gallery_source::key_wins_over_conflicting_name_and_cycles_are_bounded ... ok
2026-10-06T08:47:47.8713549Z test gallery_source::two_stage_choices_selection_cancellation_and_empty_warning_match_reference ... ok
2026-10-06T08:47:48.0142794Z test frame_locations::settings_keep_unknown_rows_and_merge_unedited_runtime_geometry ... ok
2026-10-06T08:47:48.0952816Z test gui_colours::all_twenty_six_rgb_roles_and_independent_tabs_stage_cancel_apply_and_reopen_like_qt ... ok
2026-10-06T08:47:48.2550002Z test gui_colours::old_imported_store_keeps_retained_legacy_rgb_until_native_values_take_precedence ... ok
2026-10-06T08:47:48.3060371Z test gui_colours::staged_role_changes_merge_with_live_help_switch_and_other_saved_rgb_roles ... ok
2026-10-06T08:47:48.3082949Z test gui_format::recorded_current_local_offsets_and_ancient_boundaries_match_python ... ok
2026-10-06T08:47:48.3140098Z test gui_format::recorded_summaries_previews_expiry_and_scheduling_variants_reach_existing_models ... ok
2026-10-06T08:47:48.7750253Z test gui_format::precision_reaches_existing_import_png_network_and_service_displays ... ok
2026-10-06T08:47:48.7789601Z test hash_predicate::cleanup_and_explicit_values_match_real_qt ... ok
2026-10-06T08:47:48.9737272Z test how_boned::the_basic_client_s_statistics_read_as_the_reference_s ... ok
2026-10-06T08:47:49.0360627Z test idle_timeout_options::edited_idle_thresholds_merge_without_overwriting_live_unrelated_preferences ... ok
2026-10-06T08:47:49.0720176Z test gui_format::staged_bounds_cancel_save_reopen_and_real_log_columns_match_qt ... ok
2026-10-06T08:47:49.1614442Z test idle_timeout_options::implicit_idle_normalisation_preserves_newer_fields_and_explicit_edits_still_apply ... ok
2026-10-06T08:47:49.1999470Z test idle_timeout_options::noneable_timeout_controls_replay_qt_defaults_floor_bounds_retention_and_reopen ... ok
2026-10-06T08:47:49.2029989Z test idle_timeout_options::saved_timeout_choices_replay_strict_qt_boot_activity_and_ignore_gates ... ok
2026-10-06T08:47:49.2129681Z test image_cache::actual_byte_timeout_and_percentage_controls_match_the_recording ... ok
2026-10-06T08:47:49.3364110Z test ffmpeg_timeout::already_open_import_review_uses_live_store_deadline_for_real_metadata_detection ... ok
2026-10-06T08:47:49.3437497Z test image_cache::actual_pending_rgb_rgba_touch_admission_soft_overflow_policy_and_expiry ... ok
2026-10-06T08:47:49.3866346Z test database_maintenance::accepted_runs_send_the_reference_s_popups ... ok
2026-10-06T08:47:49.4420442Z test image_cache::untouched_normalized_controls_preserve_concurrent_fields_but_explicit_edits_win ... ok
2026-10-06T08:47:49.4466831Z test import_options_editor::caller_defaults_lists_and_fallback_labels_match_real_reference_editors ... ok
2026-10-06T08:47:49.4507784Z test import_options_editor::defaults_editor_uses_parent_stack_and_retains_hidden_custom_kinds ... ok
2026-10-06T08:47:49.4549815Z test import_options_editor::each_kinds_summary_is_the_references ... ok
2026-10-06T08:47:49.4564735Z test import_options_editor::text_fields_read_and_write_lists_and_renames ... ok
2026-10-06T08:47:49.4579802Z test import_options_editor::the_editors_lists_are_the_references ... ok
2026-10-06T08:47:49.4617766Z test image_cache::actual_legacy_native_wins_changed_fields_and_raw_control_values_survive_reopen ... ok
2026-10-06T08:47:49.4653681Z test import_options_overwrite::favourite_add_rename_and_delete_preserve_reference_names_and_other_defaults ... ok
2026-10-06T08:47:49.4670375Z test import_options_panel::sorted_selection_frozen_clear_and_profile_identity_are_independent ... ok
2026-10-06T08:47:49.4720794Z test import_options_overwrite::shared_overwrite_presets_and_manual_default_match_real_dialog ... ok
2026-10-06T08:47:49.4920021Z test import_options_panel::three_lists_and_staged_actions_replay_the_reference ... ok
2026-10-06T08:47:49.4932217Z test import_work_slots::missing_and_raw_legacy_keys_preserve_independent_defaults ... ok
2026-10-06T08:47:49.5572543Z test import_work_slots::loaded_out_of_range_controls_normalize_only_on_unchanged_apply ... ok
2026-10-06T08:47:49.5576681Z test importer_menu::an_importers_own_presentation_is_named_and_not_offered_again ... ok
2026-10-06T08:47:49.5609422Z test importer_menu::presentation_summaries_are_the_references ... ok
2026-10-06T08:47:49.5610294Z test importer_menu::the_list_menus_are_the_references ... ok
2026-10-06T08:47:49.6110826Z test image_colour::qt_icc_checkbox_cancel_saved_reopen_preserves_concurrent_viewer_rules ... ok
2026-10-06T08:47:49.6279910Z test idle_timeout_options::raw_imported_seconds_normalise_only_on_unchanged_acceptance_as_qt_does ... ok
2026-10-06T08:47:49.7270336Z test import_work_slots::reference_controls_stay_staged_and_saved_limits_survive_reopening ... ok
2026-10-06T08:47:49.9280243Z test incremental_tagging::add_then_remove_retains_the_reference_deleted_mapping_in_private_preview ... ok
2026-10-06T08:47:49.9349847Z test incremental_tagging::actual_qt_initial_clamps_and_long_decimal_previews_preserve_safe_native_inference ... ok
2026-10-06T08:47:49.9379697Z test local_import_dialog::parsing_shows_its_progress_and_can_be_paused_and_stopped ... ok
2026-10-06T08:47:49.9398145Z test local_import_dialog::the_list_is_the_references ... ok
2026-10-06T08:47:49.9779511Z test incremental_tagging::actual_child_defaults_conflicts_reverse_pairs_and_nested_cancellation_replay ... ok
2026-10-06T08:47:50.0056172Z test incremental_tagging::initial_start_uses_actual_unicode_decimal_sorting_and_ignores_negative_subtags ... ok
2026-10-06T08:47:50.2706630Z test local_transfer::deleted_destination_restores_timestamp_and_stale_source_cannot_move ... ok
2026-10-06T08:47:50.3141719Z test local_transfer::actual_qt_options_defaults_drafts_and_field_scoped_save ... ok
2026-10-06T08:47:50.3169583Z test login_script_controls::script_cog_matches_qt_login_context_and_rejects_replaced_requests ... ok
2026-10-06T08:47:50.3235013Z test login_workflows::cookie_requirements_match_real_qt_pair_edits_cancel_and_duplicate_looking_keys ... ok
2026-10-06T08:47:50.3286395Z test login_workflows::credentials_match_reference_display_order_status_and_confirmation ... ok
2026-10-06T08:47:50.3429954Z test login_workflows::domain_add_change_and_delete_replay_all_recorded_prompt_chains ... ok
2026-10-06T08:47:50.4369121Z test login_workflows::domain_apply_preserves_concurrent_script_edits_and_rejects_domain_conflicts ... ok
2026-10-06T08:47:50.4457954Z test login_workflows::domain_credentials_replay_reference_validity_activation_cancel_and_delay_reset ... ok
2026-10-06T08:47:50.4480337Z test login_workflows::embedded_step_cookie_list_replays_sorted_pair_actions_and_confirmed_bulk_delete ... ok
2026-10-06T08:47:50.4559595Z test login_workflows::example_domains_replay_reference_defaults_duplicate_errors_and_final_cancel_acceptance ... ok
2026-10-06T08:47:50.4609131Z test login_workflows::login_domain_rows_replay_cookie_expiry_and_pretty_delay_reference ... ok
2026-10-06T08:47:50.4670033Z test login_workflows::login_step_content_replays_reference_unique_import_cancel_sort_and_request_cleanup ... ok
2026-10-06T08:47:50.4676711Z test login_workflows::preserved_credentials_load_then_native_save_controls_domain_warnings ... ok
2026-10-06T08:47:50.4706292Z test login_workflows::request_arguments_replay_real_qt_rename_duplicates_blank_values_and_cancel ... ok
2026-10-06T08:47:50.4759657Z test login_workflows::scripts_import_rename_and_delete_keep_reference_name_and_key_rules ... ok
2026-10-06T08:47:50.4762975Z test login_workflows::three_argument_lists_keep_independent_extended_selection_and_bulk_deletion ... ok
2026-10-06T08:47:50.5810550Z test local_transfer::stale_destination_membership_and_reused_service_id_never_retarget_a_question ... ok
2026-10-06T08:47:50.6657247Z test main_identity::implicit_name_normalisation_and_other_fields_preserve_concurrent_updates ... ok
2026-10-06T08:47:50.7088187Z test legacy_seed_caches::upgraded_historical_histories_reach_native_counts_restore_and_reopen_intact ... ok
2026-10-06T08:47:50.9510914Z test main_menu::repositories_add_their_pages_and_pending_menu ... ok
2026-10-06T08:47:51.0060061Z test main_menu::import_and_export_folders_are_offered_to_run_now ... ok
2026-10-06T08:47:51.0089398Z test manage_notes::copies_as_python_writes_json ... ok
2026-10-06T08:47:51.0117296Z test manage_notes::notes_dialog_steps_as_the_reference ... ok
2026-10-06T08:47:51.0140224Z test manage_notes::the_menu_counts_the_focused_files_notes ... ok
2026-10-06T08:47:51.0177396Z test main_identity::constructor_cancel_unchanged_apply_and_reopen_match_raw_qt_names ... ok
2026-10-06T08:47:51.1389445Z test main_menu::the_menu_bar_is_the_reference_s ... ok
2026-10-06T08:47:51.4380944Z test manage_tags_sort::independent_defaults_stage_cancel_apply_reopen_and_merge_only_changed_context ... ok
2026-10-06T08:47:51.6600167Z test manage_tag_counts::deleted_counts_status_rows_and_global_toggle_replay_apply_cancel_and_reopen ... ok
2026-10-06T08:47:51.8791087Z test manage_tags_sort::open_service_tabs_keep_local_sort_after_options_change_and_new_dialog_reads_default ... ok
2026-10-06T08:47:51.8820220Z test media_view_options::delete_spares_classes_and_add_copies_the_class ... ok
2026-10-06T08:47:51.8845554Z test media_view_options::rows_addable_types_and_editor_choices_are_the_reference_s ... ok
2026-10-06T08:47:51.9670327Z test manage_tags_sort::sibling_sort_uses_raw_tags_when_storage_sibling_information_is_disabled ... ok
2026-10-06T08:47:51.9817710Z test menu_choice_wheel::signed_wrap_and_empty_single_choice_signals_match_actual_qt ... ok
2026-10-06T08:47:52.1150988Z test menu_choice_wheel::simple_options_sort_retains_the_recorded_text_and_count_orders ... ok
2026-10-06T08:47:52.1439707Z test menu_choice_wheel::real_media_type_flat_order_unknown_current_and_matching_order_labels_match_qt ... ok
2026-10-06T08:47:52.2382643Z test menu_choice_wheel::staged_setting_saves_only_its_key_and_unchanged_draft_preserves_live_value ... ok
2026-10-06T08:47:52.3656826Z test merge_options_editor::the_editor_edits_merge_options_as_the_reference_does ... ok
2026-10-06T08:47:52.3669976Z test namespace_colours::edit_recolours_each_selected_entry_in_place ... ok
2026-10-06T08:47:52.7380144Z test merge_summaries::merges_are_summarised_as_the_reference ... ok
2026-10-06T08:47:52.7458109Z test namespace_colours::sorted_add_keeps_qt_positional_range_anchor_then_delete_resets_it ... ok
2026-10-06T08:47:52.7482879Z test namespace_sorts::duplicate_ids_and_frozen_edits_survive_selection_changes_cancel_and_removal ... ok
2026-10-06T08:47:52.7500769Z test namespace_sorts::replay_actual_queue_add_edit_escaped_names_views_moves_and_delete_answers ... ok
2026-10-06T08:47:52.7568561Z test namespace_colours::qt_namespace_add_normalization_protected_mixed_delete_and_options_cancel_reopen ... ok
2026-10-06T08:47:52.8543256Z test network_data::fresh_live_usage_wins_until_the_daemon_heartbeat_expires ... ok
2026-10-06T08:47:52.8758662Z test network_data::drafts_preserve_unrelated_edits_and_reject_changed_defaults ... ok
2026-10-06T08:47:52.8766932Z test network_data::replay_qt_bandwidth_rows_rules_and_questions ... ok
2026-10-06T08:47:52.8768154Z test network_job_control::cog_replays_actual_qt_context_submenu_and_phase_actions ... ok
2026-10-06T08:47:52.8769787Z test network_job_control::control_auto_policy_targets_future_requests_and_owner_clears_error_once ... ok
2026-10-06T08:47:52.9568448Z test network_data::reference_bandwidth_age_rule_filters_months_and_history_deletion ... ok
2026-10-06T08:47:52.9870856Z test network_sessions::automatic_header_questions_replay_reference_deduplicate_and_reject_changed_payloads ... ok
2026-10-06T08:47:53.0492467Z test manage_tags_sort::both_contexts_replay_all_real_sort_types_orders_siblings_and_groupings ... ok
2026-10-06T08:47:53.0585542Z test network_sessions::cleared_session_draft_preserves_a_later_request_cookie ... ok
2026-10-06T08:47:53.0842246Z test network_sessions::cookie_exchange_replays_reference_fields_questions_and_collisions ... ok
2026-10-06T08:47:53.1449834Z test network_sessions::header_case_groups_delete_exact_rows_and_reject_concurrent_variant_insertions ... ok
2026-10-06T08:47:53.1545705Z test network_sessions::detached_cookie_drafts_preserve_attributes_merge_and_reject_conflicts_atomically ... ok
2026-10-06T08:47:53.1547297Z test network_sessions::reference_rows_validation_and_confirmation ... ok
2026-10-06T08:47:53.1670787Z test network_sessions::headers_merge_unrelated_writes_and_cancel_and_reject_same_key_changes ... ok
2026-10-06T08:47:53.2432793Z test network_sessions::malformed_cookie_batches_never_partially_change_the_draft_and_browser_routes_silos ... ok
2026-10-06T08:47:53.2472330Z test open_externally::actual_qt_registered_choices_queue_order_and_protected_mime_rows ... ok
2026-10-06T08:47:53.2481450Z test open_externally::configured_empty_specific_and_missing_call_never_fall_through_custom_route ... ok
2026-10-06T08:47:53.3668348Z test open_externally::washing_renames_deduplicates_removes_missing_without_name_remap_and_persists ... ok
2026-10-06T08:47:53.3874891Z test local_transfer::recorded_copy_strict_and_merge_questions_drive_real_memberships ... ok
2026-10-06T08:47:53.4580698Z test options_dialog::advanced_network_ranges_and_clamps_match_the_reference ... ok
2026-10-06T08:47:53.4732577Z test options_dialog::application_names_and_exit_switch_apply_as_the_reference_does ... ok
2026-10-06T08:47:53.4835817Z test normal_time_maintenance::recorded_flags_cancel_apply_reopen_and_live_peer_preservation ... ok
2026-10-06T08:47:53.5079182Z test notes_preferences::actual_cog_copy_variants_and_options_persistence_replay ... ok
2026-10-06T08:47:53.5835517Z test options_dialog::export_default_directory_matches_recorded_blank_literal_and_portable_paths ... ok
2026-10-06T08:47:53.7710681Z test options_dialog::cursor_autohide_control_matches_reference_default_bounds_and_none ... ok
2026-10-06T08:47:53.7731305Z test options_dialog::eye_menu_preferences_follow_all_reference_combinations_without_saving_detached_edits ... ok
2026-10-06T08:47:53.7990253Z test options_dialog::closing_controls_stage_all_reference_preferences_without_persisting ... ok
2026-10-06T08:47:53.8372722Z test options_dialog::file_search_boolean_controls_replay_reference_defaults_and_staged_edits ... ok
2026-10-06T08:47:54.0247124Z test options_dialog::hash_prefix_control_matches_reference_default_and_checkbox ... ok
2026-10-06T08:47:54.0637504Z test options_dialog::file_search_limit_controls_stage_and_clamp_reference_values ... ok
2026-10-06T08:47:54.0638638Z test options_dialog::notebook_navigation_preferences_match_recorded_controls ... ok
2026-10-06T08:47:54.0700452Z test options_dialog::local_location_option_matches_reference_and_keeps_child_changes_staged ... ok
2026-10-06T08:47:54.1440537Z test options_dialog::regex_favourites_child_edits_wait_for_parent_apply ... ok
2026-10-06T08:47:54.1490515Z test options_dialog::remembered_options_pages_and_auxiliary_search_match_the_reference ... ok
2026-10-06T08:47:54.2140113Z test options_dialog::reopening_numeric_options_clamps_saved_advanced_values ... ok
2026-10-06T08:47:54.3013640Z test options_dialog::read_presentation_controls_match_reference_ranges_and_staged_values ... ok
2026-10-06T08:47:54.3222625Z test options_dialog::passive_background_controls_match_reference_and_stage_independent_copies ... ok
2026-10-06T08:47:54.3463820Z test options_dialog::removed_service_choices_clamp_drafts_and_service_names_are_searchable ... ok
2026-10-06T08:47:54.4100756Z test options_dialog::session_backup_count_matches_recorded_control_and_clamps ... ok
2026-10-06T08:47:54.5710287Z test options_dialog::system_sleep_controls_match_reference_and_clamp ... ok
2026-10-06T08:47:54.5780752Z test options_dialog::subscription_file_failure_limit_replays_qt_noneable_states_in_parent_transaction ... ok
2026-10-06T08:47:54.6187811Z test options_dialog::tag_service_controls_match_reference_and_remember_interlock ... ok
2026-10-06T08:47:54.6234465Z test options_dialog::subscription_concurrency_replays_recorded_clamps_and_committed_parent_states ... ok
2026-10-06T08:47:54.6492936Z test options_dialog::the_options_search_offers_what_the_references_does ... ok
2026-10-06T08:47:54.7845814Z test options_dialog::the_options_pages_are_the_references ... ok
2026-10-06T08:47:54.8438363Z test options_dialog::the_thumbnail_rating_sizes_go_up_to_the_thumbnails_width ... ok
2026-10-06T08:47:54.8514829Z test options_dialog::viewer_canvas_controls_match_reference_and_stage_bounded_values ... ok
2026-10-06T08:47:54.8785418Z test options_dialog::viewer_focus_controls_stage_independent_reference_policies ... ok
2026-10-06T08:47:55.0102753Z test options_dialog::viewer_hover_controls_replay_reference_enabled_states ... ok
2026-10-06T08:47:55.0119466Z test orphan_files::the_popup_says_what_was_cleared ... ok
2026-10-06T08:47:55.0984861Z test or_connector::qt_raw_blank_newline_cancel_reopen_and_live_namespace_changes_remain_isolated ... ok
2026-10-06T08:47:55.1054438Z test options_dialog::zoom_switch_and_animation_loop_controls_match_reference_and_stage_changes ... ok
2026-10-06T08:47:55.1080811Z test options_dialog::viewer_pointer_controls_stage_the_reference_drag_preferences ... ok
2026-10-06T08:47:55.1122219Z test page_layout::qt_live_sizes_saved_hidden_positions_and_signed_legacy_bounds ... ok
2026-10-06T08:47:55.1159348Z test page_navigation_options::history_limit_replays_actual_menu_without_discarding_backing_history ... ok
2026-10-06T08:47:55.1918099Z test page_layout::hide_draft_cancel_apply_reopen_preserves_concurrent_saved_sizes_and_exit_switch ... ok
2026-10-06T08:47:55.1950180Z test page_tree::cursor_expansion_and_activation_replay_actual_frame_tree ... ok
2026-10-06T08:47:55.1979870Z test page_tree::stable_keys_survive_reorder_rename_and_closed_cursor_without_stale_activation ... ok
2026-10-06T08:47:55.1980998Z test parser_editors::any_namespace_toggle_retains_the_disabled_namespace ... ok
2026-10-06T08:47:55.2033066Z test parser_editors::auto_fill_reference_owner_leaves_candidates_unapplied_and_reviews_api_pairs ... ok
2026-10-06T08:47:55.2821550Z test page_chooser_options::all_flag_combinations_replay_real_service_order_layout_and_choices ... ok
2026-10-06T08:47:55.2823967Z test parser_editors::content_change_keeps_unsupported_formula_and_note_newlines ... ok
2026-10-06T08:47:55.3320061Z test page_chooser_options::legacy_checkbox_defaults_are_imported_and_top_choices_remain_independent ... ok
2026-10-06T08:47:55.3327427Z test parser_editors::per_class_parser_choices_replay_matching_groups_and_validate_stable_keys ... ok
2026-10-06T08:47:55.3352649Z test parser_editors::recorded_content_kinds_and_runtime_previews ... ok
2026-10-06T08:47:55.3430144Z test parser_editors::recorded_recursive_subsidiaries_preserve_context_documents_and_runtime_outputs ... ok
2026-10-06T08:47:55.3448002Z test parser_editors::recorded_subsidiary_queue_import_and_duplicate_preserve_keys_and_select_new_rows ... ok
2026-10-06T08:47:55.3464757Z test parser_editors::test_context_rejects_invalid_duplicate_and_reserved_variables ... ok
2026-10-06T08:47:55.3490163Z test parser_editors::timestamp_editor_normalises_recorded_source_choice_and_preserves_converted_metadata ... ok
2026-10-06T08:47:55.3507868Z test parser_test_data::fetched_media_detection_tracks_example_selection_and_clears_on_text_changes ... ok
2026-10-06T08:47:55.3523867Z test page_navigation_options::imported_defaults_and_options_limits_replay_reference_spinbox_clamping ... ok
2026-10-06T08:47:55.3689295Z test parser_editors::native_parser_save_preserves_other_settings_and_rejects_stale_edits ... ok
2026-10-06T08:47:55.4168543Z test parser_test_data::typed_png_summary_and_header_keep_the_recorded_object_package ... ok
2026-10-06T08:47:55.4234261Z test popup_freeze::real_qt_hidden_and_minimized_states_do_not_use_focus_and_unknown_is_explicit ... ok
2026-10-06T08:47:55.4793472Z test parser_test_data::recorded_raw_data_previews_match_without_changing_the_parser_document ... ok
2026-10-06T08:47:55.5371238Z test popup_freeze::staged_cancel_save_reopen_and_concurrent_popup_fields_are_preserved ... ok
2026-10-06T08:47:55.5500055Z test parser_editors::changed_links_revalidate_current_class_capability_and_rollback_atomically ... ok
2026-10-06T08:47:55.5544739Z test predicate_history::actual_histories_replay_toggles_recency_cross_page_or_and_clear ... ok
2026-10-06T08:47:55.5546257Z test predicate_history::refused_inputs_reordering_and_stale_history_commands_do_not_mutate_recency ... ok
2026-10-06T08:47:55.5695693Z test popup_width::legacy_raw_integers_and_independent_edited_fields_are_preserved ... ok
2026-10-06T08:47:55.5888197Z test preview_default_zoom::exact_real_preview_geometry_uses_preview_rules_and_keeps_full_viewer_zooms ... ok
2026-10-06T08:47:55.7891020Z test physical_delete_delay::real_constructor_cancel_acceptance_reopen_fields_and_concurrent_policy_replacement ... ok
2026-10-06T08:47:55.7919858Z test quick_export_directory::actual_file_submenu_enables_and_selects_quick_export_directory ... ok
2026-10-06T08:47:55.8368551Z test preview_default_zoom::actual_qt_choices_staged_cancel_save_reopen_and_independent_viewer_policy ... ok
2026-10-06T08:47:55.8615090Z test preview_default_zoom::retained_legacy_fallback_and_native_wins_survive_store_reopen ... ok
2026-10-06T08:47:55.8794503Z test popup_width::qt_bounds_staging_cancel_loaded_normalisation_and_durable_reopen ... ok
2026-10-06T08:47:56.0576204Z test radio_return::cancelled_staging_changed_save_and_unchanged_concurrent_apply_match_actual_options ... ok
2026-10-06T08:47:56.0595543Z test ratings_editor::a_middle_click_count_sets_an_inc_dec_control_and_nothing_else ... ok
2026-10-06T08:47:56.0950129Z test ratings_editor::the_manage_ratings_dialog_works_as_the_references_does ... ok
2026-10-06T08:47:56.2966547Z test recent_predicates::each_editor_shows_its_pages_recent_predicates ... ok
2026-10-06T08:47:56.3019378Z test recent_predicates::predicates_have_the_reference_s_type_numbers ... ok
2026-10-06T08:47:56.3045854Z test regex_favourites::favourite_rows_and_input_boundaries_match_real_qt ... ok
2026-10-06T08:47:56.3070107Z test regex_favourites::legacy_favourites_load_until_native_values_including_empty_are_saved ... ok
2026-10-06T08:47:56.3100170Z test regex_favourites::matcher_favourite_menu_matches_actual_qt_actions_and_copy_payloads ... ok
2026-10-06T08:47:56.3129677Z test regex_favourites::readonly_row_input_menu_uses_saved_pairs_without_recursive_management ... ok
2026-10-06T08:47:56.3130728Z test regex_favourites::regex_clipboard_components_match_real_qt ... ok
2026-10-06T08:47:56.3199876Z test recent_predicates::recent_predicates_are_kept_as_the_reference_keeps_them ... ok
2026-10-06T08:47:56.3240055Z test related_weights::folded_header_sorts_add_selection_and_independent_tables_match_actual_qt ... ok
2026-10-06T08:47:56.3250784Z test related_weights::namespace_questions_and_detached_tables_match_actual_qt ... ok
2026-10-06T08:47:56.3900336Z test rating_sizes::four_sizes_replay_qt_ranges_fractional_values_cancel_and_reopen ... ok
2026-10-06T08:47:56.5040346Z test recent_predicates::the_reference_s_recent_predicates_come_across ... ok
2026-10-06T08:47:56.5048379Z test related_weights::search_and_result_weights_change_actual_qt_cosine_ranking_separately ... ok
2026-10-06T08:47:56.5083156Z test search_log::exchange_questions_replay_actual_reference_answers_and_complete_objects ... ok
2026-10-06T08:47:56.5129558Z test search_log::the_search_log_is_the_references ... ok
2026-10-06T08:47:56.5149696Z test search_or::advanced_boolean_preview_replays_all_operators_escapes_and_real_validation ... ok
2026-10-06T08:47:56.5169897Z test search_or::staged_or_replays_actual_read_broadcasts_rewind_cancel_and_single_unwrap ... ok
2026-10-06T08:47:56.5682775Z test related_weights::binary64_result_rounding_and_sibling_contexts_replay_the_actual_db ... ok
2026-10-06T08:47:56.5767729Z test related_weights::options_acceptance_merges_only_weights_and_preserves_live_unrelated_preferences ... ok
2026-10-06T08:47:56.5804492Z test selection::selecting_thumbnails_is_the_reference_s ... ok
2026-10-06T08:47:56.6760037Z test services_editor::cancel_name_collision_and_apply_publish_snapshot ... ok
2026-10-06T08:47:56.7219352Z test related_weights::real_service_mappings_replay_recorded_ranks_and_never_cross_service ... ok
2026-10-06T08:47:56.7861537Z test services_editor::deletion_reconciles_deleted_union_and_display_counts ... ok
2026-10-06T08:47:56.7869716Z test services_editor::numerical_example_one_star_retains_live_conversion_but_saves_normalized_scale ... ok
2026-10-06T08:47:56.7877151Z test services_editor::numerical_settings_normalize_as_reference ... ok
2026-10-06T08:47:56.7900565Z test services_editor::rating_example_whole_widget_pointer_routes_replay_qt ... ok
2026-10-06T08:47:56.7990541Z test services_editor::nonempty_domain_race_rejects_and_rolls_back_all_edits ... ok
2026-10-06T08:47:56.8467133Z test selected_deletion_records::captured_clearable_records_match_actual_reference_changes_during_question ... ok
2026-10-06T08:47:56.8780361Z test selected_deletion_records::real_writer_later_batch_error_preserves_first_commit_and_remaining_records ... ok
2026-10-06T08:47:56.8809716Z test services_review::deleted_record_double_confirmation_matches_reference ... ok
2026-10-06T08:47:56.9204002Z test services_editor::writer_rechecks_last_domain_and_rating_limits ... ok
2026-10-06T08:47:56.9933935Z test services_editor::rating_examples_replay_qt_samples_live_configuration_and_no_saved_values ... ok
2026-10-06T08:47:56.9960123Z test session_lifecycle::autosave_replays_idle_retries_period_changes_and_stopping_for_other_startup ... ok
2026-10-06T08:47:56.9971798Z test session_lifecycle::idle_requires_boot_user_mouse_and_api_timeouts_and_enabled_normal_work ... ok
2026-10-06T08:47:56.9991960Z test session_lifecycle::real_auxiliary_dialog_mouse_and_api_actions_update_independent_idle_timers ... ok
2026-10-06T08:47:57.0029477Z test session_lifecycle::recovery_question_matches_real_startup_dialog_labels_message_and_auto_yes_time ... ok
2026-10-06T08:47:57.0042653Z test session_lifecycle::size_warning_replays_real_threshold_seed_weight_disabled_and_one_boot_latch ... ok
2026-10-06T08:47:57.0074845Z test session_saving::backup_menu_labels_match_the_reference ... ok
2026-10-06T08:47:57.0090468Z test session_saving::clear_and_load_asks_as_the_references_does ... ok
2026-10-06T08:47:57.0122044Z test session_saving::saving_sessions_asks_and_saves_as_the_reference ... ok
2026-10-06T08:47:57.0123077Z test session_weight::the_report_weighs_files_as_one_and_urls_as_twenty ... ok
2026-10-06T08:47:57.0155480Z test set_password::scripted_answers_ask_and_save_as_the_reference ... ok
2026-10-06T08:47:57.0162461Z test services_editor::reference_rows_guards_and_defaults ... ok
2026-10-06T08:47:57.0199349Z test shortcut_capture::saved_keypad_policy_preserves_digits_and_resolves_non_number_alternates ... ok
2026-10-06T08:47:57.0219987Z test shortcut_capture::actual_qt_keyboard_and_mouse_controls_replay_exact_values_text_and_modes ... ok
2026-10-06T08:47:57.0697185Z test services_review::local_bulk_actions_match_recorded_confirmations_and_reject_wrong_service ... ok
2026-10-06T08:47:57.0742588Z test shortcut_content::the_editor_builds_and_reads_back_commands ... ok
2026-10-06T08:47:57.0809501Z test shortcut_sets::a_new_client_has_the_reference_s_default_sets ... ok
2026-10-06T08:47:57.0840516Z test shortcut_sets::custom_sets_are_named_apart_deleted_and_defaults_restored ... ok
2026-10-06T08:47:57.0867934Z test shortcut_sets::names_order_and_descriptions_are_the_reference_s ... ok
2026-10-06T08:47:57.0869116Z test shutdown_work::shutdown_work_runs_asks_or_skips_as_the_reference_decides ... ok
2026-10-06T08:47:57.1006109Z test services_review::review_matches_reference_statistics ... ok
2026-10-06T08:47:57.1940563Z test shutdown_work::the_work_analyzes_the_due_tables_and_registers_itself ... ok
2026-10-06T08:47:57.2223268Z test shortcut_content::ratings_set_flip_and_step ... ok
2026-10-06T08:47:57.2339363Z test shortcut_content::a_tag_is_added_then_flipped_off ... ok
2026-10-06T08:47:57.3087357Z test sidecar_descriptions::routers_are_described_as_the_reference_describes_them ... ok
2026-10-06T08:47:57.3211317Z test sibling_colours::qt_collapsed_parent_suffix_keeps_its_own_fade_and_ideal_trailing_colour ... ok
2026-10-06T08:47:57.3242526Z test sidecar_editors::recorded_router_queue_restrictions_veto_wrong_direction_and_sources ... ok
2026-10-06T08:47:57.3952867Z test sidecar_editors::json_object_name_queue_replays_literal_reference_rows_and_exporter_values ... ok
2026-10-06T08:47:57.4250743Z test sidecar_editors::recorded_router_tables_and_child_strings_use_real_sidecars_and_read_only_media ... ok
2026-10-06T08:47:57.6064945Z test sidecar_previews::each_files_sidecars_are_shown_as_the_reference_shows_them ... ok
2026-10-06T08:47:57.6088642Z test sibling_connector::connector_options_replay_stage_cancel_apply_and_live_consumers ... ok
2026-10-06T08:47:57.6312442Z test sidecar_editors::the_sidecar_editors_show_and_edit_as_the_reference_does ... ok
2026-10-06T08:47:57.6400743Z test string_converter_editor::date_controls_and_live_preview_follow_real_qt_accept_cancel_and_reorder ... ok
2026-10-06T08:47:57.6434619Z test string_converter_editor::last_conversion_loads_reference_options_then_native_override ... ok
2026-10-06T08:47:57.6596630Z test string_converter_editor::the_string_converter_editor_works_as_the_references_does ... ok
2026-10-06T08:47:57.6635500Z test string_match_editor::the_string_match_editor_works_as_the_references_does ... ok
2026-10-06T08:47:57.6642282Z test string_processor_editor::processor_exchange_appends_reference_steps_and_rejects_invalid_data_atomically ... ok
2026-10-06T08:47:57.6799882Z test string_processor_editor::the_string_processor_editor_works_as_the_references_does ... ok
2026-10-06T08:47:57.6829815Z test string_tag_filter_tests::a_tag_filter_step_tests_its_example_as_the_references_does ... ok
2026-10-06T08:47:57.7657873Z test subscription_exchange::draft_log_changes_export_exact_reference_counts_examples_and_complete_histories ... ok
2026-10-06T08:47:57.7690254Z test subscription_exchange::missing_history_question_matches_actual_qt_message_title_and_decisions ... ok
2026-10-06T08:47:57.8400426Z test subscription_exchange::staged_full_subscription_import_resolves_names_and_persists_both_histories ... ok
2026-10-06T08:47:57.8448555Z test sort_cog::actual_sidebar_availability_and_independent_collect_service_checks ... ok
2026-10-06T08:47:57.8464882Z test subscription_exchange::unsupported_seed_runtime_data_leaves_the_entire_owner_draft_unchanged ... ok
2026-10-06T08:47:57.8500186Z test subscription_import_options::subscription_paste_modes_and_clear_match_recorded_reference_outputs ... ok
2026-10-06T08:47:57.8510034Z test subscriptions_buttons::batch_merge_reserves_names_after_absorption_and_keeps_successor_edits ... ok
2026-10-06T08:47:57.8649975Z test sort_cog::menus_replay_service_order_separators_views_checks_and_full_context_preservation ... ok
2026-10-06T08:47:57.8696946Z test subscriptions_dedupe::deduplicate_asks_and_dedupes_as_the_reference ... ok
2026-10-06T08:47:57.8864904Z test subscriptions_list::the_dialogs_buttons_act_as_the_references ... ok
2026-10-06T08:47:57.8890469Z test subscriptions_list::the_list_sorts_by_the_column_chosen ... ok
2026-10-06T08:47:57.8929778Z test subscriptions_list::the_lists_rows_are_the_references ... ok
2026-10-06T08:47:57.8970067Z test system_or_activation::actual_system_activation_replays_shift_cancel_drafts_and_outer_acceptance ... ok
2026-10-06T08:47:57.8972186Z test subscriptions_buttons::the_other_buttons_act_as_the_references ... ok
2026-10-06T08:47:57.8973353Z test tab_context::menus_expose_six_sorts_and_only_possible_moves ... ok
2026-10-06T08:47:57.8974588Z test tab_context::notebook_session_submenus_match_actual_tab_popup_reserved_name_rules ... ok
2026-10-06T08:47:57.8975777Z test tab_context::sorts_and_moves_match_the_reference ... ok
2026-10-06T08:47:57.8977086Z test tab_context::dynamic_close_select_move_and_sort_menus_match_real_reference ... ok
2026-10-06T08:47:57.8990352Z test tab_drag::drag_threshold_disabled_and_cancel_are_owned_and_deterministic ... ok
2026-10-06T08:47:57.9017146Z test tab_drag::real_drop_order_and_independent_shift_decisions_preserve_the_source_object ... ok
2026-10-06T08:47:58.0272887Z test sibling_colours::qt_sibling_colours_stage_cancel_apply_reopen_and_all_live_model_runs ... ok
2026-10-06T08:47:58.0300381Z test tab_presentation::middle_names_replay_actual_qt_paint_without_changing_stored_names ... ok
2026-10-06T08:47:58.0503353Z test tag_banner::detached_banner_drafts_match_actual_qt_queue_and_live_preview ... ok
2026-10-06T08:47:58.0855515Z test subscription_quality::durable_logs_and_current_file_states_match_reference_quality_outputs ... ok
2026-10-06T08:47:58.0872780Z test tag_banner::unicode_decimal_chunk_order_and_live_preview_match_actual_qt ... ok
2026-10-06T08:47:58.1224955Z test tag_banner::option_banner_children_stage_by_original_target_and_save_only_with_parent ... ok
2026-10-06T08:47:58.1640835Z test tab_drag::independent_drag_preferences_replay_exact_qt_options_cancel_save_and_reopen ... ok
2026-10-06T08:47:58.3955156Z test tag_dialog_defaults::tag_service_defaults_and_immediate_memory_replay_reference_dialogs ... ok
2026-10-06T08:47:58.4116403Z test tag_dialog_preferences::options_defaults_stage_cancel_apply_and_preserve_autocomplete_preferences ... ok
2026-10-06T08:47:58.5328185Z test tag_display::deleting_the_last_applied_source_preserves_disabled_self_rules ... ok
2026-10-06T08:47:58.6080806Z test tag_display::staged_interlocks_match_reference ... ok
2026-10-06T08:47:58.6097291Z test tag_display::widget_options_gate_gui_queries_only ... ok
2026-10-06T08:47:58.7679683Z test tag_display::queues_disable_reorder_reopen_counts_daemon_and_clear_filter ... ok
2026-10-06T08:47:58.7739768Z test tag_filter_editor::the_editor_shows_and_edits_a_filter_as_the_reference_does ... ok
2026-10-06T08:47:58.8582426Z test tag_filter_favourites::concurrent_favourite_saves_merge_and_invalid_exchange_cannot_change_settings ... ok
2026-10-06T08:47:58.8598636Z test tag_filter_favourites::reference_bulk_paste_and_extra_blacklist_panels_keep_rule_and_test_semantics ... ok
2026-10-06T08:47:58.9063135Z test tag_display::write_autocomplete_uses_override_or_launcher_domain_and_rejects_tag_locations ... ok
2026-10-06T08:47:58.9225687Z test tag_dialog_preferences::storage_rows_and_service_topologies_replay_all_reference_combinations ... ok
2026-10-06T08:47:58.9630405Z test tag_filter_favourites::reference_favourite_workflow_preserves_cancelled_drafts_and_saves_immediately ... ok
2026-10-06T08:47:58.9642106Z test tag_migration::migration_popup_speed_and_phase_text_replay_actual_qt_outputs ... ok
2026-10-06T08:47:58.9815015Z test tag_migration::archive_inspection_choices_cancellation_and_count_summaries_match_qt ... ok
2026-10-06T08:47:59.0188526Z test tab_presentation::legacy_defaults_and_staged_controls_replay_actual_options_then_reopen ... ok
2026-10-06T08:47:59.0570140Z test tag_migration::reference_choices_and_second_confirmation ... ok
2026-10-06T08:47:59.1628570Z test tag_migration::pair_summary_replays_equal_asymmetric_and_equal_text_distinct_filters ... ok
2026-10-06T08:47:59.2700349Z test tag_namespace_order::namespace_changes_merge_with_concurrent_presentation_edits_and_unchanged_list ... ok
2026-10-06T08:47:59.2721006Z test tag_namespace_order::raw_allow_blank_queue_actions_and_all_tag_sorts_match_qt ... ok
2026-10-06T08:47:59.3255397Z test tag_migration::reference_database_pending_outcomes ... ok
2026-10-06T08:47:59.3510787Z test tag_relationships::apply_republishes_graphs_and_counts_atomically_and_rolls_back_errors ... ok
2026-10-06T08:47:59.3660314Z test tag_list_display_types::exact_choices_stage_cancel_apply_reopen_and_preserve_old_payload_defaults ... ok
2026-10-06T08:47:59.4086176Z test tag_relationships::changes_refresh_other_services_applying_the_source ... ok
2026-10-06T08:47:59.4418177Z test tag_relationships::invalid_batch_graphs_are_reported_and_leave_valid_relationships_untouched ... ok
2026-10-06T08:47:59.4635933Z test tag_relationships::per_service_inputs_cancel_import_and_selection ... ok
2026-10-06T08:47:59.4637649Z test tag_suggestions::broadcast_keeps_selected_tag_identity_but_switching_services_retires_selection ... ok
2026-10-06T08:47:59.5330996Z test tag_relationships::repository_changes_keep_reasons_and_rescinds_across_reopen ... ok
2026-10-06T08:47:59.5651037Z test tag_migration::reference_database_pair_filters_and_destinations ... ok
2026-10-06T08:47:59.6333794Z test tag_sync_review::a_service_counts_its_rules ... ok
2026-10-06T08:47:59.6336288Z test tag_sync_review::the_status_follows_the_sync_switches ... ok
2026-10-06T08:47:59.7767461Z test tag_relationships::reference_rows_questions_conflicts_and_loops ... ok
2026-10-06T08:47:59.7774551Z test thumbnail_cache::byte_amount_unit_decomposition_matches_real_qt_controls ... ok
2026-10-06T08:47:59.7787456Z test thumbnail_cache::byte_lru_soft_overflow_timeout_touch_policy_and_clear_match_actual_reference ... ok
2026-10-06T08:47:59.8626663Z test tag_suggestions::most_used_options_merge_per_service_and_reach_filtered_add_only_media ... ok
2026-10-06T08:47:59.9873604Z test thumbnail_cache::independent_options_edits_merge_with_a_newer_saved_timeout ... ok
2026-10-06T08:47:59.9889861Z test thumbnail_maintenance::jobs_are_in_the_reference_s_order_with_its_words ... ok
2026-10-06T08:47:59.9891787Z test thumbnail_maintenance::questions_follow_the_selection_size ... ok
2026-10-06T08:47:59.9893087Z test thumbnail_navigation::exact_visibility_boundaries_and_rate_ties_negative_zero_and_errors_match_qt ... ok
2026-10-06T08:47:59.9894687Z test thumbnail_navigation::optional_last_hit_origin_preserves_actual_ranges_focus_and_repeated_navigation ... ok
2026-10-06T08:47:59.9970740Z test tag_suggestions::layout_and_default_choices_replay_all_recorded_available_pages_without_eager_writes ... ok
2026-10-06T08:48:00.0511590Z test thumbnail_appearance::actual_defaults_cancel_raw_paths_reopen_and_current_field_merge ... ok
2026-10-06T08:48:00.0610564Z test thumbnail_cache::raw_timeout_is_preserved_until_its_minute_fields_are_edited ... ok
2026-10-06T08:48:00.0693732Z test thumbnail_preview_selection::all_qt_modifier_ranges_focus_anchor_ghost_and_keyboard_publications ... ok
2026-10-06T08:48:00.0709698Z test thumbnail_ratings::a_counter_is_as_wide_as_the_reference_s ... ok
2026-10-06T08:48:00.0735734Z test thumbnail_ratings::a_fraction_is_written_as_the_reference_writes_it ... ok
2026-10-06T08:48:00.0759821Z test thumbnail_preview_selection::exact_singleton_zero_and_collection_aggregate_duration_eligibility ... ok
2026-10-06T08:48:00.3257389Z test thumbnail_ratings::ratings_of_a_kind_share_a_row ... ok
2026-10-06T08:48:00.3453694Z test thumbnail_ratings::numerical_ratings_shapes_are_placed_as_the_reference_s_are ... ok
2026-10-06T08:48:00.3479789Z test times_editor::a_file_modified_time_before_1980_stays_off_a_windows_disk ... ok
2026-10-06T08:48:00.3537717Z test times_editor::the_manage_times_dialog_works_as_the_references_does ... ok
2026-10-06T08:48:00.6465859Z test unselected_tag_cap::recorded_bounds_none_zero_cancel_and_saved_preferences ... ok
2026-10-06T08:48:00.6489314Z test urls_editor::the_manage_urls_dialog_works_as_the_references_does ... ok
2026-10-06T08:48:00.6492360Z test vacuum_review::a_row_says_size_free_space_and_readiness ... ok
2026-10-06T08:48:00.6512810Z test vacuum_review::estimates_read_as_the_reference_s ... ok
2026-10-06T08:48:00.6520588Z test viewer_closing::closing_actions_match_real_reference_notification_order ... ok
2026-10-06T08:48:00.6521852Z test viewer_cursor::actual_cursor_checks_match_reference_clock_focus_menu_and_motion ... ok
2026-10-06T08:48:00.7440940Z test thumbnail_navigation::staged_exact_controls_import_cancel_invalid_rate_save_and_reopen_match_qt ... ok
2026-10-06T08:48:00.7449101Z test viewer_drag::anchored_and_touch_overridden_drags_replay_actual_qt_threshold_and_warps ... ok
2026-10-06T08:48:00.7530008Z test viewer_prefetch::actual_atomic_finished_only_flush_preserves_all_entries_on_failure ... ok
2026-10-06T08:48:00.7605347Z test viewer_drag::anchor_options_remain_drafts_until_apply_and_survive_reopen ... ok
2026-10-06T08:48:00.7639865Z test viewer_prefetch::actual_pending_loaded_recounts_equality_unknown_and_one_miss_passes ... ok
2026-10-06T08:48:00.7700349Z test viewer_prefetch::all_actual_circular_next_first_neighbour_orders_and_controls ... ok
2026-10-06T08:48:00.7719559Z test viewer_shortcut_menu::custom_sets_flip_on_and_off_in_order ... ok
2026-10-06T08:48:00.8726007Z test viewer_prefetch::legacy_native_wins_and_normalized_passive_apply_preserves_concurrent_fields ... ok
2026-10-06T08:48:00.8740724Z test viewer_tag_wheel::parent_wheel_gates_replay_actual_qt_boundaries_and_directions ... ok
2026-10-06T08:48:00.8799151Z test viewer_tag_wheel::four_policy_choices_stage_cancel_save_and_reopen_with_reference_labels ... ok
2026-10-06T08:48:00.9574529Z test viewing_maintenance::cull_reads_current_rules_and_a_preview_validation_failure_preserves_media_rows ... ok
2026-10-06T08:48:00.9710655Z test viewing_statistics::completed_view_policy_matches_real_manager_caps_minima_durations_and_filter_switches ... ok
2026-10-06T08:48:00.9803363Z test thumbnail_ratings::the_ratings_over_thumbnails_are_the_references ... ok
2026-10-06T08:48:00.9829585Z test viewing_statistics::preview_timed_policy_matches_actual_manager_and_keeps_its_own_canvas_category ... ok
2026-10-06T08:48:01.0687536Z test thumbnail_preview_selection::actual_defaults_disabled_values_cancel_reopen_and_edited_field_merge ... ok
2026-10-06T08:48:01.0975038Z test viewing_maintenance::reference_clear_cull_questions_rules_errors_and_real_reopened_media_match ... ok
2026-10-06T08:48:01.1184731Z test viewing_statistics::preview_options_replay_actual_none_bounds_conversion_and_cancelled_parent ... ok
2026-10-06T08:48:01.1580752Z test viewing_statistics::timing_controls_replay_qt_bounds_none_and_millisecond_conversion ... ok
2026-10-06T08:48:01.1609756Z test window_rescue::actual_visibility_corner_order_fuzzy_tests_and_fallback_match_qt ... ok
2026-10-06T08:48:01.1749804Z test viewing_statistics::viewing_menu_controls_match_qt_and_preserve_the_parent_draft ... ok
2026-10-06T08:48:01.2656536Z test viewing_statistics::tracker_counts_once_on_change_or_close_reads_live_policy_and_preserves_latest_start ... ok
2026-10-06T08:48:01.3775290Z test viewtime_milliseconds::editor_and_imported_predicates_match_reference_millisecond_queries ... ok
2026-10-06T08:48:01.4250351Z test write_autocomplete::children_limit_option_matches_reference_and_persists_only_accepted_drafts ... ok
2026-10-06T08:48:01.5417430Z test write_autocomplete::clipboard_additions_keep_existing_text_and_result_selection ... ok
2026-10-06T08:48:01.5893154Z test window_rescue::staged_bounds_import_cancel_persistence_and_reopen_match_actual_qt ... ok
2026-10-06T08:48:01.6149921Z test write_autocomplete::detached_import_tag_lists_replay_reference_and_never_mutate_caller ... ok
2026-10-06T08:48:01.6921109Z test write_autocomplete::exact_rows_counts_domains_decorations_and_first_selection_match_reference ... ok
2026-10-06T08:48:01.7745226Z test write_autocomplete::favourite_and_count_ordered_children_tabs_replay_reference_caps_and_context ... ok
2026-10-06T08:48:01.8753378Z test write_autocomplete::favourite_options_replay_add_only_choices_and_parent_transaction ... ok
2026-10-06T08:48:01.9020184Z test write_autocomplete::paste_questions_skip_and_add_only_staging_follow_reference ... ok
2026-10-06T08:48:01.9671558Z test write_autocomplete::read_favourite_and_children_tabs_replay_real_qt_lists_and_context_changes ... ok
2026-10-06T08:48:02.0640765Z test write_autocomplete::recorded_logical_selection_ranges_parent_hits_and_batch_activation ... ok
2026-10-06T08:48:02.1064709Z test write_autocomplete::relationship_inputs_replay_real_add_only_paste_and_opposite_side_removal ... ok
2026-10-06T08:48:02.1601010Z test write_autocomplete::seeded_relationship_editors_replay_service_defaults_memory_and_cancel ... ok
2026-10-06T08:48:02.2069740Z test write_autocomplete::six_write_options_replay_recorded_defaults_and_stay_staged_until_apply ... ok
2026-10-06T08:48:02.2900143Z test write_autocomplete::write_domain_menus_and_interlocks_replay_reference_without_persisting_options ... ok
2026-10-06T08:48:02.3045915Z test write_autocomplete::tag_menu_copy_decorations_favourites_and_launch_replay_real_qt_actions ... ok
2026-10-06T08:48:02.3046668Z 
2026-10-06T08:48:02.3047136Z test result: ok. 525 passed; 0 failed; 0 ignored; 0 measured; 0 filtered out; finished in 19.84s
2026-10-06T08:48:02.3047732Z 
2026-10-06T08:48:02.3100820Z [1m[92m     Running[0m unittests src/lib.rs (target/debug/deps/hydrus_net-f9a86f8ab507ac73)
2026-10-06T08:48:02.3120442Z 
2026-10-06T08:48:02.3120645Z running 14 tests
2026-10-06T08:48:02.3124553Z test cookies::tests::sends_matching_cookies_longest_path_first ... ok
2026-10-06T08:48:02.3125736Z test engine::reload_tests::automatic_control_override_has_strict_five_second_boundary_and_sticks ... ok
2026-10-06T08:48:02.3126501Z test cookies::tests::reads_set_cookie_like_cookiejar ... ok
2026-10-06T08:48:02.3350200Z test engine::reload_tests::connection_retry_skip_is_consumed_once_and_unrelated_wakes_do_not_skip ... ok
2026-10-06T08:48:02.3351822Z test engine::reload_tests::independent_auto_override_owners_do_not_disable_each_other ... ok
2026-10-06T08:48:02.3353609Z test engine::reload_tests::job_speed_samples_the_current_second_and_expires_at_rollover ... ok
2026-10-06T08:48:02.4152831Z test engine::reload_tests::changed_options_are_picked_up ... ok
2026-10-06T08:48:02.4216577Z test engine::reload_tests::options_unchanged_keep_their_slots ... ok
2026-10-06T08:48:02.4388508Z test engine::reload_tests::formatting_refresh_wakes_a_pending_gallery_label_and_preserves_its_token_and_job ... ok
2026-10-06T08:48:02.4409602Z test engine::reload_tests::formatting_refresh_keeps_a_bandwidth_wait_and_its_usage_and_cancel_reason ... ok
2026-10-06T08:48:02.4410891Z test text::tests::decodes_by_header_then_utf8_then_meta_then_guess ... ok
2026-10-06T08:48:02.4926142Z test engine::reload_tests::sleep_detection_obeys_threshold_delay_and_disabled_pending_wait ... ok
2026-10-06T08:48:02.5002494Z test engine::reload_tests::runtime_domain_scrub_wakes_a_registered_domain_gate_and_preserves_unrelated_errors ... ok
2026-10-06T08:48:02.5339910Z test engine::reload_tests::saved_formatting_replays_actual_backend_waits_and_reopens_without_changing_rules ... ok
2026-10-06T08:48:02.5341018Z 
2026-10-06T08:48:02.5341594Z test result: ok. 14 passed; 0 failed; 0 ignored; 0 measured; 0 filtered out; finished in 0.22s
2026-10-06T08:48:02.5342410Z 
2026-10-06T08:48:02.5354539Z [1m[92m     Running[0m tests/engine.rs (target/debug/deps/engine-5919fe9044c0ba45)
2026-10-06T08:48:02.5376107Z 
2026-10-06T08:48:02.5376366Z running 25 tests
2026-10-06T08:48:02.8689112Z test a_job_ends_as_the_references_do_and_has_a_speed ... ok
2026-10-06T08:48:03.6712944Z test a_domain_with_several_serious_errors_waits ... ok
2026-10-06T08:48:03.8115654Z test cancels ... ok
2026-10-06T08:48:03.8947846Z test deleting_history_discards_stale_flushes_resets_live_limits_and_wakes_waiters ... ok
2026-10-06T08:48:04.0424144Z test disabling_sleep_detection_reloads_and_releases_pending_requests ... ok
2026-10-06T08:48:04.0853980Z test gives_up_on_redirect_loops_and_dead_servers ... ok
2026-10-06T08:48:04.9199332Z test boot_pause_blocks_real_requests_and_resume_does_not_reset_the_preference ... ok
2026-10-06T08:48:04.9562208Z test keeps_cookies_through_redirects ... ok
2026-10-06T08:48:06.9970219Z test nothing_goes_out_while_all_new_network_traffic_is_paused ... ok
2026-10-06T08:48:07.0386149Z test requests_go_through_the_clients_proxy ... ok
2026-10-06T08:48:07.0742925Z test independent_engines_add_new_usage_without_replacing_each_other_or_double_counting ... ok
2026-10-06T08:48:07.1109257Z test resumes_files_with_ranged_requests ... ok
2026-10-06T08:48:07.1630152Z test runtime_cog_connection_override_releases_only_the_current_retry ... ok
2026-10-06T08:48:07.2361025Z test runtime_cog_gallery_override_does_not_release_other_gallery_waiters ... ok
2026-10-06T08:48:07.2865117Z test runtime_cog_server_retry_domain_scrub_and_retained_error ... ok
2026-10-06T08:48:07.3387593Z test runtime_live_transfer_progress_and_usage_precede_the_durable_save ... ok
2026-10-06T08:48:07.4174931Z test runtime_override_releases_a_live_bandwidth_wait_and_counts_usage ... ok
2026-10-06T08:48:07.5151269Z test runtime_registry_cancellation_ipc_and_dropped_fetch ... ok
2026-10-06T08:48:07.5656762Z test saved_byte_precision_reaches_both_real_overlength_errors_after_reload ... ok
2026-10-06T08:48:07.6000679Z test sends_the_clients_headers ... ok
2026-10-06T08:48:07.6365871Z test statuses_become_errors_or_retries ... ok
2026-10-06T08:48:07.6659595Z test a_header_awaiting_approval_holds_its_requests ... ok
2026-10-06T08:48:07.6762084Z test url_class_overrides_and_no_range_for_posts ... ok
2026-10-06T08:48:08.0756543Z test requests_wait_a_little_after_the_computer_wakes ... ok
2026-10-06T08:48:09.0995217Z test bandwidth_rules_space_out_requests_and_count_their_data ... ok
2026-10-06T08:48:09.0997308Z 
2026-10-06T08:48:09.0998064Z test result: ok. 25 passed; 0 failed; 0 ignored; 0 measured; 0 filtered out; finished in 6.56s
2026-10-06T08:48:09.0998638Z 
2026-10-06T08:48:09.1017460Z [1m[92m     Running[0m tests/login.rs (target/debug/deps/login-d97655e61474ced9)
2026-10-06T08:48:09.1038155Z 
2026-10-06T08:48:09.1038309Z running 14 tests
2026-10-06T08:48:09.2273258Z test cancellation_stops_an_active_request_and_keeps_partial_results ... ok
2026-10-06T08:48:09.2399468Z test abandoned_unpolled_login_worker_releases_metadata_and_the_shared_admission_gate ... ok
2026-10-06T08:48:09.2970335Z test confirmed_login_reset_reaches_an_existing_http_engine_and_keeps_other_sessions ... ok
2026-10-06T08:48:09.3317646Z test completed_step_is_delivered_before_later_http_and_survives_wait_cancellation ... ok
2026-10-06T08:48:09.3344418Z test final_outcomes_guard_script_identity_and_preserve_domain_preferences ... ok
2026-10-06T08:48:09.6203104Z test demand_eligibility_replays_actual_reference_domains_cookies_errors_and_key_fallback ... ok
2026-10-06T08:48:09.7260840Z test global_process_cancel_uses_its_owner_id_and_persists_reference_delay_without_a_second_step ... ok
2026-10-06T08:48:09.7673347Z test invalid_demand_waits_for_ordinary_jobs_and_cancels_subscription_with_recorded_note ... ok
2026-10-06T08:48:10.0053273Z test real_http_steps_replay_reference_tokens_cookie_checks_veto_401_and_cancel ... ok
2026-10-06T08:48:10.0054333Z test request_plan_replaces_www_and_orders_static_credentials_then_temporary_values ... ok
2026-10-06T08:48:10.0408972Z test shared_login_session_state_replays_required_cookie_expiry_and_reset ... ok
2026-10-06T08:48:11.2426980Z test automatic_demand_replays_reference_http_and_reuses_one_connection_slot ... ok
2026-10-06T08:48:11.2986467Z test cancelled_trigger_keeps_reference_global_login_alive_for_another_engine ... ok
2026-10-06T08:48:13.4466568Z test forced_manual_login_serializes_demand_across_independently_opened_engines ... ok
2026-10-06T08:48:13.4467221Z 
2026-10-06T08:48:13.4467684Z test result: ok. 14 passed; 0 failed; 0 ignored; 0 measured; 0 filtered out; finished in 4.34s
2026-10-06T08:48:13.4468275Z 
2026-10-06T08:48:13.4489885Z [1m[92m     Running[0m unittests src/lib.rs (target/debug/deps/hydrus_search-2cc7af08605d6765)
2026-10-06T08:48:13.4511898Z 
2026-10-06T08:48:13.4512086Z running 57 tests
2026-10-06T08:48:13.4516724Z test entry::tests::counters_are_known_by_key_and_by_name_in_any_case ... ok
2026-10-06T08:48:13.4522144Z test entry::tests::ratings_by_key_sort_by_their_service_s_name ... ok
2026-10-06T08:48:13.4536329Z test api::tests::negation_wildcards_and_namespaces ... ok
2026-10-06T08:48:13.4540202Z test exec::numbers::tests::exclusions_and_edges ... ok
2026-10-06T08:48:13.4541205Z test exec::numbers::tests::counts_match_the_reference_lambda ... ok
2026-10-06T08:48:13.4542198Z test exec::sort::tests::a_page_s_ties_keep_its_order_and_its_files_without_values_its_default ... ok
2026-10-06T08:48:13.4543887Z test exec::numbers::tests::open_ranges_are_strict ... ok
2026-10-06T08:48:13.4561788Z test exec::sort::tests::colour_keys_match_the_reference ... ok
2026-10-06T08:48:13.4563745Z test exec::sort::tests::ties_keep_id_order_in_both_directions ... ok
2026-10-06T08:48:13.4564901Z test exec::tags::tests::like_follows_sqlite ... ok
2026-10-06T08:48:13.4565830Z test exec::tags::tests::matching_uses_the_searchable_form ... ok
2026-10-06T08:48:13.4567840Z test exec::tags::tests::patterns_follow_the_reference_modes ... ok
2026-10-06T08:48:13.4573999Z test exec::sort::tests::sort_codes_match_the_reference ... ok
2026-10-06T08:48:13.4575066Z test exec::tags::tests::successors_bound_prefix_ranges ... ok
2026-10-06T08:48:13.4605893Z test api::tests::rejects_bad_input ... ok
2026-10-06T08:48:13.4607002Z test api::tests::documented_example ... ok
2026-10-06T08:48:13.5477891Z test exec::tests::a_page_s_fallback_sort_orders_its_sort_s_ties ... ok
2026-10-06T08:48:13.5509773Z test exec::tests::import_time_sorts_agree_whether_probed_or_from_the_cached_order ... ok
2026-10-06T08:48:13.5515105Z test exec::tests::limits_apply_after_sorting ... ok
2026-10-06T08:48:13.5537742Z test exec::tests::constructed_predicates_without_text_syntax_work ... ok
2026-10-06T08:48:13.6267729Z test exec::tests::every_term_is_understood_by_the_model ... ok
2026-10-06T08:48:13.6634810Z test exec::tests::saved_collect_tag_domains_group_files_as_the_reference_does ... ok
2026-10-06T08:48:13.9279129Z test exec::tests::searches_see_added_tags_as_the_reference_did ... ok
2026-10-06T08:48:14.2350169Z test exec::tests::searches_see_file_lifecycle_changes_as_the_reference_did ... ok
2026-10-06T08:48:14.2379588Z test exec::time::tests::ages_subtract_days_then_months_with_clamping ... ok
2026-10-06T08:48:14.2439417Z test exec::time::tests::dates_are_local_days ... ok
2026-10-06T08:48:14.2489557Z test exec::time::tests::today_is_the_local_date ... ok
2026-10-06T08:48:14.2526995Z test filetype_tests::tests::complete_classes_are_summarised ... ok
2026-10-06T08:48:14.4390151Z test filetype_tests::tests::filetype_words_match_reference_implementation ... ok
2026-10-06T08:48:14.4443519Z test filetype_tests::tests::general_classes_match_reference_implementation ... ok
2026-10-06T08:48:14.4457049Z test filetype_tests::tests::partial_classes_stay_specific ... ok
2026-10-06T08:48:14.4482140Z test filetype_tests::tests::searchable_mimes_match_reference_implementation ... ok
2026-10-06T08:48:14.4526635Z test media::tests::number_tests_treat_missing_values_like_the_reference ... ok
2026-10-06T08:48:14.4547681Z test media::tests::wildcards_match_whole_tags ... ok
2026-10-06T08:48:14.4559851Z test parse::date::tests::ages ... ok
2026-10-06T08:48:14.4560617Z test parse::date::tests::dates ... ok
2026-10-06T08:48:14.4561483Z test parse::date::tests::operator_words ... ok
2026-10-06T08:48:14.4562440Z test parse::names::tests::every_pattern_compiles ... ok
2026-10-06T08:48:14.4563463Z test parse::names::tests::order_decides_between_overlapping_names ... ok
2026-10-06T08:48:14.4564530Z test parse::rating::tests::advanced_selections ... ok
2026-10-06T08:48:14.4565477Z test parse::rating::tests::like_ignores_operators ... ok
2026-10-06T08:48:14.4566494Z test parse::rating::tests::operator_is_found_before_the_value ... ok
2026-10-06T08:48:14.4567512Z test parse::tag_advanced::tests::empty_tags_are_rejected ... ok
2026-10-06T08:48:14.4568594Z test parse::tag_advanced::tests::splits_on_the_first_unquoted_colon ... ok
2026-10-06T08:48:14.4570140Z test parse::tag_advanced::tests::status_words_match_reference_implementation ... ok
2026-10-06T08:48:14.4571345Z test parse::text::tests::maps_lowercase_slices_back_to_the_original ... ok
2026-10-06T08:48:14.4572471Z test parse::text::tests::parses_unicode_decimal_digits_like_python ... ok
2026-10-06T08:48:14.4573497Z test parse::text::tests::rejects_non_system_text ... ok
2026-10-06T08:48:14.4574368Z test parse::text::tests::strips_python_whitespace ... ok
2026-10-06T08:48:14.4575248Z test parse::text::tests::widens_whitespace_classes ... ok
2026-10-06T08:48:14.4576471Z test parse::values::tests::durations ... ok
2026-10-06T08:48:14.4577336Z test parse::values::tests::filetype_lists ... ok
2026-10-06T08:48:14.4578279Z test parse::values::tests::numbers_allow_commas_and_has ... ok
2026-10-06T08:48:14.4579712Z test parse::values::tests::size_units_match_the_first_spelling ... ok
2026-10-06T08:48:14.6817979Z test exec::tests::executor_agrees_with_the_naive_model ... ok
2026-10-06T08:48:15.1747867Z test exec::tests::owned_sort_contexts_replay_default_fallback_cogs_for_files_and_collections ... ok
2026-10-06T08:48:16.7247772Z test exec::tests::pages_collect_as_the_reference_s_pages_collect ... ok
2026-10-06T08:48:16.7248418Z 
2026-10-06T08:48:16.7249361Z test result: ok. 57 passed; 0 failed; 0 ignored; 0 measured; 0 filtered out; finished in 3.27s
2026-10-06T08:48:16.7250076Z 
2026-10-06T08:48:16.7277497Z [1m[92m     Running[0m tests/file_search_options.rs (target/debug/deps/file_search_options-07be49b2cc9c8d33)
2026-10-06T08:48:16.7298164Z 
2026-10-06T08:48:16.7298356Z running 2 tests
2026-10-06T08:48:16.7312605Z test database_sort_eligibility_matches_each_reference_system_sort_and_location ... ok
2026-10-06T08:48:16.8473901Z test implicit_limit_and_explicit_override_match_reference_database_queries ... ok
2026-10-06T08:48:16.8474619Z 
2026-10-06T08:48:16.8474995Z test result: ok. 2 passed; 0 failed; 0 ignored; 0 measured; 0 filtered out; finished in 0.12s
2026-10-06T08:48:16.8475745Z 
2026-10-06T08:48:16.8485036Z [1m[92m     Running[0m tests/media_tests.rs (target/debug/deps/media_tests-2e886f36e21b4058)
2026-10-06T08:48:16.8504346Z 
2026-10-06T08:48:16.8504511Z running 2 tests
2026-10-06T08:48:16.9897283Z test comparable_values_match_the_reference ... ok
2026-10-06T08:48:17.0428603Z test predicates_match_the_same_files_as_in_the_reference ... ok
2026-10-06T08:48:17.0430603Z 
2026-10-06T08:48:17.0431053Z test result: ok. 2 passed; 0 failed; 0 ignored; 0 measured; 0 filtered out; finished in 0.19s
2026-10-06T08:48:17.0431626Z 
2026-10-06T08:48:17.0450716Z [1m[92m     Running[0m tests/predicate_entry.rs (target/debug/deps/predicate_entry-316968e66572cf2b)
2026-10-06T08:48:17.0464799Z 
2026-10-06T08:48:17.0464973Z running 3 tests
2026-10-06T08:48:17.0485693Z test the_order_is_by_the_stored_text_whatever_is_shown ... ok
2026-10-06T08:48:17.0560459Z test entering_predicates_leaves_what_the_reference_s_list_does ... ok
2026-10-06T08:48:17.0573175Z test each_predicate_s_inverse_is_the_reference_s ... ok
2026-10-06T08:48:17.0573628Z 
2026-10-06T08:48:17.0573895Z test result: ok. 3 passed; 0 failed; 0 ignored; 0 measured; 0 filtered out; finished in 0.01s
2026-10-06T08:48:17.0574240Z 
2026-10-06T08:48:17.0581376Z [1m[92m     Running[0m tests/predicate_text.rs (target/debug/deps/predicate_text-1a53c3e76b0f0034)
2026-10-06T08:48:17.0595377Z 
2026-10-06T08:48:17.0595636Z running 3 tests
2026-10-06T08:48:17.1330658Z test predicates_the_reference_s_editors_make_are_read_and_written_as_its_own ... ok
2026-10-06T08:48:17.2140175Z test api_searches_are_written_as_the_reference_writes_them ... ok
2026-10-06T08:48:17.2370728Z test predicates_are_written_as_the_reference_writes_them ... ok
2026-10-06T08:48:17.2371248Z 
2026-10-06T08:48:17.2371538Z test result: ok. 3 passed; 0 failed; 0 ignored; 0 measured; 0 filtered out; finished in 0.18s
2026-10-06T08:48:17.2371918Z 
2026-10-06T08:48:17.2423754Z [1m[92m     Running[0m tests/reference_parity.rs (target/debug/deps/reference_parity-abc6de1456989e2b)
2026-10-06T08:48:17.2438310Z 
2026-10-06T08:48:17.2438657Z running 3 tests
2026-10-06T08:48:17.4405494Z test api_searches_match_the_reference ... ok
2026-10-06T08:48:17.5221213Z test stored_predicates_decode_to_what_the_reference_parsed ... ok
2026-10-06T08:48:17.7764704Z test system_predicates_match_the_reference ... ok
2026-10-06T08:48:17.7765380Z 
2026-10-06T08:48:17.7766063Z test result: ok. 3 passed; 0 failed; 0 ignored; 0 measured; 0 filtered out; finished in 0.53s
2026-10-06T08:48:17.7767025Z 
2026-10-06T08:48:17.7834715Z [1m[92m     Running[0m tests/robustness.rs (target/debug/deps/robustness-2f95cd18c52db51a)
2026-10-06T08:48:17.7849030Z 
2026-10-06T08:48:17.7849254Z running 4 tests
2026-10-06T08:48:17.8519984Z test errors_name_the_input ... ok
2026-10-06T08:48:17.9268473Z test long_inputs_are_fast ... ok
2026-10-06T08:48:17.9368176Z test never_panics_on_predicate_like_text ... ok
2026-10-06T08:48:18.1634842Z test never_panics_on_arbitrary_text ... ok
2026-10-06T08:48:18.1635489Z 
2026-10-06T08:48:18.1636200Z test result: ok. 4 passed; 0 failed; 0 ignored; 0 measured; 0 filtered out; finished in 0.38s
2026-10-06T08:48:18.1637281Z 
2026-10-06T08:48:18.1648283Z [1m[92m     Running[0m unittests src/lib.rs (target/debug/deps/hydrus_store-1b24f7d60d698a51)
2026-10-06T08:48:18.1670030Z 
2026-10-06T08:48:18.1670234Z running 252 tests
2026-10-06T08:48:18.1706134Z test autocomplete::input::tests::parses_like_the_reference ... ok
2026-10-06T08:48:18.1706929Z test autocomplete::input::tests::rules_open_up_fetch_alls ... ok
2026-10-06T08:48:18.1729619Z test autocomplete::pattern::tests::like_is_sqlite_like ... ok
2026-10-06T08:48:18.1739781Z test api_activity::tests::marker_replaces_atomically_reopens_and_rejects_malformed_data ... ok
2026-10-06T08:48:18.1752235Z test autocomplete::pattern::tests::phrases_tokenise_like_fts4 ... ok
2026-10-06T08:48:18.1767945Z test autocomplete::pattern::tests::plans_follow_the_reference ... ok
2026-10-06T08:48:18.1769617Z test autocomplete::search::tests::counts_merge_and_render_like_the_reference ... ok
2026-10-06T08:48:18.1771605Z test autocomplete::search::tests::upper_bounds_cover_exactly_the_prefix ... ok
2026-10-06T08:48:18.1772760Z test autocomplete::pattern::tests::result_filter_matches_word_starts ... ok
2026-10-06T08:48:18.1773867Z test backup::tests::a_failed_restore_copy_preserves_the_database_sidecars_media_and_request ... ok
2026-10-06T08:48:18.1775051Z test backup::tests::a_mirror_copies_changes_and_drops_surplus ... ok
2026-10-06T08:48:18.1776053Z test backup::tests::a_missing_backup_retains_the_request_and_original_database ... ok
2026-10-06T08:48:18.1777101Z test backup::tests::an_active_server_prevents_restore_without_consuming_the_request ... ok
2026-10-06T08:48:18.1783863Z test backup::tests::cancellation_during_mirroring_preserves_uncopied_and_surplus_files ... ok
2026-10-06T08:48:18.2806848Z test backup::tests::cancelled_backup_does_not_report_success_or_touch_destination ... ok
2026-10-06T08:48:18.2812201Z test backup::tests::restore_rejects_a_symlink_to_the_store ... ok
2026-10-06T08:48:18.2815718Z test backup::tests::restore_rejects_the_store_itself_before_writing_a_request_or_database ... ok
2026-10-06T08:48:18.2921076Z test animation_start::tests::actual_yaml_upgrade_native_override_reopen_and_invalid_values ... ok
2026-10-06T08:48:18.3212320Z test backup::tests::a_backup_restores_over_a_changed_store ... ok
2026-10-06T08:48:18.3324666Z test api_update_toasts::tests::retained_enabled_options_native_override_reopen_corruption_and_exact_expiry ... ok
2026-10-06T08:48:18.3337398Z test conn::tests::effects_run_only_after_successful_commit ... ok
2026-10-06T08:48:18.3627488Z test conn::tests::failed_write_rolls_back_only_itself ... ok
2026-10-06T08:48:18.3716880Z test conn::tests::the_writer_empties_the_log_every_quarter_hour ... ok
2026-10-06T08:48:18.3768216Z test conn::tests::readers_see_consistent_snapshots_while_writing ... ok
2026-10-06T08:48:18.3998419Z test content::tests::a_forced_filetype_keeps_the_detected_one_and_is_undone ... ok
2026-10-06T08:48:18.4103956Z test content::tests::deleting_from_one_of_two_local_domains_does_not_trash ... ok
2026-10-06T08:48:18.4121011Z test conn::tests::write_then_read ... ok
2026-10-06T08:48:18.4281122Z test content::tests::file_info_round_trips ... ok
2026-10-06T08:48:18.4545206Z test content::tests::mapping_state_machine ... ok
2026-10-06T08:48:18.4576386Z test content::tests::import_trash_undelete_and_purge ... ok
2026-10-06T08:48:18.5050516Z test content::tests::service_bulk_trash_respects_lock_and_restores_all_former_domains ... ok
2026-10-06T08:48:18.5469151Z test content::tests::service_deleted_record_clear_keeps_trash_history_and_physical_queue ... ok
2026-10-06T08:48:18.5982686Z test content::tests::the_delete_lock_keeps_archived_files_from_going_for_good ... ok
2026-10-06T08:48:18.6340606Z test conn::tests::a_pause_empties_the_log_and_holds_work_until_dropped ... ok
2026-10-06T08:48:18.7602776Z test content::tests::service_bulk_rating_scopes_keep_trash_and_other_services ... ok
2026-10-06T08:48:18.7619141Z test db_maintenance::tests::per_service_table_names ... ok
2026-10-06T08:48:18.7642469Z test display::tests::first_sibling_pair_wins_and_cycles_are_dropped ... ok
2026-10-06T08:48:18.8817087Z test db_maintenance::tests::inconsistent_mappings_and_orphans_are_repaired ... ok
2026-10-06T08:48:18.8820643Z test display::tests::parent_loops_are_dropped ... ok
2026-10-06T08:48:18.8826655Z test display::tests::parents_close_transitively_through_ideals ... ok
2026-10-06T08:48:18.8827813Z test display::tests::rules_count_as_the_reference_s_lookup_rows ... ok
2026-10-06T08:48:18.8834034Z test db_maintenance::tests::basic_jobs_find_nothing_and_regeneration_keeps_counts ... ok
2026-10-06T08:48:18.8835273Z test display::tests::sibling_chains_resolve_to_the_end ... ok
2026-10-06T08:48:18.9374680Z test display::tests::graph_invariants ... ok
2026-10-06T08:48:18.9400034Z test domains::tests::import_order_is_by_time_then_id_and_follows_writes ... ok
2026-10-06T08:48:18.9421767Z test domains::tests::a_read_sees_the_domain_as_its_snapshot_has_it ... ok
2026-10-06T08:48:18.9449736Z test duplicates::auto::tests::the_references_suggested_rules_are_all_read ... ok
2026-10-06T08:48:18.9878254Z test duplicates::cache::tests::cached_pairs_follow_writes_and_only_readers_fill_the_cache ... ok
2026-10-06T08:48:19.0827955Z test duplicates_progress::tests::real_saved_disabled_legacy_policy_backfills_native_override_and_reopens ... ok
2026-10-06T08:48:19.1178501Z test ffmpeg_policy::tests::actual_legacy_saved_policy_backfill_native_override_and_poll_adapter ... ok
2026-10-06T08:48:19.1500339Z test file_maintenance::tests::captured_cancel_clears_due_and_future_types_and_keeps_unselected_work ... ok
2026-10-06T08:48:19.1504102Z test file_maintenance::tests::file_work_lease_is_shared_by_independent_owners_and_released_on_drop ... ok
2026-10-06T08:48:19.1512468Z test file_maintenance::tests::job_types_keep_the_reference_s_codes ... ok
2026-10-06T08:48:19.1636783Z test ffmpeg_policy::tests::reader_from_a_borrowed_store_is_live_and_does_not_retain_its_owner ... ok
2026-10-06T08:48:19.1639880Z test folder_activity::tests::abandoned_request_and_old_marker_files_do_not_pause_another_kind ... ok
2026-10-06T08:48:19.1650615Z test folder_activity::tests::request_interrupts_work_waits_for_release_and_rejects_new_work ... ok
2026-10-06T08:48:19.1863580Z test file_maintenance::tests::selected_admission_precedes_batch_limit_and_preserves_due_type_rules ... ok
2026-10-06T08:48:19.2193685Z test duplicates::merge::tests::only_whitelisted_notes_merge_under_their_new_names ... ok
2026-10-06T08:48:19.2503621Z test folder_activity::tests::transient_pause_preserves_original_and_live_user_pause_preferences ... ok
2026-10-06T08:48:19.2729517Z test gallery::tests::a_page_makes_a_search_per_query_with_its_settings ... ok
2026-10-06T08:48:19.3010740Z test gallery::tests::no_downloader_or_no_urls_makes_nothing ... ok
2026-10-06T08:48:19.3320396Z test gallery::tests::queries_merge_and_repeats_are_skipped_as_the_page_says ... ok
2026-10-06T08:48:19.3326802Z test granularity::tests::estimating_a_folder_ignores_non_ascii_names ... ok
2026-10-06T08:48:19.4201275Z test granularity::tests::cancellation_restores_moved_files_to_their_original_locations ... ok
2026-10-06T08:48:19.4409974Z test granularity::tests::failed_publication_restores_exact_split_locations ... ok
2026-10-06T08:48:19.5428148Z test granularity::tests::merged_prefix_records_the_actual_destination_across_locations ... ok
2026-10-06T08:48:19.5469473Z test idle_state::tests::only_a_fresh_idle_marker_is_idle ... ok
2026-10-06T08:48:19.5499425Z test idle_state::tests::pace_follows_the_time_and_caps_the_rest ... ok
2026-10-06T08:48:19.6840608Z test image_colour::tests::real_saved_disabled_legacy_policy_backfills_native_override_and_reopens ... ok
2026-10-06T08:48:19.7870154Z test import::decode::tests::a_clients_simple_downloader_formulae_come_across ... ok
2026-10-06T08:48:19.8890119Z test import::decode::tests::a_new_clients_checker_timings_are_our_defaults ... ok
2026-10-06T08:48:19.9900202Z test import::decode::tests::a_new_clients_headers_are_our_defaults ... ok
2026-10-06T08:48:20.0979270Z test import::decode::tests::a_new_clients_import_options_and_downloaders_convert ... ok
2026-10-06T08:48:20.2099746Z test import::decode::tests::a_new_clients_merge_options_are_our_defaults ... ok
2026-10-06T08:48:20.3225365Z test granularity::tests::the_store_records_its_new_folders ... ok
2026-10-06T08:48:20.3517202Z test import::decode::tests::auto_resolution_rules_convert ... ok
2026-10-06T08:48:20.3530285Z test import::decode::tests::api_update_toasts_import_present_and_absent_client_options ... ok
2026-10-06T08:48:20.4956024Z test import::decode::tests::browser_eye_menu_preferences_migrate_independently ... ok
2026-10-06T08:48:20.5353951Z test import::decode::tests::clipboard_monitor_switches_convert_independently ... ok
2026-10-06T08:48:20.6401283Z test import::decode::tests::command_palette_preferences_migrate_defaults_and_nondefault_provider_policies ... ok
2026-10-06T08:48:20.6509546Z test import::decode::tests::custom_merge_options_convert ... ok
2026-10-06T08:48:20.7065837Z test import::decode::tests::downloader_pages_own_state_converts ... ok
2026-10-06T08:48:20.7068042Z test import::decode::tests::cursor_autohide_import_preserves_timeout_and_do_not_hide ... ok
2026-10-06T08:48:21.0070380Z test import::decode::tests::downloader_update_time_import_preserves_raw_fields_and_reopens ... ok
2026-10-06T08:48:21.1341520Z test import::decode::tests::export_default_directory_import_resolves_recorded_portable_paths ... ok
2026-10-06T08:48:21.2900872Z test import::decode::tests::file_search_defaults_convert_user_values ... ok
2026-10-06T08:48:21.4507359Z test import::decode::tests::duplicate_colours_import_none_zero_and_explicit_preferences_then_reopen ... ok
2026-10-06T08:48:21.4549818Z test import::decode::tests::file_view_removal_imports_legacy_and_typed_flags_independently ... ok
2026-10-06T08:48:21.7130122Z test import::decode::tests::four_note_preferences_import_and_survive_reopen ... ok
2026-10-06T08:48:21.7622113Z test import::decode::tests::idle_timeout_import_preserves_seconds_none_and_missing_defaults ... ok
2026-10-06T08:48:21.8546150Z test import::decode::tests::image_cache_size_raw_timeout_and_future_admission_import_independently ... ok
2026-10-06T08:48:22.0120391Z test import::decode::tests::importing_work_slots_decode_five_legacy_keys_and_persist_native_limits ... ok
2026-10-06T08:48:22.0983259Z test import::decode::tests::local_transfer_confirmations_decode_both_legacy_booleans ... ok
2026-10-06T08:48:22.2415617Z test import::decode::tests::maintenance_gates_import_present_and_absent_client_options ... ok
2026-10-06T08:48:22.2570178Z test import::decode::tests::main_identity_import_preserves_raw_name_and_saved_tag_activation ... ok
2026-10-06T08:48:22.3610625Z test import::decode::tests::manage_tags_live_display_and_incremental_fields_import ... ok
2026-10-06T08:48:22.4246420Z test import::decode::tests::manage_tags_sort_contexts_import_siblings_independently_of_sidebar_sorts ... ok
2026-10-06T08:48:22.4669946Z test import::decode::tests::namespace_colours_convert ... ok
2026-10-06T08:48:22.4699772Z test import::decode::tests::page_sort_import_preserves_its_independent_full_tag_context ... ok
2026-10-06T08:48:22.6235968Z test import::decode::tests::passive_background_options_import_each_draw_key ... ok
2026-10-06T08:48:22.6749783Z test import::decode::tests::network_boot_preference_converts_without_changing_live_pause ... ok
2026-10-06T08:48:22.7812104Z test import::decode::tests::physical_delete_import_preserves_present_delay_and_defaults_without_client_options ... ok
2026-10-06T08:48:23.0223641Z test import::decode::tests::preview_and_dialog_rating_sizes_import_exact_fractional_preferences ... ok
2026-10-06T08:48:23.1498691Z test import::decode::tests::real_client_ffmpeg_timeout_is_imported_without_clamping ... ok
2026-10-06T08:48:23.4390846Z test import::decode::tests::recorded_custom_predicate_defaults_import_with_typed_units_and_keys ... ok
2026-10-06T08:48:23.5806400Z test import::decode::tests::saving_the_page_sort_on_change_converts ... ok
2026-10-06T08:48:23.6600242Z test import::decode::tests::popup_width_imports_raw_reference_preferences_and_reopens_them ... ok
2026-10-06T08:48:23.7355039Z test import::decode::tests::shortcut_capture_policies_import_defaults_and_nondefault_values ... ok
2026-10-06T08:48:23.7610393Z test import::decode::tests::sibling_connector_colours_import_retains_none_empty_and_raw_names ... ok
2026-10-06T08:48:23.8657979Z test import::decode::tests::subscription_concurrency_imports_nondefault_number ... ok
2026-10-06T08:48:23.9392663Z test import::decode::tests::subscription_file_failure_threshold_imports_none_and_number ... ok
2026-10-06T08:48:24.0083802Z test import::decode::tests::suggested_layout_and_unavailable_default_pages_migrate_without_losing_choices ... ok
2026-10-06T08:48:24.0086202Z test import::decode::tests::tag_display_filters_convert ... ok
2026-10-06T08:48:24.0928186Z test import::decode::tests::tag_dialog_defaults_import_independently_of_autocomplete_defaults ... ok
2026-10-06T08:48:24.1227932Z test import::decode::tests::tag_list_opening_modes_import_independently_and_ignore_unknown_codes ... ok
2026-10-06T08:48:24.1916071Z test import::decode::tests::tag_presentation_converts ... ok
2026-10-06T08:48:24.2767342Z test import::decode::tests::the_lock_password_converts ... ok
2026-10-06T08:48:24.3392143Z test import::decode::tests::the_search_defaults_convert ... ok
2026-10-06T08:48:24.4149757Z test import::decode::tests::the_tag_summaries_convert ... ok
2026-10-06T08:48:24.5230364Z test import::decode::tests::the_thumbnail_border_and_margin_convert ... ok
2026-10-06T08:48:24.5680057Z test import::decode::tests::thumbnail_cache_size_and_raw_timeout_import_as_independent_typed_preferences ... ok
2026-10-06T08:48:24.6180382Z test import::decode::tests::unselected_tag_limit_import_preserves_zero_none_and_presentation ... ok
2026-10-06T08:48:24.7263162Z test import::decode::tests::viewer_canvas_options_convert_user_values ... ok
2026-10-06T08:48:24.7619946Z test import::decode::tests::viewer_closing_options_import_each_independent_preference ... ok
2026-10-06T08:48:24.8850225Z test import::decode::tests::viewer_focus_options_import_independent_mouseover_gates ... ok
2026-10-06T08:48:24.9159768Z test import::decode::tests::viewer_hover_options_migrate_disable_keys_as_enabled_controls ... ok
2026-10-06T08:48:25.0640408Z test import::decode::tests::viewer_pointer_options_import_both_drag_preferences ... ok
2026-10-06T08:48:25.1290602Z test import::decode::tests::viewer_playback_import_keeps_zoom_command_and_loop_policy ... ok
2026-10-06T08:48:25.2516468Z test import::decode::tests::viewing_menu_preferences_import_the_display_style_and_canvas_ticks ... ok
2026-10-06T08:48:25.2914413Z test import::decode::tests::viewer_tag_wheel_imports_all_four_reference_policy_codes ... ok
2026-10-06T08:48:25.4687728Z test import::network_tests::copies_the_mpv_conf ... ok
2026-10-06T08:48:25.5388506Z test import::network_tests::a_named_startup_session_keeps_hydrus_s_last_session_apart ... ok
2026-10-06T08:48:25.7447227Z test import::network_tests::downloader_pages_own_state_comes_back_for_earlier_imports ... ok
2026-10-06T08:48:25.7950176Z test import::network_tests::imports_downloader_pages_from_the_last_session ... ok
2026-10-06T08:48:25.9860192Z test import::network_tests::imports_local_import_pages_from_the_last_session ... ok
2026-10-06T08:48:26.0410224Z test import::network_tests::imports_search_pages_from_the_last_session ... ok
2026-10-06T08:48:26.0983005Z test content::tests::incremental_counts_equal_rebuild ... ok
2026-10-06T08:48:26.1544930Z test import::network_tests::imports_session_cookies ... ok
2026-10-06T08:48:26.2733007Z test import::tests::a_default_install_keeps_the_default_bandwidth_rules ... ok
2026-10-06T08:48:26.2734838Z test import::tests::any_reference_install_counts_match ... ignored, needs HYDRUS_REFERENCE_DB
2026-10-06T08:48:26.3110024Z test import::network_tests::imports_subscriptions_with_their_histories ... ok
2026-10-06T08:48:26.3770179Z test import::network_tests::other_saved_sessions_come_across_without_running_their_downloaders ... ok
2026-10-06T08:48:26.3949740Z test import::tests::decodes_the_basic_fixture_settings ... ok
2026-10-06T08:48:26.4159823Z test import::tests::import_options_that_run_programs_are_reported ... ok
2026-10-06T08:48:26.5380188Z test import::tests::imports_the_basic_fixture ... ok
2026-10-06T08:48:26.6586112Z test import::tests::rebuilt_counts_match_the_reference_caches ... ok
2026-10-06T08:48:26.6609697Z test import::tests::the_global_pause_switches_come_across ... ok
2026-10-06T08:48:26.7040738Z test import::tests::refuses_to_overwrite_or_import_the_wrong_version ... ok
2026-10-06T08:48:26.7051222Z test live::tests::a_status_shows_its_first_line ... ok
2026-10-06T08:48:26.7209716Z test live::tests::cancels_are_taken_once_and_nudge_the_queue ... ok
2026-10-06T08:48:26.7331501Z test live::tests::live_state_is_kept_replaced_and_cleared ... ok
2026-10-06T08:48:26.7360105Z test live::tests::only_changes_are_published ... ok
2026-10-06T08:48:26.7708991Z test import::tests::the_network_options_come_across ... ok
2026-10-06T08:48:26.8305681Z test import::tests::the_trash_limits_come_across ... ok
2026-10-06T08:48:26.8536731Z test login_runtime::tests::crashed_process_metadata_cannot_block_or_cancel_the_next_lease ... ok
2026-10-06T08:48:26.8894639Z test login_runtime::tests::separate_store_owners_serialize_cancel_and_retire_only_the_reviewed_login ... ok
2026-10-06T08:48:27.2670456Z test maintenance::tests::cancelled_owned_wait_releases_writer_and_never_admits_a_successor_pair ... ok
2026-10-06T08:48:27.2772158Z test maintenance::tests::captured_wait_follows_committed_pairs_including_last_and_allows_live_readd ... ok
2026-10-06T08:48:27.4670828Z test maintenance::tests::never_deletes_media_shared_with_another_install ... ok
2026-10-06T08:48:27.5360676Z test maintenance::tests::missing_file_still_waits_after_its_thumbnail_and_queue_commit ... ok
2026-10-06T08:48:27.7469954Z test maintenance::tests::pair_failure_keeps_its_queue_and_previous_pair_commit_and_does_not_wait ... ok
2026-10-06T08:48:27.8617258Z test maintenance::tests::leaves_claimed_files_queued ... ok
2026-10-06T08:48:27.9450101Z test maintenance::tests::rebuilding_the_caches_gives_the_same_caches ... ok
2026-10-06T08:48:28.1099032Z test maintenance::tests::retained_local_queue_cleanup_does_not_wait_or_remove_physical_paths ... ok
2026-10-06T08:48:28.2090955Z test maintenance_gates::tests::retained_client_options_native_wins_reopen_and_corruption ... ok
2026-10-06T08:48:28.2208265Z test master::tests::interning_is_idempotent_and_reversible ... ok
2026-10-06T08:48:28.2350155Z test master::tests::new_subtags_are_indexed_for_autocomplete ... ok
2026-10-06T08:48:28.2369716Z test master::tests::url_domains_match_urlparse_netloc ... ok
2026-10-06T08:48:28.2399904Z test maintenance::tests::selected_tag_regeneration_repairs_connected_counts_without_changing_primary_data ... ok
2026-10-06T08:48:28.4130405Z test media::tests::counts_tags_as_each_file_has_them ... ok
2026-10-06T08:48:28.4229573Z test granularity::tests::a_folder_goes_to_three_and_back ... ok
2026-10-06T08:48:28.4429495Z test maintenance::tests::purges_files_that_left_local_storage ... ok
2026-10-06T08:48:28.4617664Z test media::tests::hidden_tags_are_left_out_of_the_counts ... ok
2026-10-06T08:48:28.4710579Z test network::login_tests::a_login_covers_its_domain_and_subdomains ... ok
2026-10-06T08:48:28.4832858Z test network::tests::cookies_list_in_jar_order ... ok
2026-10-06T08:48:28.4949186Z test network::tests::headers_keep_what_is_not_given ... ok
2026-10-06T08:48:28.5054425Z test network::tests::sessions_are_per_registrable_domain ... ok
2026-10-06T08:48:28.5887327Z test menu_choice_wheel::tests::actual_saved_false_legacy_fallback_native_override_and_durable_reopen ... ok
2026-10-06T08:48:28.5965810Z test orphan_files::tests::strays_are_found_and_moved_and_kept_files_stay ... ok
2026-10-06T08:48:28.5990921Z test paths::tests::copies_keep_permissions_unless_told_not_to ... ok
2026-10-06T08:48:28.6657041Z test media::tests::loads_the_fixture ... ok
2026-10-06T08:48:28.7025040Z test page_layout::tests::imported_yaml_signed_sizes_exit_switch_and_native_override_survive_reopen ... ok
2026-10-06T08:48:28.7032554Z test or_connector::tests::real_qt_serialised_raw_connector_backfills_and_native_override_survives_reopen ... ok
2026-10-06T08:48:28.7041736Z test popup_actions::tests::answer_survives_dismissal_and_old_owner_cannot_consume_or_retire_successor ... ok
2026-10-06T08:48:28.7230484Z test physical_delete::tests::recorded_retained_options_native_override_constructor_and_reopen ... ok
2026-10-06T08:48:28.7288026Z test popup_actions::tests::gui_retirement_drops_unconsumed_calls_but_preserves_committed_answers ... ok
2026-10-06T08:48:28.7314326Z test popup_actions::tests::pre_action_schema_upgrades_and_restart_forgets_ephemeral_handlers_but_keeps_clipboard ... ok
2026-10-06T08:48:28.7591213Z test popups::tests::popups_queue_oldest_first_until_dismissed ... ok
2026-10-06T08:48:28.7619758Z test popups::tests::mergable_files_with_the_same_label_join_one_popup ... ok
2026-10-06T08:48:28.7672217Z test queues::tests::a_pages_queue_waits_while_closed_and_goes_with_it ... ok
2026-10-06T08:48:28.7956286Z test queues::tests::a_queues_page_shows_the_files_its_seeds_brought_in_order ... ok
2026-10-06T08:48:28.7999995Z test queues::tests::deleted_queue_identity_is_not_recycled_and_late_seed_updates_ignore_successors ... ok
2026-10-06T08:48:28.8233391Z test queues::tests::nudges_are_taken_once_each ... ok
2026-10-06T08:48:28.8295570Z test queues::tests::seeds_dedupe_order_and_retry ... ok
2026-10-06T08:48:28.8407330Z test queues::tests::urls_typed_into_a_page_are_handed_over_once_in_order ... ok
2026-10-06T08:48:28.8432491Z test reference_options::tests::unset_values_read_as_their_defaults ... ok
2026-10-06T08:48:28.8460341Z test queues::tests::file_log_drafts_isolate_mutations_and_restore_complete_metadata_in_order ... ok
2026-10-06T08:48:28.8462723Z test schema::tests::refuses_newer_schema ... ok
2026-10-06T08:48:28.8647748Z test schema::tests::migrations_apply_cleanly_and_are_idempotent ... ok
2026-10-06T08:48:28.8661703Z test services::tests::colours_serialise_as_hex ... ok
2026-10-06T08:48:28.8742372Z test popup_freeze::tests::actual_saved_true_legacy_native_override_and_durable_reopen ... ok
2026-10-06T08:48:28.8747231Z test services::tests::numerical_stars_match_reference_rounding ... ok
2026-10-06T08:48:28.8810030Z test schema::tests::tag_service_tables_round_trip ... ok
2026-10-06T08:48:28.9024045Z test services::tests::default_services_round_trip ... ok
2026-10-06T08:48:28.9180943Z test session_backups::queue_kind_tests::every_native_page_importer_restores_its_auxiliary_state_and_both_logs ... ok
2026-10-06T08:48:28.9232267Z test session_backups::importer_tests::historical_importers_restore_independent_settings_and_seed_logs ... ok
2026-10-06T08:48:28.9320193Z test session_backups::tests::automatic_last_session_hash_replays_real_unchanged_suppression_and_history ... ok
2026-10-06T08:48:28.9500201Z test session_backups::tests::imported_previous_media_is_independent_and_deletion_clears_backups ... ok
2026-10-06T08:48:28.9610355Z test session_backups::tests::rolling_timestamps_match_the_reference_including_clock_reversal ... ok
2026-10-06T08:48:28.9625793Z test session_reload::tests::committed_reload_slot_is_independent_and_cleanup_keeps_active_media ... ok
2026-10-06T08:48:28.9640012Z test radio_return::tests::actual_saved_false_legacy_fallback_native_override_and_durable_reopen ... ok
2026-10-06T08:48:28.9850214Z test sessions::tests::media_viewers_are_kept_in_order ... ok
2026-10-06T08:48:28.9869511Z test similar::tests::flat_colours_are_blank ... ok
2026-10-06T08:48:28.9899625Z test similar::tests::scale ... ignored, a timing, not a check
2026-10-06T08:48:28.9925333Z test sessions::tests::commands_queue_for_the_gui_or_change_the_session ... ok
2026-10-06T08:48:28.9927063Z test sessions::tests::saving_keeps_the_top_key_the_page_shown_and_selections ... ok
2026-10-06T08:48:28.9941016Z test storage::tests::a_location_without_its_folders_is_missing ... ok
2026-10-06T08:48:28.9942028Z test storage::tests::paths_follow_the_reference_layout ... ok
2026-10-06T08:48:28.9943375Z test sessions::tests::sessions_keep_their_pages_and_files ... ok
2026-10-06T08:48:28.9944832Z test storage_locations::tests::shares_follow_weights_and_limits ... ok
2026-10-06T08:48:29.0963868Z test similar::tests::the_index_finds_exactly_what_checking_everything_finds ... ok
2026-10-06T08:48:29.1073365Z test store::tests::content_writes_use_foreign_relation_graphs_before_the_next_poll ... ok
2026-10-06T08:48:29.1906732Z test store::tests::new_store_has_default_services ... ok
2026-10-06T08:48:29.2222344Z test store::tests::independent_stores_notice_committed_snapshot_changes_without_refresh_loops ... ok
2026-10-06T08:48:29.2286009Z test similar::tests::the_search_finds_the_pairs_the_reference_found ... ok
2026-10-06T08:48:29.2918366Z test store::tests::pre_existing_queue_without_sequence_keeps_its_retired_identity_after_upgrade ... ok
2026-10-06T08:48:29.3026718Z test store::tests::snapshots_refresh_only_after_commit ... ok
2026-10-06T08:48:29.3205624Z test tag_display::tests::a_service_s_tags_pass_its_filter_and_all_known_tags ... ok
2026-10-06T08:48:29.3901810Z test tag_editing::tests::manage_tags_preferences_are_backward_compatible_and_independent ... ok
2026-10-06T08:48:29.3904052Z test text::tests::integers_follow_python_isdecimal ... ok
2026-10-06T08:48:29.3905192Z test text::tests::searchable_forms ... ok
2026-10-06T08:48:29.3906061Z test text::tests::tokenises_like_fts4_simple ... ok
2026-10-06T08:48:29.3962504Z test tag_editing::tests::older_preferences_get_write_defaults_and_tab_memory_preserves_them ... ok
2026-10-06T08:48:29.4951208Z test synth::tests::a_small_library_has_consistent_counts ... ok
2026-10-06T08:48:29.5370205Z test thumbnail_appearance::tests::retained_actual_options_upgrade_native_override_and_reopen ... ok
2026-10-06T08:48:29.7390324Z test transfer::tests::in_place_marks_the_media_as_shared ... ok
2026-10-06T08:48:29.9563062Z test transfer::tests::refuses_an_existing_destination ... ok
2026-10-06T08:48:30.1904218Z test trash::tests::an_oversized_trash_loses_its_oldest_files_eight_at_a_time ... ok
2026-10-06T08:48:30.4204214Z test trash::tests::cancelled_writer_admission_leaves_trash_and_physical_queue_untouched ... ok
2026-10-06T08:48:30.4700253Z test transfer::tests::hardlink_copy_and_move_give_the_store_its_own_media ... ok
2026-10-06T08:48:30.6371105Z test trash::tests::files_trashed_too_long_ago_are_deleted_for_good ... ok
2026-10-06T08:48:30.7015087Z test trash::tests::no_limits_leave_the_trash_alone ... ok
2026-10-06T08:48:30.8537307Z test trash::tests::the_delete_lock_keeps_archived_files_in_the_trash ... ok
2026-10-06T08:48:30.8544493Z test undo::tests::undo_and_redo_step_through_the_log_and_new_changes_cut_it ... ok
2026-10-06T08:48:30.8547405Z test vacuum::tests::room_is_checked_as_the_reference_checks ... ok
2026-10-06T08:48:30.9196719Z test trash::tests::the_size_limit_goes_first_then_the_age_limit ... ok
2026-10-06T08:48:30.9662312Z test transfer::tests::each_drive_s_media_stays_on_it ... ok
2026-10-06T08:48:30.9945449Z test watchers::tests::a_page_watches_each_thread_once_with_its_own_options ... ok
2026-10-06T08:48:31.0075076Z test vacuum::tests::vacuuming_frees_pages_and_is_recorded ... ok
2026-10-06T08:48:31.0319352Z test watchers::tests::checking_now_and_pausing_checking ... ok
2026-10-06T08:48:31.0451895Z test watchers::tests::setting_a_watchers_checker_options ... ok
2026-10-06T08:48:31.4359841Z test storage_locations::tests::a_second_location_takes_half_and_thumbnails_follow ... ok
2026-10-06T08:48:31.4360496Z 
2026-10-06T08:48:31.4361199Z test result: ok. 250 passed; 0 failed; 2 ignored; 0 measured; 0 filtered out; finished in 13.27s
2026-10-06T08:48:31.4361806Z 
2026-10-06T08:48:31.4388322Z [1m[92m     Running[0m tests/import_status.rs (target/debug/deps/import_status-d01141bf22d4b05d)
2026-10-06T08:48:31.4400227Z 
2026-10-06T08:48:31.4400419Z running 3 tests
2026-10-06T08:48:31.4441519Z test owned_precision_replays_actual_network_job_controls_without_changing_gauges_or_cancellation ... ok
2026-10-06T08:48:31.4769292Z test downloads_lines_say_what_the_references_network_job_control_says ... ok
2026-10-06T08:48:31.4815972Z test file_and_search_logs_say_what_the_reference_says ... ok
2026-10-06T08:48:31.4816411Z 
2026-10-06T08:48:31.4816816Z test result: ok. 3 passed; 0 failed; 0 ignored; 0 measured; 0 filtered out; finished in 0.04s
2026-10-06T08:48:31.4817374Z 
2026-10-06T08:48:31.4831420Z [1m[92m     Running[0m tests/metadata_jobs.rs (target/debug/deps/metadata_jobs-d3137ade1a3672c9)
2026-10-06T08:48:31.4849959Z 
2026-10-06T08:48:31.4850131Z running 1 test
2026-10-06T08:48:31.8107883Z test actual_qt_worker_inputs_replay_files_cancellation_progress_and_copy_cleanup ... ok
2026-10-06T08:48:31.8108463Z 
2026-10-06T08:48:31.8109016Z test result: ok. 1 passed; 0 failed; 0 ignored; 0 measured; 0 filtered out; finished in 0.33s
2026-10-06T08:48:31.8109465Z 
2026-10-06T08:48:31.8115734Z [1m[92m     Running[0m tests/tag_migration.rs (target/debug/deps/tag_migration-471cdbe0dc418fb5)
2026-10-06T08:48:31.8133907Z 
2026-10-06T08:48:31.8134084Z running 15 tests
2026-10-06T08:48:31.9371328Z test archive_validation_rejects_wrong_types_and_unsupported_hashes_before_import ... ok
2026-10-06T08:48:31.9543172Z test cancellation_is_a_durable_prefix_and_incremental_counts_match_rebuild ... ok
2026-10-06T08:48:31.9890035Z test archive_exports_preserve_metadata_merge_and_cancelled_committed_prefix ... ok
2026-10-06T08:48:32.0285414Z test overlapping_migration_is_rejected_without_waiting_for_a_reader ... ok
2026-10-06T08:48:32.0525739Z test pair_count_gates_observe_reference_concurrent_mapping_changes_between_batches ... ok
2026-10-06T08:48:32.1393383Z test pair_migration_publishes_graph_and_rebuilt_counts ... ok
2026-10-06T08:48:32.2734027Z test pair_count_gates_replay_real_current_pending_and_terminal_ideal_counts ... ok
2026-10-06T08:48:32.3584986Z test registry_changes_stop_the_next_batch_and_keep_committed_prefix ... ok
2026-10-06T08:48:32.4471833Z test published_job_events_match_reference_phases_and_committed_prefixes ... ok
2026-10-06T08:48:32.4545847Z test repository_union_deduplicates_and_petition_reason_is_persisted ... ok
2026-10-06T08:48:32.5177139Z test pause_waits_after_commit_resume_continues_and_cancel_wakes_without_next_batch ... ok
2026-10-06T08:48:32.5222975Z test selected_files_and_filters_are_applied_before_destination_changes ... ok
2026-10-06T08:48:32.5229719Z test same_service_delete_and_clear_never_skip_mutated_source_rows ... ok
2026-10-06T08:48:32.5760999Z test source_snapshot_excludes_later_inserts_and_retains_later_removed_rows ... ok
2026-10-06T08:48:33.9648726Z test actual_python_archives_import_convert_scope_filter_and_reopen ... ok
2026-10-06T08:48:33.9649384Z 
2026-10-06T08:48:33.9649664Z test result: ok. 15 passed; 0 failed; 0 ignored; 0 measured; 0 filtered out; finished in 2.15s
2026-10-06T08:48:33.9650040Z 
2026-10-06T08:48:33.9664971Z [1m[92m   Doc-tests[0m hydrus_core
2026-10-06T08:48:34.5219858Z 
2026-10-06T08:48:34.5220635Z running 0 tests
2026-10-06T08:48:34.5220946Z 
2026-10-06T08:48:34.5221396Z test result: ok. 0 passed; 0 failed; 0 ignored; 0 measured; 0 filtered out; finished in 0.00s
2026-10-06T08:48:34.5221773Z 
2026-10-06T08:48:34.5239504Z [1m[92m   Doc-tests[0m hydrus_download
2026-10-06T08:48:34.6614789Z 
2026-10-06T08:48:34.6615341Z running 0 tests
2026-10-06T08:48:34.6615616Z 
2026-10-06T08:48:34.6616063Z test result: ok. 0 passed; 0 failed; 0 ignored; 0 measured; 0 filtered out; finished in 0.00s
2026-10-06T08:48:34.6616668Z 
2026-10-06T08:48:34.6633605Z [1m[92m   Doc-tests[0m hydrus_downloader_exchange
2026-10-06T08:48:34.7452815Z 
2026-10-06T08:48:34.7453278Z running 0 tests
2026-10-06T08:48:34.7453936Z 
2026-10-06T08:48:34.7454266Z test result: ok. 0 passed; 0 failed; 0 ignored; 0 measured; 0 filtered out; finished in 0.00s
2026-10-06T08:48:34.7454650Z 
2026-10-06T08:48:34.7469368Z [1m[92m   Doc-tests[0m hydrus_gui_model
2026-10-06T08:48:35.3076380Z 
2026-10-06T08:48:35.3076951Z running 0 tests
2026-10-06T08:48:35.3077164Z 
2026-10-06T08:48:35.3077542Z test result: ok. 0 passed; 0 failed; 0 ignored; 0 measured; 0 filtered out; finished in 0.00s
2026-10-06T08:48:35.3078126Z 
2026-10-06T08:48:35.3101260Z [1m[92m   Doc-tests[0m hydrus_net
2026-10-06T08:48:35.3878277Z 
2026-10-06T08:48:35.3878809Z running 0 tests
2026-10-06T08:48:35.3879101Z 
2026-10-06T08:48:35.3879723Z test result: ok. 0 passed; 0 failed; 0 ignored; 0 measured; 0 filtered out; finished in 0.00s
2026-10-06T08:48:35.3880140Z 
2026-10-06T08:48:35.3898430Z [1m[92m   Doc-tests[0m hydrus_search
2026-10-06T08:48:35.4936130Z 
2026-10-06T08:48:35.4936620Z running 0 tests
2026-10-06T08:48:35.4936872Z 
2026-10-06T08:48:35.4937199Z test result: ok. 0 passed; 0 failed; 0 ignored; 0 measured; 0 filtered out; finished in 0.00s
2026-10-06T08:48:35.4937580Z 
2026-10-06T08:48:35.4953897Z [1m[92m   Doc-tests[0m hydrus_store
2026-10-06T08:48:36.2371874Z 
2026-10-06T08:48:36.2372529Z running 0 tests
2026-10-06T08:48:36.2372746Z 
2026-10-06T08:48:36.2373041Z test result: ok. 0 passed; 0 failed; 0 ignored; 0 measured; 0 filtered out; finished in 0.00s
2026-10-06T08:48:36.2373751Z 
2026-10-06T08:48:36.2526915Z Post job cleanup.
2026-10-06T08:48:36.3758294Z Cache up-to-date.
2026-10-06T08:48:36.3911641Z Post job cleanup.
2026-10-06T08:48:36.4753060Z [command]/usr/bin/git version
2026-10-06T08:48:36.4792732Z git version 2.55.0
2026-10-06T08:48:36.4830865Z Temporarily overriding HOME='/home/runner/work/_temp/9cfd9ad2-5e0a-4d52-8c1c-f4fe2b5f7a29' before making global git config changes
2026-10-06T08:48:36.4831854Z Adding repository directory to the temporary git global config as a safe directory
2026-10-06T08:48:36.4836427Z [command]/usr/bin/git config --global --add safe.directory /home/runner/work/hydrus-mine/hydrus-mine
2026-10-06T08:48:36.4871875Z [command]/usr/bin/git config --local --name-only --get-regexp core\.sshCommand
2026-10-06T08:48:36.4904319Z [command]/usr/bin/git submodule foreach --recursive sh -c "git config --local --name-only --get-regexp 'core\.sshCommand' && git config --local --unset-all 'core.sshCommand' || :"
2026-10-06T08:48:36.5130857Z [command]/usr/bin/git config --local --name-only --get-regexp http\.https\:\/\/github\.com\/\.extraheader
2026-10-06T08:48:36.5163118Z http.https://github.com/.extraheader
2026-10-06T08:48:36.5174274Z [command]/usr/bin/git config --local --unset-all http.https://github.com/.extraheader
2026-10-06T08:48:36.5206864Z [command]/usr/bin/git submodule foreach --recursive sh -c "git config --local --name-only --get-regexp 'http\.https\:\/\/github\.com\/\.extraheader' && git config --local --unset-all 'http.https://github.com/.extraheader' || :"
2026-10-06T08:48:36.5432715Z [command]/usr/bin/git config --local --name-only --get-regexp ^includeIf\.gitdir:
2026-10-06T08:48:36.5463341Z [command]/usr/bin/git submodule foreach --recursive git config --local --show-origin --name-only --get-regexp remote.origin.url
2026-10-06T08:48:36.5862259Z Cleaning up orphan processes
2026-10-06T08:48:36.6157507Z ##[warning]Node.js 20 is deprecated. The following actions target Node.js 20 but are being forced to run on Node.js 24: actions/checkout@v4. For more information see: https://github.blog/changelog/2025-09-19-deprecation-of-node-20-on-github-actions-runners/

