2026-10-07T23:09:03.4243728Z Current runner version: '2.337.0'
2026-10-07T23:09:03.4279176Z ##[group]Runner Image Provisioner
2026-10-07T23:09:03.4280496Z Hosted Compute Agent
2026-10-07T23:09:03.4281563Z Version: 20260901.588
2026-10-07T23:09:03.4282628Z Commit: f88ec8081b781fac6c440065ac7ff9e710ce3d0b
2026-10-07T23:09:03.4283909Z Build Date: 2026-09-01T19:56:44Z
2026-10-07T23:09:03.4285089Z Worker ID: {8fa9c017-dda3-4498-8a83-9706e8445649}
2026-10-07T23:09:03.4286293Z Azure Region: eastus
2026-10-07T23:09:03.4287327Z ##[endgroup]
2026-10-07T23:09:03.4289992Z ##[group]Operating System
2026-10-07T23:09:03.4291067Z Ubuntu
2026-10-07T23:09:03.4291984Z 24.04.5
2026-10-07T23:09:03.4292855Z LTS
2026-10-07T23:09:03.4293728Z ##[endgroup]
2026-10-07T23:09:03.4294628Z ##[group]Runner Image
2026-10-07T23:09:03.4295741Z Image: ubuntu-24.04
2026-10-07T23:09:03.4296671Z Version: 20260927.320.1
2026-10-07T23:09:03.4299275Z Included Software: https://github.com/actions/runner-images/blob/ubuntu24/20260927.320/images/ubuntu/Ubuntu2404-Readme.md
2026-10-07T23:09:03.4302062Z Image Release: https://github.com/actions/runner-images/releases/tag/ubuntu24%2F20260927.320
2026-10-07T23:09:03.4303772Z ##[endgroup]
2026-10-07T23:09:03.4305737Z ##[group]GITHUB_TOKEN Permissions
2026-10-07T23:09:03.4309081Z Contents: read
2026-10-07T23:09:03.4310082Z Metadata: read
2026-10-07T23:09:03.4311075Z Packages: read
2026-10-07T23:09:03.4311979Z ##[endgroup]
2026-10-07T23:09:03.4316063Z Secret source: Actions
2026-10-07T23:09:03.4317733Z Cache mode: write
2026-10-07T23:09:03.4319330Z Prepare workflow directory
2026-10-07T23:09:03.4895187Z Prepare all required actions
2026-10-07T23:09:03.4967280Z Getting action download info
2026-10-07T23:09:03.6510912Z Download action repository 'actions/checkout@v4' (SHA:11d5960a326750d5838078e36cf38b85af677262)
2026-10-07T23:09:03.7836501Z Download action repository 'dtolnay/rust-toolchain@master' (SHA:7e38f4b43b4db5c8dd498af069a4f6196df1d067)
2026-10-07T23:09:03.8621787Z Download action repository 'Swatinem/rust-cache@v2' (SHA:6323deb102c322ba6fcbdcafc7e3dddab59af2b6)
2026-10-07T23:09:04.1544555Z Complete job name: parity-models
2026-10-07T23:09:04.2446094Z ##[group]Run actions/checkout@v4
2026-10-07T23:09:04.2447033Z with:
2026-10-07T23:09:04.2447515Z   repository: jkendall327/hydrus-mine
2026-10-07T23:09:04.2451946Z   token: ***
2026-10-07T23:09:04.2452400Z   ssh-strict: true
2026-10-07T23:09:04.2452845Z   ssh-user: git
2026-10-07T23:09:04.2453302Z   persist-credentials: true
2026-10-07T23:09:04.2453803Z   clean: true
2026-10-07T23:09:04.2454265Z   sparse-checkout-cone-mode: true
2026-10-07T23:09:04.2454795Z   fetch-depth: 1
2026-10-07T23:09:04.2455232Z   fetch-tags: false
2026-10-07T23:09:04.2455678Z   show-progress: true
2026-10-07T23:09:04.2456129Z   lfs: false
2026-10-07T23:09:04.2456604Z   submodules: false
2026-10-07T23:09:04.2457059Z   set-safe-directory: true
2026-10-07T23:09:04.2457565Z   allow-unsafe-pr-checkout: false
2026-10-07T23:09:04.2458586Z env:
2026-10-07T23:09:04.2459031Z   CARGO_TERM_COLOR: always
2026-10-07T23:09:04.2459583Z   RUSTFLAGS: -D warnings
2026-10-07T23:09:04.2460052Z ##[endgroup]
2026-10-07T23:09:04.3447842Z Syncing repository: jkendall327/hydrus-mine
2026-10-07T23:09:04.3450051Z ##[group]Getting Git version info
2026-10-07T23:09:04.3450854Z Working directory is '/home/runner/work/hydrus-mine/hydrus-mine'
2026-10-07T23:09:04.3451903Z [command]/usr/bin/git version
2026-10-07T23:09:04.3543132Z git version 2.55.0
2026-10-07T23:09:04.3564468Z ##[endgroup]
2026-10-07T23:09:04.3579869Z Temporarily overriding HOME='/home/runner/work/_temp/5fed8f65-f480-408a-b849-aab4ad8fe5fa' before making global git config changes
2026-10-07T23:09:04.3581345Z Adding repository directory to the temporary git global config as a safe directory
2026-10-07T23:09:04.3585661Z [command]/usr/bin/git config --global --add safe.directory /home/runner/work/hydrus-mine/hydrus-mine
2026-10-07T23:09:04.3639758Z Deleting the contents of '/home/runner/work/hydrus-mine/hydrus-mine'
2026-10-07T23:09:04.3644126Z ##[group]Initializing the repository
2026-10-07T23:09:04.3648440Z [command]/usr/bin/git init /home/runner/work/hydrus-mine/hydrus-mine
2026-10-07T23:09:04.3766993Z hint: Using 'master' as the name for the initial branch. This default branch name
2026-10-07T23:09:04.3769274Z hint: will change to "main" in Git 3.0. To configure the initial branch name
2026-10-07T23:09:04.3772641Z hint: to use in all of your new repositories, which will suppress this warning,
2026-10-07T23:09:04.3773952Z hint: call:
2026-10-07T23:09:04.3774402Z hint:
2026-10-07T23:09:04.3774948Z hint: 	git config --global init.defaultBranch <name>
2026-10-07T23:09:04.3776106Z hint:
2026-10-07T23:09:04.3777179Z hint: Names commonly chosen instead of 'master' are 'main', 'trunk' and
2026-10-07T23:09:04.3778757Z hint: 'development'. The just-created branch can be renamed via this command:
2026-10-07T23:09:04.3779887Z hint:
2026-10-07T23:09:04.3780339Z hint: 	git branch -m <name>
2026-10-07T23:09:04.3780851Z hint:
2026-10-07T23:09:04.3781521Z hint: Disable this message with "git config set advice.defaultBranchName false"
2026-10-07T23:09:04.3782679Z Initialized empty Git repository in /home/runner/work/hydrus-mine/hydrus-mine/.git/
2026-10-07T23:09:04.3786250Z [command]/usr/bin/git remote add origin https://github.com/jkendall327/hydrus-mine
2026-10-07T23:09:04.3842826Z ##[endgroup]
2026-10-07T23:09:04.3844364Z ##[group]Disabling automatic garbage collection
2026-10-07T23:09:04.3848848Z [command]/usr/bin/git config --local gc.auto 0
2026-10-07T23:09:04.3885009Z ##[endgroup]
2026-10-07T23:09:04.3886359Z ##[group]Setting up auth
2026-10-07T23:09:04.3893176Z [command]/usr/bin/git config --local --name-only --get-regexp core\.sshCommand
2026-10-07T23:09:04.3926958Z [command]/usr/bin/git submodule foreach --recursive sh -c "git config --local --name-only --get-regexp 'core\.sshCommand' && git config --local --unset-all 'core.sshCommand' || :"
2026-10-07T23:09:04.4294874Z [command]/usr/bin/git config --local --name-only --get-regexp http\.https\:\/\/github\.com\/\.extraheader
2026-10-07T23:09:04.4330501Z [command]/usr/bin/git submodule foreach --recursive sh -c "git config --local --name-only --get-regexp 'http\.https\:\/\/github\.com\/\.extraheader' && git config --local --unset-all 'http.https://github.com/.extraheader' || :"
2026-10-07T23:09:04.4631430Z [command]/usr/bin/git config --local --name-only --get-regexp ^includeIf\.gitdir:
2026-10-07T23:09:04.4657549Z [command]/usr/bin/git submodule foreach --recursive git config --local --show-origin --name-only --get-regexp remote.origin.url
2026-10-07T23:09:04.4907500Z [command]/usr/bin/git config --local http.https://github.com/.extraheader AUTHORIZATION: basic ***
2026-10-07T23:09:04.4948914Z ##[endgroup]
2026-10-07T23:09:04.4950360Z ##[group]Fetching the repository
2026-10-07T23:09:04.4960339Z [command]/usr/bin/git -c protocol.version=2 fetch --no-tags --prune --no-recurse-submodules --depth=1 origin +88e9851e6ab8ecec08eb03f0d5cd3a2f8b7d2339:refs/remotes/origin/codex/validation-runner
2026-10-07T23:09:18.6460554Z From https://github.com/jkendall327/hydrus-mine
2026-10-07T23:09:18.6463300Z  * [new ref]         88e9851e6ab8ecec08eb03f0d5cd3a2f8b7d2339 -> origin/codex/validation-runner
2026-10-07T23:09:18.6468616Z ##[endgroup]
2026-10-07T23:09:18.6470588Z ##[group]Determining the checkout info
2026-10-07T23:09:18.6472634Z ##[endgroup]
2026-10-07T23:09:18.6475884Z [command]/usr/bin/git sparse-checkout disable
2026-10-07T23:09:18.6525296Z [command]/usr/bin/git config --local --unset-all extensions.worktreeConfig
2026-10-07T23:09:18.6555090Z ##[group]Checking out the ref
2026-10-07T23:09:18.6559813Z [command]/usr/bin/git checkout --progress --force -B codex/validation-runner refs/remotes/origin/codex/validation-runner
2026-10-07T23:09:19.6730555Z Updating files:  77% (4501/5824)
2026-10-07T23:09:19.6779120Z Updating files:  78% (4543/5824)
2026-10-07T23:09:19.6819066Z Updating files:  79% (4601/5824)
2026-10-07T23:09:19.6868944Z Updating files:  80% (4660/5824)
2026-10-07T23:09:19.6931378Z Updating files:  81% (4718/5824)
2026-10-07T23:09:19.7050197Z Updating files:  82% (4776/5824)
2026-10-07T23:09:19.7133816Z Updating files:  83% (4834/5824)
2026-10-07T23:09:19.7203324Z Updating files:  84% (4893/5824)
2026-10-07T23:09:19.7223461Z Updating files:  85% (4951/5824)
2026-10-07T23:09:19.7354312Z Updating files:  86% (5009/5824)
2026-10-07T23:09:19.7453402Z Updating files:  87% (5067/5824)
2026-10-07T23:09:19.7492195Z Updating files:  88% (5126/5824)
2026-10-07T23:09:19.7533280Z Updating files:  89% (5184/5824)
2026-10-07T23:09:19.7573289Z Updating files:  90% (5242/5824)
2026-10-07T23:09:19.7614380Z Updating files:  91% (5300/5824)
2026-10-07T23:09:19.7655259Z Updating files:  92% (5359/5824)
2026-10-07T23:09:19.7708127Z Updating files:  93% (5417/5824)
2026-10-07T23:09:19.7866187Z Updating files:  94% (5475/5824)
2026-10-07T23:09:19.8286530Z Updating files:  95% (5533/5824)
2026-10-07T23:09:19.8341725Z Updating files:  96% (5592/5824)
2026-10-07T23:09:19.8370709Z Updating files:  97% (5650/5824)
2026-10-07T23:09:19.8399393Z Updating files:  98% (5708/5824)
2026-10-07T23:09:19.8493367Z Updating files:  99% (5766/5824)
2026-10-07T23:09:19.8493884Z Updating files: 100% (5824/5824)
2026-10-07T23:09:19.8494232Z Updating files: 100% (5824/5824), done.
2026-10-07T23:09:19.8562899Z Switched to a new branch 'codex/validation-runner'
2026-10-07T23:09:19.8569406Z branch 'codex/validation-runner' set up to track 'origin/codex/validation-runner'.
2026-10-07T23:09:19.8679762Z ##[endgroup]
2026-10-07T23:09:19.8683316Z [command]/usr/bin/git log -1 --format=%H
2026-10-07T23:09:19.8707498Z 88e9851e6ab8ecec08eb03f0d5cd3a2f8b7d2339
2026-10-07T23:09:19.9148800Z ##[group]Run dtolnay/rust-toolchain@master
2026-10-07T23:09:19.9149189Z with:
2026-10-07T23:09:19.9149411Z   toolchain: 1.94
2026-10-07T23:09:19.9149653Z env:
2026-10-07T23:09:19.9149853Z   CARGO_TERM_COLOR: always
2026-10-07T23:09:19.9150104Z   RUSTFLAGS: -D warnings
2026-10-07T23:09:19.9150338Z ##[endgroup]
2026-10-07T23:09:19.9219649Z ##[start-action display=Parse toolchain version;id=__dtolnay_rust-toolchain.parse]
2026-10-07T23:09:19.9277543Z ##[group]Run if [[ -z $toolchain ]]; then
2026-10-07T23:09:19.9278191Z [36;1mif [[ -z $toolchain ]]; then[0m
2026-10-07T23:09:19.9278825Z [36;1m  # GitHub does not enforce `required: true` inputs itself. https://github.com/actions/runner/issues/1070[0m
2026-10-07T23:09:19.9279419Z [36;1m  echo "'toolchain' is a required input" >&2[0m
2026-10-07T23:09:19.9279727Z [36;1m  exit 1[0m
2026-10-07T23:09:19.9280078Z [36;1melif [[ $toolchain =~ ^stable' '[0-9]+' '(year|month|week|day)s?' 'ago$ ]]; then[0m
2026-10-07T23:09:19.9280562Z [36;1m  if [[ Linux == macOS ]]; then[0m
2026-10-07T23:09:19.9281114Z [36;1m    echo "toolchain=1.$((($(date -v-$(sed 's/stable \([0-9]*\) \(.\).*/\1\2/' <<< $toolchain) +%s)/60/60/24-16569)/7/6))" >> $GITHUB_OUTPUT[0m
2026-10-07T23:09:19.9281654Z [36;1m  else[0m
2026-10-07T23:09:19.9282088Z [36;1m    echo "toolchain=1.$((($(date --date "${toolchain#stable }" +%s)/60/60/24-16569)/7/6))" >> $GITHUB_OUTPUT[0m
2026-10-07T23:09:19.9282566Z [36;1m  fi[0m
2026-10-07T23:09:19.9282886Z [36;1melif [[ $toolchain =~ ^stable' 'minus' '[0-9]+' 'releases?$ ]]; then[0m
2026-10-07T23:09:19.9283442Z [36;1m  echo "toolchain=1.$((($(date +%s)/60/60/24-16569)/7/6-${toolchain//[^0-9]/}))" >> $GITHUB_OUTPUT[0m
2026-10-07T23:09:19.9283931Z [36;1melif [[ $toolchain =~ ^1\.[0-9]+$ ]]; then[0m
2026-10-07T23:09:19.9284501Z [36;1m  echo "toolchain=1.$((i=${toolchain#1.}, c=($(date +%s)/60/60/24-16569)/7/6, i+9*i*(10*i<=c)+90*i*(100*i<=c)))" >> $GITHUB_OUTPUT[0m
2026-10-07T23:09:19.9285031Z [36;1melse[0m
2026-10-07T23:09:19.9285294Z [36;1m  echo "toolchain=$toolchain" >> $GITHUB_OUTPUT[0m
2026-10-07T23:09:19.9285606Z [36;1mfi[0m
2026-10-07T23:09:19.9548902Z shell: /usr/bin/bash --noprofile --norc -e -o pipefail {0}
2026-10-07T23:09:19.9549409Z env:
2026-10-07T23:09:19.9549683Z   CARGO_TERM_COLOR: always
2026-10-07T23:09:19.9550004Z   RUSTFLAGS: -D warnings
2026-10-07T23:09:19.9550312Z   toolchain: 1.94
2026-10-07T23:09:19.9550581Z ##[endgroup]
2026-10-07T23:09:19.9708285Z ##[end-action id=__dtolnay_rust-toolchain.parse;outcome=success;conclusion=success;duration_ms=48]
2026-10-07T23:09:19.9723120Z ##[start-action display=Construct rustup command line;id=__dtolnay_rust-toolchain.flags]
2026-10-07T23:09:19.9755844Z ##[group]Run echo "targets=$(for t in ${targets//,/ }; do echo -n ' --target' $t; done)" >> $GITHUB_OUTPUT
2026-10-07T23:09:19.9756548Z [36;1mecho "targets=$(for t in ${targets//,/ }; do echo -n ' --target' $t; done)" >> $GITHUB_OUTPUT[0m
2026-10-07T23:09:19.9757251Z [36;1mecho "components=$(for c in ${components//,/ }; do echo -n ' --component' $c; done)" >> $GITHUB_OUTPUT[0m
2026-10-07T23:09:19.9757773Z [36;1mecho "downgrade=" >> $GITHUB_OUTPUT[0m
2026-10-07T23:09:19.9822138Z shell: /usr/bin/bash --noprofile --norc -e -o pipefail {0}
2026-10-07T23:09:19.9822526Z env:
2026-10-07T23:09:19.9822735Z   CARGO_TERM_COLOR: always
2026-10-07T23:09:19.9822989Z   RUSTFLAGS: -D warnings
2026-10-07T23:09:19.9823221Z   targets: 
2026-10-07T23:09:19.9823418Z   components: 
2026-10-07T23:09:19.9823639Z ##[endgroup]
2026-10-07T23:09:19.9929921Z ##[end-action id=__dtolnay_rust-toolchain.flags;outcome=success;conclusion=success;duration_ms=20]
2026-10-07T23:09:19.9932869Z ##[start-action display=Set $CARGO_HOME;id=__dtolnay_rust-toolchain.__run]
2026-10-07T23:09:19.9957428Z ##[group]Run echo CARGO_HOME=${CARGO_HOME:-"$HOME/.cargo"} >> $GITHUB_ENV
2026-10-07T23:09:19.9958290Z [36;1mecho CARGO_HOME=${CARGO_HOME:-"$HOME/.cargo"} >> $GITHUB_ENV[0m
2026-10-07T23:09:20.0022562Z shell: /usr/bin/bash --noprofile --norc -e -o pipefail {0}
2026-10-07T23:09:20.0022958Z env:
2026-10-07T23:09:20.0023172Z   CARGO_TERM_COLOR: always
2026-10-07T23:09:20.0023437Z   RUSTFLAGS: -D warnings
2026-10-07T23:09:20.0023678Z ##[endgroup]
2026-10-07T23:09:20.0118454Z ##[end-action id=__dtolnay_rust-toolchain.__run;outcome=success;conclusion=success;duration_ms=18]
2026-10-07T23:09:20.0121292Z ##[start-action display=Install rustup if needed;id=__dtolnay_rust-toolchain.__run_2]
2026-10-07T23:09:20.0150050Z ##[group]Run if ! command -v rustup &>/dev/null; then
2026-10-07T23:09:20.0150464Z [36;1mif ! command -v rustup &>/dev/null; then[0m
2026-10-07T23:09:20.0151248Z [36;1m  curl --proto '=https' --tlsv1.2 --retry 10 --retry-connrefused --location --silent --show-error --fail https://sh.rustup.rs | sh -s -- --default-toolchain none -y[0m
2026-10-07T23:09:20.0152017Z [36;1m  echo "$CARGO_HOME/bin" >> $GITHUB_PATH[0m
2026-10-07T23:09:20.0152313Z [36;1mfi[0m
2026-10-07T23:09:20.0215153Z shell: /usr/bin/bash --noprofile --norc -e -o pipefail {0}
2026-10-07T23:09:20.0215542Z env:
2026-10-07T23:09:20.0215757Z   CARGO_TERM_COLOR: always
2026-10-07T23:09:20.0216017Z   RUSTFLAGS: -D warnings
2026-10-07T23:09:20.0216291Z   CARGO_HOME: /home/runner/.cargo
2026-10-07T23:09:20.0216628Z ##[endgroup]
2026-10-07T23:09:20.0308811Z ##[end-action id=__dtolnay_rust-toolchain.__run_2;outcome=success;conclusion=success;duration_ms=18]
2026-10-07T23:09:20.0311677Z ##[start-action display=Install rustup if needed on windows;id=__dtolnay_rust-toolchain.__run_3]
2026-10-07T23:09:20.0320602Z ##[end-action id=__dtolnay_rust-toolchain.__run_3;outcome=skipped;conclusion=skipped;duration_ms=0]
2026-10-07T23:09:20.0332807Z ##[start-action display=rustup toolchain install 1.94;id=__dtolnay_rust-toolchain.__run_4]
2026-10-07T23:09:20.0355396Z ##[group]Run log=$(mktemp)
2026-10-07T23:09:20.0355689Z [36;1mlog=$(mktemp)[0m
2026-10-07T23:09:20.0355942Z [36;1mtrap 'rm -f "$log"' EXIT[0m
2026-10-07T23:09:20.0356224Z [36;1mfor attempt in 1 2 3 4 5; do[0m
2026-10-07T23:09:20.0356989Z [36;1m  if rustup toolchain install 1.94 --profile minimal --no-self-update --force-non-host 2>&1 | tee "$log"; then[0m
2026-10-07T23:09:20.0357552Z [36;1m    break[0m
2026-10-07T23:09:20.0357776Z [36;1m  else[0m
2026-10-07T23:09:20.0358307Z [36;1m    status=$?[0m
2026-10-07T23:09:20.0358542Z [36;1m  fi[0m
2026-10-07T23:09:20.0358863Z [36;1m  if [[ $attempt == 5 ]] || ! grep -Fq 'checksum failed for ' "$log" \[0m
2026-10-07T23:09:20.0359449Z [36;1m      || ! grep -Fq 'this is likely due to an ongoing update of the official release server' "$log"; then[0m
2026-10-07T23:09:20.0360117Z [36;1m    exit "$status"[0m
2026-10-07T23:09:20.0360356Z [36;1m  fi[0m
2026-10-07T23:09:20.0360724Z [36;1m  echo "Retrying rustup toolchain install in 30 seconds (retry $attempt of 4)" >&2[0m
2026-10-07T23:09:20.0361159Z [36;1m  sleep 30[0m
2026-10-07T23:09:20.0361365Z [36;1mdone[0m
2026-10-07T23:09:20.0424749Z shell: /usr/bin/bash --noprofile --norc -e -o pipefail {0}
2026-10-07T23:09:20.0425115Z env:
2026-10-07T23:09:20.0425336Z   CARGO_TERM_COLOR: always
2026-10-07T23:09:20.0425593Z   RUSTFLAGS: -D warnings
2026-10-07T23:09:20.0425847Z   CARGO_HOME: /home/runner/.cargo
2026-10-07T23:09:20.0426118Z   RUSTUP_PERMIT_COPY_RENAME: 1
2026-10-07T23:09:20.0426366Z ##[endgroup]
2026-10-07T23:09:20.6666383Z info: syncing channel updates for 1.94-x86_64-unknown-linux-gnu
2026-10-07T23:09:20.9380207Z info: latest update on 2026-03-26 for version 1.94.1 (e408947bf 2026-03-25)
2026-10-07T23:09:20.9381388Z info: downloading 3 components
2026-10-07T23:09:28.3027759Z 
2026-10-07T23:09:28.3106145Z   1.94-x86_64-unknown-linux-gnu installed - rustc 1.94.1 (e408947bf 2026-03-25)
2026-10-07T23:09:28.3107039Z 
2026-10-07T23:09:28.3171171Z ##[end-action id=__dtolnay_rust-toolchain.__run_4;outcome=success;conclusion=success;duration_ms=8283]
2026-10-07T23:09:28.3179270Z ##[start-action display=rustup default 1.94;id=__dtolnay_rust-toolchain.__run_5]
2026-10-07T23:09:28.3203098Z ##[group]Run rustup default 1.94 --force-non-host
2026-10-07T23:09:28.3203713Z [36;1mrustup default 1.94 --force-non-host[0m
2026-10-07T23:09:28.3268808Z shell: /usr/bin/bash --noprofile --norc -e -o pipefail {0}
2026-10-07T23:09:28.3269178Z env:
2026-10-07T23:09:28.3269383Z   CARGO_TERM_COLOR: always
2026-10-07T23:09:28.3269633Z   RUSTFLAGS: -D warnings
2026-10-07T23:09:28.3269881Z   CARGO_HOME: /home/runner/.cargo
2026-10-07T23:09:28.3270135Z ##[endgroup]
2026-10-07T23:09:28.3398336Z info: using existing install for 1.94-x86_64-unknown-linux-gnu
2026-10-07T23:09:28.3406243Z info: default toolchain set to 1.94-x86_64-unknown-linux-gnu
2026-10-07T23:09:28.3406723Z 
2026-10-07T23:09:28.3475292Z   1.94-x86_64-unknown-linux-gnu unchanged - rustc 1.94.1 (e408947bf 2026-03-25)
2026-10-07T23:09:28.3475908Z 
2026-10-07T23:09:28.3478727Z info: note that the toolchain '1.94-x86_64-unknown-linux-gnu' is currently in use (overridden by '/home/runner/work/hydrus-mine/hydrus-mine/rust-toolchain.toml')
2026-10-07T23:09:28.3494030Z ##[end-action id=__dtolnay_rust-toolchain.__run_5;outcome=success;conclusion=success;duration_ms=31]
2026-10-07T23:09:28.3496787Z ##[start-action display=Create cachekey;id=__dtolnay_rust-toolchain.rustc-version]
2026-10-07T23:09:28.3521022Z ##[group]Run DATE=$(rustc +1.94 --version --verbose | sed -ne 's/^commit-date: \(20[0-9][0-9]\)-\([01][0-9]\)-\([0-3][0-9]\)$/\1\2\3/p')
2026-10-07T23:09:28.3521862Z [36;1mDATE=$(rustc +1.94 --version --verbose | sed -ne 's/^commit-date: \(20[0-9][0-9]\)-\([01][0-9]\)-\([0-3][0-9]\)$/\1\2\3/p')[0m
2026-10-07T23:09:28.3522534Z [36;1mHASH=$(rustc +1.94 --version --verbose | sed -ne 's/^commit-hash: //p')[0m
2026-10-07T23:09:28.3523047Z [36;1mecho "cachekey=$(echo $DATE$HASH | head -c12)" >> $GITHUB_OUTPUT[0m
2026-10-07T23:09:28.3588314Z shell: /usr/bin/bash --noprofile --norc -e -o pipefail {0}
2026-10-07T23:09:28.3588667Z env:
2026-10-07T23:09:28.3588874Z   CARGO_TERM_COLOR: always
2026-10-07T23:09:28.3589121Z   RUSTFLAGS: -D warnings
2026-10-07T23:09:28.3589366Z   CARGO_HOME: /home/runner/.cargo
2026-10-07T23:09:28.3589639Z ##[endgroup]
2026-10-07T23:09:28.3968702Z ##[end-action id=__dtolnay_rust-toolchain.rustc-version;outcome=success;conclusion=success;duration_ms=47]
2026-10-07T23:09:28.3971537Z ##[start-action display=Disable incremental compilation;id=__dtolnay_rust-toolchain.__run_6]
2026-10-07T23:09:28.3993887Z ##[group]Run if [ -z "${CARGO_INCREMENTAL+set}" ]; then
2026-10-07T23:09:28.3994283Z [36;1mif [ -z "${CARGO_INCREMENTAL+set}" ]; then[0m
2026-10-07T23:09:28.3994771Z [36;1m  echo CARGO_INCREMENTAL=0 >> $GITHUB_ENV[0m
2026-10-07T23:09:28.3995061Z [36;1mfi[0m
2026-10-07T23:09:28.4061354Z shell: /usr/bin/bash --noprofile --norc -e -o pipefail {0}
2026-10-07T23:09:28.4061707Z env:
2026-10-07T23:09:28.4061906Z   CARGO_TERM_COLOR: always
2026-10-07T23:09:28.4062158Z   RUSTFLAGS: -D warnings
2026-10-07T23:09:28.4062406Z   CARGO_HOME: /home/runner/.cargo
2026-10-07T23:09:28.4062663Z ##[endgroup]
2026-10-07T23:09:28.4156528Z ##[end-action id=__dtolnay_rust-toolchain.__run_6;outcome=success;conclusion=success;duration_ms=18]
2026-10-07T23:09:28.4159461Z ##[start-action display=Enable colors in Cargo output;id=__dtolnay_rust-toolchain.__run_7]
2026-10-07T23:09:28.4182404Z ##[group]Run if [ -z "${CARGO_TERM_COLOR+set}" ]; then
2026-10-07T23:09:28.4182788Z [36;1mif [ -z "${CARGO_TERM_COLOR+set}" ]; then[0m
2026-10-07T23:09:28.4183133Z [36;1m  echo CARGO_TERM_COLOR=always >> $GITHUB_ENV[0m
2026-10-07T23:09:28.4183758Z [36;1mfi[0m
2026-10-07T23:09:28.4247367Z shell: /usr/bin/bash --noprofile --norc -e -o pipefail {0}
2026-10-07T23:09:28.4247755Z env:
2026-10-07T23:09:28.4248244Z   CARGO_TERM_COLOR: always
2026-10-07T23:09:28.4248508Z   RUSTFLAGS: -D warnings
2026-10-07T23:09:28.4248758Z   CARGO_HOME: /home/runner/.cargo
2026-10-07T23:09:28.4249024Z   CARGO_INCREMENTAL: 0
2026-10-07T23:09:28.4249251Z ##[endgroup]
2026-10-07T23:09:28.4341713Z ##[end-action id=__dtolnay_rust-toolchain.__run_7;outcome=success;conclusion=success;duration_ms=18]
2026-10-07T23:09:28.4344528Z ##[start-action display=Enable Cargo sparse registry;id=__dtolnay_rust-toolchain.__run_8]
2026-10-07T23:09:28.4368527Z ##[group]Run # implemented in 1.66, stabilized in 1.68, made default in 1.70
2026-10-07T23:09:28.4369096Z [36;1m# implemented in 1.66, stabilized in 1.68, made default in 1.70[0m
2026-10-07T23:09:28.4369826Z [36;1mif [ -z "${CARGO_REGISTRIES_CRATES_IO_PROTOCOL+set}" -o -f "/home/runner/work/_temp"/.implicit_cargo_registries_crates_io_protocol ]; then[0m
2026-10-07T23:09:28.4370558Z [36;1m  if rustc +1.94 --version --verbose | grep -q '^release: 1\.6[89]\.'; then[0m
2026-10-07T23:09:28.4371143Z [36;1m    touch "/home/runner/work/_temp"/.implicit_cargo_registries_crates_io_protocol || true[0m
2026-10-07T23:09:28.4371698Z [36;1m    echo CARGO_REGISTRIES_CRATES_IO_PROTOCOL=sparse >> $GITHUB_ENV[0m
2026-10-07T23:09:28.4372193Z [36;1m  elif rustc +1.94 --version --verbose | grep -q '^release: 1\.6[67]\.'; then[0m
2026-10-07T23:09:28.4372772Z [36;1m    touch "/home/runner/work/_temp"/.implicit_cargo_registries_crates_io_protocol || true[0m
2026-10-07T23:09:28.4373305Z [36;1m    echo CARGO_REGISTRIES_CRATES_IO_PROTOCOL=git >> $GITHUB_ENV[0m
2026-10-07T23:09:28.4373659Z [36;1m  fi[0m
2026-10-07T23:09:28.4373849Z [36;1mfi[0m
2026-10-07T23:09:28.4437418Z shell: /usr/bin/bash --noprofile --norc -e -o pipefail {0}
2026-10-07T23:09:28.4437764Z env:
2026-10-07T23:09:28.4438230Z   CARGO_TERM_COLOR: always
2026-10-07T23:09:28.4438481Z   RUSTFLAGS: -D warnings
2026-10-07T23:09:28.4438726Z   CARGO_HOME: /home/runner/.cargo
2026-10-07T23:09:28.4438995Z   CARGO_INCREMENTAL: 0
2026-10-07T23:09:28.4439209Z ##[endgroup]
2026-10-07T23:09:28.4769203Z ##[end-action id=__dtolnay_rust-toolchain.__run_8;outcome=success;conclusion=success;duration_ms=42]
2026-10-07T23:09:28.4772034Z ##[start-action display=Work around spurious network errors in curl 8.0;id=__dtolnay_rust-toolchain.__run_9]
2026-10-07T23:09:28.4795459Z ##[group]Run # https://rust-lang.zulipchat.com/#narrow/stream/246057-t-cargo/topic/timeout.20investigation
2026-10-07T23:09:28.4796267Z [36;1m# https://rust-lang.zulipchat.com/#narrow/stream/246057-t-cargo/topic/timeout.20investigation[0m
2026-10-07T23:09:28.4796886Z [36;1mif rustc +1.94 --version --verbose | grep -q '^release: 1\.7[01]\.'; then[0m
2026-10-07T23:09:28.4797343Z [36;1m  echo CARGO_HTTP_MULTIPLEXING=false >> $GITHUB_ENV[0m
2026-10-07T23:09:28.4797666Z [36;1mfi[0m
2026-10-07T23:09:28.4864491Z shell: /usr/bin/bash --noprofile --norc -e -o pipefail {0}
2026-10-07T23:09:28.4865025Z env:
2026-10-07T23:09:28.4865239Z   CARGO_TERM_COLOR: always
2026-10-07T23:09:28.4865486Z   RUSTFLAGS: -D warnings
2026-10-07T23:09:28.4865727Z   CARGO_HOME: /home/runner/.cargo
2026-10-07T23:09:28.4865994Z   CARGO_INCREMENTAL: 0
2026-10-07T23:09:28.4866209Z ##[endgroup]
2026-10-07T23:09:28.5079341Z ##[end-action id=__dtolnay_rust-toolchain.__run_9;outcome=success;conclusion=success;duration_ms=30]
2026-10-07T23:09:28.5083935Z ##[start-action display=rustc +1.94 --version --verbose;id=__dtolnay_rust-toolchain.__run_10]
2026-10-07T23:09:28.5106597Z ##[group]Run rustc +1.94 --version --verbose
2026-10-07T23:09:28.5106936Z [36;1mrustc +1.94 --version --verbose[0m
2026-10-07T23:09:28.5173260Z shell: /usr/bin/bash --noprofile --norc -e -o pipefail {0}
2026-10-07T23:09:28.5173630Z env:
2026-10-07T23:09:28.5173844Z   CARGO_TERM_COLOR: always
2026-10-07T23:09:28.5174100Z   RUSTFLAGS: -D warnings
2026-10-07T23:09:28.5174411Z   CARGO_HOME: /home/runner/.cargo
2026-10-07T23:09:28.5174696Z   CARGO_INCREMENTAL: 0
2026-10-07T23:09:28.5174960Z ##[endgroup]
2026-10-07T23:09:28.5375744Z rustc 1.94.1 (e408947bf 2026-03-25)
2026-10-07T23:09:28.5376847Z binary: rustc
2026-10-07T23:09:28.5378296Z commit-hash: e408947bfd200af42db322daf0fadfe7e26d3bd1
2026-10-07T23:09:28.5379229Z commit-date: 2026-03-25
2026-10-07T23:09:28.5379915Z host: x86_64-unknown-linux-gnu
2026-10-07T23:09:28.5380705Z release: 1.94.1
2026-10-07T23:09:28.5381419Z LLVM version: 21.1.8
2026-10-07T23:09:28.5398662Z ##[end-action id=__dtolnay_rust-toolchain.__run_10;outcome=success;conclusion=success;duration_ms=31]
2026-10-07T23:09:28.5523014Z ##[group]Run Swatinem/rust-cache@v2
2026-10-07T23:09:28.5523331Z with:
2026-10-07T23:09:28.5523542Z   cache-on-failure: true
2026-10-07T23:09:28.5523802Z   cache-workspace-crates: true
2026-10-07T23:09:28.5524063Z   prefix-key: v0-rust
2026-10-07T23:09:28.5524296Z   add-job-id-key: true
2026-10-07T23:09:28.5524555Z   add-rust-environment-hash-key: true
2026-10-07T23:09:28.5524837Z   cache-targets: true
2026-10-07T23:09:28.5525080Z   cache-all-crates: false
2026-10-07T23:09:28.5525314Z   save-if: true
2026-10-07T23:09:28.5525527Z   cache-provider: github
2026-10-07T23:09:28.5525754Z   cache-bin: true
2026-10-07T23:09:28.5525963Z   lookup-only: false
2026-10-07T23:09:28.5526186Z   cmd-format: {0}
2026-10-07T23:09:28.5526390Z env:
2026-10-07T23:09:28.5526583Z   CARGO_TERM_COLOR: always
2026-10-07T23:09:28.5526826Z   RUSTFLAGS: -D warnings
2026-10-07T23:09:28.5527078Z   CARGO_HOME: /home/runner/.cargo
2026-10-07T23:09:28.5527345Z   CARGO_INCREMENTAL: 0
2026-10-07T23:09:28.5527592Z ##[endgroup]
2026-10-07T23:09:31.7289403Z ##[group]Cache Configuration
2026-10-07T23:09:31.7290007Z Cache Provider:
2026-10-07T23:09:31.7290466Z     github
2026-10-07T23:09:31.7290823Z Workspaces:
2026-10-07T23:09:31.7291190Z     /home/runner/work/hydrus-mine/hydrus-mine
2026-10-07T23:09:31.7291956Z Cache Paths:
2026-10-07T23:09:31.7292485Z     /home/runner/.cargo/bin
2026-10-07T23:09:31.7293083Z     /home/runner/.cargo/.crates.toml
2026-10-07T23:09:31.7293604Z     /home/runner/.cargo/.crates2.json
2026-10-07T23:09:31.7294062Z     /home/runner/.cargo/registry
2026-10-07T23:09:31.7294477Z     /home/runner/.cargo/git
2026-10-07T23:09:31.7294850Z     /home/runner/work/hydrus-mine/hydrus-mine/target
2026-10-07T23:09:31.7295216Z Restore Key:
2026-10-07T23:09:31.7295628Z     v0-rust-parity-models-Linux-x64-6601efbe
2026-10-07T23:09:31.7295934Z Cache Key:
2026-10-07T23:09:31.7296188Z     v0-rust-parity-models-Linux-x64-6601efbe-115c7281
2026-10-07T23:09:31.7296499Z .. Prefix:
2026-10-07T23:09:31.7296725Z   - v0-rust-parity-models-Linux-x64
2026-10-07T23:09:31.7297010Z .. Environment considered:
2026-10-07T23:09:31.7297238Z   - Rust Versions:
2026-10-07T23:09:31.7297570Z     - 1.94.1 x86_64-unknown-linux-gnu e408947bfd200af42db322daf0fadfe7e26d3bd1
2026-10-07T23:09:31.7298447Z     - 1.98.1 x86_64-unknown-linux-gnu 48a229ceaefd4985c50990b14116b6d856af0985
2026-10-07T23:09:31.7299067Z   - CARGO_HOME
2026-10-07T23:09:31.7299388Z   - CARGO_INCREMENTAL
2026-10-07T23:09:31.7300177Z   - CARGO_TERM_COLOR
2026-10-07T23:09:31.7300477Z   - RUSTFLAGS
2026-10-07T23:09:31.7300773Z .. Lockfiles considered:
2026-10-07T23:09:31.7301303Z   - /home/runner/work/hydrus-mine/hydrus-mine/.cargo/config.toml
2026-10-07T23:09:31.7301990Z   - /home/runner/work/hydrus-mine/hydrus-mine/Cargo.lock
2026-10-07T23:09:31.7302712Z   - /home/runner/work/hydrus-mine/hydrus-mine/crates/hydrus-api/Cargo.toml
2026-10-07T23:09:31.7303544Z   - /home/runner/work/hydrus-mine/hydrus-mine/crates/hydrus-cli/Cargo.toml
2026-10-07T23:09:31.7304322Z   - /home/runner/work/hydrus-mine/hydrus-mine/crates/hydrus-core/Cargo.toml
2026-10-07T23:09:31.7304867Z   - /home/runner/work/hydrus-mine/hydrus-mine/crates/hydrus-download/Cargo.toml
2026-10-07T23:09:31.7305460Z   - /home/runner/work/hydrus-mine/hydrus-mine/crates/hydrus-downloader-exchange/Cargo.toml
2026-10-07T23:09:31.7306049Z   - /home/runner/work/hydrus-mine/hydrus-mine/crates/hydrus-duplicates/Cargo.toml
2026-10-07T23:09:31.7306585Z   - /home/runner/work/hydrus-mine/hydrus-mine/crates/hydrus-gui-model/Cargo.toml
2026-10-07T23:09:31.7307106Z   - /home/runner/work/hydrus-mine/hydrus-mine/crates/hydrus-gui-ui/Cargo.toml
2026-10-07T23:09:31.7307603Z   - /home/runner/work/hydrus-mine/hydrus-mine/crates/hydrus-gui/Cargo.toml
2026-10-07T23:09:31.7308241Z   - /home/runner/work/hydrus-mine/hydrus-mine/crates/hydrus-import/Cargo.toml
2026-10-07T23:09:31.7308737Z   - /home/runner/work/hydrus-mine/hydrus-mine/crates/hydrus-legacy/Cargo.toml
2026-10-07T23:09:31.7309520Z   - /home/runner/work/hydrus-mine/hydrus-mine/crates/hydrus-media/Cargo.toml
2026-10-07T23:09:31.7310041Z   - /home/runner/work/hydrus-mine/hydrus-mine/crates/hydrus-net/Cargo.toml
2026-10-07T23:09:31.7310539Z   - /home/runner/work/hydrus-mine/hydrus-mine/crates/hydrus-parse/Cargo.toml
2026-10-07T23:09:31.7311044Z   - /home/runner/work/hydrus-mine/hydrus-mine/crates/hydrus-search/Cargo.toml
2026-10-07T23:09:31.7311537Z   - /home/runner/work/hydrus-mine/hydrus-mine/crates/hydrus-store/Cargo.toml
2026-10-07T23:09:31.7312043Z   - /home/runner/work/hydrus-mine/hydrus-mine/crates/hydrus-testkit/Cargo.toml
2026-10-07T23:09:31.7312517Z   - /home/runner/work/hydrus-mine/hydrus-mine/rust-toolchain.toml
2026-10-07T23:09:31.7313274Z   - /home/runner/work/hydrus-mine/hydrus-mine/xtask/Cargo.toml
2026-10-07T23:09:31.7314073Z ##[endgroup]
2026-10-07T23:09:31.7314204Z 
2026-10-07T23:09:31.7314292Z ... Restoring cache ...
2026-10-07T23:09:31.7980217Z Cache hit for restore-key: v0-rust-parity-models-Linux-x64-6601efbe-0ea5e1be
2026-10-07T23:09:32.8469773Z Received 222298112 of 613097114 (36.3%), 212.0 MBs/sec
2026-10-07T23:09:33.8485524Z Received 406847488 of 613097114 (66.4%), 193.9 MBs/sec
2026-10-07T23:09:34.6317762Z Received 613097114 of 613097114 (100.0%), 209.9 MBs/sec
2026-10-07T23:09:34.6319314Z Cache Size: ~585 MB (613097114 B)
2026-10-07T23:09:34.6381918Z [command]/usr/bin/tar -xf /home/runner/work/_temp/9f73d494-7450-429b-95ba-4ea9d7f9ae20/cache.tzst -P -C /home/runner/work/hydrus-mine/hydrus-mine --use-compress-program unzstd
2026-10-07T23:09:38.0883087Z Cache restored successfully
2026-10-07T23:09:38.4666162Z Restored from cache key "v0-rust-parity-models-Linux-x64-6601efbe-0ea5e1be" full match: false.
2026-10-07T23:09:38.5621895Z ##[group]Run sudo sed -i \
2026-10-07T23:09:38.5622238Z [36;1msudo sed -i \[0m
2026-10-07T23:09:38.5622597Z [36;1m  -e 's|azure\.archive\.ubuntu\.com|archive.ubuntu.com|g' \[0m
2026-10-07T23:09:38.5623181Z [36;1m  -e 's|mirror+file:/etc/apt/apt-mirrors\.txt|http://archive.ubuntu.com/ubuntu|g' \[0m
2026-10-07T23:09:38.5623720Z [36;1m  /etc/apt/sources.list.d/ubuntu.sources[0m
2026-10-07T23:09:38.5624187Z [36;1msudo apt-get -o Acquire::Retries=3 -o Acquire::http::Timeout=30 update[0m
2026-10-07T23:09:38.5624770Z [36;1msudo apt-get -o Acquire::Retries=3 -o Acquire::http::Timeout=30 install -y ffmpeg[0m
2026-10-07T23:09:38.5687108Z shell: /usr/bin/bash -e {0}
2026-10-07T23:09:38.5687377Z env:
2026-10-07T23:09:38.5687585Z   CARGO_TERM_COLOR: always
2026-10-07T23:09:38.5688115Z   RUSTFLAGS: -D warnings
2026-10-07T23:09:38.5688651Z   CARGO_HOME: /home/runner/.cargo
2026-10-07T23:09:38.5688918Z   CARGO_INCREMENTAL: 0
2026-10-07T23:09:38.5689153Z   CACHE_ON_FAILURE: true
2026-10-07T23:09:38.5689430Z ##[endgroup]
2026-10-07T23:09:40.3527083Z Get:1 https://packages.microsoft.com/ubuntu/24.04/prod noble InRelease [3600 B]
2026-10-07T23:09:40.4811469Z Get:2 https://packages.microsoft.com/ubuntu/24.04/prod noble/main armhf Packages [12.6 kB]
2026-10-07T23:09:40.4991031Z Get:3 https://packages.microsoft.com/ubuntu/24.04/prod noble/main arm64 Packages [463 kB]
2026-10-07T23:09:40.5058990Z Get:4 https://packages.microsoft.com/ubuntu/24.04/prod noble/main amd64 Packages [519 kB]
2026-10-07T23:09:40.5982823Z Get:5 http://archive.ubuntu.com/ubuntu noble InRelease [256 kB]
2026-10-07T23:09:41.1317468Z Get:6 http://archive.ubuntu.com/ubuntu noble-updates InRelease [126 kB]
2026-10-07T23:09:41.2633846Z Get:7 http://archive.ubuntu.com/ubuntu noble-backports InRelease [126 kB]
2026-10-07T23:09:41.3944504Z Get:8 http://archive.ubuntu.com/ubuntu noble-security InRelease [126 kB]
2026-10-07T23:09:41.5262139Z Get:9 http://archive.ubuntu.com/ubuntu noble/main amd64 Packages [1401 kB]
2026-10-07T23:09:41.9537159Z Get:10 http://archive.ubuntu.com/ubuntu noble/main Translation-en [513 kB]
2026-10-07T23:09:42.0810795Z Get:11 http://archive.ubuntu.com/ubuntu noble/main amd64 Components [464 kB]
2026-10-07T23:09:42.2049284Z Get:12 http://archive.ubuntu.com/ubuntu noble/main amd64 c-n-f Metadata [30.5 kB]
2026-10-07T23:09:42.3011449Z Get:13 http://archive.ubuntu.com/ubuntu noble/universe amd64 Packages [15.0 MB]
2026-10-07T23:09:42.9703037Z Get:14 http://archive.ubuntu.com/ubuntu noble/universe Translation-en [5982 kB]
2026-10-07T23:09:43.1092658Z Get:15 http://archive.ubuntu.com/ubuntu noble/universe amd64 Components [3871 kB]
2026-10-07T23:09:43.2320289Z Get:16 http://archive.ubuntu.com/ubuntu noble/universe amd64 c-n-f Metadata [301 kB]
2026-10-07T23:09:43.3284761Z Get:17 http://archive.ubuntu.com/ubuntu noble/restricted amd64 Packages [93.9 kB]
2026-10-07T23:09:43.4237468Z Get:18 http://archive.ubuntu.com/ubuntu noble/restricted Translation-en [18.7 kB]
2026-10-07T23:09:43.5185814Z Get:19 http://archive.ubuntu.com/ubuntu noble/restricted amd64 c-n-f Metadata [416 B]
2026-10-07T23:09:43.6134940Z Get:20 http://archive.ubuntu.com/ubuntu noble/multiverse amd64 Packages [269 kB]
2026-10-07T23:09:43.8456381Z Get:21 http://archive.ubuntu.com/ubuntu noble/multiverse Translation-en [118 kB]
2026-10-07T23:09:43.9412382Z Get:22 http://archive.ubuntu.com/ubuntu noble/multiverse amd64 Components [35.0 kB]
2026-10-07T23:09:44.0361701Z Get:23 http://archive.ubuntu.com/ubuntu noble/multiverse amd64 c-n-f Metadata [8328 B]
2026-10-07T23:09:44.1310079Z Get:24 http://archive.ubuntu.com/ubuntu noble-updates/main amd64 Packages [1375 kB]
2026-10-07T23:09:44.2354973Z Get:25 http://archive.ubuntu.com/ubuntu noble-updates/main Translation-en [306 kB]
2026-10-07T23:09:44.3323577Z Get:26 http://archive.ubuntu.com/ubuntu noble-updates/main amd64 Components [181 kB]
2026-10-07T23:09:44.4280238Z Get:27 http://archive.ubuntu.com/ubuntu noble-updates/main amd64 c-n-f Metadata [17.7 kB]
2026-10-07T23:09:44.5232058Z Get:28 http://archive.ubuntu.com/ubuntu noble-updates/universe amd64 Packages [1702 kB]
2026-10-07T23:09:44.6306305Z Get:29 http://archive.ubuntu.com/ubuntu noble-updates/universe Translation-en [341 kB]
2026-10-07T23:09:44.7266969Z Get:30 http://archive.ubuntu.com/ubuntu noble-updates/universe amd64 Components [388 kB]
2026-10-07T23:09:44.8239712Z Get:31 http://archive.ubuntu.com/ubuntu noble-updates/universe amd64 c-n-f Metadata [34.9 kB]
2026-10-07T23:09:44.9189813Z Get:32 http://archive.ubuntu.com/ubuntu noble-updates/restricted amd64 Packages [1730 kB]
2026-10-07T23:09:45.0257376Z Get:33 http://archive.ubuntu.com/ubuntu noble-updates/restricted Translation-en [396 kB]
2026-10-07T23:09:45.1226301Z Get:34 http://archive.ubuntu.com/ubuntu noble-updates/restricted amd64 Components [212 B]
2026-10-07T23:09:45.3516439Z Get:35 http://archive.ubuntu.com/ubuntu noble-updates/restricted amd64 c-n-f Metadata [456 B]
2026-10-07T23:09:45.4463419Z Get:36 http://archive.ubuntu.com/ubuntu noble-updates/multiverse amd64 Packages [45.7 kB]
2026-10-07T23:09:45.5412826Z Get:37 http://archive.ubuntu.com/ubuntu noble-updates/multiverse Translation-en [13.3 kB]
2026-10-07T23:09:45.6359607Z Get:38 http://archive.ubuntu.com/ubuntu noble-updates/multiverse amd64 Components [940 B]
2026-10-07T23:09:45.7305665Z Get:39 http://archive.ubuntu.com/ubuntu noble-updates/multiverse amd64 c-n-f Metadata [656 B]
2026-10-07T23:09:45.8254460Z Get:40 http://archive.ubuntu.com/ubuntu noble-backports/main amd64 Packages [40.6 kB]
2026-10-07T23:09:45.9203642Z Get:41 http://archive.ubuntu.com/ubuntu noble-backports/main Translation-en [9172 B]
2026-10-07T23:09:46.0150221Z Get:42 http://archive.ubuntu.com/ubuntu noble-backports/main amd64 Components [5752 B]
2026-10-07T23:09:46.1097768Z Get:43 http://archive.ubuntu.com/ubuntu noble-backports/main amd64 c-n-f Metadata [368 B]
2026-10-07T23:09:46.2043892Z Get:44 http://archive.ubuntu.com/ubuntu noble-backports/universe amd64 Packages [31.0 kB]
2026-10-07T23:09:46.2991794Z Get:45 http://archive.ubuntu.com/ubuntu noble-backports/universe Translation-en [18.6 kB]
2026-10-07T23:09:46.3940240Z Get:46 http://archive.ubuntu.com/ubuntu noble-backports/universe amd64 Components [12.6 kB]
2026-10-07T23:09:46.4888578Z Get:47 http://archive.ubuntu.com/ubuntu noble-backports/universe amd64 c-n-f Metadata [1588 B]
2026-10-07T23:09:46.5836931Z Get:48 http://archive.ubuntu.com/ubuntu noble-backports/restricted amd64 Components [212 B]
2026-10-07T23:09:46.6787117Z Get:49 http://archive.ubuntu.com/ubuntu noble-backports/restricted amd64 c-n-f Metadata [116 B]
2026-10-07T23:09:46.9085821Z Get:50 http://archive.ubuntu.com/ubuntu noble-backports/multiverse amd64 Packages [748 B]
2026-10-07T23:09:47.0033125Z Get:51 http://archive.ubuntu.com/ubuntu noble-backports/multiverse Translation-en [340 B]
2026-10-07T23:09:47.0980371Z Get:52 http://archive.ubuntu.com/ubuntu noble-backports/multiverse amd64 Components [212 B]
2026-10-07T23:09:47.1927767Z Get:53 http://archive.ubuntu.com/ubuntu noble-backports/multiverse amd64 c-n-f Metadata [116 B]
2026-10-07T23:09:47.2874611Z Get:54 http://archive.ubuntu.com/ubuntu noble-security/main amd64 Packages [1073 kB]
2026-10-07T23:09:47.3895287Z Get:55 http://archive.ubuntu.com/ubuntu noble-security/main Translation-en [223 kB]
2026-10-07T23:09:47.4852623Z Get:56 http://archive.ubuntu.com/ubuntu noble-security/main amd64 Components [46.4 kB]
2026-10-07T23:09:47.5802273Z Get:57 http://archive.ubuntu.com/ubuntu noble-security/main amd64 c-n-f Metadata [11.9 kB]
2026-10-07T23:09:47.6753230Z Get:58 http://archive.ubuntu.com/ubuntu noble-security/universe amd64 Packages [1218 kB]
2026-10-07T23:09:47.7789590Z Get:59 http://archive.ubuntu.com/ubuntu noble-security/universe Translation-en [245 kB]
2026-10-07T23:09:47.8749092Z Get:60 http://archive.ubuntu.com/ubuntu noble-security/universe amd64 Components [76.3 kB]
2026-10-07T23:09:47.9700043Z Get:61 http://archive.ubuntu.com/ubuntu noble-security/universe amd64 c-n-f Metadata [24.2 kB]
2026-10-07T23:09:48.0649096Z Get:62 http://archive.ubuntu.com/ubuntu noble-security/restricted amd64 Packages [1566 kB]
2026-10-07T23:09:48.1706229Z Get:63 http://archive.ubuntu.com/ubuntu noble-security/restricted Translation-en [361 kB]
2026-10-07T23:09:48.4024994Z Get:64 http://archive.ubuntu.com/ubuntu noble-security/restricted amd64 Components [212 B]
2026-10-07T23:09:48.4971343Z Get:65 http://archive.ubuntu.com/ubuntu noble-security/restricted amd64 c-n-f Metadata [444 B]
2026-10-07T23:09:48.5918810Z Get:66 http://archive.ubuntu.com/ubuntu noble-security/multiverse amd64 Packages [40.3 kB]
2026-10-07T23:09:48.6865646Z Get:67 http://archive.ubuntu.com/ubuntu noble-security/multiverse Translation-en [11.6 kB]
2026-10-07T23:09:48.7813540Z Get:68 http://archive.ubuntu.com/ubuntu noble-security/multiverse amd64 Components [208 B]
2026-10-07T23:09:48.8759473Z Get:69 http://archive.ubuntu.com/ubuntu noble-security/multiverse amd64 c-n-f Metadata [468 B]
2026-10-07T23:09:54.6059399Z Fetched 41.3 MB in 9s (4801 kB/s)
2026-10-07T23:09:55.4670351Z Reading package lists...
2026-10-07T23:09:55.4976056Z Reading package lists...
2026-10-07T23:09:55.6941520Z Building dependency tree...
2026-10-07T23:09:55.6948127Z Reading state information...
2026-10-07T23:09:55.8442954Z The following additional packages will be installed:
2026-10-07T23:09:55.8443869Z   i965-va-driver intel-media-va-driver libaacs0 libass9 libasyncns0
2026-10-07T23:09:55.8444956Z   libavc1394-0 libavcodec60 libavdevice60 libavfilter9 libavformat60
2026-10-07T23:09:55.8445718Z   libavutil58 libbdplus0 libblas3 libbluray2 libbs2b0 libcaca0
2026-10-07T23:09:55.8446756Z   libcdio-cdda2t64 libcdio-paranoia2t64 libcdio19t64 libchromaprint1 libcjson1
2026-10-07T23:09:55.8448234Z   libcodec2-1.2 libdav1d7 libdc1394-25 libdecor-0-0 libdecor-0-plugin-1-gtk
2026-10-07T23:09:55.8449191Z   libflac12t64 libflite1 libgbm1 libgl1-mesa-dri libglx-mesa0 libgme0 libgsm1
2026-10-07T23:09:55.8450108Z   libhwy1t64 libiec61883-0 libigdgmm12 libjack-jackd2-0 libjxl0.7 liblapack3
2026-10-07T23:09:55.8450919Z   liblilv-0-0 libmbedcrypto7t64 libmp3lame0 libmpg123-0t64 libmysofa1
2026-10-07T23:09:55.8451688Z   libopenal-data libopenal1 libopenmpt0t64 libopus0 libplacebo338
2026-10-07T23:09:55.8452481Z   libpocketsphinx3 libpostproc57 libpulse0 librav1e0 libraw1394-11 librist4
2026-10-07T23:09:55.8453398Z   librsvg2-2 librsvg2-common librubberband2 libsamplerate0 libsdl2-2.0-0
2026-10-07T23:09:55.8454423Z   libserd-0-0 libshine3 libsndfile1 libsndio7.0 libsord-0-0 libsoxr0 libspeex1
2026-10-07T23:09:55.8455076Z   libsphinxbase3t64 libsratom-0-0 libsrt1.5-gnutls libssh-gcrypt-4
2026-10-07T23:09:55.8455678Z   libsvtav1enc1d1 libswresample4 libswscale7 libtheora0 libtwolame0
2026-10-07T23:09:55.8456275Z   libudfread0 libunibreak5 libva-drm2 libva-x11-2 libva2 libvdpau1
2026-10-07T23:09:55.8456863Z   libvidstab1.1 libvorbisenc2 libvpl2 libvpx9 libx264-164 libx265-199
2026-10-07T23:09:55.8457473Z   libxcb-shape0 libxv1 libxvidcore4 libzimg2 libzix-0-0 libzvbi-common
2026-10-07T23:09:55.8458234Z   libzvbi0t64 mesa-libgallium mesa-va-drivers mesa-vdpau-drivers
2026-10-07T23:09:55.8458851Z   ocl-icd-libopencl1 pocketsphinx-en-us va-driver-all vdpau-driver-all
2026-10-07T23:09:55.8459357Z Suggested packages:
2026-10-07T23:09:55.8459790Z   ffmpeg-doc i965-va-driver-shaders libcuda1 libnvcuvid1 libnvidia-encode1
2026-10-07T23:09:55.8460452Z   libbluray-bdj jackd2 libportaudio2 opus-tools pulseaudio libraw1394-doc
2026-10-07T23:09:55.8461075Z   librsvg2-bin serdi sndiod sordi speex opencl-icd libvdpau-va-gl1
2026-10-07T23:09:55.9159326Z The following NEW packages will be installed:
2026-10-07T23:09:55.9160548Z   ffmpeg i965-va-driver intel-media-va-driver libaacs0 libass9 libasyncns0
2026-10-07T23:09:55.9161400Z   libavc1394-0 libavcodec60 libavdevice60 libavfilter9 libavformat60
2026-10-07T23:09:55.9162510Z   libavutil58 libbdplus0 libblas3 libbluray2 libbs2b0 libcaca0
2026-10-07T23:09:55.9163328Z   libcdio-cdda2t64 libcdio-paranoia2t64 libcdio19t64 libchromaprint1 libcjson1
2026-10-07T23:09:55.9164273Z   libcodec2-1.2 libdav1d7 libdc1394-25 libdecor-0-0 libdecor-0-plugin-1-gtk
2026-10-07T23:09:55.9165546Z   libflac12t64 libflite1 libgme0 libgsm1 libhwy1t64 libiec61883-0 libigdgmm12
2026-10-07T23:09:55.9166278Z   libjack-jackd2-0 libjxl0.7 liblapack3 liblilv-0-0 libmbedcrypto7t64
2026-10-07T23:09:55.9169020Z   libmp3lame0 libmpg123-0t64 libmysofa1 libopenal-data libopenal1
2026-10-07T23:09:55.9169932Z   libopenmpt0t64 libopus0 libplacebo338 libpocketsphinx3 libpostproc57
2026-10-07T23:09:55.9170749Z   libpulse0 librav1e0 libraw1394-11 librist4 librsvg2-2 librsvg2-common
2026-10-07T23:09:55.9171789Z   librubberband2 libsamplerate0 libsdl2-2.0-0 libserd-0-0 libshine3
2026-10-07T23:09:55.9172947Z   libsndfile1 libsndio7.0 libsord-0-0 libsoxr0 libspeex1 libsphinxbase3t64
2026-10-07T23:09:55.9174044Z   libsratom-0-0 libsrt1.5-gnutls libssh-gcrypt-4 libsvtav1enc1d1
2026-10-07T23:09:55.9175175Z   libswresample4 libswscale7 libtheora0 libtwolame0 libudfread0 libunibreak5
2026-10-07T23:09:55.9176484Z   libva-drm2 libva-x11-2 libva2 libvdpau1 libvidstab1.1 libvorbisenc2 libvpl2
2026-10-07T23:09:55.9177309Z   libvpx9 libx264-164 libx265-199 libxcb-shape0 libxv1 libxvidcore4 libzimg2
2026-10-07T23:09:55.9178070Z   libzix-0-0 libzvbi-common libzvbi0t64 mesa-va-drivers mesa-vdpau-drivers
2026-10-07T23:09:55.9178701Z   ocl-icd-libopencl1 pocketsphinx-en-us va-driver-all vdpau-driver-all
2026-10-07T23:09:55.9189132Z The following packages will be upgraded:
2026-10-07T23:09:55.9208798Z   libgbm1 libgl1-mesa-dri libglx-mesa0 mesa-libgallium
2026-10-07T23:09:55.9643052Z 4 upgraded, 99 newly installed, 0 to remove and 26 not upgraded.
2026-10-07T23:09:55.9643764Z Need to get 105 MB of archives.
2026-10-07T23:09:55.9644387Z After this operation, 227 MB of additional disk space will be used.
2026-10-07T23:09:55.9645512Z Get:1 http://archive.ubuntu.com/ubuntu noble-updates/universe amd64 libva2 amd64 2.20.0-2ubuntu0.2 [66.4 kB]
2026-10-07T23:09:56.0103395Z Get:2 http://archive.ubuntu.com/ubuntu noble-updates/universe amd64 libva-drm2 amd64 2.20.0-2ubuntu0.2 [7124 B]
2026-10-07T23:09:56.0244837Z Get:3 http://archive.ubuntu.com/ubuntu noble-updates/universe amd64 libva-x11-2 amd64 2.20.0-2ubuntu0.2 [12.0 kB]
2026-10-07T23:09:56.0385496Z Get:4 http://archive.ubuntu.com/ubuntu noble/main amd64 libvdpau1 amd64 1.5-2build1 [27.8 kB]
2026-10-07T23:09:56.0563231Z Get:5 http://archive.ubuntu.com/ubuntu noble/universe amd64 libvpl2 amd64 2023.3.0-1build1 [99.8 kB]
2026-10-07T23:09:56.0842970Z Get:6 http://archive.ubuntu.com/ubuntu noble/universe amd64 ocl-icd-libopencl1 amd64 2.3.2-1build1 [38.5 kB]
2026-10-07T23:09:56.0997934Z Get:7 http://archive.ubuntu.com/ubuntu noble/universe amd64 libavutil58 amd64 7:6.1.1-3ubuntu5 [401 kB]
2026-10-07T23:09:56.1418347Z Get:8 http://archive.ubuntu.com/ubuntu noble/universe amd64 libcodec2-1.2 amd64 1.2.0-2build1 [8998 kB]
2026-10-07T23:09:56.2599387Z Get:9 http://archive.ubuntu.com/ubuntu noble/universe amd64 libdav1d7 amd64 1.4.1-1build1 [604 kB]
2026-10-07T23:09:56.2791637Z Get:10 http://archive.ubuntu.com/ubuntu noble/universe amd64 libgsm1 amd64 1.0.22-1build1 [27.8 kB]
2026-10-07T23:09:56.2933116Z Get:11 http://archive.ubuntu.com/ubuntu noble/universe amd64 libhwy1t64 amd64 1.0.7-8.1build1 [584 kB]
2026-10-07T23:09:56.3189202Z Get:12 http://archive.ubuntu.com/ubuntu noble-updates/universe amd64 libjxl0.7 amd64 0.7.0-10.2ubuntu6.1 [1001 kB]
2026-10-07T23:09:56.3394220Z Get:13 http://archive.ubuntu.com/ubuntu noble/main amd64 libmp3lame0 amd64 3.100-6build1 [142 kB]
2026-10-07T23:09:56.3542127Z Get:14 http://archive.ubuntu.com/ubuntu noble/main amd64 libopus0 amd64 1.4-1build1 [208 kB]
2026-10-07T23:09:56.3696753Z Get:15 http://archive.ubuntu.com/ubuntu noble/universe amd64 librav1e0 amd64 0.7.1-2 [1022 kB]
2026-10-07T23:09:56.3902680Z Get:16 http://archive.ubuntu.com/ubuntu noble-updates/main amd64 librsvg2-2 amd64 2.58.0+dfsg-1ubuntu0.1 [2141 kB]
2026-10-07T23:09:56.4158033Z Get:17 http://archive.ubuntu.com/ubuntu noble/universe amd64 libshine3 amd64 3.1.1-2build1 [23.2 kB]
2026-10-07T23:09:56.4322547Z Get:18 http://archive.ubuntu.com/ubuntu noble-updates/main amd64 libspeex1 amd64 1.2.1-2ubuntu2.24.04.1 [59.6 kB]
2026-10-07T23:09:56.4465433Z Get:19 http://archive.ubuntu.com/ubuntu noble/universe amd64 libsvtav1enc1d1 amd64 1.7.0+dfsg-2build1 [2425 kB]
2026-10-07T23:09:56.5305688Z Get:20 http://archive.ubuntu.com/ubuntu noble/universe amd64 libsoxr0 amd64 0.1.3-4build3 [80.0 kB]
2026-10-07T23:09:56.5450697Z Get:21 http://archive.ubuntu.com/ubuntu noble/universe amd64 libswresample4 amd64 7:6.1.1-3ubuntu5 [63.8 kB]
2026-10-07T23:09:56.5611753Z Get:22 http://archive.ubuntu.com/ubuntu noble/main amd64 libtheora0 amd64 1.1.1+dfsg.1-16.1build3 [211 kB]
2026-10-07T23:09:56.5765384Z Get:23 http://archive.ubuntu.com/ubuntu noble/main amd64 libtwolame0 amd64 0.4.0-2build3 [52.3 kB]
2026-10-07T23:09:56.5932771Z Get:24 http://archive.ubuntu.com/ubuntu noble/main amd64 libvorbisenc2 amd64 1.3.7-1build3 [80.8 kB]
2026-10-07T23:09:56.6083999Z Get:25 http://archive.ubuntu.com/ubuntu noble-updates/main amd64 libvpx9 amd64 1.14.0-1ubuntu2.3 [1143 kB]
2026-10-07T23:09:56.6298661Z Get:26 http://archive.ubuntu.com/ubuntu noble/universe amd64 libx264-164 amd64 2:0.164.3108+git31e19f9-1 [604 kB]
2026-10-07T23:09:56.6467159Z Get:27 http://archive.ubuntu.com/ubuntu noble/universe amd64 libx265-199 amd64 3.5-2build1 [1226 kB]
2026-10-07T23:09:56.6676478Z Get:28 http://archive.ubuntu.com/ubuntu noble/universe amd64 libxvidcore4 amd64 2:1.3.7-1build1 [219 kB]
2026-10-07T23:09:56.6834788Z Get:29 http://archive.ubuntu.com/ubuntu noble/universe amd64 libzvbi-common all 0.2.42-2 [42.4 kB]
2026-10-07T23:09:56.6985060Z Get:30 http://archive.ubuntu.com/ubuntu noble/universe amd64 libzvbi0t64 amd64 0.2.42-2 [261 kB]
2026-10-07T23:09:56.7142191Z Get:31 http://archive.ubuntu.com/ubuntu noble/universe amd64 libavcodec60 amd64 7:6.1.1-3ubuntu5 [5851 kB]
2026-10-07T23:09:56.7648071Z Get:32 http://archive.ubuntu.com/ubuntu noble/main amd64 libraw1394-11 amd64 2.1.2-2build3 [26.2 kB]
2026-10-07T23:09:56.7820512Z Get:33 http://archive.ubuntu.com/ubuntu noble/main amd64 libavc1394-0 amd64 0.5.4-5build3 [15.4 kB]
2026-10-07T23:09:56.7959053Z Get:34 http://archive.ubuntu.com/ubuntu noble/universe amd64 libunibreak5 amd64 5.1-2build1 [25.0 kB]
2026-10-07T23:09:56.8099590Z Get:35 http://archive.ubuntu.com/ubuntu noble/universe amd64 libass9 amd64 1:0.17.1-2build1 [104 kB]
2026-10-07T23:09:56.8244337Z Get:36 http://archive.ubuntu.com/ubuntu noble/universe amd64 libudfread0 amd64 1.1.2-1build1 [19.0 kB]
2026-10-07T23:09:56.8392932Z Get:37 http://archive.ubuntu.com/ubuntu noble/universe amd64 libbluray2 amd64 1:1.3.4-1build1 [159 kB]
2026-10-07T23:09:56.8539326Z Get:38 http://archive.ubuntu.com/ubuntu noble/universe amd64 libchromaprint1 amd64 1.5.1-5 [30.5 kB]
2026-10-07T23:09:56.9225917Z Get:39 http://archive.ubuntu.com/ubuntu noble/universe amd64 libgme0 amd64 0.6.3-7build1 [134 kB]
2026-10-07T23:09:56.9386365Z Get:40 http://archive.ubuntu.com/ubuntu noble-updates/main amd64 libmpg123-0t64 amd64 1.32.5-1ubuntu1.1 [169 kB]
2026-10-07T23:09:56.9550165Z Get:41 http://archive.ubuntu.com/ubuntu noble/universe amd64 libopenmpt0t64 amd64 0.7.3-1.1build3 [647 kB]
2026-10-07T23:09:56.9734942Z Get:42 http://archive.ubuntu.com/ubuntu noble/universe amd64 libcjson1 amd64 1.7.17-1 [24.8 kB]
2026-10-07T23:09:56.9879527Z Get:43 http://archive.ubuntu.com/ubuntu noble/universe amd64 libmbedcrypto7t64 amd64 2.28.8-1 [209 kB]
2026-10-07T23:09:57.0036701Z Get:44 http://archive.ubuntu.com/ubuntu noble/universe amd64 librist4 amd64 0.2.10+dfsg-2 [74.9 kB]
2026-10-07T23:09:57.0187334Z Get:45 http://archive.ubuntu.com/ubuntu noble/universe amd64 libsrt1.5-gnutls amd64 1.5.3-1build2 [316 kB]
2026-10-07T23:09:57.0345849Z Get:46 http://archive.ubuntu.com/ubuntu noble-updates/main amd64 libssh-gcrypt-4 amd64 0.10.6-2ubuntu0.5 [226 kB]
2026-10-07T23:09:57.0513411Z Get:47 http://archive.ubuntu.com/ubuntu noble/universe amd64 libavformat60 amd64 7:6.1.1-3ubuntu5 [1153 kB]
2026-10-07T23:09:57.0721327Z Get:48 http://archive.ubuntu.com/ubuntu noble/universe amd64 libbs2b0 amd64 3.1.0+dfsg-7build1 [10.6 kB]
2026-10-07T23:09:57.0862324Z Get:49 http://archive.ubuntu.com/ubuntu noble/universe amd64 libflite1 amd64 2.2-6build3 [13.6 MB]
2026-10-07T23:09:57.1772917Z Get:50 http://archive.ubuntu.com/ubuntu noble/universe amd64 libserd-0-0 amd64 0.32.2-1 [43.6 kB]
2026-10-07T23:09:57.1912814Z Get:51 http://archive.ubuntu.com/ubuntu noble/universe amd64 libzix-0-0 amd64 0.4.2-2build1 [23.6 kB]
2026-10-07T23:09:57.2050578Z Get:52 http://archive.ubuntu.com/ubuntu noble/universe amd64 libsord-0-0 amd64 0.16.16-2build1 [15.8 kB]
2026-10-07T23:09:57.2189190Z Get:53 http://archive.ubuntu.com/ubuntu noble/universe amd64 libsratom-0-0 amd64 0.6.16-1build1 [17.3 kB]
2026-10-07T23:09:57.2341863Z Get:54 http://archive.ubuntu.com/ubuntu noble/universe amd64 liblilv-0-0 amd64 0.24.22-1build1 [41.0 kB]
2026-10-07T23:09:57.2495614Z Get:55 http://archive.ubuntu.com/ubuntu noble/universe amd64 libmysofa1 amd64 1.3.2+dfsg-2ubuntu2 [1158 kB]
2026-10-07T23:09:57.2728530Z Get:56 http://archive.ubuntu.com/ubuntu noble/universe amd64 libplacebo338 amd64 6.338.2-2build1 [2654 kB]
2026-10-07T23:09:57.3009310Z Get:57 http://archive.ubuntu.com/ubuntu noble-updates/main amd64 libblas3 amd64 3.12.0-3build1.1 [238 kB]
2026-10-07T23:09:57.3162505Z Get:58 http://archive.ubuntu.com/ubuntu noble-updates/main amd64 liblapack3 amd64 3.12.0-3build1.1 [2646 kB]
2026-10-07T23:09:57.3994438Z Get:59 http://archive.ubuntu.com/ubuntu noble/main amd64 libasyncns0 amd64 0.8-6build4 [11.3 kB]
2026-10-07T23:09:57.4152984Z Get:60 http://archive.ubuntu.com/ubuntu noble/main amd64 libflac12t64 amd64 1.4.3+ds-2.1ubuntu2 [197 kB]
2026-10-07T23:09:57.4300781Z Get:61 http://archive.ubuntu.com/ubuntu noble-updates/main amd64 libsndfile1 amd64 1.2.2-1ubuntu5.24.04.1 [209 kB]
2026-10-07T23:09:57.4455731Z Get:62 http://archive.ubuntu.com/ubuntu noble-updates/main amd64 libpulse0 amd64 1:16.1+dfsg1-2ubuntu10.1 [292 kB]
2026-10-07T23:09:57.4608532Z Get:63 http://archive.ubuntu.com/ubuntu noble/universe amd64 libsphinxbase3t64 amd64 0.8+5prealpha+1-17build2 [126 kB]
2026-10-07T23:09:57.4763928Z Get:64 http://archive.ubuntu.com/ubuntu noble/universe amd64 libpocketsphinx3 amd64 0.8.0+real5prealpha+1-15ubuntu5 [133 kB]
2026-10-07T23:09:57.4908531Z Get:65 http://archive.ubuntu.com/ubuntu noble/universe amd64 libpostproc57 amd64 7:6.1.1-3ubuntu5 [49.9 kB]
2026-10-07T23:09:57.5052983Z Get:66 http://archive.ubuntu.com/ubuntu noble/main amd64 libsamplerate0 amd64 0.2.2-4build1 [1344 kB]
2026-10-07T23:09:57.5264619Z Get:67 http://archive.ubuntu.com/ubuntu noble/universe amd64 librubberband2 amd64 3.3.0+dfsg-2build1 [130 kB]
2026-10-07T23:09:57.5418377Z Get:68 http://archive.ubuntu.com/ubuntu noble/universe amd64 libswscale7 amd64 7:6.1.1-3ubuntu5 [193 kB]
2026-10-07T23:09:57.5566989Z Get:69 http://archive.ubuntu.com/ubuntu noble/universe amd64 libvidstab1.1 amd64 1.1.0-2build1 [38.5 kB]
2026-10-07T23:09:57.5724037Z Get:70 http://archive.ubuntu.com/ubuntu noble/universe amd64 libzimg2 amd64 3.0.5+ds1-1build1 [254 kB]
2026-10-07T23:09:57.5875044Z Get:71 http://archive.ubuntu.com/ubuntu noble/universe amd64 libavfilter9 amd64 7:6.1.1-3ubuntu5 [4235 kB]
2026-10-07T23:09:57.6239132Z Get:72 http://archive.ubuntu.com/ubuntu noble-updates/main amd64 libcaca0 amd64 0.99.beta20-4ubuntu0.2 [209 kB]
2026-10-07T23:09:57.6387589Z Get:73 http://archive.ubuntu.com/ubuntu noble-updates/main amd64 libcdio19t64 amd64 2.1.0-4.1ubuntu1.2 [62.4 kB]
2026-10-07T23:09:57.6526677Z Get:74 http://archive.ubuntu.com/ubuntu noble/main amd64 libcdio-cdda2t64 amd64 10.2+2.0.1-1.1build2 [16.5 kB]
2026-10-07T23:09:57.6664646Z Get:75 http://archive.ubuntu.com/ubuntu noble/main amd64 libcdio-paranoia2t64 amd64 10.2+2.0.1-1.1build2 [16.6 kB]
2026-10-07T23:09:57.6802256Z Get:76 http://archive.ubuntu.com/ubuntu noble/universe amd64 libdc1394-25 amd64 2.2.6-4build1 [90.1 kB]
2026-10-07T23:09:57.7495272Z Get:77 http://archive.ubuntu.com/ubuntu noble/main amd64 libiec61883-0 amd64 1.2.0-6build1 [24.5 kB]
2026-10-07T23:09:57.7644313Z Get:78 http://archive.ubuntu.com/ubuntu noble/main amd64 libjack-jackd2-0 amd64 1.9.21~dfsg-3ubuntu3 [289 kB]
2026-10-07T23:09:57.7811513Z Get:79 http://archive.ubuntu.com/ubuntu noble/universe amd64 libopenal-data all 1:1.23.1-4build1 [161 kB]
2026-10-07T23:09:57.7975557Z Get:80 http://archive.ubuntu.com/ubuntu noble/universe amd64 libsndio7.0 amd64 1.9.0-0.3build3 [29.6 kB]
2026-10-07T23:09:57.8115518Z Get:81 http://archive.ubuntu.com/ubuntu noble/universe amd64 libopenal1 amd64 1:1.23.1-4build1 [540 kB]
2026-10-07T23:09:57.8283151Z Get:82 http://archive.ubuntu.com/ubuntu noble/main amd64 libdecor-0-0 amd64 0.2.2-1build2 [16.5 kB]
2026-10-07T23:09:57.8439528Z Get:83 http://archive.ubuntu.com/ubuntu noble-updates/main amd64 libgl1-mesa-dri amd64 25.2.8-0ubuntu0.24.04.4 [38.0 kB]
2026-10-07T23:09:57.8612759Z Get:84 http://archive.ubuntu.com/ubuntu noble-updates/main amd64 libglx-mesa0 amd64 25.2.8-0ubuntu0.24.04.4 [110 kB]
2026-10-07T23:09:57.8761401Z Get:85 http://archive.ubuntu.com/ubuntu noble-updates/main amd64 libgbm1 amd64 25.2.8-0ubuntu0.24.04.4 [34.2 kB]
2026-10-07T23:09:57.8927585Z Get:86 http://archive.ubuntu.com/ubuntu noble-updates/main amd64 mesa-libgallium amd64 25.2.8-0ubuntu0.24.04.4 [10.8 MB]
2026-10-07T23:09:58.1188729Z Get:87 http://archive.ubuntu.com/ubuntu noble-updates/main amd64 libsdl2-2.0-0 amd64 2.30.0+dfsg-1ubuntu3.1 [686 kB]
2026-10-07T23:09:58.1851099Z Get:88 http://archive.ubuntu.com/ubuntu noble/main amd64 libxcb-shape0 amd64 1.15-1ubuntu2 [6100 B]
2026-10-07T23:09:58.1988362Z Get:89 http://archive.ubuntu.com/ubuntu noble/main amd64 libxv1 amd64 2:1.0.11-1.1build1 [10.7 kB]
2026-10-07T23:09:58.2126865Z Get:90 http://archive.ubuntu.com/ubuntu noble/universe amd64 libavdevice60 amd64 7:6.1.1-3ubuntu5 [82.3 kB]
2026-10-07T23:09:58.2269342Z Get:91 http://archive.ubuntu.com/ubuntu noble/universe amd64 ffmpeg amd64 7:6.1.1-3ubuntu5 [1879 kB]
2026-10-07T23:09:58.2507686Z Get:92 http://archive.ubuntu.com/ubuntu noble-updates/universe amd64 libigdgmm12 amd64 22.3.17+ds1-1ubuntu1 [145 kB]
2026-10-07T23:09:58.2654184Z Get:93 http://archive.ubuntu.com/ubuntu noble-updates/universe amd64 intel-media-va-driver amd64 24.1.0+dfsg1-1ubuntu0.2 [3163 kB]
2026-10-07T23:09:58.2959938Z Get:94 http://archive.ubuntu.com/ubuntu noble/universe amd64 libaacs0 amd64 0.11.1-2build1 [62.9 kB]
2026-10-07T23:09:58.3101760Z Get:95 http://archive.ubuntu.com/ubuntu noble/universe amd64 libbdplus0 amd64 0.2.0-3build1 [52.2 kB]
2026-10-07T23:09:58.3788389Z Get:96 http://archive.ubuntu.com/ubuntu noble/main amd64 libdecor-0-plugin-1-gtk amd64 0.2.2-1build2 [22.2 kB]
2026-10-07T23:09:58.3925647Z Get:97 http://archive.ubuntu.com/ubuntu noble-updates/main amd64 librsvg2-common amd64 2.58.0+dfsg-1ubuntu0.1 [11.8 kB]
2026-10-07T23:09:58.4062905Z Get:98 http://archive.ubuntu.com/ubuntu noble-updates/universe amd64 mesa-va-drivers amd64 25.2.8-0ubuntu0.24.04.4 [6778 B]
2026-10-07T23:09:58.4198994Z Get:99 http://archive.ubuntu.com/ubuntu noble-updates/main amd64 mesa-vdpau-drivers amd64 25.2.8-0ubuntu0.24.04.4 [23.4 kB]
2026-10-07T23:09:58.4338253Z Get:100 http://archive.ubuntu.com/ubuntu noble-updates/universe amd64 i965-va-driver amd64 2.4.1+dfsg1-1ubuntu0.2 [332 kB]
2026-10-07T23:09:58.4495135Z Get:101 http://archive.ubuntu.com/ubuntu noble-updates/universe amd64 va-driver-all amd64 2.20.0-2ubuntu0.2 [5014 B]
2026-10-07T23:09:58.4787449Z Get:102 http://archive.ubuntu.com/ubuntu noble/main amd64 vdpau-driver-all amd64 1.5-2build1 [4414 B]
2026-10-07T23:09:58.4921977Z Get:103 http://archive.ubuntu.com/ubuntu noble/universe amd64 pocketsphinx-en-us all 0.8.0+real5prealpha+1-15ubuntu5 [27.4 MB]
2026-10-07T23:09:59.1361411Z Fetched 105 MB in 3s (36.8 MB/s)
2026-10-07T23:09:59.1759581Z Selecting previously unselected package libva2:amd64.
2026-10-07T23:09:59.2351071Z (Reading database ... 
2026-10-07T23:09:59.2351772Z (Reading database ... 5%
2026-10-07T23:09:59.2352694Z (Reading database ... 10%
2026-10-07T23:09:59.2353316Z (Reading database ... 15%
2026-10-07T23:09:59.2353919Z (Reading database ... 20%
2026-10-07T23:09:59.2354344Z (Reading database ... 25%
2026-10-07T23:09:59.2354649Z (Reading database ... 30%
2026-10-07T23:09:59.2354933Z (Reading database ... 35%
2026-10-07T23:09:59.2355209Z (Reading database ... 40%
2026-10-07T23:09:59.2355728Z (Reading database ... 45%
2026-10-07T23:09:59.2356005Z (Reading database ... 50%
2026-10-07T23:09:59.2628807Z (Reading database ... 55%
2026-10-07T23:09:59.7501179Z (Reading database ... 60%
2026-10-07T23:10:00.0342271Z (Reading database ... 65%
2026-10-07T23:10:00.3554970Z (Reading database ... 70%
2026-10-07T23:10:00.6518871Z (Reading database ... 75%
2026-10-07T23:10:01.0676383Z (Reading database ... 80%
2026-10-07T23:10:01.6562234Z (Reading database ... 85%
2026-10-07T23:10:02.3317102Z (Reading database ... 90%
2026-10-07T23:10:03.1191079Z (Reading database ... 95%
2026-10-07T23:10:03.1191746Z (Reading database ... 100%
2026-10-07T23:10:03.1192533Z (Reading database ... 202296 files and directories currently installed.)
2026-10-07T23:10:03.1236686Z Preparing to unpack .../000-libva2_2.20.0-2ubuntu0.2_amd64.deb ...
2026-10-07T23:10:03.1273386Z Unpacking libva2:amd64 (2.20.0-2ubuntu0.2) ...
2026-10-07T23:10:03.1526219Z Selecting previously unselected package libva-drm2:amd64.
2026-10-07T23:10:03.1650883Z Preparing to unpack .../001-libva-drm2_2.20.0-2ubuntu0.2_amd64.deb ...
2026-10-07T23:10:03.1658864Z Unpacking libva-drm2:amd64 (2.20.0-2ubuntu0.2) ...
2026-10-07T23:10:03.1910652Z Selecting previously unselected package libva-x11-2:amd64.
2026-10-07T23:10:03.2037573Z Preparing to unpack .../002-libva-x11-2_2.20.0-2ubuntu0.2_amd64.deb ...
2026-10-07T23:10:03.2048222Z Unpacking libva-x11-2:amd64 (2.20.0-2ubuntu0.2) ...
2026-10-07T23:10:03.2253446Z Selecting previously unselected package libvdpau1:amd64.
2026-10-07T23:10:03.2379903Z Preparing to unpack .../003-libvdpau1_1.5-2build1_amd64.deb ...
2026-10-07T23:10:03.2387544Z Unpacking libvdpau1:amd64 (1.5-2build1) ...
2026-10-07T23:10:03.2594396Z Selecting previously unselected package libvpl2.
2026-10-07T23:10:03.2718943Z Preparing to unpack .../004-libvpl2_2023.3.0-1build1_amd64.deb ...
2026-10-07T23:10:03.2727921Z Unpacking libvpl2 (2023.3.0-1build1) ...
2026-10-07T23:10:03.2943338Z Selecting previously unselected package ocl-icd-libopencl1:amd64.
2026-10-07T23:10:03.3068404Z Preparing to unpack .../005-ocl-icd-libopencl1_2.3.2-1build1_amd64.deb ...
2026-10-07T23:10:03.3076013Z Unpacking ocl-icd-libopencl1:amd64 (2.3.2-1build1) ...
2026-10-07T23:10:03.3425488Z Selecting previously unselected package libavutil58:amd64.
2026-10-07T23:10:03.3549842Z Preparing to unpack .../006-libavutil58_7%3a6.1.1-3ubuntu5_amd64.deb ...
2026-10-07T23:10:03.3557219Z Unpacking libavutil58:amd64 (7:6.1.1-3ubuntu5) ...
2026-10-07T23:10:03.3810527Z Selecting previously unselected package libcodec2-1.2:amd64.
2026-10-07T23:10:03.3935667Z Preparing to unpack .../007-libcodec2-1.2_1.2.0-2build1_amd64.deb ...
2026-10-07T23:10:03.3943661Z Unpacking libcodec2-1.2:amd64 (1.2.0-2build1) ...
2026-10-07T23:10:03.4670097Z Selecting previously unselected package libdav1d7:amd64.
2026-10-07T23:10:03.4794303Z Preparing to unpack .../008-libdav1d7_1.4.1-1build1_amd64.deb ...
2026-10-07T23:10:03.4802157Z Unpacking libdav1d7:amd64 (1.4.1-1build1) ...
2026-10-07T23:10:03.5078803Z Selecting previously unselected package libgsm1:amd64.
2026-10-07T23:10:03.5204250Z Preparing to unpack .../009-libgsm1_1.0.22-1build1_amd64.deb ...
2026-10-07T23:10:03.5212528Z Unpacking libgsm1:amd64 (1.0.22-1build1) ...
2026-10-07T23:10:03.5414315Z Selecting previously unselected package libhwy1t64:amd64.
2026-10-07T23:10:03.5539610Z Preparing to unpack .../010-libhwy1t64_1.0.7-8.1build1_amd64.deb ...
2026-10-07T23:10:03.5547595Z Unpacking libhwy1t64:amd64 (1.0.7-8.1build1) ...
2026-10-07T23:10:03.5858817Z Selecting previously unselected package libjxl0.7:amd64.
2026-10-07T23:10:03.5983906Z Preparing to unpack .../011-libjxl0.7_0.7.0-10.2ubuntu6.1_amd64.deb ...
2026-10-07T23:10:03.5990777Z Unpacking libjxl0.7:amd64 (0.7.0-10.2ubuntu6.1) ...
2026-10-07T23:10:03.6316655Z Selecting previously unselected package libmp3lame0:amd64.
2026-10-07T23:10:03.6441997Z Preparing to unpack .../012-libmp3lame0_3.100-6build1_amd64.deb ...
2026-10-07T23:10:03.6450678Z Unpacking libmp3lame0:amd64 (3.100-6build1) ...
2026-10-07T23:10:03.6662145Z Selecting previously unselected package libopus0:amd64.
2026-10-07T23:10:03.6786747Z Preparing to unpack .../013-libopus0_1.4-1build1_amd64.deb ...
2026-10-07T23:10:03.6795556Z Unpacking libopus0:amd64 (1.4-1build1) ...
2026-10-07T23:10:03.7019883Z Selecting previously unselected package librav1e0:amd64.
2026-10-07T23:10:03.7145799Z Preparing to unpack .../014-librav1e0_0.7.1-2_amd64.deb ...
2026-10-07T23:10:03.7155183Z Unpacking librav1e0:amd64 (0.7.1-2) ...
2026-10-07T23:10:03.7488275Z Selecting previously unselected package librsvg2-2:amd64.
2026-10-07T23:10:03.7612850Z Preparing to unpack .../015-librsvg2-2_2.58.0+dfsg-1ubuntu0.1_amd64.deb ...
2026-10-07T23:10:03.7620479Z Unpacking librsvg2-2:amd64 (2.58.0+dfsg-1ubuntu0.1) ...
2026-10-07T23:10:03.8083196Z Selecting previously unselected package libshine3:amd64.
2026-10-07T23:10:03.8207650Z Preparing to unpack .../016-libshine3_3.1.1-2build1_amd64.deb ...
2026-10-07T23:10:03.8238185Z Unpacking libshine3:amd64 (3.1.1-2build1) ...
2026-10-07T23:10:03.8432411Z Selecting previously unselected package libspeex1:amd64.
2026-10-07T23:10:03.8557307Z Preparing to unpack .../017-libspeex1_1.2.1-2ubuntu2.24.04.1_amd64.deb ...
2026-10-07T23:10:03.8564130Z Unpacking libspeex1:amd64 (1.2.1-2ubuntu2.24.04.1) ...
2026-10-07T23:10:03.8761718Z Selecting previously unselected package libsvtav1enc1d1:amd64.
2026-10-07T23:10:03.8886817Z Preparing to unpack .../018-libsvtav1enc1d1_1.7.0+dfsg-2build1_amd64.deb ...
2026-10-07T23:10:03.8894608Z Unpacking libsvtav1enc1d1:amd64 (1.7.0+dfsg-2build1) ...
2026-10-07T23:10:03.9373702Z Selecting previously unselected package libsoxr0:amd64.
2026-10-07T23:10:03.9499524Z Preparing to unpack .../019-libsoxr0_0.1.3-4build3_amd64.deb ...
2026-10-07T23:10:03.9507047Z Unpacking libsoxr0:amd64 (0.1.3-4build3) ...
2026-10-07T23:10:03.9720658Z Selecting previously unselected package libswresample4:amd64.
2026-10-07T23:10:03.9846908Z Preparing to unpack .../020-libswresample4_7%3a6.1.1-3ubuntu5_amd64.deb ...
2026-10-07T23:10:03.9854497Z Unpacking libswresample4:amd64 (7:6.1.1-3ubuntu5) ...
2026-10-07T23:10:04.0073233Z Selecting previously unselected package libtheora0:amd64.
2026-10-07T23:10:04.0197024Z Preparing to unpack .../021-libtheora0_1.1.1+dfsg.1-16.1build3_amd64.deb ...
2026-10-07T23:10:04.0204181Z Unpacking libtheora0:amd64 (1.1.1+dfsg.1-16.1build3) ...
2026-10-07T23:10:04.0433314Z Selecting previously unselected package libtwolame0:amd64.
2026-10-07T23:10:04.0558939Z Preparing to unpack .../022-libtwolame0_0.4.0-2build3_amd64.deb ...
2026-10-07T23:10:04.0566337Z Unpacking libtwolame0:amd64 (0.4.0-2build3) ...
2026-10-07T23:10:04.0777570Z Selecting previously unselected package libvorbisenc2:amd64.
2026-10-07T23:10:04.0902049Z Preparing to unpack .../023-libvorbisenc2_1.3.7-1build3_amd64.deb ...
2026-10-07T23:10:04.0909038Z Unpacking libvorbisenc2:amd64 (1.3.7-1build3) ...
2026-10-07T23:10:04.1126960Z Selecting previously unselected package libvpx9:amd64.
2026-10-07T23:10:04.1251569Z Preparing to unpack .../024-libvpx9_1.14.0-1ubuntu2.3_amd64.deb ...
2026-10-07T23:10:04.1259450Z Unpacking libvpx9:amd64 (1.14.0-1ubuntu2.3) ...
2026-10-07T23:10:04.1590106Z Selecting previously unselected package libx264-164:amd64.
2026-10-07T23:10:04.1715928Z Preparing to unpack .../025-libx264-164_2%3a0.164.3108+git31e19f9-1_amd64.deb ...
2026-10-07T23:10:04.1723983Z Unpacking libx264-164:amd64 (2:0.164.3108+git31e19f9-1) ...
2026-10-07T23:10:04.1994219Z Selecting previously unselected package libx265-199:amd64.
2026-10-07T23:10:04.2119290Z Preparing to unpack .../026-libx265-199_3.5-2build1_amd64.deb ...
2026-10-07T23:10:04.2127487Z Unpacking libx265-199:amd64 (3.5-2build1) ...
2026-10-07T23:10:04.2805444Z Selecting previously unselected package libxvidcore4:amd64.
2026-10-07T23:10:04.2929960Z Preparing to unpack .../027-libxvidcore4_2%3a1.3.7-1build1_amd64.deb ...
2026-10-07T23:10:04.2937446Z Unpacking libxvidcore4:amd64 (2:1.3.7-1build1) ...
2026-10-07T23:10:04.3152103Z Selecting previously unselected package libzvbi-common.
2026-10-07T23:10:04.3276404Z Preparing to unpack .../028-libzvbi-common_0.2.42-2_all.deb ...
2026-10-07T23:10:04.3283891Z Unpacking libzvbi-common (0.2.42-2) ...
2026-10-07T23:10:04.3983494Z Selecting previously unselected package libzvbi0t64:amd64.
2026-10-07T23:10:04.4108564Z Preparing to unpack .../029-libzvbi0t64_0.2.42-2_amd64.deb ...
2026-10-07T23:10:04.4118440Z Unpacking libzvbi0t64:amd64 (0.2.42-2) ...
2026-10-07T23:10:04.4352179Z Selecting previously unselected package libavcodec60:amd64.
2026-10-07T23:10:04.4476186Z Preparing to unpack .../030-libavcodec60_7%3a6.1.1-3ubuntu5_amd64.deb ...
2026-10-07T23:10:04.4483143Z Unpacking libavcodec60:amd64 (7:6.1.1-3ubuntu5) ...
2026-10-07T23:10:04.5285077Z Selecting previously unselected package libraw1394-11:amd64.
2026-10-07T23:10:04.5410999Z Preparing to unpack .../031-libraw1394-11_2.1.2-2build3_amd64.deb ...
2026-10-07T23:10:04.5418250Z Unpacking libraw1394-11:amd64 (2.1.2-2build3) ...
2026-10-07T23:10:04.5620681Z Selecting previously unselected package libavc1394-0:amd64.
2026-10-07T23:10:04.5746434Z Preparing to unpack .../032-libavc1394-0_0.5.4-5build3_amd64.deb ...
2026-10-07T23:10:04.5753607Z Unpacking libavc1394-0:amd64 (0.5.4-5build3) ...
2026-10-07T23:10:04.5953530Z Selecting previously unselected package libunibreak5:amd64.
2026-10-07T23:10:04.6079435Z Preparing to unpack .../033-libunibreak5_5.1-2build1_amd64.deb ...
2026-10-07T23:10:04.6088161Z Unpacking libunibreak5:amd64 (5.1-2build1) ...
2026-10-07T23:10:04.6294183Z Selecting previously unselected package libass9:amd64.
2026-10-07T23:10:04.6419650Z Preparing to unpack .../034-libass9_1%3a0.17.1-2build1_amd64.deb ...
2026-10-07T23:10:04.6427094Z Unpacking libass9:amd64 (1:0.17.1-2build1) ...
2026-10-07T23:10:04.6638656Z Selecting previously unselected package libudfread0:amd64.
2026-10-07T23:10:04.6766608Z Preparing to unpack .../035-libudfread0_1.1.2-1build1_amd64.deb ...
2026-10-07T23:10:04.6774271Z Unpacking libudfread0:amd64 (1.1.2-1build1) ...
2026-10-07T23:10:04.6975539Z Selecting previously unselected package libbluray2:amd64.
2026-10-07T23:10:04.7103272Z Preparing to unpack .../036-libbluray2_1%3a1.3.4-1build1_amd64.deb ...
2026-10-07T23:10:04.7111964Z Unpacking libbluray2:amd64 (1:1.3.4-1build1) ...
2026-10-07T23:10:04.7326873Z Selecting previously unselected package libchromaprint1:amd64.
2026-10-07T23:10:04.7450954Z Preparing to unpack .../037-libchromaprint1_1.5.1-5_amd64.deb ...
2026-10-07T23:10:04.7458729Z Unpacking libchromaprint1:amd64 (1.5.1-5) ...
2026-10-07T23:10:04.7660226Z Selecting previously unselected package libgme0:amd64.
2026-10-07T23:10:04.7783917Z Preparing to unpack .../038-libgme0_0.6.3-7build1_amd64.deb ...
2026-10-07T23:10:04.7791767Z Unpacking libgme0:amd64 (0.6.3-7build1) ...
2026-10-07T23:10:04.8009823Z Selecting previously unselected package libmpg123-0t64:amd64.
2026-10-07T23:10:04.8133518Z Preparing to unpack .../039-libmpg123-0t64_1.32.5-1ubuntu1.1_amd64.deb ...
2026-10-07T23:10:04.8141006Z Unpacking libmpg123-0t64:amd64 (1.32.5-1ubuntu1.1) ...
2026-10-07T23:10:04.8361817Z Selecting previously unselected package libopenmpt0t64:amd64.
2026-10-07T23:10:04.8487415Z Preparing to unpack .../040-libopenmpt0t64_0.7.3-1.1build3_amd64.deb ...
2026-10-07T23:10:04.8494958Z Unpacking libopenmpt0t64:amd64 (0.7.3-1.1build3) ...
2026-10-07T23:10:04.8763685Z Selecting previously unselected package libcjson1:amd64.
2026-10-07T23:10:04.8888492Z Preparing to unpack .../041-libcjson1_1.7.17-1_amd64.deb ...
2026-10-07T23:10:04.8895515Z Unpacking libcjson1:amd64 (1.7.17-1) ...
2026-10-07T23:10:04.9099069Z Selecting previously unselected package libmbedcrypto7t64:amd64.
2026-10-07T23:10:04.9223567Z Preparing to unpack .../042-libmbedcrypto7t64_2.28.8-1_amd64.deb ...
2026-10-07T23:10:04.9230443Z Unpacking libmbedcrypto7t64:amd64 (2.28.8-1) ...
2026-10-07T23:10:04.9462839Z Selecting previously unselected package librist4:amd64.
2026-10-07T23:10:04.9588145Z Preparing to unpack .../043-librist4_0.2.10+dfsg-2_amd64.deb ...
2026-10-07T23:10:04.9595574Z Unpacking librist4:amd64 (0.2.10+dfsg-2) ...
2026-10-07T23:10:04.9800320Z Selecting previously unselected package libsrt1.5-gnutls:amd64.
2026-10-07T23:10:04.9923912Z Preparing to unpack .../044-libsrt1.5-gnutls_1.5.3-1build2_amd64.deb ...
2026-10-07T23:10:04.9932111Z Unpacking libsrt1.5-gnutls:amd64 (1.5.3-1build2) ...
2026-10-07T23:10:05.0169252Z Selecting previously unselected package libssh-gcrypt-4:amd64.
2026-10-07T23:10:05.0294674Z Preparing to unpack .../045-libssh-gcrypt-4_0.10.6-2ubuntu0.5_amd64.deb ...
2026-10-07T23:10:05.0302105Z Unpacking libssh-gcrypt-4:amd64 (0.10.6-2ubuntu0.5) ...
2026-10-07T23:10:05.0557044Z Selecting previously unselected package libavformat60:amd64.
2026-10-07T23:10:05.0683015Z Preparing to unpack .../046-libavformat60_7%3a6.1.1-3ubuntu5_amd64.deb ...
2026-10-07T23:10:05.0693309Z Unpacking libavformat60:amd64 (7:6.1.1-3ubuntu5) ...
2026-10-07T23:10:05.1018573Z Selecting previously unselected package libbs2b0:amd64.
2026-10-07T23:10:05.1142941Z Preparing to unpack .../047-libbs2b0_3.1.0+dfsg-7build1_amd64.deb ...
2026-10-07T23:10:05.1150250Z Unpacking libbs2b0:amd64 (3.1.0+dfsg-7build1) ...
2026-10-07T23:10:05.1371629Z Selecting previously unselected package libflite1:amd64.
2026-10-07T23:10:05.1496019Z Preparing to unpack .../048-libflite1_2.2-6build3_amd64.deb ...
2026-10-07T23:10:05.1504282Z Unpacking libflite1:amd64 (2.2-6build3) ...
2026-10-07T23:10:05.2550384Z Selecting previously unselected package libserd-0-0:amd64.
2026-10-07T23:10:05.2674708Z Preparing to unpack .../049-libserd-0-0_0.32.2-1_amd64.deb ...
2026-10-07T23:10:05.2682820Z Unpacking libserd-0-0:amd64 (0.32.2-1) ...
2026-10-07T23:10:05.2922114Z Selecting previously unselected package libzix-0-0:amd64.
2026-10-07T23:10:05.3046896Z Preparing to unpack .../050-libzix-0-0_0.4.2-2build1_amd64.deb ...
2026-10-07T23:10:05.3058308Z Unpacking libzix-0-0:amd64 (0.4.2-2build1) ...
2026-10-07T23:10:05.3264711Z Selecting previously unselected package libsord-0-0:amd64.
2026-10-07T23:10:05.3390497Z Preparing to unpack .../051-libsord-0-0_0.16.16-2build1_amd64.deb ...
2026-10-07T23:10:05.3397703Z Unpacking libsord-0-0:amd64 (0.16.16-2build1) ...
2026-10-07T23:10:05.3597047Z Selecting previously unselected package libsratom-0-0:amd64.
2026-10-07T23:10:05.3721558Z Preparing to unpack .../052-libsratom-0-0_0.6.16-1build1_amd64.deb ...
2026-10-07T23:10:05.3730509Z Unpacking libsratom-0-0:amd64 (0.6.16-1build1) ...
2026-10-07T23:10:05.3944240Z Selecting previously unselected package liblilv-0-0:amd64.
2026-10-07T23:10:05.4068508Z Preparing to unpack .../053-liblilv-0-0_0.24.22-1build1_amd64.deb ...
2026-10-07T23:10:05.4076268Z Unpacking liblilv-0-0:amd64 (0.24.22-1build1) ...
2026-10-07T23:10:05.4281395Z Selecting previously unselected package libmysofa1:amd64.
2026-10-07T23:10:05.4405201Z Preparing to unpack .../054-libmysofa1_1.3.2+dfsg-2ubuntu2_amd64.deb ...
2026-10-07T23:10:05.4412817Z Unpacking libmysofa1:amd64 (1.3.2+dfsg-2ubuntu2) ...
2026-10-07T23:10:05.4654583Z Selecting previously unselected package libplacebo338:amd64.
2026-10-07T23:10:05.4778578Z Preparing to unpack .../055-libplacebo338_6.338.2-2build1_amd64.deb ...
2026-10-07T23:10:05.4786405Z Unpacking libplacebo338:amd64 (6.338.2-2build1) ...
2026-10-07T23:10:05.5300653Z Selecting previously unselected package libblas3:amd64.
2026-10-07T23:10:05.5423847Z Preparing to unpack .../056-libblas3_3.12.0-3build1.1_amd64.deb ...
2026-10-07T23:10:05.5454370Z Unpacking libblas3:amd64 (3.12.0-3build1.1) ...
2026-10-07T23:10:05.5685395Z Selecting previously unselected package liblapack3:amd64.
2026-10-07T23:10:05.5809736Z Preparing to unpack .../057-liblapack3_3.12.0-3build1.1_amd64.deb ...
2026-10-07T23:10:05.5839567Z Unpacking liblapack3:amd64 (3.12.0-3build1.1) ...
2026-10-07T23:10:05.6297824Z Selecting previously unselected package libasyncns0:amd64.
2026-10-07T23:10:05.6424357Z Preparing to unpack .../058-libasyncns0_0.8-6build4_amd64.deb ...
2026-10-07T23:10:05.6432062Z Unpacking libasyncns0:amd64 (0.8-6build4) ...
2026-10-07T23:10:05.6634108Z Selecting previously unselected package libflac12t64:amd64.
2026-10-07T23:10:05.6758713Z Preparing to unpack .../059-libflac12t64_1.4.3+ds-2.1ubuntu2_amd64.deb ...
2026-10-07T23:10:05.6765482Z Unpacking libflac12t64:amd64 (1.4.3+ds-2.1ubuntu2) ...
2026-10-07T23:10:05.6990879Z Selecting previously unselected package libsndfile1:amd64.
2026-10-07T23:10:05.7115709Z Preparing to unpack .../060-libsndfile1_1.2.2-1ubuntu5.24.04.1_amd64.deb ...
2026-10-07T23:10:05.7126152Z Unpacking libsndfile1:amd64 (1.2.2-1ubuntu5.24.04.1) ...
2026-10-07T23:10:05.7396386Z Selecting previously unselected package libpulse0:amd64.
2026-10-07T23:10:05.7522835Z Preparing to unpack .../061-libpulse0_1%3a16.1+dfsg1-2ubuntu10.1_amd64.deb ...
2026-10-07T23:10:05.7590877Z Unpacking libpulse0:amd64 (1:16.1+dfsg1-2ubuntu10.1) ...
2026-10-07T23:10:05.7830544Z Selecting previously unselected package libsphinxbase3t64:amd64.
2026-10-07T23:10:05.7955996Z Preparing to unpack .../062-libsphinxbase3t64_0.8+5prealpha+1-17build2_amd64.deb ...
2026-10-07T23:10:05.7964225Z Unpacking libsphinxbase3t64:amd64 (0.8+5prealpha+1-17build2) ...
2026-10-07T23:10:05.8186023Z Selecting previously unselected package libpocketsphinx3:amd64.
2026-10-07T23:10:05.8316353Z Preparing to unpack .../063-libpocketsphinx3_0.8.0+real5prealpha+1-15ubuntu5_amd64.deb ...
2026-10-07T23:10:05.8325068Z Unpacking libpocketsphinx3:amd64 (0.8.0+real5prealpha+1-15ubuntu5) ...
2026-10-07T23:10:05.8541687Z Selecting previously unselected package libpostproc57:amd64.
2026-10-07T23:10:05.8667597Z Preparing to unpack .../064-libpostproc57_7%3a6.1.1-3ubuntu5_amd64.deb ...
2026-10-07T23:10:05.8675914Z Unpacking libpostproc57:amd64 (7:6.1.1-3ubuntu5) ...
2026-10-07T23:10:05.8883493Z Selecting previously unselected package libsamplerate0:amd64.
2026-10-07T23:10:05.9007615Z Preparing to unpack .../065-libsamplerate0_0.2.2-4build1_amd64.deb ...
2026-10-07T23:10:05.9017428Z Unpacking libsamplerate0:amd64 (0.2.2-4build1) ...
2026-10-07T23:10:05.9268465Z Selecting previously unselected package librubberband2:amd64.
2026-10-07T23:10:05.9393916Z Preparing to unpack .../066-librubberband2_3.3.0+dfsg-2build1_amd64.deb ...
2026-10-07T23:10:05.9422609Z Unpacking librubberband2:amd64 (3.3.0+dfsg-2build1) ...
2026-10-07T23:10:05.9636375Z Selecting previously unselected package libswscale7:amd64.
2026-10-07T23:10:05.9762548Z Preparing to unpack .../067-libswscale7_7%3a6.1.1-3ubuntu5_amd64.deb ...
2026-10-07T23:10:05.9770688Z Unpacking libswscale7:amd64 (7:6.1.1-3ubuntu5) ...
2026-10-07T23:10:05.9992585Z Selecting previously unselected package libvidstab1.1:amd64.
2026-10-07T23:10:06.0116030Z Preparing to unpack .../068-libvidstab1.1_1.1.0-2build1_amd64.deb ...
2026-10-07T23:10:06.0123631Z Unpacking libvidstab1.1:amd64 (1.1.0-2build1) ...
2026-10-07T23:10:06.0323283Z Selecting previously unselected package libzimg2:amd64.
2026-10-07T23:10:06.0446803Z Preparing to unpack .../069-libzimg2_3.0.5+ds1-1build1_amd64.deb ...
2026-10-07T23:10:06.0455404Z Unpacking libzimg2:amd64 (3.0.5+ds1-1build1) ...
2026-10-07T23:10:06.0692127Z Selecting previously unselected package libavfilter9:amd64.
2026-10-07T23:10:06.0816546Z Preparing to unpack .../070-libavfilter9_7%3a6.1.1-3ubuntu5_amd64.deb ...
2026-10-07T23:10:06.0825162Z Unpacking libavfilter9:amd64 (7:6.1.1-3ubuntu5) ...
2026-10-07T23:10:06.1491135Z Selecting previously unselected package libcaca0:amd64.
2026-10-07T23:10:06.1616824Z Preparing to unpack .../071-libcaca0_0.99.beta20-4ubuntu0.2_amd64.deb ...
2026-10-07T23:10:06.1624674Z Unpacking libcaca0:amd64 (0.99.beta20-4ubuntu0.2) ...
2026-10-07T23:10:06.1922483Z Selecting previously unselected package libcdio19t64:amd64.
2026-10-07T23:10:06.2048231Z Preparing to unpack .../072-libcdio19t64_2.1.0-4.1ubuntu1.2_amd64.deb ...
2026-10-07T23:10:06.2058776Z Unpacking libcdio19t64:amd64 (2.1.0-4.1ubuntu1.2) ...
2026-10-07T23:10:06.2269133Z Selecting previously unselected package libcdio-cdda2t64:amd64.
2026-10-07T23:10:06.2392509Z Preparing to unpack .../073-libcdio-cdda2t64_10.2+2.0.1-1.1build2_amd64.deb ...
2026-10-07T23:10:06.2399766Z Unpacking libcdio-cdda2t64:amd64 (10.2+2.0.1-1.1build2) ...
2026-10-07T23:10:06.2599521Z Selecting previously unselected package libcdio-paranoia2t64:amd64.
2026-10-07T23:10:06.2723403Z Preparing to unpack .../074-libcdio-paranoia2t64_10.2+2.0.1-1.1build2_amd64.deb ...
2026-10-07T23:10:06.2731506Z Unpacking libcdio-paranoia2t64:amd64 (10.2+2.0.1-1.1build2) ...
2026-10-07T23:10:06.2934014Z Selecting previously unselected package libdc1394-25:amd64.
2026-10-07T23:10:06.3058397Z Preparing to unpack .../075-libdc1394-25_2.2.6-4build1_amd64.deb ...
2026-10-07T23:10:06.3066751Z Unpacking libdc1394-25:amd64 (2.2.6-4build1) ...
2026-10-07T23:10:06.3280644Z Selecting previously unselected package libiec61883-0:amd64.
2026-10-07T23:10:06.3404362Z Preparing to unpack .../076-libiec61883-0_1.2.0-6build1_amd64.deb ...
2026-10-07T23:10:06.3412450Z Unpacking libiec61883-0:amd64 (1.2.0-6build1) ...
2026-10-07T23:10:06.3614032Z Selecting previously unselected package libjack-jackd2-0:amd64.
2026-10-07T23:10:06.3738090Z Preparing to unpack .../077-libjack-jackd2-0_1.9.21~dfsg-3ubuntu3_amd64.deb ...
2026-10-07T23:10:06.3744962Z Unpacking libjack-jackd2-0:amd64 (1.9.21~dfsg-3ubuntu3) ...
2026-10-07T23:10:06.4016673Z Selecting previously unselected package libopenal-data.
2026-10-07T23:10:06.4141776Z Preparing to unpack .../078-libopenal-data_1%3a1.23.1-4build1_all.deb ...
2026-10-07T23:10:06.4154965Z Unpacking libopenal-data (1:1.23.1-4build1) ...
2026-10-07T23:10:06.4381026Z Selecting previously unselected package libsndio7.0:amd64.
2026-10-07T23:10:06.4505792Z Preparing to unpack .../079-libsndio7.0_1.9.0-0.3build3_amd64.deb ...
2026-10-07T23:10:06.4513841Z Unpacking libsndio7.0:amd64 (1.9.0-0.3build3) ...
2026-10-07T23:10:06.4724017Z Selecting previously unselected package libopenal1:amd64.
2026-10-07T23:10:06.4849295Z Preparing to unpack .../080-libopenal1_1%3a1.23.1-4build1_amd64.deb ...
2026-10-07T23:10:06.4857723Z Unpacking libopenal1:amd64 (1:1.23.1-4build1) ...
2026-10-07T23:10:06.5137195Z Selecting previously unselected package libdecor-0-0:amd64.
2026-10-07T23:10:06.5264169Z Preparing to unpack .../081-libdecor-0-0_0.2.2-1build2_amd64.deb ...
2026-10-07T23:10:06.5272477Z Unpacking libdecor-0-0:amd64 (0.2.2-1build2) ...
2026-10-07T23:10:06.5629516Z Preparing to unpack .../082-libgl1-mesa-dri_25.2.8-0ubuntu0.24.04.4_amd64.deb ...
2026-10-07T23:10:06.6005278Z Unpacking libgl1-mesa-dri:amd64 (25.2.8-0ubuntu0.24.04.4) over (25.2.8-0ubuntu0.24.04.2) ...
2026-10-07T23:10:06.6668097Z Preparing to unpack .../083-libglx-mesa0_25.2.8-0ubuntu0.24.04.4_amd64.deb ...
2026-10-07T23:10:06.6693599Z Unpacking libglx-mesa0:amd64 (25.2.8-0ubuntu0.24.04.4) over (25.2.8-0ubuntu0.24.04.2) ...
2026-10-07T23:10:06.7095774Z Preparing to unpack .../084-libgbm1_25.2.8-0ubuntu0.24.04.4_amd64.deb ...
2026-10-07T23:10:06.7245567Z Unpacking libgbm1:amd64 (25.2.8-0ubuntu0.24.04.4) over (25.2.8-0ubuntu0.24.04.2) ...
2026-10-07T23:10:06.7634054Z Preparing to unpack .../085-mesa-libgallium_25.2.8-0ubuntu0.24.04.4_amd64.deb ...
2026-10-07T23:10:06.7656313Z Unpacking mesa-libgallium:amd64 (25.2.8-0ubuntu0.24.04.4) over (25.2.8-0ubuntu0.24.04.2) ...
2026-10-07T23:10:06.9320977Z Selecting previously unselected package libsdl2-2.0-0:amd64.
2026-10-07T23:10:06.9447738Z Preparing to unpack .../086-libsdl2-2.0-0_2.30.0+dfsg-1ubuntu3.1_amd64.deb ...
2026-10-07T23:10:06.9454332Z Unpacking libsdl2-2.0-0:amd64 (2.30.0+dfsg-1ubuntu3.1) ...
2026-10-07T23:10:06.9738061Z Selecting previously unselected package libxcb-shape0:amd64.
2026-10-07T23:10:06.9863593Z Preparing to unpack .../087-libxcb-shape0_1.15-1ubuntu2_amd64.deb ...
2026-10-07T23:10:06.9870527Z Unpacking libxcb-shape0:amd64 (1.15-1ubuntu2) ...
2026-10-07T23:10:07.0070855Z Selecting previously unselected package libxv1:amd64.
2026-10-07T23:10:07.0194489Z Preparing to unpack .../088-libxv1_2%3a1.0.11-1.1build1_amd64.deb ...
2026-10-07T23:10:07.0202133Z Unpacking libxv1:amd64 (2:1.0.11-1.1build1) ...
2026-10-07T23:10:07.0410136Z Selecting previously unselected package libavdevice60:amd64.
2026-10-07T23:10:07.0534630Z Preparing to unpack .../089-libavdevice60_7%3a6.1.1-3ubuntu5_amd64.deb ...
2026-10-07T23:10:07.0542763Z Unpacking libavdevice60:amd64 (7:6.1.1-3ubuntu5) ...
2026-10-07T23:10:07.0772614Z Selecting previously unselected package ffmpeg.
2026-10-07T23:10:07.0898539Z Preparing to unpack .../090-ffmpeg_7%3a6.1.1-3ubuntu5_amd64.deb ...
2026-10-07T23:10:07.0905674Z Unpacking ffmpeg (7:6.1.1-3ubuntu5) ...
2026-10-07T23:10:07.1472371Z Selecting previously unselected package libigdgmm12:amd64.
2026-10-07T23:10:07.1595516Z Preparing to unpack .../091-libigdgmm12_22.3.17+ds1-1ubuntu1_amd64.deb ...
2026-10-07T23:10:07.1603397Z Unpacking libigdgmm12:amd64 (22.3.17+ds1-1ubuntu1) ...
2026-10-07T23:10:07.1819485Z Selecting previously unselected package intel-media-va-driver:amd64.
2026-10-07T23:10:07.1945304Z Preparing to unpack .../092-intel-media-va-driver_24.1.0+dfsg1-1ubuntu0.2_amd64.deb ...
2026-10-07T23:10:07.1952544Z Unpacking intel-media-va-driver:amd64 (24.1.0+dfsg1-1ubuntu0.2) ...
2026-10-07T23:10:07.2581133Z Selecting previously unselected package libaacs0:amd64.
2026-10-07T23:10:07.2706778Z Preparing to unpack .../093-libaacs0_0.11.1-2build1_amd64.deb ...
2026-10-07T23:10:07.2714320Z Unpacking libaacs0:amd64 (0.11.1-2build1) ...
2026-10-07T23:10:07.2922690Z Selecting previously unselected package libbdplus0:amd64.
2026-10-07T23:10:07.3048312Z Preparing to unpack .../094-libbdplus0_0.2.0-3build1_amd64.deb ...
2026-10-07T23:10:07.3057034Z Unpacking libbdplus0:amd64 (0.2.0-3build1) ...
2026-10-07T23:10:07.3252916Z Selecting previously unselected package libdecor-0-plugin-1-gtk:amd64.
2026-10-07T23:10:07.3377368Z Preparing to unpack .../095-libdecor-0-plugin-1-gtk_0.2.2-1build2_amd64.deb ...
2026-10-07T23:10:07.3384464Z Unpacking libdecor-0-plugin-1-gtk:amd64 (0.2.2-1build2) ...
2026-10-07T23:10:07.3580758Z Selecting previously unselected package librsvg2-common:amd64.
2026-10-07T23:10:07.3705532Z Preparing to unpack .../096-librsvg2-common_2.58.0+dfsg-1ubuntu0.1_amd64.deb ...
2026-10-07T23:10:07.3712908Z Unpacking librsvg2-common:amd64 (2.58.0+dfsg-1ubuntu0.1) ...
2026-10-07T23:10:07.4034924Z Selecting previously unselected package mesa-va-drivers:amd64.
2026-10-07T23:10:07.4161930Z Preparing to unpack .../097-mesa-va-drivers_25.2.8-0ubuntu0.24.04.4_amd64.deb ...
2026-10-07T23:10:07.4170043Z Unpacking mesa-va-drivers:amd64 (25.2.8-0ubuntu0.24.04.4) ...
2026-10-07T23:10:07.4369148Z Selecting previously unselected package mesa-vdpau-drivers:amd64.
2026-10-07T23:10:07.4495784Z Preparing to unpack .../098-mesa-vdpau-drivers_25.2.8-0ubuntu0.24.04.4_amd64.deb ...
2026-10-07T23:10:07.4503587Z Unpacking mesa-vdpau-drivers:amd64 (25.2.8-0ubuntu0.24.04.4) ...
2026-10-07T23:10:07.4711942Z Selecting previously unselected package i965-va-driver:amd64.
2026-10-07T23:10:07.4837678Z Preparing to unpack .../099-i965-va-driver_2.4.1+dfsg1-1ubuntu0.2_amd64.deb ...
2026-10-07T23:10:07.4844694Z Unpacking i965-va-driver:amd64 (2.4.1+dfsg1-1ubuntu0.2) ...
2026-10-07T23:10:07.5090064Z Selecting previously unselected package va-driver-all:amd64.
2026-10-07T23:10:07.5215312Z Preparing to unpack .../100-va-driver-all_2.20.0-2ubuntu0.2_amd64.deb ...
2026-10-07T23:10:07.5236074Z Unpacking va-driver-all:amd64 (2.20.0-2ubuntu0.2) ...
2026-10-07T23:10:07.5429245Z Selecting previously unselected package vdpau-driver-all:amd64.
2026-10-07T23:10:07.5553747Z Preparing to unpack .../101-vdpau-driver-all_1.5-2build1_amd64.deb ...
2026-10-07T23:10:07.5560963Z Unpacking vdpau-driver-all:amd64 (1.5-2build1) ...
2026-10-07T23:10:07.5751327Z Selecting previously unselected package pocketsphinx-en-us.
2026-10-07T23:10:07.5877143Z Preparing to unpack .../102-pocketsphinx-en-us_0.8.0+real5prealpha+1-15ubuntu5_all.deb ...
2026-10-07T23:10:07.5883849Z Unpacking pocketsphinx-en-us (0.8.0+real5prealpha+1-15ubuntu5) ...
2026-10-07T23:10:07.7839163Z Setting up libgme0:amd64 (0.6.3-7build1) ...
2026-10-07T23:10:07.7861979Z Setting up libchromaprint1:amd64 (1.5.1-5) ...
2026-10-07T23:10:07.7881475Z Setting up libssh-gcrypt-4:amd64 (0.10.6-2ubuntu0.5) ...
2026-10-07T23:10:07.7898959Z Setting up libhwy1t64:amd64 (1.0.7-8.1build1) ...
2026-10-07T23:10:07.7919238Z Setting up libudfread0:amd64 (1.1.2-1build1) ...
2026-10-07T23:10:07.7936265Z Setting up mesa-libgallium:amd64 (25.2.8-0ubuntu0.24.04.4) ...
2026-10-07T23:10:07.7956533Z Setting up libraw1394-11:amd64 (2.1.2-2build3) ...
2026-10-07T23:10:07.7975026Z Setting up libspeex1:amd64 (1.2.1-2ubuntu2.24.04.1) ...
2026-10-07T23:10:07.7992391Z Setting up libshine3:amd64 (3.1.1-2build1) ...
2026-10-07T23:10:07.8012858Z Setting up libcaca0:amd64 (0.99.beta20-4ubuntu0.2) ...
2026-10-07T23:10:07.8029295Z Setting up libvpl2 (2023.3.0-1build1) ...
2026-10-07T23:10:07.8054048Z Setting up libx264-164:amd64 (2:0.164.3108+git31e19f9-1) ...
2026-10-07T23:10:07.8071497Z Setting up libtwolame0:amd64 (0.4.0-2build3) ...
2026-10-07T23:10:07.8090005Z Setting up libmbedcrypto7t64:amd64 (2.28.8-1) ...
2026-10-07T23:10:07.8106517Z Setting up libgbm1:amd64 (25.2.8-0ubuntu0.24.04.4) ...
2026-10-07T23:10:07.8125226Z Setting up libgsm1:amd64 (1.0.22-1build1) ...
2026-10-07T23:10:07.8144990Z Setting up libsoxr0:amd64 (0.1.3-4build3) ...
2026-10-07T23:10:07.8162578Z Setting up libzix-0-0:amd64 (0.4.2-2build1) ...
2026-10-07T23:10:07.8182039Z Setting up libcodec2-1.2:amd64 (1.2.0-2build1) ...
2026-10-07T23:10:07.8205501Z Setting up libgl1-mesa-dri:amd64 (25.2.8-0ubuntu0.24.04.4) ...
2026-10-07T23:10:07.8279025Z Setting up libmysofa1:amd64 (1.3.2+dfsg-2ubuntu2) ...
2026-10-07T23:10:07.8297475Z Setting up libxcb-shape0:amd64 (1.15-1ubuntu2) ...
2026-10-07T23:10:07.8316722Z Setting up libcdio19t64:amd64 (2.1.0-4.1ubuntu1.2) ...
2026-10-07T23:10:07.8336747Z Setting up libsvtav1enc1d1:amd64 (1.7.0+dfsg-2build1) ...
2026-10-07T23:10:07.8356762Z Setting up libigdgmm12:amd64 (22.3.17+ds1-1ubuntu1) ...
2026-10-07T23:10:07.8386768Z Setting up libmpg123-0t64:amd64 (1.32.5-1ubuntu1.1) ...
2026-10-07T23:10:07.8406867Z Setting up libcjson1:amd64 (1.7.17-1) ...
2026-10-07T23:10:07.8424127Z Setting up libxvidcore4:amd64 (2:1.3.7-1build1) ...
2026-10-07T23:10:07.8442848Z Setting up librav1e0:amd64 (0.7.1-2) ...
2026-10-07T23:10:07.8460196Z Setting up libcdio-cdda2t64:amd64 (10.2+2.0.1-1.1build2) ...
2026-10-07T23:10:07.8479457Z Setting up librist4:amd64 (0.2.10+dfsg-2) ...
2026-10-07T23:10:07.8497595Z Setting up librsvg2-2:amd64 (2.58.0+dfsg-1ubuntu0.1) ...
2026-10-07T23:10:07.8553232Z Setting up libblas3:amd64 (3.12.0-3build1.1) ...
2026-10-07T23:10:07.8614274Z update-alternatives: using /usr/lib/x86_64-linux-gnu/blas/libblas.so.3 to provide /usr/lib/x86_64-linux-gnu/libblas.so.3 (libblas.so.3-x86_64-linux-gnu) in auto mode
2026-10-07T23:10:07.8629518Z Setting up libplacebo338:amd64 (6.338.2-2build1) ...
2026-10-07T23:10:07.8647138Z Setting up libva2:amd64 (2.20.0-2ubuntu0.2) ...
2026-10-07T23:10:07.8667540Z Setting up libopus0:amd64 (1.4-1build1) ...
2026-10-07T23:10:07.8686370Z Setting up libcdio-paranoia2t64:amd64 (10.2+2.0.1-1.1build2) ...
2026-10-07T23:10:07.8705950Z Setting up libdc1394-25:amd64 (2.2.6-4build1) ...
2026-10-07T23:10:07.8724895Z Setting up intel-media-va-driver:amd64 (24.1.0+dfsg1-1ubuntu0.2) ...
2026-10-07T23:10:07.8743724Z Setting up libxv1:amd64 (2:1.0.11-1.1build1) ...
2026-10-07T23:10:07.8762835Z Setting up libunibreak5:amd64 (5.1-2build1) ...
2026-10-07T23:10:07.8780358Z Setting up libaacs0:amd64 (0.11.1-2build1) ...
2026-10-07T23:10:07.8799448Z Setting up libjxl0.7:amd64 (0.7.0-10.2ubuntu6.1) ...
2026-10-07T23:10:07.8818317Z Setting up librsvg2-common:amd64 (2.58.0+dfsg-1ubuntu0.1) ...
2026-10-07T23:10:07.8912641Z Setting up pocketsphinx-en-us (0.8.0+real5prealpha+1-15ubuntu5) ...
2026-10-07T23:10:07.8932840Z Setting up libx265-199:amd64 (3.5-2build1) ...
2026-10-07T23:10:07.8952165Z Setting up libsndio7.0:amd64 (1.9.0-0.3build3) ...
2026-10-07T23:10:07.8971419Z Setting up libbdplus0:amd64 (0.2.0-3build1) ...
2026-10-07T23:10:07.8992708Z Setting up libvidstab1.1:amd64 (1.1.0-2build1) ...
2026-10-07T23:10:07.9012693Z Setting up libvpx9:amd64 (1.14.0-1ubuntu2.3) ...
2026-10-07T23:10:07.9032818Z Setting up libsrt1.5-gnutls:amd64 (1.5.3-1build2) ...
2026-10-07T23:10:07.9053120Z Setting up libflite1:amd64 (2.2-6build3) ...
2026-10-07T23:10:07.9071153Z Setting up libdav1d7:amd64 (1.4.1-1build1) ...
2026-10-07T23:10:07.9088730Z Setting up libva-drm2:amd64 (2.20.0-2ubuntu0.2) ...
2026-10-07T23:10:07.9109685Z Setting up ocl-icd-libopencl1:amd64 (2.3.2-1build1) ...
2026-10-07T23:10:07.9127625Z Setting up libasyncns0:amd64 (0.8-6build4) ...
2026-10-07T23:10:07.9148870Z Setting up libvdpau1:amd64 (1.5-2build1) ...
2026-10-07T23:10:07.9176257Z Setting up libbs2b0:amd64 (3.1.0+dfsg-7build1) ...
2026-10-07T23:10:07.9194648Z Setting up libtheora0:amd64 (1.1.1+dfsg.1-16.1build3) ...
2026-10-07T23:10:07.9214979Z Setting up libdecor-0-0:amd64 (0.2.2-1build2) ...
2026-10-07T23:10:07.9234866Z Setting up libzimg2:amd64 (3.0.5+ds1-1build1) ...
2026-10-07T23:10:07.9254565Z Setting up libopenal-data (1:1.23.1-4build1) ...
2026-10-07T23:10:07.9278853Z Setting up libflac12t64:amd64 (1.4.3+ds-2.1ubuntu2) ...
2026-10-07T23:10:07.9301613Z Setting up mesa-va-drivers:amd64 (25.2.8-0ubuntu0.24.04.4) ...
2026-10-07T23:10:07.9328663Z Setting up libbluray2:amd64 (1:1.3.4-1build1) ...
2026-10-07T23:10:07.9351538Z Setting up libsamplerate0:amd64 (0.2.2-4build1) ...
2026-10-07T23:10:07.9372448Z Setting up libva-x11-2:amd64 (2.20.0-2ubuntu0.2) ...
2026-10-07T23:10:07.9395464Z Setting up libdecor-0-plugin-1-gtk:amd64 (0.2.2-1build2) ...
2026-10-07T23:10:07.9416775Z Setting up libopenmpt0t64:amd64 (0.7.3-1.1build3) ...
2026-10-07T23:10:07.9437366Z Setting up libzvbi-common (0.2.42-2) ...
2026-10-07T23:10:07.9458308Z Setting up libmp3lame0:amd64 (3.100-6build1) ...
2026-10-07T23:10:07.9482788Z Setting up i965-va-driver:amd64 (2.4.1+dfsg1-1ubuntu0.2) ...
2026-10-07T23:10:07.9504613Z Setting up libvorbisenc2:amd64 (1.3.7-1build3) ...
2026-10-07T23:10:07.9529743Z Setting up libiec61883-0:amd64 (1.2.0-6build1) ...
2026-10-07T23:10:07.9549206Z Setting up libserd-0-0:amd64 (0.32.2-1) ...
2026-10-07T23:10:07.9566608Z Setting up libavc1394-0:amd64 (0.5.4-5build3) ...
2026-10-07T23:10:07.9585913Z Setting up mesa-vdpau-drivers:amd64 (25.2.8-0ubuntu0.24.04.4) ...
2026-10-07T23:10:07.9603027Z Setting up liblapack3:amd64 (3.12.0-3build1.1) ...
2026-10-07T23:10:07.9696014Z update-alternatives: using /usr/lib/x86_64-linux-gnu/lapack/liblapack.so.3 to provide /usr/lib/x86_64-linux-gnu/liblapack.so.3 (liblapack.so.3-x86_64-linux-gnu) in auto mode
2026-10-07T23:10:07.9713975Z Setting up libglx-mesa0:amd64 (25.2.8-0ubuntu0.24.04.4) ...
2026-10-07T23:10:07.9736124Z Setting up libzvbi0t64:amd64 (0.2.42-2) ...
2026-10-07T23:10:07.9755851Z Setting up libavutil58:amd64 (7:6.1.1-3ubuntu5) ...
2026-10-07T23:10:07.9776338Z Setting up libopenal1:amd64 (1:1.23.1-4build1) ...
2026-10-07T23:10:07.9795185Z Setting up libass9:amd64 (1:0.17.1-2build1) ...
2026-10-07T23:10:08.0046202Z Setting up libswresample4:amd64 (7:6.1.1-3ubuntu5) ...
2026-10-07T23:10:08.0069044Z Setting up va-driver-all:amd64 (2.20.0-2ubuntu0.2) ...
2026-10-07T23:10:08.0090159Z Setting up libavcodec60:amd64 (7:6.1.1-3ubuntu5) ...
2026-10-07T23:10:08.0110246Z Setting up librubberband2:amd64 (3.3.0+dfsg-2build1) ...
2026-10-07T23:10:08.0127459Z Setting up libjack-jackd2-0:amd64 (1.9.21~dfsg-3ubuntu3) ...
2026-10-07T23:10:08.0145329Z Setting up vdpau-driver-all:amd64 (1.5-2build1) ...
2026-10-07T23:10:08.0163858Z Setting up libsord-0-0:amd64 (0.16.16-2build1) ...
2026-10-07T23:10:08.0182984Z Setting up libpostproc57:amd64 (7:6.1.1-3ubuntu5) ...
2026-10-07T23:10:08.0202223Z Setting up libsratom-0-0:amd64 (0.6.16-1build1) ...
2026-10-07T23:10:08.0224157Z Setting up libsndfile1:amd64 (1.2.2-1ubuntu5.24.04.1) ...
2026-10-07T23:10:08.0247523Z Setting up liblilv-0-0:amd64 (0.24.22-1build1) ...
2026-10-07T23:10:08.0268200Z Setting up libswscale7:amd64 (7:6.1.1-3ubuntu5) ...
2026-10-07T23:10:08.0286376Z Setting up libpulse0:amd64 (1:16.1+dfsg1-2ubuntu10.1) ...
2026-10-07T23:10:08.0354784Z Setting up libavformat60:amd64 (7:6.1.1-3ubuntu5) ...
2026-10-07T23:10:08.0372676Z Setting up libsphinxbase3t64:amd64 (0.8+5prealpha+1-17build2) ...
2026-10-07T23:10:08.0391079Z Setting up libsdl2-2.0-0:amd64 (2.30.0+dfsg-1ubuntu3.1) ...
2026-10-07T23:10:08.0410622Z Setting up libpocketsphinx3:amd64 (0.8.0+real5prealpha+1-15ubuntu5) ...
2026-10-07T23:10:08.0428280Z Setting up libavfilter9:amd64 (7:6.1.1-3ubuntu5) ...
2026-10-07T23:10:08.0446770Z Setting up libavdevice60:amd64 (7:6.1.1-3ubuntu5) ...
2026-10-07T23:10:08.0465372Z Setting up ffmpeg (7:6.1.1-3ubuntu5) ...
2026-10-07T23:10:08.0488457Z Processing triggers for man-db (2.12.0-4build2) ...
2026-10-07T23:10:08.0509558Z Not building database; man-db/auto-update is not 'true'.
2026-10-07T23:10:08.0524092Z Processing triggers for libgdk-pixbuf-2.0-0:amd64 (2.42.10+dfsg-3ubuntu3.3) ...
2026-10-07T23:10:08.2768230Z Processing triggers for libc-bin (2.39-0ubuntu8.9) ...
2026-10-07T23:10:09.5279916Z 
2026-10-07T23:10:09.5280560Z Running kernel seems to be up-to-date.
2026-10-07T23:10:09.5280974Z 
2026-10-07T23:10:09.5281155Z No services need to be restarted.
2026-10-07T23:10:09.5281455Z 
2026-10-07T23:10:09.5281956Z No containers need to be restarted.
2026-10-07T23:10:09.5282260Z 
2026-10-07T23:10:09.5282473Z No user sessions are running outdated binaries.
2026-10-07T23:10:09.5282865Z 
2026-10-07T23:10:09.5283207Z No VM guests are running outdated hypervisor (qemu) binaries on this host.
2026-10-07T23:10:10.4522646Z ##[group]Run cargo test -p hydrus-core -p hydrus-download -p hydrus-downloader-exchange -p hydrus-gui-model -p hydrus-net -p hydrus-search -p hydrus-store --locked --no-fail-fast
2026-10-07T23:10:10.4524028Z [36;1mcargo test -p hydrus-core -p hydrus-download -p hydrus-downloader-exchange -p hydrus-gui-model -p hydrus-net -p hydrus-search -p hydrus-store --locked --no-fail-fast[0m
2026-10-07T23:10:10.4585089Z shell: /usr/bin/bash -e {0}
2026-10-07T23:10:10.4585367Z env:
2026-10-07T23:10:10.4585570Z   CARGO_TERM_COLOR: always
2026-10-07T23:10:10.4585839Z   RUSTFLAGS: -D warnings
2026-10-07T23:10:10.4586091Z   CARGO_HOME: /home/runner/.cargo
2026-10-07T23:10:10.4586358Z   CARGO_INCREMENTAL: 0
2026-10-07T23:10:10.4586605Z   CACHE_ON_FAILURE: true
2026-10-07T23:10:10.4586845Z   CARGO_BUILD_JOBS: 2
2026-10-07T23:10:10.4587076Z ##[endgroup]
2026-10-07T23:10:10.6839777Z [1m[92m    Updating[0m crates.io index
2026-10-07T23:10:12.2412222Z [1m[92m   Compiling[0m hydrus-core v0.1.0 (/home/runner/work/hydrus-mine/hydrus-mine/crates/hydrus-core)
2026-10-07T23:10:12.2420136Z [1m[92m   Compiling[0m hydrus-testkit v0.1.0 (/home/runner/work/hydrus-mine/hydrus-mine/crates/hydrus-testkit)
2026-10-07T23:10:19.2924152Z [1m[92m   Compiling[0m hydrus-parse v0.1.0 (/home/runner/work/hydrus-mine/hydrus-mine/crates/hydrus-parse)
2026-10-07T23:10:21.1661624Z [1m[92m   Compiling[0m hydrus-legacy v0.1.0 (/home/runner/work/hydrus-mine/hydrus-mine/crates/hydrus-legacy)
2026-10-07T23:10:21.4606848Z [1m[92m   Compiling[0m hydrus-media v0.1.0 (/home/runner/work/hydrus-mine/hydrus-mine/crates/hydrus-media)
2026-10-07T23:10:27.3685611Z [1m[92m   Compiling[0m hydrus-store v0.1.0 (/home/runner/work/hydrus-mine/hydrus-mine/crates/hydrus-store)
2026-10-07T23:10:46.6683132Z [1m[92m   Compiling[0m hydrus-downloader-exchange v0.1.0 (/home/runner/work/hydrus-mine/hydrus-mine/crates/hydrus-downloader-exchange)
2026-10-07T23:10:48.3249767Z [1m[92m   Compiling[0m hydrus-search v0.1.0 (/home/runner/work/hydrus-mine/hydrus-mine/crates/hydrus-search)
2026-10-07T23:10:51.6010436Z [1m[92m   Compiling[0m hydrus-net v0.1.0 (/home/runner/work/hydrus-mine/hydrus-mine/crates/hydrus-net)
2026-10-07T23:10:53.5381037Z [1m[92m   Compiling[0m hydrus-import v0.1.0 (/home/runner/work/hydrus-mine/hydrus-mine/crates/hydrus-import)
2026-10-07T23:10:54.6480995Z [1m[92m   Compiling[0m hydrus-download v0.1.0 (/home/runner/work/hydrus-mine/hydrus-mine/crates/hydrus-download)
2026-10-07T23:10:55.2589842Z [1m[92m   Compiling[0m hydrus-duplicates v0.1.0 (/home/runner/work/hydrus-mine/hydrus-mine/crates/hydrus-duplicates)
2026-10-07T23:10:58.9599837Z [1m[92m   Compiling[0m hydrus-gui-model v0.1.0 (/home/runner/work/hydrus-mine/hydrus-mine/crates/hydrus-gui-model)
2026-10-07T23:12:02.7107805Z [1m[92m    Finished[0m `test` profile [unoptimized + debuginfo] target(s) in 1m 52s
2026-10-07T23:12:02.7533827Z [1m[92m     Running[0m unittests src/lib.rs (target/debug/deps/hydrus_core-07b2b0806401ed67)
2026-10-07T23:12:02.7552662Z 
2026-10-07T23:12:02.7554987Z running 89 tests
2026-10-07T23:12:02.7567651Z test bandwidth::tests::a_daily_limit_holds_until_usage_ages_out ... ok
2026-10-07T23:12:02.7569366Z test bandwidth::tests::a_one_per_second_rule_waits_for_the_next_second ... ok
2026-10-07T23:12:02.7570666Z test bandwidth::tests::calendar_buckets_are_utc ... ok
2026-10-07T23:12:02.7578918Z test bandwidth::tests::gallery_tokens_space_out_each_site ... ok
2026-10-07T23:12:02.7598886Z test casefold::tests::the_table_is_sorted ... ok
2026-10-07T23:12:02.7601673Z test casefold::tests::folds_as_python_does ... ok
2026-10-07T23:12:02.7604361Z test bandwidth::tests::specific_rules_replace_the_default ... ok
2026-10-07T23:12:02.7605173Z test hash::tests::hex_round_trip ... ok
2026-10-07T23:12:02.7606494Z test hash::tests::perceptual_distance ... ok
2026-10-07T23:12:02.7607261Z test hash::tests::rejects_bad_hashes ... ok
2026-10-07T23:12:02.7608489Z test import_options::tests::layers_most_specific_first ... ok
2026-10-07T23:12:02.7609881Z test content::tests::canvas_codes_match_reference_implementation ... ok
2026-10-07T23:12:02.7610909Z test import_options::tests::vetoes_like_the_reference ... ok
2026-10-07T23:12:02.7611813Z test lock::tests::only_the_password_opens_a_lock ... ok
2026-10-07T23:12:02.7612860Z test media_viewer::tests::mpv_video_defaults_fit_the_canvas_and_keep_regular_zoom_steps ... ok
2026-10-07T23:12:02.7613922Z test mime::tests::serde_uses_integer_codes ... ok
2026-10-07T23:12:02.7626598Z test content::tests::timestamp_codes_match_reference_implementation ... ok
2026-10-07T23:12:02.7627835Z test import_options::tests::presentation_shows_files_as_the_reference_s_does ... ok
2026-10-07T23:12:02.7659300Z test numbers::tests::groups_thousands ... ok
2026-10-07T23:12:02.7660068Z test mime::tests::table_matches_reference_implementation ... ok
2026-10-07T23:12:02.7660754Z test numbers::tests::percentages ... ok
2026-10-07T23:12:02.7663959Z test numbers::tests::sizes_read_like_the_reference ... ok
2026-10-07T23:12:02.7664816Z test pages::tests::names_for_menus_have_their_counts_and_elide_in_the_middle ... ok
2026-10-07T23:12:02.7665726Z test pages::tests::pages_have_the_references_page_types ... ok
2026-10-07T23:12:02.7666403Z test pybytes::tests::base64_like_python ... ok
2026-10-07T23:12:02.7683399Z test pybytes::tests::hex_like_python ... ok
2026-10-07T23:12:02.7684529Z test pages::tests::a_session_round_trips_through_json ... ok
2026-10-07T23:12:02.7685758Z test pyhtml::tests::unescapes_like_python ... ok
2026-10-07T23:12:02.7686725Z test content::tests::codes_match_reference_implementation ... ok
2026-10-07T23:12:02.7687473Z test pyjson::tests::parses_what_python_accepts ... ok
2026-10-07T23:12:02.7688342Z test pyjson::tests::python_float_repr ... ok
2026-10-07T23:12:02.7688945Z test pyjson::tests::python_string_escapes ... ok
2026-10-07T23:12:02.7689566Z test pyjson::tests::rejects_what_python_rejects ... ok
2026-10-07T23:12:02.7690258Z test pyjson::tests::round_trips_reference_style_documents ... ok
2026-10-07T23:12:02.7691074Z test search::context::tests::all_known_files_absorbs_other_domains ... ok
2026-10-07T23:12:02.7691883Z test search::context::tests::defaults_match_the_client_api ... ok
2026-10-07T23:12:02.7692681Z test search::number::tests::number_tests_render_like_the_reference ... ok
2026-10-07T23:12:02.7693745Z test search::recent::mixed_tests::old_system_history_decodes_and_simple_edits_keep_newest_five_per_type ... ok
2026-10-07T23:12:02.7694807Z test pyjson::tests::floats_round_trip_through_python_repr ... ok
2026-10-07T23:12:02.7695695Z test search::recent::tests::pushed_predicates_are_kept_as_the_reference_keeps_them ... ok
2026-10-07T23:12:02.7696633Z test search::recent::tests::widths_and_heights_are_types_13_and_14 ... ok
2026-10-07T23:12:02.7697362Z test search::time::tests::renders_deltas ... ok
2026-10-07T23:12:02.7709860Z test search::time::tests::validates_dates ... ok
2026-10-07T23:12:02.7715587Z test service::tests::builtin_keys_render_readably ... ok
2026-10-07T23:12:02.7748750Z test sort::tests::matches_recorded_clean_tags_order ... ok
2026-10-07T23:12:02.7749979Z test sort::tests::numbers_sort_numerically_and_before_text ... ok
2026-10-07T23:12:02.7751104Z test sort::tests::unicode_decimal_chunks_precede_letters_but_keep_ascii_split_boundaries ... ok
2026-10-07T23:12:02.7752249Z test subscriptions::tests::checks_follow_file_velocity ... ok
2026-10-07T23:12:02.7753055Z test pyjson::tests::strings_round_trip ... ok
2026-10-07T23:12:02.7753869Z test service::tests::table_matches_reference_implementation ... ok
2026-10-07T23:12:02.7768861Z test tag::tests::combine_round_trips ... ok
2026-10-07T23:12:02.7798932Z test tag_filter::tests::specific_rules_win ... ok
2026-10-07T23:12:02.7800568Z test tag_presentation::tests::decimals_are_python_s ... ok
2026-10-07T23:12:02.7808946Z test tag_presentation::tests::rows_take_their_namespace_s_colour ... ok
2026-10-07T23:12:02.7810014Z test tag_sort::tests::counts_sort_with_a_to_z_among_equals ... ok
2026-10-07T23:12:02.7811253Z test tag_sort::tests::the_default_groups_by_the_users_namespaces ... ok
2026-10-07T23:12:02.7812375Z test tag_summary::tests::the_defaults_summarise_as_their_examples_say ... ok
2026-10-07T23:12:02.7819533Z test test_fixtures::versions_match_reference_implementation ... ok
2026-10-07T23:12:02.7830162Z test thumbnail::tests::matches_recorded_thumbnail_sizes ... ok
2026-10-07T23:12:02.7849217Z test time::tests::conversions ... ok
2026-10-07T23:12:02.7850230Z test time::tests::durations_as_the_reference_words_them ... ok
2026-10-07T23:12:02.7853194Z test time::tests::scanbar_timestamps_as_the_reference_writes_them ... ok
2026-10-07T23:12:02.7864497Z test time::tests::spans_as_the_reference_words_them ... ok
2026-10-07T23:12:02.7865375Z test tag::tests::cleaning_is_idempotent ... ok
2026-10-07T23:12:02.7866199Z test url::class::tests::url_types_serialise_as_codes ... ok
2026-10-07T23:12:02.7867135Z test url::functions::tests::components_encode_without_double_encoding ... ok
2026-10-07T23:12:02.7868662Z test url::functions::tests::queries_round_trip_in_order ... ok
2026-10-07T23:12:02.7869698Z test url::functions::tests::urls_encode_like_the_reference ... ok
2026-10-07T23:12:02.7899516Z test tag::tests::cleaning_matches_reference_implementation ... ok
2026-10-07T23:12:02.7900338Z test url::class::tests::classes_match_and_normalise ... ok
2026-10-07T23:12:02.7901057Z test url::gug::tests::terms_are_encoded_for_where_they_go ... ok
2026-10-07T23:12:02.7901722Z test url::psl::tests::punycode_decodes ... ok
2026-10-07T23:12:02.7903698Z test url::pyurl::tests::joins_like_python ... ok
2026-10-07T23:12:02.7904835Z test url::pyurl::tests::quotes_like_python ... ok
2026-10-07T23:12:02.7906143Z test url::pyurl::tests::splits_like_python ... ok
2026-10-07T23:12:02.7909836Z test url::pyurl::urljoin_tests::joins_like_python ... ok
2026-10-07T23:12:02.7921277Z test url::registry::tests::known_urls_are_classified ... ok
2026-10-07T23:12:02.7926570Z test url::registry::tests::unknown_urls_are_just_encoded ... ok
2026-10-07T23:12:02.8013249Z test url::string_dates::tests::date_conversions_match_direct_reference_execution ... ok
2026-10-07T23:12:02.8014659Z test url::string_dates::tests::local_encode_uses_current_offset_and_naive_timezone_fields ... ok
2026-10-07T23:12:02.8097641Z test url::string_dates::tests::local_names_and_dst_boundaries_match_recorded_reference_platform ... ok
2026-10-07T23:12:02.8102387Z test url::strings::tests::converts_like_the_reference ... ok
2026-10-07T23:12:02.8103979Z test url::strings::tests::matches_like_the_reference ... ok
2026-10-07T23:12:02.8104672Z test url::strings::tests::processes_pipelines ... ok
2026-10-07T23:12:02.8105427Z test watchers::tests::a_new_watcher_checks_at_once_and_a_quiet_thread_dies ... ok
2026-10-07T23:12:02.8105993Z test windows::tests::a_saved_frame_keeps_what_it_remembers ... ok
2026-10-07T23:12:02.8134189Z test url::functions::tests::www_is_removed_from_subdomains_only ... ok
2026-10-07T23:12:02.8299644Z test notes::tests::merges_like_the_reference ... ok
2026-10-07T23:12:02.8524405Z test url::psl::tests::matches_the_reference ... ok
2026-10-07T23:12:02.8524860Z 
2026-10-07T23:12:02.8525265Z test result: ok. 89 passed; 0 failed; 0 ignored; 0 measured; 0 filtered out; finished in 0.10s
2026-10-07T23:12:02.8525806Z 
2026-10-07T23:12:02.8536078Z [1m[92m     Running[0m tests/bandwidth.rs (target/debug/deps/bandwidth-c921facadb394ba5)
2026-10-07T23:12:02.8551727Z 
2026-10-07T23:12:02.8551913Z running 2 tests
2026-10-07T23:12:02.9729498Z test the_manager_starts_requests_as_the_reference_does ... ok
2026-10-07T23:12:02.9751134Z test trackers_count_and_rules_judge_as_the_reference_does ... ok
2026-10-07T23:12:02.9751634Z 
2026-10-07T23:12:02.9751932Z test result: ok. 2 passed; 0 failed; 0 ignored; 0 measured; 0 filtered out; finished in 0.12s
2026-10-07T23:12:02.9752683Z 
2026-10-07T23:12:02.9770844Z [1m[92m     Running[0m tests/string_steps.rs (target/debug/deps/string_steps-5da0364e08f60ef6)
2026-10-07T23:12:02.9782756Z 
2026-10-07T23:12:02.9783032Z running 1 test
2026-10-07T23:12:02.9786585Z test a_tag_filter_step_stored_without_its_example_still_loads ... ok
2026-10-07T23:12:02.9786915Z 
2026-10-07T23:12:02.9787172Z test result: ok. 1 passed; 0 failed; 0 ignored; 0 measured; 0 filtered out; finished in 0.00s
2026-10-07T23:12:02.9787674Z 
2026-10-07T23:12:02.9789101Z [1m[92m     Running[0m tests/tab_names.rs (target/debug/deps/tab_names-64c2b1109f7bd07d)
2026-10-07T23:12:02.9799324Z 
2026-10-07T23:12:02.9799540Z running 2 tests
2026-10-07T23:12:03.0156137Z test a_new_clients_settings_are_the_references ... ok
2026-10-07T23:12:03.0191927Z test tabs_are_named_as_the_reference_names_them ... ok
2026-10-07T23:12:03.0192313Z 
2026-10-07T23:12:03.0192722Z test result: ok. 2 passed; 0 failed; 0 ignored; 0 measured; 0 filtered out; finished in 0.04s
2026-10-07T23:12:03.0193293Z 
2026-10-07T23:12:03.0202620Z [1m[92m     Running[0m tests/tag_rendering.rs (target/debug/deps/tag_rendering-68281fb06a194d7b)
2026-10-07T23:12:03.0214772Z 
2026-10-07T23:12:03.0214960Z running 1 test
2026-10-07T23:12:03.0222473Z test tags_render_as_the_reference_renders_them ... ok
2026-10-07T23:12:03.0222895Z 
2026-10-07T23:12:03.0223267Z test result: ok. 1 passed; 0 failed; 0 ignored; 0 measured; 0 filtered out; finished in 0.00s
2026-10-07T23:12:03.0223632Z 
2026-10-07T23:12:03.0224915Z [1m[92m     Running[0m tests/watcher_checker.rs (target/debug/deps/watcher_checker-fdbb17376ebb64fe)
2026-10-07T23:12:03.0235536Z 
2026-10-07T23:12:03.0235727Z running 2 tests
2026-10-07T23:12:03.0243196Z test the_same_checker_options_change_nothing ... ok
2026-10-07T23:12:03.0243938Z test checker_options_set_on_a_watcher_act_as_the_references ... ok
2026-10-07T23:12:03.0244247Z 
2026-10-07T23:12:03.0244513Z test result: ok. 2 passed; 0 failed; 0 ignored; 0 measured; 0 filtered out; finished in 0.00s
2026-10-07T23:12:03.0245010Z 
2026-10-07T23:12:03.0245509Z [1m[92m     Running[0m unittests src/lib.rs (target/debug/deps/hydrus_download-bbf5850a788bd04e)
2026-10-07T23:12:03.0264908Z 
2026-10-07T23:12:03.0265112Z running 16 tests
2026-10-07T23:12:03.0269701Z test folders::tests::integers_parse_as_python_parses_them ... ok
2026-10-07T23:12:03.0270518Z test export::tests::paths_normalise_as_python_normalises_them ... ok
2026-10-07T23:12:03.1350115Z test popups::tests::completed_deadline_survives_producer_drop_and_uses_strict_stored_boundary ... ok
2026-10-07T23:12:03.1407344Z test popups::tests::a_working_popup_says_what_its_downloads_importer_says_after_a_prefix ... ok
2026-10-07T23:12:03.1909616Z test popups::tests::current_callable_is_reentrant_and_removal_invalidates_later_queued_calls ... ok
2026-10-07T23:12:03.1911432Z test popups::tests::concurrent_pollers_cannot_overtake_a_reentrant_callable_removal ... ok
2026-10-07T23:12:03.2430765Z test popups::tests::gui_retirement_during_the_first_callable_invalidates_later_claimed_calls ... ok
2026-10-07T23:12:03.2506849Z test seeds::timestamp_editor_tests::recorded_saved_timestamp_parser_and_date_conversion_reach_actual_file_seeds ... ok
2026-10-07T23:12:03.3045451Z test subscriptions::tests::manager_admission_replays_reference_due_pause_live_limits_and_single_flight ... ok
2026-10-07T23:12:03.3047132Z test subscriptions::tests::outer_typed_exception_budget_replays_recorded_classes_and_reset ... ok
2026-10-07T23:12:03.3048555Z test subscriptions::tests::presented_files_are_labelled_as_the_reference_labels_them ... ok
2026-10-07T23:12:03.3056222Z test work_slots::tests::capacities_keep_running_counts_across_reference_lower_raise_and_release ... ok
2026-10-07T23:12:03.3057695Z test work_slots::tests::independent_categories_and_aborted_owners_release_only_their_permit ... ok
2026-10-07T23:12:03.3941445Z test popups::tests::a_working_popup_keeps_the_store_up_to_date_and_hears_a_cancel ... ok
2026-10-07T23:12:03.4979931Z test popups::tests::finished_callable_dispatches_between_independent_store_handles_and_releases_its_owner ... ok
2026-10-07T23:12:03.8889117Z test popups::tests::a_callable_added_after_finish_restarts_the_single_weak_poller ... ok
2026-10-07T23:12:03.8889711Z 
2026-10-07T23:12:03.8890336Z test result: ok. 16 passed; 0 failed; 0 ignored; 0 measured; 0 filtered out; finished in 0.86s
2026-10-07T23:12:03.8890868Z 
2026-10-07T23:12:03.8907270Z [1m[92m     Running[0m tests/export_folder.rs (target/debug/deps/export_folder-9dc9a4540e52640c)
2026-10-07T23:12:03.8929138Z 
2026-10-07T23:12:03.8929304Z running 1 test
2026-10-07T23:12:04.0333314Z test export_folders_do_what_the_reference_did ... ok
2026-10-07T23:12:04.0333689Z 
2026-10-07T23:12:04.0334055Z test result: ok. 1 passed; 0 failed; 0 ignored; 0 measured; 0 filtered out; finished in 0.14s
2026-10-07T23:12:04.0334564Z 
2026-10-07T23:12:04.0344534Z [1m[92m     Running[0m tests/folder_activity.rs (target/debug/deps/folder_activity-eba4e837ca106f7b)
2026-10-07T23:12:04.0373483Z 
2026-10-07T23:12:04.0373699Z running 2 tests
2026-10-07T23:12:04.0810914Z test successful_manager_apply_resets_due_cache_but_cancel_does_not ... ok
2026-10-07T23:12:04.1531102Z test active_import_finishes_its_commit_before_the_manager_reads_and_stops_before_next_seed ... ok
2026-10-07T23:12:04.1541471Z [1m[92m     Running[0m tests/import_folder.rs (target/debug/deps/import_folder-33b09015565930b7)
2026-10-07T23:12:04.1541943Z 
2026-10-07T23:12:04.1542233Z test result: ok. 2 passed; 0 failed; 0 ignored; 0 measured; 0 filtered out; finished in 0.12s
2026-10-07T23:12:04.1542631Z 
2026-10-07T23:12:04.1569723Z 
2026-10-07T23:12:04.1569903Z running 1 test
2026-10-07T23:12:04.6792382Z test an_import_folder_does_what_the_reference_did ... ok
2026-10-07T23:12:04.6792860Z 
2026-10-07T23:12:04.6805368Z [1m[92m     Running[0m tests/local_import.rs (target/debug/deps/local_import-9fa0047c94342534)
2026-10-07T23:12:04.6806235Z test result: ok. 1 passed; 0 failed; 0 ignored; 0 measured; 0 filtered out; finished in 0.52s
2026-10-07T23:12:04.6806634Z 
2026-10-07T23:12:04.6834068Z 
2026-10-07T23:12:04.6834241Z running 2 tests
2026-10-07T23:12:05.0120637Z test saved_existing_tag_filter_reaches_real_file_importer_for_parsed_and_additional_tags ... ok
2026-10-07T23:12:05.1569307Z test a_local_import_imports_its_files ... ok
2026-10-07T23:12:05.1569736Z 
2026-10-07T23:12:05.1570074Z test result: ok. 2 passed; 0 failed; 0 ignored; 0 measured; 0 filtered out; finished in 0.47s
2026-10-07T23:12:05.1570514Z 
2026-10-07T23:12:05.1591670Z [1m[92m     Running[0m tests/simple_downloader.rs (target/debug/deps/simple_downloader-01ddbb56bfa1e333)
2026-10-07T23:12:05.1620519Z 
2026-10-07T23:12:05.1620710Z running 1 test
2026-10-07T23:12:11.2351614Z test a_simple_downloader_parses_its_pages_for_files ... ok
2026-10-07T23:12:11.2352135Z 
2026-10-07T23:12:11.2352562Z test result: ok. 1 passed; 0 failed; 0 ignored; 0 measured; 0 filtered out; finished in 6.07s
2026-10-07T23:12:11.2353181Z 
2026-10-07T23:12:11.2366203Z [1m[92m     Running[0m tests/subscriptions.rs (target/debug/deps/subscriptions-c7e353ebb3ab64db)
2026-10-07T23:12:11.2395990Z 
2026-10-07T23:12:11.2396221Z running 11 tests
2026-10-07T23:12:11.3942032Z test a_subscription_with_no_import_destination_waits_out_its_error_delay ... ok
2026-10-07T23:12:11.4457485Z test a_subscription_without_its_downloader_pauses ... ok
2026-10-07T23:12:11.5446749Z test a_subscription_syncs_catches_up_and_downloads ... ok
2026-10-07T23:12:13.1678729Z test a_subscription_shows_what_it_does_in_a_popup_which_can_cancel_it ... ok
2026-10-07T23:12:14.6047058Z test handled_http_and_missing_file_failures_do_not_spend_the_outer_error_budget ... ok
2026-10-07T23:12:16.0481868Z test a_subscription_stops_when_its_bandwidth_runs_out ... ok
2026-10-07T23:12:16.6080241Z test subscription_runner_bounds_real_http_overlap_and_reloads_live_limit ... ok
2026-10-07T23:12:16.7260113Z test subscriptions_wait_while_paused_globally ... ok
2026-10-07T23:12:17.1371719Z test subscription_runner_cancels_selected_peer_and_joins_all_on_shutdown ... ok
2026-10-07T23:12:21.5924166Z test escaped_query_tag_errors_count_across_queries_delay_persist_and_reset_next_run ... ok
2026-10-07T23:12:28.2714963Z test none_disables_abandonment_for_real_escaped_store_failures ... ok
2026-10-07T23:12:28.2715536Z 
2026-10-07T23:12:28.2718089Z test result: ok. 11 passed; 0 failed; 0 ignored; 0 measured; 0 filtered out; finished in 17.03s
2026-10-07T23:12:28.2718744Z 
2026-10-07T23:12:28.2749096Z [1m[92m     Running[0m tests/url_queue.rs (target/debug/deps/url_queue-e2c1be4ce141c825)
2026-10-07T23:12:28.2777458Z 
2026-10-07T23:12:28.2777651Z running 11 tests
2026-10-07T23:12:28.4461067Z test a_queue_with_no_import_destination_pauses_its_files ... ok
2026-10-07T23:12:28.4502263Z test a_refusal_from_a_site_hydrus_logged_in_to_says_why ... ok
2026-10-07T23:12:28.5710473Z test existing_downloader_uses_edited_parser_and_new_link_after_reload ... ok
2026-10-07T23:12:28.6025121Z test a_gallery_url_in_a_url_queue_queues_its_posts ... ok
2026-10-07T23:12:28.7084140Z test missing_files_download_again_in_their_own_queue ... ok
2026-10-07T23:12:28.8630891Z test a_url_queue_downloads_posts_and_files ... ok
2026-10-07T23:12:29.6400619Z test files_import_while_later_gallery_pages_are_read ... ok
2026-10-07T23:12:29.7970923Z test running_gallery_searches_pick_up_capacity_growth_and_release_on_error ... ok
2026-10-07T23:12:30.3069261Z test queues_wait_while_their_downloads_are_paused_globally ... ok
2026-10-07T23:12:30.8323728Z test running_file_queues_keep_limits_when_lowered_and_release_on_cancel_or_owner_close ... ok
2026-10-07T23:12:31.5734454Z test a_file_that_fails_does_not_hold_up_the_rest_of_its_queue ... ok
2026-10-07T23:12:31.5734863Z 
2026-10-07T23:12:31.5735180Z test result: ok. 11 passed; 0 failed; 0 ignored; 0 measured; 0 filtered out; finished in 3.30s
2026-10-07T23:12:31.5735620Z 
2026-10-07T23:12:31.5768343Z [1m[92m     Running[0m tests/watchers.rs (target/debug/deps/watchers-20e25d328bf3f7c5)
2026-10-07T23:12:31.5796222Z 
2026-10-07T23:12:31.5796418Z running 2 tests
2026-10-07T23:12:31.9458825Z test watcher_checks_share_their_own_live_capacity_and_owner_close_releases_it ... ok
2026-10-07T23:12:32.0070154Z test a_watcher_follows_a_thread_until_it_404s ... ok
2026-10-07T23:12:32.0070706Z 
2026-10-07T23:12:32.0071289Z test result: ok. 2 passed; 0 failed; 0 ignored; 0 measured; 0 filtered out; finished in 0.43s
2026-10-07T23:12:32.0072089Z 
2026-10-07T23:12:32.0093189Z [1m[92m     Running[0m unittests src/lib.rs (target/debug/deps/hydrus_downloader_exchange-53953a77e0e9a0c8)
2026-10-07T23:12:32.0104140Z 
2026-10-07T23:12:32.0104299Z running 0 tests
2026-10-07T23:12:32.0104640Z 
2026-10-07T23:12:32.0105260Z test result: ok. 0 passed; 0 failed; 0 ignored; 0 measured; 0 filtered out; finished in 0.00s
2026-10-07T23:12:32.0105999Z 
2026-10-07T23:12:32.0107393Z [1m[92m     Running[0m tests/external_calls.rs (target/debug/deps/external_calls-32dab097596eb93a)
2026-10-07T23:12:32.0117588Z 
2026-10-07T23:12:32.0117741Z running 2 tests
2026-10-07T23:12:32.0133398Z test import_rejects_wrong_classes_and_mixed_invalid_packages_before_staging_any_call ... ok
2026-10-07T23:12:32.0149698Z test actual_qt_callable_exports_and_manager_round_trip_without_losing_identity_or_process_options ... ok
2026-10-07T23:12:32.0150146Z 
2026-10-07T23:12:32.0150429Z test result: ok. 2 passed; 0 failed; 0 ignored; 0 measured; 0 filtered out; finished in 0.00s
2026-10-07T23:12:32.0150828Z 
2026-10-07T23:12:32.0153067Z [1m[92m     Running[0m tests/import_options.rs (target/debug/deps/import_options-a70a18917bd1cb2b)
2026-10-07T23:12:32.0163060Z 
2026-10-07T23:12:32.0163244Z running 2 tests
2026-10-07T23:12:32.0197326Z test wrong_objects_and_future_versions_are_rejected ... ok
2026-10-07T23:12:32.0237842Z test recorded_containers_round_trip_all_native_fields_and_pngs ... ok
2026-10-07T23:12:32.0238591Z 
2026-10-07T23:12:32.0238883Z test result: ok. 2 passed; 0 failed; 0 ignored; 0 measured; 0 filtered out; finished in 0.01s
2026-10-07T23:12:32.0239252Z 
2026-10-07T23:12:32.0241461Z [1m[92m     Running[0m tests/interchange.rs (target/debug/deps/interchange-9445052f693b0646)
2026-10-07T23:12:32.0256239Z 
2026-10-07T23:12:32.0256431Z running 12 tests
2026-10-07T23:12:32.0264462Z test formula_metadata_survives_native_serialization_and_edits_take_precedence ... ok
2026-10-07T23:12:32.0289294Z test malformed_old_versions_return_errors_before_any_package_can_be_staged ... ok
2026-10-07T23:12:32.0318816Z test date_conversions_keep_reference_codes_through_definition_exchange ... ok
2026-10-07T23:12:32.0348487Z test old_plain_json_png_is_still_importable ... ok
2026-10-07T23:12:32.0529379Z test authored_static_formulas_roundtrip ... ok
2026-10-07T23:12:32.0579792Z test older_formats_upgrade_or_reject_without_partial_packages ... ok
2026-10-07T23:12:32.0769317Z test registered_mixed_login_package_preserves_json_png_rules_and_rejects_partial_decoding ... ok
2026-10-07T23:12:32.0803164Z test selected_processing_steps_match_qt_clipboard_and_png_exports ... ok
2026-10-07T23:12:32.0932533Z test subsidiary_contexts_follow_stable_page_keys_when_children_are_sorted_and_renamed ... ok
2026-10-07T23:12:32.1038359Z test malformed_png_and_compression_never_allocate_unbounded_data ... ok
2026-10-07T23:12:32.1177496Z test reference_json_and_real_png_roundtrip_without_losing_subsidiary_or_editor_data ... ok
2026-10-07T23:12:32.4101819Z test maximum_documented_definition_count_roundtrips_and_the_next_one_is_rejected ... ok
2026-10-07T23:12:32.4102361Z 
2026-10-07T23:12:32.4102635Z test result: ok. 12 passed; 0 failed; 0 ignored; 0 measured; 0 filtered out; finished in 0.38s
2026-10-07T23:12:32.4102997Z 
2026-10-07T23:12:32.4119495Z [1m[92m     Running[0m tests/logins.rs (target/debug/deps/logins-82f5bdd36ff4ba52)
2026-10-07T23:12:32.4133220Z 
2026-10-07T23:12:32.4133399Z running 3 tests
2026-10-07T23:12:32.4178255Z test native_veto_default_matcher_uses_python_constructor_empty_match_value ... ok
2026-10-07T23:12:32.4191239Z test login_validation_matches_python_and_rejects_mixed_packages_atomically ... ok
2026-10-07T23:12:32.4209880Z test login_scripts_preserve_reference_fields_and_upgrade_cookie_names ... ok
2026-10-07T23:12:32.4210253Z 
2026-10-07T23:12:32.4210531Z test result: ok. 3 passed; 0 failed; 0 ignored; 0 measured; 0 filtered out; finished in 0.01s
2026-10-07T23:12:32.4210907Z 
2026-10-07T23:12:32.4214582Z [1m[92m     Running[0m tests/routers.rs (target/debug/deps/routers-93dc1ba930b94b47)
2026-10-07T23:12:32.4225454Z 
2026-10-07T23:12:32.4225606Z running 3 tests
2026-10-07T23:12:32.4283562Z test router_exchange_rejects_incompatible_or_lossy_packages_atomically ... ok
2026-10-07T23:12:32.4385527Z test recorded_router_queues_preserve_editor_fields_and_reference_png ... ok
2026-10-07T23:12:32.4388381Z test inspected_packages_preserve_routers_with_recognised_other_objects ... ok
2026-10-07T23:12:32.4389253Z 
2026-10-07T23:12:32.4389692Z test result: ok. 3 passed; 0 failed; 0 ignored; 0 measured; 0 filtered out; finished in 0.02s
2026-10-07T23:12:32.4390287Z 
2026-10-07T23:12:32.4396415Z [1m[92m     Running[0m tests/seed_caches.rs (target/debug/deps/seed_caches-7edac3f0543c961e)
2026-10-07T23:12:32.4413491Z 
2026-10-07T23:12:32.4413690Z running 2 tests
2026-10-07T23:12:32.4865698Z test unsafe_or_malformed_history_fails_explicitly_without_truncating_a_package ... ok
2026-10-07T23:12:32.4889330Z test historical_cache_versions_replay_exact_qt_history_headers_and_list_exports ... ok
2026-10-07T23:12:32.4890317Z 
2026-10-07T23:12:32.4890724Z test result: ok. 2 passed; 0 failed; 0 ignored; 0 measured; 0 filtered out; finished in 0.05s
2026-10-07T23:12:32.4895946Z [1m[92m     Running[0m tests/subscription_import.rs (target/debug/deps/subscription_import-03f2d8ddd935f38d)
2026-10-07T23:12:32.4896409Z 
2026-10-07T23:12:32.4918565Z 
2026-10-07T23:12:32.4918729Z running 2 tests
2026-10-07T23:12:32.5080467Z test recorded_nested_packages_warn_after_preserving_complete_permitted_objects ... ok
2026-10-07T23:12:32.5094945Z test future_nested_objects_and_limits_fail_before_any_list_objects_are_returned ... ok
2026-10-07T23:12:32.5095970Z 
2026-10-07T23:12:32.5096357Z test result: ok. 2 passed; 0 failed; 0 ignored; 0 measured; 0 filtered out; finished in 0.02s
2026-10-07T23:12:32.5096921Z 
2026-10-07T23:12:32.5106700Z [1m[92m     Running[0m tests/subscriptions.rs (target/debug/deps/subscriptions-e6ea53fd2f0063f4)
2026-10-07T23:12:32.5122878Z 
2026-10-07T23:12:32.5123067Z running 4 tests
2026-10-07T23:12:32.5253645Z test subscription_exchange_reports_missing_logs_and_rejects_invalid_packages_atomically ... ok
2026-10-07T23:12:32.5315348Z test malformed_and_unsupported_legacy_subscriptions_fail_without_reducing_history ... ok
2026-10-07T23:12:32.5338938Z test actual_subscription_clipboard_and_png_retain_settings_headers_and_both_histories ... ok
2026-10-07T23:12:32.5606463Z test actual_legacy_subscription_list_imports_match_converted_settings_histories_and_caches ... ok
2026-10-07T23:12:32.5607202Z 
2026-10-07T23:12:32.5607630Z test result: ok. 4 passed; 0 failed; 0 ignored; 0 measured; 0 filtered out; finished in 0.05s
2026-10-07T23:12:32.5608531Z 
2026-10-07T23:12:32.5618350Z [1m[92m     Running[0m tests/subsidiaries.rs (target/debug/deps/subsidiaries-9fe403ec36e0192f)
2026-10-07T23:12:32.5634662Z 
2026-10-07T23:12:32.5634854Z running 2 tests
2026-10-07T23:12:32.5671704Z test incompatible_or_unsupported_subsidiary_packages_are_rejected_before_staging ... ok
2026-10-07T23:12:32.5707009Z test real_reference_subsidiary_clipboard_and_png_preserve_recursive_wrappers ... ok
2026-10-07T23:12:32.5707620Z 
2026-10-07T23:12:32.5708222Z test result: ok. 2 passed; 0 failed; 0 ignored; 0 measured; 0 filtered out; finished in 0.01s
2026-10-07T23:12:32.5708603Z 
2026-10-07T23:12:32.5712936Z [1m[92m     Running[0m unittests src/lib.rs (target/debug/deps/hydrus_gui_model-e796d6a368398922)
2026-10-07T23:12:32.5733968Z 
2026-10-07T23:12:32.5734123Z running 39 tests
2026-10-07T23:12:32.5738108Z test favourites::tests::names_are_made_unique_as_the_reference_makes_them ... ok
2026-10-07T23:12:32.5739454Z test duplicate_filter::tests::deletion_reasons_read_as_the_reference_writes_them ... ok
2026-10-07T23:12:32.5744206Z test list_selection::tests::clicks_select_as_qt_s_extended_selection ... ok
2026-10-07T23:12:32.5748151Z test list_selection::tests::a_selection_follows_its_items ... ok
2026-10-07T23:12:32.5748975Z test main_menu::tests::advanced_mode_offers_to_nudge_subscriptions ... ok
2026-10-07T23:12:32.5749850Z test main_menu::tests::a_disabled_menu_does_not_open ... ok
2026-10-07T23:12:32.5750820Z test main_menu::tests::entries_hydrus_rs_cannot_do_are_not_usable ... ok
2026-10-07T23:12:32.5751984Z test main_menu::tests::closed_pages_are_offered_latest_first ... ok
2026-10-07T23:12:32.5752909Z test main_menu::tests::clicking_an_entry_chooses_it_unless_it_cannot_be ... ok
2026-10-07T23:12:32.5754005Z test main_menu::tests::hovering_opens_submenus_beside_their_entries ... ok
2026-10-07T23:12:32.5755109Z test main_menu::tests::mnemonics_open_the_bar_s_menus ... ok
2026-10-07T23:12:32.5756088Z test main_menu::tests::keys_move_through_the_menus ... ok
2026-10-07T23:12:32.5756984Z test main_menu::tests::saved_sessions_of_its_own_can_be_saved_over_and_deleted ... ok
2026-10-07T23:12:32.5758665Z test main_menu::tests::separators_show_as_qt_shows_them ... ok
2026-10-07T23:12:32.5764749Z test main_menu::tests::several_folders_get_a_check_all_and_one_does_not ... ok
2026-10-07T23:12:32.5765766Z test main_menu::tests::the_history_is_numbered_latest_first_and_kept_to_twenty ... ok
2026-10-07T23:12:32.5766805Z test main_menu::tests::the_pending_menu_lists_repositories_with_content_a_to_z ... ok
2026-10-07T23:12:32.6774196Z test options::tests::thumbnail_rating_sizes_go_up_to_the_thumbnails_width ... ok
2026-10-07T23:12:32.6809395Z test options::tests::only_the_options_changed_are_set ... ok
2026-10-07T23:12:32.6817843Z test options::tests::the_editor_edits_the_page_shown ... ok
2026-10-07T23:12:32.6824044Z test options::tests::times_show_as_the_references_fields ... ok
2026-10-07T23:12:32.6832294Z test options::tests::the_search_finds_options_by_their_labels_and_boxes ... ok
2026-10-07T23:12:32.7528165Z test options::tests::times_rates_and_text_that_may_be_none_are_edited ... ok
2026-10-07T23:12:32.7578220Z test page_chooser::tests::menus_lead_to_pages_as_in_the_reference ... ok
2026-10-07T23:12:32.7599353Z test options::tests::values_that_cant_be_had_are_left_saying_why ... ok
2026-10-07T23:12:32.8099659Z test predicate_editors::defaults::tests::namespace_shortcuts_and_empty_results_follow_the_actual_star_menu ... ok
2026-10-07T23:12:32.8712618Z test page_chooser::tests::file_domains_are_offered_by_name ... ok
2026-10-07T23:12:32.9124293Z test predicate_editors::defaults::tests::star_regex_save_skips_accept_validation_like_the_actual_reference ... ok
2026-10-07T23:12:32.9126676Z test predicate_editors::special::tests::hashes_are_read_as_the_reference_reads_them ... ok
2026-10-07T23:12:32.9128920Z test predicate_editors::special::tests::lines_are_summed_up_as_the_reference_sums_them ... ok
2026-10-07T23:12:32.9130659Z test predicate_editors::tests::a_date_is_read_as_typed ... ok
2026-10-07T23:12:32.9132564Z test predicate_editors::tests::rating_is_offered_with_a_rating_service_and_the_rest_everywhere ... ok
2026-10-07T23:12:32.9136383Z test predicate_editors::tests::time_fields_split_a_span_into_its_units ... ok
2026-10-07T23:12:32.9137633Z test sort::tests::choices_are_named_and_ordered_as_the_reference_orders_them ... ok
2026-10-07T23:12:32.9139118Z test status::bandwidth_tests::only_what_is_read_while_the_client_is_open_counts ... ok
2026-10-07T23:12:32.9140334Z test status::bandwidth_tests::the_network_part_reads_as_the_reference_s ... ok
2026-10-07T23:12:32.9164686Z test predicate_editors::defaults::tests::service_keys_and_fractional_viewtime_survive_reordered_contexts_and_reopening ... ok
2026-10-07T23:12:33.5513790Z test predicate_editors::defaults::tests::comparability_replays_all_reference_subtypes_and_rating_services ... ok
2026-10-07T23:12:34.6414142Z test predicate_editors::defaults::tests::all_recorded_panel_families_restore_typed_defaults_and_explicit_inputs ... ok
2026-10-07T23:12:34.6414707Z 
2026-10-07T23:12:34.6414973Z test result: ok. 39 passed; 0 failed; 0 ignored; 0 measured; 0 filtered out; finished in 2.07s
2026-10-07T23:12:34.6415335Z 
2026-10-07T23:12:34.6435923Z [1m[92m     Running[0m tests/model/main.rs (target/debug/deps/model-57f5b48addde7534)
2026-10-07T23:12:34.6469866Z 
2026-10-07T23:12:34.6470068Z running 525 tests
2026-10-07T23:12:34.6500122Z test about::the_about_window_says_what_the_references_does ... ok
2026-10-07T23:12:34.6549211Z test active_predicates::actual_qt_inherited_copy_payloads_and_page_routes_match_all_recorded_selections ... ok
2026-10-07T23:12:34.6558496Z test active_predicates::actual_qt_commands_preserve_inverse_add_vs_ctrl_toggle_and_exact_result_sets ... ok
2026-10-07T23:12:34.6650717Z test active_predicates::supplied_size_and_limit_reopen_exact_values_despite_saved_creation_defaults ... ok
2026-10-07T23:12:34.6652909Z test active_predicates::mixed_controls_replay_real_qt_values_row_order_cancel_and_parser_vetoes ... ok
2026-10-07T23:12:34.9568549Z test api_update_toasts::all_recorded_apply_cancel_reopen_cases_and_concurrent_width_survive ... ok
2026-10-07T23:12:35.0359185Z test archive_delete_policies::real_independent_controls_cancel_reopen_merge_and_retained_legacy_native_precedence ... ok
2026-10-07T23:12:35.1107261Z test animation_start::recorded_raw_constructor_cancel_unchanged_apply_reopen_and_scoped_merge ... ok
2026-10-07T23:12:35.1229393Z test archive_repair::captured_scan_preserves_intervening_edits_and_cancellation_rolls_back_content_transaction ... ok
2026-10-07T23:12:35.1295721Z test auto_resolution_exchange::exported_rules_import_again ... ok
2026-10-07T23:12:35.1423833Z test auto_resolution_exchange::the_reference_s_serialised_rules_import ... ok
2026-10-07T23:12:35.1425524Z test auto_resolution_review::approving_and_denying_report_progress_as_the_reference_s ... ok
2026-10-07T23:12:35.2002788Z test archive_delete_policies::replaced_domain_identity_rejects_entire_commit_before_archiving_kept_files ... ok
2026-10-07T23:12:35.2062739Z test auto_resolution_rules::a_new_rule_searches_as_the_references_add_does ... ok
2026-10-07T23:12:35.2108853Z test auto_resolution_rules::add_offers_the_references_comparators ... ok
2026-10-07T23:12:35.2190501Z test auto_resolution_rules::rules_rows_and_comparators_are_the_references ... ok
2026-10-07T23:12:35.3181726Z test archive_repair::exact_global_scan_questions_population_writes_and_reopened_times_match_reference ... ok
2026-10-07T23:12:35.3799500Z test auto_resolution_review::each_rules_tabs_list_its_pairs_as_the_reference ... ok
2026-10-07T23:12:35.3840279Z test checker_options::edits_change_the_editor_as_the_references ... ok
2026-10-07T23:12:35.3878747Z test checker_options::ok_asks_as_the_references_does ... ok
2026-10-07T23:12:35.3898990Z test checker_options::ok_raises_times_below_their_least ... ok
2026-10-07T23:12:35.4781233Z test autocomplete_tabs::literal_favourite_rows_remain_selected_as_tags_until_explicitly_deselected ... ok
2026-10-07T23:12:35.4852243Z test checker_options::the_editor_opens_as_the_references ... ok
2026-10-07T23:12:35.4891898Z test checker_options::the_reasonable_defaults_are_the_references ... ok
2026-10-07T23:12:35.4893468Z test client_api_admin::browser_url_uses_reported_listener_over_cli_overridden_service_settings ... ok
2026-10-07T23:12:35.5843205Z test client_api_admin::listener_settings_preserve_unrelated_services_and_imported_flags ... ok
2026-10-07T23:12:35.6661773Z test checker_options::the_downloading_page_edits_the_default_checker_options ... ok
2026-10-07T23:12:35.6728865Z test client_api_admin::reference_rows_permissions_questions_and_duplicates ... ok
2026-10-07T23:12:35.6743612Z test autocomplete_tabs::read_and_write_selection_replay_the_same_qt_tabs_and_persist_only_accepted_edits ... ok
2026-10-07T23:12:35.6789151Z test command_palette::calculator_matches_qt_precedence_integer_types_errors_and_special_values ... ok
2026-10-07T23:12:35.6802249Z test command_palette::defaults_and_provider_queue_match_the_qt_options_editor ... ok
2026-10-07T23:12:35.6839578Z test clipboard_urls::changed_text_switches_and_url_policy_match_the_reference ... ok
2026-10-07T23:12:35.6843583Z test command_palette::late_workers_cannot_repopulate_a_new_query_or_closed_owner ... ok
2026-10-07T23:12:35.6865071Z test command_palette::providers_match_real_qt_order_limits_and_thresholds ... ok
2026-10-07T23:12:35.6887332Z test command_palette::unicode_casefold_expands_before_provider_and_menu_thresholds ... ok
2026-10-07T23:12:35.7392836Z test client_api_admin::staged_keys_cancel_persist_collision_and_stale_apply ... ok
2026-10-07T23:12:35.7499514Z test command_palette::each_live_provider_policy_reaches_its_results_and_preferences_persist ... ok
2026-10-07T23:12:35.7528724Z test database_backup::questions_name_the_paths_as_the_reference_does ... ok
2026-10-07T23:12:35.7534064Z test database_backup::the_menu_follows_the_backup_location_and_storage ... ok
2026-10-07T23:12:35.7535030Z test database_locations::rows_and_buttons_follow_the_reference ... ok
2026-10-07T23:12:35.9199299Z test content_undo::archiving_can_be_undone_and_redone_from_the_menu ... ok
2026-10-07T23:12:35.9897080Z test content_undo::tag_changes_name_their_service ... ok
2026-10-07T23:12:35.9901707Z test database_maintenance::the_menus_enable_the_jobs_hydrus_rs_runs ... ok
2026-10-07T23:12:35.9925652Z test datetime_editor::the_date_time_editor_works_as_the_references_does ... ok
2026-10-07T23:12:35.9940287Z test debug_actions::modal_countdown_and_env_dump_read_as_the_reference_s ... ok
2026-10-07T23:12:35.9941272Z test debug_actions::some_popups_are_the_reference_s_less_its_callbacks ... ok
2026-10-07T23:12:36.1262138Z test database_maintenance::questions_buttons_and_service_choices_are_the_reference_s ... ok
2026-10-07T23:12:36.2115996Z test archive_delete_policies::actual_qt_domain_alternatives_priorities_delay_and_selected_transaction ... ok
2026-10-07T23:12:36.3467475Z test delete_files::clean_delete_preserves_locked_files_and_remembered_fields_merge_with_options ... ok
2026-10-07T23:12:36.4327563Z test delete_files::mixed_existing_reasons_match_qt_preserve_each_file_and_do_not_replace_last_reason ... ok
2026-10-07T23:12:36.4343499Z test delete_files::reason_queue_matches_recorded_cancel_empty_duplicate_movement_and_delete ... ok
2026-10-07T23:12:36.4345888Z test downloader_definitions::domain_mask_queue_replays_staged_crud_and_insertion_order ... ok
2026-10-07T23:12:36.4412726Z test downloader_definitions::domain_mode_and_independent_tester_replay_reference_and_preserve_disabled_values ... ok
2026-10-07T23:12:36.5272985Z test downloader_definitions::drafts_preserve_identity_links_and_current_unrelated_settings ... ok
2026-10-07T23:12:36.5329089Z test downloader_definitions::editor_controls_change_matching_normalisation_and_validate_pagination ... ok
2026-10-07T23:12:36.6057143Z test downloader_definitions::generator_copies_nested_repair_and_delete_are_staged ... ok
2026-10-07T23:12:36.6059221Z test downloader_definitions::invalid_examples_and_defaults_cannot_be_committed ... ok
2026-10-07T23:12:36.6872351Z test downloader_definitions::previews_use_native_encoding_options_and_nested_columns_sort_by_count ... ok
2026-10-07T23:12:36.7601994Z test downloader_definitions::reference_rows_previews_and_vetoes_are_replayed ... ok
2026-10-07T23:12:36.7699331Z test downloader_definitions::selectable_preview_values_use_recorded_api_referral_and_gallery_consumers ... ok
2026-10-07T23:12:36.7719711Z test downloader_display::displayed_url_labels_filters_order_and_cap_replay_reference ... ok
2026-10-07T23:12:36.7721389Z test downloader_display::replay_actual_tri_state_questions_and_rows ... ok
2026-10-07T23:12:36.8569827Z test downloader_display::save_merges_only_edited_keys_and_preserves_concurrent_definitions ... ok
2026-10-07T23:12:36.8593890Z test downloader_interchange::an_api_pair_source_yields_to_its_eligible_target_during_parser_linking ... ok
2026-10-07T23:12:36.8595397Z test downloader_interchange::duplicate_class_relinks_the_runtime_winner_instead_of_the_first_equivalent_row ... ok
2026-10-07T23:12:36.9305031Z test downloader_interchange::imported_class_and_parser_link_reaches_the_live_registry ... ok
2026-10-07T23:12:37.0086756Z test downloader_interchange::mixed_login_cancel_malformed_and_stale_scripts_never_partially_save_downloaders ... ok
2026-10-07T23:12:37.1314868Z test downloader_interchange::mixed_login_import_replays_qt_duplicates_links_and_saved_consumer_without_exporting_credentials ... ok
2026-10-07T23:12:37.2459503Z test delete_files::physical_only_dialog_remembers_builtin_and_custom_service_keys_like_qt ... ok
2026-10-07T23:12:37.2996829Z test downloader_interchange::package_invalid_and_cancelled_staging_do_not_mutate_store_and_stale_apply_rolls_back ... ok
2026-10-07T23:12:37.3049034Z test downloader_interchange::reference_duplicate_rules_remap_nested_members_and_keep_auxiliary_context ... ok
2026-10-07T23:12:37.4004479Z test delete_files::advanced_reasons_match_actual_qt_defaults_existing_and_remembered_selection ... ok
2026-10-07T23:12:37.4130014Z test downloader_update_times::strict_deadlines_ratios_minimum_fallback_saved_changes_and_forcing_match_qt ... ok
2026-10-07T23:12:37.4360328Z test downloader_interchange::scoped_list_import_is_atomic_and_parser_save_preserves_original_context ... ok
2026-10-07T23:12:37.4409437Z test duplicate_colours::qcolor_rounding_and_independent_transparency_replay_actual_canvas_outputs ... ok
2026-10-07T23:12:37.6470897Z test duplicates_filtering::counts_and_random_groups_read_the_basic_client ... ok
2026-10-07T23:12:37.6499190Z test duplicates_filtering::edits_and_texts_follow_the_reference ... ok
2026-10-07T23:12:37.7292632Z test downloader_update_times::exact_constructor_fields_unchanged_apply_cancel_legacy_and_concurrent_field_merge ... ok
2026-10-07T23:12:37.7309742Z test duplicates_page::the_auto_resolution_rules_rows_are_the_references ... ok
2026-10-07T23:12:37.7339096Z test duplicates_page::the_preparation_tab_says_what_the_references_does ... ok
2026-10-07T23:12:37.8527121Z test duplicates_filtering::resync_drops_pairs_of_files_out_of_local_storage ... ok
2026-10-07T23:12:37.8565025Z test edit_subscription::the_dialog_opens_as_the_references ... ok
2026-10-07T23:12:37.8631321Z test edit_subscription::the_query_buttons_act_as_the_references ... ok
2026-10-07T23:12:37.8680347Z test embedded_metadata::basics_and_png_instruction_match_the_reference ... ok
2026-10-07T23:12:37.8681473Z test embedded_metadata::exif_sort_selection_and_raw_copy_match_the_reference ... ok
2026-10-07T23:12:37.8682657Z test existing_tags_filter::existing_filter_acceptance_enables_only_the_captured_service_and_round_trips ... ok
2026-10-07T23:12:37.8684026Z test duplicates_progress::qt_staging_persistence_and_scoped_save_drive_strict_caught_up_preparation_labels ... ok
2026-10-07T23:12:37.8789481Z test duplicate_colours::options_keep_saved_zero_on_cancel_then_normalise_on_apply_and_preserve_concurrent_background ... ok
2026-10-07T23:12:38.1212339Z test export_files::preview_and_confirmations_match_reference_panel ... ok
2026-10-07T23:12:38.1390711Z test export_files::cancellation_and_missing_sources_never_trash_partial_exports ... ok
2026-10-07T23:12:38.1409210Z test export_files::shared_pattern_menu_copies_recorded_phrases_including_its_heading ... ok
2026-10-07T23:12:38.1860076Z test export_files::copies_overwrite_existing_files_and_route_metadata ... ok
2026-10-07T23:12:38.3678345Z test export_files::selected_export_tags_counts_sort_selection_and_copy_match_actual_panel ... ok
2026-10-07T23:12:38.3739409Z test external_calls::actual_defaults_menu_routes_preserve_prior_selection_and_generate_unique_named_keys ... ok
2026-10-07T23:12:38.3775424Z test external_calls::actual_qt_sort_tie_break_casefold_and_duplicate_selection_routes ... ok
2026-10-07T23:12:38.3789886Z test external_calls::actual_reference_substitution_validation_and_argument_cleaning ... ok
2026-10-07T23:12:38.3869201Z test external_calls::cancelling_the_owner_terminates_and_reaps_its_started_direct_child ... ok
2026-10-07T23:12:38.3911630Z test external_calls::command_clipboard_review_and_cleaned_example_match_actual_qt ... ok
2026-10-07T23:12:38.3939424Z test external_calls::command_parameter_queue_selection_reorder_and_keyboard_match_actual_qt ... ok
2026-10-07T23:12:38.3969003Z test external_calls::command_queue_reverse_edit_and_keyboard_origins_match_actual_qt ... ok
2026-10-07T23:12:38.3994597Z test external_calls::duplicate_import_warnings_match_python_repr_and_all_size_boundaries ... ok
2026-10-07T23:12:38.3996194Z test external_calls::list_acceptance_retains_edit_key_and_selection_but_regenerates_import_and_duplicate_keys ... ok
2026-10-07T23:12:38.4000163Z test export_files::sidecar_failure_blocks_trash_even_after_copy_and_success_trashes ... ok
2026-10-07T23:12:38.4696188Z test export_files::symlinks_existing_links_and_hardlinks_preserve_source_content ... ok
2026-10-07T23:12:38.4779458Z test external_calls::saved_call_executes_owned_harmless_process_with_exact_single_argument_and_no_shell_interpretation ... ok
2026-10-07T23:12:38.6051912Z test favourite_search_editor::favourite_controls_replay_reference_domain_sort_collect_and_predicate_values ... ok
2026-10-07T23:12:38.6065513Z test file_history::dropping_worker_cancels_inflight_read_and_never_runs_pending_read ... ok
2026-10-07T23:12:38.6835368Z test ffmpeg_timeout::qt_options_cancel_bounds_reopen_and_concurrent_changes ... ok
2026-10-07T23:12:38.6842434Z test file_history::owned_worker_runs_only_latest_queued_query_and_discards_cancelled_closed_results ... ok
2026-10-07T23:12:38.6851551Z test file_log::clipboard_source_batches_match_actual_reference_imports ... ok
2026-10-07T23:12:38.7488891Z test file_log::renormalisation_collapses_later_duplicates_and_preserves_first_progress_and_metadata ... ok
2026-10-07T23:12:38.7493441Z test file_log::selected_import_objects_match_full_reference_clipboard_bytes ... ok
2026-10-07T23:12:38.7494818Z test file_log::selected_urls_are_one_exact_match_or_container ... ok
2026-10-07T23:12:38.7974957Z test file_history::global_and_filtered_series_ranges_visibility_refresh_and_cancel_match_actual_chart ... ok
2026-10-07T23:12:38.7983881Z test file_log::the_file_log_is_the_references ... ok
2026-10-07T23:12:38.7992654Z test file_maintenance_current::recorded_counts_selection_due_gate_and_numeric_sort_use_typed_identity ... ok
2026-10-07T23:12:38.9399991Z test file_maintenance_new::chosen_files_get_the_job_queued ... ok
2026-10-07T23:12:38.9401508Z test file_maintenance_new::the_tab_says_what_the_reference_does ... ok
2026-10-07T23:12:38.9402566Z test file_relationships::a_file_alone_offers_only_a_search_reset ... ok
2026-10-07T23:12:38.9403714Z test file_relationships::a_grouped_file_shows_its_group_and_what_can_be_undone ... ok
2026-10-07T23:12:39.0919531Z test file_relationships::setting_and_undoing_relationships_reaches_the_store ... ok
2026-10-07T23:12:39.4029597Z test file_log::source_png_carriers_import_actual_qt_exports_and_render_custom_headers ... ok
2026-10-07T23:12:39.6452918Z test file_view_removal::filter_content_pruning_reports_only_domain_departures_after_intervening_trash ... ok
2026-10-07T23:12:39.8172222Z test file_view_removal::actual_qt_media_list_trash_move_and_physical_pruning_matrix ... ok
2026-10-07T23:12:39.8559630Z test filename_rules::advanced_lists_children_and_filename_consumers_match_real_reference ... ok
2026-10-07T23:12:39.8585894Z test filename_rules::both_original_regex_buttons_offer_the_recorded_help_components_and_favourites ... ok
2026-10-07T23:12:39.8587610Z test filename_rules::child_identity_is_frozen_and_unrelated_callbacks_preserve_it ... ok
2026-10-07T23:12:39.8830659Z test file_view_removal::filter_removal_matches_recorded_commit_gates_and_skipped_return_file ... ok
2026-10-07T23:12:39.8837454Z test filename_simple::native_path_backend_matches_actual_reference_rebasing_and_mixed_separator_tags ... ok
2026-10-07T23:12:39.8919025Z test filename_tagging::rows_and_values_are_the_references ... ok
2026-10-07T23:12:39.8920162Z test filename_tagging::single_tags_are_shown_and_removed_for_the_selection ... ok
2026-10-07T23:12:39.8926326Z test filename_tagging::typed_regexes_and_quick_namespaces_are_checked ... ok
2026-10-07T23:12:39.8941631Z test filesize_predicate::choices_bounds_and_explicit_reopening_match_qt ... ok
2026-10-07T23:12:39.8949468Z test filetype_tree::groups_tick_their_filetypes_and_give_back_specific_ones ... ok
2026-10-07T23:12:39.9636019Z test folder_runs::named_then_all_folders_are_flagged_to_run ... ok
2026-10-07T23:12:40.0127222Z test filename_simple::additive_entry_and_selected_union_replay_real_simple_panel_without_spreading_untouched_tags ... ok
2026-10-07T23:12:40.0139483Z test folders::the_export_folder_dialog_is_the_references ... ok
2026-10-07T23:12:40.0153479Z test folders::the_import_folder_dialog_is_the_references ... ok
2026-10-07T23:12:40.0154761Z test folders::the_lists_name_what_they_add_and_edit_uniquely ... ok
2026-10-07T23:12:40.0158800Z test folders::the_lists_rows_are_the_references ... ok
2026-10-07T23:12:40.0183582Z test force_filetype::the_force_filetypes_dialog_is_the_reference_s ... ok
2026-10-07T23:12:40.0195259Z test force_idle::actual_toggle_checks_and_real_worker_entry_matrix ... ok
2026-10-07T23:12:40.0196641Z test formula_editors::fetched_documents_replay_reference_success_error_and_cancellation_context ... ok
2026-10-07T23:12:40.0198421Z test formula_editors::formula_editor_bulk_name_conflicts_match_reference ... ok
2026-10-07T23:12:40.0214157Z test formula_editors::formula_editor_controls_and_parses_match_reference ... ok
2026-10-07T23:12:40.0215615Z test formula_editors::formula_editor_rule_queue_matches_reference_actions ... ok
2026-10-07T23:12:40.0225378Z test formula_editors::formula_editor_type_and_named_list_actions_match_reference ... ok
2026-10-07T23:12:40.0227158Z test formula_editors::formula_editor_type_changes_use_fresh_defaults_and_preserve_separated_content ... ok
2026-10-07T23:12:40.0229014Z test formula_editors::formula_editors_preserve_other_kinds_and_inactive_rule_settings ... ok
2026-10-07T23:12:40.0232376Z test formula_editors::multiple_test_documents_retain_edits_sources_and_selected_child_order ... ok
2026-10-07T23:12:40.0249003Z test formula_editors::recursive_formula_fields_and_transformed_child_data_match_reference ... ok
2026-10-07T23:12:40.0250693Z test formula_editors::scalar_formula_controls_match_reference ... ok
2026-10-07T23:12:40.0254866Z test formula_editors::six_kind_chooser_defaults_match_reference ... ok
2026-10-07T23:12:40.0279040Z test formula_editors::zipper_member_queue_and_substitution_match_reference ... ok
2026-10-07T23:12:40.0298281Z test frame_locations::frame_table_defaults_cells_and_selected_actions_match_actual_qt ... ok
2026-10-07T23:12:40.1251901Z test frame_locations::named_geometry_transactions_preserve_peer_frames_and_latest_viewer_save_preference ... ok
2026-10-07T23:12:40.1335964Z test folders::export_folder_examples_use_recorded_queries_limits_and_media_contexts ... ok
2026-10-07T23:12:40.1379877Z test gallery_source::captions_and_installed_parser_functionality_match_real_reference ... ok
2026-10-07T23:12:40.1388906Z test gallery_source::key_wins_over_conflicting_name_and_cycles_are_bounded ... ok
2026-10-07T23:12:40.1479263Z test gallery_source::two_stage_choices_selection_cancellation_and_empty_warning_match_reference ... ok
2026-10-07T23:12:40.3190564Z test frame_locations::settings_keep_unknown_rows_and_merge_unedited_runtime_geometry ... ok
2026-10-07T23:12:40.3227439Z test gui_colours::all_twenty_six_rgb_roles_and_independent_tabs_stage_cancel_apply_and_reopen_like_qt ... ok
2026-10-07T23:12:40.5327372Z test gui_colours::staged_role_changes_merge_with_live_help_switch_and_other_saved_rgb_roles ... ok
2026-10-07T23:12:40.5582643Z test gui_colours::old_imported_store_keeps_retained_legacy_rgb_until_native_values_take_precedence ... ok
2026-10-07T23:12:40.5593046Z test gui_format::recorded_current_local_offsets_and_ancient_boundaries_match_python ... ok
2026-10-07T23:12:40.5668683Z test gui_format::recorded_summaries_previews_expiry_and_scheduling_variants_reach_existing_models ... ok
2026-10-07T23:12:40.7060033Z test gui_format::precision_reaches_existing_import_png_network_and_service_displays ... ok
2026-10-07T23:12:40.7081599Z test hash_predicate::cleanup_and_explicit_values_match_real_qt ... ok
2026-10-07T23:12:40.9143075Z test how_boned::the_basic_client_s_statistics_read_as_the_reference_s ... ok
2026-10-07T23:12:40.9249339Z test database_maintenance::accepted_runs_send_the_reference_s_popups ... ok
2026-10-07T23:12:40.9761498Z test idle_timeout_options::edited_idle_thresholds_merge_without_overwriting_live_unrelated_preferences ... ok
2026-10-07T23:12:40.9786632Z test gui_format::staged_bounds_cancel_save_reopen_and_real_log_columns_match_qt ... ok
2026-10-07T23:12:41.0476692Z test idle_timeout_options::implicit_idle_normalisation_preserves_newer_fields_and_explicit_edits_still_apply ... ok
2026-10-07T23:12:41.0479817Z test idle_timeout_options::saved_timeout_choices_replay_strict_qt_boot_activity_and_ignore_gates ... ok
2026-10-07T23:12:41.0559152Z test image_cache::actual_byte_timeout_and_percentage_controls_match_the_recording ... ok
2026-10-07T23:12:41.0849882Z test idle_timeout_options::noneable_timeout_controls_replay_qt_defaults_floor_bounds_retention_and_reopen ... ok
2026-10-07T23:12:41.0919066Z test image_cache::actual_pending_rgb_rgba_touch_admission_soft_overflow_policy_and_expiry ... ok
2026-10-07T23:12:41.1488811Z test image_cache::untouched_normalized_controls_preserve_concurrent_fields_but_explicit_edits_win ... ok
2026-10-07T23:12:41.2771294Z test image_cache::actual_legacy_native_wins_changed_fields_and_raw_control_values_survive_reopen ... ok
2026-10-07T23:12:41.2796576Z test import_options_editor::caller_defaults_lists_and_fallback_labels_match_real_reference_editors ... ok
2026-10-07T23:12:41.2822629Z test image_colour::qt_icc_checkbox_cancel_saved_reopen_preserves_concurrent_viewer_rules ... ok
2026-10-07T23:12:41.2824071Z test import_options_editor::defaults_editor_uses_parent_stack_and_retains_hidden_custom_kinds ... ok
2026-10-07T23:12:41.2825218Z test import_options_editor::text_fields_read_and_write_lists_and_renames ... ok
2026-10-07T23:12:41.2826438Z test import_options_editor::each_kinds_summary_is_the_references ... ok
2026-10-07T23:12:41.2845346Z test import_options_editor::the_editors_lists_are_the_references ... ok
2026-10-07T23:12:41.2869447Z test import_options_overwrite::favourite_add_rename_and_delete_preserve_reference_names_and_other_defaults ... ok
2026-10-07T23:12:41.2879533Z test import_options_panel::sorted_selection_frozen_clear_and_profile_identity_are_independent ... ok
2026-10-07T23:12:41.2899110Z test import_options_overwrite::shared_overwrite_presets_and_manual_default_match_real_dialog ... ok
2026-10-07T23:12:41.3081563Z test import_options_panel::three_lists_and_staged_actions_replay_the_reference ... ok
2026-10-07T23:12:41.3092805Z test import_work_slots::missing_and_raw_legacy_keys_preserve_independent_defaults ... ok
2026-10-07T23:12:41.3254281Z test idle_timeout_options::raw_imported_seconds_normalise_only_on_unchanged_acceptance_as_qt_does ... ok
2026-10-07T23:12:41.3256189Z test importer_menu::an_importers_own_presentation_is_named_and_not_offered_again ... ok
2026-10-07T23:12:41.3260832Z test importer_menu::presentation_summaries_are_the_references ... ok
2026-10-07T23:12:41.3272078Z test importer_menu::the_list_menus_are_the_references ... ok
2026-10-07T23:12:41.3449404Z test import_work_slots::loaded_out_of_range_controls_normalize_only_on_unchanged_apply ... ok
2026-10-07T23:12:41.4569349Z test import_work_slots::reference_controls_stay_staged_and_saved_limits_survive_reopening ... ok
2026-10-07T23:12:41.5502701Z test ffmpeg_timeout::already_open_import_review_uses_live_store_deadline_for_real_metadata_detection ... ok
2026-10-07T23:12:41.5530855Z test incremental_tagging::actual_qt_initial_clamps_and_long_decimal_previews_preserve_safe_native_inference ... ok
2026-10-07T23:12:41.7515270Z test incremental_tagging::actual_child_defaults_conflicts_reverse_pairs_and_nested_cancellation_replay ... ok
2026-10-07T23:12:41.7531983Z test local_import_dialog::parsing_shows_its_progress_and_can_be_paused_and_stopped ... ok
2026-10-07T23:12:41.7569877Z test local_import_dialog::the_list_is_the_references ... ok
2026-10-07T23:12:41.7740553Z test incremental_tagging::add_then_remove_retains_the_reference_deleted_mapping_in_private_preview ... ok
2026-10-07T23:12:41.8244290Z test incremental_tagging::initial_start_uses_actual_unicode_decimal_sorting_and_ignores_negative_subtags ... ok
2026-10-07T23:12:42.0850572Z test local_transfer::deleted_destination_restores_timestamp_and_stale_source_cannot_move ... ok
2026-10-07T23:12:42.1240527Z test local_transfer::actual_qt_options_defaults_drafts_and_field_scoped_save ... ok
2026-10-07T23:12:42.1257107Z test login_script_controls::script_cog_matches_qt_login_context_and_rejects_replaced_requests ... ok
2026-10-07T23:12:42.1328197Z test login_workflows::cookie_requirements_match_real_qt_pair_edits_cancel_and_duplicate_looking_keys ... ok
2026-10-07T23:12:42.1379164Z test login_workflows::credentials_match_reference_display_order_status_and_confirmation ... ok
2026-10-07T23:12:42.1531681Z test login_workflows::domain_add_change_and_delete_replay_all_recorded_prompt_chains ... ok
2026-10-07T23:12:42.2418664Z test login_workflows::domain_apply_preserves_concurrent_script_edits_and_rejects_domain_conflicts ... ok
2026-10-07T23:12:42.2500286Z test login_workflows::domain_credentials_replay_reference_validity_activation_cancel_and_delay_reset ... ok
2026-10-07T23:12:42.2517153Z test login_workflows::embedded_step_cookie_list_replays_sorted_pair_actions_and_confirmed_bulk_delete ... ok
2026-10-07T23:12:42.2590059Z test login_workflows::example_domains_replay_reference_defaults_duplicate_errors_and_final_cancel_acceptance ... ok
2026-10-07T23:12:42.2613911Z test login_workflows::login_domain_rows_replay_cookie_expiry_and_pretty_delay_reference ... ok
2026-10-07T23:12:42.2699893Z test login_workflows::login_step_content_replays_reference_unique_import_cancel_sort_and_request_cleanup ... ok
2026-10-07T23:12:42.2773399Z test login_workflows::preserved_credentials_load_then_native_save_controls_domain_warnings ... ok
2026-10-07T23:12:42.2811125Z test login_workflows::request_arguments_replay_real_qt_rename_duplicates_blank_values_and_cancel ... ok
2026-10-07T23:12:42.2855702Z test login_workflows::scripts_import_rename_and_delete_keep_reference_name_and_key_rules ... ok
2026-10-07T23:12:42.2886539Z test login_workflows::three_argument_lists_keep_independent_extended_selection_and_bulk_deletion ... ok
2026-10-07T23:12:42.3535939Z test local_transfer::stale_destination_membership_and_reused_service_id_never_retarget_a_question ... ok
2026-10-07T23:12:42.3861050Z test legacy_seed_caches::upgraded_historical_histories_reach_native_counts_restore_and_reopen_intact ... ok
2026-10-07T23:12:42.4489395Z test main_identity::implicit_name_normalisation_and_other_fields_preserve_concurrent_updates ... ok
2026-10-07T23:12:42.6696143Z test main_menu::repositories_add_their_pages_and_pending_menu ... ok
2026-10-07T23:12:42.7562452Z test main_menu::import_and_export_folders_are_offered_to_run_now ... ok
2026-10-07T23:12:42.7594917Z test manage_notes::copies_as_python_writes_json ... ok
2026-10-07T23:12:42.7629847Z test manage_notes::notes_dialog_steps_as_the_reference ... ok
2026-10-07T23:12:42.7678910Z test manage_notes::the_menu_counts_the_focused_files_notes ... ok
2026-10-07T23:12:42.8959957Z test main_identity::constructor_cancel_unchanged_apply_and_reopen_match_raw_qt_names ... ok
2026-10-07T23:12:42.9239045Z test main_menu::the_menu_bar_is_the_reference_s ... ok
2026-10-07T23:12:43.2602048Z test manage_tags_sort::independent_defaults_stage_cancel_apply_reopen_and_merge_only_changed_context ... ok
2026-10-07T23:12:43.3679998Z test manage_tag_counts::deleted_counts_status_rows_and_global_toggle_replay_apply_cancel_and_reopen ... ok
2026-10-07T23:12:43.6469475Z test manage_tags_sort::sibling_sort_uses_raw_tags_when_storage_sibling_information_is_disabled ... ok
2026-10-07T23:12:43.6484195Z test media_view_options::delete_spares_classes_and_add_copies_the_class ... ok
2026-10-07T23:12:43.6510014Z test media_view_options::rows_addable_types_and_editor_choices_are_the_reference_s ... ok
2026-10-07T23:12:43.7320151Z test manage_tags_sort::open_service_tabs_keep_local_sort_after_options_change_and_new_dialog_reads_default ... ok
2026-10-07T23:12:43.7390532Z test menu_choice_wheel::signed_wrap_and_empty_single_choice_signals_match_actual_qt ... ok
2026-10-07T23:12:43.8578287Z test menu_choice_wheel::simple_options_sort_retains_the_recorded_text_and_count_orders ... ok
2026-10-07T23:12:43.8739489Z test menu_choice_wheel::real_media_type_flat_order_unknown_current_and_matching_order_labels_match_qt ... ok
2026-10-07T23:12:44.0211580Z test menu_choice_wheel::staged_setting_saves_only_its_key_and_unchanged_draft_preserves_live_value ... ok
2026-10-07T23:12:44.1153695Z test merge_options_editor::the_editor_edits_merge_options_as_the_reference_does ... ok
2026-10-07T23:12:44.1165345Z test namespace_colours::edit_recolours_each_selected_entry_in_place ... ok
2026-10-07T23:12:44.4974208Z test merge_summaries::merges_are_summarised_as_the_reference ... ok
2026-10-07T23:12:44.5139386Z test namespace_colours::sorted_add_keeps_qt_positional_range_anchor_then_delete_resets_it ... ok
2026-10-07T23:12:44.5149378Z test namespace_sorts::duplicate_ids_and_frozen_edits_survive_selection_changes_cancel_and_removal ... ok
2026-10-07T23:12:44.5199541Z test namespace_sorts::replay_actual_queue_add_edit_escaped_names_views_moves_and_delete_answers ... ok
2026-10-07T23:12:44.5349235Z test namespace_colours::qt_namespace_add_normalization_protected_mixed_delete_and_options_cancel_reopen ... ok
2026-10-07T23:12:44.6343315Z test network_data::fresh_live_usage_wins_until_the_daemon_heartbeat_expires ... ok
2026-10-07T23:12:44.6434967Z test network_data::drafts_preserve_unrelated_edits_and_reject_changed_defaults ... ok
2026-10-07T23:12:44.6465799Z test network_data::replay_qt_bandwidth_rows_rules_and_questions ... ok
2026-10-07T23:12:44.6492297Z test network_job_control::cog_replays_actual_qt_context_submenu_and_phase_actions ... ok
2026-10-07T23:12:44.6497632Z test network_job_control::control_auto_policy_targets_future_requests_and_owner_clears_error_once ... ok
2026-10-07T23:12:44.7555208Z test network_sessions::automatic_header_questions_replay_reference_deduplicate_and_reject_changed_payloads ... ok
2026-10-07T23:12:44.7570104Z test network_data::reference_bandwidth_age_rule_filters_months_and_history_deletion ... ok
2026-10-07T23:12:44.8491222Z test network_sessions::cookie_exchange_replays_reference_fields_questions_and_collisions ... ok
2026-10-07T23:12:44.8618902Z test network_sessions::cleared_session_draft_preserves_a_later_request_cookie ... ok
2026-10-07T23:12:44.8983599Z test manage_tags_sort::both_contexts_replay_all_real_sort_types_orders_siblings_and_groupings ... ok
2026-10-07T23:12:44.9479413Z test network_sessions::header_case_groups_delete_exact_rows_and_reject_concurrent_variant_insertions ... ok
2026-10-07T23:12:44.9588174Z test network_sessions::detached_cookie_drafts_preserve_attributes_merge_and_reject_conflicts_atomically ... ok
2026-10-07T23:12:44.9593674Z test network_sessions::reference_rows_validation_and_confirmation ... ok
2026-10-07T23:12:44.9908961Z test network_sessions::headers_merge_unrelated_writes_and_cancel_and_reject_same_key_changes ... ok
2026-10-07T23:12:45.0483877Z test network_sessions::malformed_cookie_batches_never_partially_change_the_draft_and_browser_routes_silos ... ok
2026-10-07T23:12:45.0529415Z test open_externally::actual_qt_registered_choices_queue_order_and_protected_mime_rows ... ok
2026-10-07T23:12:45.0559442Z test open_externally::configured_empty_specific_and_missing_call_never_fall_through_custom_route ... ok
2026-10-07T23:12:45.1818613Z test open_externally::washing_renames_deduplicates_removes_missing_without_name_remap_and_persists ... ok
2026-10-07T23:12:45.2199562Z test local_transfer::recorded_copy_strict_and_merge_questions_drive_real_memberships ... ok
2026-10-07T23:12:45.2510530Z test normal_time_maintenance::recorded_flags_cancel_apply_reopen_and_live_peer_preservation ... ok
2026-10-07T23:12:45.2759748Z test options_dialog::advanced_network_ranges_and_clamps_match_the_reference ... ok
2026-10-07T23:12:45.2890182Z test options_dialog::application_names_and_exit_switch_apply_as_the_reference_does ... ok
2026-10-07T23:12:45.3196265Z test notes_preferences::actual_cog_copy_variants_and_options_persistence_replay ... ok
2026-10-07T23:12:45.3890012Z test options_dialog::export_default_directory_matches_recorded_blank_literal_and_portable_paths ... ok
2026-10-07T23:12:45.5341781Z test options_dialog::cursor_autohide_control_matches_reference_default_bounds_and_none ... ok
2026-10-07T23:12:45.5369911Z test options_dialog::closing_controls_stage_all_reference_preferences_without_persisting ... ok
2026-10-07T23:12:45.6559934Z test options_dialog::file_search_boolean_controls_replay_reference_defaults_and_staged_edits ... ok
2026-10-07T23:12:45.6589508Z test options_dialog::eye_menu_preferences_follow_all_reference_combinations_without_saving_detached_edits ... ok
2026-10-07T23:12:45.7772382Z test options_dialog::file_search_limit_controls_stage_and_clamp_reference_values ... ok
2026-10-07T23:12:45.7878843Z test options_dialog::hash_prefix_control_matches_reference_default_and_checkbox ... ok
2026-10-07T23:12:45.9112333Z test options_dialog::notebook_navigation_preferences_match_recorded_controls ... ok
2026-10-07T23:12:45.9180923Z test options_dialog::local_location_option_matches_reference_and_keeps_child_changes_staged ... ok
2026-10-07T23:12:46.0009671Z test options_dialog::regex_favourites_child_edits_wait_for_parent_apply ... ok
2026-10-07T23:12:46.0326207Z test options_dialog::remembered_options_pages_and_auxiliary_search_match_the_reference ... ok
2026-10-07T23:12:46.0726649Z test options_dialog::passive_background_controls_match_reference_and_stage_independent_copies ... ok
2026-10-07T23:12:46.0862578Z test options_dialog::read_presentation_controls_match_reference_ranges_and_staged_values ... ok
2026-10-07T23:12:46.1139794Z test options_dialog::reopening_numeric_options_clamps_saved_advanced_values ... ok
2026-10-07T23:12:46.2558243Z test options_dialog::removed_service_choices_clamp_drafts_and_service_names_are_searchable ... ok
2026-10-07T23:12:46.3479617Z test options_dialog::session_backup_count_matches_recorded_control_and_clamps ... ok
2026-10-07T23:12:46.4569694Z test options_dialog::subscription_file_failure_limit_replays_qt_noneable_states_in_parent_transaction ... ok
2026-10-07T23:12:46.4739242Z test options_dialog::system_sleep_controls_match_reference_and_clamp ... ok
2026-10-07T23:12:46.4740527Z test options_dialog::subscription_concurrency_replays_recorded_clamps_and_committed_parent_states ... ok
2026-10-07T23:12:46.5709063Z test options_dialog::tag_service_controls_match_reference_and_remember_interlock ... ok
2026-10-07T23:12:46.5938238Z test options_dialog::the_options_search_offers_what_the_references_does ... ok
2026-10-07T23:12:46.7034160Z test options_dialog::the_options_pages_are_the_references ... ok
2026-10-07T23:12:46.7199161Z test options_dialog::the_thumbnail_rating_sizes_go_up_to_the_thumbnails_width ... ok
2026-10-07T23:12:46.8889570Z test options_dialog::viewer_canvas_controls_match_reference_and_stage_bounded_values ... ok
2026-10-07T23:12:46.8939072Z test options_dialog::viewer_focus_controls_stage_independent_reference_policies ... ok
2026-10-07T23:12:46.9699435Z test options_dialog::viewer_pointer_controls_stage_the_reference_drag_preferences ... ok
2026-10-07T23:12:46.9728767Z test orphan_files::the_popup_says_what_was_cleared ... ok
2026-10-07T23:12:46.9912873Z test options_dialog::viewer_hover_controls_replay_reference_enabled_states ... ok
2026-10-07T23:12:47.1563858Z test or_connector::qt_raw_blank_newline_cancel_reopen_and_live_namespace_changes_remain_isolated ... ok
2026-10-07T23:12:47.1635060Z test options_dialog::zoom_switch_and_animation_loop_controls_match_reference_and_stage_changes ... ok
2026-10-07T23:12:47.1658873Z test page_layout::qt_live_sizes_saved_hidden_positions_and_signed_legacy_bounds ... ok
2026-10-07T23:12:47.1679086Z test page_navigation_options::history_limit_replays_actual_menu_without_discarding_backing_history ... ok
2026-10-07T23:12:47.2227297Z test page_chooser_options::legacy_checkbox_defaults_are_imported_and_top_choices_remain_independent ... ok
2026-10-07T23:12:47.2256214Z test page_tree::cursor_expansion_and_activation_replay_actual_frame_tree ... ok
2026-10-07T23:12:47.2272889Z test page_tree::stable_keys_survive_reorder_rename_and_closed_cursor_without_stale_activation ... ok
2026-10-07T23:12:47.2274284Z test parser_editors::any_namespace_toggle_retains_the_disabled_namespace ... ok
2026-10-07T23:12:47.2335987Z test parser_editors::auto_fill_reference_owner_leaves_candidates_unapplied_and_reviews_api_pairs ... ok
2026-10-07T23:12:47.2489917Z test page_layout::hide_draft_cancel_apply_reopen_preserves_concurrent_saved_sizes_and_exit_switch ... ok
2026-10-07T23:12:47.2494067Z test parser_editors::content_change_keeps_unsupported_formula_and_note_newlines ... ok
2026-10-07T23:12:47.3352810Z test page_chooser_options::all_flag_combinations_replay_real_service_order_layout_and_choices ... ok
2026-10-07T23:12:47.3378211Z test parser_editors::per_class_parser_choices_replay_matching_groups_and_validate_stable_keys ... ok
2026-10-07T23:12:47.3402071Z test parser_editors::recorded_content_kinds_and_runtime_previews ... ok
2026-10-07T23:12:47.3414577Z test parser_editors::native_parser_save_preserves_other_settings_and_rejects_stale_edits ... ok
2026-10-07T23:12:47.3455291Z test parser_editors::recorded_subsidiary_queue_import_and_duplicate_preserve_keys_and_select_new_rows ... ok
2026-10-07T23:12:47.3470907Z test parser_editors::test_context_rejects_invalid_duplicate_and_reserved_variables ... ok
2026-10-07T23:12:47.3488914Z test parser_editors::recorded_recursive_subsidiaries_preserve_context_documents_and_runtime_outputs ... ok
2026-10-07T23:12:47.3509465Z test parser_test_data::fetched_media_detection_tracks_example_selection_and_clears_on_text_changes ... ok
2026-10-07T23:12:47.3529205Z test parser_editors::timestamp_editor_normalises_recorded_source_choice_and_preserves_converted_metadata ... ok
2026-10-07T23:12:47.4030443Z test page_navigation_options::imported_defaults_and_options_limits_replay_reference_spinbox_clamping ... ok
2026-10-07T23:12:47.4239116Z test parser_test_data::typed_png_summary_and_header_keep_the_recorded_object_package ... ok
2026-10-07T23:12:47.4291581Z test popup_freeze::real_qt_hidden_and_minimized_states_do_not_use_focus_and_unknown_is_explicit ... ok
2026-10-07T23:12:47.4911428Z test parser_test_data::recorded_raw_data_previews_match_without_changing_the_parser_document ... ok
2026-10-07T23:12:47.5659325Z test popup_freeze::staged_cancel_save_reopen_and_concurrent_popup_fields_are_preserved ... ok
2026-10-07T23:12:47.5705220Z test popup_width::legacy_raw_integers_and_independent_edited_fields_are_preserved ... ok
2026-10-07T23:12:47.5770869Z test predicate_history::actual_histories_replay_toggles_recency_cross_page_or_and_clear ... ok
2026-10-07T23:12:47.5800954Z test predicate_history::refused_inputs_reordering_and_stale_history_commands_do_not_mutate_recency ... ok
2026-10-07T23:12:47.7019578Z test parser_editors::changed_links_revalidate_current_class_capability_and_rollback_atomically ... ok
2026-10-07T23:12:47.7183174Z test preview_default_zoom::exact_real_preview_geometry_uses_preview_rules_and_keeps_full_viewer_zooms ... ok
2026-10-07T23:12:47.9279362Z test preview_default_zoom::actual_qt_choices_staged_cancel_save_reopen_and_independent_viewer_policy ... ok
2026-10-07T23:12:47.9319074Z test quick_export_directory::actual_file_submenu_enables_and_selects_quick_export_directory ... ok
2026-10-07T23:12:47.9769380Z test popup_width::qt_bounds_staging_cancel_loaded_normalisation_and_durable_reopen ... ok
2026-10-07T23:12:48.0122758Z test physical_delete_delay::real_constructor_cancel_acceptance_reopen_fields_and_concurrent_policy_replacement ... ok
2026-10-07T23:12:48.0162594Z test preview_default_zoom::retained_legacy_fallback_and_native_wins_survive_store_reopen ... ok
2026-10-07T23:12:48.2489563Z test ratings_editor::the_manage_ratings_dialog_works_as_the_references_does ... ok
2026-10-07T23:12:48.2549279Z test ratings_editor::a_middle_click_count_sets_an_inc_dec_control_and_nothing_else ... ok
2026-10-07T23:12:48.2881706Z test radio_return::cancelled_staging_changed_save_and_unchanged_concurrent_apply_match_actual_options ... ok
2026-10-07T23:12:48.4743950Z test recent_predicates::each_editor_shows_its_pages_recent_predicates ... ok
2026-10-07T23:12:48.4933027Z test recent_predicates::predicates_have_the_reference_s_type_numbers ... ok
2026-10-07T23:12:48.4963068Z test regex_favourites::favourite_rows_and_input_boundaries_match_real_qt ... ok
2026-10-07T23:12:48.4964514Z test regex_favourites::legacy_favourites_load_until_native_values_including_empty_are_saved ... ok
2026-10-07T23:12:48.4975963Z test regex_favourites::matcher_favourite_menu_matches_actual_qt_actions_and_copy_payloads ... ok
2026-10-07T23:12:48.4977393Z test regex_favourites::readonly_row_input_menu_uses_saved_pairs_without_recursive_management ... ok
2026-10-07T23:12:48.4995345Z test regex_favourites::regex_clipboard_components_match_real_qt ... ok
2026-10-07T23:12:48.5543805Z test recent_predicates::recent_predicates_are_kept_as_the_reference_keeps_them ... ok
2026-10-07T23:12:48.5586570Z test related_weights::folded_header_sorts_add_selection_and_independent_tables_match_actual_qt ... ok
2026-10-07T23:12:48.5588654Z test related_weights::namespace_questions_and_detached_tables_match_actual_qt ... ok
2026-10-07T23:12:48.6885237Z test rating_sizes::four_sizes_replay_qt_ranges_fractional_values_cancel_and_reopen ... ok
2026-10-07T23:12:48.7139253Z test recent_predicates::the_reference_s_recent_predicates_come_across ... ok
2026-10-07T23:12:48.7179073Z test related_weights::search_and_result_weights_change_actual_qt_cosine_ranking_separately ... ok
2026-10-07T23:12:48.7224409Z test search_log::exchange_questions_replay_actual_reference_answers_and_complete_objects ... ok
2026-10-07T23:12:48.7226409Z test search_log::the_search_log_is_the_references ... ok
2026-10-07T23:12:48.7390452Z test search_or::advanced_boolean_preview_replays_all_operators_escapes_and_real_validation ... ok
2026-10-07T23:12:48.7406533Z test search_or::staged_or_replays_actual_read_broadcasts_rewind_cancel_and_single_unwrap ... ok
2026-10-07T23:12:48.8161001Z test related_weights::binary64_result_rounding_and_sibling_contexts_replay_the_actual_db ... ok
2026-10-07T23:12:48.8239508Z test related_weights::options_acceptance_merges_only_weights_and_preserves_live_unrelated_preferences ... ok
2026-10-07T23:12:48.8272817Z test selection::selecting_thumbnails_is_the_reference_s ... ok
2026-10-07T23:12:48.9376872Z test services_editor::cancel_name_collision_and_apply_publish_snapshot ... ok
2026-10-07T23:12:49.0615132Z test services_editor::deletion_reconciles_deleted_union_and_display_counts ... ok
2026-10-07T23:12:49.1010444Z test related_weights::real_service_mappings_replay_recorded_ranks_and_never_cross_service ... ok
2026-10-07T23:12:49.1050302Z test services_editor::numerical_example_one_star_retains_live_conversion_but_saves_normalized_scale ... ok
2026-10-07T23:12:49.1052165Z test services_editor::numerical_settings_normalize_as_reference ... ok
2026-10-07T23:12:49.1053379Z test services_editor::rating_example_whole_widget_pointer_routes_replay_qt ... ok
2026-10-07T23:12:49.1318600Z test selected_deletion_records::captured_clearable_records_match_actual_reference_changes_during_question ... ok
2026-10-07T23:12:49.1597661Z test services_editor::nonempty_domain_race_rejects_and_rolls_back_all_edits ... ok
2026-10-07T23:12:49.1626228Z test selected_deletion_records::real_writer_later_batch_error_preserves_first_commit_and_remaining_records ... ok
2026-10-07T23:12:49.1633042Z test services_review::deleted_record_double_confirmation_matches_reference ... ok
2026-10-07T23:12:49.2568888Z test services_editor::writer_rechecks_last_domain_and_rating_limits ... ok
2026-10-07T23:12:49.3257823Z test services_editor::rating_examples_replay_qt_samples_live_configuration_and_no_saved_values ... ok
2026-10-07T23:12:49.3276055Z test session_lifecycle::autosave_replays_idle_retries_period_changes_and_stopping_for_other_startup ... ok
2026-10-07T23:12:49.3303676Z test session_lifecycle::idle_requires_boot_user_mouse_and_api_timeouts_and_enabled_normal_work ... ok
2026-10-07T23:12:49.3306257Z test session_lifecycle::real_auxiliary_dialog_mouse_and_api_actions_update_independent_idle_timers ... ok
2026-10-07T23:12:49.3307855Z test session_lifecycle::recovery_question_matches_real_startup_dialog_labels_message_and_auto_yes_time ... ok
2026-10-07T23:12:49.3309699Z test session_lifecycle::size_warning_replays_real_threshold_seed_weight_disabled_and_one_boot_latch ... ok
2026-10-07T23:12:49.3310891Z test session_saving::backup_menu_labels_match_the_reference ... ok
2026-10-07T23:12:49.3311870Z test session_saving::clear_and_load_asks_as_the_references_does ... ok
2026-10-07T23:12:49.3312885Z test session_saving::saving_sessions_asks_and_saves_as_the_reference ... ok
2026-10-07T23:12:49.3318551Z test session_weight::the_report_weighs_files_as_one_and_urls_as_twenty ... ok
2026-10-07T23:12:49.3319712Z test set_password::scripted_answers_ask_and_save_as_the_reference ... ok
2026-10-07T23:12:49.3403833Z test shortcut_capture::actual_qt_keyboard_and_mouse_controls_replay_exact_values_text_and_modes ... ok
2026-10-07T23:12:49.3419078Z test shortcut_capture::saved_keypad_policy_preserves_digits_and_resolves_non_number_alternates ... ok
2026-10-07T23:12:49.3769539Z test services_editor::reference_rows_guards_and_defaults ... ok
2026-10-07T23:12:49.4039449Z test services_review::local_bulk_actions_match_recorded_confirmations_and_reject_wrong_service ... ok
2026-10-07T23:12:49.4058689Z test shortcut_content::the_editor_builds_and_reads_back_commands ... ok
2026-10-07T23:12:49.4142652Z test shortcut_sets::a_new_client_has_the_reference_s_default_sets ... ok
2026-10-07T23:12:49.4168778Z test shortcut_sets::custom_sets_are_named_apart_deleted_and_defaults_restored ... ok
2026-10-07T23:12:49.4178903Z test shortcut_sets::names_order_and_descriptions_are_the_reference_s ... ok
2026-10-07T23:12:49.4179981Z test shutdown_work::shutdown_work_runs_asks_or_skips_as_the_reference_decides ... ok
2026-10-07T23:12:49.4807772Z test services_review::review_matches_reference_statistics ... ok
2026-10-07T23:12:49.5522215Z test shutdown_work::the_work_analyzes_the_due_tables_and_registers_itself ... ok
2026-10-07T23:12:49.5909346Z test shortcut_content::ratings_set_flip_and_step ... ok
2026-10-07T23:12:49.6324671Z test shortcut_content::a_tag_is_added_then_flipped_off ... ok
2026-10-07T23:12:49.7064534Z test sidecar_descriptions::routers_are_described_as_the_reference_describes_them ... ok
2026-10-07T23:12:49.7119463Z test sibling_colours::qt_collapsed_parent_suffix_keeps_its_own_fade_and_ideal_trailing_colour ... ok
2026-10-07T23:12:49.7153457Z test sidecar_editors::recorded_router_queue_restrictions_veto_wrong_direction_and_sources ... ok
2026-10-07T23:12:49.7759432Z test sidecar_editors::json_object_name_queue_replays_literal_reference_rows_and_exporter_values ... ok
2026-10-07T23:12:49.8359912Z test sidecar_editors::recorded_router_tables_and_child_strings_use_real_sidecars_and_read_only_media ... ok
2026-10-07T23:12:49.9839397Z test sibling_connector::connector_options_replay_stage_cancel_apply_and_live_consumers ... ok
2026-10-07T23:12:50.0089941Z test sidecar_editors::the_sidecar_editors_show_and_edit_as_the_reference_does ... ok
2026-10-07T23:12:50.0229225Z test sidecar_previews::each_files_sidecars_are_shown_as_the_reference_shows_them ... ok
2026-10-07T23:12:50.0319128Z test string_converter_editor::date_controls_and_live_preview_follow_real_qt_accept_cancel_and_reorder ... ok
2026-10-07T23:12:50.0320502Z test string_converter_editor::last_conversion_loads_reference_options_then_native_override ... ok
2026-10-07T23:12:50.0491206Z test string_converter_editor::the_string_converter_editor_works_as_the_references_does ... ok
2026-10-07T23:12:50.0555582Z test string_match_editor::the_string_match_editor_works_as_the_references_does ... ok
2026-10-07T23:12:50.0559146Z test string_processor_editor::processor_exchange_appends_reference_steps_and_rejects_invalid_data_atomically ... ok
2026-10-07T23:12:50.0714063Z test string_processor_editor::the_string_processor_editor_works_as_the_references_does ... ok
2026-10-07T23:12:50.0750146Z test string_tag_filter_tests::a_tag_filter_step_tests_its_example_as_the_references_does ... ok
2026-10-07T23:12:50.1580977Z test subscription_exchange::draft_log_changes_export_exact_reference_counts_examples_and_complete_histories ... ok
2026-10-07T23:12:50.1624638Z test subscription_exchange::missing_history_question_matches_actual_qt_message_title_and_decisions ... ok
2026-10-07T23:12:50.2133085Z test sort_cog::actual_sidebar_availability_and_independent_collect_service_checks ... ok
2026-10-07T23:12:50.2199171Z test subscription_exchange::unsupported_seed_runtime_data_leaves_the_entire_owner_draft_unchanged ... ok
2026-10-07T23:12:50.2245911Z test subscription_import_options::subscription_paste_modes_and_clear_match_recorded_reference_outputs ... ok
2026-10-07T23:12:50.2469479Z test subscription_exchange::staged_full_subscription_import_resolves_names_and_persists_both_histories ... ok
2026-10-07T23:12:50.2501211Z test subscriptions_buttons::batch_merge_reserves_names_after_absorption_and_keeps_successor_edits ... ok
2026-10-07T23:12:50.2557361Z test sort_cog::menus_replay_service_order_separators_views_checks_and_full_context_preservation ... ok
2026-10-07T23:12:50.2610612Z test subscriptions_dedupe::deduplicate_asks_and_dedupes_as_the_reference ... ok
2026-10-07T23:12:50.2754538Z test subscriptions_list::the_dialogs_buttons_act_as_the_references ... ok
2026-10-07T23:12:50.2811231Z test subscriptions_list::the_list_sorts_by_the_column_chosen ... ok
2026-10-07T23:12:50.2842948Z test subscriptions_list::the_lists_rows_are_the_references ... ok
2026-10-07T23:12:50.2909421Z test system_or_activation::actual_system_activation_replays_shift_cancel_drafts_and_outer_acceptance ... ok
2026-10-07T23:12:50.2926442Z test tab_context::dynamic_close_select_move_and_sort_menus_match_real_reference ... ok
2026-10-07T23:12:50.2929014Z test tab_context::menus_expose_six_sorts_and_only_possible_moves ... ok
2026-10-07T23:12:50.2930381Z test tab_context::notebook_session_submenus_match_actual_tab_popup_reserved_name_rules ... ok
2026-10-07T23:12:50.2931888Z test subscriptions_buttons::the_other_buttons_act_as_the_references ... ok
2026-10-07T23:12:50.2933082Z test tab_drag::drag_threshold_disabled_and_cancel_are_owned_and_deterministic ... ok
2026-10-07T23:12:50.2934137Z test tab_context::sorts_and_moves_match_the_reference ... ok
2026-10-07T23:12:50.2969145Z test tab_drag::real_drop_order_and_independent_shift_decisions_preserve_the_source_object ... ok
2026-10-07T23:12:50.4077634Z test sibling_colours::qt_sibling_colours_stage_cancel_apply_reopen_and_all_live_model_runs ... ok
2026-10-07T23:12:50.4094652Z test tab_presentation::middle_names_replay_actual_qt_paint_without_changing_stored_names ... ok
2026-10-07T23:12:50.4289647Z test tag_banner::detached_banner_drafts_match_actual_qt_queue_and_live_preview ... ok
2026-10-07T23:12:50.4682341Z test subscription_quality::durable_logs_and_current_file_states_match_reference_quality_outputs ... ok
2026-10-07T23:12:50.4711156Z test tag_banner::unicode_decimal_chunk_order_and_live_preview_match_actual_qt ... ok
2026-10-07T23:12:50.5201720Z test tag_banner::option_banner_children_stage_by_original_target_and_save_only_with_parent ... ok
2026-10-07T23:12:50.5435025Z test tab_drag::independent_drag_preferences_replay_exact_qt_options_cancel_save_and_reopen ... ok
2026-10-07T23:12:50.7783739Z test tag_dialog_defaults::tag_service_defaults_and_immediate_memory_replay_reference_dialogs ... ok
2026-10-07T23:12:50.8023109Z test tag_dialog_preferences::options_defaults_stage_cancel_apply_and_preserve_autocomplete_preferences ... ok
2026-10-07T23:12:50.9393631Z test tag_display::deleting_the_last_applied_source_preserves_disabled_self_rules ... ok
2026-10-07T23:12:51.0186309Z test tag_display::staged_interlocks_match_reference ... ok
2026-10-07T23:12:51.0203496Z test tag_display::widget_options_gate_gui_queries_only ... ok
2026-10-07T23:12:51.1619864Z test tag_display::queues_disable_reorder_reopen_counts_daemon_and_clear_filter ... ok
2026-10-07T23:12:51.1678175Z test tag_filter_editor::the_editor_shows_and_edits_a_filter_as_the_reference_does ... ok
2026-10-07T23:12:51.2546671Z test tag_filter_favourites::concurrent_favourite_saves_merge_and_invalid_exchange_cannot_change_settings ... ok
2026-10-07T23:12:51.2573416Z test tag_filter_favourites::reference_bulk_paste_and_extra_blacklist_panels_keep_rule_and_test_semantics ... ok
2026-10-07T23:12:51.3179757Z test tag_dialog_preferences::storage_rows_and_service_topologies_replay_all_reference_combinations ... ok
2026-10-07T23:12:51.3320880Z test tag_display::write_autocomplete_uses_override_or_launcher_domain_and_rejects_tag_locations ... ok
2026-10-07T23:12:51.3529589Z test tag_filter_favourites::reference_favourite_workflow_preserves_cancelled_drafts_and_saves_immediately ... ok
2026-10-07T23:12:51.3541424Z test tag_migration::migration_popup_speed_and_phase_text_replay_actual_qt_outputs ... ok
2026-10-07T23:12:51.4043918Z test tag_migration::archive_inspection_choices_cancellation_and_count_summaries_match_qt ... ok
2026-10-07T23:12:51.4276277Z test tab_presentation::legacy_defaults_and_staged_controls_replay_actual_options_then_reopen ... ok
2026-10-07T23:12:51.4899553Z test tag_migration::reference_choices_and_second_confirmation ... ok
2026-10-07T23:12:51.5434264Z test tag_migration::pair_summary_replays_equal_asymmetric_and_equal_text_distinct_filters ... ok
2026-10-07T23:12:51.6327714Z test tag_namespace_order::namespace_changes_merge_with_concurrent_presentation_edits_and_unchanged_list ... ok
2026-10-07T23:12:51.6370024Z test tag_namespace_order::raw_allow_blank_queue_actions_and_all_tag_sorts_match_qt ... ok
2026-10-07T23:12:51.7259488Z test tag_relationships::apply_republishes_graphs_and_counts_atomically_and_rolls_back_errors ... ok
2026-10-07T23:12:51.7493199Z test tag_migration::reference_database_pending_outcomes ... ok
2026-10-07T23:12:51.8009003Z test tag_relationships::changes_refresh_other_services_applying_the_source ... ok
2026-10-07T23:12:51.8048491Z test tag_list_display_types::exact_choices_stage_cancel_apply_reopen_and_preserve_old_payload_defaults ... ok
2026-10-07T23:12:51.8336509Z test tag_relationships::invalid_batch_graphs_are_reported_and_leave_valid_relationships_untouched ... ok
2026-10-07T23:12:51.8997435Z test tag_relationships::per_service_inputs_cancel_import_and_selection ... ok
2026-10-07T23:12:51.9005120Z test tag_suggestions::broadcast_keeps_selected_tag_identity_but_switching_services_retires_selection ... ok
2026-10-07T23:12:51.9367624Z test tag_relationships::repository_changes_keep_reasons_and_rescinds_across_reopen ... ok
2026-10-07T23:12:51.9829621Z test tag_migration::reference_database_pair_filters_and_destinations ... ok
2026-10-07T23:12:52.0591491Z test tag_sync_review::a_service_counts_its_rules ... ok
2026-10-07T23:12:52.0598713Z test tag_sync_review::the_status_follows_the_sync_switches ... ok
2026-10-07T23:12:52.1554433Z test tag_relationships::reference_rows_questions_conflicts_and_loops ... ok
2026-10-07T23:12:52.1569081Z test thumbnail_cache::byte_amount_unit_decomposition_matches_real_qt_controls ... ok
2026-10-07T23:12:52.1574950Z test thumbnail_cache::byte_lru_soft_overflow_timeout_touch_policy_and_clear_match_actual_reference ... ok
2026-10-07T23:12:52.2594628Z test tag_suggestions::most_used_options_merge_per_service_and_reach_filtered_add_only_media ... ok
2026-10-07T23:12:52.3651907Z test thumbnail_cache::independent_options_edits_merge_with_a_newer_saved_timeout ... ok
2026-10-07T23:12:52.3654567Z test thumbnail_maintenance::jobs_are_in_the_reference_s_order_with_its_words ... ok
2026-10-07T23:12:52.3655905Z test thumbnail_maintenance::questions_follow_the_selection_size ... ok
2026-10-07T23:12:52.3675160Z test thumbnail_navigation::exact_visibility_boundaries_and_rate_ties_negative_zero_and_errors_match_qt ... ok
2026-10-07T23:12:52.3699038Z test thumbnail_navigation::optional_last_hit_origin_preserves_actual_ranges_focus_and_repeated_navigation ... ok
2026-10-07T23:12:52.4669806Z test tag_suggestions::layout_and_default_choices_replay_all_recorded_available_pages_without_eager_writes ... ok
2026-10-07T23:12:52.4723277Z test thumbnail_cache::raw_timeout_is_preserved_until_its_minute_fields_are_edited ... ok
2026-10-07T23:12:52.4894663Z test thumbnail_preview_selection::all_qt_modifier_ranges_focus_anchor_ghost_and_keyboard_publications ... ok
2026-10-07T23:12:52.5019611Z test thumbnail_preview_selection::exact_singleton_zero_and_collection_aggregate_duration_eligibility ... ok
2026-10-07T23:12:52.5038914Z test thumbnail_ratings::a_counter_is_as_wide_as_the_reference_s ... ok
2026-10-07T23:12:52.5059044Z test thumbnail_ratings::a_fraction_is_written_as_the_reference_writes_it ... ok
2026-10-07T23:12:52.5194800Z test thumbnail_appearance::actual_defaults_cancel_raw_paths_reopen_and_current_field_merge ... ok
2026-10-07T23:12:52.7842787Z test thumbnail_ratings::ratings_of_a_kind_share_a_row ... ok
2026-10-07T23:12:52.7990715Z test thumbnail_ratings::numerical_ratings_shapes_are_placed_as_the_reference_s_are ... ok
2026-10-07T23:12:52.8007180Z test times_editor::a_file_modified_time_before_1980_stays_off_a_windows_disk ... ok
2026-10-07T23:12:52.8060428Z test times_editor::the_manage_times_dialog_works_as_the_references_does ... ok
2026-10-07T23:12:53.1113023Z test thumbnail_navigation::staged_exact_controls_import_cancel_invalid_rate_save_and_reopen_match_qt ... ok
2026-10-07T23:12:53.1131432Z test urls_editor::the_manage_urls_dialog_works_as_the_references_does ... ok
2026-10-07T23:12:53.1132960Z test vacuum_review::a_row_says_size_free_space_and_readiness ... ok
2026-10-07T23:12:53.1134421Z test vacuum_review::estimates_read_as_the_reference_s ... ok
2026-10-07T23:12:53.1145579Z test unselected_tag_cap::recorded_bounds_none_zero_cancel_and_saved_preferences ... ok
2026-10-07T23:12:53.1147253Z test viewer_closing::closing_actions_match_real_reference_notification_order ... ok
2026-10-07T23:12:53.1163892Z test viewer_cursor::actual_cursor_checks_match_reference_clock_focus_menu_and_motion ... ok
2026-10-07T23:12:53.1176604Z test viewer_drag::anchored_and_touch_overridden_drags_replay_actual_qt_threshold_and_warps ... ok
2026-10-07T23:12:53.1258433Z test viewer_prefetch::actual_atomic_finished_only_flush_preserves_all_entries_on_failure ... ok
2026-10-07T23:12:53.1358615Z test viewer_prefetch::actual_pending_loaded_recounts_equality_unknown_and_one_miss_passes ... ok
2026-10-07T23:12:53.1419504Z test viewer_prefetch::all_actual_circular_next_first_neighbour_orders_and_controls ... ok
2026-10-07T23:12:53.2148450Z test viewer_drag::anchor_options_remain_drafts_until_apply_and_survive_reopen ... ok
2026-10-07T23:12:53.2168919Z test viewer_shortcut_menu::custom_sets_flip_on_and_off_in_order ... ok
2026-10-07T23:12:53.2584789Z test viewer_prefetch::legacy_native_wins_and_normalized_passive_apply_preserves_concurrent_fields ... ok
2026-10-07T23:12:53.2604667Z test viewer_tag_wheel::parent_wheel_gates_replay_actual_qt_boundaries_and_directions ... ok
2026-10-07T23:12:53.3249479Z test viewer_tag_wheel::four_policy_choices_stage_cancel_save_and_reopen_with_reference_labels ... ok
2026-10-07T23:12:53.3509007Z test viewing_maintenance::cull_reads_current_rules_and_a_preview_validation_failure_preserves_media_rows ... ok
2026-10-07T23:12:53.3591760Z test viewing_statistics::completed_view_policy_matches_real_manager_caps_minima_durations_and_filter_switches ... ok
2026-10-07T23:12:53.4749623Z test thumbnail_ratings::the_ratings_over_thumbnails_are_the_references ... ok
2026-10-07T23:12:53.4774260Z test viewing_statistics::preview_timed_policy_matches_actual_manager_and_keeps_its_own_canvas_category ... ok
2026-10-07T23:12:53.5090139Z test viewing_statistics::preview_options_replay_actual_none_bounds_conversion_and_cancelled_parent ... ok
2026-10-07T23:12:53.5419858Z test viewing_maintenance::reference_clear_cull_questions_rules_errors_and_real_reopened_media_match ... ok
2026-10-07T23:12:53.5469086Z test thumbnail_preview_selection::actual_defaults_disabled_values_cancel_reopen_and_edited_field_merge ... ok
2026-10-07T23:12:53.6217452Z test viewing_statistics::viewing_menu_controls_match_qt_and_preserve_the_parent_draft ... ok
2026-10-07T23:12:53.6248870Z test window_rescue::actual_visibility_corner_order_fuzzy_tests_and_fallback_match_qt ... ok
2026-10-07T23:12:53.6441812Z test viewing_statistics::timing_controls_replay_qt_bounds_none_and_millisecond_conversion ... ok
2026-10-07T23:12:53.7239338Z test viewing_statistics::tracker_counts_once_on_change_or_close_reads_live_policy_and_preserves_latest_start ... ok
2026-10-07T23:12:53.8099503Z test viewtime_milliseconds::editor_and_imported_predicates_match_reference_millisecond_queries ... ok
2026-10-07T23:12:53.8859581Z test write_autocomplete::children_limit_option_matches_reference_and_persists_only_accepted_drafts ... ok
2026-10-07T23:12:54.0010938Z test write_autocomplete::clipboard_additions_keep_existing_text_and_result_selection ... ok
2026-10-07T23:12:54.0582513Z test write_autocomplete::detached_import_tag_lists_replay_reference_and_never_mutate_caller ... ok
2026-10-07T23:12:54.0621912Z test window_rescue::staged_bounds_import_cancel_persistence_and_reopen_match_actual_qt ... ok
2026-10-07T23:12:54.1409541Z test write_autocomplete::exact_rows_counts_domains_decorations_and_first_selection_match_reference ... ok
2026-10-07T23:12:54.2371775Z test write_autocomplete::favourite_and_count_ordered_children_tabs_replay_reference_caps_and_context ... ok
2026-10-07T23:12:54.3429397Z test write_autocomplete::paste_questions_skip_and_add_only_staging_follow_reference ... ok
2026-10-07T23:12:54.3614244Z test write_autocomplete::favourite_options_replay_add_only_choices_and_parent_transaction ... ok
2026-10-07T23:12:54.4059731Z test write_autocomplete::read_favourite_and_children_tabs_replay_real_qt_lists_and_context_changes ... ok
2026-10-07T23:12:54.5122352Z test write_autocomplete::recorded_logical_selection_ranges_parent_hits_and_batch_activation ... ok
2026-10-07T23:12:54.5942296Z test write_autocomplete::relationship_inputs_replay_real_add_only_paste_and_opposite_side_removal ... ok
2026-10-07T23:12:54.6111566Z test write_autocomplete::seeded_relationship_editors_replay_service_defaults_memory_and_cancel ... ok
2026-10-07T23:12:54.6513185Z test write_autocomplete::six_write_options_replay_recorded_defaults_and_stay_staged_until_apply ... ok
2026-10-07T23:12:54.7390329Z test write_autocomplete::tag_menu_copy_decorations_favourites_and_launch_replay_real_qt_actions ... ok
2026-10-07T23:12:54.7648532Z test write_autocomplete::write_domain_menus_and_interlocks_replay_reference_without_persisting_options ... ok
2026-10-07T23:12:54.7649306Z 
2026-10-07T23:12:54.7649757Z test result: ok. 525 passed; 0 failed; 0 ignored; 0 measured; 0 filtered out; finished in 20.12s
2026-10-07T23:12:54.7650406Z 
2026-10-07T23:12:54.7687585Z [1m[92m     Running[0m unittests src/lib.rs (target/debug/deps/hydrus_net-f9a86f8ab507ac73)
2026-10-07T23:12:54.7706469Z 
2026-10-07T23:12:54.7706615Z running 14 tests
2026-10-07T23:12:54.7712004Z test cookies::tests::sends_matching_cookies_longest_path_first ... ok
2026-10-07T23:12:54.7713109Z test engine::reload_tests::automatic_control_override_has_strict_five_second_boundary_and_sticks ... ok
2026-10-07T23:12:54.7714121Z test cookies::tests::reads_set_cookie_like_cookiejar ... ok
2026-10-07T23:12:54.7935939Z test engine::reload_tests::connection_retry_skip_is_consumed_once_and_unrelated_wakes_do_not_skip ... ok
2026-10-07T23:12:54.7937184Z test engine::reload_tests::independent_auto_override_owners_do_not_disable_each_other ... ok
2026-10-07T23:12:54.7938771Z test engine::reload_tests::job_speed_samples_the_current_second_and_expires_at_rollover ... ok
2026-10-07T23:12:54.8755469Z test engine::reload_tests::options_unchanged_keep_their_slots ... ok
2026-10-07T23:12:54.8774773Z test engine::reload_tests::changed_options_are_picked_up ... ok
2026-10-07T23:12:54.8856669Z test engine::reload_tests::formatting_refresh_wakes_a_pending_gallery_label_and_preserves_its_token_and_job ... ok
2026-10-07T23:12:54.8965992Z test engine::reload_tests::formatting_refresh_keeps_a_bandwidth_wait_and_its_usage_and_cancel_reason ... ok
2026-10-07T23:12:54.8967447Z test text::tests::decodes_by_header_then_utf8_then_meta_then_guess ... ok
2026-10-07T23:12:54.9442956Z test engine::reload_tests::sleep_detection_obeys_threshold_delay_and_disabled_pending_wait ... ok
2026-10-07T23:12:54.9681531Z test engine::reload_tests::runtime_domain_scrub_wakes_a_registered_domain_gate_and_preserves_unrelated_errors ... ok
2026-10-07T23:12:54.9919785Z test engine::reload_tests::saved_formatting_replays_actual_backend_waits_and_reopens_without_changing_rules ... ok
2026-10-07T23:12:54.9920498Z 
2026-10-07T23:12:54.9920866Z test result: ok. 14 passed; 0 failed; 0 ignored; 0 measured; 0 filtered out; finished in 0.22s
2026-10-07T23:12:54.9921383Z 
2026-10-07T23:12:54.9936026Z [1m[92m     Running[0m tests/engine.rs (target/debug/deps/engine-5919fe9044c0ba45)
2026-10-07T23:12:54.9957000Z 
2026-10-07T23:12:54.9957424Z running 25 tests
2026-10-07T23:12:55.3251628Z test a_job_ends_as_the_references_do_and_has_a_speed ... ok
2026-10-07T23:12:56.1268493Z test a_domain_with_several_serious_errors_waits ... ok
2026-10-07T23:12:56.2641199Z test cancels ... ok
2026-10-07T23:12:56.3458944Z test deleting_history_discards_stale_flushes_resets_live_limits_and_wakes_waiters ... ok
2026-10-07T23:12:56.4894771Z test disabling_sleep_detection_reloads_and_releases_pending_requests ... ok
2026-10-07T23:12:56.5341457Z test gives_up_on_redirect_loops_and_dead_servers ... ok
2026-10-07T23:12:57.3766441Z test boot_pause_blocks_real_requests_and_resume_does_not_reset_the_preference ... ok
2026-10-07T23:12:57.4139978Z test keeps_cookies_through_redirects ... ok
2026-10-07T23:12:59.0198567Z test independent_engines_add_new_usage_without_replacing_each_other_or_double_counting ... ok
2026-10-07T23:12:59.0628394Z test requests_go_through_the_clients_proxy ... ok
2026-10-07T23:12:59.4518685Z test nothing_goes_out_while_all_new_network_traffic_is_paused ... ok
2026-10-07T23:12:59.4875006Z test resumes_files_with_ranged_requests ... ok
2026-10-07T23:12:59.5399625Z test runtime_cog_connection_override_releases_only_the_current_retry ... ok
2026-10-07T23:12:59.6150925Z test runtime_cog_gallery_override_does_not_release_other_gallery_waiters ... ok
2026-10-07T23:12:59.6674657Z test runtime_cog_server_retry_domain_scrub_and_retained_error ... ok
2026-10-07T23:12:59.7209592Z test runtime_live_transfer_progress_and_usage_precede_the_durable_save ... ok
2026-10-07T23:12:59.8026266Z test runtime_override_releases_a_live_bandwidth_wait_and_counts_usage ... ok
2026-10-07T23:12:59.9013906Z test runtime_registry_cancellation_ipc_and_dropped_fetch ... ok
2026-10-07T23:12:59.9502190Z test saved_byte_precision_reaches_both_real_overlength_errors_after_reload ... ok
2026-10-07T23:12:59.9892456Z test sends_the_clients_headers ... ok
2026-10-07T23:13:00.0281998Z test statuses_become_errors_or_retries ... ok
2026-10-07T23:13:00.0667521Z test url_class_overrides_and_no_range_for_posts ... ok
2026-10-07T23:13:00.1029771Z test requests_wait_a_little_after_the_computer_wakes ... ok
2026-10-07T23:13:00.1212774Z test a_header_awaiting_approval_holds_its_requests ... ok
2026-10-07T23:13:02.0579602Z test bandwidth_rules_space_out_requests_and_count_their_data ... ok
2026-10-07T23:13:02.0580134Z 
2026-10-07T23:13:02.0580481Z test result: ok. 25 passed; 0 failed; 0 ignored; 0 measured; 0 filtered out; finished in 7.06s
2026-10-07T23:13:02.0580957Z 
2026-10-07T23:13:02.0601801Z [1m[92m     Running[0m tests/login.rs (target/debug/deps/login-d97655e61474ced9)
2026-10-07T23:13:02.0622787Z 
2026-10-07T23:13:02.0622956Z running 14 tests
2026-10-07T23:13:02.1962522Z test cancellation_stops_an_active_request_and_keeps_partial_results ... ok
2026-10-07T23:13:02.2034689Z test abandoned_unpolled_login_worker_releases_metadata_and_the_shared_admission_gate ... ok
2026-10-07T23:13:02.2614992Z test confirmed_login_reset_reaches_an_existing_http_engine_and_keeps_other_sessions ... ok
2026-10-07T23:13:02.2971060Z test completed_step_is_delivered_before_later_http_and_survives_wait_cancellation ... ok
2026-10-07T23:13:02.2999207Z test final_outcomes_guard_script_identity_and_preserve_domain_preferences ... ok
2026-10-07T23:13:02.5969545Z test demand_eligibility_replays_actual_reference_domains_cookies_errors_and_key_fallback ... ok
2026-10-07T23:13:02.7042277Z test global_process_cancel_uses_its_owner_id_and_persists_reference_delay_without_a_second_step ... ok
2026-10-07T23:13:02.7442044Z test invalid_demand_waits_for_ordinary_jobs_and_cancels_subscription_with_recorded_note ... ok
2026-10-07T23:13:02.9986859Z test real_http_steps_replay_reference_tokens_cookie_checks_veto_401_and_cancel ... ok
2026-10-07T23:13:02.9988712Z test request_plan_replaces_www_and_orders_static_credentials_then_temporary_values ... ok
2026-10-07T23:13:03.0359102Z test shared_login_session_state_replays_required_cookie_expiry_and_reset ... ok
2026-10-07T23:13:04.2083856Z test automatic_demand_replays_reference_http_and_reuses_one_connection_slot ... ok
2026-10-07T23:13:04.2697795Z test cancelled_trigger_keeps_reference_global_login_alive_for_another_engine ... ok
2026-10-07T23:13:06.4139312Z test forced_manual_login_serializes_demand_across_independently_opened_engines ... ok
2026-10-07T23:13:06.4139996Z 
2026-10-07T23:13:06.4140461Z test result: ok. 14 passed; 0 failed; 0 ignored; 0 measured; 0 filtered out; finished in 4.35s
2026-10-07T23:13:06.4141077Z 
2026-10-07T23:13:06.4153322Z [1m[92m     Running[0m unittests src/lib.rs (target/debug/deps/hydrus_search-2cc7af08605d6765)
2026-10-07T23:13:06.4173987Z 
2026-10-07T23:13:06.4174181Z running 57 tests
2026-10-07T23:13:06.4179440Z test entry::tests::counters_are_known_by_key_and_by_name_in_any_case ... ok
2026-10-07T23:13:06.4196946Z test entry::tests::ratings_by_key_sort_by_their_service_s_name ... ok
2026-10-07T23:13:06.4197715Z test exec::numbers::tests::counts_match_the_reference_lambda ... ok
2026-10-07T23:13:06.4198762Z test api::tests::negation_wildcards_and_namespaces ... ok
2026-10-07T23:13:06.4205536Z test exec::numbers::tests::open_ranges_are_strict ... ok
2026-10-07T23:13:06.4207746Z test exec::sort::tests::a_page_s_ties_keep_its_order_and_its_files_without_values_its_default ... ok
2026-10-07T23:13:06.4209304Z test exec::sort::tests::colour_keys_match_the_reference ... ok
2026-10-07T23:13:06.4220499Z test exec::numbers::tests::exclusions_and_edges ... ok
2026-10-07T23:13:06.4221810Z test exec::sort::tests::ties_keep_id_order_in_both_directions ... ok
2026-10-07T23:13:06.4222833Z test exec::tags::tests::like_follows_sqlite ... ok
2026-10-07T23:13:06.4224759Z test exec::tags::tests::matching_uses_the_searchable_form ... ok
2026-10-07T23:13:06.4226957Z test exec::tags::tests::patterns_follow_the_reference_modes ... ok
2026-10-07T23:13:06.4229262Z test exec::tags::tests::successors_bound_prefix_ranges ... ok
2026-10-07T23:13:06.4251487Z test exec::sort::tests::sort_codes_match_the_reference ... ok
2026-10-07T23:13:06.4273364Z test api::tests::rejects_bad_input ... ok
2026-10-07T23:13:06.4274925Z test api::tests::documented_example ... ok
2026-10-07T23:13:06.5126549Z test exec::tests::a_page_s_fallback_sort_orders_its_sort_s_ties ... ok
2026-10-07T23:13:06.5167465Z test exec::tests::import_time_sorts_agree_whether_probed_or_from_the_cached_order ... ok
2026-10-07T23:13:06.5176889Z test exec::tests::limits_apply_after_sorting ... ok
2026-10-07T23:13:06.5204484Z test exec::tests::constructed_predicates_without_text_syntax_work ... ok
2026-10-07T23:13:06.5857009Z test exec::tests::every_term_is_understood_by_the_model ... ok
2026-10-07T23:13:06.6244748Z test exec::tests::saved_collect_tag_domains_group_files_as_the_reference_does ... ok
2026-10-07T23:13:06.8994486Z test exec::tests::searches_see_added_tags_as_the_reference_did ... ok
2026-10-07T23:13:07.1701753Z test exec::tests::searches_see_file_lifecycle_changes_as_the_reference_did ... ok
2026-10-07T23:13:07.1706562Z test exec::time::tests::ages_subtract_days_then_months_with_clamping ... ok
2026-10-07T23:13:07.1720681Z test exec::time::tests::dates_are_local_days ... ok
2026-10-07T23:13:07.1721433Z test exec::time::tests::today_is_the_local_date ... ok
2026-10-07T23:13:07.1722189Z test filetype_tests::tests::complete_classes_are_summarised ... ok
2026-10-07T23:13:07.3782820Z test filetype_tests::tests::filetype_words_match_reference_implementation ... ok
2026-10-07T23:13:07.3832176Z test filetype_tests::tests::general_classes_match_reference_implementation ... ok
2026-10-07T23:13:07.3841034Z test filetype_tests::tests::partial_classes_stay_specific ... ok
2026-10-07T23:13:07.3855023Z test filetype_tests::tests::searchable_mimes_match_reference_implementation ... ok
2026-10-07T23:13:07.3856997Z test media::tests::number_tests_treat_missing_values_like_the_reference ... ok
2026-10-07T23:13:07.3894733Z test media::tests::wildcards_match_whole_tags ... ok
2026-10-07T23:13:07.3918510Z test parse::date::tests::ages ... ok
2026-10-07T23:13:07.3937470Z test parse::date::tests::dates ... ok
2026-10-07T23:13:07.3938697Z test parse::date::tests::operator_words ... ok
2026-10-07T23:13:07.3943298Z test parse::names::tests::every_pattern_compiles ... ok
2026-10-07T23:13:07.3944322Z test parse::names::tests::order_decides_between_overlapping_names ... ok
2026-10-07T23:13:07.3945334Z test parse::rating::tests::advanced_selections ... ok
2026-10-07T23:13:07.3946222Z test parse::rating::tests::like_ignores_operators ... ok
2026-10-07T23:13:07.3947176Z test parse::rating::tests::operator_is_found_before_the_value ... ok
2026-10-07T23:13:07.3948411Z test parse::tag_advanced::tests::empty_tags_are_rejected ... ok
2026-10-07T23:13:07.3949459Z test parse::tag_advanced::tests::splits_on_the_first_unquoted_colon ... ok
2026-10-07T23:13:07.3950583Z test parse::tag_advanced::tests::status_words_match_reference_implementation ... ok
2026-10-07T23:13:07.3951820Z test parse::text::tests::maps_lowercase_slices_back_to_the_original ... ok
2026-10-07T23:13:07.3954116Z test parse::text::tests::parses_unicode_decimal_digits_like_python ... ok
2026-10-07T23:13:07.3956599Z test parse::text::tests::rejects_non_system_text ... ok
2026-10-07T23:13:07.3957614Z test parse::text::tests::strips_python_whitespace ... ok
2026-10-07T23:13:07.3962344Z test parse::text::tests::widens_whitespace_classes ... ok
2026-10-07T23:13:07.3972601Z test parse::values::tests::durations ... ok
2026-10-07T23:13:07.3981307Z test parse::values::tests::filetype_lists ... ok
2026-10-07T23:13:07.3982062Z test parse::values::tests::numbers_allow_commas_and_has ... ok
2026-10-07T23:13:07.3982886Z test parse::values::tests::size_units_match_the_first_spelling ... ok
2026-10-07T23:13:07.5794555Z test exec::tests::executor_agrees_with_the_naive_model ... ok
2026-10-07T23:13:08.0365867Z test exec::tests::owned_sort_contexts_replay_default_fallback_cogs_for_files_and_collections ... ok
2026-10-07T23:13:09.5047317Z test exec::tests::pages_collect_as_the_reference_s_pages_collect ... ok
2026-10-07T23:13:09.5048379Z 
2026-10-07T23:13:09.5048825Z test result: ok. 57 passed; 0 failed; 0 ignored; 0 measured; 0 filtered out; finished in 3.09s
2026-10-07T23:13:09.5049379Z 
2026-10-07T23:13:09.5076104Z [1m[92m     Running[0m tests/file_search_options.rs (target/debug/deps/file_search_options-07be49b2cc9c8d33)
2026-10-07T23:13:09.5097160Z 
2026-10-07T23:13:09.5097376Z running 2 tests
2026-10-07T23:13:09.5110877Z test database_sort_eligibility_matches_each_reference_system_sort_and_location ... ok
2026-10-07T23:13:09.6311636Z test implicit_limit_and_explicit_override_match_reference_database_queries ... ok
2026-10-07T23:13:09.6312277Z 
2026-10-07T23:13:09.6312719Z test result: ok. 2 passed; 0 failed; 0 ignored; 0 measured; 0 filtered out; finished in 0.12s
2026-10-07T23:13:09.6313323Z 
2026-10-07T23:13:09.6321594Z [1m[92m     Running[0m tests/media_tests.rs (target/debug/deps/media_tests-2e886f36e21b4058)
2026-10-07T23:13:09.6341886Z 
2026-10-07T23:13:09.6342079Z running 2 tests
2026-10-07T23:13:09.7858314Z test comparable_values_match_the_reference ... ok
2026-10-07T23:13:09.8378597Z test predicates_match_the_same_files_as_in_the_reference ... ok
2026-10-07T23:13:09.8379152Z 
2026-10-07T23:13:09.8379565Z test result: ok. 2 passed; 0 failed; 0 ignored; 0 measured; 0 filtered out; finished in 0.20s
2026-10-07T23:13:09.8380174Z 
2026-10-07T23:13:09.8398703Z [1m[92m     Running[0m tests/predicate_entry.rs (target/debug/deps/predicate_entry-316968e66572cf2b)
2026-10-07T23:13:09.8413502Z 
2026-10-07T23:13:09.8413652Z running 3 tests
2026-10-07T23:13:09.8434309Z test the_order_is_by_the_stored_text_whatever_is_shown ... ok
2026-10-07T23:13:09.8508177Z test entering_predicates_leaves_what_the_reference_s_list_does ... ok
2026-10-07T23:13:09.8530231Z test each_predicate_s_inverse_is_the_reference_s ... ok
2026-10-07T23:13:09.8530575Z 
2026-10-07T23:13:09.8530855Z test result: ok. 3 passed; 0 failed; 0 ignored; 0 measured; 0 filtered out; finished in 0.01s
2026-10-07T23:13:09.8531233Z 
2026-10-07T23:13:09.8538155Z [1m[92m     Running[0m tests/predicate_text.rs (target/debug/deps/predicate_text-1a53c3e76b0f0034)
2026-10-07T23:13:09.8551948Z 
2026-10-07T23:13:09.8552132Z running 3 tests
2026-10-07T23:13:09.9292716Z test predicates_the_reference_s_editors_make_are_read_and_written_as_its_own ... ok
2026-10-07T23:13:09.9904194Z test api_searches_are_written_as_the_reference_writes_them ... ok
2026-10-07T23:13:10.0506642Z test predicates_are_written_as_the_reference_writes_them ... ok
2026-10-07T23:13:10.0506994Z 
2026-10-07T23:13:10.0507265Z test result: ok. 3 passed; 0 failed; 0 ignored; 0 measured; 0 filtered out; finished in 0.20s
2026-10-07T23:13:10.0507635Z 
2026-10-07T23:13:10.0557223Z [1m[92m     Running[0m tests/reference_parity.rs (target/debug/deps/reference_parity-abc6de1456989e2b)
2026-10-07T23:13:10.0571159Z 
2026-10-07T23:13:10.0571371Z running 3 tests
2026-10-07T23:13:10.2557445Z test api_searches_match_the_reference ... ok
2026-10-07T23:13:10.3372282Z test stored_predicates_decode_to_what_the_reference_parsed ... ok
2026-10-07T23:13:10.5880726Z test system_predicates_match_the_reference ... ok
2026-10-07T23:13:10.5881905Z 
2026-10-07T23:13:10.5882517Z test result: ok. 3 passed; 0 failed; 0 ignored; 0 measured; 0 filtered out; finished in 0.53s
2026-10-07T23:13:10.5883410Z 
2026-10-07T23:13:10.5949484Z [1m[92m     Running[0m tests/robustness.rs (target/debug/deps/robustness-2f95cd18c52db51a)
2026-10-07T23:13:10.5964268Z 
2026-10-07T23:13:10.5964456Z running 4 tests
2026-10-07T23:13:10.6659066Z test errors_name_the_input ... ok
2026-10-07T23:13:10.7443481Z test long_inputs_are_fast ... ok
2026-10-07T23:13:10.7762617Z test never_panics_on_predicate_like_text ... ok
2026-10-07T23:13:10.9466337Z test never_panics_on_arbitrary_text ... ok
2026-10-07T23:13:10.9466703Z 
2026-10-07T23:13:10.9467072Z test result: ok. 4 passed; 0 failed; 0 ignored; 0 measured; 0 filtered out; finished in 0.35s
2026-10-07T23:13:10.9467585Z 
2026-10-07T23:13:10.9481464Z [1m[92m     Running[0m unittests src/lib.rs (target/debug/deps/hydrus_store-1b24f7d60d698a51)
2026-10-07T23:13:10.9503795Z 
2026-10-07T23:13:10.9503976Z running 252 tests
2026-10-07T23:13:10.9528531Z test autocomplete::input::tests::parses_like_the_reference ... ok
2026-10-07T23:13:10.9531954Z test autocomplete::input::tests::rules_open_up_fetch_alls ... ok
2026-10-07T23:13:10.9534371Z test autocomplete::pattern::tests::like_is_sqlite_like ... ok
2026-10-07T23:13:10.9547007Z test autocomplete::pattern::tests::phrases_tokenise_like_fts4 ... ok
2026-10-07T23:13:10.9548551Z test api_activity::tests::marker_replaces_atomically_reopens_and_rejects_malformed_data ... ok
2026-10-07T23:13:10.9550022Z test autocomplete::pattern::tests::plans_follow_the_reference ... ok
2026-10-07T23:13:10.9551514Z test autocomplete::search::tests::counts_merge_and_render_like_the_reference ... ok
2026-10-07T23:13:10.9553612Z test autocomplete::search::tests::upper_bounds_cover_exactly_the_prefix ... ok
2026-10-07T23:13:10.9580126Z test autocomplete::pattern::tests::result_filter_matches_word_starts ... ok
2026-10-07T23:13:10.9603460Z test backup::tests::a_failed_restore_copy_preserves_the_database_sidecars_media_and_request ... ok
2026-10-07T23:13:10.9611152Z test backup::tests::a_mirror_copies_changes_and_drops_surplus ... ok
2026-10-07T23:13:10.9622132Z test backup::tests::a_missing_backup_retains_the_request_and_original_database ... ok
2026-10-07T23:13:10.9628311Z test backup::tests::an_active_server_prevents_restore_without_consuming_the_request ... ok
2026-10-07T23:13:10.9629552Z test backup::tests::cancellation_during_mirroring_preserves_uncopied_and_surplus_files ... ok
2026-10-07T23:13:11.0582669Z test backup::tests::cancelled_backup_does_not_report_success_or_touch_destination ... ok
2026-10-07T23:13:11.0588444Z test backup::tests::restore_rejects_a_symlink_to_the_store ... ok
2026-10-07T23:13:11.0589826Z test backup::tests::restore_rejects_the_store_itself_before_writing_a_request_or_database ... ok
2026-10-07T23:13:11.0744141Z test animation_start::tests::actual_yaml_upgrade_native_override_reopen_and_invalid_values ... ok
2026-10-07T23:13:11.0924347Z test backup::tests::a_backup_restores_over_a_changed_store ... ok
2026-10-07T23:13:11.1084377Z test api_update_toasts::tests::retained_enabled_options_native_override_reopen_corruption_and_exact_expiry ... ok
2026-10-07T23:13:11.1196532Z test conn::tests::effects_run_only_after_successful_commit ... ok
2026-10-07T23:13:11.1386813Z test conn::tests::failed_write_rolls_back_only_itself ... ok
2026-10-07T23:13:11.1526913Z test conn::tests::readers_see_consistent_snapshots_while_writing ... ok
2026-10-07T23:13:11.1611043Z test conn::tests::the_writer_empties_the_log_every_quarter_hour ... ok
2026-10-07T23:13:11.1763006Z test conn::tests::write_then_read ... ok
2026-10-07T23:13:11.1936972Z test content::tests::a_forced_filetype_keeps_the_detected_one_and_is_undone ... ok
2026-10-07T23:13:11.1960754Z test content::tests::deleting_from_one_of_two_local_domains_does_not_trash ... ok
2026-10-07T23:13:11.2052851Z test content::tests::file_info_round_trips ... ok
2026-10-07T23:13:11.2301971Z test content::tests::mapping_state_machine ... ok
2026-10-07T23:13:11.2346052Z test content::tests::import_trash_undelete_and_purge ... ok
2026-10-07T23:13:11.2820926Z test content::tests::service_bulk_trash_respects_lock_and_restores_all_former_domains ... ok
2026-10-07T23:13:11.3245000Z test content::tests::service_deleted_record_clear_keeps_trash_history_and_physical_queue ... ok
2026-10-07T23:13:11.3759436Z test content::tests::the_delete_lock_keeps_archived_files_from_going_for_good ... ok
2026-10-07T23:13:11.4109768Z test conn::tests::a_pause_empties_the_log_and_holds_work_until_dropped ... ok
2026-10-07T23:13:11.5041439Z test content::tests::service_bulk_rating_scopes_keep_trash_and_other_services ... ok
2026-10-07T23:13:11.5044376Z test db_maintenance::tests::per_service_table_names ... ok
2026-10-07T23:13:11.5065445Z test display::tests::first_sibling_pair_wins_and_cycles_are_dropped ... ok
2026-10-07T23:13:11.6499353Z test db_maintenance::tests::inconsistent_mappings_and_orphans_are_repaired ... ok
2026-10-07T23:13:11.6500472Z test display::tests::parent_loops_are_dropped ... ok
2026-10-07T23:13:11.6518711Z test display::tests::parents_close_transitively_through_ideals ... ok
2026-10-07T23:13:11.6526791Z test display::tests::rules_count_as_the_reference_s_lookup_rows ... ok
2026-10-07T23:13:11.6529075Z test display::tests::sibling_chains_resolve_to_the_end ... ok
2026-10-07T23:13:11.6643343Z test db_maintenance::tests::basic_jobs_find_nothing_and_regeneration_keeps_counts ... ok
2026-10-07T23:13:11.6911120Z test display::tests::graph_invariants ... ok
2026-10-07T23:13:11.6967535Z test duplicates::auto::tests::the_references_suggested_rules_are_all_read ... ok
2026-10-07T23:13:11.7102696Z test domains::tests::a_read_sees_the_domain_as_its_snapshot_has_it ... ok
2026-10-07T23:13:11.7165790Z test domains::tests::import_order_is_by_time_then_id_and_follows_writes ... ok
2026-10-07T23:13:11.7439759Z test duplicates::cache::tests::cached_pairs_follow_writes_and_only_readers_fill_the_cache ... ok
2026-10-07T23:13:11.8769412Z test ffmpeg_policy::tests::actual_legacy_saved_policy_backfill_native_override_and_poll_adapter ... ok
2026-10-07T23:13:11.8786941Z test duplicates_progress::tests::real_saved_disabled_legacy_policy_backfills_native_override_and_reopens ... ok
2026-10-07T23:13:11.9093387Z test file_maintenance::tests::captured_cancel_clears_due_and_future_types_and_keeps_unselected_work ... ok
2026-10-07T23:13:11.9100412Z test file_maintenance::tests::file_work_lease_is_shared_by_independent_owners_and_released_on_drop ... ok
2026-10-07T23:13:11.9101714Z test file_maintenance::tests::job_types_keep_the_reference_s_codes ... ok
2026-10-07T23:13:11.9422150Z test file_maintenance::tests::selected_admission_precedes_batch_limit_and_preserves_due_type_rules ... ok
2026-10-07T23:13:11.9439121Z test folder_activity::tests::abandoned_request_and_old_marker_files_do_not_pause_another_kind ... ok
2026-10-07T23:13:11.9441312Z test folder_activity::tests::request_interrupts_work_waits_for_release_and_rejects_new_work ... ok
2026-10-07T23:13:11.9668687Z test duplicates::merge::tests::only_whitelisted_notes_merge_under_their_new_names ... ok
2026-10-07T23:13:11.9714245Z test ffmpeg_policy::tests::reader_from_a_borrowed_store_is_live_and_does_not_retain_its_owner ... ok
2026-10-07T23:13:12.0404540Z test folder_activity::tests::transient_pause_preserves_original_and_live_user_pause_preferences ... ok
2026-10-07T23:13:12.0500182Z test gallery::tests::no_downloader_or_no_urls_makes_nothing ... ok
2026-10-07T23:13:12.0501813Z test gallery::tests::a_page_makes_a_search_per_query_with_its_settings ... ok
2026-10-07T23:13:12.1148354Z test gallery::tests::queries_merge_and_repeats_are_skipped_as_the_page_says ... ok
2026-10-07T23:13:12.1163327Z test granularity::tests::estimating_a_folder_ignores_non_ascii_names ... ok
2026-10-07T23:13:12.1599388Z test granularity::tests::cancellation_restores_moved_files_to_their_original_locations ... ok
2026-10-07T23:13:12.2242379Z test granularity::tests::failed_publication_restores_exact_split_locations ... ok
2026-10-07T23:13:12.2689362Z test granularity::tests::merged_prefix_records_the_actual_destination_across_locations ... ok
2026-10-07T23:13:12.2691143Z test idle_state::tests::only_a_fresh_idle_marker_is_idle ... ok
2026-10-07T23:13:12.2692232Z test idle_state::tests::pace_follows_the_time_and_caps_the_rest ... ok
2026-10-07T23:13:12.4072081Z test image_colour::tests::real_saved_disabled_legacy_policy_backfills_native_override_and_reopens ... ok
2026-10-07T23:13:12.5100501Z test import::decode::tests::a_clients_simple_downloader_formulae_come_across ... ok
2026-10-07T23:13:12.6159315Z test import::decode::tests::a_new_clients_checker_timings_are_our_defaults ... ok
2026-10-07T23:13:12.7180086Z test import::decode::tests::a_new_clients_headers_are_our_defaults ... ok
2026-10-07T23:13:12.8199094Z test import::decode::tests::a_new_clients_import_options_and_downloaders_convert ... ok
2026-10-07T23:13:12.9354311Z test import::decode::tests::a_new_clients_merge_options_are_our_defaults ... ok
2026-10-07T23:13:13.0800084Z test import::decode::tests::api_update_toasts_import_present_and_absent_client_options ... ok
2026-10-07T23:13:13.1081333Z test import::decode::tests::auto_resolution_rules_convert ... ok
2026-10-07T23:13:13.1102060Z test granularity::tests::the_store_records_its_new_folders ... ok
2026-10-07T23:13:13.2988350Z test import::decode::tests::browser_eye_menu_preferences_migrate_independently ... ok
2026-10-07T23:13:13.2989832Z test import::decode::tests::clipboard_monitor_switches_convert_independently ... ok
2026-10-07T23:13:13.4479457Z test import::decode::tests::command_palette_preferences_migrate_defaults_and_nondefault_provider_policies ... ok
2026-10-07T23:13:13.4579222Z test import::decode::tests::custom_merge_options_convert ... ok
2026-10-07T23:13:13.4580591Z test import::decode::tests::cursor_autohide_import_preserves_timeout_and_do_not_hide ... ok
2026-10-07T23:13:13.5119527Z test import::decode::tests::downloader_pages_own_state_converts ... ok
2026-10-07T23:13:13.7662303Z test import::decode::tests::downloader_update_time_import_preserves_raw_fields_and_reopens ... ok
2026-10-07T23:13:13.8999936Z test import::decode::tests::export_default_directory_import_resolves_recorded_portable_paths ... ok
2026-10-07T23:13:14.0465640Z test import::decode::tests::file_search_defaults_convert_user_values ... ok
2026-10-07T23:13:14.2299734Z test import::decode::tests::file_view_removal_imports_legacy_and_typed_flags_independently ... ok
2026-10-07T23:13:14.2595051Z test import::decode::tests::duplicate_colours_import_none_zero_and_explicit_preferences_then_reopen ... ok
2026-10-07T23:13:14.4956173Z test import::decode::tests::four_note_preferences_import_and_survive_reopen ... ok
2026-10-07T23:13:14.5876521Z test import::decode::tests::idle_timeout_import_preserves_seconds_none_and_missing_defaults ... ok
2026-10-07T23:13:14.6421207Z test import::decode::tests::image_cache_size_raw_timeout_and_future_admission_import_independently ... ok
2026-10-07T23:13:14.8468576Z test import::decode::tests::importing_work_slots_decode_five_legacy_keys_and_persist_native_limits ... ok
2026-10-07T23:13:14.8954252Z test import::decode::tests::local_transfer_confirmations_decode_both_legacy_booleans ... ok
2026-10-07T23:13:15.0538946Z test import::decode::tests::maintenance_gates_import_present_and_absent_client_options ... ok
2026-10-07T23:13:15.1059589Z test import::decode::tests::main_identity_import_preserves_raw_name_and_saved_tag_activation ... ok
2026-10-07T23:13:15.1841769Z test import::decode::tests::manage_tags_live_display_and_incremental_fields_import ... ok
2026-10-07T23:13:15.2552179Z test import::decode::tests::manage_tags_sort_contexts_import_siblings_independently_of_sidebar_sorts ... ok
2026-10-07T23:13:15.3016974Z test import::decode::tests::namespace_colours_convert ... ok
2026-10-07T23:13:15.3038931Z test import::decode::tests::page_sort_import_preserves_its_independent_full_tag_context ... ok
2026-10-07T23:13:15.4549154Z test import::decode::tests::passive_background_options_import_each_draw_key ... ok
2026-10-07T23:13:15.5439533Z test import::decode::tests::network_boot_preference_converts_without_changing_live_pause ... ok
2026-10-07T23:13:15.6259342Z test import::decode::tests::physical_delete_import_preserves_present_delay_and_defaults_without_client_options ... ok
2026-10-07T23:13:15.8638876Z test import::decode::tests::preview_and_dialog_rating_sizes_import_exact_fractional_preferences ... ok
2026-10-07T23:13:15.9959414Z test import::decode::tests::real_client_ffmpeg_timeout_is_imported_without_clamping ... ok
2026-10-07T23:13:16.2975668Z test import::decode::tests::recorded_custom_predicate_defaults_import_with_typed_units_and_keys ... ok
2026-10-07T23:13:16.4410060Z test import::decode::tests::saving_the_page_sort_on_change_converts ... ok
2026-10-07T23:13:16.5082453Z test import::decode::tests::popup_width_imports_raw_reference_preferences_and_reopens_them ... ok
2026-10-07T23:13:16.5870817Z test import::decode::tests::shortcut_capture_policies_import_defaults_and_nondefault_values ... ok
2026-10-07T23:13:16.6089313Z test import::decode::tests::sibling_connector_colours_import_retains_none_empty_and_raw_names ... ok
2026-10-07T23:13:16.7062236Z test import::decode::tests::subscription_concurrency_imports_nondefault_number ... ok
2026-10-07T23:13:16.7759411Z test import::decode::tests::subscription_file_failure_threshold_imports_none_and_number ... ok
2026-10-07T23:13:16.8570887Z test import::decode::tests::suggested_layout_and_unavailable_default_pages_migrate_without_losing_choices ... ok
2026-10-07T23:13:16.8577043Z test import::decode::tests::tag_display_filters_convert ... ok
2026-10-07T23:13:16.9217545Z test import::decode::tests::tag_dialog_defaults_import_independently_of_autocomplete_defaults ... ok
2026-10-07T23:13:16.9579164Z test import::decode::tests::tag_list_opening_modes_import_independently_and_ignore_unknown_codes ... ok
2026-10-07T23:13:17.0298985Z test import::decode::tests::tag_presentation_converts ... ok
2026-10-07T23:13:17.1011316Z test import::decode::tests::the_lock_password_converts ... ok
2026-10-07T23:13:17.1779512Z test import::decode::tests::the_search_defaults_convert ... ok
2026-10-07T23:13:17.2550124Z test import::decode::tests::the_tag_summaries_convert ... ok
2026-10-07T23:13:17.3537733Z test import::decode::tests::the_thumbnail_border_and_margin_convert ... ok
2026-10-07T23:13:17.4227550Z test import::decode::tests::thumbnail_cache_size_and_raw_timeout_import_as_independent_typed_preferences ... ok
2026-10-07T23:13:17.4599519Z test import::decode::tests::unselected_tag_limit_import_preserves_zero_none_and_presentation ... ok
2026-10-07T23:13:17.5709648Z test import::decode::tests::viewer_canvas_options_convert_user_values ... ok
2026-10-07T23:13:17.6062735Z test import::decode::tests::viewer_closing_options_import_each_independent_preference ... ok
2026-10-07T23:13:17.7319234Z test import::decode::tests::viewer_focus_options_import_independent_mouseover_gates ... ok
2026-10-07T23:13:17.7559065Z test import::decode::tests::viewer_hover_options_migrate_disable_keys_as_enabled_controls ... ok
2026-10-07T23:13:17.8950271Z test import::decode::tests::viewer_pointer_options_import_both_drag_preferences ... ok
2026-10-07T23:13:17.9644855Z test import::decode::tests::viewer_playback_import_keeps_zoom_command_and_loop_policy ... ok
2026-10-07T23:13:18.0959418Z test import::decode::tests::viewing_menu_preferences_import_the_display_style_and_canvas_ticks ... ok
2026-10-07T23:13:18.1309743Z test import::decode::tests::viewer_tag_wheel_imports_all_four_reference_policy_codes ... ok
2026-10-07T23:13:18.2985179Z test import::network_tests::copies_the_mpv_conf ... ok
2026-10-07T23:13:18.3742003Z test import::network_tests::a_named_startup_session_keeps_hydrus_s_last_session_apart ... ok
2026-10-07T23:13:18.5570074Z test import::network_tests::downloader_pages_own_state_comes_back_for_earlier_imports ... ok
2026-10-07T23:13:18.6349144Z test import::network_tests::imports_downloader_pages_from_the_last_session ... ok
2026-10-07T23:13:18.7929343Z test import::network_tests::imports_local_import_pages_from_the_last_session ... ok
2026-10-07T23:13:18.8829665Z test import::network_tests::imports_search_pages_from_the_last_session ... ok
2026-10-07T23:13:18.8930686Z test content::tests::incremental_counts_equal_rebuild ... ok
2026-10-07T23:13:18.9600581Z test import::network_tests::imports_session_cookies ... ok
2026-10-07T23:13:19.0919703Z test import::tests::a_default_install_keeps_the_default_bandwidth_rules ... ok
2026-10-07T23:13:19.0921354Z test import::tests::any_reference_install_counts_match ... ignored, needs HYDRUS_REFERENCE_DB
2026-10-07T23:13:19.1369062Z test import::network_tests::other_saved_sessions_come_across_without_running_their_downloaders ... ok
2026-10-07T23:13:19.1489578Z test import::network_tests::imports_subscriptions_with_their_histories ... ok
2026-10-07T23:13:19.1945067Z test import::tests::decodes_the_basic_fixture_settings ... ok
2026-10-07T23:13:19.2409255Z test import::tests::import_options_that_run_programs_are_reported ... ok
2026-10-07T23:13:19.3000011Z test import::tests::imports_the_basic_fixture ... ok
2026-10-07T23:13:19.3521867Z test import::tests::rebuilt_counts_match_the_reference_caches ... ok
2026-10-07T23:13:19.4139677Z test import::tests::the_global_pause_switches_come_across ... ok
2026-10-07T23:13:19.4659393Z test import::tests::the_network_options_come_across ... ok
2026-10-07T23:13:19.4689527Z test live::tests::a_status_shows_its_first_line ... ok
2026-10-07T23:13:19.4798666Z test live::tests::cancels_are_taken_once_and_nudge_the_queue ... ok
2026-10-07T23:13:19.4931078Z test live::tests::live_state_is_kept_replaced_and_cleared ... ok
2026-10-07T23:13:19.4939096Z test live::tests::only_changes_are_published ... ok
2026-10-07T23:13:19.5057082Z test import::tests::refuses_to_overwrite_or_import_the_wrong_version ... ok
2026-10-07T23:13:19.5405668Z test import::tests::the_trash_limits_come_across ... ok
2026-10-07T23:13:19.5749829Z test login_runtime::tests::crashed_process_metadata_cannot_block_or_cancel_the_next_lease ... ok
2026-10-07T23:13:19.5847121Z test login_runtime::tests::separate_store_owners_serialize_cancel_and_retire_only_the_reviewed_login ... ok
2026-10-07T23:13:19.9039489Z test maintenance::tests::cancelled_owned_wait_releases_writer_and_never_admits_a_successor_pair ... ok
2026-10-07T23:13:19.9737612Z test maintenance::tests::captured_wait_follows_committed_pairs_including_last_and_allows_live_readd ... ok
2026-10-07T23:13:20.1539215Z test maintenance::tests::never_deletes_media_shared_with_another_install ... ok
2026-10-07T23:13:20.1749182Z test maintenance::tests::missing_file_still_waits_after_its_thumbnail_and_queue_commit ... ok
2026-10-07T23:13:20.4538313Z test maintenance::tests::pair_failure_keeps_its_queue_and_previous_pair_commit_and_does_not_wait ... ok
2026-10-07T23:13:20.5669379Z test maintenance::tests::leaves_claimed_files_queued ... ok
2026-10-07T23:13:20.6288699Z test maintenance::tests::rebuilding_the_caches_gives_the_same_caches ... ok
2026-10-07T23:13:20.8409362Z test maintenance::tests::retained_local_queue_cleanup_does_not_wait_or_remove_physical_paths ... ok
2026-10-07T23:13:20.8878678Z test maintenance::tests::selected_tag_regeneration_repairs_connected_counts_without_changing_primary_data ... ok
2026-10-07T23:13:20.9048210Z test master::tests::interning_is_idempotent_and_reversible ... ok
2026-10-07T23:13:20.9207800Z test master::tests::new_subtags_are_indexed_for_autocomplete ... ok
2026-10-07T23:13:20.9229013Z test master::tests::url_domains_match_urlparse_netloc ... ok
2026-10-07T23:13:20.9247123Z test maintenance_gates::tests::retained_client_options_native_wins_reopen_and_corruption ... ok
2026-10-07T23:13:21.0574146Z test maintenance::tests::purges_files_that_left_local_storage ... ok
2026-10-07T23:13:21.1909126Z test media::tests::counts_tags_as_each_file_has_them ... ok
2026-10-07T23:13:21.1919189Z test media::tests::hidden_tags_are_left_out_of_the_counts ... ok
2026-10-07T23:13:21.2229327Z test network::login_tests::a_login_covers_its_domain_and_subdomains ... ok
2026-10-07T23:13:21.2339057Z test media::tests::loads_the_fixture ... ok
2026-10-07T23:13:21.2381161Z test network::tests::cookies_list_in_jar_order ... ok
2026-10-07T23:13:21.2569497Z test network::tests::headers_keep_what_is_not_given ... ok
2026-10-07T23:13:21.2612226Z test network::tests::sessions_are_per_registrable_domain ... ok
2026-10-07T23:13:21.3369807Z test menu_choice_wheel::tests::actual_saved_false_legacy_fallback_native_override_and_durable_reopen ... ok
2026-10-07T23:13:21.3507718Z test orphan_files::tests::strays_are_found_and_moved_and_kept_files_stay ... ok
2026-10-07T23:13:21.3516347Z test paths::tests::copies_keep_permissions_unless_told_not_to ... ok
2026-10-07T23:13:21.4302628Z test page_layout::tests::imported_yaml_signed_sizes_exit_switch_and_native_override_survive_reopen ... ok
2026-10-07T23:13:21.4523084Z test popup_actions::tests::answer_survives_dismissal_and_old_owner_cannot_consume_or_retire_successor ... ok
2026-10-07T23:13:21.4741058Z test popup_actions::tests::gui_retirement_drops_unconsumed_calls_but_preserves_committed_answers ... ok
2026-10-07T23:13:21.4779305Z test or_connector::tests::real_qt_serialised_raw_connector_backfills_and_native_override_survives_reopen ... ok
2026-10-07T23:13:21.4829498Z test physical_delete::tests::recorded_retained_options_native_override_constructor_and_reopen ... ok
2026-10-07T23:13:21.4919312Z test popup_actions::tests::pre_action_schema_upgrades_and_restart_forgets_ephemeral_handlers_but_keeps_clipboard ... ok
2026-10-07T23:13:21.4939770Z test granularity::tests::a_folder_goes_to_three_and_back ... ok
2026-10-07T23:13:21.5087263Z test popups::tests::mergable_files_with_the_same_label_join_one_popup ... ok
2026-10-07T23:13:21.5269054Z test popups::tests::popups_queue_oldest_first_until_dismissed ... ok
2026-10-07T23:13:21.5316598Z test queues::tests::a_pages_queue_waits_while_closed_and_goes_with_it ... ok
2026-10-07T23:13:21.5422401Z test queues::tests::a_queues_page_shows_the_files_its_seeds_brought_in_order ... ok
2026-10-07T23:13:21.5653751Z test queues::tests::deleted_queue_identity_is_not_recycled_and_late_seed_updates_ignore_successors ... ok
2026-10-07T23:13:21.5784487Z test queues::tests::nudges_are_taken_once_each ... ok
2026-10-07T23:13:21.5913385Z test queues::tests::seeds_dedupe_order_and_retry ... ok
2026-10-07T23:13:21.5993775Z test queues::tests::urls_typed_into_a_page_are_handed_over_once_in_order ... ok
2026-10-07T23:13:21.6012112Z test reference_options::tests::unset_values_read_as_their_defaults ... ok
2026-10-07T23:13:21.6054502Z test queues::tests::file_log_drafts_isolate_mutations_and_restore_complete_metadata_in_order ... ok
2026-10-07T23:13:21.6083481Z test schema::tests::refuses_newer_schema ... ok
2026-10-07T23:13:21.6318076Z test schema::tests::migrations_apply_cleanly_and_are_idempotent ... ok
2026-10-07T23:13:21.6319451Z test services::tests::colours_serialise_as_hex ... ok
2026-10-07T23:13:21.6371065Z test schema::tests::tag_service_tables_round_trip ... ok
2026-10-07T23:13:21.6372615Z test services::tests::numerical_stars_match_reference_rounding ... ok
2026-10-07T23:13:21.6486811Z test popup_freeze::tests::actual_saved_true_legacy_native_override_and_durable_reopen ... ok
2026-10-07T23:13:21.6673370Z test session_backups::importer_tests::historical_importers_restore_independent_settings_and_seed_logs ... ok
2026-10-07T23:13:21.6723695Z test services::tests::default_services_round_trip ... ok
2026-10-07T23:13:21.6965805Z test session_backups::queue_kind_tests::every_native_page_importer_restores_its_auxiliary_state_and_both_logs ... ok
2026-10-07T23:13:21.6972431Z test session_backups::tests::automatic_last_session_hash_replays_real_unchanged_suppression_and_history ... ok
2026-10-07T23:13:21.7026942Z test session_backups::tests::imported_previous_media_is_independent_and_deletion_clears_backups ... ok
2026-10-07T23:13:21.7222525Z test session_reload::tests::committed_reload_slot_is_independent_and_cleanup_keeps_active_media ... ok
2026-10-07T23:13:21.7331655Z test sessions::tests::commands_queue_for_the_gui_or_change_the_session ... ok
2026-10-07T23:13:21.7421948Z test session_backups::tests::rolling_timestamps_match_the_reference_including_clock_reversal ... ok
2026-10-07T23:13:21.7523739Z test sessions::tests::media_viewers_are_kept_in_order ... ok
2026-10-07T23:13:21.7538970Z test similar::tests::flat_colours_are_blank ... ok
2026-10-07T23:13:21.7550163Z test similar::tests::scale ... ignored, a timing, not a check
2026-10-07T23:13:21.7599660Z test radio_return::tests::actual_saved_false_legacy_fallback_native_override_and_durable_reopen ... ok
2026-10-07T23:13:21.7628747Z test sessions::tests::saving_keeps_the_top_key_the_page_shown_and_selections ... ok
2026-10-07T23:13:21.7658827Z test storage::tests::a_location_without_its_folders_is_missing ... ok
2026-10-07T23:13:21.7659489Z test storage::tests::paths_follow_the_reference_layout ... ok
2026-10-07T23:13:21.7660178Z test sessions::tests::sessions_keep_their_pages_and_files ... ok
2026-10-07T23:13:21.7660653Z test storage_locations::tests::shares_follow_weights_and_limits ... ok
2026-10-07T23:13:21.8609285Z test store::tests::content_writes_use_foreign_relation_graphs_before_the_next_poll ... ok
2026-10-07T23:13:21.8641602Z test similar::tests::the_index_finds_exactly_what_checking_everything_finds ... ok
2026-10-07T23:13:21.9662727Z test store::tests::new_store_has_default_services ... ok
2026-10-07T23:13:21.9782550Z test store::tests::independent_stores_notice_committed_snapshot_changes_without_refresh_loops ... ok
2026-10-07T23:13:22.0293044Z test similar::tests::the_search_finds_the_pairs_the_reference_found ... ok
2026-10-07T23:13:22.0575667Z test store::tests::snapshots_refresh_only_after_commit ... ok
2026-10-07T23:13:22.0757210Z test store::tests::pre_existing_queue_without_sequence_keeps_its_retired_identity_after_upgrade ... ok
2026-10-07T23:13:22.0833609Z test tag_display::tests::a_service_s_tags_pass_its_filter_and_all_known_tags ... ok
2026-10-07T23:13:22.1543109Z test tag_editing::tests::older_preferences_get_write_defaults_and_tab_memory_preserves_them ... ok
2026-10-07T23:13:22.1578347Z test text::tests::integers_follow_python_isdecimal ... ok
2026-10-07T23:13:22.1598806Z test text::tests::searchable_forms ... ok
2026-10-07T23:13:22.1603941Z test text::tests::tokenises_like_fts4_simple ... ok
2026-10-07T23:13:22.1658079Z test tag_editing::tests::manage_tags_preferences_are_backward_compatible_and_independent ... ok
2026-10-07T23:13:22.2800539Z test thumbnail_appearance::tests::retained_actual_options_upgrade_native_override_and_reopen ... ok
2026-10-07T23:13:22.3074091Z test synth::tests::a_small_library_has_consistent_counts ... ok
2026-10-07T23:13:22.5200172Z test transfer::tests::in_place_marks_the_media_as_shared ... ok
2026-10-07T23:13:22.7240568Z test transfer::tests::refuses_an_existing_destination ... ok
2026-10-07T23:13:22.9379067Z test trash::tests::an_oversized_trash_loses_its_oldest_files_eight_at_a_time ... ok
2026-10-07T23:13:23.1539971Z test trash::tests::cancelled_writer_admission_leaves_trash_and_physical_queue_untouched ... ok
2026-10-07T23:13:23.2854777Z test transfer::tests::hardlink_copy_and_move_give_the_store_its_own_media ... ok
2026-10-07T23:13:23.4049677Z test trash::tests::files_trashed_too_long_ago_are_deleted_for_good ... ok
2026-10-07T23:13:23.4939290Z test trash::tests::no_limits_leave_the_trash_alone ... ok
2026-10-07T23:13:23.6225941Z test trash::tests::the_delete_lock_keeps_archived_files_in_the_trash ... ok
2026-10-07T23:13:23.6228389Z test undo::tests::undo_and_redo_step_through_the_log_and_new_changes_cut_it ... ok
2026-10-07T23:13:23.6229904Z test vacuum::tests::room_is_checked_as_the_reference_checks ... ok
2026-10-07T23:13:23.7357810Z test trash::tests::the_size_limit_goes_first_then_the_age_limit ... ok
2026-10-07T23:13:23.7439851Z test vacuum::tests::vacuuming_frees_pages_and_is_recorded ... ok
2026-10-07T23:13:23.7932773Z test watchers::tests::a_page_watches_each_thread_once_with_its_own_options ... ok
2026-10-07T23:13:23.8116949Z test watchers::tests::checking_now_and_pausing_checking ... ok
2026-10-07T23:13:23.8573960Z test watchers::tests::setting_a_watchers_checker_options ... ok
2026-10-07T23:13:23.9029192Z test transfer::tests::each_drive_s_media_stays_on_it ... ok
2026-10-07T23:13:24.3122851Z test storage_locations::tests::a_second_location_takes_half_and_thumbnails_follow ... ok
2026-10-07T23:13:24.3128676Z 
2026-10-07T23:13:24.3129516Z test result: ok. 250 passed; 0 failed; 2 ignored; 0 measured; 0 filtered out; finished in 13.36s
2026-10-07T23:13:24.3130031Z 
2026-10-07T23:13:24.3147497Z [1m[92m     Running[0m tests/import_status.rs (target/debug/deps/import_status-d01141bf22d4b05d)
2026-10-07T23:13:24.3159345Z 
2026-10-07T23:13:24.3159513Z running 3 tests
2026-10-07T23:13:24.3208671Z test owned_precision_replays_actual_network_job_controls_without_changing_gauges_or_cancellation ... ok
2026-10-07T23:13:24.3516766Z test downloads_lines_say_what_the_references_network_job_control_says ... ok
2026-10-07T23:13:24.3582701Z test file_and_search_logs_say_what_the_reference_says ... ok
2026-10-07T23:13:24.3583161Z 
2026-10-07T23:13:24.3583557Z test result: ok. 3 passed; 0 failed; 0 ignored; 0 measured; 0 filtered out; finished in 0.04s
2026-10-07T23:13:24.3584146Z 
2026-10-07T23:13:24.3598346Z [1m[92m     Running[0m tests/metadata_jobs.rs (target/debug/deps/metadata_jobs-d3137ade1a3672c9)
2026-10-07T23:13:24.3615899Z 
2026-10-07T23:13:24.3616046Z running 1 test
2026-10-07T23:13:24.6903762Z test actual_qt_worker_inputs_replay_files_cancellation_progress_and_copy_cleanup ... ok
2026-10-07T23:13:24.6904348Z 
2026-10-07T23:13:24.6904681Z test result: ok. 1 passed; 0 failed; 0 ignored; 0 measured; 0 filtered out; finished in 0.33s
2026-10-07T23:13:24.6905119Z 
2026-10-07T23:13:24.6910212Z [1m[92m     Running[0m tests/tag_migration.rs (target/debug/deps/tag_migration-471cdbe0dc418fb5)
2026-10-07T23:13:24.6928123Z 
2026-10-07T23:13:24.6928295Z running 15 tests
2026-10-07T23:13:24.8199246Z test archive_validation_rejects_wrong_types_and_unsupported_hashes_before_import ... ok
2026-10-07T23:13:24.8393349Z test cancellation_is_a_durable_prefix_and_incremental_counts_match_rebuild ... ok
2026-10-07T23:13:24.8806799Z test archive_exports_preserve_metadata_merge_and_cancelled_committed_prefix ... ok
2026-10-07T23:13:24.9272511Z test pair_count_gates_observe_reference_concurrent_mapping_changes_between_batches ... ok
2026-10-07T23:13:24.9276555Z test overlapping_migration_is_rejected_without_waiting_for_a_reader ... ok
2026-10-07T23:13:25.0274909Z test pair_migration_publishes_graph_and_rebuilt_counts ... ok
2026-10-07T23:13:25.1618485Z test pair_count_gates_replay_real_current_pending_and_terminal_ideal_counts ... ok
2026-10-07T23:13:25.2410292Z test registry_changes_stop_the_next_batch_and_keep_committed_prefix ... ok
2026-10-07T23:13:25.3414558Z test repository_union_deduplicates_and_petition_reason_is_persisted ... ok
2026-10-07T23:13:25.3428832Z test published_job_events_match_reference_phases_and_committed_prefixes ... ok
2026-10-07T23:13:25.3794757Z test pause_waits_after_commit_resume_continues_and_cancel_wakes_without_next_batch ... ok
2026-10-07T23:13:25.4260066Z test selected_files_and_filters_are_applied_before_destination_changes ... ok
2026-10-07T23:13:25.4346443Z test same_service_delete_and_clear_never_skip_mutated_source_rows ... ok
2026-10-07T23:13:25.4506066Z test source_snapshot_excludes_later_inserts_and_retains_later_removed_rows ... ok
2026-10-07T23:13:26.8671261Z test actual_python_archives_import_convert_scope_filter_and_reopen ... ok
2026-10-07T23:13:26.8671757Z 
2026-10-07T23:13:26.8672036Z test result: ok. 15 passed; 0 failed; 0 ignored; 0 measured; 0 filtered out; finished in 2.17s
2026-10-07T23:13:26.8672412Z 
2026-10-07T23:13:26.8688036Z [1m[92m   Doc-tests[0m hydrus_core
2026-10-07T23:13:27.4534342Z 
2026-10-07T23:13:27.4534750Z running 0 tests
2026-10-07T23:13:27.4534936Z 
2026-10-07T23:13:27.4535220Z test result: ok. 0 passed; 0 failed; 0 ignored; 0 measured; 0 filtered out; finished in 0.00s
2026-10-07T23:13:27.4535590Z 
2026-10-07T23:13:27.4551483Z [1m[92m   Doc-tests[0m hydrus_download
2026-10-07T23:13:27.5988692Z 
2026-10-07T23:13:27.5989385Z running 0 tests
2026-10-07T23:13:27.5989679Z 
2026-10-07T23:13:27.5990582Z test result: ok. 0 passed; 0 failed; 0 ignored; 0 measured; 0 filtered out; finished in 0.00s
2026-10-07T23:13:27.5991197Z 
2026-10-07T23:13:27.6007079Z [1m[92m   Doc-tests[0m hydrus_downloader_exchange
2026-10-07T23:13:27.6833143Z 
2026-10-07T23:13:27.6833875Z running 0 tests
2026-10-07T23:13:27.6834634Z 
2026-10-07T23:13:27.6835178Z test result: ok. 0 passed; 0 failed; 0 ignored; 0 measured; 0 filtered out; finished in 0.00s
2026-10-07T23:13:27.6835922Z 
2026-10-07T23:13:27.6851537Z [1m[92m   Doc-tests[0m hydrus_gui_model
2026-10-07T23:13:28.2545568Z 
2026-10-07T23:13:28.2546046Z running 0 tests
2026-10-07T23:13:28.2546309Z 
2026-10-07T23:13:28.2546727Z test result: ok. 0 passed; 0 failed; 0 ignored; 0 measured; 0 filtered out; finished in 0.00s
2026-10-07T23:13:28.2547100Z 
2026-10-07T23:13:28.2567780Z [1m[92m   Doc-tests[0m hydrus_net
2026-10-07T23:13:28.3347545Z 
2026-10-07T23:13:28.3348399Z running 0 tests
2026-10-07T23:13:28.3349006Z 
2026-10-07T23:13:28.3349674Z test result: ok. 0 passed; 0 failed; 0 ignored; 0 measured; 0 filtered out; finished in 0.00s
2026-10-07T23:13:28.3350522Z 
2026-10-07T23:13:28.3368216Z [1m[92m   Doc-tests[0m hydrus_search
2026-10-07T23:13:28.4418817Z 
2026-10-07T23:13:28.4419309Z running 0 tests
2026-10-07T23:13:28.4419600Z 
2026-10-07T23:13:28.4420092Z test result: ok. 0 passed; 0 failed; 0 ignored; 0 measured; 0 filtered out; finished in 0.00s
2026-10-07T23:13:28.4420704Z 
2026-10-07T23:13:28.4436880Z [1m[92m   Doc-tests[0m hydrus_store
2026-10-07T23:13:29.2067726Z 
2026-10-07T23:13:29.2068539Z running 0 tests
2026-10-07T23:13:29.2068817Z 
2026-10-07T23:13:29.2069271Z test result: ok. 0 passed; 0 failed; 0 ignored; 0 measured; 0 filtered out; finished in 0.00s
2026-10-07T23:13:29.2069659Z 
2026-10-07T23:13:29.2226198Z Post job cleanup.
2026-10-07T23:13:29.3596035Z ##[group]Cache Configuration
2026-10-07T23:13:29.3596982Z Cache Provider:
2026-10-07T23:13:29.3597432Z     github
2026-10-07T23:13:29.3598067Z Workspaces:
2026-10-07T23:13:29.3598573Z     /home/runner/work/hydrus-mine/hydrus-mine
2026-10-07T23:13:29.3599252Z Cache Paths:
2026-10-07T23:13:29.3599697Z     /home/runner/.cargo/bin
2026-10-07T23:13:29.3600249Z     /home/runner/.cargo/.crates.toml
2026-10-07T23:13:29.3600935Z     /home/runner/.cargo/.crates2.json
2026-10-07T23:13:29.3601605Z     /home/runner/.cargo/registry
2026-10-07T23:13:29.3602177Z     /home/runner/.cargo/git
2026-10-07T23:13:29.3602799Z     /home/runner/work/hydrus-mine/hydrus-mine/target
2026-10-07T23:13:29.3603492Z Restore Key:
2026-10-07T23:13:29.3604014Z     v0-rust-parity-models-Linux-x64-6601efbe
2026-10-07T23:13:29.3604665Z Cache Key:
2026-10-07T23:13:29.3605224Z     v0-rust-parity-models-Linux-x64-6601efbe-115c7281
2026-10-07T23:13:29.3605940Z .. Prefix:
2026-10-07T23:13:29.3606462Z   - v0-rust-parity-models-Linux-x64
2026-10-07T23:13:29.3607092Z .. Environment considered:
2026-10-07T23:13:29.3607613Z   - Rust Versions:
2026-10-07T23:13:29.3608450Z     - 1.94.1 x86_64-unknown-linux-gnu e408947bfd200af42db322daf0fadfe7e26d3bd1
2026-10-07T23:13:29.3609173Z     - 1.98.1 x86_64-unknown-linux-gnu 48a229ceaefd4985c50990b14116b6d856af0985
2026-10-07T23:13:29.3609707Z   - CARGO_HOME
2026-10-07T23:13:29.3609992Z   - CARGO_INCREMENTAL
2026-10-07T23:13:29.3610296Z   - CARGO_TERM_COLOR
2026-10-07T23:13:29.3610586Z   - RUSTFLAGS
2026-10-07T23:13:29.3610866Z .. Lockfiles considered:
2026-10-07T23:13:29.3611311Z   - /home/runner/work/hydrus-mine/hydrus-mine/.cargo/config.toml
2026-10-07T23:13:29.3611896Z   - /home/runner/work/hydrus-mine/hydrus-mine/Cargo.lock
2026-10-07T23:13:29.3612514Z   - /home/runner/work/hydrus-mine/hydrus-mine/crates/hydrus-api/Cargo.toml
2026-10-07T23:13:29.3613222Z   - /home/runner/work/hydrus-mine/hydrus-mine/crates/hydrus-cli/Cargo.toml
2026-10-07T23:13:29.3613936Z   - /home/runner/work/hydrus-mine/hydrus-mine/crates/hydrus-core/Cargo.toml
2026-10-07T23:13:29.3614573Z   - /home/runner/work/hydrus-mine/hydrus-mine/crates/hydrus-download/Cargo.toml
2026-10-07T23:13:29.3615137Z   - /home/runner/work/hydrus-mine/hydrus-mine/crates/hydrus-downloader-exchange/Cargo.toml
2026-10-07T23:13:29.3616036Z   - /home/runner/work/hydrus-mine/hydrus-mine/crates/hydrus-duplicates/Cargo.toml
2026-10-07T23:13:29.3616570Z   - /home/runner/work/hydrus-mine/hydrus-mine/crates/hydrus-gui-model/Cargo.toml
2026-10-07T23:13:29.3617082Z   - /home/runner/work/hydrus-mine/hydrus-mine/crates/hydrus-gui-ui/Cargo.toml
2026-10-07T23:13:29.3617573Z   - /home/runner/work/hydrus-mine/hydrus-mine/crates/hydrus-gui/Cargo.toml
2026-10-07T23:13:29.3618361Z   - /home/runner/work/hydrus-mine/hydrus-mine/crates/hydrus-import/Cargo.toml
2026-10-07T23:13:29.3618924Z   - /home/runner/work/hydrus-mine/hydrus-mine/crates/hydrus-legacy/Cargo.toml
2026-10-07T23:13:29.3619444Z   - /home/runner/work/hydrus-mine/hydrus-mine/crates/hydrus-media/Cargo.toml
2026-10-07T23:13:29.3619951Z   - /home/runner/work/hydrus-mine/hydrus-mine/crates/hydrus-net/Cargo.toml
2026-10-07T23:13:29.3620452Z   - /home/runner/work/hydrus-mine/hydrus-mine/crates/hydrus-parse/Cargo.toml
2026-10-07T23:13:29.3620960Z   - /home/runner/work/hydrus-mine/hydrus-mine/crates/hydrus-search/Cargo.toml
2026-10-07T23:13:29.3621456Z   - /home/runner/work/hydrus-mine/hydrus-mine/crates/hydrus-store/Cargo.toml
2026-10-07T23:13:29.3621974Z   - /home/runner/work/hydrus-mine/hydrus-mine/crates/hydrus-testkit/Cargo.toml
2026-10-07T23:13:29.3622466Z   - /home/runner/work/hydrus-mine/hydrus-mine/rust-toolchain.toml
2026-10-07T23:13:29.3622901Z   - /home/runner/work/hydrus-mine/hydrus-mine/xtask/Cargo.toml
2026-10-07T23:13:29.3623451Z ##[endgroup]
2026-10-07T23:13:29.3623581Z 
2026-10-07T23:13:32.0346623Z ... Cleaning /home/runner/work/hydrus-mine/hydrus-mine/target ...
2026-10-07T23:13:32.2868627Z ... Cleaning cargo registry (cache-all-crates: false) ...
2026-10-07T23:13:34.1554789Z ... Cleaning cargo/bin ...
2026-10-07T23:13:34.1573769Z ... Cleaning cargo git cache ...
2026-10-07T23:13:34.1578335Z ... Saving cache ...
2026-10-07T23:13:34.1748586Z [command]/usr/bin/tar --posix -cf cache.tzst --exclude cache.tzst -P -C /home/runner/work/hydrus-mine/hydrus-mine --files-from manifest.txt --use-compress-program zstdmt
2026-10-07T23:13:40.0888825Z Sent 0 of 613017924 (0.0%), 0.0 MBs/sec
2026-10-07T23:13:40.7886778Z Sent 613017924 of 613017924 (100.0%), 343.9 MBs/sec
2026-10-07T23:13:40.9671405Z Post job cleanup.
2026-10-07T23:13:41.0520359Z [command]/usr/bin/git version
2026-10-07T23:13:41.0559528Z git version 2.55.0
2026-10-07T23:13:41.0598673Z Temporarily overriding HOME='/home/runner/work/_temp/f4399541-0fbf-416e-b756-07dd874640e0' before making global git config changes
2026-10-07T23:13:41.0599843Z Adding repository directory to the temporary git global config as a safe directory
2026-10-07T23:13:41.0604308Z [command]/usr/bin/git config --global --add safe.directory /home/runner/work/hydrus-mine/hydrus-mine
2026-10-07T23:13:41.0641767Z [command]/usr/bin/git config --local --name-only --get-regexp core\.sshCommand
2026-10-07T23:13:41.0676983Z [command]/usr/bin/git submodule foreach --recursive sh -c "git config --local --name-only --get-regexp 'core\.sshCommand' && git config --local --unset-all 'core.sshCommand' || :"
2026-10-07T23:13:41.0913398Z [command]/usr/bin/git config --local --name-only --get-regexp http\.https\:\/\/github\.com\/\.extraheader
2026-10-07T23:13:41.0941129Z http.https://github.com/.extraheader
2026-10-07T23:13:41.0952177Z [command]/usr/bin/git config --local --unset-all http.https://github.com/.extraheader
2026-10-07T23:13:41.0985056Z [command]/usr/bin/git submodule foreach --recursive sh -c "git config --local --name-only --get-regexp 'http\.https\:\/\/github\.com\/\.extraheader' && git config --local --unset-all 'http.https://github.com/.extraheader' || :"
2026-10-07T23:13:41.1219752Z [command]/usr/bin/git config --local --name-only --get-regexp ^includeIf\.gitdir:
2026-10-07T23:13:41.1252924Z [command]/usr/bin/git submodule foreach --recursive git config --local --show-origin --name-only --get-regexp remote.origin.url
2026-10-07T23:13:41.1629128Z Cleaning up orphan processes
2026-10-07T23:13:41.1994475Z ##[warning]Node.js 20 is deprecated. The following actions target Node.js 20 but are being forced to run on Node.js 24: actions/checkout@v4. For more information see: https://github.blog/changelog/2025-09-19-deprecation-of-node-20-on-github-actions-runners/
