2026-10-07T12:02:03.0925960Z Current runner version: '2.337.0'
2026-10-07T12:02:03.0948417Z ##[group]Runner Image Provisioner
2026-10-07T12:02:03.0949282Z Hosted Compute Agent
2026-10-07T12:02:03.0949838Z Version: 20261002.596
2026-10-07T12:02:03.0950930Z Commit: c3d12f3313a95f25162a1503be624f3b0617f8c0
2026-10-07T12:02:03.0951678Z Build Date: 2026-10-02T22:28:27Z
2026-10-07T12:02:03.0952439Z Worker ID: {87d4d197-417b-4402-a308-67fb2a22170a}
2026-10-07T12:02:03.0953150Z Region: westus3
2026-10-07T12:02:03.0953673Z Cloud: Azure
2026-10-07T12:02:03.0954241Z ##[endgroup]
2026-10-07T12:02:03.0955591Z ##[group]Operating System
2026-10-07T12:02:03.0956225Z Ubuntu
2026-10-07T12:02:03.0956781Z 24.04.5
2026-10-07T12:02:03.0957285Z LTS
2026-10-07T12:02:03.0957812Z ##[endgroup]
2026-10-07T12:02:03.0958350Z ##[group]Runner Image
2026-10-07T12:02:03.0958990Z Image: ubuntu-24.04
2026-10-07T12:02:03.0959561Z Version: 20261004.327.1
2026-10-07T12:02:03.0961065Z Included Software: https://github.com/actions/runner-images/blob/ubuntu24/20261004.327/images/ubuntu/Ubuntu2404-Readme.md
2026-10-07T12:02:03.0962592Z Image Release: https://github.com/actions/runner-images/releases/tag/ubuntu24%2F20261004.327
2026-10-07T12:02:03.0963579Z ##[endgroup]
2026-10-07T12:02:03.0964779Z ##[group]GITHUB_TOKEN Permissions
2026-10-07T12:02:03.0966803Z Contents: read
2026-10-07T12:02:03.0967403Z Metadata: read
2026-10-07T12:02:03.0967985Z Packages: read
2026-10-07T12:02:03.0968598Z ##[endgroup]
2026-10-07T12:02:03.0971220Z Secret source: Actions
2026-10-07T12:02:03.0972245Z Cache mode: write
2026-10-07T12:02:03.0972967Z Prepare workflow directory
2026-10-07T12:02:03.1283998Z Prepare all required actions
2026-10-07T12:02:03.1323646Z Getting action download info
2026-10-07T12:02:03.4956477Z Download action repository 'actions/checkout@v4' (SHA:11d5960a326750d5838078e36cf38b85af677262)
2026-10-07T12:02:03.6018567Z Download action repository 'dtolnay/rust-toolchain@master' (SHA:7e38f4b43b4db5c8dd498af069a4f6196df1d067)
2026-10-07T12:02:03.8451348Z Download action repository 'Swatinem/rust-cache@v2' (SHA:6323deb102c322ba6fcbdcafc7e3dddab59af2b6)
2026-10-07T12:02:04.6870240Z Download action repository 'actions/cache@v4' (SHA:0057852bfaa89a56745cba8c7296529d2fc39830)
2026-10-07T12:02:04.8677717Z Download action repository 'actions/upload-artifact@v4' (SHA:ea165f8d65b6e75b540449e92b4886f43607fa02)
2026-10-07T12:02:05.1727077Z Complete job name: check
2026-10-07T12:02:05.2375216Z ##[group]Run actions/checkout@v4
2026-10-07T12:02:05.2375832Z with:
2026-10-07T12:02:05.2376180Z   repository: jkendall327/hydrus-mine
2026-10-07T12:02:05.2378382Z   token: ***
2026-10-07T12:02:05.2378719Z   ssh-strict: true
2026-10-07T12:02:05.2379038Z   ssh-user: git
2026-10-07T12:02:05.2379344Z   persist-credentials: true
2026-10-07T12:02:05.2379726Z   clean: true
2026-10-07T12:02:05.2380074Z   sparse-checkout-cone-mode: true
2026-10-07T12:02:05.2380671Z   fetch-depth: 1
2026-10-07T12:02:05.2380985Z   fetch-tags: false
2026-10-07T12:02:05.2381277Z   show-progress: true
2026-10-07T12:02:05.2381617Z   lfs: false
2026-10-07T12:02:05.2381951Z   submodules: false
2026-10-07T12:02:05.2382259Z   set-safe-directory: true
2026-10-07T12:02:05.2382622Z   allow-unsafe-pr-checkout: false
2026-10-07T12:02:05.2383079Z env:
2026-10-07T12:02:05.2383407Z   CARGO_TERM_COLOR: always
2026-10-07T12:02:05.2383764Z   RUSTFLAGS: -D warnings
2026-10-07T12:02:05.2384066Z ##[endgroup]
2026-10-07T12:02:05.3259165Z Syncing repository: jkendall327/hydrus-mine
2026-10-07T12:02:05.3261003Z ##[group]Getting Git version info
2026-10-07T12:02:05.3261643Z Working directory is '/home/runner/work/hydrus-mine/hydrus-mine'
2026-10-07T12:02:05.3262469Z [command]/usr/bin/git version
2026-10-07T12:02:05.3301064Z git version 2.55.0
2026-10-07T12:02:05.3317775Z ##[endgroup]
2026-10-07T12:02:05.3329010Z Temporarily overriding HOME='/home/runner/work/_temp/5b82ea46-6112-49d5-96a9-8c8e3cd8e66b' before making global git config changes
2026-10-07T12:02:05.3329845Z Adding repository directory to the temporary git global config as a safe directory
2026-10-07T12:02:05.3333386Z [command]/usr/bin/git config --global --add safe.directory /home/runner/work/hydrus-mine/hydrus-mine
2026-10-07T12:02:05.3368537Z Deleting the contents of '/home/runner/work/hydrus-mine/hydrus-mine'
2026-10-07T12:02:05.3371579Z ##[group]Initializing the repository
2026-10-07T12:02:05.3374511Z [command]/usr/bin/git init /home/runner/work/hydrus-mine/hydrus-mine
2026-10-07T12:02:05.3448739Z hint: Using 'master' as the name for the initial branch. This default branch name
2026-10-07T12:02:05.3449711Z hint: will change to "main" in Git 3.0. To configure the initial branch name
2026-10-07T12:02:05.3450806Z hint: to use in all of your new repositories, which will suppress this warning,
2026-10-07T12:02:05.3451495Z hint: call:
2026-10-07T12:02:05.3451878Z hint:
2026-10-07T12:02:05.3452500Z hint: 	git config --global init.defaultBranch <name>
2026-10-07T12:02:05.3453044Z hint:
2026-10-07T12:02:05.3453575Z hint: Names commonly chosen instead of 'master' are 'main', 'trunk' and
2026-10-07T12:02:05.3454421Z hint: 'development'. The just-created branch can be renamed via this command:
2026-10-07T12:02:05.3455093Z hint:
2026-10-07T12:02:05.3455621Z hint: 	git branch -m <name>
2026-10-07T12:02:05.3456125Z hint:
2026-10-07T12:02:05.3456724Z hint: Disable this message with "git config set advice.defaultBranchName false"
2026-10-07T12:02:05.3457574Z Initialized empty Git repository in /home/runner/work/hydrus-mine/hydrus-mine/.git/
2026-10-07T12:02:05.3459349Z [command]/usr/bin/git remote add origin https://github.com/jkendall327/hydrus-mine
2026-10-07T12:02:05.3497767Z ##[endgroup]
2026-10-07T12:02:05.3498850Z ##[group]Disabling automatic garbage collection
2026-10-07T12:02:05.3506566Z [command]/usr/bin/git config --local gc.auto 0
2026-10-07T12:02:05.3528324Z ##[endgroup]
2026-10-07T12:02:05.3528876Z ##[group]Setting up auth
2026-10-07T12:02:05.3533418Z [command]/usr/bin/git config --local --name-only --get-regexp core\.sshCommand
2026-10-07T12:02:05.3555876Z [command]/usr/bin/git submodule foreach --recursive sh -c "git config --local --name-only --get-regexp 'core\.sshCommand' && git config --local --unset-all 'core.sshCommand' || :"
2026-10-07T12:02:05.3811710Z [command]/usr/bin/git config --local --name-only --get-regexp http\.https\:\/\/github\.com\/\.extraheader
2026-10-07T12:02:05.3836324Z [command]/usr/bin/git submodule foreach --recursive sh -c "git config --local --name-only --get-regexp 'http\.https\:\/\/github\.com\/\.extraheader' && git config --local --unset-all 'http.https://github.com/.extraheader' || :"
2026-10-07T12:02:05.4003907Z [command]/usr/bin/git config --local --name-only --get-regexp ^includeIf\.gitdir:
2026-10-07T12:02:05.4024608Z [command]/usr/bin/git submodule foreach --recursive git config --local --show-origin --name-only --get-regexp remote.origin.url
2026-10-07T12:02:05.4178525Z [command]/usr/bin/git config --local http.https://github.com/.extraheader AUTHORIZATION: basic ***
2026-10-07T12:02:05.4207089Z ##[endgroup]
2026-10-07T12:02:05.4208000Z ##[group]Fetching the repository
2026-10-07T12:02:05.4215022Z [command]/usr/bin/git -c protocol.version=2 fetch --no-tags --prune --no-recurse-submodules --depth=1 origin +95bbbed2cdd5f254a71330a00a2eb15f24b771a8:refs/remotes/origin/codex/validation-runner
2026-10-07T12:02:26.2942773Z From https://github.com/jkendall327/hydrus-mine
2026-10-07T12:02:26.2944450Z  * [new ref]         95bbbed2cdd5f254a71330a00a2eb15f24b771a8 -> origin/codex/validation-runner
2026-10-07T12:02:26.2946435Z ##[endgroup]
2026-10-07T12:02:26.2947162Z ##[group]Determining the checkout info
2026-10-07T12:02:26.2948554Z ##[endgroup]
2026-10-07T12:02:26.2957138Z [command]/usr/bin/git sparse-checkout disable
2026-10-07T12:02:26.3025340Z [command]/usr/bin/git config --local --unset-all extensions.worktreeConfig
2026-10-07T12:02:26.3047258Z ##[group]Checking out the ref
2026-10-07T12:02:26.3061695Z [command]/usr/bin/git checkout --progress --force -B codex/validation-runner refs/remotes/origin/codex/validation-runner
2026-10-07T12:02:27.3194688Z Updating files:  94% (5170/5456)
2026-10-07T12:02:27.3224257Z Updating files:  95% (5184/5456)
2026-10-07T12:02:27.3259643Z Updating files:  96% (5238/5456)
2026-10-07T12:02:27.3279272Z Updating files:  97% (5293/5456)
2026-10-07T12:02:27.3297468Z Updating files:  98% (5347/5456)
2026-10-07T12:02:27.3395053Z Updating files:  99% (5402/5456)
2026-10-07T12:02:27.3396024Z Updating files: 100% (5456/5456)
2026-10-07T12:02:27.3396744Z Updating files: 100% (5456/5456), done.
2026-10-07T12:02:27.3448174Z Switched to a new branch 'codex/validation-runner'
2026-10-07T12:02:27.3451431Z branch 'codex/validation-runner' set up to track 'origin/codex/validation-runner'.
2026-10-07T12:02:27.3485821Z ##[endgroup]
2026-10-07T12:02:27.3519118Z [command]/usr/bin/git log -1 --format=%H
2026-10-07T12:02:27.3539899Z 95bbbed2cdd5f254a71330a00a2eb15f24b771a8
2026-10-07T12:02:27.3814459Z ##[group]Run dtolnay/rust-toolchain@master
2026-10-07T12:02:27.3814825Z with:
2026-10-07T12:02:27.3815069Z   toolchain: 1.94
2026-10-07T12:02:27.3815316Z   components: rustfmt, clippy
2026-10-07T12:02:27.3815631Z env:
2026-10-07T12:02:27.3815884Z   CARGO_TERM_COLOR: always
2026-10-07T12:02:27.3816160Z   RUSTFLAGS: -D warnings
2026-10-07T12:02:27.3816560Z ##[endgroup]
2026-10-07T12:02:27.3876322Z ##[start-action display=Parse toolchain version;id=__dtolnay_rust-toolchain.parse]
2026-10-07T12:02:27.3941821Z ##[group]Run if [[ -z $toolchain ]]; then
2026-10-07T12:02:27.3942269Z [36;1mif [[ -z $toolchain ]]; then[0m
2026-10-07T12:02:27.3943017Z [36;1m  # GitHub does not enforce `required: true` inputs itself. https://github.com/actions/runner/issues/1070[0m
2026-10-07T12:02:27.3943529Z [36;1m  echo "'toolchain' is a required input" >&2[0m
2026-10-07T12:02:27.3943862Z [36;1m  exit 1[0m
2026-10-07T12:02:27.3944359Z [36;1melif [[ $toolchain =~ ^stable' '[0-9]+' '(year|month|week|day)s?' 'ago$ ]]; then[0m
2026-10-07T12:02:27.3944739Z [36;1m  if [[ Linux == macOS ]]; then[0m
2026-10-07T12:02:27.3945288Z [36;1m    echo "toolchain=1.$((($(date -v-$(sed 's/stable \([0-9]*\) \(.\).*/\1\2/' <<< $toolchain) +%s)/60/60/24-16569)/7/6))" >> $GITHUB_OUTPUT[0m
2026-10-07T12:02:27.3945802Z [36;1m  else[0m
2026-10-07T12:02:27.3946227Z [36;1m    echo "toolchain=1.$((($(date --date "${toolchain#stable }" +%s)/60/60/24-16569)/7/6))" >> $GITHUB_OUTPUT[0m
2026-10-07T12:02:27.3946662Z [36;1m  fi[0m
2026-10-07T12:02:27.3946973Z [36;1melif [[ $toolchain =~ ^stable' 'minus' '[0-9]+' 'releases?$ ]]; then[0m
2026-10-07T12:02:27.3947497Z [36;1m  echo "toolchain=1.$((($(date +%s)/60/60/24-16569)/7/6-${toolchain//[^0-9]/}))" >> $GITHUB_OUTPUT[0m
2026-10-07T12:02:27.3947957Z [36;1melif [[ $toolchain =~ ^1\.[0-9]+$ ]]; then[0m
2026-10-07T12:02:27.3948611Z [36;1m  echo "toolchain=1.$((i=${toolchain#1.}, c=($(date +%s)/60/60/24-16569)/7/6, i+9*i*(10*i<=c)+90*i*(100*i<=c)))" >> $GITHUB_OUTPUT[0m
2026-10-07T12:02:27.3949089Z [36;1melse[0m
2026-10-07T12:02:27.3949362Z [36;1m  echo "toolchain=$toolchain" >> $GITHUB_OUTPUT[0m
2026-10-07T12:02:27.3949700Z [36;1mfi[0m
2026-10-07T12:02:27.4089105Z shell: /usr/bin/bash --noprofile --norc -e -o pipefail {0}
2026-10-07T12:02:27.4089538Z env:
2026-10-07T12:02:27.4089772Z   CARGO_TERM_COLOR: always
2026-10-07T12:02:27.4090081Z   RUSTFLAGS: -D warnings
2026-10-07T12:02:27.4090460Z   toolchain: 1.94
2026-10-07T12:02:27.4090770Z ##[endgroup]
2026-10-07T12:02:27.4198264Z ##[end-action id=__dtolnay_rust-toolchain.parse;outcome=success;conclusion=success;duration_ms=32]
2026-10-07T12:02:27.4208920Z ##[start-action display=Construct rustup command line;id=__dtolnay_rust-toolchain.flags]
2026-10-07T12:02:27.4237159Z ##[group]Run echo "targets=$(for t in ${targets//,/ }; do echo -n ' --target' $t; done)" >> $GITHUB_OUTPUT
2026-10-07T12:02:27.4238005Z [36;1mecho "targets=$(for t in ${targets//,/ }; do echo -n ' --target' $t; done)" >> $GITHUB_OUTPUT[0m
2026-10-07T12:02:27.4238606Z [36;1mecho "components=$(for c in ${components//,/ }; do echo -n ' --component' $c; done)" >> $GITHUB_OUTPUT[0m
2026-10-07T12:02:27.4239093Z [36;1mecho "downgrade=" >> $GITHUB_OUTPUT[0m
2026-10-07T12:02:27.4271418Z shell: /usr/bin/bash --noprofile --norc -e -o pipefail {0}
2026-10-07T12:02:27.4271868Z env:
2026-10-07T12:02:27.4272158Z   CARGO_TERM_COLOR: always
2026-10-07T12:02:27.4272551Z   RUSTFLAGS: -D warnings
2026-10-07T12:02:27.4272919Z   targets: 
2026-10-07T12:02:27.4273277Z   components: rustfmt, clippy
2026-10-07T12:02:27.4273627Z ##[endgroup]
2026-10-07T12:02:27.4341472Z ##[end-action id=__dtolnay_rust-toolchain.flags;outcome=success;conclusion=success;duration_ms=13]
2026-10-07T12:02:27.4344335Z ##[start-action display=Set $CARGO_HOME;id=__dtolnay_rust-toolchain.__run]
2026-10-07T12:02:27.4365566Z ##[group]Run echo CARGO_HOME=${CARGO_HOME:-"$HOME/.cargo"} >> $GITHUB_ENV
2026-10-07T12:02:27.4366129Z [36;1mecho CARGO_HOME=${CARGO_HOME:-"$HOME/.cargo"} >> $GITHUB_ENV[0m
2026-10-07T12:02:27.4397324Z shell: /usr/bin/bash --noprofile --norc -e -o pipefail {0}
2026-10-07T12:02:27.4397820Z env:
2026-10-07T12:02:27.4398109Z   CARGO_TERM_COLOR: always
2026-10-07T12:02:27.4398510Z   RUSTFLAGS: -D warnings
2026-10-07T12:02:27.4398822Z ##[endgroup]
2026-10-07T12:02:27.4452500Z ##[end-action id=__dtolnay_rust-toolchain.__run;outcome=success;conclusion=success;duration_ms=10]
2026-10-07T12:02:27.4454772Z ##[start-action display=Install rustup if needed;id=__dtolnay_rust-toolchain.__run_2]
2026-10-07T12:02:27.4478995Z ##[group]Run if ! command -v rustup &>/dev/null; then
2026-10-07T12:02:27.4479395Z [36;1mif ! command -v rustup &>/dev/null; then[0m
2026-10-07T12:02:27.4480071Z [36;1m  curl --proto '=https' --tlsv1.2 --retry 10 --retry-connrefused --location --silent --show-error --fail https://sh.rustup.rs | sh -s -- --default-toolchain none -y[0m
2026-10-07T12:02:27.4480953Z [36;1m  echo "$CARGO_HOME/bin" >> $GITHUB_PATH[0m
2026-10-07T12:02:27.4481278Z [36;1mfi[0m
2026-10-07T12:02:27.4506862Z shell: /usr/bin/bash --noprofile --norc -e -o pipefail {0}
2026-10-07T12:02:27.4507269Z env:
2026-10-07T12:02:27.4507528Z   CARGO_TERM_COLOR: always
2026-10-07T12:02:27.4507900Z   RUSTFLAGS: -D warnings
2026-10-07T12:02:27.4508221Z   CARGO_HOME: /home/runner/.cargo
2026-10-07T12:02:27.4508524Z ##[endgroup]
2026-10-07T12:02:27.4555890Z ##[end-action id=__dtolnay_rust-toolchain.__run_2;outcome=success;conclusion=success;duration_ms=10]
2026-10-07T12:02:27.4558139Z ##[start-action display=Install rustup if needed on windows;id=__dtolnay_rust-toolchain.__run_3]
2026-10-07T12:02:27.4564816Z ##[end-action id=__dtolnay_rust-toolchain.__run_3;outcome=skipped;conclusion=skipped;duration_ms=0]
2026-10-07T12:02:27.4574036Z ##[start-action display=rustup toolchain install 1.94;id=__dtolnay_rust-toolchain.__run_4]
2026-10-07T12:02:27.4592795Z ##[group]Run log=$(mktemp)
2026-10-07T12:02:27.4593133Z [36;1mlog=$(mktemp)[0m
2026-10-07T12:02:27.4593410Z [36;1mtrap 'rm -f "$log"' EXIT[0m
2026-10-07T12:02:27.4593772Z [36;1mfor attempt in 1 2 3 4 5; do[0m
2026-10-07T12:02:27.4594361Z [36;1m  if rustup toolchain install 1.94 --component rustfmt --component clippy --profile minimal --no-self-update --force-non-host 2>&1 | tee "$log"; then[0m
2026-10-07T12:02:27.4594947Z [36;1m    break[0m
2026-10-07T12:02:27.4595219Z [36;1m  else[0m
2026-10-07T12:02:27.4595462Z [36;1m    status=$?[0m
2026-10-07T12:02:27.4595718Z [36;1m  fi[0m
2026-10-07T12:02:27.4596050Z [36;1m  if [[ $attempt == 5 ]] || ! grep -Fq 'checksum failed for ' "$log" \[0m
2026-10-07T12:02:27.4596585Z [36;1m      || ! grep -Fq 'this is likely due to an ongoing update of the official release server' "$log"; then[0m
2026-10-07T12:02:27.4597066Z [36;1m    exit "$status"[0m
2026-10-07T12:02:27.4597329Z [36;1m  fi[0m
2026-10-07T12:02:27.4597693Z [36;1m  echo "Retrying rustup toolchain install in 30 seconds (retry $attempt of 4)" >&2[0m
2026-10-07T12:02:27.4598112Z [36;1m  sleep 30[0m
2026-10-07T12:02:27.4598383Z [36;1mdone[0m
2026-10-07T12:02:27.4623430Z shell: /usr/bin/bash --noprofile --norc -e -o pipefail {0}
2026-10-07T12:02:27.4623845Z env:
2026-10-07T12:02:27.4624132Z   CARGO_TERM_COLOR: always
2026-10-07T12:02:27.4624414Z   RUSTFLAGS: -D warnings
2026-10-07T12:02:27.4625151Z   CARGO_HOME: /home/runner/.cargo
2026-10-07T12:02:27.4625493Z   RUSTUP_PERMIT_COPY_RENAME: 1
2026-10-07T12:02:27.4625770Z ##[endgroup]
2026-10-07T12:02:27.5389239Z info: syncing channel updates for 1.94-x86_64-unknown-linux-gnu
2026-10-07T12:02:27.8360570Z info: latest update on 2026-03-26 for version 1.94.1 (e408947bf 2026-03-25)
2026-10-07T12:02:27.8361399Z info: downloading 5 components
2026-10-07T12:02:35.7808431Z 
2026-10-07T12:02:35.7873073Z   1.94-x86_64-unknown-linux-gnu installed - rustc 1.94.1 (e408947bf 2026-03-25)
2026-10-07T12:02:35.7873457Z 
2026-10-07T12:02:35.7912745Z ##[end-action id=__dtolnay_rust-toolchain.__run_4;outcome=success;conclusion=success;duration_ms=8333]
2026-10-07T12:02:35.7918361Z ##[start-action display=rustup default 1.94;id=__dtolnay_rust-toolchain.__run_5]
2026-10-07T12:02:35.7936596Z ##[group]Run rustup default 1.94 --force-non-host
2026-10-07T12:02:35.7936966Z [36;1mrustup default 1.94 --force-non-host[0m
2026-10-07T12:02:35.7972152Z shell: /usr/bin/bash --noprofile --norc -e -o pipefail {0}
2026-10-07T12:02:35.7972595Z env:
2026-10-07T12:02:35.7972848Z   CARGO_TERM_COLOR: always
2026-10-07T12:02:35.7973119Z   RUSTFLAGS: -D warnings
2026-10-07T12:02:35.7973450Z   CARGO_HOME: /home/runner/.cargo
2026-10-07T12:02:35.7973761Z ##[endgroup]
2026-10-07T12:02:35.8059936Z info: using existing install for 1.94-x86_64-unknown-linux-gnu
2026-10-07T12:02:35.8067364Z info: default toolchain set to 1.94-x86_64-unknown-linux-gnu
2026-10-07T12:02:35.8067619Z 
2026-10-07T12:02:35.8129977Z   1.94-x86_64-unknown-linux-gnu unchanged - rustc 1.94.1 (e408947bf 2026-03-25)
2026-10-07T12:02:35.8130658Z 
2026-10-07T12:02:35.8131138Z info: note that the toolchain '1.94-x86_64-unknown-linux-gnu' is currently in use (overridden by '/home/runner/work/hydrus-mine/hydrus-mine/rust-toolchain.toml')
2026-10-07T12:02:35.8141485Z ##[end-action id=__dtolnay_rust-toolchain.__run_5;outcome=success;conclusion=success;duration_ms=22]
2026-10-07T12:02:35.8143778Z ##[start-action display=Create cachekey;id=__dtolnay_rust-toolchain.rustc-version]
2026-10-07T12:02:35.8161407Z ##[group]Run DATE=$(rustc +1.94 --version --verbose | sed -ne 's/^commit-date: \(20[0-9][0-9]\)-\([01][0-9]\)-\([0-3][0-9]\)$/\1\2\3/p')
2026-10-07T12:02:35.8162117Z [36;1mDATE=$(rustc +1.94 --version --verbose | sed -ne 's/^commit-date: \(20[0-9][0-9]\)-\([01][0-9]\)-\([0-3][0-9]\)$/\1\2\3/p')[0m
2026-10-07T12:02:35.8162666Z [36;1mHASH=$(rustc +1.94 --version --verbose | sed -ne 's/^commit-hash: //p')[0m
2026-10-07T12:02:35.8163180Z [36;1mecho "cachekey=$(echo $DATE$HASH | head -c12)" >> $GITHUB_OUTPUT[0m
2026-10-07T12:02:35.8190261Z shell: /usr/bin/bash --noprofile --norc -e -o pipefail {0}
2026-10-07T12:02:35.8190953Z env:
2026-10-07T12:02:35.8191264Z   CARGO_TERM_COLOR: always
2026-10-07T12:02:35.8191556Z   RUSTFLAGS: -D warnings
2026-10-07T12:02:35.8191831Z   CARGO_HOME: /home/runner/.cargo
2026-10-07T12:02:35.8192525Z ##[endgroup]
2026-10-07T12:02:35.8448531Z ##[end-action id=__dtolnay_rust-toolchain.rustc-version;outcome=success;conclusion=success;duration_ms=30]
2026-10-07T12:02:35.8451133Z ##[start-action display=Disable incremental compilation;id=__dtolnay_rust-toolchain.__run_6]
2026-10-07T12:02:35.8466492Z ##[group]Run if [ -z "${CARGO_INCREMENTAL+set}" ]; then
2026-10-07T12:02:35.8466945Z [36;1mif [ -z "${CARGO_INCREMENTAL+set}" ]; then[0m
2026-10-07T12:02:35.8467317Z [36;1m  echo CARGO_INCREMENTAL=0 >> $GITHUB_ENV[0m
2026-10-07T12:02:35.8467654Z [36;1mfi[0m
2026-10-07T12:02:35.8497221Z shell: /usr/bin/bash --noprofile --norc -e -o pipefail {0}
2026-10-07T12:02:35.8497709Z env:
2026-10-07T12:02:35.8498056Z   CARGO_TERM_COLOR: always
2026-10-07T12:02:35.8498504Z   RUSTFLAGS: -D warnings
2026-10-07T12:02:35.8498900Z   CARGO_HOME: /home/runner/.cargo
2026-10-07T12:02:35.8499299Z ##[endgroup]
2026-10-07T12:02:35.8552682Z ##[end-action id=__dtolnay_rust-toolchain.__run_6;outcome=success;conclusion=success;duration_ms=10]
2026-10-07T12:02:35.8555119Z ##[start-action display=Enable colors in Cargo output;id=__dtolnay_rust-toolchain.__run_7]
2026-10-07T12:02:35.8573430Z ##[group]Run if [ -z "${CARGO_TERM_COLOR+set}" ]; then
2026-10-07T12:02:35.8573860Z [36;1mif [ -z "${CARGO_TERM_COLOR+set}" ]; then[0m
2026-10-07T12:02:35.8574268Z [36;1m  echo CARGO_TERM_COLOR=always >> $GITHUB_ENV[0m
2026-10-07T12:02:35.8574647Z [36;1mfi[0m
2026-10-07T12:02:35.8602940Z shell: /usr/bin/bash --noprofile --norc -e -o pipefail {0}
2026-10-07T12:02:35.8603388Z env:
2026-10-07T12:02:35.8603743Z   CARGO_TERM_COLOR: always
2026-10-07T12:02:35.8604043Z   RUSTFLAGS: -D warnings
2026-10-07T12:02:35.8604402Z   CARGO_HOME: /home/runner/.cargo
2026-10-07T12:02:35.8604730Z   CARGO_INCREMENTAL: 0
2026-10-07T12:02:35.8605025Z ##[endgroup]
2026-10-07T12:02:35.8651844Z ##[end-action id=__dtolnay_rust-toolchain.__run_7;outcome=success;conclusion=success;duration_ms=9]
2026-10-07T12:02:35.8654134Z ##[start-action display=Enable Cargo sparse registry;id=__dtolnay_rust-toolchain.__run_8]
2026-10-07T12:02:35.8670962Z ##[group]Run # implemented in 1.66, stabilized in 1.68, made default in 1.70
2026-10-07T12:02:35.8671515Z [36;1m# implemented in 1.66, stabilized in 1.68, made default in 1.70[0m
2026-10-07T12:02:35.8672144Z [36;1mif [ -z "${CARGO_REGISTRIES_CRATES_IO_PROTOCOL+set}" -o -f "/home/runner/work/_temp"/.implicit_cargo_registries_crates_io_protocol ]; then[0m
2026-10-07T12:02:35.8672793Z [36;1m  if rustc +1.94 --version --verbose | grep -q '^release: 1\.6[89]\.'; then[0m
2026-10-07T12:02:35.8673298Z [36;1m    touch "/home/runner/work/_temp"/.implicit_cargo_registries_crates_io_protocol || true[0m
2026-10-07T12:02:35.8673800Z [36;1m    echo CARGO_REGISTRIES_CRATES_IO_PROTOCOL=sparse >> $GITHUB_ENV[0m
2026-10-07T12:02:35.8674301Z [36;1m  elif rustc +1.94 --version --verbose | grep -q '^release: 1\.6[67]\.'; then[0m
2026-10-07T12:02:35.8674810Z [36;1m    touch "/home/runner/work/_temp"/.implicit_cargo_registries_crates_io_protocol || true[0m
2026-10-07T12:02:35.8675286Z [36;1m    echo CARGO_REGISTRIES_CRATES_IO_PROTOCOL=git >> $GITHUB_ENV[0m
2026-10-07T12:02:35.8675658Z [36;1m  fi[0m
2026-10-07T12:02:35.8675890Z [36;1mfi[0m
2026-10-07T12:02:35.8700191Z shell: /usr/bin/bash --noprofile --norc -e -o pipefail {0}
2026-10-07T12:02:35.8700698Z env:
2026-10-07T12:02:35.8700959Z   CARGO_TERM_COLOR: always
2026-10-07T12:02:35.8701214Z   RUSTFLAGS: -D warnings
2026-10-07T12:02:35.8701519Z   CARGO_HOME: /home/runner/.cargo
2026-10-07T12:02:35.8701802Z   CARGO_INCREMENTAL: 0
2026-10-07T12:02:35.8702095Z ##[endgroup]
2026-10-07T12:02:35.8940888Z ##[end-action id=__dtolnay_rust-toolchain.__run_8;outcome=success;conclusion=success;duration_ms=28]
2026-10-07T12:02:35.8943142Z ##[start-action display=Work around spurious network errors in curl 8.0;id=__dtolnay_rust-toolchain.__run_9]
2026-10-07T12:02:35.8960050Z ##[group]Run # https://rust-lang.zulipchat.com/#narrow/stream/246057-t-cargo/topic/timeout.20investigation
2026-10-07T12:02:35.8960954Z [36;1m# https://rust-lang.zulipchat.com/#narrow/stream/246057-t-cargo/topic/timeout.20investigation[0m
2026-10-07T12:02:35.8961532Z [36;1mif rustc +1.94 --version --verbose | grep -q '^release: 1\.7[01]\.'; then[0m
2026-10-07T12:02:35.8961978Z [36;1m  echo CARGO_HTTP_MULTIPLEXING=false >> $GITHUB_ENV[0m
2026-10-07T12:02:35.8962303Z [36;1mfi[0m
2026-10-07T12:02:35.8987697Z shell: /usr/bin/bash --noprofile --norc -e -o pipefail {0}
2026-10-07T12:02:35.8988107Z env:
2026-10-07T12:02:35.8988398Z   CARGO_TERM_COLOR: always
2026-10-07T12:02:35.8988662Z   RUSTFLAGS: -D warnings
2026-10-07T12:02:35.8988976Z   CARGO_HOME: /home/runner/.cargo
2026-10-07T12:02:35.8989284Z   CARGO_INCREMENTAL: 0
2026-10-07T12:02:35.8989540Z ##[endgroup]
2026-10-07T12:02:35.9131143Z ##[end-action id=__dtolnay_rust-toolchain.__run_9;outcome=success;conclusion=success;duration_ms=18]
2026-10-07T12:02:35.9134444Z ##[start-action display=rustc +1.94 --version --verbose;id=__dtolnay_rust-toolchain.__run_10]
2026-10-07T12:02:35.9151073Z ##[group]Run rustc +1.94 --version --verbose
2026-10-07T12:02:35.9151449Z [36;1mrustc +1.94 --version --verbose[0m
2026-10-07T12:02:35.9176456Z shell: /usr/bin/bash --noprofile --norc -e -o pipefail {0}
2026-10-07T12:02:35.9176803Z env:
2026-10-07T12:02:35.9177108Z   CARGO_TERM_COLOR: always
2026-10-07T12:02:35.9177410Z   RUSTFLAGS: -D warnings
2026-10-07T12:02:35.9177688Z   CARGO_HOME: /home/runner/.cargo
2026-10-07T12:02:35.9177987Z   CARGO_INCREMENTAL: 0
2026-10-07T12:02:35.9178258Z ##[endgroup]
2026-10-07T12:02:35.9304290Z rustc 1.94.1 (e408947bf 2026-03-25)
2026-10-07T12:02:35.9305018Z binary: rustc
2026-10-07T12:02:35.9305603Z commit-hash: e408947bfd200af42db322daf0fadfe7e26d3bd1
2026-10-07T12:02:35.9306177Z commit-date: 2026-03-25
2026-10-07T12:02:35.9306703Z host: x86_64-unknown-linux-gnu
2026-10-07T12:02:35.9307096Z release: 1.94.1
2026-10-07T12:02:35.9307566Z LLVM version: 21.1.8
2026-10-07T12:02:35.9317766Z ##[end-action id=__dtolnay_rust-toolchain.__run_10;outcome=success;conclusion=success;duration_ms=18]
2026-10-07T12:02:35.9423293Z ##[group]Run Swatinem/rust-cache@v2
2026-10-07T12:02:35.9423636Z with:
2026-10-07T12:02:35.9423899Z   cache-on-failure: true
2026-10-07T12:02:35.9424177Z   cache-workspace-crates: false
2026-10-07T12:02:35.9424443Z   prefix-key: v0-rust
2026-10-07T12:02:35.9424710Z   add-job-id-key: true
2026-10-07T12:02:35.9425024Z   add-rust-environment-hash-key: true
2026-10-07T12:02:35.9425320Z   cache-targets: true
2026-10-07T12:02:35.9425565Z   cache-all-crates: false
2026-10-07T12:02:35.9425803Z   save-if: true
2026-10-07T12:02:35.9426064Z   cache-provider: github
2026-10-07T12:02:35.9426329Z   cache-bin: true
2026-10-07T12:02:35.9426573Z   lookup-only: false
2026-10-07T12:02:35.9426821Z   cmd-format: {0}
2026-10-07T12:02:35.9427055Z env:
2026-10-07T12:02:35.9427539Z   CARGO_TERM_COLOR: always
2026-10-07T12:02:35.9427863Z   RUSTFLAGS: -D warnings
2026-10-07T12:02:35.9428128Z   CARGO_HOME: /home/runner/.cargo
2026-10-07T12:02:35.9428409Z   CARGO_INCREMENTAL: 0
2026-10-07T12:02:35.9428733Z ##[endgroup]
2026-10-07T12:02:37.0727894Z ##[group]Cache Configuration
2026-10-07T12:02:37.0728566Z Cache Provider:
2026-10-07T12:02:37.0729198Z     github
2026-10-07T12:02:37.0729664Z Workspaces:
2026-10-07T12:02:37.0730159Z     /home/runner/work/hydrus-mine/hydrus-mine
2026-10-07T12:02:37.0730827Z Cache Paths:
2026-10-07T12:02:37.0732765Z     /home/runner/.cargo/bin
2026-10-07T12:02:37.0733194Z     /home/runner/.cargo/.crates.toml
2026-10-07T12:02:37.0733662Z     /home/runner/.cargo/.crates2.json
2026-10-07T12:02:37.0734129Z     /home/runner/.cargo/registry
2026-10-07T12:02:37.0734525Z     /home/runner/.cargo/git
2026-10-07T12:02:37.0734935Z     /home/runner/work/hydrus-mine/hydrus-mine/target
2026-10-07T12:02:37.0735513Z Restore Key:
2026-10-07T12:02:37.0735771Z     v0-rust-check-Linux-x64-ff0b8b70
2026-10-07T12:02:37.0736085Z Cache Key:
2026-10-07T12:02:37.0736349Z     v0-rust-check-Linux-x64-ff0b8b70-0ea5e1be
2026-10-07T12:02:37.0736657Z .. Prefix:
2026-10-07T12:02:37.0736926Z   - v0-rust-check-Linux-x64
2026-10-07T12:02:37.0737249Z .. Environment considered:
2026-10-07T12:02:37.0737556Z   - Rust Versions:
2026-10-07T12:02:37.0737924Z     - 1.94.1 x86_64-unknown-linux-gnu e408947bfd200af42db322daf0fadfe7e26d3bd1
2026-10-07T12:02:37.0738404Z     - 1.99.0 x86_64-unknown-linux-gnu b940084d7eb6a299eb4bfeb8e34901bc051e7ac4
2026-10-07T12:02:37.0738801Z   - CARGO_HOME
2026-10-07T12:02:37.0739088Z   - CARGO_INCREMENTAL
2026-10-07T12:02:37.0739482Z   - CARGO_TERM_COLOR
2026-10-07T12:02:37.0739725Z   - RUSTFLAGS
2026-10-07T12:02:37.0740029Z .. Lockfiles considered:
2026-10-07T12:02:37.0740579Z   - /home/runner/work/hydrus-mine/hydrus-mine/.cargo/config.toml
2026-10-07T12:02:37.0741041Z   - /home/runner/work/hydrus-mine/hydrus-mine/Cargo.lock
2026-10-07T12:02:37.0741587Z   - /home/runner/work/hydrus-mine/hydrus-mine/crates/hydrus-api/Cargo.toml
2026-10-07T12:02:37.0742181Z   - /home/runner/work/hydrus-mine/hydrus-mine/crates/hydrus-cli/Cargo.toml
2026-10-07T12:02:37.0742793Z   - /home/runner/work/hydrus-mine/hydrus-mine/crates/hydrus-core/Cargo.toml
2026-10-07T12:02:37.0743539Z   - /home/runner/work/hydrus-mine/hydrus-mine/crates/hydrus-download/Cargo.toml
2026-10-07T12:02:37.0744352Z   - /home/runner/work/hydrus-mine/hydrus-mine/crates/hydrus-downloader-exchange/Cargo.toml
2026-10-07T12:02:37.0744995Z   - /home/runner/work/hydrus-mine/hydrus-mine/crates/hydrus-duplicates/Cargo.toml
2026-10-07T12:02:37.0745682Z   - /home/runner/work/hydrus-mine/hydrus-mine/crates/hydrus-gui-model/Cargo.toml
2026-10-07T12:02:37.0746142Z   - /home/runner/work/hydrus-mine/hydrus-mine/crates/hydrus-gui-ui/Cargo.toml
2026-10-07T12:02:37.0746650Z   - /home/runner/work/hydrus-mine/hydrus-mine/crates/hydrus-gui/Cargo.toml
2026-10-07T12:02:37.0747098Z   - /home/runner/work/hydrus-mine/hydrus-mine/crates/hydrus-import/Cargo.toml
2026-10-07T12:02:37.0747546Z   - /home/runner/work/hydrus-mine/hydrus-mine/crates/hydrus-legacy/Cargo.toml
2026-10-07T12:02:37.0748048Z   - /home/runner/work/hydrus-mine/hydrus-mine/crates/hydrus-media/Cargo.toml
2026-10-07T12:02:37.0748859Z   - /home/runner/work/hydrus-mine/hydrus-mine/crates/hydrus-net/Cargo.toml
2026-10-07T12:02:37.0749573Z   - /home/runner/work/hydrus-mine/hydrus-mine/crates/hydrus-parse/Cargo.toml
2026-10-07T12:02:37.0750485Z   - /home/runner/work/hydrus-mine/hydrus-mine/crates/hydrus-search/Cargo.toml
2026-10-07T12:02:37.0750965Z   - /home/runner/work/hydrus-mine/hydrus-mine/crates/hydrus-store/Cargo.toml
2026-10-07T12:02:37.0751441Z   - /home/runner/work/hydrus-mine/hydrus-mine/crates/hydrus-testkit/Cargo.toml
2026-10-07T12:02:37.0751882Z   - /home/runner/work/hydrus-mine/hydrus-mine/rust-toolchain.toml
2026-10-07T12:02:37.0752331Z   - /home/runner/work/hydrus-mine/hydrus-mine/xtask/Cargo.toml
2026-10-07T12:02:37.0752955Z ##[endgroup]
2026-10-07T12:02:37.0753070Z 
2026-10-07T12:02:37.0753233Z ... Restoring cache ...
2026-10-07T12:02:37.2657841Z Cache hit for: v0-rust-check-Linux-x64-ff0b8b70-0ea5e1be
2026-10-07T12:02:38.4935701Z Received 37748736 of 835142253 (4.5%), 36.0 MBs/sec
2026-10-07T12:02:39.4939128Z Received 222298112 of 835142253 (26.6%), 106.0 MBs/sec
2026-10-07T12:02:40.4995520Z Received 390070272 of 835142253 (46.7%), 124.0 MBs/sec
2026-10-07T12:02:41.4992027Z Received 578813952 of 835142253 (69.3%), 138.0 MBs/sec
2026-10-07T12:02:42.4982557Z Received 788529152 of 835142253 (94.4%), 150.3 MBs/sec
2026-10-07T12:02:42.8108695Z Received 835142253 of 835142253 (100.0%), 149.8 MBs/sec
2026-10-07T12:02:42.8109349Z Cache Size: ~796 MB (835142253 B)
2026-10-07T12:02:42.8209253Z [command]/usr/bin/tar -xf /home/runner/work/_temp/e253dc6f-2ddc-4cc3-8264-40a4c408a18c/cache.tzst -P -C /home/runner/work/hydrus-mine/hydrus-mine --use-compress-program unzstd
2026-10-07T12:02:53.1056609Z Cache restored successfully
2026-10-07T12:02:53.1344314Z Restored from cache key "v0-rust-check-Linux-x64-ff0b8b70-0ea5e1be" full match: true.
2026-10-07T12:02:53.2188581Z ##[group]Run python -m unittest discover -s .github/scripts/tests -v
2026-10-07T12:02:53.2189235Z [36;1mpython -m unittest discover -s .github/scripts/tests -v[0m
2026-10-07T12:02:53.2229917Z shell: /usr/bin/bash -e {0}
2026-10-07T12:02:53.2230415Z env:
2026-10-07T12:02:53.2230716Z   CARGO_TERM_COLOR: always
2026-10-07T12:02:53.2231077Z   RUSTFLAGS: -D warnings
2026-10-07T12:02:53.2231473Z   CARGO_HOME: /home/runner/.cargo
2026-10-07T12:02:53.2231814Z   CARGO_INCREMENTAL: 0
2026-10-07T12:02:53.2232184Z   CACHE_ON_FAILURE: true
2026-10-07T12:02:53.2232502Z ##[endgroup]
2026-10-07T12:02:54.6625622Z test_added_deleted_build_or_neighbouring_docs_input_still_rejects_before_stamp (test_publication_input_ledger.PublicationInputs.test_added_deleted_build_or_neighbouring_docs_input_still_rejects_before_stamp) ... ok
2026-10-07T12:02:54.6705998Z test_excluded_paths_still_reject_unsafe_index_entries_and_total_count (test_publication_input_ledger.PublicationInputs.test_excluded_paths_still_reject_unsafe_index_entries_and_total_count) ... ok
2026-10-07T12:02:54.6778842Z test_previous_full_repository_ledger_version_is_not_accepted (test_publication_input_ledger.PublicationInputs.test_previous_full_repository_ledger_version_is_not_accepted) ... ok
2026-10-07T12:02:54.6906818Z test_publication_add_change_delete_preserves_build_reuse_without_stamping_evidence (test_publication_input_ledger.PublicationInputs.test_publication_add_change_delete_preserves_build_reuse_without_stamping_evidence) ... ok
2026-10-07T12:02:54.7019545Z test_added_or_deleted_inputs_reject (test_workspace_artifact_cache.RestoreSafety.test_added_or_deleted_inputs_reject) ... ok
2026-10-07T12:02:54.7097979Z test_backdated_changed_input_rejected_before_any_stamp (test_workspace_artifact_cache.RestoreSafety.test_backdated_changed_input_rejected_before_any_stamp) ... ok
2026-10-07T12:02:54.7204032Z test_baseline_write_failure_rolls_back_successful_restore_and_blocks (test_workspace_artifact_cache.RestoreSafety.test_baseline_write_failure_rolls_back_successful_restore_and_blocks) ... ok
2026-10-07T12:02:54.7555834Z test_cargo_config_env_target_injections_rejected (test_workspace_artifact_cache.RestoreSafety.test_cargo_config_env_target_injections_rejected) ... ok
2026-10-07T12:02:54.7643795Z test_changed_external_input_remains_newer_than_cached_artifacts (test_workspace_artifact_cache.RestoreSafety.test_changed_external_input_remains_newer_than_cached_artifacts) ... ok
2026-10-07T12:02:54.7739097Z test_copy_failure_changes_no_source_mtime_and_purges_mixed_target (test_workspace_artifact_cache.RestoreSafety.test_copy_failure_changes_no_source_mtime_and_purges_mixed_target) ... ok
2026-10-07T12:02:54.7934210Z test_environment_target_or_build_layout_rejected (test_workspace_artifact_cache.RestoreSafety.test_environment_target_or_build_layout_rejected) ... ok
2026-10-07T12:02:54.8030954Z test_healthy_restore_copies_before_stamping_and_invalidates_test_bin_units (test_workspace_artifact_cache.RestoreSafety.test_healthy_restore_copies_before_stamping_and_invalidates_test_bin_units) ... ok
2026-10-07T12:02:54.8147566Z test_missing_incompatible_or_failed_cache_extraction_is_normal_fallback (test_workspace_artifact_cache.RestoreSafety.test_missing_incompatible_or_failed_cache_extraction_is_normal_fallback) ... ok
2026-10-07T12:02:54.8215318Z test_partial_snapshot_missing_artifact_rejected (test_workspace_artifact_cache.RestoreSafety.test_partial_snapshot_missing_artifact_rejected) ... ok
2026-10-07T12:02:54.8318257Z test_partial_stamp_failure_restores_every_mtime_and_purges_target (test_workspace_artifact_cache.RestoreSafety.test_partial_stamp_failure_restores_every_mtime_and_purges_target) ... ok
2026-10-07T12:02:54.8741771Z test_root_ancestor_default_and_explicit_home_cargo_layout_configs_rejected (test_workspace_artifact_cache.RestoreSafety.test_root_ancestor_default_and_explicit_home_cargo_layout_configs_rejected) ... ok
2026-10-07T12:02:54.8784981Z test_safe_input_path_rejects_escape_and_windows_aliases (test_workspace_artifact_cache.RestoreSafety.test_safe_input_path_rejects_escape_and_windows_aliases) ... ok
2026-10-07T12:02:54.8993043Z test_snapshot_inventory_size_count_traversal_and_duplicate_rejected (test_workspace_artifact_cache.RestoreSafety.test_snapshot_inventory_size_count_traversal_and_duplicate_rejected) ... ok
2026-10-07T12:02:54.9059690Z test_snapshot_nonregular_file_rejected_without_opening (test_workspace_artifact_cache.RestoreSafety.test_snapshot_nonregular_file_rejected_without_opening) ... ok
2026-10-07T12:02:54.9129120Z test_snapshot_symlink_rejected (test_workspace_artifact_cache.RestoreSafety.test_snapshot_symlink_rejected) ... ok
2026-10-07T12:02:54.9327604Z test_target_debug_deps_build_and_deep_destination_symlinks_rejected (test_workspace_artifact_cache.RestoreSafety.test_target_debug_deps_build_and_deep_destination_symlinks_rejected) ... ok
2026-10-07T12:02:54.9406623Z test_unrecoverable_rollback_never_claims_safe (test_workspace_artifact_cache.RestoreSafety.test_unrecoverable_rollback_never_claims_safe) ... ok
2026-10-07T12:02:54.9479898Z test_unrecoverable_target_purge_never_claims_safe (test_workspace_artifact_cache.RestoreSafety.test_unrecoverable_target_purge_never_claims_safe) ... ok
2026-10-07T12:02:54.9523285Z test_workflow_compile_gate_allows_disabled_key_failure_and_safe_miss (test_workspace_artifact_cache.RestoreSafety.test_workflow_compile_gate_allows_disabled_key_failure_and_safe_miss) ... ok
2026-10-07T12:02:54.9566571Z test_workflow_fails_closed_and_gates_non_cancelled_compilation (test_workspace_artifact_cache.RestoreSafety.test_workflow_fails_closed_and_gates_non_cancelled_compilation) ... ok
2026-10-07T12:02:54.9567515Z 
2026-10-07T12:02:54.9567756Z ----------------------------------------------------------------------
2026-10-07T12:02:54.9568384Z Ran 25 tests in 1.362s
2026-10-07T12:02:54.9568593Z 
2026-10-07T12:02:54.9568845Z OK
2026-10-07T12:02:54.9725241Z ##[group]Run python .github/scripts/workspace_artifact_cache.py key
2026-10-07T12:02:54.9725715Z [36;1mpython .github/scripts/workspace_artifact_cache.py key[0m
2026-10-07T12:02:54.9759366Z shell: /usr/bin/bash --noprofile --norc -e -o pipefail {0}
2026-10-07T12:02:54.9759714Z env:
2026-10-07T12:02:54.9760034Z   CARGO_TERM_COLOR: always
2026-10-07T12:02:54.9760480Z   RUSTFLAGS: -D warnings
2026-10-07T12:02:54.9760842Z   CARGO_HOME: /home/runner/.cargo
2026-10-07T12:02:54.9761156Z   CARGO_INCREMENTAL: 0
2026-10-07T12:02:54.9761408Z   CACHE_ON_FAILURE: true
2026-10-07T12:02:54.9761693Z ##[endgroup]
2026-10-07T12:02:55.0825207Z Workspace restore prefix: hydrus-ws-v1-check-Linux-X64-ca9bfc0c8b9baf8c381365db-
2026-10-07T12:02:55.0932678Z ##[group]Run actions/cache/restore@v4
2026-10-07T12:02:55.0933070Z with:
2026-10-07T12:02:55.0933377Z   path: .ci-workspace-artifacts
2026-10-07T12:02:55.0934084Z   key: hydrus-ws-v1-check-Linux-X64-ca9bfc0c8b9baf8c381365db-95bbbed2cdd5f254a71330a00a2eb15f24b771a8-37618131717-1
2026-10-07T12:02:55.0934894Z   restore-keys: hydrus-ws-v1-check-Linux-X64-ca9bfc0c8b9baf8c381365db-
2026-10-07T12:02:55.0935381Z   enableCrossOsArchive: false
2026-10-07T12:02:55.0935746Z   fail-on-cache-miss: false
2026-10-07T12:02:55.0936095Z   lookup-only: false
2026-10-07T12:02:55.0936386Z env:
2026-10-07T12:02:55.0936701Z   CARGO_TERM_COLOR: always
2026-10-07T12:02:55.0937034Z   RUSTFLAGS: -D warnings
2026-10-07T12:02:55.0937432Z   CARGO_HOME: /home/runner/.cargo
2026-10-07T12:02:55.0937764Z   CARGO_INCREMENTAL: 0
2026-10-07T12:02:55.0938075Z   CACHE_ON_FAILURE: true
2026-10-07T12:02:55.0938413Z ##[endgroup]
2026-10-07T12:02:55.1905221Z (node:2298) [DEP0040] DeprecationWarning: The `punycode` module is deprecated. Please use a userland alternative instead.
2026-10-07T12:02:55.1906456Z (Use `node --trace-deprecation ...` to show where the warning was created)
2026-10-07T12:02:55.4048169Z Cache hit for restore-key: hydrus-ws-v1-check-Linux-X64-ca9bfc0c8b9baf8c381365db-a6d28f4e498a3d7a8f00ad6a61da62166bc54383-37613614274-1
2026-10-07T12:02:55.4146335Z (node:2298) [DEP0169] DeprecationWarning: `url.parse()` behavior is not standardized and prone to errors that have security implications. Use the WHATWG URL API instead. CVEs are not issued for `url.parse()` vulnerabilities.
2026-10-07T12:02:56.6166062Z Received 54525952 of 345085954 (15.8%), 51.9 MBs/sec
2026-10-07T12:02:57.6193614Z Received 205520896 of 345085954 (59.6%), 97.9 MBs/sec
2026-10-07T12:02:58.4277779Z Received 345085954 of 345085954 (100.0%), 117.0 MBs/sec
2026-10-07T12:02:58.4279391Z Cache Size: ~329 MB (345085954 B)
2026-10-07T12:02:58.4313476Z [command]/usr/bin/tar -xf /home/runner/work/_temp/9f9380c2-e9df-447f-854f-f82d82f2e6de/cache.tzst -P -C /home/runner/work/hydrus-mine/hydrus-mine --use-compress-program unzstd
2026-10-07T12:03:05.5893630Z Cache restored successfully
2026-10-07T12:03:05.6086468Z Cache restored from key: hydrus-ws-v1-check-Linux-X64-ca9bfc0c8b9baf8c381365db-a6d28f4e498a3d7a8f00ad6a61da62166bc54383-37613614274-1
2026-10-07T12:03:05.7936046Z ##[group]Run python .github/scripts/workspace_artifact_cache.py restore
2026-10-07T12:03:05.7936485Z [36;1mpython .github/scripts/workspace_artifact_cache.py restore[0m
2026-10-07T12:03:05.7970679Z shell: /usr/bin/bash --noprofile --norc -e -o pipefail {0}
2026-10-07T12:03:05.7971306Z env:
2026-10-07T12:03:05.7971504Z   CARGO_TERM_COLOR: always
2026-10-07T12:03:05.7971733Z   RUSTFLAGS: -D warnings
2026-10-07T12:03:05.7972113Z   CARGO_HOME: /home/runner/.cargo
2026-10-07T12:03:05.7972347Z   CARGO_INCREMENTAL: 0
2026-10-07T12:03:05.7972563Z   CACHE_ON_FAILURE: true
2026-10-07T12:03:05.7972789Z   WORKSPACE_CACHE_RESTORE_OUTCOME: success
2026-10-07T12:03:05.7973034Z ##[endgroup]
2026-10-07T12:03:17.7857805Z Verified and restored 4123 tracked-input mtimes and 293 coherent workspace artifact files; Cargo freshness checks remain enabled.
2026-10-07T12:03:17.8619326Z ##[group]Run sudo apt-get update
2026-10-07T12:03:17.8619719Z [36;1msudo apt-get update[0m
2026-10-07T12:03:17.8620236Z [36;1msudo apt-get install -y ffmpeg fontconfig libfontconfig1-dev fonts-noto-cjk[0m
2026-10-07T12:03:17.8620928Z [36;1mfc-match ':lang=ja'[0m
2026-10-07T12:03:17.8660423Z shell: /usr/bin/bash -e {0}
2026-10-07T12:03:17.8660727Z env:
2026-10-07T12:03:17.8660967Z   CARGO_TERM_COLOR: always
2026-10-07T12:03:17.8661228Z   RUSTFLAGS: -D warnings
2026-10-07T12:03:17.8661486Z   CARGO_HOME: /home/runner/.cargo
2026-10-07T12:03:17.8661764Z   CARGO_INCREMENTAL: 0
2026-10-07T12:03:17.8662027Z   CACHE_ON_FAILURE: true
2026-10-07T12:03:17.8662278Z ##[endgroup]
2026-10-07T12:03:18.1426548Z Get:1 file:/etc/apt/apt-mirrors.txt Mirrorlist [144 B]
2026-10-07T12:03:18.1488212Z Get:6 https://packages.microsoft.com/ubuntu/24.04/prod noble InRelease [3600 B]
2026-10-07T12:03:18.2177995Z Hit:2 http://azure.archive.ubuntu.com/ubuntu noble InRelease
2026-10-07T12:03:18.2187720Z Get:3 http://azure.archive.ubuntu.com/ubuntu noble-updates InRelease [126 kB]
2026-10-07T12:03:18.2818160Z Get:4 http://azure.archive.ubuntu.com/ubuntu noble-backports InRelease [126 kB]
2026-10-07T12:03:18.2851786Z Get:7 https://packages.microsoft.com/ubuntu/24.04/prod noble/main amd64 Packages [519 kB]
2026-10-07T12:03:18.3364909Z Get:5 http://azure.archive.ubuntu.com/ubuntu noble-security InRelease [126 kB]
2026-10-07T12:03:18.3827902Z Get:15 https://packages.microsoft.com/ubuntu/24.04/prod noble/main arm64 Packages [463 kB]
2026-10-07T12:03:18.4021773Z Get:8 http://azure.archive.ubuntu.com/ubuntu noble-updates/main amd64 Packages [1375 kB]
2026-10-07T12:03:18.4554230Z Get:9 http://azure.archive.ubuntu.com/ubuntu noble-updates/main Translation-en [306 kB]
2026-10-07T12:03:18.5147299Z Get:10 http://azure.archive.ubuntu.com/ubuntu noble-updates/universe amd64 Packages [1702 kB]
2026-10-07T12:03:18.5447145Z Get:11 http://azure.archive.ubuntu.com/ubuntu noble-updates/universe Translation-en [341 kB]
2026-10-07T12:03:18.5542031Z Get:12 http://azure.archive.ubuntu.com/ubuntu noble-updates/restricted amd64 Packages [1730 kB]
2026-10-07T12:03:18.5733894Z Get:13 http://azure.archive.ubuntu.com/ubuntu noble-updates/restricted Translation-en [396 kB]
2026-10-07T12:03:18.5827581Z Get:14 http://azure.archive.ubuntu.com/ubuntu noble-updates/multiverse Translation-en [13.3 kB]
2026-10-07T12:03:18.5910862Z Get:16 http://azure.archive.ubuntu.com/ubuntu noble-security/main amd64 Packages [1073 kB]
2026-10-07T12:03:18.6009193Z Get:17 http://azure.archive.ubuntu.com/ubuntu noble-security/main Translation-en [223 kB]
2026-10-07T12:03:18.6194457Z Get:18 http://azure.archive.ubuntu.com/ubuntu noble-security/universe amd64 Packages [1218 kB]
2026-10-07T12:03:18.6823004Z Get:19 http://azure.archive.ubuntu.com/ubuntu noble-security/universe Translation-en [245 kB]
2026-10-07T12:03:18.6950178Z Get:20 http://azure.archive.ubuntu.com/ubuntu noble-security/multiverse Translation-en [11.6 kB]
2026-10-07T12:03:27.4736825Z Fetched 9997 kB in 1s (9009 kB/s)
2026-10-07T12:03:28.2263068Z Reading package lists...
2026-10-07T12:03:28.2547801Z Reading package lists...
2026-10-07T12:03:28.4091942Z Building dependency tree...
2026-10-07T12:03:28.4098475Z Reading state information...
2026-10-07T12:03:28.5516325Z fontconfig is already the newest version (2.15.0-1.1ubuntu2).
2026-10-07T12:03:28.5516742Z fontconfig set to manually installed.
2026-10-07T12:03:28.5517158Z The following additional packages will be installed:
2026-10-07T12:03:28.5517776Z   bzip2-doc i965-va-driver intel-media-va-driver libaacs0 libass9 libasyncns0
2026-10-07T12:03:28.5518559Z   libavc1394-0 libavcodec60 libavdevice60 libavfilter9 libavformat60
2026-10-07T12:03:28.5519048Z   libavutil58 libbdplus0 libblas3 libbluray2 libbrotli-dev libbs2b0 libbz2-dev
2026-10-07T12:03:28.5519529Z   libcaca0 libcdio-cdda2t64 libcdio-paranoia2t64 libcdio19t64 libchromaprint1
2026-10-07T12:03:28.5519917Z   libcjson1 libcodec2-1.2 libdav1d7 libdc1394-25 libdecor-0-0
2026-10-07T12:03:28.5520680Z   libdecor-0-plugin-1-gtk libflac12t64 libflite1 libfontconfig-dev
2026-10-07T12:03:28.5521220Z   libfreetype-dev libfreetype6 libgme0 libgsm1 libhwy1t64 libiec61883-0
2026-10-07T12:03:28.5521717Z   libigdgmm12 libjack-jackd2-0 libjxl0.7 liblapack3 liblilv-0-0
2026-10-07T12:03:28.5522152Z   libmbedcrypto7t64 libmp3lame0 libmpg123-0t64 libmysofa1 libopenal-data
2026-10-07T12:03:28.5522653Z   libopenal1 libopenmpt0t64 libopus0 libplacebo338 libpng-dev libpng-tools
2026-10-07T12:03:28.5523180Z   libpocketsphinx3 libpostproc57 libpulse0 librav1e0 libraw1394-11 librist4
2026-10-07T12:03:28.5523733Z   librsvg2-2 librsvg2-common librubberband2 libsamplerate0 libsdl2-2.0-0
2026-10-07T12:03:28.5524365Z   libserd-0-0 libshine3 libsndfile1 libsndio7.0 libsord-0-0 libsoxr0 libspeex1
2026-10-07T12:03:28.5524970Z   libsphinxbase3t64 libsratom-0-0 libsrt1.5-gnutls libssh-gcrypt-4
2026-10-07T12:03:28.5525516Z   libsvtav1enc1d1 libswresample4 libswscale7 libtheora0 libtwolame0
2026-10-07T12:03:28.5525881Z   libudfread0 libunibreak5 libva-drm2 libva-x11-2 libva2 libvdpau1
2026-10-07T12:03:28.5526256Z   libvidstab1.1 libvorbisenc2 libvpl2 libvpx9 libx264-164 libx265-199
2026-10-07T12:03:28.5526639Z   libxcb-shape0 libxv1 libxvidcore4 libzimg2 libzix-0-0 libzvbi-common
2026-10-07T12:03:28.5527031Z   libzvbi0t64 mesa-va-drivers mesa-vdpau-drivers ocl-icd-libopencl1
2026-10-07T12:03:28.5527402Z   pocketsphinx-en-us uuid-dev va-driver-all vdpau-driver-all
2026-10-07T12:03:28.5530879Z Suggested packages:
2026-10-07T12:03:28.5531348Z   ffmpeg-doc fonts-noto-cjk-extra i965-va-driver-shaders libcuda1 libnvcuvid1
2026-10-07T12:03:28.5531854Z   libnvidia-encode1 libbluray-bdj freetype2-doc jackd2 libportaudio2
2026-10-07T12:03:28.5532301Z   opus-tools pulseaudio libraw1394-doc librsvg2-bin serdi sndiod sordi speex
2026-10-07T12:03:28.5532670Z   opencl-icd libvdpau-va-gl1
2026-10-07T12:03:28.6084952Z The following NEW packages will be installed:
2026-10-07T12:03:28.6085545Z   bzip2-doc ffmpeg fonts-noto-cjk i965-va-driver intel-media-va-driver
2026-10-07T12:03:28.6086177Z   libaacs0 libass9 libasyncns0 libavc1394-0 libavcodec60 libavdevice60
2026-10-07T12:03:28.6086798Z   libavfilter9 libavformat60 libavutil58 libbdplus0 libblas3 libbluray2
2026-10-07T12:03:28.6087377Z   libbrotli-dev libbs2b0 libbz2-dev libcaca0 libcdio-cdda2t64
2026-10-07T12:03:28.6087966Z   libcdio-paranoia2t64 libcdio19t64 libchromaprint1 libcjson1 libcodec2-1.2
2026-10-07T12:03:28.6088564Z   libdav1d7 libdc1394-25 libdecor-0-0 libdecor-0-plugin-1-gtk libflac12t64
2026-10-07T12:03:28.6089176Z   libflite1 libfontconfig-dev libfontconfig1-dev libfreetype-dev libgme0
2026-10-07T12:03:28.6089801Z   libgsm1 libhwy1t64 libiec61883-0 libigdgmm12 libjack-jackd2-0 libjxl0.7
2026-10-07T12:03:28.6090534Z   liblapack3 liblilv-0-0 libmbedcrypto7t64 libmp3lame0 libmpg123-0t64
2026-10-07T12:03:28.6091150Z   libmysofa1 libopenal-data libopenal1 libopenmpt0t64 libopus0 libplacebo338
2026-10-07T12:03:28.6091761Z   libpng-dev libpng-tools libpocketsphinx3 libpostproc57 libpulse0 librav1e0
2026-10-07T12:03:28.6092377Z   libraw1394-11 librist4 librsvg2-2 librsvg2-common librubberband2
2026-10-07T12:03:28.6093029Z   libsamplerate0 libsdl2-2.0-0 libserd-0-0 libshine3 libsndfile1 libsndio7.0
2026-10-07T12:03:28.6093668Z   libsord-0-0 libsoxr0 libspeex1 libsphinxbase3t64 libsratom-0-0
2026-10-07T12:03:28.6094307Z   libsrt1.5-gnutls libssh-gcrypt-4 libsvtav1enc1d1 libswresample4 libswscale7
2026-10-07T12:03:28.6094996Z   libtheora0 libtwolame0 libudfread0 libunibreak5 libva-drm2 libva-x11-2
2026-10-07T12:03:28.6095656Z   libva2 libvdpau1 libvidstab1.1 libvorbisenc2 libvpl2 libvpx9 libx264-164
2026-10-07T12:03:28.6111399Z   libx265-199 libxcb-shape0 libxv1 libxvidcore4 libzimg2 libzix-0-0
2026-10-07T12:03:28.6131514Z   libzvbi-common libzvbi0t64 mesa-va-drivers mesa-vdpau-drivers
2026-10-07T12:03:28.6132220Z   ocl-icd-libopencl1 pocketsphinx-en-us uuid-dev va-driver-all
2026-10-07T12:03:28.6132765Z   vdpau-driver-all
2026-10-07T12:03:28.6133157Z The following packages will be upgraded:
2026-10-07T12:03:28.6133896Z   libfreetype6
2026-10-07T12:03:28.6247322Z 1 upgraded, 109 newly installed, 0 to remove and 9 not upgraded.
2026-10-07T12:03:28.6247784Z Need to get 158 MB of archives.
2026-10-07T12:03:28.6248243Z After this operation, 326 MB of additional disk space will be used.
2026-10-07T12:03:28.6248766Z Get:1 file:/etc/apt/apt-mirrors.txt Mirrorlist [144 B]
2026-10-07T12:03:28.8564621Z Get:2 http://azure.archive.ubuntu.com/ubuntu noble-updates/main amd64 bzip2-doc all 1.0.8-5.1ubuntu0.1 [499 kB]
2026-10-07T12:03:28.9328106Z Get:3 http://azure.archive.ubuntu.com/ubuntu noble-updates/universe amd64 libva2 amd64 2.20.0-2ubuntu0.2 [66.4 kB]
2026-10-07T12:03:28.9977020Z Get:4 http://azure.archive.ubuntu.com/ubuntu noble-updates/universe amd64 libva-drm2 amd64 2.20.0-2ubuntu0.2 [7124 B]
2026-10-07T12:03:29.0618265Z Get:5 http://azure.archive.ubuntu.com/ubuntu noble-updates/universe amd64 libva-x11-2 amd64 2.20.0-2ubuntu0.2 [12.0 kB]
2026-10-07T12:03:29.1261292Z Get:6 http://azure.archive.ubuntu.com/ubuntu noble/main amd64 libvdpau1 amd64 1.5-2build1 [27.8 kB]
2026-10-07T12:03:29.1904149Z Get:7 http://azure.archive.ubuntu.com/ubuntu noble/universe amd64 libvpl2 amd64 2023.3.0-1build1 [99.8 kB]
2026-10-07T12:03:29.2567227Z Get:8 http://azure.archive.ubuntu.com/ubuntu noble/universe amd64 ocl-icd-libopencl1 amd64 2.3.2-1build1 [38.5 kB]
2026-10-07T12:03:29.3208935Z Get:9 http://azure.archive.ubuntu.com/ubuntu noble/universe amd64 libavutil58 amd64 7:6.1.1-3ubuntu5 [401 kB]
2026-10-07T12:03:29.3925258Z Get:10 http://azure.archive.ubuntu.com/ubuntu noble/universe amd64 libcodec2-1.2 amd64 1.2.0-2build1 [8998 kB]
2026-10-07T12:03:29.6463420Z Get:11 http://azure.archive.ubuntu.com/ubuntu noble/universe amd64 libdav1d7 amd64 1.4.1-1build1 [604 kB]
2026-10-07T12:03:29.7221484Z Get:12 http://azure.archive.ubuntu.com/ubuntu noble/universe amd64 libgsm1 amd64 1.0.22-1build1 [27.8 kB]
2026-10-07T12:03:29.8034257Z Get:13 http://azure.archive.ubuntu.com/ubuntu noble/universe amd64 libhwy1t64 amd64 1.0.7-8.1build1 [584 kB]
2026-10-07T12:03:30.0838546Z Get:14 http://azure.archive.ubuntu.com/ubuntu noble-updates/universe amd64 libjxl0.7 amd64 0.7.0-10.2ubuntu6.1 [1001 kB]
2026-10-07T12:03:30.2377799Z Get:15 http://azure.archive.ubuntu.com/ubuntu noble/main amd64 libmp3lame0 amd64 3.100-6build1 [142 kB]
2026-10-07T12:03:30.3062544Z Get:16 http://azure.archive.ubuntu.com/ubuntu noble/main amd64 libopus0 amd64 1.4-1build1 [208 kB]
2026-10-07T12:03:30.3778205Z Get:17 http://azure.archive.ubuntu.com/ubuntu noble/universe amd64 librav1e0 amd64 0.7.1-2 [1022 kB]
2026-10-07T12:03:30.4742081Z Get:18 http://azure.archive.ubuntu.com/ubuntu noble-updates/main amd64 librsvg2-2 amd64 2.58.0+dfsg-1ubuntu0.1 [2141 kB]
2026-10-07T12:03:30.6093903Z Get:19 http://azure.archive.ubuntu.com/ubuntu noble/universe amd64 libshine3 amd64 3.1.1-2build1 [23.2 kB]
2026-10-07T12:03:30.6739056Z Get:20 http://azure.archive.ubuntu.com/ubuntu noble-updates/main amd64 libspeex1 amd64 1.2.1-2ubuntu2.24.04.1 [59.6 kB]
2026-10-07T12:03:30.7392909Z Get:21 http://azure.archive.ubuntu.com/ubuntu noble/universe amd64 libsvtav1enc1d1 amd64 1.7.0+dfsg-2build1 [2425 kB]
2026-10-07T12:03:30.8519719Z Get:22 http://azure.archive.ubuntu.com/ubuntu noble/universe amd64 libsoxr0 amd64 0.1.3-4build3 [80.0 kB]
2026-10-07T12:03:30.9173974Z Get:23 http://azure.archive.ubuntu.com/ubuntu noble/universe amd64 libswresample4 amd64 7:6.1.1-3ubuntu5 [63.8 kB]
2026-10-07T12:03:30.9824203Z Get:24 http://azure.archive.ubuntu.com/ubuntu noble/main amd64 libtheora0 amd64 1.1.1+dfsg.1-16.1build3 [211 kB]
2026-10-07T12:03:31.0499633Z Get:25 http://azure.archive.ubuntu.com/ubuntu noble/main amd64 libtwolame0 amd64 0.4.0-2build3 [52.3 kB]
2026-10-07T12:03:31.1148346Z Get:26 http://azure.archive.ubuntu.com/ubuntu noble/main amd64 libvorbisenc2 amd64 1.3.7-1build3 [80.8 kB]
2026-10-07T12:03:31.1800981Z Get:27 http://azure.archive.ubuntu.com/ubuntu noble-updates/main amd64 libvpx9 amd64 1.14.0-1ubuntu2.3 [1143 kB]
2026-10-07T12:03:31.2677153Z Get:28 http://azure.archive.ubuntu.com/ubuntu noble/universe amd64 libx264-164 amd64 2:0.164.3108+git31e19f9-1 [604 kB]
2026-10-07T12:03:31.3432297Z Get:29 http://azure.archive.ubuntu.com/ubuntu noble/universe amd64 libx265-199 amd64 3.5-2build1 [1226 kB]
2026-10-07T12:03:31.4322618Z Get:30 http://azure.archive.ubuntu.com/ubuntu noble/universe amd64 libxvidcore4 amd64 2:1.3.7-1build1 [219 kB]
2026-10-07T12:03:31.5640029Z Get:31 http://azure.archive.ubuntu.com/ubuntu noble/universe amd64 libzvbi-common all 0.2.42-2 [42.4 kB]
2026-10-07T12:03:31.7259685Z Get:32 http://azure.archive.ubuntu.com/ubuntu noble/universe amd64 libzvbi0t64 amd64 0.2.42-2 [261 kB]
2026-10-07T12:03:31.9849655Z Get:33 http://azure.archive.ubuntu.com/ubuntu noble/universe amd64 libavcodec60 amd64 7:6.1.1-3ubuntu5 [5851 kB]
2026-10-07T12:03:32.1622773Z Get:34 http://azure.archive.ubuntu.com/ubuntu noble/main amd64 libraw1394-11 amd64 2.1.2-2build3 [26.2 kB]
2026-10-07T12:03:32.2271629Z Get:35 http://azure.archive.ubuntu.com/ubuntu noble/main amd64 libavc1394-0 amd64 0.5.4-5build3 [15.4 kB]
2026-10-07T12:03:32.2913529Z Get:36 http://azure.archive.ubuntu.com/ubuntu noble-updates/main amd64 libfreetype6 amd64 2.13.2+dfsg-1ubuntu0.2 [403 kB]
2026-10-07T12:03:32.3635348Z Get:37 http://azure.archive.ubuntu.com/ubuntu noble/universe amd64 libunibreak5 amd64 5.1-2build1 [25.0 kB]
2026-10-07T12:03:32.4297573Z Get:38 http://azure.archive.ubuntu.com/ubuntu noble/universe amd64 libass9 amd64 1:0.17.1-2build1 [104 kB]
2026-10-07T12:03:32.4960537Z Get:39 http://azure.archive.ubuntu.com/ubuntu noble/universe amd64 libudfread0 amd64 1.1.2-1build1 [19.0 kB]
2026-10-07T12:03:32.5606060Z Get:40 http://azure.archive.ubuntu.com/ubuntu noble/universe amd64 libbluray2 amd64 1:1.3.4-1build1 [159 kB]
2026-10-07T12:03:32.6275750Z Get:41 http://azure.archive.ubuntu.com/ubuntu noble/universe amd64 libchromaprint1 amd64 1.5.1-5 [30.5 kB]
2026-10-07T12:03:32.6925786Z Get:42 http://azure.archive.ubuntu.com/ubuntu noble/universe amd64 libgme0 amd64 0.6.3-7build1 [134 kB]
2026-10-07T12:03:32.7590449Z Get:43 http://azure.archive.ubuntu.com/ubuntu noble-updates/main amd64 libmpg123-0t64 amd64 1.32.5-1ubuntu1.1 [169 kB]
2026-10-07T12:03:32.8258190Z Get:44 http://azure.archive.ubuntu.com/ubuntu noble/universe amd64 libopenmpt0t64 amd64 0.7.3-1.1build3 [647 kB]
2026-10-07T12:03:32.9027073Z Get:45 http://azure.archive.ubuntu.com/ubuntu noble/universe amd64 libcjson1 amd64 1.7.17-1 [24.8 kB]
2026-10-07T12:03:32.9673365Z Get:46 http://azure.archive.ubuntu.com/ubuntu noble/universe amd64 libmbedcrypto7t64 amd64 2.28.8-1 [209 kB]
2026-10-07T12:03:33.0354855Z Get:47 http://azure.archive.ubuntu.com/ubuntu noble/universe amd64 librist4 amd64 0.2.10+dfsg-2 [74.9 kB]
2026-10-07T12:03:33.1005326Z Get:48 http://azure.archive.ubuntu.com/ubuntu noble/universe amd64 libsrt1.5-gnutls amd64 1.5.3-1build2 [316 kB]
2026-10-07T12:03:33.1705253Z Get:49 http://azure.archive.ubuntu.com/ubuntu noble-updates/main amd64 libssh-gcrypt-4 amd64 0.10.6-2ubuntu0.5 [226 kB]
2026-10-07T12:03:33.2385663Z Get:50 http://azure.archive.ubuntu.com/ubuntu noble/universe amd64 libavformat60 amd64 7:6.1.1-3ubuntu5 [1153 kB]
2026-10-07T12:03:33.3255199Z Get:51 http://azure.archive.ubuntu.com/ubuntu noble/universe amd64 libbs2b0 amd64 3.1.0+dfsg-7build1 [10.6 kB]
2026-10-07T12:03:33.3892413Z Get:52 http://azure.archive.ubuntu.com/ubuntu noble/universe amd64 libflite1 amd64 2.2-6build3 [13.6 MB]
2026-10-07T12:03:33.7992493Z Get:53 http://azure.archive.ubuntu.com/ubuntu noble/universe amd64 libserd-0-0 amd64 0.32.2-1 [43.6 kB]
2026-10-07T12:03:33.9930452Z Get:54 http://azure.archive.ubuntu.com/ubuntu noble/universe amd64 libzix-0-0 amd64 0.4.2-2build1 [23.6 kB]
2026-10-07T12:03:34.0718751Z Get:55 http://azure.archive.ubuntu.com/ubuntu noble/universe amd64 libsord-0-0 amd64 0.16.16-2build1 [15.8 kB]
2026-10-07T12:03:34.1525487Z Get:56 http://azure.archive.ubuntu.com/ubuntu noble/universe amd64 libsratom-0-0 amd64 0.6.16-1build1 [17.3 kB]
2026-10-07T12:03:34.2229282Z Get:57 http://azure.archive.ubuntu.com/ubuntu noble/universe amd64 liblilv-0-0 amd64 0.24.22-1build1 [41.0 kB]
2026-10-07T12:03:34.3161301Z Get:58 http://azure.archive.ubuntu.com/ubuntu noble/universe amd64 libmysofa1 amd64 1.3.2+dfsg-2ubuntu2 [1158 kB]
2026-10-07T12:03:34.6749502Z Get:59 http://azure.archive.ubuntu.com/ubuntu noble/universe amd64 libplacebo338 amd64 6.338.2-2build1 [2654 kB]
2026-10-07T12:03:34.8529202Z Get:60 http://azure.archive.ubuntu.com/ubuntu noble-updates/main amd64 libblas3 amd64 3.12.0-3build1.1 [238 kB]
2026-10-07T12:03:34.9197155Z Get:61 http://azure.archive.ubuntu.com/ubuntu noble-updates/main amd64 liblapack3 amd64 3.12.0-3build1.1 [2646 kB]
2026-10-07T12:03:35.0263690Z Get:62 http://azure.archive.ubuntu.com/ubuntu noble/main amd64 libasyncns0 amd64 0.8-6build4 [11.3 kB]
2026-10-07T12:03:35.0899882Z Get:63 http://azure.archive.ubuntu.com/ubuntu noble/main amd64 libflac12t64 amd64 1.4.3+ds-2.1ubuntu2 [197 kB]
2026-10-07T12:03:35.1553345Z Get:64 http://azure.archive.ubuntu.com/ubuntu noble-updates/main amd64 libsndfile1 amd64 1.2.2-1ubuntu5.24.04.1 [209 kB]
2026-10-07T12:03:35.2210791Z Get:65 http://azure.archive.ubuntu.com/ubuntu noble-updates/main amd64 libpulse0 amd64 1:16.1+dfsg1-2ubuntu10.1 [292 kB]
2026-10-07T12:03:35.2889798Z Get:66 http://azure.archive.ubuntu.com/ubuntu noble/universe amd64 libsphinxbase3t64 amd64 0.8+5prealpha+1-17build2 [126 kB]
2026-10-07T12:03:35.3536546Z Get:67 http://azure.archive.ubuntu.com/ubuntu noble/universe amd64 libpocketsphinx3 amd64 0.8.0+real5prealpha+1-15ubuntu5 [133 kB]
2026-10-07T12:03:35.4184159Z Get:68 http://azure.archive.ubuntu.com/ubuntu noble/universe amd64 libpostproc57 amd64 7:6.1.1-3ubuntu5 [49.9 kB]
2026-10-07T12:03:35.4824688Z Get:69 http://azure.archive.ubuntu.com/ubuntu noble/main amd64 libsamplerate0 amd64 0.2.2-4build1 [1344 kB]
2026-10-07T12:03:35.5648806Z Get:70 http://azure.archive.ubuntu.com/ubuntu noble/universe amd64 librubberband2 amd64 3.3.0+dfsg-2build1 [130 kB]
2026-10-07T12:03:35.6391914Z Get:71 http://azure.archive.ubuntu.com/ubuntu noble/universe amd64 libswscale7 amd64 7:6.1.1-3ubuntu5 [193 kB]
2026-10-07T12:03:35.7098662Z Get:72 http://azure.archive.ubuntu.com/ubuntu noble/universe amd64 libvidstab1.1 amd64 1.1.0-2build1 [38.5 kB]
2026-10-07T12:03:35.8379514Z Get:73 http://azure.archive.ubuntu.com/ubuntu noble/universe amd64 libzimg2 amd64 3.0.5+ds1-1build1 [254 kB]
2026-10-07T12:03:36.1949048Z Get:74 http://azure.archive.ubuntu.com/ubuntu noble/universe amd64 libavfilter9 amd64 7:6.1.1-3ubuntu5 [4235 kB]
2026-10-07T12:03:36.5455324Z Get:75 http://azure.archive.ubuntu.com/ubuntu noble-updates/main amd64 libcaca0 amd64 0.99.beta20-4ubuntu0.2 [209 kB]
2026-10-07T12:03:36.6119648Z Get:76 http://azure.archive.ubuntu.com/ubuntu noble-updates/main amd64 libcdio19t64 amd64 2.1.0-4.1ubuntu1.2 [62.4 kB]
2026-10-07T12:03:36.6774855Z Get:77 http://azure.archive.ubuntu.com/ubuntu noble/main amd64 libcdio-cdda2t64 amd64 10.2+2.0.1-1.1build2 [16.5 kB]
2026-10-07T12:03:36.7420763Z Get:78 http://azure.archive.ubuntu.com/ubuntu noble/main amd64 libcdio-paranoia2t64 amd64 10.2+2.0.1-1.1build2 [16.6 kB]
2026-10-07T12:03:36.8072771Z Get:79 http://azure.archive.ubuntu.com/ubuntu noble/universe amd64 libdc1394-25 amd64 2.2.6-4build1 [90.1 kB]
2026-10-07T12:03:36.8751529Z Get:80 http://azure.archive.ubuntu.com/ubuntu noble/main amd64 libiec61883-0 amd64 1.2.0-6build1 [24.5 kB]
2026-10-07T12:03:36.9605102Z Get:81 http://azure.archive.ubuntu.com/ubuntu noble/main amd64 libjack-jackd2-0 amd64 1.9.21~dfsg-3ubuntu3 [289 kB]
2026-10-07T12:03:37.0277534Z Get:82 http://azure.archive.ubuntu.com/ubuntu noble/universe amd64 libopenal-data all 1:1.23.1-4build1 [161 kB]
2026-10-07T12:03:37.0937628Z Get:83 http://azure.archive.ubuntu.com/ubuntu noble/universe amd64 libsndio7.0 amd64 1.9.0-0.3build3 [29.6 kB]
2026-10-07T12:03:37.1583946Z Get:84 http://azure.archive.ubuntu.com/ubuntu noble/universe amd64 libopenal1 amd64 1:1.23.1-4build1 [540 kB]
2026-10-07T12:03:37.2335381Z Get:85 http://azure.archive.ubuntu.com/ubuntu noble/main amd64 libdecor-0-0 amd64 0.2.2-1build2 [16.5 kB]
2026-10-07T12:03:37.2980784Z Get:86 http://azure.archive.ubuntu.com/ubuntu noble-updates/main amd64 libsdl2-2.0-0 amd64 2.30.0+dfsg-1ubuntu3.1 [686 kB]
2026-10-07T12:03:37.3749663Z Get:87 http://azure.archive.ubuntu.com/ubuntu noble/main amd64 libxcb-shape0 amd64 1.15-1ubuntu2 [6100 B]
2026-10-07T12:03:37.4403285Z Get:88 http://azure.archive.ubuntu.com/ubuntu noble/main amd64 libxv1 amd64 2:1.0.11-1.1build1 [10.7 kB]
2026-10-07T12:03:37.5048702Z Get:89 http://azure.archive.ubuntu.com/ubuntu noble/universe amd64 libavdevice60 amd64 7:6.1.1-3ubuntu5 [82.3 kB]
2026-10-07T12:03:37.5700925Z Get:90 http://azure.archive.ubuntu.com/ubuntu noble/universe amd64 ffmpeg amd64 7:6.1.1-3ubuntu5 [1879 kB]
2026-10-07T12:03:37.6716920Z Get:91 http://azure.archive.ubuntu.com/ubuntu noble/main amd64 fonts-noto-cjk all 1:20230817+repack1-3 [61.2 MB]
2026-10-07T12:03:39.2337484Z Get:92 http://azure.archive.ubuntu.com/ubuntu noble-updates/universe amd64 libigdgmm12 amd64 22.3.17+ds1-1ubuntu1 [145 kB]
2026-10-07T12:03:39.2994922Z Get:93 http://azure.archive.ubuntu.com/ubuntu noble-updates/universe amd64 intel-media-va-driver amd64 24.1.0+dfsg1-1ubuntu0.2 [3163 kB]
2026-10-07T12:03:39.4277765Z Get:94 http://azure.archive.ubuntu.com/ubuntu noble/universe amd64 libaacs0 amd64 0.11.1-2build1 [62.9 kB]
2026-10-07T12:03:39.4932097Z Get:95 http://azure.archive.ubuntu.com/ubuntu noble/universe amd64 libbdplus0 amd64 0.2.0-3build1 [52.2 kB]
2026-10-07T12:03:39.5584639Z Get:96 http://azure.archive.ubuntu.com/ubuntu noble/main amd64 libbrotli-dev amd64 1.1.0-2build2 [353 kB]
2026-10-07T12:03:39.6291209Z Get:97 http://azure.archive.ubuntu.com/ubuntu noble-updates/main amd64 libbz2-dev amd64 1.0.8-5.1ubuntu0.1 [33.6 kB]
2026-10-07T12:03:39.6938684Z Get:98 http://azure.archive.ubuntu.com/ubuntu noble/main amd64 libdecor-0-plugin-1-gtk amd64 0.2.2-1build2 [22.2 kB]
2026-10-07T12:03:39.7585293Z Get:99 http://azure.archive.ubuntu.com/ubuntu noble-updates/main amd64 libpng-dev amd64 1.6.43-5ubuntu0.6 [265 kB]
2026-10-07T12:03:39.8304264Z Get:100 http://azure.archive.ubuntu.com/ubuntu noble-updates/main amd64 libfreetype-dev amd64 2.13.2+dfsg-1ubuntu0.2 [574 kB]
2026-10-07T12:03:39.9053517Z Get:101 http://azure.archive.ubuntu.com/ubuntu noble-updates/main amd64 uuid-dev amd64 2.39.3-9ubuntu6.6 [33.5 kB]
2026-10-07T12:03:39.9695736Z Get:102 http://azure.archive.ubuntu.com/ubuntu noble/main amd64 libfontconfig-dev amd64 2.15.0-1.1ubuntu2 [161 kB]
2026-10-07T12:03:40.0996544Z Get:103 http://azure.archive.ubuntu.com/ubuntu noble/main amd64 libfontconfig1-dev amd64 2.15.0-1.1ubuntu2 [1840 B]
2026-10-07T12:03:40.1633229Z Get:104 http://azure.archive.ubuntu.com/ubuntu noble-updates/main amd64 libpng-tools amd64 1.6.43-5ubuntu0.6 [28.5 kB]
2026-10-07T12:03:40.3044779Z Get:105 http://azure.archive.ubuntu.com/ubuntu noble-updates/main amd64 librsvg2-common amd64 2.58.0+dfsg-1ubuntu0.1 [11.8 kB]
2026-10-07T12:03:40.3787989Z Get:106 http://azure.archive.ubuntu.com/ubuntu noble-updates/universe amd64 mesa-va-drivers amd64 25.2.8-0ubuntu0.24.04.4 [6778 B]
2026-10-07T12:03:40.4486320Z Get:107 http://azure.archive.ubuntu.com/ubuntu noble-updates/main amd64 mesa-vdpau-drivers amd64 25.2.8-0ubuntu0.24.04.4 [23.4 kB]
2026-10-07T12:03:40.5360062Z Get:108 http://azure.archive.ubuntu.com/ubuntu noble-updates/universe amd64 i965-va-driver amd64 2.4.1+dfsg1-1ubuntu0.2 [332 kB]
2026-10-07T12:03:40.8177611Z Get:109 http://azure.archive.ubuntu.com/ubuntu noble-updates/universe amd64 va-driver-all amd64 2.20.0-2ubuntu0.2 [5014 B]
2026-10-07T12:03:40.8816428Z Get:110 http://azure.archive.ubuntu.com/ubuntu noble/main amd64 vdpau-driver-all amd64 1.5-2build1 [4414 B]
2026-10-07T12:03:40.9447190Z Get:111 http://azure.archive.ubuntu.com/ubuntu noble/universe amd64 pocketsphinx-en-us all 0.8.0+real5prealpha+1-15ubuntu5 [27.4 MB]
2026-10-07T12:03:42.0906572Z Fetched 158 MB in 13s (12.0 MB/s)
2026-10-07T12:03:42.1272831Z Selecting previously unselected package bzip2-doc.
2026-10-07T12:03:42.1652532Z (Reading database ... 
2026-10-07T12:03:42.1653009Z (Reading database ... 5%
2026-10-07T12:03:42.1653664Z (Reading database ... 10%
2026-10-07T12:03:42.1654068Z (Reading database ... 15%
2026-10-07T12:03:42.1654633Z (Reading database ... 20%
2026-10-07T12:03:42.1654857Z (Reading database ... 25%
2026-10-07T12:03:42.1655077Z (Reading database ... 30%
2026-10-07T12:03:42.1655293Z (Reading database ... 35%
2026-10-07T12:03:42.1655519Z (Reading database ... 40%
2026-10-07T12:03:42.1655737Z (Reading database ... 45%
2026-10-07T12:03:42.1655961Z (Reading database ... 50%
2026-10-07T12:03:42.2047515Z (Reading database ... 55%
2026-10-07T12:03:42.5046684Z (Reading database ... 60%
2026-10-07T12:03:42.7392960Z (Reading database ... 65%
2026-10-07T12:03:42.9714964Z (Reading database ... 70%
2026-10-07T12:03:43.2550769Z (Reading database ... 75%
2026-10-07T12:03:43.5746422Z (Reading database ... 80%
2026-10-07T12:03:44.1060647Z (Reading database ... 85%
2026-10-07T12:03:44.5975824Z (Reading database ... 90%
2026-10-07T12:03:45.1479914Z (Reading database ... 95%
2026-10-07T12:03:45.1480624Z (Reading database ... 100%
2026-10-07T12:03:45.1481221Z (Reading database ... 203191 files and directories currently installed.)
2026-10-07T12:03:45.1520726Z Preparing to unpack .../000-bzip2-doc_1.0.8-5.1ubuntu0.1_all.deb ...
2026-10-07T12:03:45.1593978Z Unpacking bzip2-doc (1.0.8-5.1ubuntu0.1) ...
2026-10-07T12:03:45.1860269Z Selecting previously unselected package libva2:amd64.
2026-10-07T12:03:45.1967363Z Preparing to unpack .../001-libva2_2.20.0-2ubuntu0.2_amd64.deb ...
2026-10-07T12:03:45.1987289Z Unpacking libva2:amd64 (2.20.0-2ubuntu0.2) ...
2026-10-07T12:03:45.2149147Z Selecting previously unselected package libva-drm2:amd64.
2026-10-07T12:03:45.2270033Z Preparing to unpack .../002-libva-drm2_2.20.0-2ubuntu0.2_amd64.deb ...
2026-10-07T12:03:45.2278976Z Unpacking libva-drm2:amd64 (2.20.0-2ubuntu0.2) ...
2026-10-07T12:03:45.2419849Z Selecting previously unselected package libva-x11-2:amd64.
2026-10-07T12:03:45.2524033Z Preparing to unpack .../003-libva-x11-2_2.20.0-2ubuntu0.2_amd64.deb ...
2026-10-07T12:03:45.2532467Z Unpacking libva-x11-2:amd64 (2.20.0-2ubuntu0.2) ...
2026-10-07T12:03:45.2672393Z Selecting previously unselected package libvdpau1:amd64.
2026-10-07T12:03:45.2767704Z Preparing to unpack .../004-libvdpau1_1.5-2build1_amd64.deb ...
2026-10-07T12:03:45.2774365Z Unpacking libvdpau1:amd64 (1.5-2build1) ...
2026-10-07T12:03:45.2917122Z Selecting previously unselected package libvpl2.
2026-10-07T12:03:45.3006578Z Preparing to unpack .../005-libvpl2_2023.3.0-1build1_amd64.deb ...
2026-10-07T12:03:45.3013037Z Unpacking libvpl2 (2023.3.0-1build1) ...
2026-10-07T12:03:45.3172656Z Selecting previously unselected package ocl-icd-libopencl1:amd64.
2026-10-07T12:03:45.3273938Z Preparing to unpack .../006-ocl-icd-libopencl1_2.3.2-1build1_amd64.deb ...
2026-10-07T12:03:45.3282057Z Unpacking ocl-icd-libopencl1:amd64 (2.3.2-1build1) ...
2026-10-07T12:03:45.3452064Z Selecting previously unselected package libavutil58:amd64.
2026-10-07T12:03:45.3543311Z Preparing to unpack .../007-libavutil58_7%3a6.1.1-3ubuntu5_amd64.deb ...
2026-10-07T12:03:45.3550400Z Unpacking libavutil58:amd64 (7:6.1.1-3ubuntu5) ...
2026-10-07T12:03:45.3772759Z Selecting previously unselected package libcodec2-1.2:amd64.
2026-10-07T12:03:45.3866018Z Preparing to unpack .../008-libcodec2-1.2_1.2.0-2build1_amd64.deb ...
2026-10-07T12:03:45.3874058Z Unpacking libcodec2-1.2:amd64 (1.2.0-2build1) ...
2026-10-07T12:03:45.5243156Z Selecting previously unselected package libdav1d7:amd64.
2026-10-07T12:03:45.5360948Z Preparing to unpack .../009-libdav1d7_1.4.1-1build1_amd64.deb ...
2026-10-07T12:03:45.5369940Z Unpacking libdav1d7:amd64 (1.4.1-1build1) ...
2026-10-07T12:03:45.5665654Z Selecting previously unselected package libgsm1:amd64.
2026-10-07T12:03:45.5772506Z Preparing to unpack .../010-libgsm1_1.0.22-1build1_amd64.deb ...
2026-10-07T12:03:45.5781784Z Unpacking libgsm1:amd64 (1.0.22-1build1) ...
2026-10-07T12:03:45.6133083Z Selecting previously unselected package libhwy1t64:amd64.
2026-10-07T12:03:45.6240252Z Preparing to unpack .../011-libhwy1t64_1.0.7-8.1build1_amd64.deb ...
2026-10-07T12:03:45.6250945Z Unpacking libhwy1t64:amd64 (1.0.7-8.1build1) ...
2026-10-07T12:03:45.6632688Z Selecting previously unselected package libjxl0.7:amd64.
2026-10-07T12:03:45.6738352Z Preparing to unpack .../012-libjxl0.7_0.7.0-10.2ubuntu6.1_amd64.deb ...
2026-10-07T12:03:45.6747546Z Unpacking libjxl0.7:amd64 (0.7.0-10.2ubuntu6.1) ...
2026-10-07T12:03:45.7168643Z Selecting previously unselected package libmp3lame0:amd64.
2026-10-07T12:03:45.7276692Z Preparing to unpack .../013-libmp3lame0_3.100-6build1_amd64.deb ...
2026-10-07T12:03:45.7284871Z Unpacking libmp3lame0:amd64 (3.100-6build1) ...
2026-10-07T12:03:45.7460841Z Selecting previously unselected package libopus0:amd64.
2026-10-07T12:03:45.7570410Z Preparing to unpack .../014-libopus0_1.4-1build1_amd64.deb ...
2026-10-07T12:03:45.7580126Z Unpacking libopus0:amd64 (1.4-1build1) ...
2026-10-07T12:03:45.7739614Z Selecting previously unselected package librav1e0:amd64.
2026-10-07T12:03:45.7839146Z Preparing to unpack .../015-librav1e0_0.7.1-2_amd64.deb ...
2026-10-07T12:03:45.7847029Z Unpacking librav1e0:amd64 (0.7.1-2) ...
2026-10-07T12:03:45.8218987Z Selecting previously unselected package librsvg2-2:amd64.
2026-10-07T12:03:45.8315133Z Preparing to unpack .../016-librsvg2-2_2.58.0+dfsg-1ubuntu0.1_amd64.deb ...
2026-10-07T12:03:45.8323176Z Unpacking librsvg2-2:amd64 (2.58.0+dfsg-1ubuntu0.1) ...
2026-10-07T12:03:45.9003658Z Selecting previously unselected package libshine3:amd64.
2026-10-07T12:03:45.9106233Z Preparing to unpack .../017-libshine3_3.1.1-2build1_amd64.deb ...
2026-10-07T12:03:45.9114988Z Unpacking libshine3:amd64 (3.1.1-2build1) ...
2026-10-07T12:03:45.9247635Z Selecting previously unselected package libspeex1:amd64.
2026-10-07T12:03:45.9351454Z Preparing to unpack .../018-libspeex1_1.2.1-2ubuntu2.24.04.1_amd64.deb ...
2026-10-07T12:03:45.9359827Z Unpacking libspeex1:amd64 (1.2.1-2ubuntu2.24.04.1) ...
2026-10-07T12:03:45.9509285Z Selecting previously unselected package libsvtav1enc1d1:amd64.
2026-10-07T12:03:45.9620861Z Preparing to unpack .../019-libsvtav1enc1d1_1.7.0+dfsg-2build1_amd64.deb ...
2026-10-07T12:03:45.9629168Z Unpacking libsvtav1enc1d1:amd64 (1.7.0+dfsg-2build1) ...
2026-10-07T12:03:46.0335516Z Selecting previously unselected package libsoxr0:amd64.
2026-10-07T12:03:46.0439636Z Preparing to unpack .../020-libsoxr0_0.1.3-4build3_amd64.deb ...
2026-10-07T12:03:46.0448531Z Unpacking libsoxr0:amd64 (0.1.3-4build3) ...
2026-10-07T12:03:46.0616769Z Selecting previously unselected package libswresample4:amd64.
2026-10-07T12:03:46.0720510Z Preparing to unpack .../021-libswresample4_7%3a6.1.1-3ubuntu5_amd64.deb ...
2026-10-07T12:03:46.0731024Z Unpacking libswresample4:amd64 (7:6.1.1-3ubuntu5) ...
2026-10-07T12:03:46.0878197Z Selecting previously unselected package libtheora0:amd64.
2026-10-07T12:03:46.0974913Z Preparing to unpack .../022-libtheora0_1.1.1+dfsg.1-16.1build3_amd64.deb ...
2026-10-07T12:03:46.0982230Z Unpacking libtheora0:amd64 (1.1.1+dfsg.1-16.1build3) ...
2026-10-07T12:03:46.1160784Z Selecting previously unselected package libtwolame0:amd64.
2026-10-07T12:03:46.1254479Z Preparing to unpack .../023-libtwolame0_0.4.0-2build3_amd64.deb ...
2026-10-07T12:03:46.1261441Z Unpacking libtwolame0:amd64 (0.4.0-2build3) ...
2026-10-07T12:03:46.1402184Z Selecting previously unselected package libvorbisenc2:amd64.
2026-10-07T12:03:46.1494992Z Preparing to unpack .../024-libvorbisenc2_1.3.7-1build3_amd64.deb ...
2026-10-07T12:03:46.1502848Z Unpacking libvorbisenc2:amd64 (1.3.7-1build3) ...
2026-10-07T12:03:46.1699706Z Selecting previously unselected package libvpx9:amd64.
2026-10-07T12:03:46.1792916Z Preparing to unpack .../025-libvpx9_1.14.0-1ubuntu2.3_amd64.deb ...
2026-10-07T12:03:46.1801562Z Unpacking libvpx9:amd64 (1.14.0-1ubuntu2.3) ...
2026-10-07T12:03:46.2759552Z Selecting previously unselected package libx264-164:amd64.
2026-10-07T12:03:46.2862942Z Preparing to unpack .../026-libx264-164_2%3a0.164.3108+git31e19f9-1_amd64.deb ...
2026-10-07T12:03:46.2872371Z Unpacking libx264-164:amd64 (2:0.164.3108+git31e19f9-1) ...
2026-10-07T12:03:46.3165111Z Selecting previously unselected package libx265-199:amd64.
2026-10-07T12:03:46.3267760Z Preparing to unpack .../027-libx265-199_3.5-2build1_amd64.deb ...
2026-10-07T12:03:46.3276825Z Unpacking libx265-199:amd64 (3.5-2build1) ...
2026-10-07T12:03:46.4557362Z Selecting previously unselected package libxvidcore4:amd64.
2026-10-07T12:03:46.4665286Z Preparing to unpack .../028-libxvidcore4_2%3a1.3.7-1build1_amd64.deb ...
2026-10-07T12:03:46.4675545Z Unpacking libxvidcore4:amd64 (2:1.3.7-1build1) ...
2026-10-07T12:03:46.5078357Z Selecting previously unselected package libzvbi-common.
2026-10-07T12:03:46.5183829Z Preparing to unpack .../029-libzvbi-common_0.2.42-2_all.deb ...
2026-10-07T12:03:46.5192091Z Unpacking libzvbi-common (0.2.42-2) ...
2026-10-07T12:03:46.5624099Z Selecting previously unselected package libzvbi0t64:amd64.
2026-10-07T12:03:46.5738800Z Preparing to unpack .../030-libzvbi0t64_0.2.42-2_amd64.deb ...
2026-10-07T12:03:46.5748198Z Unpacking libzvbi0t64:amd64 (0.2.42-2) ...
2026-10-07T12:03:46.5931282Z Selecting previously unselected package libavcodec60:amd64.
2026-10-07T12:03:46.6035222Z Preparing to unpack .../031-libavcodec60_7%3a6.1.1-3ubuntu5_amd64.deb ...
2026-10-07T12:03:46.6043429Z Unpacking libavcodec60:amd64 (7:6.1.1-3ubuntu5) ...
2026-10-07T12:03:46.7519871Z Selecting previously unselected package libraw1394-11:amd64.
2026-10-07T12:03:46.7626318Z Preparing to unpack .../032-libraw1394-11_2.1.2-2build3_amd64.deb ...
2026-10-07T12:03:46.7635588Z Unpacking libraw1394-11:amd64 (2.1.2-2build3) ...
2026-10-07T12:03:46.7788000Z Selecting previously unselected package libavc1394-0:amd64.
2026-10-07T12:03:46.7908065Z Preparing to unpack .../033-libavc1394-0_0.5.4-5build3_amd64.deb ...
2026-10-07T12:03:46.7916340Z Unpacking libavc1394-0:amd64 (0.5.4-5build3) ...
2026-10-07T12:03:46.8156088Z Preparing to unpack .../034-libfreetype6_2.13.2+dfsg-1ubuntu0.2_amd64.deb ...
2026-10-07T12:03:46.8175956Z Unpacking libfreetype6:amd64 (2.13.2+dfsg-1ubuntu0.2) over (2.13.2+dfsg-1ubuntu0.1) ...
2026-10-07T12:03:46.8410579Z Selecting previously unselected package libunibreak5:amd64.
2026-10-07T12:03:46.8507324Z Preparing to unpack .../035-libunibreak5_5.1-2build1_amd64.deb ...
2026-10-07T12:03:46.8513762Z Unpacking libunibreak5:amd64 (5.1-2build1) ...
2026-10-07T12:03:46.8655047Z Selecting previously unselected package libass9:amd64.
2026-10-07T12:03:46.8749202Z Preparing to unpack .../036-libass9_1%3a0.17.1-2build1_amd64.deb ...
2026-10-07T12:03:46.8754795Z Unpacking libass9:amd64 (1:0.17.1-2build1) ...
2026-10-07T12:03:46.8912678Z Selecting previously unselected package libudfread0:amd64.
2026-10-07T12:03:46.9009529Z Preparing to unpack .../037-libudfread0_1.1.2-1build1_amd64.deb ...
2026-10-07T12:03:46.9017137Z Unpacking libudfread0:amd64 (1.1.2-1build1) ...
2026-10-07T12:03:46.9154506Z Selecting previously unselected package libbluray2:amd64.
2026-10-07T12:03:46.9248598Z Preparing to unpack .../038-libbluray2_1%3a1.3.4-1build1_amd64.deb ...
2026-10-07T12:03:46.9254919Z Unpacking libbluray2:amd64 (1:1.3.4-1build1) ...
2026-10-07T12:03:46.9420223Z Selecting previously unselected package libchromaprint1:amd64.
2026-10-07T12:03:46.9513963Z Preparing to unpack .../039-libchromaprint1_1.5.1-5_amd64.deb ...
2026-10-07T12:03:46.9521151Z Unpacking libchromaprint1:amd64 (1.5.1-5) ...
2026-10-07T12:03:46.9660394Z Selecting previously unselected package libgme0:amd64.
2026-10-07T12:03:46.9752629Z Preparing to unpack .../040-libgme0_0.6.3-7build1_amd64.deb ...
2026-10-07T12:03:46.9761249Z Unpacking libgme0:amd64 (0.6.3-7build1) ...
2026-10-07T12:03:46.9931585Z Selecting previously unselected package libmpg123-0t64:amd64.
2026-10-07T12:03:47.0029331Z Preparing to unpack .../041-libmpg123-0t64_1.32.5-1ubuntu1.1_amd64.deb ...
2026-10-07T12:03:47.0037430Z Unpacking libmpg123-0t64:amd64 (1.32.5-1ubuntu1.1) ...
2026-10-07T12:03:47.0206335Z Selecting previously unselected package libopenmpt0t64:amd64.
2026-10-07T12:03:47.0297346Z Preparing to unpack .../042-libopenmpt0t64_0.7.3-1.1build3_amd64.deb ...
2026-10-07T12:03:47.0304890Z Unpacking libopenmpt0t64:amd64 (0.7.3-1.1build3) ...
2026-10-07T12:03:47.0573909Z Selecting previously unselected package libcjson1:amd64.
2026-10-07T12:03:47.0669108Z Preparing to unpack .../043-libcjson1_1.7.17-1_amd64.deb ...
2026-10-07T12:03:47.0678193Z Unpacking libcjson1:amd64 (1.7.17-1) ...
2026-10-07T12:03:47.0816987Z Selecting previously unselected package libmbedcrypto7t64:amd64.
2026-10-07T12:03:47.0918851Z Preparing to unpack .../044-libmbedcrypto7t64_2.28.8-1_amd64.deb ...
2026-10-07T12:03:47.0929437Z Unpacking libmbedcrypto7t64:amd64 (2.28.8-1) ...
2026-10-07T12:03:47.1114936Z Selecting previously unselected package librist4:amd64.
2026-10-07T12:03:47.1208984Z Preparing to unpack .../045-librist4_0.2.10+dfsg-2_amd64.deb ...
2026-10-07T12:03:47.1217894Z Unpacking librist4:amd64 (0.2.10+dfsg-2) ...
2026-10-07T12:03:47.1355847Z Selecting previously unselected package libsrt1.5-gnutls:amd64.
2026-10-07T12:03:47.1449986Z Preparing to unpack .../046-libsrt1.5-gnutls_1.5.3-1build2_amd64.deb ...
2026-10-07T12:03:47.1458656Z Unpacking libsrt1.5-gnutls:amd64 (1.5.3-1build2) ...
2026-10-07T12:03:47.1666487Z Selecting previously unselected package libssh-gcrypt-4:amd64.
2026-10-07T12:03:47.1759320Z Preparing to unpack .../047-libssh-gcrypt-4_0.10.6-2ubuntu0.5_amd64.deb ...
2026-10-07T12:03:47.1767832Z Unpacking libssh-gcrypt-4:amd64 (0.10.6-2ubuntu0.5) ...
2026-10-07T12:03:47.1952928Z Selecting previously unselected package libavformat60:amd64.
2026-10-07T12:03:47.2056472Z Preparing to unpack .../048-libavformat60_7%3a6.1.1-3ubuntu5_amd64.deb ...
2026-10-07T12:03:47.2065816Z Unpacking libavformat60:amd64 (7:6.1.1-3ubuntu5) ...
2026-10-07T12:03:47.2415835Z Selecting previously unselected package libbs2b0:amd64.
2026-10-07T12:03:47.2507517Z Preparing to unpack .../049-libbs2b0_3.1.0+dfsg-7build1_amd64.deb ...
2026-10-07T12:03:47.2515507Z Unpacking libbs2b0:amd64 (3.1.0+dfsg-7build1) ...
2026-10-07T12:03:47.2719500Z Selecting previously unselected package libflite1:amd64.
2026-10-07T12:03:47.2812103Z Preparing to unpack .../050-libflite1_2.2-6build3_amd64.deb ...
2026-10-07T12:03:47.2819665Z Unpacking libflite1:amd64 (2.2-6build3) ...
2026-10-07T12:03:47.4622947Z Selecting previously unselected package libserd-0-0:amd64.
2026-10-07T12:03:47.4729331Z Preparing to unpack .../051-libserd-0-0_0.32.2-1_amd64.deb ...
2026-10-07T12:03:47.4737625Z Unpacking libserd-0-0:amd64 (0.32.2-1) ...
2026-10-07T12:03:47.4879709Z Selecting previously unselected package libzix-0-0:amd64.
2026-10-07T12:03:47.4986915Z Preparing to unpack .../052-libzix-0-0_0.4.2-2build1_amd64.deb ...
2026-10-07T12:03:47.4995994Z Unpacking libzix-0-0:amd64 (0.4.2-2build1) ...
2026-10-07T12:03:47.5157959Z Selecting previously unselected package libsord-0-0:amd64.
2026-10-07T12:03:47.5267797Z Preparing to unpack .../053-libsord-0-0_0.16.16-2build1_amd64.deb ...
2026-10-07T12:03:47.5276842Z Unpacking libsord-0-0:amd64 (0.16.16-2build1) ...
2026-10-07T12:03:47.5417720Z Selecting previously unselected package libsratom-0-0:amd64.
2026-10-07T12:03:47.5523150Z Preparing to unpack .../054-libsratom-0-0_0.6.16-1build1_amd64.deb ...
2026-10-07T12:03:47.5532670Z Unpacking libsratom-0-0:amd64 (0.6.16-1build1) ...
2026-10-07T12:03:47.5674738Z Selecting previously unselected package liblilv-0-0:amd64.
2026-10-07T12:03:47.5776466Z Preparing to unpack .../055-liblilv-0-0_0.24.22-1build1_amd64.deb ...
2026-10-07T12:03:47.5784170Z Unpacking liblilv-0-0:amd64 (0.24.22-1build1) ...
2026-10-07T12:03:47.5930613Z Selecting previously unselected package libmysofa1:amd64.
2026-10-07T12:03:47.6029340Z Preparing to unpack .../056-libmysofa1_1.3.2+dfsg-2ubuntu2_amd64.deb ...
2026-10-07T12:03:47.6036208Z Unpacking libmysofa1:amd64 (1.3.2+dfsg-2ubuntu2) ...
2026-10-07T12:03:47.6271089Z Selecting previously unselected package libplacebo338:amd64.
2026-10-07T12:03:47.6368469Z Preparing to unpack .../057-libplacebo338_6.338.2-2build1_amd64.deb ...
2026-10-07T12:03:47.6376102Z Unpacking libplacebo338:amd64 (6.338.2-2build1) ...
2026-10-07T12:03:47.7595714Z Selecting previously unselected package libblas3:amd64.
2026-10-07T12:03:47.7701389Z Preparing to unpack .../058-libblas3_3.12.0-3build1.1_amd64.deb ...
2026-10-07T12:03:47.7724808Z Unpacking libblas3:amd64 (3.12.0-3build1.1) ...
2026-10-07T12:03:47.7922811Z Selecting previously unselected package liblapack3:amd64.
2026-10-07T12:03:47.8027530Z Preparing to unpack .../059-liblapack3_3.12.0-3build1.1_amd64.deb ...
2026-10-07T12:03:47.8050256Z Unpacking liblapack3:amd64 (3.12.0-3build1.1) ...
2026-10-07T12:03:47.9489905Z Selecting previously unselected package libasyncns0:amd64.
2026-10-07T12:03:47.9595089Z Preparing to unpack .../060-libasyncns0_0.8-6build4_amd64.deb ...
2026-10-07T12:03:47.9604462Z Unpacking libasyncns0:amd64 (0.8-6build4) ...
2026-10-07T12:03:47.9744676Z Selecting previously unselected package libflac12t64:amd64.
2026-10-07T12:03:47.9850056Z Preparing to unpack .../061-libflac12t64_1.4.3+ds-2.1ubuntu2_amd64.deb ...
2026-10-07T12:03:47.9859445Z Unpacking libflac12t64:amd64 (1.4.3+ds-2.1ubuntu2) ...
2026-10-07T12:03:48.0024557Z Selecting previously unselected package libsndfile1:amd64.
2026-10-07T12:03:48.0119463Z Preparing to unpack .../062-libsndfile1_1.2.2-1ubuntu5.24.04.1_amd64.deb ...
2026-10-07T12:03:48.0126315Z Unpacking libsndfile1:amd64 (1.2.2-1ubuntu5.24.04.1) ...
2026-10-07T12:03:48.0316175Z Selecting previously unselected package libpulse0:amd64.
2026-10-07T12:03:48.0414345Z Preparing to unpack .../063-libpulse0_1%3a16.1+dfsg1-2ubuntu10.1_amd64.deb ...
2026-10-07T12:03:48.0462984Z Unpacking libpulse0:amd64 (1:16.1+dfsg1-2ubuntu10.1) ...
2026-10-07T12:03:48.0652962Z Selecting previously unselected package libsphinxbase3t64:amd64.
2026-10-07T12:03:48.0745635Z Preparing to unpack .../064-libsphinxbase3t64_0.8+5prealpha+1-17build2_amd64.deb ...
2026-10-07T12:03:48.0752745Z Unpacking libsphinxbase3t64:amd64 (0.8+5prealpha+1-17build2) ...
2026-10-07T12:03:48.0908131Z Selecting previously unselected package libpocketsphinx3:amd64.
2026-10-07T12:03:48.1001057Z Preparing to unpack .../065-libpocketsphinx3_0.8.0+real5prealpha+1-15ubuntu5_amd64.deb ...
2026-10-07T12:03:48.1008692Z Unpacking libpocketsphinx3:amd64 (0.8.0+real5prealpha+1-15ubuntu5) ...
2026-10-07T12:03:48.1169218Z Selecting previously unselected package libpostproc57:amd64.
2026-10-07T12:03:48.1263379Z Preparing to unpack .../066-libpostproc57_7%3a6.1.1-3ubuntu5_amd64.deb ...
2026-10-07T12:03:48.1270596Z Unpacking libpostproc57:amd64 (7:6.1.1-3ubuntu5) ...
2026-10-07T12:03:48.1428851Z Selecting previously unselected package libsamplerate0:amd64.
2026-10-07T12:03:48.1522957Z Preparing to unpack .../067-libsamplerate0_0.2.2-4build1_amd64.deb ...
2026-10-07T12:03:48.1532721Z Unpacking libsamplerate0:amd64 (0.2.2-4build1) ...
2026-10-07T12:03:48.1775720Z Selecting previously unselected package librubberband2:amd64.
2026-10-07T12:03:48.1870853Z Preparing to unpack .../068-librubberband2_3.3.0+dfsg-2build1_amd64.deb ...
2026-10-07T12:03:48.1879864Z Unpacking librubberband2:amd64 (3.3.0+dfsg-2build1) ...
2026-10-07T12:03:48.2036880Z Selecting previously unselected package libswscale7:amd64.
2026-10-07T12:03:48.2129766Z Preparing to unpack .../069-libswscale7_7%3a6.1.1-3ubuntu5_amd64.deb ...
2026-10-07T12:03:48.2137762Z Unpacking libswscale7:amd64 (7:6.1.1-3ubuntu5) ...
2026-10-07T12:03:48.2316449Z Selecting previously unselected package libvidstab1.1:amd64.
2026-10-07T12:03:48.2422207Z Preparing to unpack .../070-libvidstab1.1_1.1.0-2build1_amd64.deb ...
2026-10-07T12:03:48.2431500Z Unpacking libvidstab1.1:amd64 (1.1.0-2build1) ...
2026-10-07T12:03:48.2569361Z Selecting previously unselected package libzimg2:amd64.
2026-10-07T12:03:48.2658409Z Preparing to unpack .../071-libzimg2_3.0.5+ds1-1build1_amd64.deb ...
2026-10-07T12:03:48.2665531Z Unpacking libzimg2:amd64 (3.0.5+ds1-1build1) ...
2026-10-07T12:03:48.3048965Z Selecting previously unselected package libavfilter9:amd64.
2026-10-07T12:03:48.3145245Z Preparing to unpack .../072-libavfilter9_7%3a6.1.1-3ubuntu5_amd64.deb ...
2026-10-07T12:03:48.3151474Z Unpacking libavfilter9:amd64 (7:6.1.1-3ubuntu5) ...
2026-10-07T12:03:48.4396107Z Selecting previously unselected package libcaca0:amd64.
2026-10-07T12:03:48.4514743Z Preparing to unpack .../073-libcaca0_0.99.beta20-4ubuntu0.2_amd64.deb ...
2026-10-07T12:03:48.4524016Z Unpacking libcaca0:amd64 (0.99.beta20-4ubuntu0.2) ...
2026-10-07T12:03:48.4733892Z Selecting previously unselected package libcdio19t64:amd64.
2026-10-07T12:03:48.4836884Z Preparing to unpack .../074-libcdio19t64_2.1.0-4.1ubuntu1.2_amd64.deb ...
2026-10-07T12:03:48.4844409Z Unpacking libcdio19t64:amd64 (2.1.0-4.1ubuntu1.2) ...
2026-10-07T12:03:48.4992424Z Selecting previously unselected package libcdio-cdda2t64:amd64.
2026-10-07T12:03:48.5091339Z Preparing to unpack .../075-libcdio-cdda2t64_10.2+2.0.1-1.1build2_amd64.deb ...
2026-10-07T12:03:48.5097526Z Unpacking libcdio-cdda2t64:amd64 (10.2+2.0.1-1.1build2) ...
2026-10-07T12:03:48.5236355Z Selecting previously unselected package libcdio-paranoia2t64:amd64.
2026-10-07T12:03:48.5333767Z Preparing to unpack .../076-libcdio-paranoia2t64_10.2+2.0.1-1.1build2_amd64.deb ...
2026-10-07T12:03:48.5339965Z Unpacking libcdio-paranoia2t64:amd64 (10.2+2.0.1-1.1build2) ...
2026-10-07T12:03:48.5482050Z Selecting previously unselected package libdc1394-25:amd64.
2026-10-07T12:03:48.5593097Z Preparing to unpack .../077-libdc1394-25_2.2.6-4build1_amd64.deb ...
2026-10-07T12:03:48.5601259Z Unpacking libdc1394-25:amd64 (2.2.6-4build1) ...
2026-10-07T12:03:48.5750089Z Selecting previously unselected package libiec61883-0:amd64.
2026-10-07T12:03:48.5841861Z Preparing to unpack .../078-libiec61883-0_1.2.0-6build1_amd64.deb ...
2026-10-07T12:03:48.5851500Z Unpacking libiec61883-0:amd64 (1.2.0-6build1) ...
2026-10-07T12:03:48.5985321Z Selecting previously unselected package libjack-jackd2-0:amd64.
2026-10-07T12:03:48.6074877Z Preparing to unpack .../079-libjack-jackd2-0_1.9.21~dfsg-3ubuntu3_amd64.deb ...
2026-10-07T12:03:48.6083548Z Unpacking libjack-jackd2-0:amd64 (1.9.21~dfsg-3ubuntu3) ...
2026-10-07T12:03:48.6269161Z Selecting previously unselected package libopenal-data.
2026-10-07T12:03:48.6357893Z Preparing to unpack .../080-libopenal-data_1%3a1.23.1-4build1_all.deb ...
2026-10-07T12:03:48.6367167Z Unpacking libopenal-data (1:1.23.1-4build1) ...
2026-10-07T12:03:48.6527552Z Selecting previously unselected package libsndio7.0:amd64.
2026-10-07T12:03:48.6630597Z Preparing to unpack .../081-libsndio7.0_1.9.0-0.3build3_amd64.deb ...
2026-10-07T12:03:48.6637683Z Unpacking libsndio7.0:amd64 (1.9.0-0.3build3) ...
2026-10-07T12:03:48.7174119Z Selecting previously unselected package libopenal1:amd64.
2026-10-07T12:03:48.7270174Z Preparing to unpack .../082-libopenal1_1%3a1.23.1-4build1_amd64.deb ...
2026-10-07T12:03:48.7279283Z Unpacking libopenal1:amd64 (1:1.23.1-4build1) ...
2026-10-07T12:03:48.7524749Z Selecting previously unselected package libdecor-0-0:amd64.
2026-10-07T12:03:48.7636152Z Preparing to unpack .../083-libdecor-0-0_0.2.2-1build2_amd64.deb ...
2026-10-07T12:03:48.7645535Z Unpacking libdecor-0-0:amd64 (0.2.2-1build2) ...
2026-10-07T12:03:48.7786062Z Selecting previously unselected package libsdl2-2.0-0:amd64.
2026-10-07T12:03:48.7881475Z Preparing to unpack .../084-libsdl2-2.0-0_2.30.0+dfsg-1ubuntu3.1_amd64.deb ...
2026-10-07T12:03:48.7889970Z Unpacking libsdl2-2.0-0:amd64 (2.30.0+dfsg-1ubuntu3.1) ...
2026-10-07T12:03:48.8180803Z Selecting previously unselected package libxcb-shape0:amd64.
2026-10-07T12:03:48.8273357Z Preparing to unpack .../085-libxcb-shape0_1.15-1ubuntu2_amd64.deb ...
2026-10-07T12:03:48.8281866Z Unpacking libxcb-shape0:amd64 (1.15-1ubuntu2) ...
2026-10-07T12:03:48.8413240Z Selecting previously unselected package libxv1:amd64.
2026-10-07T12:03:48.8504836Z Preparing to unpack .../086-libxv1_2%3a1.0.11-1.1build1_amd64.deb ...
2026-10-07T12:03:48.8511194Z Unpacking libxv1:amd64 (2:1.0.11-1.1build1) ...
2026-10-07T12:03:48.8656325Z Selecting previously unselected package libavdevice60:amd64.
2026-10-07T12:03:48.8751630Z Preparing to unpack .../087-libavdevice60_7%3a6.1.1-3ubuntu5_amd64.deb ...
2026-10-07T12:03:48.8757638Z Unpacking libavdevice60:amd64 (7:6.1.1-3ubuntu5) ...
2026-10-07T12:03:48.8901389Z Selecting previously unselected package ffmpeg.
2026-10-07T12:03:48.8993181Z Preparing to unpack .../088-ffmpeg_7%3a6.1.1-3ubuntu5_amd64.deb ...
2026-10-07T12:03:48.8999317Z Unpacking ffmpeg (7:6.1.1-3ubuntu5) ...
2026-10-07T12:03:48.9423601Z Selecting previously unselected package fonts-noto-cjk.
2026-10-07T12:03:48.9523117Z Preparing to unpack .../089-fonts-noto-cjk_1%3a20230817+repack1-3_all.deb ...
2026-10-07T12:03:48.9567654Z Unpacking fonts-noto-cjk (1:20230817+repack1-3) ...
2026-10-07T12:03:49.6615352Z Selecting previously unselected package libigdgmm12:amd64.
2026-10-07T12:03:49.6722918Z Preparing to unpack .../090-libigdgmm12_22.3.17+ds1-1ubuntu1_amd64.deb ...
2026-10-07T12:03:49.6730851Z Unpacking libigdgmm12:amd64 (22.3.17+ds1-1ubuntu1) ...
2026-10-07T12:03:49.6931919Z Selecting previously unselected package intel-media-va-driver:amd64.
2026-10-07T12:03:49.7050215Z Preparing to unpack .../091-intel-media-va-driver_24.1.0+dfsg1-1ubuntu0.2_amd64.deb ...
2026-10-07T12:03:49.7058966Z Unpacking intel-media-va-driver:amd64 (24.1.0+dfsg1-1ubuntu0.2) ...
2026-10-07T12:03:49.8256227Z Selecting previously unselected package libaacs0:amd64.
2026-10-07T12:03:49.8363688Z Preparing to unpack .../092-libaacs0_0.11.1-2build1_amd64.deb ...
2026-10-07T12:03:49.8371797Z Unpacking libaacs0:amd64 (0.11.1-2build1) ...
2026-10-07T12:03:49.8517764Z Selecting previously unselected package libbdplus0:amd64.
2026-10-07T12:03:49.8624583Z Preparing to unpack .../093-libbdplus0_0.2.0-3build1_amd64.deb ...
2026-10-07T12:03:49.8631324Z Unpacking libbdplus0:amd64 (0.2.0-3build1) ...
2026-10-07T12:03:49.8763767Z Selecting previously unselected package libbrotli-dev:amd64.
2026-10-07T12:03:49.8860624Z Preparing to unpack .../094-libbrotli-dev_1.1.0-2build2_amd64.deb ...
2026-10-07T12:03:49.8867691Z Unpacking libbrotli-dev:amd64 (1.1.0-2build2) ...
2026-10-07T12:03:49.9092877Z Selecting previously unselected package libbz2-dev:amd64.
2026-10-07T12:03:49.9184904Z Preparing to unpack .../095-libbz2-dev_1.0.8-5.1ubuntu0.1_amd64.deb ...
2026-10-07T12:03:49.9190688Z Unpacking libbz2-dev:amd64 (1.0.8-5.1ubuntu0.1) ...
2026-10-07T12:03:49.9316384Z Selecting previously unselected package libdecor-0-plugin-1-gtk:amd64.
2026-10-07T12:03:49.9405655Z Preparing to unpack .../096-libdecor-0-plugin-1-gtk_0.2.2-1build2_amd64.deb ...
2026-10-07T12:03:49.9411546Z Unpacking libdecor-0-plugin-1-gtk:amd64 (0.2.2-1build2) ...
2026-10-07T12:03:49.9536773Z Selecting previously unselected package libpng-dev:amd64.
2026-10-07T12:03:49.9625006Z Preparing to unpack .../097-libpng-dev_1.6.43-5ubuntu0.6_amd64.deb ...
2026-10-07T12:03:49.9631679Z Unpacking libpng-dev:amd64 (1.6.43-5ubuntu0.6) ...
2026-10-07T12:03:49.9892529Z Selecting previously unselected package libfreetype-dev:amd64.
2026-10-07T12:03:49.9980052Z Preparing to unpack .../098-libfreetype-dev_2.13.2+dfsg-1ubuntu0.2_amd64.deb ...
2026-10-07T12:03:49.9986859Z Unpacking libfreetype-dev:amd64 (2.13.2+dfsg-1ubuntu0.2) ...
2026-10-07T12:03:50.0306788Z Selecting previously unselected package uuid-dev:amd64.
2026-10-07T12:03:50.0398314Z Preparing to unpack .../099-uuid-dev_2.39.3-9ubuntu6.6_amd64.deb ...
2026-10-07T12:03:50.0406557Z Unpacking uuid-dev:amd64 (2.39.3-9ubuntu6.6) ...
2026-10-07T12:03:50.0563665Z Selecting previously unselected package libfontconfig-dev:amd64.
2026-10-07T12:03:50.0657263Z Preparing to unpack .../100-libfontconfig-dev_2.15.0-1.1ubuntu2_amd64.deb ...
2026-10-07T12:03:50.0825622Z Unpacking libfontconfig-dev:amd64 (2.15.0-1.1ubuntu2) ...
2026-10-07T12:03:50.1013618Z Selecting previously unselected package libfontconfig1-dev:amd64.
2026-10-07T12:03:50.1122971Z Preparing to unpack .../101-libfontconfig1-dev_2.15.0-1.1ubuntu2_amd64.deb ...
2026-10-07T12:03:50.1131250Z Unpacking libfontconfig1-dev:amd64 (2.15.0-1.1ubuntu2) ...
2026-10-07T12:03:50.1262754Z Selecting previously unselected package libpng-tools.
2026-10-07T12:03:50.1357480Z Preparing to unpack .../102-libpng-tools_1.6.43-5ubuntu0.6_amd64.deb ...
2026-10-07T12:03:50.1365907Z Unpacking libpng-tools (1.6.43-5ubuntu0.6) ...
2026-10-07T12:03:50.1495922Z Selecting previously unselected package librsvg2-common:amd64.
2026-10-07T12:03:50.1587131Z Preparing to unpack .../103-librsvg2-common_2.58.0+dfsg-1ubuntu0.1_amd64.deb ...
2026-10-07T12:03:50.1594012Z Unpacking librsvg2-common:amd64 (2.58.0+dfsg-1ubuntu0.1) ...
2026-10-07T12:03:50.1809278Z Selecting previously unselected package mesa-va-drivers:amd64.
2026-10-07T12:03:50.1900903Z Preparing to unpack .../104-mesa-va-drivers_25.2.8-0ubuntu0.24.04.4_amd64.deb ...
2026-10-07T12:03:50.1908200Z Unpacking mesa-va-drivers:amd64 (25.2.8-0ubuntu0.24.04.4) ...
2026-10-07T12:03:50.2082227Z Selecting previously unselected package mesa-vdpau-drivers:amd64.
2026-10-07T12:03:50.2188480Z Preparing to unpack .../105-mesa-vdpau-drivers_25.2.8-0ubuntu0.24.04.4_amd64.deb ...
2026-10-07T12:03:50.2195328Z Unpacking mesa-vdpau-drivers:amd64 (25.2.8-0ubuntu0.24.04.4) ...
2026-10-07T12:03:50.2328142Z Selecting previously unselected package i965-va-driver:amd64.
2026-10-07T12:03:50.2418152Z Preparing to unpack .../106-i965-va-driver_2.4.1+dfsg1-1ubuntu0.2_amd64.deb ...
2026-10-07T12:03:50.2424225Z Unpacking i965-va-driver:amd64 (2.4.1+dfsg1-1ubuntu0.2) ...
2026-10-07T12:03:50.2677869Z Selecting previously unselected package va-driver-all:amd64.
2026-10-07T12:03:50.2769413Z Preparing to unpack .../107-va-driver-all_2.20.0-2ubuntu0.2_amd64.deb ...
2026-10-07T12:03:50.2775773Z Unpacking va-driver-all:amd64 (2.20.0-2ubuntu0.2) ...
2026-10-07T12:03:50.2898043Z Selecting previously unselected package vdpau-driver-all:amd64.
2026-10-07T12:03:50.2988946Z Preparing to unpack .../108-vdpau-driver-all_1.5-2build1_amd64.deb ...
2026-10-07T12:03:50.2995671Z Unpacking vdpau-driver-all:amd64 (1.5-2build1) ...
2026-10-07T12:03:50.3118068Z Selecting previously unselected package pocketsphinx-en-us.
2026-10-07T12:03:50.3223125Z Preparing to unpack .../109-pocketsphinx-en-us_0.8.0+real5prealpha+1-15ubuntu5_all.deb ...
2026-10-07T12:03:50.3230232Z Unpacking pocketsphinx-en-us (0.8.0+real5prealpha+1-15ubuntu5) ...
2026-10-07T12:03:50.6264295Z Setting up libgme0:amd64 (0.6.3-7build1) ...
2026-10-07T12:03:50.6290455Z Setting up libchromaprint1:amd64 (1.5.1-5) ...
2026-10-07T12:03:50.6309040Z Setting up libssh-gcrypt-4:amd64 (0.10.6-2ubuntu0.5) ...
2026-10-07T12:03:50.6326769Z Setting up libhwy1t64:amd64 (1.0.7-8.1build1) ...
2026-10-07T12:03:50.6345194Z Setting up libudfread0:amd64 (1.1.2-1build1) ...
2026-10-07T12:03:50.6362151Z Setting up bzip2-doc (1.0.8-5.1ubuntu0.1) ...
2026-10-07T12:03:50.6378483Z Setting up libraw1394-11:amd64 (2.1.2-2build3) ...
2026-10-07T12:03:50.6395008Z Setting up libspeex1:amd64 (1.2.1-2ubuntu2.24.04.1) ...
2026-10-07T12:03:50.6412204Z Setting up libshine3:amd64 (3.1.1-2build1) ...
2026-10-07T12:03:50.6428964Z Setting up libcaca0:amd64 (0.99.beta20-4ubuntu0.2) ...
2026-10-07T12:03:50.6443757Z Setting up libvpl2 (2023.3.0-1build1) ...
2026-10-07T12:03:50.6462212Z Setting up libx264-164:amd64 (2:0.164.3108+git31e19f9-1) ...
2026-10-07T12:03:50.6479241Z Setting up libtwolame0:amd64 (0.4.0-2build3) ...
2026-10-07T12:03:50.6495160Z Setting up libmbedcrypto7t64:amd64 (2.28.8-1) ...
2026-10-07T12:03:50.6511964Z Setting up libpng-tools (1.6.43-5ubuntu0.6) ...
2026-10-07T12:03:50.6528780Z Setting up libgsm1:amd64 (1.0.22-1build1) ...
2026-10-07T12:03:50.6544830Z Setting up libsoxr0:amd64 (0.1.3-4build3) ...
2026-10-07T12:03:50.6561348Z Setting up libzix-0-0:amd64 (0.4.2-2build1) ...
2026-10-07T12:03:50.6577053Z Setting up libcodec2-1.2:amd64 (1.2.0-2build1) ...
2026-10-07T12:03:50.6593160Z Setting up fonts-noto-cjk (1:20230817+repack1-3) ...
2026-10-07T12:03:50.6643320Z Setting up libpng-dev:amd64 (1.6.43-5ubuntu0.6) ...
2026-10-07T12:03:50.6660222Z Setting up libmysofa1:amd64 (1.3.2+dfsg-2ubuntu2) ...
2026-10-07T12:03:50.6677141Z Setting up libxcb-shape0:amd64 (1.15-1ubuntu2) ...
2026-10-07T12:03:50.6694330Z Setting up libcdio19t64:amd64 (2.1.0-4.1ubuntu1.2) ...
2026-10-07T12:03:50.6711322Z Setting up libsvtav1enc1d1:amd64 (1.7.0+dfsg-2build1) ...
2026-10-07T12:03:50.6727772Z Setting up libigdgmm12:amd64 (22.3.17+ds1-1ubuntu1) ...
2026-10-07T12:03:50.6745170Z Setting up libmpg123-0t64:amd64 (1.32.5-1ubuntu1.1) ...
2026-10-07T12:03:50.6761313Z Setting up libcjson1:amd64 (1.7.17-1) ...
2026-10-07T12:03:50.6777625Z Setting up libxvidcore4:amd64 (2:1.3.7-1build1) ...
2026-10-07T12:03:50.6794169Z Setting up librav1e0:amd64 (0.7.1-2) ...
2026-10-07T12:03:50.6810188Z Setting up libcdio-cdda2t64:amd64 (10.2+2.0.1-1.1build2) ...
2026-10-07T12:03:50.6826418Z Setting up librist4:amd64 (0.2.10+dfsg-2) ...
2026-10-07T12:03:50.6842149Z Setting up librsvg2-2:amd64 (2.58.0+dfsg-1ubuntu0.1) ...
2026-10-07T12:03:50.6856730Z Setting up libblas3:amd64 (3.12.0-3build1.1) ...
2026-10-07T12:03:50.6901712Z update-alternatives: using /usr/lib/x86_64-linux-gnu/blas/libblas.so.3 to provide /usr/lib/x86_64-linux-gnu/libblas.so.3 (libblas.so.3-x86_64-linux-gnu) in auto mode
2026-10-07T12:03:50.6913942Z Setting up libplacebo338:amd64 (6.338.2-2build1) ...
2026-10-07T12:03:50.6929143Z Setting up libva2:amd64 (2.20.0-2ubuntu0.2) ...
2026-10-07T12:03:50.6946175Z Setting up libfreetype6:amd64 (2.13.2+dfsg-1ubuntu0.2) ...
2026-10-07T12:03:50.6963584Z Setting up uuid-dev:amd64 (2.39.3-9ubuntu6.6) ...
2026-10-07T12:03:50.6980713Z Setting up libopus0:amd64 (1.4-1build1) ...
2026-10-07T12:03:50.6997671Z Setting up libcdio-paranoia2t64:amd64 (10.2+2.0.1-1.1build2) ...
2026-10-07T12:03:50.7014397Z Setting up libdc1394-25:amd64 (2.2.6-4build1) ...
2026-10-07T12:03:50.7033978Z Setting up intel-media-va-driver:amd64 (24.1.0+dfsg1-1ubuntu0.2) ...
2026-10-07T12:03:50.7049455Z Setting up libxv1:amd64 (2:1.0.11-1.1build1) ...
2026-10-07T12:03:50.7065416Z Setting up libunibreak5:amd64 (5.1-2build1) ...
2026-10-07T12:03:50.7081425Z Setting up libaacs0:amd64 (0.11.1-2build1) ...
2026-10-07T12:03:50.7100687Z Setting up libjxl0.7:amd64 (0.7.0-10.2ubuntu6.1) ...
2026-10-07T12:03:50.7117193Z Setting up librsvg2-common:amd64 (2.58.0+dfsg-1ubuntu0.1) ...
2026-10-07T12:03:50.7194255Z Setting up pocketsphinx-en-us (0.8.0+real5prealpha+1-15ubuntu5) ...
2026-10-07T12:03:50.7209287Z Setting up libx265-199:amd64 (3.5-2build1) ...
2026-10-07T12:03:50.7225838Z Setting up libsndio7.0:amd64 (1.9.0-0.3build3) ...
2026-10-07T12:03:50.7243688Z Setting up libbdplus0:amd64 (0.2.0-3build1) ...
2026-10-07T12:03:50.7261841Z Setting up libvidstab1.1:amd64 (1.1.0-2build1) ...
2026-10-07T12:03:50.7278955Z Setting up libvpx9:amd64 (1.14.0-1ubuntu2.3) ...
2026-10-07T12:03:50.7295793Z Setting up libsrt1.5-gnutls:amd64 (1.5.3-1build2) ...
2026-10-07T12:03:50.7312506Z Setting up libflite1:amd64 (2.2-6build3) ...
2026-10-07T12:03:50.7329217Z Setting up libdav1d7:amd64 (1.4.1-1build1) ...
2026-10-07T12:03:50.7345900Z Setting up libva-drm2:amd64 (2.20.0-2ubuntu0.2) ...
2026-10-07T12:03:50.7363171Z Setting up ocl-icd-libopencl1:amd64 (2.3.2-1build1) ...
2026-10-07T12:03:50.7379347Z Setting up libasyncns0:amd64 (0.8-6build4) ...
2026-10-07T12:03:50.7395365Z Setting up libvdpau1:amd64 (1.5-2build1) ...
2026-10-07T12:03:50.7418458Z Setting up libbs2b0:amd64 (3.1.0+dfsg-7build1) ...
2026-10-07T12:03:50.7433077Z Setting up libtheora0:amd64 (1.1.1+dfsg.1-16.1build3) ...
2026-10-07T12:03:50.7449646Z Setting up libdecor-0-0:amd64 (0.2.2-1build2) ...
2026-10-07T12:03:50.7465589Z Setting up libzimg2:amd64 (3.0.5+ds1-1build1) ...
2026-10-07T12:03:50.7481652Z Setting up libopenal-data (1:1.23.1-4build1) ...
2026-10-07T12:03:50.7503083Z Setting up libflac12t64:amd64 (1.4.3+ds-2.1ubuntu2) ...
2026-10-07T12:03:50.7520703Z Setting up mesa-va-drivers:amd64 (25.2.8-0ubuntu0.24.04.4) ...
2026-10-07T12:03:50.7538739Z Setting up libbluray2:amd64 (1:1.3.4-1build1) ...
2026-10-07T12:03:50.7554690Z Setting up libsamplerate0:amd64 (0.2.2-4build1) ...
2026-10-07T12:03:50.7572751Z Setting up libva-x11-2:amd64 (2.20.0-2ubuntu0.2) ...
2026-10-07T12:03:50.7590661Z Setting up libdecor-0-plugin-1-gtk:amd64 (0.2.2-1build2) ...
2026-10-07T12:03:50.7607318Z Setting up libopenmpt0t64:amd64 (0.7.3-1.1build3) ...
2026-10-07T12:03:50.7624894Z Setting up libbrotli-dev:amd64 (1.1.0-2build2) ...
2026-10-07T12:03:50.7640992Z Setting up libzvbi-common (0.2.42-2) ...
2026-10-07T12:03:50.7658120Z Setting up libmp3lame0:amd64 (3.100-6build1) ...
2026-10-07T12:03:50.7674618Z Setting up i965-va-driver:amd64 (2.4.1+dfsg1-1ubuntu0.2) ...
2026-10-07T12:03:50.7691130Z Setting up libvorbisenc2:amd64 (1.3.7-1build3) ...
2026-10-07T12:03:50.7706798Z Setting up libiec61883-0:amd64 (1.2.0-6build1) ...
2026-10-07T12:03:50.7722080Z Setting up libserd-0-0:amd64 (0.32.2-1) ...
2026-10-07T12:03:50.7738731Z Setting up libbz2-dev:amd64 (1.0.8-5.1ubuntu0.1) ...
2026-10-07T12:03:50.7754605Z Setting up libavc1394-0:amd64 (0.5.4-5build3) ...
2026-10-07T12:03:50.7773037Z Setting up mesa-vdpau-drivers:amd64 (25.2.8-0ubuntu0.24.04.4) ...
2026-10-07T12:03:50.7789386Z Setting up liblapack3:amd64 (3.12.0-3build1.1) ...
2026-10-07T12:03:50.7833543Z update-alternatives: using /usr/lib/x86_64-linux-gnu/lapack/liblapack.so.3 to provide /usr/lib/x86_64-linux-gnu/liblapack.so.3 (liblapack.so.3-x86_64-linux-gnu) in auto mode
2026-10-07T12:03:50.8261659Z Setting up libzvbi0t64:amd64 (0.2.42-2) ...
2026-10-07T12:03:50.8280213Z Setting up libavutil58:amd64 (7:6.1.1-3ubuntu5) ...
2026-10-07T12:03:50.8297181Z Setting up libopenal1:amd64 (1:1.23.1-4build1) ...
2026-10-07T12:03:50.8313650Z Setting up libfreetype-dev:amd64 (2.13.2+dfsg-1ubuntu0.2) ...
2026-10-07T12:03:50.8334198Z Setting up libass9:amd64 (1:0.17.1-2build1) ...
2026-10-07T12:03:50.8351055Z Setting up libswresample4:amd64 (7:6.1.1-3ubuntu5) ...
2026-10-07T12:03:50.8368603Z Setting up va-driver-all:amd64 (2.20.0-2ubuntu0.2) ...
2026-10-07T12:03:50.8388841Z Setting up libavcodec60:amd64 (7:6.1.1-3ubuntu5) ...
2026-10-07T12:03:50.8406220Z Setting up librubberband2:amd64 (3.3.0+dfsg-2build1) ...
2026-10-07T12:03:50.8424353Z Setting up libjack-jackd2-0:amd64 (1.9.21~dfsg-3ubuntu3) ...
2026-10-07T12:03:50.8445333Z Setting up vdpau-driver-all:amd64 (1.5-2build1) ...
2026-10-07T12:03:50.8462055Z Setting up libsord-0-0:amd64 (0.16.16-2build1) ...
2026-10-07T12:03:50.8477751Z Setting up libpostproc57:amd64 (7:6.1.1-3ubuntu5) ...
2026-10-07T12:03:50.8496551Z Setting up libsratom-0-0:amd64 (0.6.16-1build1) ...
2026-10-07T12:03:50.8512257Z Setting up libsndfile1:amd64 (1.2.2-1ubuntu5.24.04.1) ...
2026-10-07T12:03:50.8529332Z Setting up liblilv-0-0:amd64 (0.24.22-1build1) ...
2026-10-07T12:03:50.8549215Z Setting up libswscale7:amd64 (7:6.1.1-3ubuntu5) ...
2026-10-07T12:03:50.8565232Z Setting up libpulse0:amd64 (1:16.1+dfsg1-2ubuntu10.1) ...
2026-10-07T12:03:50.8620560Z Setting up libfontconfig-dev:amd64 (2.15.0-1.1ubuntu2) ...
2026-10-07T12:03:50.8640429Z Setting up libavformat60:amd64 (7:6.1.1-3ubuntu5) ...
2026-10-07T12:03:50.8658738Z Setting up libsphinxbase3t64:amd64 (0.8+5prealpha+1-17build2) ...
2026-10-07T12:03:50.8677968Z Setting up libsdl2-2.0-0:amd64 (2.30.0+dfsg-1ubuntu3.1) ...
2026-10-07T12:03:50.8696825Z Setting up libfontconfig1-dev:amd64 (2.15.0-1.1ubuntu2) ...
2026-10-07T12:03:50.8713391Z Setting up libpocketsphinx3:amd64 (0.8.0+real5prealpha+1-15ubuntu5) ...
2026-10-07T12:03:50.8732921Z Setting up libavfilter9:amd64 (7:6.1.1-3ubuntu5) ...
2026-10-07T12:03:50.8749365Z Setting up libavdevice60:amd64 (7:6.1.1-3ubuntu5) ...
2026-10-07T12:03:50.8767979Z Setting up ffmpeg (7:6.1.1-3ubuntu5) ...
2026-10-07T12:03:50.8790629Z Processing triggers for fontconfig (2.15.0-1.1ubuntu2) ...
2026-10-07T12:03:51.0083471Z Processing triggers for libc-bin (2.39-0ubuntu8.9) ...
2026-10-07T12:03:52.3485631Z Processing triggers for man-db (2.12.0-4build2) ...
2026-10-07T12:03:52.3504649Z Not building database; man-db/auto-update is not 'true'.
2026-10-07T12:03:52.3518800Z Processing triggers for libgdk-pixbuf-2.0-0:amd64 (2.42.10+dfsg-3ubuntu3.3) ...
2026-10-07T12:03:52.4080102Z Processing triggers for install-info (7.1-3build2) ...
2026-10-07T12:03:53.5478618Z 
2026-10-07T12:03:53.5479546Z Running kernel seems to be up-to-date.
2026-10-07T12:03:53.5479906Z 
2026-10-07T12:03:53.5480051Z Restarting services...
2026-10-07T12:03:53.5537337Z  systemctl restart php8.3-fpm.service
2026-10-07T12:03:53.6269553Z 
2026-10-07T12:03:53.6281337Z No containers need to be restarted.
2026-10-07T12:03:53.6281565Z 
2026-10-07T12:03:53.6281689Z No user sessions are running outdated binaries.
2026-10-07T12:03:53.6282105Z 
2026-10-07T12:03:53.6282269Z No VM guests are running outdated hypervisor (qemu) binaries on this host.
2026-10-07T12:03:54.4107829Z NotoSansCJK-Regular.ttc: "Noto Sans CJK JP" "Regular"
2026-10-07T12:03:54.4145729Z ##[group]Run cargo fmt --all --check
2026-10-07T12:03:54.4146022Z [36;1mcargo fmt --all --check[0m
2026-10-07T12:03:54.4179794Z shell: /usr/bin/bash -e {0}
2026-10-07T12:03:54.4180037Z env:
2026-10-07T12:03:54.4180232Z   CARGO_TERM_COLOR: always
2026-10-07T12:03:54.4180646Z   RUSTFLAGS: -D warnings
2026-10-07T12:03:54.4180872Z   CARGO_HOME: /home/runner/.cargo
2026-10-07T12:03:54.4181122Z   CARGO_INCREMENTAL: 0
2026-10-07T12:03:54.4181322Z   CACHE_ON_FAILURE: true
2026-10-07T12:03:54.4181533Z ##[endgroup]
2026-10-07T12:03:59.5515887Z ##[group]Run python3 -m unittest discover -s scripts -p test_gui_test_artifact.py
2026-10-07T12:03:59.5516794Z [36;1mpython3 -m unittest discover -s scripts -p test_gui_test_artifact.py[0m
2026-10-07T12:03:59.5552511Z shell: /usr/bin/bash -e {0}
2026-10-07T12:03:59.5552775Z env:
2026-10-07T12:03:59.5552981Z   CARGO_TERM_COLOR: always
2026-10-07T12:03:59.5553206Z   RUSTFLAGS: -D warnings
2026-10-07T12:03:59.5553435Z   CARGO_HOME: /home/runner/.cargo
2026-10-07T12:03:59.5553685Z   CARGO_INCREMENTAL: 0
2026-10-07T12:03:59.5553899Z   CACHE_ON_FAILURE: true
2026-10-07T12:03:59.5554110Z ##[endgroup]
2026-10-07T12:04:02.0298334Z ..............
2026-10-07T12:04:02.0298923Z ----------------------------------------------------------------------
2026-10-07T12:04:02.0299399Z Ran 14 tests in 2.296s
2026-10-07T12:04:02.0299691Z 
2026-10-07T12:04:02.0299901Z OK
2026-10-07T12:04:02.1338333Z ##[group]Run set -o pipefail
2026-10-07T12:04:02.1338708Z [36;1mset -o pipefail[0m
2026-10-07T12:04:02.1339274Z [36;1mcargo clippy --workspace --all-targets --locked --keep-going 2>&1 | tee /tmp/hydrus-clippy.log[0m
2026-10-07T12:04:02.1375461Z shell: /usr/bin/bash -e {0}
2026-10-07T12:04:02.1375699Z env:
2026-10-07T12:04:02.1375895Z   CARGO_TERM_COLOR: always
2026-10-07T12:04:02.1376104Z   RUSTFLAGS: -D warnings
2026-10-07T12:04:02.1376316Z   CARGO_HOME: /home/runner/.cargo
2026-10-07T12:04:02.1376542Z   CARGO_INCREMENTAL: 0
2026-10-07T12:04:02.1376735Z   CACHE_ON_FAILURE: true
2026-10-07T12:04:02.1376929Z   CARGO_BUILD_JOBS: 1
2026-10-07T12:04:02.1377122Z ##[endgroup]
2026-10-07T12:04:03.0247729Z [1m[92m    Updating[0m crates.io index
2026-10-07T12:04:04.7526924Z [1m[92m    Checking[0m hydrus-gui v0.1.0 (/home/runner/work/hydrus-mine/hydrus-mine/crates/hydrus-gui)
2026-10-07T12:04:17.3945486Z [1m[92m    Checking[0m hydrus-cli v0.1.0 (/home/runner/work/hydrus-mine/hydrus-mine/crates/hydrus-cli)
2026-10-07T12:04:30.3416995Z [1m[92m    Checking[0m hydrus-gui-model v0.1.0 (/home/runner/work/hydrus-mine/hydrus-mine/crates/hydrus-gui-model)
2026-10-07T12:04:36.3819639Z [1m[92m    Checking[0m hydrus-store v0.1.0 (/home/runner/work/hydrus-mine/hydrus-mine/crates/hydrus-store)
2026-10-07T12:04:50.6555342Z [1m[92m    Checking[0m xtask v0.1.0 (/home/runner/work/hydrus-mine/hydrus-mine/xtask)
2026-10-07T12:04:50.8871328Z [1m[92m    Checking[0m hydrus-api v0.1.0 (/home/runner/work/hydrus-mine/hydrus-mine/crates/hydrus-api)
2026-10-07T12:04:54.4208483Z [1m[92m    Checking[0m hydrus-downloader-exchange v0.1.0 (/home/runner/work/hydrus-mine/hydrus-mine/crates/hydrus-downloader-exchange)
2026-10-07T12:04:55.5409774Z [1m[92m    Checking[0m hydrus-download v0.1.0 (/home/runner/work/hydrus-mine/hydrus-mine/crates/hydrus-download)
2026-10-07T12:04:58.3958058Z [1m[92m    Checking[0m hydrus-duplicates v0.1.0 (/home/runner/work/hydrus-mine/hydrus-mine/crates/hydrus-duplicates)
2026-10-07T12:04:58.6009257Z [1m[92m    Checking[0m hydrus-net v0.1.0 (/home/runner/work/hydrus-mine/hydrus-mine/crates/hydrus-net)
2026-10-07T12:05:00.2807520Z [1m[92m    Checking[0m hydrus-import v0.1.0 (/home/runner/work/hydrus-mine/hydrus-mine/crates/hydrus-import)
2026-10-07T12:05:01.0821347Z [1m[92m    Checking[0m hydrus-search v0.1.0 (/home/runner/work/hydrus-mine/hydrus-mine/crates/hydrus-search)
2026-10-07T12:05:01.5469035Z [1m[92m    Checking[0m hydrus-legacy v0.1.0 (/home/runner/work/hydrus-mine/hydrus-mine/crates/hydrus-legacy)
2026-10-07T12:05:03.2239125Z [1m[92m    Checking[0m hydrus-core v0.1.0 (/home/runner/work/hydrus-mine/hydrus-mine/crates/hydrus-core)
2026-10-07T12:05:10.7905583Z [1m[92m    Checking[0m hydrus-media v0.1.0 (/home/runner/work/hydrus-mine/hydrus-mine/crates/hydrus-media)
2026-10-07T12:05:13.3771658Z [1m[92m    Checking[0m hydrus-testkit v0.1.0 (/home/runner/work/hydrus-mine/hydrus-mine/crates/hydrus-testkit)
2026-10-07T12:05:13.4239386Z [1m[92m    Checking[0m hydrus-parse v0.1.0 (/home/runner/work/hydrus-mine/hydrus-mine/crates/hydrus-parse)
2026-10-07T12:05:14.5357949Z [1m[92m    Finished[0m `dev` profile [unoptimized + debuginfo] target(s) in 1m 12s
2026-10-07T12:05:14.6297412Z ##[group]Run actions/upload-artifact@v4
2026-10-07T12:05:14.6297674Z with:
2026-10-07T12:05:14.6297874Z   name: clippy-diagnostics-37618131717-1
2026-10-07T12:05:14.6298126Z   path: /tmp/hydrus-clippy.log
2026-10-07T12:05:14.6298361Z   if-no-files-found: ignore
2026-10-07T12:05:14.6298567Z   retention-days: 3
2026-10-07T12:05:14.6298755Z   compression-level: 6
2026-10-07T12:05:14.6298955Z   overwrite: false
2026-10-07T12:05:14.6299145Z   include-hidden-files: false
2026-10-07T12:05:14.6299356Z env:
2026-10-07T12:05:14.6299526Z   CARGO_TERM_COLOR: always
2026-10-07T12:05:14.6299729Z   RUSTFLAGS: -D warnings
2026-10-07T12:05:14.6299939Z   CARGO_HOME: /home/runner/.cargo
2026-10-07T12:05:14.6300156Z   CARGO_INCREMENTAL: 0
2026-10-07T12:05:14.6300533Z   CACHE_ON_FAILURE: true
2026-10-07T12:05:14.6300802Z ##[endgroup]
2026-10-07T12:05:14.7681641Z (node:4377) [DEP0040] DeprecationWarning: The `punycode` module is deprecated. Please use a userland alternative instead.
2026-10-07T12:05:14.7682356Z (Use `node --trace-deprecation ...` to show where the warning was created)
2026-10-07T12:05:14.7722079Z With the provided path, there will be 1 file uploaded
2026-10-07T12:05:14.7726383Z Artifact name is valid!
2026-10-07T12:05:14.7726988Z Root directory input is valid!
2026-10-07T12:05:15.0957012Z Beginning upload of artifact content to blob storage
2026-10-07T12:05:15.1092861Z (node:4377) [DEP0169] DeprecationWarning: `url.parse()` behavior is not standardized and prone to errors that have security implications. Use the WHATWG URL API instead. CVEs are not issued for `url.parse()` vulnerabilities.
2026-10-07T12:05:15.3486032Z Uploaded bytes 467
2026-10-07T12:05:15.4100575Z Finished uploading artifact content to blob storage!
2026-10-07T12:05:15.4101367Z SHA256 digest of uploaded artifact zip is 54b568af84c4f132c08bdf9ee361f0af6ab6ef29bf271b38c34a86f99c36db01
2026-10-07T12:05:15.4102355Z Finalizing artifact upload
2026-10-07T12:05:15.6776013Z Artifact clippy-diagnostics-37618131717-1.zip successfully finalized. Artifact ID 11480828271
2026-10-07T12:05:15.6776978Z Artifact clippy-diagnostics-37618131717-1 has been successfully uploaded! Final size is 467 bytes. Artifact ID is 11480828271
2026-10-07T12:05:15.6781615Z Artifact download URL: https://github.com/jkendall327/hydrus-mine/actions/runs/37618131717/artifacts/11480828271
2026-10-07T12:05:15.6858815Z ##[group]Run set -o pipefail
2026-10-07T12:05:15.6859097Z [36;1mset -o pipefail[0m
2026-10-07T12:05:15.6859316Z [36;1mmkdir -p target/tmp[0m
2026-10-07T12:05:15.6859707Z [36;1mcargo test --workspace --locked --no-fail-fast 2>&1 | tee /tmp/hydrus-tests.log[0m
2026-10-07T12:05:15.6894368Z shell: /usr/bin/bash -e {0}
2026-10-07T12:05:15.6894620Z env:
2026-10-07T12:05:15.6894812Z   CARGO_TERM_COLOR: always
2026-10-07T12:05:15.6895170Z   RUSTFLAGS: -D warnings
2026-10-07T12:05:15.6895400Z   CARGO_HOME: /home/runner/.cargo
2026-10-07T12:05:15.6895632Z   CARGO_INCREMENTAL: 0
2026-10-07T12:05:15.6895845Z   CACHE_ON_FAILURE: true
2026-10-07T12:05:15.6896047Z   CARGO_BUILD_JOBS: 1
2026-10-07T12:05:15.6896380Z   HYDRUS_INTERCHANGE_SCREENSHOTS: /home/runner/work/hydrus-mine/hydrus-mine/target/tmp
2026-10-07T12:05:15.6896745Z ##[endgroup]
2026-10-07T12:05:16.1267069Z [1m[92m   Compiling[0m hydrus-cli v0.1.0 (/home/runner/work/hydrus-mine/hydrus-mine/crates/hydrus-cli)
2026-10-07T12:05:23.8485029Z [1m[92m   Compiling[0m hydrus-gui v0.1.0 (/home/runner/work/hydrus-mine/hydrus-mine/crates/hydrus-gui)
2026-10-07T12:06:31.4324462Z [1m[92m   Compiling[0m hydrus-store v0.1.0 (/home/runner/work/hydrus-mine/hydrus-mine/crates/hydrus-store)
2026-10-07T12:06:54.2360057Z [1m[92m   Compiling[0m hydrus-gui-model v0.1.0 (/home/runner/work/hydrus-mine/hydrus-mine/crates/hydrus-gui-model)
2026-10-07T12:07:17.9754747Z [1m[92m   Compiling[0m xtask v0.1.0 (/home/runner/work/hydrus-mine/hydrus-mine/xtask)
2026-10-07T12:07:18.1006644Z [1m[92m   Compiling[0m hydrus-api v0.1.0 (/home/runner/work/hydrus-mine/hydrus-mine/crates/hydrus-api)
2026-10-07T12:07:41.7656143Z [1m[92m   Compiling[0m hydrus-download v0.1.0 (/home/runner/work/hydrus-mine/hydrus-mine/crates/hydrus-download)
2026-10-07T12:07:49.3950811Z [1m[92m   Compiling[0m hydrus-downloader-exchange v0.1.0 (/home/runner/work/hydrus-mine/hydrus-mine/crates/hydrus-downloader-exchange)
2026-10-07T12:08:00.8131436Z [1m[92m   Compiling[0m hydrus-duplicates v0.1.0 (/home/runner/work/hydrus-mine/hydrus-mine/crates/hydrus-duplicates)
2026-10-07T12:08:02.1903232Z [1m[92m   Compiling[0m hydrus-net v0.1.0 (/home/runner/work/hydrus-mine/hydrus-mine/crates/hydrus-net)
2026-10-07T12:08:10.6903497Z [1m[92m   Compiling[0m hydrus-import v0.1.0 (/home/runner/work/hydrus-mine/hydrus-mine/crates/hydrus-import)
2026-10-07T12:08:15.0379360Z [1m[92m   Compiling[0m hydrus-search v0.1.0 (/home/runner/work/hydrus-mine/hydrus-mine/crates/hydrus-search)
2026-10-07T12:08:17.6187594Z [1m[92m   Compiling[0m hydrus-legacy v0.1.0 (/home/runner/work/hydrus-mine/hydrus-mine/crates/hydrus-legacy)
2026-10-07T12:08:18.4950140Z [1m[92m   Compiling[0m hydrus-core v0.1.0 (/home/runner/work/hydrus-mine/hydrus-mine/crates/hydrus-core)
2026-10-07T12:08:43.0460166Z [1m[92m   Compiling[0m hydrus-media v0.1.0 (/home/runner/work/hydrus-mine/hydrus-mine/crates/hydrus-media)
2026-10-07T12:09:19.1387783Z [1m[92m   Compiling[0m hydrus-testkit v0.1.0 (/home/runner/work/hydrus-mine/hydrus-mine/crates/hydrus-testkit)
2026-10-07T12:09:19.4376242Z [1m[92m   Compiling[0m hydrus-parse v0.1.0 (/home/runner/work/hydrus-mine/hydrus-mine/crates/hydrus-parse)
2026-10-07T12:09:20.5827650Z [1m[92m    Finished[0m `test` profile [unoptimized + debuginfo] target(s) in 4m 04s
2026-10-07T12:09:20.6658177Z [1m[92m     Running[0m unittests src/lib.rs (target/debug/deps/hydrus_api-6491b1f57d45a925)
2026-10-07T12:09:20.6668975Z 
2026-10-07T12:09:20.6669305Z running 3 tests
2026-10-07T12:09:20.6678886Z test params::tests::bad_query_values_are_400s ... ok
2026-10-07T12:09:20.6679339Z test params::tests::json_bodies_convert_byte_params ... ok
2026-10-07T12:09:20.6679737Z test params::tests::query_values_are_typed_by_name ... ok
2026-10-07T12:09:20.6679976Z 
2026-10-07T12:09:20.6680217Z test result: ok. 3 passed; 0 failed; 0 ignored; 0 measured; 0 filtered out; finished in 0.00s
2026-10-07T12:09:20.6680849Z 
2026-10-07T12:09:20.6681521Z [1m[92m     Running[0m tests/activity.rs (target/debug/deps/activity-2f74d8120c007233)
2026-10-07T12:09:20.6705231Z 
2026-10-07T12:09:20.6705452Z running 1 test
2026-10-07T12:09:20.7243249Z test rejected_and_read_requests_publish_activity_while_locked_without_waiting_on_sqlite ... ok
2026-10-07T12:09:20.7243850Z 
2026-10-07T12:09:20.7244228Z test result: ok. 1 passed; 0 failed; 0 ignored; 0 measured; 0 filtered out; finished in 0.05s
2026-10-07T12:09:20.7244736Z 
2026-10-07T12:09:20.7250088Z [1m[92m     Running[0m tests/add_url.rs (target/debug/deps/add_url-800f2cc699b68c2e)
2026-10-07T12:09:20.7278451Z 
2026-10-07T12:09:20.7278613Z running 2 tests
2026-10-07T12:09:20.8878412Z test watchable_urls_start_watchers ... ok
2026-10-07T12:09:20.8935371Z test urls_go_to_named_queues_with_their_tags ... ok
2026-10-07T12:09:20.8935754Z 
2026-10-07T12:09:20.8936125Z test result: ok. 2 passed; 0 failed; 0 ignored; 0 measured; 0 filtered out; finished in 0.17s
2026-10-07T12:09:20.8936609Z 
2026-10-07T12:09:20.8951930Z [1m[92m     Running[0m tests/api_keys.rs (target/debug/deps/api_keys-c8c57f21b27246c2)
2026-10-07T12:09:20.8979652Z 
2026-10-07T12:09:20.8979776Z running 3 tests
2026-10-07T12:09:20.9981289Z test permission_revision_check_does_not_block_database_unlock ... ok
2026-10-07T12:09:20.9996643Z test a_requested_key_works_once_accepted ... ok
2026-10-07T12:09:21.0041818Z test edits_and_revocation_apply_to_existing_keys_and_sessions_immediately ... ok
2026-10-07T12:09:21.0042240Z 
2026-10-07T12:09:21.0042563Z test result: ok. 3 passed; 0 failed; 0 ignored; 0 measured; 0 filtered out; finished in 0.11s
2026-10-07T12:09:21.0043079Z 
2026-10-07T12:09:21.0053133Z [1m[92m     Running[0m tests/api_update_toasts.rs (target/debug/deps/api_update_toasts-1d9eefaa53d2faf3)
2026-10-07T12:09:21.0079862Z 
2026-10-07T12:09:21.0080022Z running 1 test
2026-10-07T12:09:21.0845587Z test real_cookie_header_requests_replay_qt_jobs_noops_errors_and_backend_values ... ok
2026-10-07T12:09:21.0845916Z 
2026-10-07T12:09:21.0846163Z test result: ok. 1 passed; 0 failed; 0 ignored; 0 measured; 0 filtered out; finished in 0.08s
2026-10-07T12:09:21.0846448Z 
2026-10-07T12:09:21.0854100Z [1m[92m     Running[0m tests/client_options.rs (target/debug/deps/client_options-c69f4b43ba8bb0f1)
2026-10-07T12:09:21.0880646Z 
2026-10-07T12:09:21.0880898Z running 1 test
2026-10-07T12:09:21.1290006Z test a_new_store_reports_a_new_clients_options ... ok
2026-10-07T12:09:21.1290626Z 
2026-10-07T12:09:21.1290851Z test result: ok. 1 passed; 0 failed; 0 ignored; 0 measured; 0 filtered out; finished in 0.04s
2026-10-07T12:09:21.1291193Z 
2026-10-07T12:09:21.1297780Z [1m[92m     Running[0m tests/conformance.rs (target/debug/deps/conformance-a2b837da22ab61d4)
2026-10-07T12:09:21.1324220Z 
2026-10-07T12:09:21.1324344Z running 1 test
2026-10-07T12:09:27.9540686Z test replay_recorded_scenarios ... ok
2026-10-07T12:09:27.9541095Z 
2026-10-07T12:09:27.9541380Z test result: ok. 1 passed; 0 failed; 0 ignored; 0 measured; 0 filtered out; finished in 6.82s
2026-10-07T12:09:27.9541711Z 
2026-10-07T12:09:27.9557770Z [1m[92m     Running[0m tests/delete_lock.rs (target/debug/deps/delete_lock-2462647e8c2c977b)
2026-10-07T12:09:27.9584484Z 
2026-10-07T12:09:27.9584612Z running 1 test
2026-10-07T12:09:30.4385471Z test the_delete_lock_matches_the_reference ... ok
2026-10-07T12:09:30.4385734Z 
2026-10-07T12:09:30.4385966Z test result: ok. 1 passed; 0 failed; 0 ignored; 0 measured; 0 filtered out; finished in 2.48s
2026-10-07T12:09:30.4386249Z 
2026-10-07T12:09:30.4395780Z [1m[92m     Running[0m tests/duplicate_merges.rs (target/debug/deps/duplicate_merges-4f5fdee61013e70b)
2026-10-07T12:09:30.4424311Z 
2026-10-07T12:09:30.4424489Z running 1 test
2026-10-07T12:09:32.0786762Z test merges_match_the_reference_database ... ok
2026-10-07T12:09:32.0787143Z 
2026-10-07T12:09:32.0787582Z test result: ok. 1 passed; 0 failed; 0 ignored; 0 measured; 0 filtered out; finished in 1.64s
2026-10-07T12:09:32.0788053Z 
2026-10-07T12:09:32.0800396Z [1m[92m     Running[0m tests/oracle_downloads.rs (target/debug/deps/oracle_downloads-786afc00e03b0f69)
2026-10-07T12:09:32.0832873Z 
2026-10-07T12:09:32.0833100Z running 1 test
2026-10-07T12:10:11.1630159Z test the_downloader_does_what_the_reference_did ... ok
2026-10-07T12:10:11.1630633Z 
2026-10-07T12:10:11.1631116Z test result: ok. 1 passed; 0 failed; 0 ignored; 0 measured; 0 filtered out; finished in 39.08s
2026-10-07T12:10:11.1631592Z 
2026-10-07T12:10:11.1644900Z [1m[92m     Running[0m tests/pages.rs (target/debug/deps/pages-7cfa37476cea956a)
2026-10-07T12:10:11.1677910Z 
2026-10-07T12:10:11.1678164Z running 7 tests
2026-10-07T12:10:11.4281878Z test a_store_without_pages_has_a_top_notebook_that_keeps_its_key ... ok
2026-10-07T12:10:11.4311192Z test a_pages_selection_is_reported ... ok
2026-10-07T12:10:11.4336837Z test a_url_pages_importer_is_described_as_the_references ... ok
2026-10-07T12:10:11.4397758Z test gallery_and_watcher_pages_importers_are_described_as_the_references ... ok
2026-10-07T12:10:11.5602393Z test the_selected_pages_lead_to_the_page_shown ... ok
2026-10-07T12:10:11.5899573Z test media_viewers_are_the_open_clients ... ok
2026-10-07T12:10:11.5937552Z test what_is_asked_waits_for_an_open_client ... ok
2026-10-07T12:10:11.5937916Z 
2026-10-07T12:10:11.5938244Z test result: ok. 7 passed; 0 failed; 0 ignored; 0 measured; 0 filtered out; finished in 0.43s
2026-10-07T12:10:11.5938698Z 
2026-10-07T12:10:11.5953356Z [1m[92m     Running[0m tests/popup_actions.rs (target/debug/deps/popup_actions-bddb1ddce4b64b4e)
2026-10-07T12:10:11.5979112Z 
2026-10-07T12:10:11.5979344Z running 1 test
2026-10-07T12:10:11.6422654Z test callable_dispatch_requires_permission_and_a_current_producer_and_reports_its_label ... ok
2026-10-07T12:10:11.6423122Z 
2026-10-07T12:10:11.6423420Z test result: ok. 1 passed; 0 failed; 0 ignored; 0 measured; 0 filtered out; finished in 0.04s
2026-10-07T12:10:11.6423813Z 
2026-10-07T12:10:11.6430086Z [1m[92m     Running[0m tests/rating_svg.rs (target/debug/deps/rating_svg-1a12785f54287bc2)
2026-10-07T12:10:11.6454435Z 
2026-10-07T12:10:11.6454613Z running 1 test
2026-10-07T12:10:11.7303404Z test rating_svgs_are_served_as_the_reference_serves_them ... ok
2026-10-07T12:10:11.7303707Z 
2026-10-07T12:10:11.7303988Z test result: ok. 1 passed; 0 failed; 0 ignored; 0 measured; 0 filtered out; finished in 0.08s
2026-10-07T12:10:11.7304303Z 
2026-10-07T12:10:11.7311080Z [1m[92m     Running[0m tests/render.rs (target/debug/deps/render-8d1e46a3c050b8c1)
2026-10-07T12:10:11.7337726Z 
2026-10-07T12:10:11.7338043Z running 2 tests
2026-10-07T12:10:11.9788668Z test ugoiras_render_as_the_reference_renders_them ... ok
2026-10-07T12:10:12.0543070Z test renders_match_the_reference ... ok
2026-10-07T12:10:12.0543314Z 
2026-10-07T12:10:12.0543549Z test result: ok. 2 passed; 0 failed; 0 ignored; 0 measured; 0 filtered out; finished in 0.32s
2026-10-07T12:10:12.0543829Z 
2026-10-07T12:10:12.0554485Z [1m[92m     Running[0m tests/url_class_search.rs (target/debug/deps/url_class_search-a64e57bd728760e3)
2026-10-07T12:10:12.0585457Z 
2026-10-07T12:10:12.0585671Z running 1 test
2026-10-07T12:10:12.2022766Z test url_class_searches_match_the_reference ... ok
2026-10-07T12:10:12.2023054Z 
2026-10-07T12:10:12.2023277Z test result: ok. 1 passed; 0 failed; 0 ignored; 0 measured; 0 filtered out; finished in 0.14s
2026-10-07T12:10:12.2023554Z 
2026-10-07T12:10:12.2036116Z [1m[92m     Running[0m unittests src/main.rs (target/debug/deps/hydrus-a98ffeefb679781a)
2026-10-07T12:10:12.2056685Z 
2026-10-07T12:10:12.2057235Z running 7 tests
2026-10-07T12:10:12.2058310Z test client_api_listener::tests::cli_overrides_and_unsupported_https_are_explicit ... ok
2026-10-07T12:10:12.2974993Z test folder_wait::tests::manager_finishing_between_worker_and_wait_cannot_lose_its_wakeup ... ok
2026-10-07T12:10:12.2976153Z test physical_deletes::tests::dropping_owner_wakes_idle_task_and_releases_store_without_restart ... ok
2026-10-07T12:10:12.2976825Z test tests::one_process_at_a_time_does_what_serve_does ... ok
2026-10-07T12:10:12.3246868Z test trash_maintenance::tests::dropping_owner_wakes_idle_task_and_releases_store_without_restart ... ok
2026-10-07T12:10:12.4960435Z test folder_wait::tests::an_already_seen_active_request_does_not_spin_the_scheduler ... ok
2026-10-07T12:10:16.3020817Z test folder_wait::tests::manager_acquisition_and_release_interrupt_the_real_scheduler_rest ... ok
2026-10-07T12:10:16.3021178Z 
2026-10-07T12:10:16.3021398Z test result: ok. 7 passed; 0 failed; 0 ignored; 0 measured; 0 filtered out; finished in 4.10s
2026-10-07T12:10:16.3021667Z 
2026-10-07T12:10:16.3029701Z [1m[92m     Running[0m tests/serve.rs (target/debug/deps/serve-76e300e8fadb762b)
2026-10-07T12:10:16.3044887Z 
2026-10-07T12:10:16.3045018Z running 10 tests
2026-10-07T12:10:17.1396439Z test attached_it_stops_when_its_input_closes ... ok
2026-10-07T12:10:18.6530669Z test a_client_api_that_cant_listen_stops_nothing_else ... ok
2026-10-07T12:10:18.6939313Z test a_download_is_published_as_it_goes_and_can_be_cancelled ... ok
2026-10-07T12:10:20.0346390Z test service_edits_reach_the_running_client_api_without_a_restart ... ok
2026-10-07T12:10:20.1077866Z test queues_another_process_nudges_are_worked_on_at_once ... ok
2026-10-07T12:10:22.1691036Z test changed_options_apply_without_a_restart ... ok
2026-10-07T12:10:22.1897125Z test unattached_it_runs_on_without_input ... ok
2026-10-07T12:10:23.3548590Z test client_api_listener_reconfigures_recovers_and_preserves_daemon_state ... ok
2026-10-07T12:10:24.3870263Z test with_no_port_there_is_no_client_api ... ok
2026-10-07T12:10:24.4358769Z test urls_typed_into_a_page_are_added_and_a_closed_pages_queue_waits ... ok
2026-10-07T12:10:24.4359130Z 
2026-10-07T12:10:24.4359408Z test result: ok. 10 passed; 0 failed; 0 ignored; 0 measured; 0 filtered out; finished in 8.13s
2026-10-07T12:10:24.4359712Z 
2026-10-07T12:10:24.4373422Z [1m[92m     Running[0m unittests src/lib.rs (target/debug/deps/hydrus_core-f9d70ba98334c7ca)
2026-10-07T12:10:24.4387848Z 
2026-10-07T12:10:24.4388183Z running 89 tests
2026-10-07T12:10:24.4390882Z test bandwidth::tests::a_one_per_second_rule_waits_for_the_next_second ... ok
2026-10-07T12:10:24.4391744Z test bandwidth::tests::a_daily_limit_holds_until_usage_ages_out ... ok
2026-10-07T12:10:24.4392538Z test bandwidth::tests::calendar_buckets_are_utc ... ok
2026-10-07T12:10:24.4396943Z test bandwidth::tests::gallery_tokens_space_out_each_site ... ok
2026-10-07T12:10:24.4397576Z test bandwidth::tests::specific_rules_replace_the_default ... ok
2026-10-07T12:10:24.4397987Z test casefold::tests::folds_as_python_does ... ok
2026-10-07T12:10:24.4398299Z test casefold::tests::the_table_is_sorted ... ok
2026-10-07T12:10:24.4399187Z test hash::tests::hex_round_trip ... ok
2026-10-07T12:10:24.4399664Z test hash::tests::perceptual_distance ... ok
2026-10-07T12:10:24.4402947Z test hash::tests::rejects_bad_hashes ... ok
2026-10-07T12:10:24.4430604Z test import_options::tests::layers_most_specific_first ... ok
2026-10-07T12:10:24.4431774Z test import_options::tests::presentation_shows_files_as_the_reference_s_does ... ok
2026-10-07T12:10:24.4432594Z test import_options::tests::vetoes_like_the_reference ... ok
2026-10-07T12:10:24.4433247Z test lock::tests::only_the_password_opens_a_lock ... ok
2026-10-07T12:10:24.4434020Z test media_viewer::tests::mpv_video_defaults_fit_the_canvas_and_keep_regular_zoom_steps ... ok
2026-10-07T12:10:24.4434787Z test mime::tests::serde_uses_integer_codes ... ok
2026-10-07T12:10:24.4435403Z test mime::tests::table_matches_reference_implementation ... ok
2026-10-07T12:10:24.4441881Z test content::tests::timestamp_codes_match_reference_implementation ... ok
2026-10-07T12:10:24.4461260Z test numbers::tests::groups_thousands ... ok
2026-10-07T12:10:24.4471001Z test numbers::tests::percentages ... ok
2026-10-07T12:10:24.4478252Z test numbers::tests::sizes_read_like_the_reference ... ok
2026-10-07T12:10:24.4479055Z test content::tests::canvas_codes_match_reference_implementation ... ok
2026-10-07T12:10:24.4481350Z test pages::tests::a_session_round_trips_through_json ... ok
2026-10-07T12:10:24.4482046Z test pages::tests::pages_have_the_references_page_types ... ok
2026-10-07T12:10:24.4483215Z test pages::tests::names_for_menus_have_their_counts_and_elide_in_the_middle ... ok
2026-10-07T12:10:24.4489973Z test pybytes::tests::hex_like_python ... ok
2026-10-07T12:10:24.4490734Z test pybytes::tests::base64_like_python ... ok
2026-10-07T12:10:24.4491319Z test pyhtml::tests::unescapes_like_python ... ok
2026-10-07T12:10:24.4491907Z test pyjson::tests::parses_what_python_accepts ... ok
2026-10-07T12:10:24.4492482Z test pyjson::tests::python_float_repr ... ok
2026-10-07T12:10:24.4493220Z test pyjson::tests::python_string_escapes ... ok
2026-10-07T12:10:24.4493806Z test pyjson::tests::rejects_what_python_rejects ... ok
2026-10-07T12:10:24.4494453Z test pyjson::tests::round_trips_reference_style_documents ... ok
2026-10-07T12:10:24.4495154Z test pyjson::tests::floats_round_trip_through_python_repr ... ok
2026-10-07T12:10:24.4495867Z test search::context::tests::all_known_files_absorbs_other_domains ... ok
2026-10-07T12:10:24.4496593Z test search::context::tests::defaults_match_the_client_api ... ok
2026-10-07T12:10:24.4497301Z test search::number::tests::number_tests_render_like_the_reference ... ok
2026-10-07T12:10:24.4498200Z test search::recent::mixed_tests::old_system_history_decodes_and_simple_edits_keep_newest_five_per_type ... ok
2026-10-07T12:10:24.4499165Z test search::recent::tests::pushed_predicates_are_kept_as_the_reference_keeps_them ... ok
2026-10-07T12:10:24.4499971Z test search::recent::tests::widths_and_heights_are_types_13_and_14 ... ok
2026-10-07T12:10:24.4500972Z test search::time::tests::renders_deltas ... ok
2026-10-07T12:10:24.4501457Z test search::time::tests::validates_dates ... ok
2026-10-07T12:10:24.4501908Z test service::tests::builtin_keys_render_readably ... ok
2026-10-07T12:10:24.4502447Z test content::tests::codes_match_reference_implementation ... ok
2026-10-07T12:10:24.4502982Z test sort::tests::matches_recorded_clean_tags_order ... ok
2026-10-07T12:10:24.4503527Z test sort::tests::numbers_sort_numerically_and_before_text ... ok
2026-10-07T12:10:24.4504139Z test sort::tests::unicode_decimal_chunks_precede_letters_but_keep_ascii_split_boundaries ... ok
2026-10-07T12:10:24.4504831Z test subscriptions::tests::checks_follow_file_velocity ... ok
2026-10-07T12:10:24.4521021Z test pyjson::tests::strings_round_trip ... ok
2026-10-07T12:10:24.4550795Z test service::tests::table_matches_reference_implementation ... ok
2026-10-07T12:10:24.4580684Z test tag::tests::combine_round_trips ... ok
2026-10-07T12:10:24.4581405Z test tag_filter::tests::specific_rules_win ... ok
2026-10-07T12:10:24.4610871Z test tag_presentation::tests::decimals_are_python_s ... ok
2026-10-07T12:10:24.4611758Z test tag_presentation::tests::rows_take_their_namespace_s_colour ... ok
2026-10-07T12:10:24.4612585Z test tag_sort::tests::counts_sort_with_a_to_z_among_equals ... ok
2026-10-07T12:10:24.4613210Z test tag_sort::tests::the_default_groups_by_the_users_namespaces ... ok
2026-10-07T12:10:24.4613862Z test tag_summary::tests::the_defaults_summarise_as_their_examples_say ... ok
2026-10-07T12:10:24.4614544Z test test_fixtures::versions_match_reference_implementation ... ok
2026-10-07T12:10:24.4615140Z test thumbnail::tests::matches_recorded_thumbnail_sizes ... ok
2026-10-07T12:10:24.4615645Z test time::tests::conversions ... ok
2026-10-07T12:10:24.4616124Z test time::tests::durations_as_the_reference_words_them ... ok
2026-10-07T12:10:24.4616731Z test time::tests::scanbar_timestamps_as_the_reference_writes_them ... ok
2026-10-07T12:10:24.4617333Z test time::tests::spans_as_the_reference_words_them ... ok
2026-10-07T12:10:24.4617880Z test url::class::tests::classes_match_and_normalise ... ok
2026-10-07T12:10:24.4618422Z test url::class::tests::url_types_serialise_as_codes ... ok
2026-10-07T12:10:24.4619021Z test url::functions::tests::components_encode_without_double_encoding ... ok
2026-10-07T12:10:24.4619650Z test url::functions::tests::queries_round_trip_in_order ... ok
2026-10-07T12:10:24.4620488Z test url::functions::tests::urls_encode_like_the_reference ... ok
2026-10-07T12:10:24.4621212Z test tag::tests::cleaning_is_idempotent ... ok
2026-10-07T12:10:24.4671753Z test url::gug::tests::terms_are_encoded_for_where_they_go ... ok
2026-10-07T12:10:24.4672663Z test tag::tests::cleaning_matches_reference_implementation ... ok
2026-10-07T12:10:24.4673347Z test url::psl::tests::punycode_decodes ... ok
2026-10-07T12:10:24.4673951Z test url::pyurl::tests::joins_like_python ... ok
2026-10-07T12:10:24.4686174Z test url::pyurl::tests::quotes_like_python ... ok
2026-10-07T12:10:24.4701355Z test url::pyurl::tests::splits_like_python ... ok
2026-10-07T12:10:24.4703652Z test url::pyurl::urljoin_tests::joins_like_python ... ok
2026-10-07T12:10:24.4718299Z test url::registry::tests::known_urls_are_classified ... ok
2026-10-07T12:10:24.4730877Z test url::functions::tests::www_is_removed_from_subdomains_only ... ok
2026-10-07T12:10:24.4736953Z test url::registry::tests::unknown_urls_are_just_encoded ... ok
2026-10-07T12:10:24.4745128Z test url::string_dates::tests::local_encode_uses_current_offset_and_naive_timezone_fields ... ok
2026-10-07T12:10:24.4788654Z test url::string_dates::tests::date_conversions_match_direct_reference_execution ... ok
2026-10-07T12:10:24.4795518Z test url::strings::tests::converts_like_the_reference ... ok
2026-10-07T12:10:24.4800778Z test url::strings::tests::matches_like_the_reference ... ok
2026-10-07T12:10:24.4802911Z test url::strings::tests::processes_pipelines ... ok
2026-10-07T12:10:24.4804183Z test watchers::tests::a_new_watcher_checks_at_once_and_a_quiet_thread_dies ... ok
2026-10-07T12:10:24.4805301Z test windows::tests::a_saved_frame_keeps_what_it_remembers ... ok
2026-10-07T12:10:24.4807877Z test url::string_dates::tests::local_names_and_dst_boundaries_match_recorded_reference_platform ... ok
2026-10-07T12:10:24.4874278Z test notes::tests::merges_like_the_reference ... ok
2026-10-07T12:10:24.5094105Z test url::psl::tests::matches_the_reference ... ok
2026-10-07T12:10:24.5094431Z 
2026-10-07T12:10:24.5094767Z test result: ok. 89 passed; 0 failed; 0 ignored; 0 measured; 0 filtered out; finished in 0.07s
2026-10-07T12:10:24.5095225Z 
2026-10-07T12:10:24.5099870Z [1m[92m     Running[0m tests/bandwidth.rs (target/debug/deps/bandwidth-3c01215f483d22ff)
2026-10-07T12:10:24.5108076Z 
2026-10-07T12:10:24.5108196Z running 2 tests
2026-10-07T12:10:24.7213962Z test the_manager_starts_requests_as_the_reference_does ... ok
2026-10-07T12:10:24.7235023Z test trackers_count_and_rules_judge_as_the_reference_does ... ok
2026-10-07T12:10:24.7235330Z 
2026-10-07T12:10:24.7235624Z test result: ok. 2 passed; 0 failed; 0 ignored; 0 measured; 0 filtered out; finished in 0.21s
2026-10-07T12:10:24.7235910Z 
2026-10-07T12:10:24.7248024Z [1m[92m     Running[0m tests/string_steps.rs (target/debug/deps/string_steps-dc4bf33c1d3cd7c7)
2026-10-07T12:10:24.7256918Z 
2026-10-07T12:10:24.7257369Z running 1 test
2026-10-07T12:10:24.7259892Z test a_tag_filter_step_stored_without_its_example_still_loads ... ok
2026-10-07T12:10:24.7260188Z 
2026-10-07T12:10:24.7260693Z test result: ok. 1 passed; 0 failed; 0 ignored; 0 measured; 0 filtered out; finished in 0.00s
2026-10-07T12:10:24.7261027Z 
2026-10-07T12:10:24.7262307Z [1m[92m     Running[0m tests/tab_names.rs (target/debug/deps/tab_names-756fb4aab8a976f6)
2026-10-07T12:10:24.7270226Z 
2026-10-07T12:10:24.7270492Z running 2 tests
2026-10-07T12:10:24.7514954Z test a_new_clients_settings_are_the_references ... ok
2026-10-07T12:10:24.7541205Z test tabs_are_named_as_the_reference_names_them ... ok
2026-10-07T12:10:24.7541573Z 
2026-10-07T12:10:24.7541942Z test result: ok. 2 passed; 0 failed; 0 ignored; 0 measured; 0 filtered out; finished in 0.03s
2026-10-07T12:10:24.7542388Z 
2026-10-07T12:10:24.7546019Z [1m[92m     Running[0m tests/tag_rendering.rs (target/debug/deps/tag_rendering-0820c890978258d1)
2026-10-07T12:10:24.7553771Z 
2026-10-07T12:10:24.7553904Z running 1 test
2026-10-07T12:10:24.7561323Z test tags_render_as_the_reference_renders_them ... ok
2026-10-07T12:10:24.7561528Z 
2026-10-07T12:10:24.7561962Z test result: ok. 1 passed; 0 failed; 0 ignored; 0 measured; 0 filtered out; finished in 0.00s
2026-10-07T12:10:24.7562237Z 
2026-10-07T12:10:24.7563470Z [1m[92m     Running[0m tests/watcher_checker.rs (target/debug/deps/watcher_checker-d834b887e760c8d7)
2026-10-07T12:10:24.7570925Z 
2026-10-07T12:10:24.7571142Z running 2 tests
2026-10-07T12:10:24.7573208Z test the_same_checker_options_change_nothing ... ok
2026-10-07T12:10:24.7577985Z test checker_options_set_on_a_watcher_act_as_the_references ... ok
2026-10-07T12:10:24.7578364Z 
2026-10-07T12:10:24.7578796Z test result: ok. 2 passed; 0 failed; 0 ignored; 0 measured; 0 filtered out; finished in 0.00s
2026-10-07T12:10:24.7579329Z 
2026-10-07T12:10:24.7580865Z [1m[92m     Running[0m unittests src/lib.rs (target/debug/deps/hydrus_download-719e6038deb07182)
2026-10-07T12:10:24.7594854Z 
2026-10-07T12:10:24.7595030Z running 16 tests
2026-10-07T12:10:24.7597766Z test export::tests::paths_normalise_as_python_normalises_them ... ok
2026-10-07T12:10:24.7598492Z test folders::tests::integers_parse_as_python_parses_them ... ok
2026-10-07T12:10:24.8577584Z test popups::tests::completed_deadline_survives_producer_drop_and_uses_strict_stored_boundary ... ok
2026-10-07T12:10:24.8580216Z test popups::tests::a_working_popup_says_what_its_downloads_importer_says_after_a_prefix ... ok
2026-10-07T12:10:24.9098168Z test popups::tests::current_callable_is_reentrant_and_removal_invalidates_later_queued_calls ... ok
2026-10-07T12:10:24.9106551Z test popups::tests::concurrent_pollers_cannot_overtake_a_reentrant_callable_removal ... ok
2026-10-07T12:10:24.9558461Z test popups::tests::gui_retirement_during_the_first_callable_invalidates_later_claimed_calls ... ok
2026-10-07T12:10:24.9596075Z test seeds::timestamp_editor_tests::recorded_saved_timestamp_parser_and_date_conversion_reach_actual_file_seeds ... ok
2026-10-07T12:10:25.0067778Z test subscriptions::tests::manager_admission_replays_reference_due_pause_live_limits_and_single_flight ... ok
2026-10-07T12:10:25.0072426Z test subscriptions::tests::outer_typed_exception_budget_replays_recorded_classes_and_reset ... ok
2026-10-07T12:10:25.0074027Z test subscriptions::tests::presented_files_are_labelled_as_the_reference_labels_them ... ok
2026-10-07T12:10:25.0085640Z test work_slots::tests::capacities_keep_running_counts_across_reference_lower_raise_and_release ... ok
2026-10-07T12:10:25.0087801Z test work_slots::tests::independent_categories_and_aborted_owners_release_only_their_permit ... ok
2026-10-07T12:10:25.1118225Z test popups::tests::a_working_popup_keeps_the_store_up_to_date_and_hears_a_cancel ... ok
2026-10-07T12:10:25.2136074Z test popups::tests::finished_callable_dispatches_between_independent_store_handles_and_releases_its_owner ... ok
2026-10-07T12:10:25.6019272Z test popups::tests::a_callable_added_after_finish_restarts_the_single_weak_poller ... ok
2026-10-07T12:10:25.6019607Z 
2026-10-07T12:10:25.6019825Z test result: ok. 16 passed; 0 failed; 0 ignored; 0 measured; 0 filtered out; finished in 0.84s
2026-10-07T12:10:25.6020108Z 
2026-10-07T12:10:25.6029768Z [1m[92m     Running[0m tests/export_folder.rs (target/debug/deps/export_folder-fd9119514f499d37)
2026-10-07T12:10:25.6048747Z 
2026-10-07T12:10:25.6049177Z running 1 test
2026-10-07T12:10:25.7021770Z test export_folders_do_what_the_reference_did ... ok
2026-10-07T12:10:25.7022010Z 
2026-10-07T12:10:25.7022218Z test result: ok. 1 passed; 0 failed; 0 ignored; 0 measured; 0 filtered out; finished in 0.10s
2026-10-07T12:10:25.7022502Z 
2026-10-07T12:10:25.7029368Z [1m[92m     Running[0m tests/folder_activity.rs (target/debug/deps/folder_activity-1953ae6de1ce1590)
2026-10-07T12:10:25.7052262Z 
2026-10-07T12:10:25.7052529Z running 2 tests
2026-10-07T12:10:25.7506744Z test successful_manager_apply_resets_due_cache_but_cancel_does_not ... ok
2026-10-07T12:10:25.7917982Z test active_import_finishes_its_commit_before_the_manager_reads_and_stops_before_next_seed ... ok
2026-10-07T12:10:25.7918537Z 
2026-10-07T12:10:25.7918873Z test result: ok. 2 passed; 0 failed; 0 ignored; 0 measured; 0 filtered out; finished in 0.09s
2026-10-07T12:10:25.7919317Z 
2026-10-07T12:10:25.7926072Z [1m[92m     Running[0m tests/import_folder.rs (target/debug/deps/import_folder-9facbabf5cc68cea)
2026-10-07T12:10:25.7948732Z 
2026-10-07T12:10:25.7948925Z running 1 test
2026-10-07T12:10:26.1333959Z test an_import_folder_does_what_the_reference_did ... ok
2026-10-07T12:10:26.1334223Z 
2026-10-07T12:10:26.1334438Z test result: ok. 1 passed; 0 failed; 0 ignored; 0 measured; 0 filtered out; finished in 0.34s
2026-10-07T12:10:26.1334735Z 
2026-10-07T12:10:26.1341889Z [1m[92m     Running[0m tests/local_import.rs (target/debug/deps/local_import-562283ad56ca1cb7)
2026-10-07T12:10:26.1363977Z 
2026-10-07T12:10:26.1364177Z running 2 tests
2026-10-07T12:10:26.4631773Z test saved_existing_tag_filter_reaches_real_file_importer_for_parsed_and_additional_tags ... ok
2026-10-07T12:10:26.6052001Z test a_local_import_imports_its_files ... ok
2026-10-07T12:10:26.6052244Z 
2026-10-07T12:10:26.6052465Z test result: ok. 2 passed; 0 failed; 0 ignored; 0 measured; 0 filtered out; finished in 0.47s
2026-10-07T12:10:26.6052782Z 
2026-10-07T12:10:26.6064636Z [1m[92m     Running[0m tests/simple_downloader.rs (target/debug/deps/simple_downloader-b96d8144d503307d)
2026-10-07T12:10:26.6088568Z 
2026-10-07T12:10:26.6088842Z running 1 test
2026-10-07T12:10:32.7122570Z test a_simple_downloader_parses_its_pages_for_files ... ok
2026-10-07T12:10:32.7122892Z 
2026-10-07T12:10:32.7123110Z test result: ok. 1 passed; 0 failed; 0 ignored; 0 measured; 0 filtered out; finished in 6.10s
2026-10-07T12:10:32.7123428Z 
2026-10-07T12:10:32.7134135Z [1m[92m     Running[0m tests/subscriptions.rs (target/debug/deps/subscriptions-add8ba1c743d82c6)
2026-10-07T12:10:32.7158296Z 
2026-10-07T12:10:32.7158421Z running 11 tests
2026-10-07T12:10:32.8309071Z test a_subscription_with_no_import_destination_waits_out_its_error_delay ... ok
2026-10-07T12:10:32.8766588Z test a_subscription_without_its_downloader_pauses ... ok
2026-10-07T12:10:32.9443608Z test a_subscription_syncs_catches_up_and_downloads ... ok
2026-10-07T12:10:34.2503130Z test a_subscription_shows_what_it_does_in_a_popup_which_can_cancel_it ... ok
2026-10-07T12:10:35.9968891Z test handled_http_and_missing_file_failures_do_not_spend_the_outer_error_budget ... ok
2026-10-07T12:10:37.1135762Z test a_subscription_stops_when_its_bandwidth_runs_out ... ok
2026-10-07T12:10:37.9949840Z test subscription_runner_bounds_real_http_overlap_and_reloads_live_limit ... ok
2026-10-07T12:10:38.0873588Z test subscriptions_wait_while_paused_globally ... ok
2026-10-07T12:10:38.1843903Z test subscription_runner_cancels_selected_peer_and_joins_all_on_shutdown ... ok
2026-10-07T12:10:42.9995739Z test escaped_query_tag_errors_count_across_queries_delay_persist_and_reset_next_run ... ok
2026-10-07T12:10:49.3436559Z test none_disables_abandonment_for_real_escaped_store_failures ... ok
2026-10-07T12:10:49.3436868Z 
2026-10-07T12:10:49.3437099Z test result: ok. 11 passed; 0 failed; 0 ignored; 0 measured; 0 filtered out; finished in 16.63s
2026-10-07T12:10:49.3437396Z 
2026-10-07T12:10:49.3455783Z [1m[92m     Running[0m tests/url_queue.rs (target/debug/deps/url_queue-4cfc93f519303c85)
2026-10-07T12:10:49.3480205Z 
2026-10-07T12:10:49.3480425Z running 11 tests
2026-10-07T12:10:49.5061073Z test a_refusal_from_a_site_hydrus_logged_in_to_says_why ... ok
2026-10-07T12:10:49.5143589Z test a_queue_with_no_import_destination_pauses_its_files ... ok
2026-10-07T12:10:49.6209892Z test existing_downloader_uses_edited_parser_and_new_link_after_reload ... ok
2026-10-07T12:10:49.6232720Z test a_gallery_url_in_a_url_queue_queues_its_posts ... ok
2026-10-07T12:10:49.7225212Z test missing_files_download_again_in_their_own_queue ... ok
2026-10-07T12:10:49.8677594Z test a_url_queue_downloads_posts_and_files ... ok
2026-10-07T12:10:50.6905484Z test files_import_while_later_gallery_pages_are_read ... ok
2026-10-07T12:10:50.8884392Z test running_gallery_searches_pick_up_capacity_growth_and_release_on_error ... ok
2026-10-07T12:10:51.3121959Z test queues_wait_while_their_downloads_are_paused_globally ... ok
2026-10-07T12:10:51.8551105Z test running_file_queues_keep_limits_when_lowered_and_release_on_cancel_or_owner_close ... ok
2026-10-07T12:10:52.6326470Z test a_file_that_fails_does_not_hold_up_the_rest_of_its_queue ... ok
2026-10-07T12:10:52.6326759Z 
2026-10-07T12:10:52.6326983Z test result: ok. 11 passed; 0 failed; 0 ignored; 0 measured; 0 filtered out; finished in 3.28s
2026-10-07T12:10:52.6327265Z 
2026-10-07T12:10:52.6348064Z [1m[92m     Running[0m tests/watchers.rs (target/debug/deps/watchers-4e881ee2f9ba51c0)
2026-10-07T12:10:52.6371766Z 
2026-10-07T12:10:52.6371899Z running 2 tests
2026-10-07T12:10:52.9951838Z test watcher_checks_share_their_own_live_capacity_and_owner_close_releases_it ... ok
2026-10-07T12:10:53.0609058Z test a_watcher_follows_a_thread_until_it_404s ... ok
2026-10-07T12:10:53.0609350Z 
2026-10-07T12:10:53.0609576Z test result: ok. 2 passed; 0 failed; 0 ignored; 0 measured; 0 filtered out; finished in 0.42s
2026-10-07T12:10:53.0609870Z 
2026-10-07T12:10:53.0622243Z [1m[92m     Running[0m unittests src/lib.rs (target/debug/deps/hydrus_downloader_exchange-387aa4339aba58a5)
2026-10-07T12:10:53.0630961Z 
2026-10-07T12:10:53.0631144Z running 0 tests
2026-10-07T12:10:53.0631287Z 
2026-10-07T12:10:53.0631571Z test result: ok. 0 passed; 0 failed; 0 ignored; 0 measured; 0 filtered out; finished in 0.00s
2026-10-07T12:10:53.0631964Z 
2026-10-07T12:10:53.0633759Z [1m[92m     Running[0m tests/external_calls.rs (target/debug/deps/external_calls-db71cefa47fd1380)
2026-10-07T12:10:53.0642028Z 
2026-10-07T12:10:53.0642139Z running 2 tests
2026-10-07T12:10:53.0655999Z test import_rejects_wrong_classes_and_mixed_invalid_packages_before_staging_any_call ... ok
2026-10-07T12:10:53.0667544Z test actual_qt_callable_exports_and_manager_round_trip_without_losing_identity_or_process_options ... ok
2026-10-07T12:10:53.0668033Z 
2026-10-07T12:10:53.0668348Z test result: ok. 2 passed; 0 failed; 0 ignored; 0 measured; 0 filtered out; finished in 0.00s
2026-10-07T12:10:53.0668774Z 
2026-10-07T12:10:53.0671031Z [1m[92m     Running[0m tests/import_options.rs (target/debug/deps/import_options-7b4903190ee4496d)
2026-10-07T12:10:53.0679426Z 
2026-10-07T12:10:53.0679647Z running 2 tests
2026-10-07T12:10:53.0704238Z test wrong_objects_and_future_versions_are_rejected ... ok
2026-10-07T12:10:53.0740783Z test recorded_containers_round_trip_all_native_fields_and_pngs ... ok
2026-10-07T12:10:53.0741303Z 
2026-10-07T12:10:53.0741699Z test result: ok. 2 passed; 0 failed; 0 ignored; 0 measured; 0 filtered out; finished in 0.01s
2026-10-07T12:10:53.0742236Z 
2026-10-07T12:10:53.0743322Z [1m[92m     Running[0m tests/interchange.rs (target/debug/deps/interchange-7c501c96060a5a65)
2026-10-07T12:10:53.0756646Z 
2026-10-07T12:10:53.0756828Z running 12 tests
2026-10-07T12:10:53.0765226Z test formula_metadata_survives_native_serialization_and_edits_take_precedence ... ok
2026-10-07T12:10:53.0791533Z test malformed_old_versions_return_errors_before_any_package_can_be_staged ... ok
2026-10-07T12:10:53.0831449Z test date_conversions_keep_reference_codes_through_definition_exchange ... ok
2026-10-07T12:10:53.0860834Z test old_plain_json_png_is_still_importable ... ok
2026-10-07T12:10:53.0971324Z test authored_static_formulas_roundtrip ... ok
2026-10-07T12:10:53.1011059Z test older_formats_upgrade_or_reject_without_partial_packages ... ok
2026-10-07T12:10:53.1131202Z test registered_mixed_login_package_preserves_json_png_rules_and_rejects_partial_decoding ... ok
2026-10-07T12:10:53.1161044Z test selected_processing_steps_match_qt_clipboard_and_png_exports ... ok
2026-10-07T12:10:53.1229091Z test subsidiary_contexts_follow_stable_page_keys_when_children_are_sorted_and_renamed ... ok
2026-10-07T12:10:53.1421001Z test reference_json_and_real_png_roundtrip_without_losing_subsidiary_or_editor_data ... ok
2026-10-07T12:10:53.1444613Z test malformed_png_and_compression_never_allocate_unbounded_data ... ok
2026-10-07T12:10:53.3383634Z test maximum_documented_definition_count_roundtrips_and_the_next_one_is_rejected ... ok
2026-10-07T12:10:53.3384023Z 
2026-10-07T12:10:53.3384580Z test result: ok. 12 passed; 0 failed; 0 ignored; 0 measured; 0 filtered out; finished in 0.26s
2026-10-07T12:10:53.3384907Z 
2026-10-07T12:10:53.3395215Z [1m[92m     Running[0m tests/logins.rs (target/debug/deps/logins-6694205e2d660d71)
2026-10-07T12:10:53.3407001Z 
2026-10-07T12:10:53.3407340Z running 3 tests
2026-10-07T12:10:53.3439503Z test native_veto_default_matcher_uses_python_constructor_empty_match_value ... ok
2026-10-07T12:10:53.3448542Z test login_validation_matches_python_and_rejects_mixed_packages_atomically ... ok
2026-10-07T12:10:53.3463357Z test login_scripts_preserve_reference_fields_and_upgrade_cookie_names ... ok
2026-10-07T12:10:53.3463670Z 
2026-10-07T12:10:53.3463890Z test result: ok. 3 passed; 0 failed; 0 ignored; 0 measured; 0 filtered out; finished in 0.01s
2026-10-07T12:10:53.3464174Z 
2026-10-07T12:10:53.3467253Z [1m[92m     Running[0m tests/routers.rs (target/debug/deps/routers-02bff1b84c1c63a6)
2026-10-07T12:10:53.3475885Z 
2026-10-07T12:10:53.3476063Z running 3 tests
2026-10-07T12:10:53.3528915Z test router_exchange_rejects_incompatible_or_lossy_packages_atomically ... ok
2026-10-07T12:10:53.3612076Z test recorded_router_queues_preserve_editor_fields_and_reference_png ... ok
2026-10-07T12:10:53.3644248Z test inspected_packages_preserve_routers_with_recognised_other_objects ... ok
2026-10-07T12:10:53.3644677Z 
2026-10-07T12:10:53.3644995Z test result: ok. 3 passed; 0 failed; 0 ignored; 0 measured; 0 filtered out; finished in 0.02s
2026-10-07T12:10:53.3645450Z 
2026-10-07T12:10:53.3651854Z [1m[92m     Running[0m tests/seed_caches.rs (target/debug/deps/seed_caches-26026f4ceba054aa)
2026-10-07T12:10:53.3664297Z 
2026-10-07T12:10:53.3664427Z running 2 tests
2026-10-07T12:10:53.4021172Z test unsafe_or_malformed_history_fails_explicitly_without_truncating_a_package ... ok
2026-10-07T12:10:53.4039867Z test historical_cache_versions_replay_exact_qt_history_headers_and_list_exports ... ok
2026-10-07T12:10:53.4040383Z 
2026-10-07T12:10:53.4040697Z test result: ok. 2 passed; 0 failed; 0 ignored; 0 measured; 0 filtered out; finished in 0.04s
2026-10-07T12:10:53.4041114Z 
2026-10-07T12:10:53.4043967Z [1m[92m     Running[0m tests/subscription_import.rs (target/debug/deps/subscription_import-b92417f73e019e86)
2026-10-07T12:10:53.4055586Z 
2026-10-07T12:10:53.4055746Z running 2 tests
2026-10-07T12:10:53.4165560Z test recorded_nested_packages_warn_after_preserving_complete_permitted_objects ... ok
2026-10-07T12:10:53.4190100Z test future_nested_objects_and_limits_fail_before_any_list_objects_are_returned ... ok
2026-10-07T12:10:53.4190648Z 
2026-10-07T12:10:53.4190971Z test result: ok. 2 passed; 0 failed; 0 ignored; 0 measured; 0 filtered out; finished in 0.01s
2026-10-07T12:10:53.4191396Z 
2026-10-07T12:10:53.4195796Z [1m[92m     Running[0m tests/subscriptions.rs (target/debug/deps/subscriptions-fbd358f0c7160a5e)
2026-10-07T12:10:53.4207809Z 
2026-10-07T12:10:53.4207993Z running 4 tests
2026-10-07T12:10:53.4902064Z test subscription_exchange_reports_missing_logs_and_rejects_invalid_packages_atomically ... ok
2026-10-07T12:10:53.4928282Z test malformed_and_unsupported_legacy_subscriptions_fail_without_reducing_history ... ok
2026-10-07T12:10:53.4958201Z test actual_subscription_clipboard_and_png_retain_settings_headers_and_both_histories ... ok
2026-10-07T12:10:53.5155241Z test actual_legacy_subscription_list_imports_match_converted_settings_histories_and_caches ... ok
2026-10-07T12:10:53.5155574Z 
2026-10-07T12:10:53.5155790Z test result: ok. 4 passed; 0 failed; 0 ignored; 0 measured; 0 filtered out; finished in 0.09s
2026-10-07T12:10:53.5156087Z 
2026-10-07T12:10:53.5162021Z [1m[92m     Running[0m tests/subsidiaries.rs (target/debug/deps/subsidiaries-4904721ab2dda0e0)
2026-10-07T12:10:53.5173895Z 
2026-10-07T12:10:53.5174365Z running 2 tests
2026-10-07T12:10:53.5216529Z test incompatible_or_unsupported_subsidiary_packages_are_rejected_before_staging ... ok
2026-10-07T12:10:53.5245748Z test real_reference_subsidiary_clipboard_and_png_preserve_recursive_wrappers ... ok
2026-10-07T12:10:53.5246284Z 
2026-10-07T12:10:53.5246503Z test result: ok. 2 passed; 0 failed; 0 ignored; 0 measured; 0 filtered out; finished in 0.01s
2026-10-07T12:10:53.5246791Z 
2026-10-07T12:10:53.5248785Z [1m[92m     Running[0m unittests src/lib.rs (target/debug/deps/hydrus_duplicates-f806fe1a8c0b0c26)
2026-10-07T12:10:53.5266342Z 
2026-10-07T12:10:53.5266564Z running 1 test
2026-10-07T12:10:56.5623118Z test content::timeout_tests::retained_store_content_reads_new_policy_before_real_psd_decode ... ok
2026-10-07T12:10:56.5623701Z 
2026-10-07T12:10:56.5623955Z test result: ok. 1 passed; 0 failed; 0 ignored; 0 measured; 0 filtered out; finished in 3.04s
2026-10-07T12:10:56.5624281Z 
2026-10-07T12:10:56.5629596Z [1m[92m     Running[0m tests/comparison_statements.rs (target/debug/deps/comparison_statements-97492e819404a905)
2026-10-07T12:10:56.5651906Z 
2026-10-07T12:10:56.5652031Z running 2 tests
2026-10-07T12:10:58.9582368Z test statements_about_the_basic_files_match ... ok
2026-10-07T12:11:14.7020722Z test statements_about_the_duplicate_families_match ... ok
2026-10-07T12:11:14.7021173Z 
2026-10-07T12:11:14.7022023Z test result: ok. 2 passed; 0 failed; 0 ignored; 0 measured; 0 filtered out; finished in 18.14s
2026-10-07T12:11:14.7022374Z 
2026-10-07T12:11:14.7043083Z [1m[92m     Running[0m tests/reference_run.rs (target/debug/deps/reference_run-2694956df5c27669)
2026-10-07T12:11:14.7067697Z 
2026-10-07T12:11:14.7067970Z running 2 tests
2026-10-07T12:11:14.8211079Z test a_migrated_database_keeps_the_rules_progress ... ok
2026-10-07T12:11:34.0124265Z test rules_do_what_the_reference_did ... ok
2026-10-07T12:11:34.0124605Z 
2026-10-07T12:11:34.0124934Z test result: ok. 2 passed; 0 failed; 0 ignored; 0 measured; 0 filtered out; finished in 19.31s
2026-10-07T12:11:34.0125350Z 
2026-10-07T12:11:34.0132496Z [1m[92m     Running[0m unittests src/lib.rs (target/debug/deps/hydrus_gui-8e8f063189cac771)
2026-10-07T12:11:34.0219916Z 
2026-10-07T12:11:34.0220068Z running 92 tests
2026-10-07T12:11:34.1215332Z test animation::tests::ugoira_initial_timestamp_and_impossible_reader_request_release_on_stop ... ok
2026-10-07T12:11:34.1447670Z test animation::tests::saved_initial_seek_uses_previous_metadata_and_rejects_held_pre_seek_pixels ... ok
2026-10-07T12:11:34.2455798Z test client_exit::tests::a_retained_old_timer_and_close_callback_cannot_finish_the_new_question ... ok
2026-10-07T12:11:34.2903848Z test client_exit::tests::maintenance_cancel_and_native_close_abort_exit_but_no_and_timeout_continue_once ... ok
2026-10-07T12:11:34.2904566Z test daemon::tests::fake_daemon ... ignored, run by the other tests, as a daemon
2026-10-07T12:11:34.2990894Z 
2026-10-07T12:11:34.2991266Z running 1 test
2026-10-07T12:11:34.3068580Z test client_exit::tests::retired_maintenance_children_cannot_register_or_finish_successor_exit ... ok
2026-10-07T12:11:34.6131618Z test daemon::tests::kills_one_that_does_not_stop ... ok
2026-10-07T12:11:34.6216575Z 
2026-10-07T12:11:34.6216799Z running 1 test
2026-10-07T12:11:34.6336046Z .
2026-10-07T12:11:34.6336541Z test result: ok. 1 passed; 0 failed; 0 ignored; 0 measured; 91 filtered out; finished in 0.01s
2026-10-07T12:11:34.6336861Z 
2026-10-07T12:11:34.6538771Z test daemon::tests::leaves_one_started_on_its_own_and_takes_over_when_it_stops ... ok
2026-10-07T12:11:34.6550013Z test daemon::tests::says_so_when_there_is_no_program_to_start ... ok
2026-10-07T12:11:34.6551582Z test daemon::tests::says_why_the_daemon_or_its_client_api_isnt_running ... ok
2026-10-07T12:11:34.6633934Z 
2026-10-07T12:11:34.6634411Z running 1 test
2026-10-07T12:11:34.6836711Z 
2026-10-07T12:11:34.6837393Z running 1 test
2026-10-07T12:11:34.6960381Z test daemon::tests::says_why_its_own_failed_and_waits_to_be_asked_again ... ok
2026-10-07T12:11:34.7025277Z 
2026-10-07T12:11:34.7025601Z running 1 test
2026-10-07T12:11:34.7164532Z .
2026-10-07T12:11:34.7165082Z test result: ok. 1 passed; 0 failed; 0 ignored; 0 measured; 91 filtered out; finished in 0.01s
2026-10-07T12:11:34.7165643Z 
2026-10-07T12:11:34.7366421Z test daemon::tests::starts_one_while_none_runs_and_stops_it_on_closing ... ok
2026-10-07T12:11:34.8005425Z test file_maintenance_new::tests::native_accepted_add_queued_behind_writer_is_cancelled_by_tab_retirement ... ok
2026-10-07T12:11:35.2037500Z test animation::tests::an_animation_plays_through_and_may_stop_at_its_end ... ok
2026-10-07T12:11:35.2164081Z test file_maintenance_new::tests::native_small_add_after_close_or_final_bound_drop_cannot_write_but_fresh_add_can ... ok
2026-10-07T12:11:35.3131516Z test file_maintenance_new::tests::native_new_confirmation_close_hidden_replacement_and_reopen_reach_only_current_queue ... ok
2026-10-07T12:11:35.3161146Z test gallery::tests::a_searchs_row_as_the_reference_shows_it ... ok
2026-10-07T12:11:35.3162012Z test gallery::tests::a_searchs_status_as_the_reference_reckons_it ... ok
2026-10-07T12:11:35.3162850Z test gallery::tests::formatting_reaches_gallery_added_rows_without_changing_import_state ... ok
2026-10-07T12:11:35.3163648Z test gallery::tests::live_lines_as_the_reference_writes_them ... ok
2026-10-07T12:11:35.3164284Z test gallery::tests::the_downloaders_offered ... ok
2026-10-07T12:11:35.3164868Z test gallery::tests::the_list_sorts_by_each_column ... ok
2026-10-07T12:11:35.3165493Z test gallery::tests::the_pages_progress_and_close_question ... ok
2026-10-07T12:11:35.3166069Z test gallery::tests::the_pages_totals ... ok
2026-10-07T12:11:35.3353040Z test filter_window::image_cache_tests::current_pair_pixels_survive_cache_shrink_but_navigation_cannot_reuse_an_evicted_future_copy ... ok
2026-10-07T12:11:35.4166328Z test grid::cache_regressions::blurhash_apply_rejects_held_result_but_paint_only_changes_preserve_admission ... ok
2026-10-07T12:11:35.4509189Z test grid::cache_regressions::clear_scale_roundtrip_settings_and_retirement_reject_held_decodes ... ok
2026-10-07T12:11:35.4948620Z test grid::cache_regressions::receive_maintains_idle_cache_and_counts_missing_thumbnails ... ok
2026-10-07T12:11:35.4998356Z test image_cache::tests::actual_qt_pending_estimate_uses_full_unknown_resolution_fallback ... ok
2026-10-07T12:11:35.5485094Z test image_cache::retirement_tests::retired_pending_renderer_completes_external_source_without_repopulating_owner ... ok
2026-10-07T12:11:35.5814431Z test image_cache::tests::changed_resolution_replaces_cached_source_without_invalidating_external_presentation ... ok
2026-10-07T12:11:35.5924435Z test image_cache::tests::current_render_uses_ready_shared_pixels_but_never_waits_on_a_held_warm_renderer ... ok
2026-10-07T12:11:35.6236038Z test image_cache::tests::held_failed_old_renderer_cleanup_does_not_remove_successor_and_excluded_images_redraw ... ok
2026-10-07T12:11:35.6382721Z test image_cache::tests::late_old_icc_decode_cannot_replace_new_renderer_or_revive_retired_admission ... ok
2026-10-07T12:11:35.6701978Z test image_cache::tests::pending_owner_validity_does_not_hold_the_renderer_lock_against_current_lookup ... ok
2026-10-07T12:11:35.6702802Z test import_window::tests::typed_paths_lose_their_quotes_and_spaces ... ok
2026-10-07T12:11:35.6761137Z test options_gui_colours::tests::clipboard_hex_acceptance_matches_actual_qt_cases ... ok
2026-10-07T12:11:35.6777051Z test image_cache::tests::shared_pending_decode_has_one_estimate_and_access_updates_loaded_bytes ... ok
2026-10-07T12:11:35.7454691Z test options_media_views::tests::media_children_retire_stale_callbacks_and_stage_only_current_apply ... ok
2026-10-07T12:11:35.7456055Z test page::tests::closing_asks_while_importing_and_when_full_if_the_option_says ... ok
2026-10-07T12:11:35.7459942Z test playback::tests::a_file_plays_through_and_may_stop_at_its_end ... ok
2026-10-07T12:11:35.7460940Z test playback::tests::finite_gif_loop_metadata_reaches_the_existing_mpv_player ... ok
2026-10-07T12:11:35.7461643Z test popups::tests::a_popup_shows_as_the_reference_s ... ok
2026-10-07T12:11:35.7475641Z test popups::tests::actual_qt_action_visibility_labels_and_question_cutoff_replay ... ok
2026-10-07T12:11:35.7476545Z test popups::tests::long_text_shows_its_start ... ok
2026-10-07T12:11:35.7496962Z test popups::tests::popup_download_precision_replays_actual_network_control_output ... ok
2026-10-07T12:11:35.7501153Z test popups::tests::ten_show_and_the_line_counts_them_all ... ok
2026-10-07T12:11:35.7580194Z test options_media_views::tests::options_apply_waits_for_current_media_child_to_close ... ok
2026-10-07T12:11:35.7846652Z test preview_window::worker_tests::retiring_pool_drops_queued_decoder_and_releases_running_store_after_decode ... ok
2026-10-07T12:11:35.7847862Z test quick_export_directory::tests::explicit_empty_home_wins_and_account_lookup_only_runs_for_absent_home ... ok
2026-10-07T12:11:35.7851179Z test session_autosave::pointer_tests::native_motion_targets_one_window_and_releases_dead_viewers ... ok
2026-10-07T12:11:35.7851823Z test slideshow::tests::a_slideshow_moves_on_once_its_period_has_passed ... ok
2026-10-07T12:11:35.7855715Z test slideshow::tests::custom_periods_read_as_the_reference_reads_them ... ok
2026-10-07T12:11:35.7856369Z test slideshow::tests::files_with_durations_bend_the_period ... ok
2026-10-07T12:11:35.7856916Z test slideshow::tests::the_menu_offers_what_the_slideshow_can_do ... ok
2026-10-07T12:11:35.7857528Z test slideshow::tests::the_special_periods_as_the_reference_bends_them ... ok
2026-10-07T12:11:35.7863242Z test preview_window::worker_tests::idle_preview_workers_do_not_retain_the_store ... ok
2026-10-07T12:11:35.7864070Z test tests::file_urls_are_escaped ... ok
2026-10-07T12:11:35.7866231Z test thumbnail_menu::tests::rearranging_moves_as_the_reference_s_lists_do ... ok
2026-10-07T12:11:35.7867203Z test thumbnail_menu::tests::the_rearrange_menu_offers_what_would_move ... ok
2026-10-07T12:11:35.7869903Z test thumbnail_menu::tests::the_urls_menu_lays_out_classes_as_the_reference_s ... ok
2026-10-07T12:11:35.7871131Z test thumbnail_menu::tests::urls_show_as_the_reference_shows_them ... ok
2026-10-07T12:11:35.7871870Z test thumbnails::tests::a_thumbnail_dpr_makes_them_show_smaller ... ok
2026-10-07T12:11:35.7872691Z test thumbnails::tests::a_thumbnail_turned_sideways_is_the_right_size ... ok
2026-10-07T12:11:35.7873607Z test thumbnails::tests::thumbnails_are_resampled_only_when_the_screen_needs_it ... ok
2026-10-07T12:11:35.7874502Z test thumbnails::tests::thumbnails_show_at_their_own_size_in_the_screens_pixels ... ok
2026-10-07T12:11:35.8755718Z test tag_sync_review_window::tests::retained_predecessors_cannot_remember_refresh_or_close_the_current_review ... ok
2026-10-07T12:11:35.8868645Z test vacuum_review_window::tests::closed_predecessor_cannot_close_or_vacuum_successor_or_another_store ... ok
2026-10-07T12:11:35.9671827Z test vacuum_review_window::tests::real_menu_main_hide_rebind_exit_and_last_bound_clone_retire_only_their_child ... ok
2026-10-07T12:11:36.0850653Z test vacuum_review_window::tests::visible_pending_eligible_confirmation_declines_and_runs_real_vacuum_once ... ok
2026-10-07T12:11:36.1857231Z test viewer_closing::tests::unowned_and_destroyed_originals_only_deliver_debug_to_a_live_main_owner ... ok
2026-10-07T12:11:36.1857993Z test viewer_menu::tests::the_volume_menu_follows_the_mutes ... ok
2026-10-07T12:11:36.1858582Z test viewer_menu::tests::zooms_read_as_the_reference_writes_them ... ok
2026-10-07T12:11:36.2139058Z test viewer_prefetch::tests::a_saved_candidate_display_action_change_invalidates_the_captured_pass ... ok
2026-10-07T12:11:36.2702622Z test vacuum_review_window::tests::pending_main_exit_blocks_vacuum_then_decline_admits_the_same_question ... ok
2026-10-07T12:11:36.2771974Z test viewer_prefetch::tests::actual_static_image_display_capabilities_filter_each_recorded_candidate_action ... ok
2026-10-07T12:11:36.3144944Z test viewer_prefetch::tests::finished_notifications_resume_the_same_captured_navigation_generation ... ok
2026-10-07T12:11:36.3189065Z test viewer_prefetch::tests::held_worker_coalesces_latest_request_and_retirement_discards_queued_work ... ok
2026-10-07T12:11:36.3654946Z test viewer_prefetch::tests::real_uncached_equality_decode_repeats_on_owned_readiness_and_retire_stops_it ... ok
2026-10-07T12:11:36.3656556Z test watcher::tests::a_watcher_just_added_or_entered_again_says_so_for_a_while ... ok
2026-10-07T12:11:36.3657137Z test watcher::tests::a_watcher_pages_totals_and_close_question ... ok
2026-10-07T12:11:36.3657771Z test watcher::tests::a_watchers_row_and_box_as_the_reference_shows_them ... ok
2026-10-07T12:11:36.3658538Z test watcher::tests::a_watchers_status_as_the_reference_reckons_it ... ok
2026-10-07T12:11:36.3681360Z test watcher::tests::formatting_reaches_watcher_rows_status_and_checker_without_changing_work_state ... ok
2026-10-07T12:11:36.4045288Z test viewer_prefetch::tests::waiting_on_another_pending_renderer_holds_no_store_and_ends_on_owner_drop ... ok
2026-10-07T12:11:36.4068202Z test write_tag_history::tests::caret_and_undo_boundaries_keep_new_typing_separate ... ok
2026-10-07T12:11:36.4082656Z test write_tag_history::tests::delete_direction_is_a_command_boundary_but_repeated_delete_coalesces ... ok
2026-10-07T12:11:36.4889317Z test windows::tests::opening_observer_and_batched_files_share_the_same_owned_filter ... ok
2026-10-07T12:11:36.5002699Z test zoom::resource_tests::an_unavailable_worker_keeps_the_original_image_and_stops_polling ... ok
2026-10-07T12:11:36.5032568Z test write_tag_menu::tests::seeded_relationship_child_apply_refresh_and_owner_close_discard_stale_actions ... ok
2026-10-07T12:11:36.9232003Z test filter_window::colour_tests::live_pair_switch_preferences_and_painter_replay_qt_then_retire ... ok
2026-10-07T12:11:39.9367480Z test animation::tests::animation_loop_preference_reaches_decoded_frames_and_live_playthrough_limits ... ok
2026-10-07T12:11:39.9368028Z 
2026-10-07T12:11:39.9368406Z test result: ok. 91 passed; 0 failed; 1 ignored; 0 measured; 0 filtered out; finished in 5.91s
2026-10-07T12:11:39.9368778Z 
2026-10-07T12:11:39.9406747Z [1m[92m     Running[0m unittests src/main.rs (target/debug/deps/hydrus_gui-46598ab616ae78bb)
2026-10-07T12:11:39.9424075Z 
2026-10-07T12:11:39.9424321Z running 2 tests
2026-10-07T12:11:39.9709727Z test tests::opening_a_new_store_holds_the_gui_lease ... ok
2026-10-07T12:11:40.9455524Z test tests::a_second_client_cannot_restore_or_consume_a_pending_request ... ok
2026-10-07T12:11:40.9455938Z 
2026-10-07T12:11:40.9456230Z test result: ok. 2 passed; 0 failed; 0 ignored; 0 measured; 0 filtered out; finished in 1.00s
2026-10-07T12:11:40.9456620Z 
2026-10-07T12:11:40.9463549Z [1m[92m     Running[0m tests/gui/main.rs (target/debug/deps/gui-fba538084af2929d)
2026-10-07T12:11:40.9562463Z 
2026-10-07T12:11:40.9562661Z running 710 tests
2026-10-07T12:11:41.1842331Z Slint: long callback/instantiation chain detected
2026-10-07T12:11:41.2279934Z test active_predicates::destroyed_main_automatically_closes_existing_size_before_retained_handles_release ... ok
2026-10-07T12:11:41.2368551Z test active_predicates::captured_menu_and_populated_child_cannot_edit_hidden_replaced_rebound_or_dropped_owners ... ok
2026-10-07T12:11:41.3046565Z test about::help_about_opens_the_about_window ... ok
2026-10-07T12:11:41.4082619Z test active_predicates::actual_existing_size_cancel_unchanged_and_edit_reach_reference_query_counts ... ok
2026-10-07T12:11:41.4171438Z test active_predicates::dropping_hidden_components_releases_a_populated_editor_without_cancel_cycle ... ok
2026-10-07T12:11:41.4222516Z test active_predicates::hidden_or_parent_reconciles_actual_system_and_nested_child_cancellation ... ok
2026-10-07T12:11:41.5051701Z test active_predicates::inherited_routes_refuse_hidden_question_child_page_and_retired_main_owners ... ok
2026-10-07T12:11:41.6366788Z test active_predicates::mixed_same_family_panels_reopen_distinct_supplied_values_and_apply_both ... ok
2026-10-07T12:11:41.7059704Z test active_predicates::mixed_apply_is_atomic_and_hidden_cancel_rebind_preserve_all_original_terms ... ok
2026-10-07T12:11:41.7836431Z test active_predicates::retained_or_system_child_does_not_keep_the_or_or_main_component_alive ... ok
2026-10-07T12:11:41.8639020Z test active_predicates::retained_populated_or_hidden_page_rebind_and_destroyed_main_cannot_publish ... ok
2026-10-07T12:11:41.8857824Z test active_predicates::populated_or_and_start_or_replay_all_ten_actual_qt_apply_cancel_shapes ... ok
2026-10-07T12:11:41.9901250Z Slint: long callback/instantiation chain detected
2026-10-07T12:11:42.2325837Z test active_predicates::real_inherited_menus_publish_exact_qt_clipboard_text_and_open_owned_pages ... ok
2026-10-07T12:11:42.5287425Z test animation_start::constructor_cancel_hidden_and_retired_controls_then_real_next_media_initial_seek ... ok
2026-10-07T12:11:42.6997165Z test api_update_toasts::real_checkbox_cancel_reopen_hidden_retired_and_concurrent_width_merge ... ok
2026-10-07T12:11:42.7708265Z test archive_delete::the_archive_delete_filter_keeps_and_deletes ... ok
2026-10-07T12:11:42.9063701Z test archive_delete_policies::retained_finish_cannot_write_after_its_main_owner_is_dropped ... ok
2026-10-07T12:11:43.0202218Z test api_update_toasts::actual_api_jobs_render_expire_and_preserve_retired_gui_incarnation ... ok
2026-10-07T12:11:43.1145664Z test archive_delete_policies::saved_all_domains_single_choice_and_forget_question_are_owned_across_rebind ... ok
2026-10-07T12:11:43.2811746Z test archive_delete_policies::staged_options_cancel_save_hidden_callbacks_and_reopen_reach_next_finish ... ok
2026-10-07T12:11:43.3867684Z test archive_repair::database_repair_has_owned_scan_population_questions_and_updates_real_media_on_reopen ... ok
2026-10-07T12:11:43.7042357Z test auto_resolution_review::a_failed_denial_keeps_pending_pairs_and_reports_the_error ... ok
2026-10-07T12:11:43.9635403Z test auto_resolution_review::a_pending_pair_is_approved_in_the_duplicate_filter ... ok
2026-10-07T12:11:44.0635493Z test archive_delete_policies::actual_multiple_choices_refuse_early_commit_then_delete_only_selected_domain ... ok
2026-10-07T12:11:44.1401579Z test auto_resolution_preview::a_rules_pairs_are_previewed ... ok
2026-10-07T12:11:44.5358717Z test auto_resolution_review::pairs_are_approved_denied_and_undone_as_the_reference_does ... ok
2026-10-07T12:11:44.6662145Z test auto_resolution_rules::a_rules_searches_location_is_chosen ... ok
2026-10-07T12:11:44.7222591Z test autocomplete_tabs::literal_batches_and_empty_activation_preserve_typed_tags_query_and_or_history ... ok
2026-10-07T12:11:44.8851745Z test client_api_admin::cancellation_nested_ownership_permissions_and_key_validation ... ok
2026-10-07T12:11:44.9077019Z test auto_resolution_rules::rules_are_added_edited_deleted_and_written ... ok
2026-10-07T12:11:45.0442563Z test client_api_admin::supported_service_listener_fields_stage_cancel_and_persist ... ok
2026-10-07T12:11:45.0518037Z test client_api_admin::sorted_selection_crud_copy_base_url_persistence_and_stale_apply ... ok
2026-10-07T12:11:45.2292298Z test client_exit::cancel_hidden_answer_and_accepted_close_respect_the_live_main_binding ... ok
2026-10-07T12:11:45.2568619Z test clipboard_urls::changes_route_to_open_importers_without_switching_pages ... ok
2026-10-07T12:11:45.3996084Z test clipboard_urls::clipboard_failure_is_a_global_message_and_toggling_retries_it ... ok
2026-10-07T12:11:45.4091629Z test clipboard_urls::empty_nested_notebooks_select_their_first_child_and_keep_both_destinations_inside ... ok
2026-10-07T12:11:45.4654619Z test autocomplete_tabs::read_batches_favourite_questions_write_drafts_and_owner_boundaries_replay_qt ... ok
2026-10-07T12:11:45.6031698Z test collect::a_page_opened_from_a_collected_page_collects_as_it_did ... ok
2026-10-07T12:11:45.6034341Z test clipboard_urls::independent_menu_switches_persist_on_reopen ... ok
2026-10-07T12:11:45.6151934Z test collect::a_session_page_keeps_how_it_collects ... ok
2026-10-07T12:11:45.7408282Z test collect::restoring_and_refreshing_searches_preserves_absent_and_explicit_collect_settings ... ok
2026-10-07T12:11:45.8317260Z test command_palette::asynchronous_calculator_ignores_page_threshold_and_activation_keeps_owner_open ... ok
2026-10-07T12:11:45.9005505Z test collect::the_collect_control_collects_the_page ... ok
2026-10-07T12:11:46.0924300Z test command_palette::media_provider_uses_the_actual_thumbnail_dispatcher_and_rejects_a_changed_page ... ok
2026-10-07T12:11:46.1150004Z test command_palette::ctrl_p_async_palette_launches_real_pages_favourites_and_main_menu_actions ... ok
2026-10-07T12:11:46.1777079Z test command_palette::palette_reopen_rejects_stale_callbacks_and_removed_providers_do_not_return ... ok
2026-10-07T12:11:46.2043654Z test command_palette::persisted_unicode_thresholds_reach_the_async_palette_after_reopening ... ok
2026-10-07T12:11:46.2662096Z test command_palette::saved_favourite_current_page_policy_and_provider_order_reach_a_reopened_palette ... ok
2026-10-07T12:11:46.3664255Z test database_maintenance::cancelled_dialog_callbacks_release_store_and_owner_before_thread_exit ... ok
2026-10-07T12:11:46.6155589Z test database_maintenance::current_service_choice_repairs_real_mappings_once_and_releases_previous_question ... ok
2026-10-07T12:11:46.8812210Z test database_maintenance::hidden_parent_rebind_last_bound_and_accepted_exit_retire_decisions ... ok
2026-10-07T12:11:47.7278491Z test database_maintenance::no_cancel_x_and_hidden_questions_cannot_write_or_displace_a_successor ... ok
2026-10-07T12:11:47.7858435Z test database_maintenance::cancelled_hidden_and_replaced_initial_or_service_choices_are_terminal ... ok
2026-10-07T12:11:47.9131863Z test debug_delayed_pages::background_delivery_preserves_the_open_choosers_frozen_notebook_and_anchor ... ok
2026-10-07T12:11:48.0215272Z test debug_delayed_pages::cancel_exit_preserves_query_but_accepted_exit_rebind_and_owner_drop_retire_requests ... ok
2026-10-07T12:11:48.1980817Z test debug_delayed_pages::pages_share_popup_deadlines_without_dropping_pruning_or_publication ... ok
2026-10-07T12:11:48.8300417Z test debug_delayed_popup::actual_menu_overlapping_deadlines_hidden_progress_store_reopen_and_rendered_cards ... ok
2026-10-07T12:11:48.9863788Z test debug_delayed_popup::long_text_updates_and_dismissal_do_not_starve_a_pending_delayed_popup ... ok
2026-10-07T12:11:49.1792542Z test debug_delayed_popup::pending_delayed_jobs_retire_permanently_on_accepted_exit_rebind_and_owner_destruction ... ok
2026-10-07T12:11:49.5265778Z test debug_delayed_pages::menu_snapshot_overlapping_hidden_delivery_current_notebook_and_real_query ... ok
2026-10-07T12:11:50.1534516Z test debug_fetch::hidden_children_close_cancel_rebind_final_bound_drop_and_main_drop_retire_owned_work ... ok
2026-10-07T12:11:50.8402084Z test debug_fetch::ordinary_get_waits_for_saved_bandwidth_rules_and_popup_stop_cancels_before_any_http ... ok
2026-10-07T12:11:51.2767126Z test debug_fetch::overlapping_held_jobs_popup_stop_error_and_cancelled_save_have_real_consumers ... ok
2026-10-07T12:11:51.6381870Z test collect::pages_collect_as_the_reference_s_pages_collect ... ok
2026-10-07T12:11:51.7572566Z test debug_long_popup::cloned_bound_keeps_deadlines_until_the_final_bound_owner_drops ... ok
2026-10-07T12:11:51.9079217Z test debug_long_popup::dismissal_prunes_future_title_jobs_before_any_deadline_and_overlapping_runs_remain_owned ... ok
2026-10-07T12:11:51.9088588Z test debug_long_popup::actual_menu_and_toaster_replay_every_recorded_deadline_and_durable_string ... ok
2026-10-07T12:11:52.0431638Z Slint: long callback/instantiation chain detected
2026-10-07T12:11:52.0865455Z test debug_fetch::actual_menu_binary_save_decoded_clipboard_forget_cookie_headers_and_dismiss_deadline ... ok
2026-10-07T12:11:52.1223088Z test debug_long_popup::hidden_launch_exit_cancel_rebind_bound_drop_and_main_destruction_have_distinct_lifetimes ... ok
2026-10-07T12:11:52.2489070Z test debug_session_reload::actual_menu_snapshot_restores_order_resets_selection_and_keeps_closed_originals ... ok
2026-10-07T12:11:52.2535815Z Slint: long callback/instantiation chain detected
2026-10-07T12:11:52.3111160Z Slint: long callback/instantiation chain detected
2026-10-07T12:11:52.3417186Z test debug_session_reload::hidden_new_launch_cancelled_exit_rebind_and_shared_final_drop_ownership ... ok
2026-10-07T12:11:52.3652632Z test debug_session_reload::importer_logs_restore_with_new_queue_identity_and_paused_closed_owner ... ok
2026-10-07T12:11:52.5110241Z test downloader_definitions::full_domain_mask_owned_entries_questions_and_favourites_reach_persisted_consumers ... ok
2026-10-07T12:11:52.5531865Z test downloader_definitions::domain_mask_modes_tester_and_selectable_previews_apply_cancel_and_reopen ... ok
2026-10-07T12:11:52.6577897Z test downloader_definitions::lifecycle_string_descendants_cancel_without_orphaning_definition_drafts ... ok
2026-10-07T12:11:52.6951469Z test downloader_definitions::class_rules_apply_snapshot_roundtrip_and_cancel_safety ... ok
2026-10-07T12:11:52.8173300Z test downloader_definitions::lifecycle_native_fields_disable_typing_until_child_closes ... ok
2026-10-07T12:11:52.8248941Z test downloader_display::questions_cancel_apply_reopen_sort_selection_and_render ... ok
2026-10-07T12:11:52.8870740Z test downloader_interchange::class_list_buttons_preserve_export_format_and_owner_cancel ... ok
2026-10-07T12:11:52.9501927Z test downloader_interchange::closing_a_sibling_definition_list_keeps_the_owning_import_open ... ok
2026-10-07T12:11:53.0051406Z test downloader_interchange::dropping_the_final_exchange_owner_hides_and_invalidates_a_retained_window_handle ... ok
2026-10-07T12:11:53.0461428Z test downloader_definitions::single_nested_generators_roundtrip_delete_and_cancel ... ok
2026-10-07T12:11:53.0631579Z test downloader_interchange::export_text_is_selectable_read_only_and_png_accepts_a_bare_relative_path ... ok
2026-10-07T12:11:53.1075185Z test downloader_interchange::formula_buttons_keep_imported_auxiliary_through_child_apply ... ok
2026-10-07T12:11:53.2881187Z test downloader_interchange::package_reviews_real_png_cancel_and_invalid_input_before_atomic_apply ... ok
2026-10-07T12:11:53.2925084Z test downloader_interchange::mixed_registered_login_package_reviews_png_selects_dependencies_and_reopens_saved_scripts ... ok
2026-10-07T12:11:53.3741595Z test downloader_interchange::parser_list_import_and_export_buttons_stage_until_owner_apply ... ok
2026-10-07T12:11:53.4338987Z test downloader_lists::a_gallery_pages_list_acts_on_its_selection_as_the_references ... ok
2026-10-07T12:11:53.5642990Z test downloader_lists::a_watcher_pages_list_acts_on_its_selection_as_the_references ... ok
2026-10-07T12:11:54.7892700Z test downloader_update_times::real_options_constructor_cancel_normalization_save_reopen_and_retained_cancel ... ok
2026-10-07T12:11:54.9854970Z test downloader_update_times::gallery_owned_timer_reads_rows_at_deadline_keeps_live_details_and_retires ... ok
2026-10-07T12:11:55.1269124Z test downloader_display::saved_choices_reach_existing_gallery_and_open_viewer ... ok
2026-10-07T12:11:55.6342245Z test duplicate_filter::decisions_wait_for_the_end_of_the_batch_and_can_be_undone ... ok
2026-10-07T12:11:55.6668188Z test duplicate_filter::duplicates_pages_kept_by_an_earlier_import_still_open ... ok
2026-10-07T12:11:56.2115234Z test downloader_update_times::watcher_owned_timer_reads_rows_at_deadline_keeps_live_details_and_retires ... ok
2026-10-07T12:11:56.2560704Z test duplicate_filter::group_mode_keeps_to_one_group ... ok
2026-10-07T12:11:56.8788158Z test duplicate_filter::the_file_shown_is_the_one_decided_on ... ok
2026-10-07T12:11:57.0291418Z test duplicate_filter::small_batches_commit_themselves_until_no_pairs_are_left ... ok
2026-10-07T12:11:57.2087744Z test duplicate_colours::options_replay_cancel_retired_apply_bounds_and_persisted_reopen ... ok
2026-10-07T12:11:57.7532044Z test duplicate_filter::viewing_statistics_switch_controls_actual_pair_navigation_and_cancelled_close ... ok
2026-10-07T12:11:58.0152591Z test duplicate_filter::the_filter_opens_from_a_duplicates_page_and_compares_the_pair ... ok
2026-10-07T12:11:58.0320199Z test duplicates_page::the_sidebar_tabs_show_and_change_the_search_and_the_rules ... ok
2026-10-07T12:11:58.3512551Z test edit_subscription::the_dialog_edits_a_subscription_and_the_list_writes_it ... ok
2026-10-07T12:11:58.3913325Z test duplicates_progress::actual_checkbox_relabels_visible_preparation_without_changing_work_and_future_pages_reopen_policy ... ok
2026-10-07T12:11:58.4818977Z test edit_subscription::advanced_quality_menu_reads_saved_logs_and_current_media_without_applying_drafts ... ok
2026-10-07T12:11:58.6910764Z test existing_tags_filter::existing_tag_filter_dialog_stages_enables_persists_and_retires_with_its_importer_owner ... ok
2026-10-07T12:11:58.7883847Z test export_files::export_files_menu_window_previews_confirmation_and_worker ... ok
2026-10-07T12:11:58.9886193Z test export_files::shared_pattern_shortcuts_copy_without_editing_and_guard_closed_owners ... ok
2026-10-07T12:11:58.9981516Z test embedded_metadata::metadata_opens_from_thumbnails_and_viewer_and_copies_raw_values ... ok
2026-10-07T12:11:59.0794921Z test export_files::selected_export_tag_sidebar_copies_launches_native_pages_persists_favourites_and_closes ... ok
2026-10-07T12:11:59.6301842Z test external_calls::callable_command_child_apply_cancel_parent_staging_reopen_and_retired_owner ... ok
2026-10-07T12:11:59.6635631Z test external_calls::actual_command_parameter_queue_buttons_keys_cancel_and_saved_argument_consumer ... ok
2026-10-07T12:11:59.7934182Z test external_calls::command_clipboard_exact_review_raw_rows_clean_copy_errors_and_owner_retirement ... ok
2026-10-07T12:11:59.9752321Z test external_calls::imported_reference_calls_review_cancel_and_saved_process_test_consumer ... ok
2026-10-07T12:12:00.4451592Z test external_calls::list_duplicate_defaults_delete_capture_and_options_persistence ... ok
2026-10-07T12:12:00.5826225Z test external_calls::duplicate_warning_decline_keeps_unsorted_unselected_prefix_accept_finishes_and_retired_question_cannot_append ... ok
2026-10-07T12:12:00.6611439Z test animation::animations_play_in_the_viewer_with_the_client_s_own_player ... ok
2026-10-07T12:12:00.8810251Z test external_calls::reopened_saved_process_uses_real_editor_inputs_and_owned_test_call_worker ... ok
2026-10-07T12:12:01.3181651Z test external_calls::simple_delete_includes_os_launch_rows_but_cancel_and_closed_owner_do_not_change_saved_calls ... ok
2026-10-07T12:12:01.3351449Z test favourite_search_editor::favourite_domain_sort_collect_and_autocomplete_widgets_reach_saved_searches ... ok
2026-10-07T12:12:01.3869664Z test external_calls::parameter_queue_reverse_edit_and_real_key_origin_histories_match_actual_qt ... ok
2026-10-07T12:12:01.4690861Z test favourites::a_favourite_s_collect_collects_the_page ... ok
2026-10-07T12:12:01.5411236Z test favourites::searches_are_saved_and_added_as_the_reference_saves_and_adds_them ... ok
2026-10-07T12:12:01.6287414Z test favourites::a_favourite_search_loads_into_the_page ... ok
2026-10-07T12:12:01.6641469Z test favourites::the_edit_dialog_asks_before_overwriting_as_the_reference_s ... ok
2026-10-07T12:12:01.6979324Z test favourites::the_dialogs_save_edit_and_delete_searches ... ok
2026-10-07T12:12:01.7460473Z test favourites::the_edit_dialog_gives_back_what_the_reference_s_does ... ok
2026-10-07T12:12:01.8092984Z test favourites::the_manage_dialog_lists_them_as_the_reference_s ... ok
2026-10-07T12:12:01.8778444Z test favourites::the_star_button_s_menu_is_the_reference_s ... ok
2026-10-07T12:12:01.9523643Z test ffmpeg_timeout::retained_importer_tools_do_not_retain_their_isolated_store ... ok
2026-10-07T12:12:02.2346964Z test ffmpeg_timeout::visible_timeout_draft_survives_hidden_edits_and_reaches_the_live_reader ... ok
2026-10-07T12:12:02.6793071Z test file_history::history_frame_consumes_times_filters_and_ranges_without_touching_main_query_or_retired_owner ... ok
2026-10-07T12:12:02.8182294Z test file_log::advanced_object_export_and_renormalisation_confirm_before_collapsing_later_duplicates ... ok
2026-10-07T12:12:02.9483596Z test file_log::clipboard_import_persists_deduplicates_and_handles_empty_or_missing_text ... ok
2026-10-07T12:12:03.0931910Z test file_log::selected_url_search_opens_a_local_or_search_and_reaches_matching_files ... ok
2026-10-07T12:12:03.4872447Z test file_log::source_png_dialogs_cancel_validate_import_export_and_close_with_the_log ... ok
2026-10-07T12:12:03.7129843Z test file_log::the_file_log_lists_a_queues_files_and_acts_on_them ... ok
2026-10-07T12:12:03.9466287Z test file_maintenance_current::actual_missing_file_integrity_runner_hands_useful_url_to_the_owned_named_import_queue ... ok
2026-10-07T12:12:04.1927768Z test ffmpeg_timeout::real_options_cancel_hidden_retired_save_reopen_bounds_and_independent_field ... ok
2026-10-07T12:12:04.2843605Z test file_maintenance_current::named_redownload_preserves_current_and_reuses_named_page_instead_of_unrelated_url_importer ... ok
2026-10-07T12:12:04.3793419Z test file_maintenance_current::captured_clear_while_force_waits_is_serviced_before_the_next_physical_batch ... ok
2026-10-07T12:12:04.4223747Z test file_maintenance_current::pending_exit_decline_and_accepted_exit_are_owned_boundaries_for_review_callbacks ... ok
2026-10-07T12:12:04.6684635Z test file_maintenance_current::real_menu_selected_work_future_clear_and_owned_stale_callbacks ... ok
2026-10-07T12:12:04.7959246Z test file_maintenance_current::real_popup_cancel_while_pass_waits_for_shared_lease_preserves_every_queued_file ... ok
2026-10-07T12:12:04.8180634Z test file_maintenance_current::reopened_review_refetches_counts_without_inheriting_the_closed_selection ... ok
2026-10-07T12:12:05.1450196Z test file_view_removal::live_trash_policy_uses_actual_membership_and_move_menu_only_removes_source ... ok
2026-10-07T12:12:05.3301888Z test file_view_removal::mixed_already_trash_advanced_choice_and_locked_physical_noop_retain_unaffected_rows ... ok
2026-10-07T12:12:05.4217226Z test external_calls::defaults_physical_menu_exact_choices_saved_reopen_and_retired_selector_are_owned ... ok
2026-10-07T12:12:05.5630878Z test file_view_removal::filter_accept_forget_resume_switch_and_closed_source_never_target_successor ... ok
2026-10-07T12:12:05.7567590Z test file_view_removal::retained_delete_and_transfer_children_cannot_mutate_a_rebound_main_window ... ok
2026-10-07T12:12:05.7861565Z test file_view_removal::viewer_deletion_never_prunes_an_externally_retained_forgotten_source_or_successor ... ok
2026-10-07T12:12:05.8802591Z test filename_rules::attached_regex_menus_copy_without_edits_and_favourites_commit_independently ... ok
2026-10-07T12:12:06.0031440Z test filename_simple::folder_tag_child_is_staged_reopens_and_is_cancelled_with_its_owner ... ok
2026-10-07T12:12:06.0980235Z test filename_rules::real_lists_replay_reference_and_save_folder_consumers_without_stale_callbacks ... ok
2026-10-07T12:12:06.2611610Z test filename_simple::real_simple_actions_replay_selection_paste_and_removal_then_reach_manual_import_seeds ... ok
2026-10-07T12:12:06.2659956Z test filesize_predicate::destroyed_main_automatically_closes_new_size_while_bound_child_and_collector_survive ... ok
2026-10-07T12:12:06.7203081Z test filesize_predicate::only_final_bound_drop_retires_size_and_old_timers_cannot_retire_a_live_successor ... ok
2026-10-07T12:12:07.0501965Z test filesize_predicate::hidden_cancelled_rebound_and_accepted_closed_main_cannot_accept_a_retained_size_draft ... ok
2026-10-07T12:12:07.1822056Z test filesize_predicate::real_radio_keys_and_all_units_reach_the_search_consumer ... ok
2026-10-07T12:12:07.3012578Z test folder_manager_lifecycle::failed_folder_commit_closes_owners_and_releases_the_lease_without_partial_writes ... ok
2026-10-07T12:12:07.3923103Z test file_view_removal::options_match_actual_qt_dependency_apply_cancel_reopen_and_retired_callbacks ... ok
2026-10-07T12:12:07.3937546Z test folder_manager_lifecycle::draft_is_read_after_worker_commit_and_read_failure_releases_the_request ... ok
2026-10-07T12:12:07.5613929Z test folders::an_import_folders_filename_tagging_is_added_edited_and_deleted ... ok
2026-10-07T12:12:07.7546245Z test folders::export_folders_are_added_edited_and_written ... ok
2026-10-07T12:12:07.8622863Z test folders::folder_paths_are_picked_with_browse ... ok
2026-10-07T12:12:08.0704213Z test folder_manager_lifecycle::wait_cancel_window_close_and_live_pause_changes_release_only_the_transient_request ... ok
2026-10-07T12:12:08.0825753Z test folders::import_folders_are_added_edited_and_written ... ok
2026-10-07T12:12:08.2821439Z test ffmpeg_timeout::already_open_importer_captures_old_deadline_saved_apply_changes_next_call_and_no_store_cycle ... ok
2026-10-07T12:12:08.3116500Z test force_filetype::a_file_is_forced_to_another_filetype_and_back ... ok
2026-10-07T12:12:08.3265004Z test force_idle::forced_idle_admits_real_trash_and_physical_passes_at_unchanged_deadlines ... ok
2026-10-07T12:12:08.3936687Z test folder_manager_lifecycle::replay_reference_pause_wait_apply_cancel_and_original_pause_restoration ... ok
2026-10-07T12:12:08.4242047Z test force_idle::hidden_prompt_cancel_rebind_close_and_final_binding_clone_retire_override ... ok
2026-10-07T12:12:08.4860136Z test formula_editors::formula_editors_bulk_edit_sequences_and_cancelled_children_unlock_parent ... ok
2026-10-07T12:12:08.5472386Z test formula_editors::formula_editors_cancel_children_and_edit_context_formulae ... ok
2026-10-07T12:12:08.5935932Z test force_idle::real_menu_checked_states_controller_matrix_activity_and_autosave_consumer ... ok
2026-10-07T12:12:08.6542401Z test formula_editors::formula_editors_json_sidecar_formula_is_saved_with_import_folder ... ok
2026-10-07T12:12:08.6784889Z test formula_editors::formula_editors_html_rules_validation_processing_and_screenshot ... ok
2026-10-07T12:12:08.7659746Z test formula_editors::formula_editors_sidecar_json_child_applies_to_source_only_on_acceptance ... ok
2026-10-07T12:12:08.7801421Z test formula_editors::formula_editors_simple_downloader_list_saves_cancel_and_unique_names ... ok
2026-10-07T12:12:08.8224995Z test formula_editors::lifecycle_formula_parent_keeps_rule_address_stable ... ok
2026-10-07T12:12:08.8989648Z test formula_editors::lifecycle_string_editors_cancel_descendants_and_reopen ... ok
2026-10-07T12:12:08.9680850Z test formula_editors::recursive_owner_cancel_invalidates_every_depth_and_retained_handle ... ok
2026-10-07T12:12:08.9850444Z test formula_editors::recursive_second_formula_can_select_every_transformed_example ... ok
2026-10-07T12:12:09.0437807Z test formula_editors::recursive_nested_children_preview_transformed_examples_and_save ... ok
2026-10-07T12:12:09.0831610Z test formula_editors::recursive_zipper_queue_matches_reference_and_blocks_parent_mutations ... ok
2026-10-07T12:12:09.1549702Z test formula_editors::zipper_components_exchange_appends_only_formulae_and_exports_selection ... ok
2026-10-07T12:12:09.1617547Z test formula_editors::scalar_formula_controls_preview_processing_cancel_and_save ... ok
2026-10-07T12:12:09.3219312Z test gallery_source::actual_widget_replays_reference_groups_cancels_and_empty_warnings ... ok
2026-10-07T12:12:09.5186400Z test gallery_source::options_source_child_is_staged_cancel_safe_and_reaches_page_and_subscription ... ok
2026-10-07T12:12:09.7578112Z test gui_colours::help_warning_hidden_acknowledgement_toggle_rebind_and_final_bound_drop_are_owned ... ok
2026-10-07T12:12:09.8098808Z test frame_locations::frame_options_table_child_staging_and_saved_viewer_geometry_match_reference ... ok
2026-10-07T12:12:09.9623583Z test gui_colours::saved_palette_change_during_real_row_fade_discards_old_brushes_without_redecoding ... ok
2026-10-07T12:12:10.4981633Z test gui_colours::fresh_local_membership_live_roles_and_existing_owned_windows_paint_without_palette_changes ... ok
2026-10-07T12:12:10.7941832Z test hash_predicate::all_types_signs_and_empty_hashes_publish_the_recorded_queries ... ok
2026-10-07T12:12:11.4190565Z test hash_predicate::cleanup_replaces_real_typed_text_and_owns_warning_acknowledgement ... ok
2026-10-07T12:12:11.6516954Z test hash_predicate::main_death_and_final_bound_drop_automatically_close_recorded_cleanup_warning ... ok
2026-10-07T12:12:11.8262021Z test headless_lifetime::completed_bound_menus_release_their_pages_rows_and_workers_before_thread_exit ... ok
2026-10-07T12:12:11.9683148Z test headless_lifetime::explicit_ui_scope_teardown_releases_bound_workers_before_thread_exit ... ok
2026-10-07T12:12:12.0801526Z test headless_lifetime::last_collector_hides_visible_components_and_releases_callbacks_and_store ... ok
2026-10-07T12:12:12.2611506Z test gui_format::staged_controls_reopen_and_reach_real_log_rows_and_page_size_status ... ok
2026-10-07T12:12:13.1081513Z test formula_editors::formula_fetch_decodes_real_documents_updates_preview_and_discards_closed_owner_results ... ok
2026-10-07T12:12:13.2982248Z test hidden_page_preview::closed_live_canvas_survives_unclose_but_forget_retires_even_retained_search_owner ... ok
2026-10-07T12:12:13.9053720Z test hidden_page_preview::normal_pending_page_return_retries_with_return_time_and_rejects_obsolete_reply ... ok
2026-10-07T12:12:14.0756129Z test hidden_page_preview::actual_qt_owned_hide_roundtrip_preserves_both_page_intervals_and_normal_restore ... ok
2026-10-07T12:12:14.2751992Z test hidden_page_preview::displaced_global_hide_request_retries_original_time_with_two_workers_and_one_queue ... ok
2026-10-07T12:12:15.5068645Z test hidden_page_preview::pending_hidden_decode_is_page_owned_and_same_key_successor_retires_snapshots_and_replies ... ok
2026-10-07T12:12:15.7855154Z test hidden_page_preview::same_monitor_persisted_same_keys_fresh_pages_drop_frames_and_reject_late_old_generation ... ok
2026-10-07T12:12:16.2624795Z test hidden_page_preview::snapshot_eviction_redecodes_owned_identity_without_restarting_hidden_intervals ... ok
2026-10-07T12:12:16.2811595Z test gui_colours::real_options_stage_all_roles_cancel_hidden_inputs_and_retire_owned_picker ... ok
2026-10-07T12:12:16.6510851Z test idle_timeout_options::unchanged_options_acceptance_normalises_raw_seconds_and_changes_the_existing_live_gate ... ok
2026-10-07T12:12:17.1591855Z test idle_timeout_options::complete_idle_captions_and_actual_none_states_fit_opening_and_capture_sizes ... ok
2026-10-07T12:12:17.3761999Z test idle_timeout_options::staged_timeouts_change_live_browsing_mouse_api_and_autosave_gates_only_after_apply ... ok
2026-10-07T12:12:17.5053717Z test image_cache::real_saved_policy_preserves_current_media_and_intervals_then_retires_final_bound_owner ... ok
2026-10-07T12:12:17.7324850Z test image_colour::paused_animation_keeps_accepted_frame_index_and_pixels_on_icc_notification ... ok
2026-10-07T12:12:17.9261590Z test import_files::files_and_folders_picked_are_reviewed ... ok
2026-10-07T12:12:18.2191656Z test import_files::files_are_imported_with_the_sidecars_tab_routers ... ok
2026-10-07T12:12:18.5146211Z test import_files::files_are_imported_with_the_tags_filename_tagging_gives_them ... ok
2026-10-07T12:12:18.5852077Z test image_colour::actual_saved_icc_updates_preview_viewer_tiles_and_archive_without_resetting_owned_state ... ok
2026-10-07T12:12:18.5991489Z test image_colour::held_old_colour_reply_cannot_replace_current_or_rebound_canvas_and_ineligible_preview_stays_empty ... ok
2026-10-07T12:12:18.7577867Z test import_folder_log::unsaved_folder_has_owned_empty_log_and_owner_closure_discards_pending_cache ... ok
2026-10-07T12:12:18.8532776Z test import_files::files_given_are_reviewed_then_imported ... ok
2026-10-07T12:12:19.0321182Z test import_options::a_highlighted_searchs_own_file_limit_and_import_options_are_edited ... ok
2026-10-07T12:12:19.0601409Z test import_options::a_gallery_pages_import_options_are_edited_for_its_new_searches ... ok
2026-10-07T12:12:19.2241712Z test import_options::a_url_downloaders_import_options_are_edited ... ok
2026-10-07T12:12:19.3293637Z test import_options::an_import_folders_import_options_are_edited_and_written ... ok
2026-10-07T12:12:19.3803581Z test import_options::favourites_popup_replays_real_dialogs_persists_and_invalidates_children ... ok
2026-10-07T12:12:19.4746467Z test import_folder_log::copied_cache_replays_reference_child_apply_cancel_and_folder_cancel_then_manager_commit ... ok
2026-10-07T12:12:19.4801440Z test import_options::options_profiles_share_the_parent_draft_without_persisting_children ... ok
2026-10-07T12:12:19.6302349Z test image_cache::speed_memory_helpers_own_wrapped_space_at_preferred_and_capture_sizes ... ok
2026-10-07T12:12:19.6451410Z test import_options::shared_overwrite_drafts_close_cleanly_and_clipboard_reaches_real_importer ... ok
2026-10-07T12:12:19.8193455Z test import_options_panel::applied_defaults_url_overrides_profiles_and_simple_preference_reach_consumers ... ok
2026-10-07T12:12:19.8303074Z test importer_list_menu::a_gallery_lists_menu_acts_on_the_pressed_search ... ok
2026-10-07T12:12:19.8692167Z test import_options_panel::options_drafts_replay_clear_reset_simple_mode_and_cancel_without_store_changes ... ok
2026-10-07T12:12:20.0171828Z test importer_list_menu::a_watcher_lists_menu_copies_the_pressed_watchers_url ... ok
2026-10-07T12:12:20.0664124Z test importer_list_menu::closed_log_renormalisation_menu_requires_confirmation ... ok
2026-10-07T12:12:20.1054020Z test importer_list_menu::closed_search_log_exchange_retains_real_questions_and_png_children ... ok
2026-10-07T12:12:20.2263607Z Slint: long callback/instantiation chain detected
2026-10-07T12:12:20.3368518Z test info_lines::info_lines_are_the_reference_s ... ok
2026-10-07T12:12:20.4679557Z test info_lines::the_archive_delete_filter_shows_the_top_line_too ... ok
2026-10-07T12:12:20.6047780Z test import_work_slots::actual_importing_controls_cancel_apply_reopen_and_ignore_retired_edits ... ok
2026-10-07T12:12:20.7651764Z test incremental_tagging::real_incremental_child_replays_cancel_apply_memory_and_blocks_parent_mutations ... ok
2026-10-07T12:12:20.7877700Z test list_drag::dragging_across_rows_selects_them ... ok
2026-10-07T12:12:20.8742254Z test info_lines::the_viewer_shows_the_top_line_near_its_top ... ok
2026-10-07T12:12:21.0322430Z test local_transfer::actual_thumbnail_transfer_menu_captures_selection_and_checks_parent_identity ... ok
2026-10-07T12:12:21.1639270Z test local_transfer::native_transfer_yes_no_cancel_and_stale_window_cannot_write ... ok
2026-10-07T12:12:21.2009321Z test login_script_controls::script_information_error_help_and_retired_children_replay_actual_qt ... ok
2026-10-07T12:12:21.2401761Z test login_workflows::credential_entry_masks_password_and_replays_reference_invalid_confirmation ... ok
2026-10-07T12:12:21.6647379Z test local_transfer::staged_options_apply_cancel_reopen_and_retired_successor_callbacks ... ok
2026-10-07T12:12:22.3241773Z test login_workflows::domain_cookie_reset_is_confirmed_immediate_and_survives_parent_cancel ... ok
2026-10-07T12:12:22.3874787Z test login_workflows::domain_menu_credentials_stage_activation_and_persist_only_at_parent_apply ... ok
2026-10-07T12:12:22.6467996Z test login_workflows::embedded_step_cookie_actions_replay_qt_and_retire_matchers_with_the_owner ... ok
2026-10-07T12:12:22.7136138Z test login_workflows::example_domain_stages_match_reference_final_cancel_and_preserve_parent_transaction ... ok
2026-10-07T12:12:22.7623975Z test login_workflows::login_exchange_reviews_without_mutating_then_parent_apply_persists_unique_scripts ... ok
2026-10-07T12:12:23.4286791Z test login_workflows::native_domain_prompts_replay_reference_add_change_delete_and_apply_consumers ... ok
2026-10-07T12:12:23.4777401Z test login_workflows::network_login_scripts_menu_reaches_persisted_editor ... ok
2026-10-07T12:12:23.5396919Z test login_workflows::parent_cancel_discards_pending_domain_description_credentials_and_delete ... ok
2026-10-07T12:12:24.6309723Z test login_workflows::reopened_domain_manager_monitors_and_cancels_actual_engine_owned_demand_process ... ok
2026-10-07T12:12:24.7151815Z test login_workflows::result_review_replays_real_qt_fields_unicode_preview_full_copy_and_stale_close ... ok
2026-10-07T12:12:24.7654569Z test login_workflows::script_definition_matcher_child_stages_until_parent_apply_and_cancel_discards ... ok
2026-10-07T12:12:25.3256913Z test login_workflows::delayed_manual_completion_cannot_overwrite_a_successor_login_outcome ... ok
2026-10-07T12:12:25.4963651Z test login_workflows::script_step_content_preview_apply_and_parent_cancel_are_owned_and_restricted ... ok
2026-10-07T12:12:25.5875086Z test login_script_controls::actual_login_cog_targets_isolated_http_request_and_drops_stale_command ... ok
2026-10-07T12:12:25.6638872Z test login_workflows::sequential_cookie_matchers_replay_reference_titles_defaults_cancel_and_distinct_rows ... ok
2026-10-07T12:12:27.8121443Z test login_workflows::shared_cookie_list_owns_matchers_and_stages_both_script_and_step_consumers ... ok
2026-10-07T12:12:29.1433880Z test login_workflows::script_editor_runs_real_http_with_fresh_cookies_and_reviews_without_saving ... ok
2026-10-07T12:12:29.2018548Z test login_workflows::step_argument_prompts_replay_reference_questions_defaults_cancel_and_stale_owner ... ok
2026-10-07T12:12:29.2999664Z test login_workflows::step_shows_three_reference_argument_lists_with_independent_selection_and_pinned_footer ... ok
2026-10-07T12:12:29.7124711Z test login_workflows::script_test_domain_prompt_replays_memory_cancel_clear_timing_and_real_http ... ok
2026-10-07T12:12:29.8576634Z test login_workflows::domain_login_confirmation_saves_then_real_http_persists_session_and_outcome ... ok
2026-10-07T12:12:29.8631796Z test main_identity::actual_middle_press_uses_canonical_tag_location_defaults_and_saved_activation ... ok
2026-10-07T12:12:29.9989860Z test main_shortcuts::ctrl_page_up_and_down_move_along_the_pages ... ok
2026-10-07T12:12:30.0691238Z Slint: long callback/instantiation chain detected
2026-10-07T12:12:30.0716744Z test main_identity::raw_name_apply_cancel_and_title_refresh_are_scoped_to_the_current_main_binding ... ok
2026-10-07T12:12:30.1547483Z test main_shortcuts::f5_and_ctrl_i ... ok
2026-10-07T12:12:30.1553849Z Slint: long callback/instantiation chain detected
2026-10-07T12:12:30.1677996Z test main_identity::stale_file_hidden_closed_reshown_and_rebound_viewers_cannot_launch ... ok
2026-10-07T12:12:30.2827614Z test manage_notes::notes_are_added_edited_and_deleted_as_the_reference_does ... ok
2026-10-07T12:12:30.3494478Z test manage_ratings::ratings_are_set_copied_pasted_and_applied_as_the_reference_does ... ok
2026-10-07T12:12:30.4926373Z Slint: long callback/instantiation chain detected
2026-10-07T12:12:30.6916251Z test manage_tags::switching_from_empty_service_restores_the_only_suggestion_page ... ok
2026-10-07T12:12:31.1264243Z test manage_tags::tags_are_added_and_removed_as_the_reference_does ... ok
2026-10-07T12:12:31.1757710Z test manage_tags::most_used_panels_filter_only_add_broadcast_and_retire_closed_consumers ... ok
2026-10-07T12:12:31.3213650Z test manage_tag_counts::thumbnail_dialog_replays_deleted_counts_and_retained_callbacks_cannot_mutate_reopened_owner ... ok
2026-10-07T12:12:31.3321623Z Slint: long callback/instantiation chain detected
2026-10-07T12:12:31.3524019Z Slint: long callback/instantiation chain detected
2026-10-07T12:12:31.3969972Z test manage_tags_sort::hidden_main_cannot_launch_or_reshow_child_but_visible_viewer_keeps_its_own_route ... ok
2026-10-07T12:12:31.7793573Z test manage_tags_sort::native_options_stage_cancel_save_reopen_and_reject_retired_sender ... ok
2026-10-07T12:12:31.8601958Z test manage_tags_sort::main_selection_and_viewer_current_file_use_distinct_defaults_and_live_dialog_keeps_its_sort ... ok
2026-10-07T12:12:31.9715047Z Slint: long callback/instantiation chain detected
2026-10-07T12:12:31.9848990Z test login_workflows::step_argument_draft_rejects_duplicates_stages_cancel_and_reaches_actual_http ... ok
2026-10-07T12:12:31.9961428Z test manage_tags_sort::rebind_and_accepted_exit_retire_visible_sort_children_and_old_viewer_launcher ... ok
2026-10-07T12:12:32.1532642Z test manage_times::times_are_edited_added_and_applied_as_the_reference_does ... ok
2026-10-07T12:12:32.1645608Z test manage_urls::urls_are_added_removed_and_edited_as_the_reference_does ... ok
2026-10-07T12:12:32.3346106Z test media_actions::closing_viewer_discards_advanced_deletion_and_reopening_recalls_applied_choice ... ok
2026-10-07T12:12:32.3492019Z test media_actions::confirmation_policy_matches_recorded_actionable_domains_and_counts ... ok
2026-10-07T12:12:32.5093356Z test media_shortcuts::alt_and_the_arrows_rearrange_the_selected_thumbnails ... ok
2026-10-07T12:12:32.5608984Z test media_shortcuts::ctrl_c_copies_the_files_themselves ... ok
2026-10-07T12:12:32.6328610Z test media_actions::the_viewer_s_shortcuts_archive_inbox_and_delete ... ok
2026-10-07T12:12:32.7456016Z test media_shortcuts::ctrl_r_and_ctrl_e ... ok
2026-10-07T12:12:32.8161429Z test media_sort::the_sort_control_offers_namespace_and_rating_sorts ... ok
2026-10-07T12:12:32.8586384Z test media_sort::the_sort_options_come_across_from_hydrus ... ok
2026-10-07T12:12:33.0221390Z test menu_bar::clear_and_load_replaces_the_pages_with_a_session ... ok
2026-10-07T12:12:33.0351059Z test menu_bar::boot_pause_menu_saves_preference_and_preserves_live_resume ... ok
2026-10-07T12:12:33.2224055Z test menu_bar::keys_open_and_move_through_the_menus ... ok
2026-10-07T12:12:33.2541495Z test menu_bar::sessions_are_saved_from_the_pages_menu ... ok
2026-10-07T12:12:33.4641444Z test menu_bar::the_bar_s_menus_open_and_do_what_they_say ... ok
2026-10-07T12:12:33.5513507Z test manage_tags_sort::actual_sort_stacks_fit_their_rows_and_scroll_without_overlap_at_both_viewports ... ok
2026-10-07T12:12:33.6459375Z test media_sort::pages_sort_as_the_reference_s_pages_sort ... ok
2026-10-07T12:12:33.9813883Z test menu_bar::the_pointer_opens_menus_and_chooses_from_them ... ok
2026-10-07T12:12:39.7432676Z test menu_choice_wheel::options_staging_saved_policy_bubbling_and_retired_roots_are_owned ... ok
2026-10-07T12:12:42.9809515Z test menu_choice_wheel::manual_export_tag_choices_read_live_policy_and_publish_real_sidebar_rows ... ok
2026-10-07T12:12:46.5181695Z test menu_choice_wheel::open_manage_tags_reads_live_policy_and_keeps_recorded_type_orders_and_real_rows ... ok
2026-10-07T12:12:47.1085720Z test merge_options::a_rules_custom_merge_options_are_edited ... ok
2026-10-07T12:12:47.7490764Z test merge_options::the_default_merge_options_are_edited_and_written ... ok
2026-10-07T12:12:48.3101874Z test merge_options::the_duplicate_filters_custom_action_merges_by_its_own_options ... ok
2026-10-07T12:12:48.3110816Z test mpv::a_video_plays_into_frames_at_the_size_asked ... ok
2026-10-07T12:12:49.7408670Z test namespace_colours::actual_namespace_questions_cancel_retired_owners_reopen_and_live_colours_replay_qt ... ok
2026-10-07T12:12:50.3111834Z test namespace_colours::blank_native_add_apply_and_return_keep_entry_until_acknowledgement_and_parent_cancel ... ok
2026-10-07T12:12:50.5490951Z test namespace_sorts::applied_scheme_reopens_and_drives_real_ordered_media_and_new_collect_namespace ... ok
2026-10-07T12:12:50.8282035Z test namespace_sorts::queue_replays_real_questions_selection_cancel_and_parent_apply_isolation ... ok
2026-10-07T12:12:51.3301919Z test network_data::bandwidth_filters_chart_multiselect_delete_cancel_live_reset_and_saved_age ... ok
2026-10-07T12:12:52.2071572Z test network_data::bandwidth_history_columns_sort_detail_and_default_kind_routing ... ok
2026-10-07T12:12:52.8051048Z test network_data::bandwidth_rules_cancel_apply_reopen_and_render ... ok
2026-10-07T12:12:53.2726931Z test network_data::jobs_live_progress_commands_and_offline_expiry ... ok
2026-10-07T12:12:53.6452563Z test network_job_control::auto_policy_belongs_to_page_control_and_retires_when_page_closes ... ok
2026-10-07T12:12:54.0132496Z test network_job_control::current_jobs_cog_retries_uses_rules_and_retains_finished_error ... ok
2026-10-07T12:12:54.9402622Z test network_job_control::page_cog_rules_cancel_apply_and_error_owner_boundary ... ok
2026-10-07T12:12:58.0530181Z test menu_choice_wheel::wheel_protocol_emits_single_choice_and_empty_consumes_without_selection ... ok
2026-10-07T12:12:58.0600740Z test network_job_control::retained_error_close_cannot_close_replacement_or_reopened_owner ... ok
2026-10-07T12:12:58.1278136Z test network_sessions::applied_widgets_change_existing_engines_outgoing_requests ... ok
2026-10-07T12:13:01.4406515Z test network_job_control::page_override_reaches_live_engine_and_auto_policy_reaches_next_request ... ok
2026-10-07T12:13:02.8129919Z test network_sessions::automatic_header_dialog_approval_denial_later_and_stale_callbacks ... ok
2026-10-07T12:13:03.0071601Z test network_sessions::browse_create_edit_cancel_apply_and_clear ... ok
2026-10-07T12:13:03.0901729Z test network_sessions::cookie_exchange_widgets_confirm_filter_cancel_import_export_and_report_errors ... ok
2026-10-07T12:13:03.1438651Z test network_sessions::dropping_final_owner_cancels_open_drafts_and_invalidates_child_callbacks ... ok
2026-10-07T12:13:03.1831849Z test network_sessions::automatic_header_answers_reach_an_existing_engine_request ... ok
2026-10-07T12:13:03.2582005Z test network_sessions::headers_validate_duplicate_delete_cancel_reopen_and_persist ... ok
2026-10-07T12:13:03.4591923Z test normal_time_maintenance::dropped_binding_retires_retained_control_and_wakes_its_real_held_wait ... ok
2026-10-07T12:13:03.6534015Z test normal_time_maintenance::normal_time_apply_reaches_waiting_consumer_and_terminal_owner_wakes_without_successor ... ok
2026-10-07T12:13:03.7288650Z test normal_time_maintenance::rebind_wakes_previous_pass_and_preserves_queued_pair_for_current_owner ... ok
2026-10-07T12:13:03.9129190Z Slint: long callback/instantiation chain detected
2026-10-07T12:13:03.9965931Z test normal_time_maintenance::unchecked_normal_flags_block_real_workers_but_current_live_idle_admits_both ... ok
2026-10-07T12:13:04.2841733Z test notebook_new_page::insertion_option_imports_rejects_invalid_cancels_and_changes_real_chooser_consumer ... ok
2026-10-07T12:13:04.4291196Z test notebook_new_page::nested_chooser_freezes_parent_and_anchor_and_cancel_clears_pending_position ... ok
2026-10-07T12:13:04.5652322Z test normal_time_maintenance::staged_controls_cancel_reopen_hidden_retired_and_peer_merge ... ok
2026-10-07T12:13:04.7242198Z test notebook_refresh::advanced_weight_counts_repeated_media_and_both_seed_logs_and_copies_exact_label ... ok
2026-10-07T12:13:04.7573072Z test notebook_new_page::popup_new_page_and_here_replay_real_reference_order_selection_and_cancellation ... ok
2026-10-07T12:13:04.9209508Z test notebook_refresh::notebook_refresh_resumes_initialized_descendants_and_preserves_background_selection ... ok
2026-10-07T12:13:05.0059765Z test notebook_sessions::clicked_notebook_saving_replays_names_overwrite_invalid_and_cancellation ... ok
2026-10-07T12:13:05.0594466Z test notebook_sessions::notebook_session_copies_preserve_media_and_independent_importer_state ... ok
2026-10-07T12:13:05.8024644Z test notes_preferences::options_cog_cursor_copy_and_live_hover_replay_with_owned_cancel_and_reopen ... ok
2026-10-07T12:13:06.4911571Z test open_externally::file_queue_replays_all_nested_reference_states_and_live_children ... ok
2026-10-07T12:13:06.6371974Z test open_externally::live_local_membership_restore_reaches_the_same_launcher_after_store_reopen ... ok
2026-10-07T12:13:06.8741821Z test menu_choice_wheel::real_media_type_wheels_reach_main_and_staged_options_including_unoffered_current ... ok
2026-10-07T12:13:06.8831791Z test notebook_tree::real_tree_mouse_and_keys_replay_cursor_activation_and_preserved_child_expansion ... ok
2026-10-07T12:13:07.2031876Z test open_externally::saved_registered_vectors_feed_actual_main_live_viewer_and_url_pipeline ... ok
2026-10-07T12:13:07.3549249Z Slint: long callback/instantiation chain detected
2026-10-07T12:13:07.3933144Z test open_externally::saved_routes_reach_main_and_live_viewer_os_fallback_and_missing_owned_notice ... ok
2026-10-07T12:13:07.5938238Z test open_externally::shortcut_and_routing_children_exclude_each_other_and_cancel_staged_changes ... ok
2026-10-07T12:13:07.8601816Z test options_window::advanced_deletion_queue_stages_custom_reason_cancel_and_real_consumer ... ok
2026-10-07T12:13:07.9471869Z test open_externally::outer_mime_mapping_reference_replay_saved_keys_delete_and_retired_children ... ok
2026-10-07T12:13:08.0772144Z test options_window::applied_session_backup_count_controls_the_next_save ... ok
2026-10-07T12:13:08.1652255Z test open_externally::options_routes_replay_qt_owned_choosers_cancel_order_apply_reopen_and_retirement ... ok
2026-10-07T12:13:08.4501828Z test options_window::cancelled_closing_options_and_stale_viewers_cannot_redirect_the_live_owner ... ok
2026-10-07T12:13:08.5657253Z Slint: long callback/instantiation chain detected
2026-10-07T12:13:08.7201786Z test options_window::banner_options_match_qt_drafts_and_refresh_cached_thumbnails_and_open_viewer ... ok
2026-10-07T12:13:08.9841522Z test options_window::command_palette_options_stage_queue_changes_and_persist_only_on_apply ... ok
2026-10-07T12:13:09.1413639Z test options_window::canvas_options_apply_to_the_open_viewer_and_cancel_discards_the_draft ... ok
2026-10-07T12:13:09.5462299Z test options_window::default_export_directory_browse_apply_cancel_and_manual_open_use_shared_preference ... ok
2026-10-07T12:13:09.7392471Z test options_window::cursor_timeout_reaches_native_motion_timer_focus_and_actual_popup_lifecycle ... ok
2026-10-07T12:13:09.9762331Z test options_window::default_local_location_child_draft_drives_blank_pages_and_tag_fallback ... ok
2026-10-07T12:13:10.0369657Z test options_window::default_search_service_option_changes_new_pages_and_missing_keys_fall_back ... ok
2026-10-07T12:13:10.0411589Z test options_window::eye_menu_mixed_root_boundaries_match_the_recorded_menu_and_real_declaration_order ... ok
2026-10-07T12:13:10.3840267Z test options_window::favourite_tags_child_replays_reference_and_waits_for_parent_apply ... ok
2026-10-07T12:13:10.8097751Z test options_window::files_trash_confirmations_are_staged_reopened_and_consumed ... ok
2026-10-07T12:13:11.0361608Z test options_window::closing_preferences_reach_frozen_page_selection_and_native_main_activation ... ok
2026-10-07T12:13:11.4891628Z test options_window::gui_identity_and_exit_confirmation_reach_the_main_window ... ok
2026-10-07T12:13:12.6482563Z test options_window::hash_prefix_option_reaches_selected_and_focused_clipboard_hashes ... ok
2026-10-07T12:13:14.2876773Z test options_window::hover_options_apply_to_actual_mouseover_panels_and_passive_index_text ... ok
2026-10-07T12:13:14.9689716Z test menu_choice_wheel::physical_media_order_changes_results_and_native_pointer_still_opens_and_chooses ... ok
2026-10-07T12:13:15.4031861Z test options_window::implicit_limit_options_reach_queries_and_limited_sort_refresh ... ok
2026-10-07T12:13:16.1871832Z test options_window::most_used_child_stages_each_service_cancels_descendants_and_persists_options ... ok
2026-10-07T12:13:16.4171748Z test options_window::notebook_focus_option_changes_the_next_tab_close ... ok
2026-10-07T12:13:16.6657781Z test options_window::options_remember_navigation_and_apply_search_placement ... ok
2026-10-07T12:13:17.5688434Z test options_window::hover_zoom_and_loop_options_reach_owned_viewers_and_survive_cancel_and_reopen ... ok
2026-10-07T12:13:18.8627605Z test options_window::pointer_options_change_real_drag_acceptance_and_cursor_transitions ... ok
2026-10-07T12:13:18.9161836Z test options_window::focus_options_reach_native_activity_and_actual_mouseover_gates ... ok
2026-10-07T12:13:19.1009984Z test options_window::regex_favourites_open_from_options_and_keep_parent_transaction ... ok
2026-10-07T12:13:19.2601412Z Slint: long callback/instantiation chain detected
2026-10-07T12:13:20.0061925Z test options_window::related_weight_drafts_cancel_reopen_and_re_rank_an_already_open_service_panel ... ok
2026-10-07T12:13:20.2214221Z test options_window::removed_default_service_falls_back_in_options_and_waits_for_apply ... ok
2026-10-07T12:13:20.7398555Z test options_window::read_list_sizes_and_float_policy_reach_rendered_new_pages ... ok
2026-10-07T12:13:21.0287911Z test options_window::search_defaults_apply_to_new_pages_and_the_real_autocomplete ... ok
2026-10-07T12:13:21.3501519Z test options_window::sleep_options_apply_to_the_network_consumer_and_cancel_drafts ... ok
2026-10-07T12:13:21.4674932Z test options_window::resize_and_seek_options_reach_the_native_viewer_geometry ... ok
2026-10-07T12:13:21.8945497Z test options_window::eye_menu_collapse_options_stage_reopen_and_rebuild_the_existing_browser_viewer ... ok
2026-10-07T12:13:21.9824856Z test options_window::subscription_failure_limit_options_replay_qt_values_apply_cancel_and_reopen ... ok
2026-10-07T12:13:22.0167181Z test options_window::subscription_concurrency_options_replay_bounds_parent_apply_cancel_and_reopen ... ok
2026-10-07T12:13:22.2036045Z test options_window::the_checker_options_buttons_edit_the_default_checker_options ... ok
2026-10-07T12:13:22.2251436Z test options_window::the_default_collect_is_chosen_as_a_pages_collect ... ok
2026-10-07T12:13:22.2524747Z test options_window::tag_dialog_service_dropdown_tracks_remember_checkbox_and_parent_transaction ... ok
2026-10-07T12:13:22.4268148Z test options_window::the_default_sorts_are_chosen_as_a_pages_sort ... ok
2026-10-07T12:13:22.4421508Z test options_window::the_default_tag_sorts_are_chosen ... ok
2026-10-07T12:13:22.6071629Z test options_window::the_options_window_applies_its_changes ... ok
2026-10-07T12:13:22.6382616Z test options_window::the_thumbnail_rating_options_redraw_the_grid ... ok
2026-10-07T12:13:23.0092179Z test options_window::the_thumbnails_border_and_margin_lay_out_the_grid ... ok
2026-10-07T12:13:23.1395452Z test options_window::thumbnails_take_the_size_the_options_give_them ... ok
2026-10-07T12:13:23.8892392Z test options_window::viewing_menu_preferences_apply_to_real_menu_lines_and_cancel_preserves_them ... ok
2026-10-07T12:13:24.0408104Z test or_connector::actual_options_raw_connector_preserves_live_or_label_colour_query_and_retired_owner ... ok
2026-10-07T12:13:24.2771866Z test page_navigation_options::applied_controls_reopen_and_drive_history_and_search_focus ... ok
2026-10-07T12:13:24.3609080Z test page_navigation_options::real_close_questions_cancel_and_undo_preserve_nested_trees_and_session_exemption ... ok
2026-10-07T12:13:24.5481736Z test options_window::viewing_timing_options_reach_real_viewer_and_archive_filter_lifetimes ... ok
2026-10-07T12:13:24.6971708Z test page_scroll::a_page_shown_again_is_scrolled_as_it_was_left ... ok
2026-10-07T12:13:24.7674759Z test parser_editors::canceled_stale_nested_windows_and_invalid_fields_never_overwrite ... ok
2026-10-07T12:13:25.1238169Z test parser_editors::content_test_panel_fetches_raw_data_and_hands_it_to_its_formula ... ok
2026-10-07T12:13:25.1844694Z test parser_editors::deletion_confirmation_is_modal_and_removes_only_its_snapshotted_keys ... ok
2026-10-07T12:13:25.5087267Z test page_chooser_options::checkbox_drafts_cancel_apply_reopen_and_choose_exact_reference_locations ... ok
2026-10-07T12:13:25.5552362Z test parser_editors::link_apply_rejects_a_class_changed_to_a_file_in_another_editor ... ok
2026-10-07T12:13:25.6302328Z test parser_editors::links_auto_fill_and_api_review_reproduce_reference_and_preserve_installed_consumers ... ok
2026-10-07T12:13:25.6843766Z test parser_editors::multiple_examples_restore_sources_and_propagate_converted_selected_child_data ... ok
2026-10-07T12:13:25.7340922Z test parser_editors::namespace_control_is_disabled_without_losing_its_saved_text ... ok
2026-10-07T12:13:25.9233361Z test parser_editors::native_page_content_apply_roundtrip_preserves_subsidiary_and_formula ... ok
2026-10-07T12:13:25.9822741Z test parser_editors::owned_parser_picker_and_clear_questions_replay_reference_and_reach_live_resolver ... ok
2026-10-07T12:13:26.0224126Z test options_window::passive_background_options_paint_independent_copies_behind_opaque_media ... ok
2026-10-07T12:13:26.7846906Z test page_navigation_options::switching_to_each_importer_focuses_its_actual_query_or_url_text_input ... ok
2026-10-07T12:13:26.8560102Z test parser_editors::recursive_formula_edits_reach_saved_page_parser_and_consumer ... ok
2026-10-07T12:13:27.0235425Z test parser_editors::recursive_subsidiary_creation_is_staged_and_owner_cancels_descendants ... ok
2026-10-07T12:13:27.0669744Z test parser_editors::reusable_content_kinds_remap_restricted_choices_and_preserve_login_context ... ok
2026-10-07T12:13:27.0906698Z test parser_editors::raw_content_preview_preserves_clipboard_context_and_detects_fetched_png_bytes ... ok
2026-10-07T12:13:27.1395803Z test parser_editors::sorted_parser_rows_and_sparse_link_rows_select_the_visible_definition ... ok
2026-10-07T12:13:27.1678321Z test parser_editors::subsidiary_edits_preserve_nested_page_identity_and_cancel_metadata_without_prompt ... ok
2026-10-07T12:13:27.2134992Z test parser_editors::subsidiary_export_uses_owned_reference_png_parameters_and_discards_stale_export ... ok
2026-10-07T12:13:27.3199713Z test parser_editors::subsidiary_queue_exchange_is_staged_preserves_wrappers_and_reaches_saved_parser ... ok
2026-10-07T12:13:27.3573534Z test parser_editors::subsidiary_separator_uses_converted_data_preserves_newlines_and_saves ... ok
2026-10-07T12:13:27.4051300Z test parser_editors::url_class_links_are_staged_cancel_safe_and_refresh_capability ... ok
2026-10-07T12:13:27.6911916Z test parser_editors::timestamp_content_has_only_source_choice_and_persists_real_parsed_metadata ... ok
2026-10-07T12:13:27.7927714Z test physical_delete_delay::actual_fields_cancel_raw_apply_reopen_hidden_retired_and_rebind_ownership ... ok
2026-10-07T12:13:28.0602119Z test parser_editors::fetched_page_examples_use_actual_network_headers_cookies_context_and_child_converter ... ok
2026-10-07T12:13:28.1932071Z test popup_freeze::real_options_cancel_reopen_concurrent_fields_hidden_and_retired_children_do_not_write ... ok
2026-10-07T12:13:28.3040164Z test popup_job_actions::accepted_close_and_rebinding_retire_queued_calls_even_with_retained_windows_and_bindings ... ok
2026-10-07T12:13:28.4811527Z test popup_job_actions::clipboard_and_repeatable_current_callable_reach_real_native_controls_and_store_effects ... ok
2026-10-07T12:13:28.5681727Z test popup_job_actions::cloned_bound_keeps_popup_actions_live_until_its_last_owner_drops ... ok
2026-10-07T12:13:29.1132369Z test popup_freeze::hidden_rebind_and_accepted_close_retire_ui_only_and_never_admit_to_a_successor ... ok
2026-10-07T12:13:29.1470966Z test parser_editors::page_fetch_error_menu_retains_completed_failure_and_clears_at_next_request ... ok
2026-10-07T12:13:29.2316228Z test popup_job_actions::removed_question_tokens_and_retired_producers_cannot_answer_successors ... ok
2026-10-07T12:13:29.4467805Z test popup_job_actions::yes_and_no_dismiss_the_popup_and_reach_the_retained_producer_once ... ok
2026-10-07T12:13:29.6846238Z test popup_job_actions::long_question_and_action_controls_render_with_fixed_and_narrow_popup_caps ... ok
2026-10-07T12:13:29.8672116Z test popup_freeze::queued_jobs_expire_and_change_under_frozen_cards_then_restore_and_live_false_resume ... ok
2026-10-07T12:13:30.2924442Z Slint: long callback/instantiation chain detected
2026-10-07T12:13:30.4612424Z test popups::popups_show_at_the_bottom_right_and_their_buttons_work ... ok
2026-10-07T12:13:30.5981453Z test predicate_editors::each_change_to_a_panel_makes_what_the_reference_s_makes ... ok
2026-10-07T12:13:30.7281598Z test predicate_editors::each_editor_is_the_reference_s ... ok
2026-10-07T12:13:30.7972681Z test popup_width::pending_eleventh_card_snapshots_on_admission_and_row_removal_keeps_old_policies ... ok
2026-10-07T12:13:30.9173947Z test predicate_editors::imported_predicate_defaults_reach_panels_and_reset_never_resurrects_legacy_values ... ok
2026-10-07T12:13:31.1341636Z test predicate_editors::native_viewtime_milliseconds_survive_accept_recent_reopen_and_cancel ... ok
2026-10-07T12:13:31.2550684Z test predicate_editors::panels_set_in_several_ways_make_what_the_reference_s_make ... ok
2026-10-07T12:13:31.4362614Z test predicate_editors::predicate_star_save_and_reset_survive_cancel_and_reach_future_searches ... ok
2026-10-07T12:13:31.5607315Z test predicate_editors::regex_star_save_is_immediate_but_acceptance_checks_and_viewtime_keeps_milliseconds ... ok
2026-10-07T12:13:31.6842819Z test predicate_editors::the_editor_window_adds_what_it_makes_to_the_search ... ok
2026-10-07T12:13:31.8315747Z test predicate_editors::the_editor_window_shows_what_trees_and_buttons_change ... ok
2026-10-07T12:13:31.9600991Z test predicate_editors::the_empty_search_box_offers_the_reference_s_system_predicates ... ok
2026-10-07T12:13:32.2229526Z test predicate_editors::more_suggestions_than_fit_scroll_rather_than_spill_over ... ok
2026-10-07T12:13:32.2281601Z test predicate_history::recorded_global_history_reaches_visible_locked_restored_and_empty_pages ... ok
2026-10-07T12:13:32.3810022Z test predicate_history::undo_retains_populated_locked_media_badge_and_raw_menu_labels ... ok
2026-10-07T12:13:32.7831800Z test preview_default_zoom::held_raster_acceptance_samples_saved_preview_policy_without_restart_or_prohibited_admission ... ok
2026-10-07T12:13:33.2522407Z test popup_width::options_cancel_apply_successor_stale_callbacks_and_real_popup_geometry ... ok
2026-10-07T12:13:33.3326232Z test preview_viewing::native_page_generation_same_file_restore_and_late_decode_cannot_publish_to_successor ... ok
2026-10-07T12:13:33.4096735Z Slint: long callback/instantiation chain detected
2026-10-07T12:13:33.4813476Z Slint: long callback/instantiation chain detected
2026-10-07T12:13:33.8551874Z test preview_viewing::native_preview_minimum_cap_before_minimum_none_limits_and_inactive_finish ... ok
2026-10-07T12:13:33.9496021Z Slint: long callback/instantiation chain detected
2026-10-07T12:13:34.1497176Z test preview_viewing::preview_display_replays_qt_page_splitter_active_clear_close_and_successor_ownership ... ok
2026-10-07T12:13:34.2832408Z Slint: long callback/instantiation chain detected
2026-10-07T12:13:34.3202019Z Slint: long callback/instantiation chain detected
2026-10-07T12:13:34.6994946Z Slint: long callback/instantiation chain detected
2026-10-07T12:13:34.8971871Z test preview_viewing::preview_workers_bound_slow_decodes_and_coalesce_the_latest_owned_target ... ok
2026-10-07T12:13:35.0174938Z test preview_viewing::preview_rejects_actual_reference_nonlocal_invalid_resolution_and_do_not_show_statuses ... ok
2026-10-07T12:13:35.0329239Z test preview_default_zoom::real_options_cancel_reopen_six_modes_paint_clipped_geometry_and_preserve_current_on_save ... ok
2026-10-07T12:13:35.0350784Z Slint: long callback/instantiation chain detected
2026-10-07T12:13:35.1587328Z Slint: long callback/instantiation chain detected
2026-10-07T12:13:35.3811092Z test preview_viewing::rejected_preview_decode_never_counts_a_thumbnail_selection_or_loading_placeholder ... ok
2026-10-07T12:13:35.4881609Z test quick_export_directory::actual_file_menu_replays_saved_paths_fallback_errors_cancel_and_reopen ... ok
2026-10-07T12:13:35.5513853Z test quick_export_directory::hidden_rebound_closed_and_reentrant_resolver_owners_cannot_launch_or_create ... ok
2026-10-07T12:13:36.2811580Z test preview_viewing::saved_preview_options_reach_open_display_duration_cap_cancel_and_confirmed_client_exit ... ok
2026-10-07T12:13:36.7222905Z test radio_return::actual_advanced_delete_action_reason_defaults_and_retained_owners_follow_live_policy ... ok
2026-10-07T12:13:36.7781863Z test radio_return::gui_options_cancel_hidden_stale_apply_save_reopen_and_live_existing_editor ... ok
2026-10-07T12:13:37.2045746Z test radio_return::unforced_parent_default_accepts_live_but_final_bound_retirement_is_permanent ... ok
2026-10-07T12:13:37.5016187Z test ratings::a_file_s_ratings_are_set_by_clicks ... ok
2026-10-07T12:13:37.5043842Z test ratings::clicks_along_stars_set_them_as_the_reference_s_do ... ok
2026-10-07T12:13:37.6112176Z test rating_sizes::sizes_replay_owned_options_and_reach_dialog_and_service_examples_after_reopen ... ok
2026-10-07T12:13:37.6831249Z test radio_return::all_recorded_filesize_hash_groups_accept_with_live_policy_and_preserve_multiline_consumption ... ok
2026-10-07T12:13:37.7334947Z test read_autocomplete::literal_parent_activation_children_removal_and_negative_restore_match_qt ... ok
2026-10-07T12:13:38.0652421Z test read_or::native_or_keys_replay_drafts_and_commit_real_query_without_saving_cancelled_terms ... ok
2026-10-07T12:13:38.1220160Z test read_autocomplete::real_page_tabs_apply_caps_keep_zero_count_descendants_and_restore_context ... ok
2026-10-07T12:13:38.3128043Z test recent_predicates::the_editor_window_keeps_and_shows_recent_predicates ... ok
2026-10-07T12:13:38.3247957Z test read_or::actual_basic_and_advanced_children_apply_cancel_reopen_and_reject_stale_owners ... ok
2026-10-07T12:13:38.3823493Z test regex_favourites::favourite_window_stages_advisory_invalid_rows_and_cancels_retained_handles ... ok
2026-10-07T12:13:38.4787333Z test regex_favourites::failed_last_conversion_write_keeps_the_child_and_parent_draft_open ... ok
2026-10-07T12:13:38.5443482Z test regex_favourites::last_conversion_child_acceptance_survives_parent_cancel_and_fresh_slots ... ok
2026-10-07T12:13:38.6463361Z test regex_favourites::matcher_favourite_popup_copies_refreshes_and_owns_persisted_management ... ok
2026-10-07T12:13:38.7091988Z test regex_favourites::matcher_favourites_manager_saves_global_choices_and_parent_cancel_closes_it ... ok
2026-10-07T12:13:38.7580465Z test regex_favourites::shared_regex_menus_copy_without_changing_text ... ok
2026-10-07T12:13:38.7770461Z test related_weight_table::owned_weight_headers_and_table_switches_replay_qt_without_changing_cancelled_settings ... ok
2026-10-07T12:13:38.8798511Z test read_or::system_children_gate_immediate_durable_actions_on_hidden_switched_and_locked_owners ... ok
2026-10-07T12:13:38.8821508Z test scanbar::configured_nub_width_seeks_the_recorded_animation_frames ... ok
2026-10-07T12:13:38.8841404Z test scanbar::the_bar_shows_and_seeks_as_the_reference_s_does ... ok
2026-10-07T12:13:38.9481528Z test scanbar::a_file_that_plays_seeks_by_its_bar_and_by_key ... ok
2026-10-07T12:13:39.0113936Z test search_domains::new_search_pages_search_the_default_tag_service ... ok
2026-10-07T12:13:39.0901198Z test search_domains::the_domain_buttons_are_the_references ... ok
2026-10-07T12:13:39.1509023Z test regex_options_editor::real_options_saved_input_chooser_crud_cancel_apply_and_retired_owners_match_qt ... ok
2026-10-07T12:13:39.1761597Z test search_domains::the_domain_buttons_change_what_the_page_searches ... ok
2026-10-07T12:13:39.3022142Z test search_lock::a_saved_session_keeps_the_lock ... ok
2026-10-07T12:13:39.3352548Z test search_lock::locking_a_search_asks_first ... ok
2026-10-07T12:13:39.3691113Z test search_lock::a_page_opened_on_files_is_locked_to_them ... ok
2026-10-07T12:13:39.4764342Z test search_lock::the_open_menu_s_pages_are_the_reference_s ... ok
2026-10-07T12:13:39.5161653Z test search_log::exchange_confirmations_png_objects_and_owner_cancel_reach_the_persisted_queue ... ok
2026-10-07T12:13:39.5981240Z test search_log::the_search_log_lists_a_queues_pages_and_acts_on_them ... ok
2026-10-07T12:13:39.6241440Z test search_page::predicates_are_entered_as_the_reference_s_list_takes_them ... ok
2026-10-07T12:13:39.7097993Z Slint: long callback/instantiation chain detected
2026-10-07T12:13:39.7156667Z test search_page::system_predicate_counts_are_for_the_page_s_file_domain ... ok
2026-10-07T12:13:39.7667945Z test search_page::tags_are_shown_as_the_user_has_them_shown ... ok
2026-10-07T12:13:39.9157998Z Slint: long callback/instantiation chain detected
2026-10-07T12:13:39.9253899Z Slint: long callback/instantiation chain detected
2026-10-07T12:13:39.9503857Z Slint: long callback/instantiation chain detected
2026-10-07T12:13:39.9811229Z test selected_deletion_records::hidden_stale_page_rebound_and_accepted_exit_cannot_clear_captured_records ... ok
2026-10-07T12:13:40.1315855Z test selected_deletion_records::actual_menu_and_answer_replay_clear_only_captured_records_and_enable_reimport ... ok
2026-10-07T12:13:40.1833289Z test selected_deletion_records::tab_roundtrip_permanently_invalidates_menu_and_answer_and_advanced_child_blocks_dispatch ... ok
2026-10-07T12:13:40.3661586Z test services_editor::deleting_relation_source_refreshes_open_viewer_and_locked_selection ... ok
2026-10-07T12:13:40.6792859Z test popup_width::real_cards_follow_qt_min_max_fixed_gauge_and_wrapped_text_boundaries ... ok
2026-10-07T12:13:40.8851505Z test services_editor::one_star_rating_preview_replays_four_samples_and_preserves_saved_normalization ... ok
2026-10-07T12:13:40.9003958Z test search_page::a_search_page_finds_files_and_shows_their_thumbnails ... ok
2026-10-07T12:13:41.1460993Z test services_review::deleted_record_review_needs_both_answers_and_reopens_with_import_consumer_changed ... ok
2026-10-07T12:13:41.1761547Z test services_editor::staged_rating_config_applies_and_cancel_writes_nothing ... ok
2026-10-07T12:13:41.3698905Z test services_review::replacing_review_cancels_pending_deleted_clear_and_retained_owner_cannot_write ... ok
2026-10-07T12:13:41.5751712Z test services_review::services_menu_opens_review_and_refreshes ... ok
2026-10-07T12:13:41.8111854Z test services_editor::live_rating_examples_stage_only_configuration_and_retire_cancelled_owners ... ok
2026-10-07T12:13:41.8451656Z test session::a_double_click_on_a_tab_rows_empty_space_chooses_a_page_for_it ... ok
2026-10-07T12:13:41.8500504Z test services_review::local_bulk_review_replays_confirmations_store_changes_and_reopens ... ok
2026-10-07T12:13:42.0189016Z test session::a_saved_session_appends_as_a_page_of_pages ... ok
2026-10-07T12:13:42.0458479Z test session::a_local_import_page_shows_and_controls_its_import ... ok
2026-10-07T12:13:42.0636636Z test session::a_gallery_downloader_page_shows_and_controls_its_searches ... ok
2026-10-07T12:13:42.2501331Z test session::bulk_tab_close_matches_reference_and_undo_restores_nested_positions ... ok
2026-10-07T12:13:42.2650858Z test session::a_url_downloader_page_shows_and_controls_its_queue ... ok
2026-10-07T12:13:42.3124736Z test session::a_watcher_downloader_page_shows_and_controls_its_watchers ... ok
2026-10-07T12:13:42.4252364Z test session::collapse_empty_nested_notebook_has_no_hash_lock_and_one_replacement ... ok
2026-10-07T12:13:42.4658811Z test session::chooser_new_notebook_name_preference_matches_reference_and_persists ... ok
2026-10-07T12:13:42.4773027Z test session::downloader_backup_and_freshest_load_survive_source_queue_deletion ... ok
2026-10-07T12:13:42.6611799Z test session::historical_session_append_restores_independent_tree_files_and_selection ... ok
2026-10-07T12:13:42.6835949Z test session::pages_open_and_close_as_the_reference_does ... ok
2026-10-07T12:13:42.8027159Z test session::queues_of_pages_left_closed_go_when_the_client_opens ... ok
2026-10-07T12:13:42.8951463Z test session::duplicate_and_collapse_menus_replay_real_ordered_media_and_cancellation ... ok
2026-10-07T12:13:42.9121341Z test session::rename_tab_uses_frozen_key_and_cancellation_preserves_name ... ok
2026-10-07T12:13:43.0217118Z test session::send_down_keeps_nested_selection_and_open_search_objects ... ok
2026-10-07T12:13:43.0641662Z test session::tab_close_focus_settings_and_context_navigation_reach_consumers ... ok
2026-10-07T12:13:43.1359988Z test session::tab_menu_pages_lists_the_clicked_notebooks_media_pages_as_the_reference_does ... ok
2026-10-07T12:13:43.2525995Z test session::tab_reordering_keeps_nested_notebooks_and_shown_leaf ... ok
2026-10-07T12:13:43.2551200Z test session::send_down_and_rename_prompts_match_reference_including_cancellation ... ok
2026-10-07T12:13:43.2779669Z test session::tab_popup_bulk_close_cancellation_and_acceptance_are_wired ... ok
2026-10-07T12:13:43.4409094Z test session::tab_size_sort_sums_open_nested_media_and_keeps_stable_ties ... ok
2026-10-07T12:13:43.4703084Z Slint: long callback/instantiation chain detected
2026-10-07T12:13:43.5337417Z test session::the_pages_are_kept_for_the_client_api_and_do_what_it_asks ... ok
2026-10-07T12:13:43.5338542Z test session_autosave::application_focus_observer_preserves_transient_none_and_identifies_other_windows ... ok
2026-10-07T12:13:43.7684419Z test session_autosave::applied_idle_and_period_controls_drive_real_archives_with_unchanged_suppression ... ok
2026-10-07T12:13:43.9021788Z test session_autosave::actual_key_and_pointer_events_reset_idle_and_other_startup_stops_autosave ... ok
2026-10-07T12:13:44.0161558Z test session::the_last_session_opens_as_it_was_left ... ok
2026-10-07T12:13:44.0162677Z test session_autosave::native_focus_registry_delivers_to_owned_callback_once_and_releases_dead_viewers ... ok
2026-10-07T12:13:44.0230743Z test session_autosave::auxiliary_native_window_events_reset_only_input_idle_and_preserve_autosave_retry ... ok
2026-10-07T12:13:44.1818432Z test session_autosave::non_page_api_activity_marker_drives_idle_retry_and_expiry_after_reopen ... ok
2026-10-07T12:13:44.1910744Z test session_startup::bad_shutdown_recovery_replays_real_yes_no_close_timeout_and_blank_bypasses ... ok
2026-10-07T12:13:44.3315758Z test session_startup::recovery_keeps_displayed_name_if_preferences_change_and_clean_startup_skips_question ... ok
2026-10-07T12:13:44.3317110Z test session_autosave::applied_size_warning_creates_exact_popup_once_and_resets_only_at_new_boot ... ok
2026-10-07T12:13:44.3343079Z test session_startup::running_marker_survives_interrupted_boot_and_clears_only_explicit_clean_finish ... ok
2026-10-07T12:13:44.3500514Z test session_startup::named_startup_restores_ordered_media_selection_and_independent_importer_snapshot ... ok
2026-10-07T12:13:44.5263900Z test set_password::actual_password_dialogs_persist_the_six_recorded_outcomes ... ok
2026-10-07T12:13:44.5801270Z test session_startup::startup_replays_real_blank_missing_last_and_named_trees_and_initial_schedule ... ok
2026-10-07T12:13:44.6152101Z test set_password::cancelled_and_closed_password_owners_cannot_clear_or_replace_the_lock ... ok
2026-10-07T12:13:44.6500817Z test session_startup::startup_dropdown_cancels_invalid_choice_and_applies_frozen_named_session_selection ... ok
2026-10-07T12:13:44.6731541Z test set_password::hidden_replaced_and_dropped_password_slots_cannot_mutate_a_successor ... ok
2026-10-07T12:13:44.8451867Z test shortcut_capture::accepted_main_close_retires_saved_shortcuts_even_after_show_and_fresh_binding_reopens ... ok
2026-10-07T12:13:44.8481518Z test shortcut_capture::raw_backend_key_location_and_modifier_identity_reach_the_same_capture_contract ... ok
2026-10-07T12:13:44.8979730Z test shortcut_capture::command_and_set_cancel_reject_stale_children_and_preserve_successor_drafts ... ok
2026-10-07T12:13:45.1622048Z test shortcut_capture::saved_mouse_and_keyboard_captures_feed_existing_viewer_navigation_and_guard_closed_owners ... ok
2026-10-07T12:13:45.2038962Z test shortcut_capture::keyboard_capture_applies_through_owned_set_then_options_and_saved_main_executor ... ok
2026-10-07T12:13:45.3471448Z Slint: long callback/instantiation chain detected
2026-10-07T12:13:45.8507748Z test sibling_connector::persisted_custom_empty_and_unicode_connectors_render_without_changing_tags ... ok
2026-10-07T12:13:46.2222726Z test sidebar_context_cogs::default_collect_cog_stages_cancels_reopens_and_rejects_retired_menu_actions ... ok
2026-10-07T12:13:46.2902018Z test services_editor::numerical_examples_drag_and_fraction_text_use_the_whole_widget_hit_area ... ok
2026-10-07T12:13:46.3822667Z Slint: long callback/instantiation chain detected
2026-10-07T12:13:46.8900677Z test sibling_colours::options_cancel_retired_apply_reopen_and_all_segmented_native_consumers ... ok
2026-10-07T12:13:46.9241464Z Slint: long callback/instantiation chain detected
2026-10-07T12:13:47.0831563Z test sidebar_context_cogs::sidebar_actions_replay_all_service_display_and_unmatched_media_outputs ... ok
2026-10-07T12:13:47.8631709Z test sidebar_layout::live_hide_setting_keeps_accepted_preview_refuses_replacements_and_collapse_retains_selection ... ok
2026-10-07T12:13:48.7051676Z test sidebar_layout::rebind_retires_preview_under_predecessor_splitter_before_successor_hides_it ... ok
2026-10-07T12:13:48.9502783Z test sidecars::a_routers_processing_is_edited_in_the_string_processor_editor ... ok
2026-10-07T12:13:49.1002110Z test sidecars::a_sidecars_filename_conversion_is_edited_in_the_converter_editor ... ok
2026-10-07T12:13:49.2347902Z test sidecars::an_export_folders_sidecars_come_from_the_templates ... ok
2026-10-07T12:13:49.4391714Z test sidecars::an_import_folders_sidecars_are_edited_and_written ... ok
2026-10-07T12:13:49.5551803Z test sidecars::closing_manual_export_discards_its_pending_router_exchange ... ok
2026-10-07T12:13:49.5741368Z test sidecars::date_conversion_fields_preview_and_cancel_reach_the_converter ... ok
2026-10-07T12:13:50.3051457Z test sidecars::export_folder_query_examples_refresh_media_and_reach_source_children ... ok
2026-10-07T12:13:50.4999411Z test sidecars::json_object_names_use_staged_text_children_and_saved_router_worker ... ok
2026-10-07T12:13:50.6231452Z test sidecars::processing_exchange_reviews_append_and_parent_cancel_invalidates_children ... ok
2026-10-07T12:13:50.8543129Z test sidecars::router_examples_follow_reference_source_tabs_and_processor_children_without_exports ... ok
2026-10-07T12:13:50.9741884Z test sidecars::router_import_child_obeys_hidden_cancel_replacement_and_dropped_owner ... ok
2026-10-07T12:13:51.2368900Z test sidecars::router_import_replays_permitted_subsets_and_ordered_png_failures ... ok
2026-10-07T12:13:51.4121898Z test sidecars::router_png_child_has_recorded_parameters_and_closes_with_its_queue_owner ... ok
2026-10-07T12:13:51.6183497Z test sidecars::router_queue_exchange_is_staged_context_checked_and_reaches_manual_export ... ok
2026-10-07T12:13:51.9063480Z test simple_downloader::a_simple_downloader_page_queues_pages_with_its_formula ... ok
2026-10-07T12:13:52.7083045Z test slideshow::a_slideshow_moving_on_leaves_the_menu_and_questions_with_their_file ... ok
2026-10-07T12:13:53.6106510Z test sidebar_layout::pressed_old_handle_cannot_resize_same_key_successor_binding_or_same_session_reload ... ok
2026-10-07T12:13:53.6269598Z test slideshow::files_with_durations_bend_the_period_as_the_reference_s ... ok
2026-10-07T12:13:53.6394797Z test slideshow::the_slideshow_menu_is_the_reference_s ... ok
2026-10-07T12:13:53.7992893Z test sidebar_context_cogs::actual_tag_display_menu_changes_modes_captures_checks_and_rejects_retired_view_actions ... ok
2026-10-07T12:13:53.9131756Z test status_bar::a_search_page_says_why_it_is_empty ... ok
2026-10-07T12:13:55.1437707Z test status_bar::the_main_window_says_what_the_network_has_read_and_what_is_paused ... ok
2026-10-07T12:13:55.2785879Z test status_bar::the_status_bar_is_the_reference_s ... ok
2026-10-07T12:13:55.2797795Z test still::rendering_cuts_out_the_part_and_resizes_it ... ok
2026-10-07T12:13:55.2799198Z test still::the_part_showing_is_resized_to_the_pixels_it_covers ... ok
2026-10-07T12:13:55.4425653Z test subscriptions::actual_subscription_list_transport_choices_dispatch_frozen_packages_and_guard_owners ... ok
2026-10-07T12:13:55.5380667Z test slideshow::a_slideshow_runs_in_the_viewer_from_its_menu ... ok
2026-10-07T12:13:55.7241648Z test subscriptions::closing_subscription_merge_owner_discards_pending_and_completed_drafts ... ok
2026-10-07T12:13:55.9451429Z test subscriptions::add_uses_a_separate_gallery_list_then_the_editor ... ok
2026-10-07T12:13:56.1186957Z test subscriptions::direct_import_picker_and_pending_notices_are_invalid_after_owner_cancel ... ok
2026-10-07T12:13:56.2868905Z test subscriptions::direct_missing_history_acceptance_uses_empty_owned_queues_and_dismissal_continues ... ok
2026-10-07T12:13:56.5608002Z test subscriptions::favourites_load_selected_subscriptions_and_custom_overwrite_obeys_owner_lifetime ... ok
2026-10-07T12:13:56.6974763Z test sort_cog::owned_cogs_stage_cancel_reopen_and_feed_independent_default_and_fallback_keys ... ok
2026-10-07T12:13:56.8643814Z test subscriptions::full_subscription_exchange_is_staged_cancellable_and_reopens_with_complete_histories ... ok
2026-10-07T12:13:57.0291337Z test subscriptions::merging_separating_and_resetting_are_written_on_apply ... ok
2026-10-07T12:13:57.1161726Z test subscriptions::legacy_subscription_clipboard_import_reaches_saved_query_settings_and_full_histories ... ok
2026-10-07T12:13:57.2202782Z test subscriptions::subscription_exchange_file_menus_load_selected_packages_and_cancel_invalid_batches ... ok
2026-10-07T12:13:57.3991637Z test subscriptions::subscription_missing_history_asks_original_question_before_staging_or_persisting ... ok
2026-10-07T12:13:57.6582202Z test subscriptions::subscription_option_clipboard_edits_stay_staged_and_closed_owners_cannot_apply ... ok
2026-10-07T12:13:57.6721387Z test subscriptions::direct_import_menus_replay_qt_type_warnings_file_prefixes_and_missing_rejection ... ok
2026-10-07T12:13:57.8562583Z test subscriptions::the_dialog_lists_the_subscriptions_and_changes_them_on_apply ... ok
2026-10-07T12:13:58.1425366Z test subscriptions_dedupe::duplicate_queries_are_deduplicated_and_written_on_apply ... ok
2026-10-07T12:13:58.2622407Z test subscriptions::subscription_reset_and_retries_refresh_persisted_export_caches_and_forget_file_hashes ... ok
2026-10-07T12:13:58.3301822Z test subscriptions_duplicate::a_duplicate_is_written_with_its_file_logs ... ok
2026-10-07T12:13:58.4171006Z test subscriptions_separate::some_queries_are_separated_and_written_on_apply ... ok
2026-10-07T12:13:59.1793334Z test system_or_activation::actual_main_and_basic_system_acceptance_preserves_shift_and_reaches_consumers ... ok
2026-10-07T12:13:59.2265098Z test subscriptions::subscription_merge_stages_all_groups_and_preserves_query_histories ... ok
2026-10-07T12:13:59.6295397Z test sidebar_layout::real_drag_menu_saved_defaults_per_page_reopen_restore_options_and_exit_ownership ... ok
2026-10-07T12:14:00.2129528Z test tab_drag::real_wheel_replays_qt_selection_and_staged_scroll_overflow_without_changing_session ... ok
2026-10-07T12:14:03.6332879Z test tab_presentation::selected_glyph_measurement_triggers_elision_at_the_actual_near_fit_boundary ... ok
2026-10-07T12:14:03.9171983Z test tag_dialog_defaults::remembered_tag_service_survives_native_cancel_without_saving_staged_tags ... ok
2026-10-07T12:14:04.1471728Z test tag_dialog_preferences::expanded_parent_rows_keep_colour_and_activate_their_originating_tag ... ok
2026-10-07T12:14:05.8477544Z test tag_dialog_preferences::options_apply_cancel_reopen_and_rendered_tag_service_topologies ... ok
2026-10-07T12:14:06.3171637Z test tag_display::dialogs_cancel_nested_editors_persist_and_refresh_locked_pages_and_viewer ... ok
2026-10-07T12:14:06.3732651Z test tag_filter_favourites::blacklist_extra_panels_and_all_four_paste_controls_follow_the_recording ... ok
2026-10-07T12:14:06.5331896Z test tag_filter_favourites::shared_favourites_exchange_and_cancel_preserve_the_owner_and_persist_on_reopen ... ok
2026-10-07T12:14:07.7609405Z test tab_presentation::apply_cancel_reopen_and_four_sides_preserve_real_nested_selection_and_full_names ... ok
2026-10-07T12:14:07.9669372Z test tag_list_display_types::sidebar_and_viewer_opening_modes_are_independent_after_gui_apply ... ok
2026-10-07T12:14:08.1311893Z test tag_migration::an_open_filter_child_cannot_broaden_a_confirmed_delete ... ok
2026-10-07T12:14:08.2882014Z test tag_list_display_types::options_apply_cancel_new_sidebar_and_viewer_replay_raw_display_and_filters ... ok
2026-10-07T12:14:08.3927706Z test tag_migration::archive_controls_inspect_reject_wrong_pair_types_and_freeze_confirmed_paths ... ok
2026-10-07T12:14:08.4889569Z test tag_migration::cancellation_allows_immediate_popup_dismissal_then_publishes_cleanup ... ok
2026-10-07T12:14:08.5965901Z test tag_migration::closing_settings_retains_the_published_job_until_completion ... ok
2026-10-07T12:14:08.7307445Z test tag_migration::global_tags_menu_opens_unrestricted_migration_and_can_reopen_after_cancel ... ok
2026-10-07T12:14:09.0133994Z test tag_migration::manage_tags_launches_selected_scope_and_refreshes_after_background_delete ... ok
2026-10-07T12:14:09.0337523Z test tag_migration::progress_popup_renders_the_recorded_paused_state ... ok
2026-10-07T12:14:09.1741092Z test tag_migration::service_review_opens_migration_with_reference_questions_and_renders ... ok
2026-10-07T12:14:09.5688651Z test tag_namespace_order::hidden_stale_rebound_and_accepted_close_children_cannot_stage_or_save ... ok
2026-10-07T12:14:10.2475589Z test tag_namespace_order::real_queue_matches_all_reference_prompts_and_parent_transactions ... ok
2026-10-07T12:14:10.4252903Z test tag_namespace_order::saved_order_reaches_the_real_sidebar_tag_sort ... ok
2026-10-07T12:14:10.5101739Z test tab_presentation::recorded_hide_gate_retains_live_hierarchy_access_and_elision_changes_actual_paint ... ok
2026-10-07T12:14:10.8353553Z test tag_relationships::dialogs_stage_cancel_apply_questions_and_update_display ... ok
2026-10-07T12:14:11.0609231Z test thumbnail_appearance::browse_uses_typed_draft_seed_and_hidden_appearance_controls_cannot_stage ... ok
2026-10-07T12:14:11.3498837Z test thumbnail_appearance::default_new_page_small_nonuniform_background_has_exact_unscaled_extent_on_resize ... ok
2026-10-07T12:14:11.4170195Z test thumbnail_appearance::blurhash_real_metadata_default_invalid_disable_and_owned_cache_policy ... ok
2026-10-07T12:14:11.7384421Z test thumbnail_appearance::old_page_cached_scroll_revisit_is_instant_and_fresh_decode_rearms_fade ... ok
2026-10-07T12:14:11.9090659Z test thumbnail_appearance::exit_cancel_preserves_nonempty_background_and_accepted_exit_permanently_clears_it ... ok
2026-10-07T12:14:12.0871938Z test tag_migration::completed_popup_remains_visible_until_past_its_three_second_deadline ... ok
2026-10-07T12:14:12.2197042Z test thumbnail_appearance::qt_marker_background_has_exact_extent_in_old_and_default_new_owners ... ok
2026-10-07T12:14:12.5491974Z test thumbnail_appearance::staged_browse_cancel_apply_new_page_policy_and_permanent_owner_retirement ... ok
2026-10-07T12:14:12.5661491Z test thumbnail_appearance::real_main_selection_whole_cell_render_midpoint_finish_hide_and_retire ... ok
2026-10-07T12:14:12.6651803Z test thumbnail_appearance::whole_cell_snapshots_exact_default_threshold_interruptions_and_cached_revisit ... ok
2026-10-07T12:14:12.8301542Z test thumbnail_icons::a_collection_s_banners_say_what_all_its_files_do ... ok
2026-10-07T12:14:12.9541774Z test thumbnail_icons::the_banners_are_the_references ... ok
2026-10-07T12:14:12.9708351Z test thumbnail_appearance::unscaled_background_clips_oversized_pixels_and_stays_fixed_on_scroll_and_clear ... ok
2026-10-07T12:14:13.0961300Z test thumbnail_icons::the_banners_obey_the_single_file_tag_display_filter ... ok
2026-10-07T12:14:13.1022530Z test thumbnail_icons::the_banners_show_pending_tags ... ok
2026-10-07T12:14:13.2421694Z test thumbnail_icons::the_icons_are_the_references ... ok
2026-10-07T12:14:13.2672675Z test thumbnail_icons::the_grid_draws_each_thumbnail_s_icons ... ok
2026-10-07T12:14:13.4737619Z test thumbnail_menu::the_menu_is_the_reference_s ... ok
2026-10-07T12:14:13.6389565Z test thumbnail_menu::the_urls_menu_opens_pages_of_a_url_and_asks_before_opening_several ... ok
2026-10-07T12:14:13.7131605Z test thumbnail_menu::a_right_click_shows_the_menu_and_its_entries_act ... ok
2026-10-07T12:14:13.7761602Z Slint: long callback/instantiation chain detected
2026-10-07T12:14:13.8680212Z test thumbnail_preview_selection::live_store_collection_gate_uses_all_members_and_preserves_zero_duration_distinction ... ok
2026-10-07T12:14:14.0051909Z Slint: long callback/instantiation chain detected
2026-10-07T12:14:14.7411623Z test thumbnail_cache::staged_exact_byte_units_timeout_policy_clear_reopen_and_incarnation_retirement ... ok
2026-10-07T12:14:14.9786069Z test thumbnail_ratings::the_grid_draws_each_thumbnail_s_ratings ... ok
2026-10-07T12:14:15.1244949Z test thumbnail_ratings::the_grid_draws_ratings_as_the_options_say ... ok
2026-10-07T12:14:25.4511680Z test tab_drag::real_pointer_drag_replays_shift_chase_hover_transfer_disable_and_cancel_with_ordered_media ... ok
2026-10-07T12:14:26.1911642Z test thumbnail_selection::several_thumbnails_are_selected_and_acted_on ... ok
2026-10-07T12:14:26.1944764Z test thumbnail_preview_selection::staged_controls_reach_pointer_range_key_preview_and_permanent_owner_retirement ... ok
2026-10-07T12:14:26.2161613Z test unlock::only_the_password_unlocks_the_client ... ok
2026-10-07T12:14:26.3891796Z test unselected_tag_cap::changing_sort_recomputes_the_capped_prefix ... ok
2026-10-07T12:14:27.3348096Z test viewer_drag::actual_pointer_drags_replay_qt_and_options_refresh_cancel_and_reopen ... ok
2026-10-07T12:14:28.4436622Z test viewer_drag::two_visible_viewers_read_saved_preferences_and_keep_independent_live_lifetimes ... ok
2026-10-07T12:14:28.7281688Z test viewer_menu::a_right_click_shows_the_viewer_s_menu_and_its_entries_act ... ok
2026-10-07T12:14:28.8822404Z test viewer_menu::the_viewer_s_menu_is_the_reference_s ... ok
2026-10-07T12:14:29.2384376Z test unselected_tag_cap::real_options_apply_cancel_reopen_counts_sorted_items_and_uncapped_selection ... ok
2026-10-07T12:14:29.4976647Z test viewer_prefetch::archive_delete_uses_saved_neighbour_counts_and_retains_current_media_after_warm_readiness ... ok
2026-10-07T12:14:29.6921697Z test viewer_prefetch::actual_duplicate_filter_uses_the_same_saved_percentage_for_future_images_without_replacing_current ... ok
2026-10-07T12:14:30.2202736Z test viewer_prefetch::options_cancel_hidden_modal_save_reopen_and_live_hidden_viewer_warming_leave_current_pixels_unchanged ... ok
2026-10-07T12:14:30.4400611Z test viewer_top_frame::the_viewer_s_top_hover_frame ... ok
2026-10-07T12:14:30.5754557Z test viewer_window::closing_an_older_viewer_releases_its_canvas_without_closing_its_successor ... ok
2026-10-07T12:14:30.6821491Z test thumbnail_selection::borders_and_margins_lay_the_grid_out ... ok
2026-10-07T12:14:30.7611421Z test viewer_window::the_viewer_opens_fullscreen_and_f_switches ... ok
2026-10-07T12:14:30.8035201Z test viewing_maintenance::closing_and_dropping_the_question_releases_its_timer_owner ... ok
2026-10-07T12:14:30.9851864Z test viewer_window::the_viewer_s_browsing_shortcuts ... ok
2026-10-07T12:14:30.9982906Z test viewing_maintenance::real_menu_clear_and_cull_read_live_rules_preserve_declines_and_reopen ... ok
2026-10-07T12:14:31.0466748Z test viewing_maintenance::retired_hidden_and_successor_owners_cannot_clear_or_cull_current_records ... ok
2026-10-07T12:14:31.2035208Z test watcher_checker::the_watcher_pages_checker_options_buttons ... ok
2026-10-07T12:14:31.2535595Z test volume::the_viewer_s_volume_control ... ok
2026-10-07T12:14:31.4041263Z test write_autocomplete::batch_context_menu_copies_and_launches_real_and_or_each_and_duplicate_pages ... ok
2026-10-07T12:14:31.4812007Z test write_autocomplete::detached_write_tag_child_commits_once_and_discards_closed_owner_answers ... ok
2026-10-07T12:14:31.7821844Z test write_autocomplete::favourite_children_tabs_and_applied_cap_feed_manage_tags_and_import_tag_child ... ok
2026-10-07T12:14:31.9145596Z test viewer_tag_wheel::long_tag_hover_scrolls_before_policy_gated_real_navigation_and_zoom ... ok
2026-10-07T12:14:31.9279950Z test write_autocomplete::import_whitelist_child_unlocks_on_cancel_and_closes_with_its_parent ... ok
2026-10-07T12:14:32.2035487Z test write_autocomplete::normal_paste_replays_cursor_selection_and_accepted_tags_preserve_the_draft ... ok
2026-10-07T12:14:32.4271484Z test write_autocomplete::keyboard_result_selection_copy_and_native_text_copy_use_their_own_focus ... ok
2026-10-07T12:14:32.4950123Z test write_autocomplete::paste_confirmation_skip_and_list_height_are_consumed_by_manage_tags ... ok
2026-10-07T12:14:32.6082581Z test write_autocomplete::regeneration_question_repairs_counts_only_on_yes_and_invalidates_on_cancel ... ok
2026-10-07T12:14:32.6890031Z test write_autocomplete::relationship_autocomplete_preserves_service_drafts_and_cancels_paste_with_owner ... ok
2026-10-07T12:14:32.7821717Z test window_rescue::staged_options_cancel_reopen_and_live_owned_opening_consumer_match_qt ... ok
2026-10-07T12:14:32.9292762Z test write_autocomplete::shared_tag_menu_favourites_questions_copy_launch_and_owner_lifetime ... ok
2026-10-07T12:14:33.0161855Z test write_autocomplete::selected_batches_stage_in_shared_dialogs_and_closed_owners_ignore_callbacks ... ok
2026-10-07T12:14:33.1000830Z test write_autocomplete::tag_menu_launches_native_search_and_duplicate_pages_with_recorded_predicates ... ok
2026-10-07T12:14:33.1019522Z test zoom::a_file_dragged_away_is_rescued_when_zoomed ... ok
2026-10-07T12:14:33.1021276Z test zoom::configurable_top_hover_zoom_cycles_match_real_qt_positions ... ok
2026-10-07T12:14:33.1025522Z test zoom::resizing_preserves_or_recenters_the_recorded_zoom_and_pan ... ok
2026-10-07T12:14:33.1041310Z test zoom::switching_files_keeps_the_zoom_as_the_duplicate_filter_does ... ok
2026-10-07T12:14:33.1069255Z test write_autocomplete::replacement_history_replays_real_keys_typing_undo_redo_and_independent_owners ... ok
2026-10-07T12:14:33.1070706Z test zoom::video_renders_at_the_size_shown_up_to_twice_the_window ... ok
2026-10-07T12:14:33.1083238Z test zoom::zooming_steps_about_the_pointer_and_switches ... ok
2026-10-07T12:14:33.1093692Z test zoom::zooming_to_max_is_as_the_reference_s ... ok
2026-10-07T12:14:33.1119367Z test zoom::zooms_follow_the_settings ... ok
2026-10-07T12:14:33.1601961Z test write_autocomplete::write_domain_buttons_query_counts_and_own_cancelled_location_child ... ok
2026-10-07T12:14:33.4185195Z test zoom::the_viewer_and_the_archive_delete_filter_zoom_and_pan ... ok
2026-10-07T12:14:39.1421977Z test thumbnail_navigation::owned_options_replay_cancel_save_reopen_and_real_keyboard_wheel_consumers ... ok
2026-10-07T12:14:39.1422626Z 
2026-10-07T12:14:39.1423301Z test result: ok. 710 passed; 0 failed; 0 ignored; 0 measured; 0 filtered out; finished in 178.19s
2026-10-07T12:14:39.1423606Z 
2026-10-07T12:14:39.1961285Z [1m[92m     Running[0m unittests src/lib.rs (target/debug/deps/hydrus_gui_model-853ad77814c06543)
2026-10-07T12:14:39.1978502Z 
2026-10-07T12:14:39.1978667Z running 39 tests
2026-10-07T12:14:39.1981580Z test duplicate_filter::tests::deletion_reasons_read_as_the_reference_writes_them ... ok
2026-10-07T12:14:39.1984151Z test favourites::tests::names_are_made_unique_as_the_reference_makes_them ... ok
2026-10-07T12:14:39.1985137Z test list_selection::tests::a_selection_follows_its_items ... ok
2026-10-07T12:14:39.1987937Z test list_selection::tests::clicks_select_as_qt_s_extended_selection ... ok
2026-10-07T12:14:39.1988691Z test main_menu::tests::a_disabled_menu_does_not_open ... ok
2026-10-07T12:14:39.1989422Z test main_menu::tests::entries_hydrus_rs_cannot_do_are_not_usable ... ok
2026-10-07T12:14:39.1990257Z test main_menu::tests::advanced_mode_offers_to_nudge_subscriptions ... ok
2026-10-07T12:14:39.1991258Z test main_menu::tests::clicking_an_entry_chooses_it_unless_it_cannot_be ... ok
2026-10-07T12:14:39.1991929Z test main_menu::tests::hovering_opens_submenus_beside_their_entries ... ok
2026-10-07T12:14:39.1992538Z test main_menu::tests::keys_move_through_the_menus ... ok
2026-10-07T12:14:39.1993119Z test main_menu::tests::mnemonics_open_the_bar_s_menus ... ok
2026-10-07T12:14:39.1993748Z test main_menu::tests::closed_pages_are_offered_latest_first ... ok
2026-10-07T12:14:39.1994352Z test main_menu::tests::separators_show_as_qt_shows_them ... ok
2026-10-07T12:14:39.1994968Z test main_menu::tests::several_folders_get_a_check_all_and_one_does_not ... ok
2026-10-07T12:14:39.1995647Z test main_menu::tests::saved_sessions_of_its_own_can_be_saved_over_and_deleted ... ok
2026-10-07T12:14:39.1996438Z test main_menu::tests::the_history_is_numbered_latest_first_and_kept_to_twenty ... ok
2026-10-07T12:14:39.1997309Z test main_menu::tests::the_pending_menu_lists_repositories_with_content_a_to_z ... ok
2026-10-07T12:14:39.2913182Z test options::tests::the_search_finds_options_by_their_labels_and_boxes ... ok
2026-10-07T12:14:39.3026734Z test options::tests::thumbnail_rating_sizes_go_up_to_the_thumbnails_width ... ok
2026-10-07T12:14:39.3027694Z test options::tests::only_the_options_changed_are_set ... ok
2026-10-07T12:14:39.3028539Z test options::tests::times_show_as_the_references_fields ... ok
2026-10-07T12:14:39.3057309Z test options::tests::the_editor_edits_the_page_shown ... ok
2026-10-07T12:14:39.3620595Z test options::tests::values_that_cant_be_had_are_left_saying_why ... ok
2026-10-07T12:14:39.3643973Z test options::tests::times_rates_and_text_that_may_be_none_are_edited ... ok
2026-10-07T12:14:39.3661060Z test page_chooser::tests::menus_lead_to_pages_as_in_the_reference ... ok
2026-10-07T12:14:39.3969668Z test predicate_editors::defaults::tests::namespace_shortcuts_and_empty_results_follow_the_actual_star_menu ... ok
2026-10-07T12:14:39.4111008Z test page_chooser::tests::file_domains_are_offered_by_name ... ok
2026-10-07T12:14:39.4451338Z test predicate_editors::defaults::tests::star_regex_save_skips_accept_validation_like_the_actual_reference ... ok
2026-10-07T12:14:39.4452586Z test predicate_editors::special::tests::hashes_are_read_as_the_reference_reads_them ... ok
2026-10-07T12:14:39.4453504Z test predicate_editors::special::tests::lines_are_summed_up_as_the_reference_sums_them ... ok
2026-10-07T12:14:39.4454306Z test predicate_editors::tests::a_date_is_read_as_typed ... ok
2026-10-07T12:14:39.4455156Z test predicate_editors::tests::rating_is_offered_with_a_rating_service_and_the_rest_everywhere ... ok
2026-10-07T12:14:39.4456033Z test predicate_editors::tests::time_fields_split_a_span_into_its_units ... ok
2026-10-07T12:14:39.4456835Z test sort::tests::choices_are_named_and_ordered_as_the_reference_orders_them ... ok
2026-10-07T12:14:39.4457667Z test status::bandwidth_tests::only_what_is_read_while_the_client_is_open_counts ... ok
2026-10-07T12:14:39.4458691Z test status::bandwidth_tests::the_network_part_reads_as_the_reference_s ... ok
2026-10-07T12:14:39.4812554Z test predicate_editors::defaults::tests::service_keys_and_fractional_viewtime_survive_reordered_contexts_and_reopening ... ok
2026-10-07T12:14:39.8865364Z test predicate_editors::defaults::tests::comparability_replays_all_reference_subtypes_and_rating_services ... ok
2026-10-07T12:14:40.6110910Z test predicate_editors::defaults::tests::all_recorded_panel_families_restore_typed_defaults_and_explicit_inputs ... ok
2026-10-07T12:14:40.6111609Z 
2026-10-07T12:14:40.6111821Z test result: ok. 39 passed; 0 failed; 0 ignored; 0 measured; 0 filtered out; finished in 1.41s
2026-10-07T12:14:40.6112108Z 
2026-10-07T12:14:40.6121594Z [1m[92m     Running[0m tests/model/main.rs (target/debug/deps/model-6a4c3e05d83a2a67)
2026-10-07T12:14:40.6150852Z 
2026-10-07T12:14:40.6151057Z running 525 tests
2026-10-07T12:14:40.6198538Z test active_predicates::actual_qt_inherited_copy_payloads_and_page_routes_match_all_recorded_selections ... ok
2026-10-07T12:14:40.6231700Z test about::the_about_window_says_what_the_references_does ... ok
2026-10-07T12:14:40.6241459Z test active_predicates::actual_qt_commands_preserve_inverse_add_vs_ctrl_toggle_and_exact_result_sets ... ok
2026-10-07T12:14:40.6360027Z test active_predicates::supplied_size_and_limit_reopen_exact_values_despite_saved_creation_defaults ... ok
2026-10-07T12:14:40.6361277Z test active_predicates::mixed_controls_replay_real_qt_values_row_order_cancel_and_parser_vetoes ... ok
2026-10-07T12:14:40.8751637Z test api_update_toasts::all_recorded_apply_cancel_reopen_cases_and_concurrent_width_survive ... ok
2026-10-07T12:14:40.9143577Z test archive_delete_policies::real_independent_controls_cancel_reopen_merge_and_retained_legacy_native_precedence ... ok
2026-10-07T12:14:40.9893639Z test animation_start::recorded_raw_constructor_cancel_unchanged_apply_reopen_and_scoped_merge ... ok
2026-10-07T12:14:41.0135544Z test archive_repair::captured_scan_preserves_intervening_edits_and_cancellation_rolls_back_content_transaction ... ok
2026-10-07T12:14:41.0178351Z test auto_resolution_exchange::exported_rules_import_again ... ok
2026-10-07T12:14:41.0265315Z test auto_resolution_exchange::the_reference_s_serialised_rules_import ... ok
2026-10-07T12:14:41.0265840Z test auto_resolution_review::approving_and_denying_report_progress_as_the_reference_s ... ok
2026-10-07T12:14:41.0482728Z test archive_delete_policies::replaced_domain_identity_rejects_entire_commit_before_archiving_kept_files ... ok
2026-10-07T12:14:41.0521774Z test auto_resolution_rules::a_new_rule_searches_as_the_references_add_does ... ok
2026-10-07T12:14:41.0536731Z test auto_resolution_rules::add_offers_the_references_comparators ... ok
2026-10-07T12:14:41.0601208Z test auto_resolution_rules::rules_rows_and_comparators_are_the_references ... ok
2026-10-07T12:14:41.1878830Z test auto_resolution_review::each_rules_tabs_list_its_pairs_as_the_reference ... ok
2026-10-07T12:14:41.1906169Z test archive_repair::exact_global_scan_questions_population_writes_and_reopened_times_match_reference ... ok
2026-10-07T12:14:41.1933667Z test checker_options::edits_change_the_editor_as_the_references ... ok
2026-10-07T12:14:41.1971088Z test checker_options::ok_asks_as_the_references_does ... ok
2026-10-07T12:14:41.1972161Z test checker_options::ok_raises_times_below_their_least ... ok
2026-10-07T12:14:41.2646637Z test autocomplete_tabs::literal_favourite_rows_remain_selected_as_tags_until_explicitly_deselected ... ok
2026-10-07T12:14:41.2690545Z test checker_options::the_editor_opens_as_the_references ... ok
2026-10-07T12:14:41.2709853Z test checker_options::the_reasonable_defaults_are_the_references ... ok
2026-10-07T12:14:41.2713300Z test client_api_admin::browser_url_uses_reported_listener_over_cli_overridden_service_settings ... ok
2026-10-07T12:14:41.3577297Z test client_api_admin::listener_settings_preserve_unrelated_services_and_imported_flags ... ok
2026-10-07T12:14:41.3950509Z test checker_options::the_downloading_page_edits_the_default_checker_options ... ok
2026-10-07T12:14:41.4402036Z test client_api_admin::reference_rows_permissions_questions_and_duplicates ... ok
2026-10-07T12:14:41.4461905Z test clipboard_urls::changed_text_switches_and_url_policy_match_the_reference ... ok
2026-10-07T12:14:41.4481385Z test command_palette::calculator_matches_qt_precedence_integer_types_errors_and_special_values ... ok
2026-10-07T12:14:41.4492842Z test command_palette::defaults_and_provider_queue_match_the_qt_options_editor ... ok
2026-10-07T12:14:41.4588313Z test autocomplete_tabs::read_and_write_selection_replay_the_same_qt_tabs_and_persist_only_accepted_edits ... ok
2026-10-07T12:14:41.4590861Z test command_palette::late_workers_cannot_repopulate_a_new_query_or_closed_owner ... ok
2026-10-07T12:14:41.4609593Z test command_palette::providers_match_real_qt_order_limits_and_thresholds ... ok
2026-10-07T12:14:41.4626586Z test command_palette::unicode_casefold_expands_before_provider_and_menu_thresholds ... ok
2026-10-07T12:14:41.4751250Z test client_api_admin::staged_keys_cancel_persist_collision_and_stale_apply ... ok
2026-10-07T12:14:41.5233987Z test command_palette::each_live_provider_policy_reaches_its_results_and_preferences_persist ... ok
2026-10-07T12:14:41.5240958Z test database_backup::questions_name_the_paths_as_the_reference_does ... ok
2026-10-07T12:14:41.5244277Z test database_backup::the_menu_follows_the_backup_location_and_storage ... ok
2026-10-07T12:14:41.5245074Z test database_locations::rows_and_buttons_follow_the_reference ... ok
2026-10-07T12:14:41.6537309Z test content_undo::tag_changes_name_their_service ... ok
2026-10-07T12:14:41.6539242Z test content_undo::archiving_can_be_undone_and_redone_from_the_menu ... ok
2026-10-07T12:14:41.6540051Z test database_maintenance::the_menus_enable_the_jobs_hydrus_rs_runs ... ok
2026-10-07T12:14:41.6554896Z test datetime_editor::the_date_time_editor_works_as_the_references_does ... ok
2026-10-07T12:14:41.6556035Z test debug_actions::modal_countdown_and_env_dump_read_as_the_reference_s ... ok
2026-10-07T12:14:41.6557836Z test debug_actions::some_popups_are_the_reference_s_less_its_callbacks ... ok
2026-10-07T12:14:41.8343620Z test database_maintenance::questions_buttons_and_service_choices_are_the_reference_s ... ok
2026-10-07T12:14:41.9629475Z test archive_delete_policies::actual_qt_domain_alternatives_priorities_delay_and_selected_transaction ... ok
2026-10-07T12:14:42.0371913Z test delete_files::clean_delete_preserves_locked_files_and_remembered_fields_merge_with_options ... ok
2026-10-07T12:14:42.1293962Z test delete_files::mixed_existing_reasons_match_qt_preserve_each_file_and_do_not_replace_last_reason ... ok
2026-10-07T12:14:42.1302456Z test delete_files::reason_queue_matches_recorded_cancel_empty_duplicate_movement_and_delete ... ok
2026-10-07T12:14:42.1307209Z test downloader_definitions::domain_mask_queue_replays_staged_crud_and_insertion_order ... ok
2026-10-07T12:14:42.1375048Z test downloader_definitions::domain_mode_and_independent_tester_replay_reference_and_preserve_disabled_values ... ok
2026-10-07T12:14:42.2348705Z test downloader_definitions::drafts_preserve_identity_links_and_current_unrelated_settings ... ok
2026-10-07T12:14:42.2385934Z test downloader_definitions::editor_controls_change_matching_normalisation_and_validate_pagination ... ok
2026-10-07T12:14:42.3265415Z test downloader_definitions::generator_copies_nested_repair_and_delete_are_staged ... ok
2026-10-07T12:14:42.3266595Z test downloader_definitions::invalid_examples_and_defaults_cannot_be_committed ... ok
2026-10-07T12:14:42.4175917Z test downloader_definitions::previews_use_native_encoding_options_and_nested_columns_sort_by_count ... ok
2026-10-07T12:14:42.4881411Z test downloader_definitions::reference_rows_previews_and_vetoes_are_replayed ... ok
2026-10-07T12:14:42.4992561Z test downloader_definitions::selectable_preview_values_use_recorded_api_referral_and_gallery_consumers ... ok
2026-10-07T12:14:42.5010204Z test downloader_display::displayed_url_labels_filters_order_and_cap_replay_reference ... ok
2026-10-07T12:14:42.5013279Z test downloader_display::replay_actual_tri_state_questions_and_rows ... ok
2026-10-07T12:14:42.5818302Z test downloader_display::save_merges_only_edited_keys_and_preserves_concurrent_definitions ... ok
2026-10-07T12:14:42.5832114Z test downloader_interchange::an_api_pair_source_yields_to_its_eligible_target_during_parser_linking ... ok
2026-10-07T12:14:42.5843071Z test downloader_interchange::duplicate_class_relinks_the_runtime_winner_instead_of_the_first_equivalent_row ... ok
2026-10-07T12:14:42.6604543Z test downloader_interchange::imported_class_and_parser_link_reaches_the_live_registry ... ok
2026-10-07T12:14:42.6645425Z test delete_files::advanced_reasons_match_actual_qt_defaults_existing_and_remembered_selection ... ok
2026-10-07T12:14:42.7516762Z test downloader_interchange::mixed_login_cancel_malformed_and_stale_scripts_never_partially_save_downloaders ... ok
2026-10-07T12:14:42.7778941Z test delete_files::physical_only_dialog_remembers_builtin_and_custom_service_keys_like_qt ... ok
2026-10-07T12:14:42.7842156Z test downloader_interchange::mixed_login_import_replays_qt_duplicates_links_and_saved_consumer_without_exporting_credentials ... ok
2026-10-07T12:14:42.8181704Z test downloader_interchange::reference_duplicate_rules_remap_nested_members_and_keep_auxiliary_context ... ok
2026-10-07T12:14:42.9126694Z test downloader_interchange::scoped_list_import_is_atomic_and_parser_save_preserves_original_context ... ok
2026-10-07T12:14:42.9216795Z test downloader_update_times::strict_deadlines_ratios_minimum_fallback_saved_changes_and_forcing_match_qt ... ok
2026-10-07T12:14:42.9426727Z test downloader_interchange::package_invalid_and_cancelled_staging_do_not_mutate_store_and_stale_apply_rolls_back ... ok
2026-10-07T12:14:42.9446693Z test duplicate_colours::qcolor_rounding_and_independent_transparency_replay_actual_canvas_outputs ... ok
2026-10-07T12:14:43.1159856Z test duplicates_filtering::counts_and_random_groups_read_the_basic_client ... ok
2026-10-07T12:14:43.1181339Z test duplicates_filtering::edits_and_texts_follow_the_reference ... ok
2026-10-07T12:14:43.2603079Z test duplicates_filtering::resync_drops_pairs_of_files_out_of_local_storage ... ok
2026-10-07T12:14:43.2624367Z test duplicates_page::the_auto_resolution_rules_rows_are_the_references ... ok
2026-10-07T12:14:43.2651131Z test duplicates_page::the_preparation_tab_says_what_the_references_does ... ok
2026-10-07T12:14:43.2688693Z test downloader_update_times::exact_constructor_fields_unchanged_apply_cancel_legacy_and_concurrent_field_merge ... ok
2026-10-07T12:14:43.2716446Z test edit_subscription::the_dialog_opens_as_the_references ... ok
2026-10-07T12:14:43.2754248Z test edit_subscription::the_query_buttons_act_as_the_references ... ok
2026-10-07T12:14:43.2759648Z test embedded_metadata::basics_and_png_instruction_match_the_reference ... ok
2026-10-07T12:14:43.2765619Z test embedded_metadata::exif_sort_selection_and_raw_copy_match_the_reference ... ok
2026-10-07T12:14:43.2780244Z test existing_tags_filter::existing_filter_acceptance_enables_only_the_captured_service_and_round_trips ... ok
2026-10-07T12:14:43.3140055Z test duplicate_colours::options_keep_saved_zero_on_cancel_then_normalise_on_apply_and_preserve_concurrent_background ... ok
2026-10-07T12:14:43.4405299Z test export_files::cancellation_and_missing_sources_never_trash_partial_exports ... ok
2026-10-07T12:14:43.4691574Z test duplicates_progress::qt_staging_persistence_and_scoped_save_drive_strict_caught_up_preparation_labels ... ok
2026-10-07T12:14:43.6236319Z test export_files::preview_and_confirmations_match_reference_panel ... ok
2026-10-07T12:14:43.6261205Z test export_files::shared_pattern_menu_copies_recorded_phrases_including_its_heading ... ok
2026-10-07T12:14:43.6396733Z test export_files::copies_overwrite_existing_files_and_route_metadata ... ok
2026-10-07T12:14:43.7001197Z test export_files::selected_export_tags_counts_sort_selection_and_copy_match_actual_panel ... ok
2026-10-07T12:14:43.7040854Z test external_calls::actual_defaults_menu_routes_preserve_prior_selection_and_generate_unique_named_keys ... ok
2026-10-07T12:14:43.7061434Z test external_calls::actual_qt_sort_tie_break_casefold_and_duplicate_selection_routes ... ok
2026-10-07T12:14:43.7101126Z test external_calls::actual_reference_substitution_validation_and_argument_cleaning ... ok
2026-10-07T12:14:43.7193127Z test external_calls::cancelling_the_owner_terminates_and_reaps_its_started_direct_child ... ok
2026-10-07T12:14:43.7225770Z test external_calls::command_clipboard_review_and_cleaned_example_match_actual_qt ... ok
2026-10-07T12:14:43.7251653Z test external_calls::command_parameter_queue_selection_reorder_and_keyboard_match_actual_qt ... ok
2026-10-07T12:14:43.7292300Z test external_calls::command_queue_reverse_edit_and_keyboard_origins_match_actual_qt ... ok
2026-10-07T12:14:43.7332899Z test external_calls::duplicate_import_warnings_match_python_repr_and_all_size_boundaries ... ok
2026-10-07T12:14:43.7359725Z test external_calls::list_acceptance_retains_edit_key_and_selection_but_regenerates_import_and_duplicate_keys ... ok
2026-10-07T12:14:43.8401905Z test export_files::sidecar_failure_blocks_trash_even_after_copy_and_success_trashes ... ok
2026-10-07T12:14:43.8611566Z test external_calls::saved_call_executes_owned_harmless_process_with_exact_single_argument_and_no_shell_interpretation ... ok
2026-10-07T12:14:43.8781478Z test export_files::symlinks_existing_links_and_hardlinks_preserve_source_content ... ok
2026-10-07T12:14:44.0214614Z test favourite_search_editor::favourite_controls_replay_reference_domain_sort_collect_and_predicate_values ... ok
2026-10-07T12:14:44.0216899Z test file_history::dropping_worker_cancels_inflight_read_and_never_runs_pending_read ... ok
2026-10-07T12:14:44.0806817Z test ffmpeg_timeout::qt_options_cancel_bounds_reopen_and_concurrent_changes ... ok
2026-10-07T12:14:44.0819078Z test file_history::owned_worker_runs_only_latest_queued_query_and_discards_cancelled_closed_results ... ok
2026-10-07T12:14:44.0820152Z test file_log::clipboard_source_batches_match_actual_reference_imports ... ok
2026-10-07T12:14:44.1443033Z test file_log::renormalisation_collapses_later_duplicates_and_preserves_first_progress_and_metadata ... ok
2026-10-07T12:14:44.1446327Z test file_log::selected_import_objects_match_full_reference_clipboard_bytes ... ok
2026-10-07T12:14:44.1447249Z test file_log::selected_urls_are_one_exact_match_or_container ... ok
2026-10-07T12:14:44.1591669Z test file_log::source_png_carriers_import_actual_qt_exports_and_render_custom_headers ... ok
2026-10-07T12:14:44.1605292Z test file_log::the_file_log_is_the_references ... ok
2026-10-07T12:14:44.1621638Z test file_maintenance_current::recorded_counts_selection_due_gate_and_numeric_sort_use_typed_identity ... ok
2026-10-07T12:14:44.1773261Z test file_history::global_and_filtered_series_ranges_visibility_refresh_and_cancel_match_actual_chart ... ok
2026-10-07T12:14:44.1777046Z test file_maintenance_new::the_tab_says_what_the_reference_does ... ok
2026-10-07T12:14:44.1777992Z test file_relationships::a_file_alone_offers_only_a_search_reset ... ok
2026-10-07T12:14:44.1811566Z test file_relationships::a_grouped_file_shows_its_group_and_what_can_be_undone ... ok
2026-10-07T12:14:44.3113908Z test file_maintenance_new::chosen_files_get_the_job_queued ... ok
2026-10-07T12:14:44.3557310Z test file_relationships::setting_and_undoing_relationships_reaches_the_store ... ok
2026-10-07T12:14:44.5076499Z test file_view_removal::filter_content_pruning_reports_only_domain_departures_after_intervening_trash ... ok
2026-10-07T12:14:44.6913936Z test file_view_removal::filter_removal_matches_recorded_commit_gates_and_skipped_return_file ... ok
2026-10-07T12:14:44.7183251Z test filename_rules::advanced_lists_children_and_filename_consumers_match_real_reference ... ok
2026-10-07T12:14:44.7216165Z test filename_rules::both_original_regex_buttons_offer_the_recorded_help_components_and_favourites ... ok
2026-10-07T12:14:44.7217645Z test filename_rules::child_identity_is_frozen_and_unrelated_callbacks_preserve_it ... ok
2026-10-07T12:14:44.8667984Z test filename_simple::additive_entry_and_selected_union_replay_real_simple_panel_without_spreading_untouched_tags ... ok
2026-10-07T12:14:44.8673910Z test filename_simple::native_path_backend_matches_actual_reference_rebasing_and_mixed_separator_tags ... ok
2026-10-07T12:14:44.8725341Z test filename_tagging::rows_and_values_are_the_references ... ok
2026-10-07T12:14:44.8729349Z test filename_tagging::single_tags_are_shown_and_removed_for_the_selection ... ok
2026-10-07T12:14:44.8741955Z test filename_tagging::typed_regexes_and_quick_namespaces_are_checked ... ok
2026-10-07T12:14:44.8743606Z test filesize_predicate::choices_bounds_and_explicit_reopening_match_qt ... ok
2026-10-07T12:14:44.8749475Z test filetype_tree::groups_tick_their_filetypes_and_give_back_specific_ones ... ok
2026-10-07T12:14:44.9311804Z test folder_runs::named_then_all_folders_are_flagged_to_run ... ok
2026-10-07T12:14:45.0608123Z test folders::export_folder_examples_use_recorded_queries_limits_and_media_contexts ... ok
2026-10-07T12:14:45.0633559Z test folders::the_export_folder_dialog_is_the_references ... ok
2026-10-07T12:14:45.0634328Z test folders::the_import_folder_dialog_is_the_references ... ok
2026-10-07T12:14:45.0640140Z test folders::the_lists_name_what_they_add_and_edit_uniquely ... ok
2026-10-07T12:14:45.0644566Z test folders::the_lists_rows_are_the_references ... ok
2026-10-07T12:14:45.0660553Z test force_filetype::the_force_filetypes_dialog_is_the_reference_s ... ok
2026-10-07T12:14:45.0683996Z test force_idle::actual_toggle_checks_and_real_worker_entry_matrix ... ok
2026-10-07T12:14:45.0685120Z test formula_editors::fetched_documents_replay_reference_success_error_and_cancellation_context ... ok
2026-10-07T12:14:45.0695481Z test formula_editors::formula_editor_bulk_name_conflicts_match_reference ... ok
2026-10-07T12:14:45.0701289Z test formula_editors::formula_editor_controls_and_parses_match_reference ... ok
2026-10-07T12:14:45.0702101Z test formula_editors::formula_editor_rule_queue_matches_reference_actions ... ok
2026-10-07T12:14:45.0703656Z test formula_editors::formula_editor_type_and_named_list_actions_match_reference ... ok
2026-10-07T12:14:45.0715691Z test formula_editors::formula_editor_type_changes_use_fresh_defaults_and_preserve_separated_content ... ok
2026-10-07T12:14:45.0716840Z test formula_editors::formula_editors_preserve_other_kinds_and_inactive_rule_settings ... ok
2026-10-07T12:14:45.0717868Z test formula_editors::multiple_test_documents_retain_edits_sources_and_selected_child_order ... ok
2026-10-07T12:14:45.0718797Z test formula_editors::recursive_formula_fields_and_transformed_child_data_match_reference ... ok
2026-10-07T12:14:45.0719980Z test formula_editors::scalar_formula_controls_match_reference ... ok
2026-10-07T12:14:45.0725993Z test formula_editors::six_kind_chooser_defaults_match_reference ... ok
2026-10-07T12:14:45.0741039Z test formula_editors::zipper_member_queue_and_substitution_match_reference ... ok
2026-10-07T12:14:45.0762287Z test frame_locations::frame_table_defaults_cells_and_selected_actions_match_actual_qt ... ok
2026-10-07T12:14:45.1470776Z test frame_locations::named_geometry_transactions_preserve_peer_frames_and_latest_viewer_save_preference ... ok
2026-10-07T12:14:45.1973837Z test file_view_removal::actual_qt_media_list_trash_move_and_physical_pruning_matrix ... ok
2026-10-07T12:14:45.2021749Z test gallery_source::captions_and_installed_parser_functionality_match_real_reference ... ok
2026-10-07T12:14:45.2053868Z test gallery_source::key_wins_over_conflicting_name_and_cycles_are_bounded ... ok
2026-10-07T12:14:45.2161457Z test gallery_source::two_stage_choices_selection_cancellation_and_empty_warning_match_reference ... ok
2026-10-07T12:14:45.3023020Z test frame_locations::settings_keep_unknown_rows_and_merge_unedited_runtime_geometry ... ok
2026-10-07T12:14:45.4058073Z test gui_colours::all_twenty_six_rgb_roles_and_independent_tabs_stage_cancel_apply_and_reopen_like_qt ... ok
2026-10-07T12:14:45.4943339Z test gui_colours::old_imported_store_keeps_retained_legacy_rgb_until_native_values_take_precedence ... ok
2026-10-07T12:14:45.5602488Z test database_maintenance::accepted_runs_send_the_reference_s_popups ... ok
2026-10-07T12:14:45.5622431Z test gui_format::recorded_current_local_offsets_and_ancient_boundaries_match_python ... ok
2026-10-07T12:14:45.5659756Z test gui_colours::staged_role_changes_merge_with_live_help_switch_and_other_saved_rgb_roles ... ok
2026-10-07T12:14:45.5691402Z test gui_format::recorded_summaries_previews_expiry_and_scheduling_variants_reach_existing_models ... ok
2026-10-07T12:14:45.5716166Z test hash_predicate::cleanup_and_explicit_values_match_real_qt ... ok
2026-10-07T12:14:45.6359262Z test gui_format::precision_reaches_existing_import_png_network_and_service_displays ... ok
2026-10-07T12:14:45.7033493Z test idle_timeout_options::edited_idle_thresholds_merge_without_overwriting_live_unrelated_preferences ... ok
2026-10-07T12:14:45.7098021Z test how_boned::the_basic_client_s_statistics_read_as_the_reference_s ... ok
2026-10-07T12:14:45.8099240Z test idle_timeout_options::implicit_idle_normalisation_preserves_newer_fields_and_explicit_edits_still_apply ... ok
2026-10-07T12:14:45.8148784Z test idle_timeout_options::noneable_timeout_controls_replay_qt_defaults_floor_bounds_retention_and_reopen ... ok
2026-10-07T12:14:45.8149799Z test idle_timeout_options::saved_timeout_choices_replay_strict_qt_boot_activity_and_ignore_gates ... ok
2026-10-07T12:14:45.8221990Z test image_cache::actual_byte_timeout_and_percentage_controls_match_the_recording ... ok
2026-10-07T12:14:45.9661084Z test gui_format::staged_bounds_cancel_save_reopen_and_real_log_columns_match_qt ... ok
2026-10-07T12:14:45.9721506Z test image_cache::actual_pending_rgb_rgba_touch_admission_soft_overflow_policy_and_expiry ... ok
2026-10-07T12:14:46.0085547Z test image_cache::actual_legacy_native_wins_changed_fields_and_raw_control_values_survive_reopen ... ok
2026-10-07T12:14:46.0405208Z test image_cache::untouched_normalized_controls_preserve_concurrent_fields_but_explicit_edits_win ... ok
2026-10-07T12:14:46.0425674Z test import_options_editor::caller_defaults_lists_and_fallback_labels_match_real_reference_editors ... ok
2026-10-07T12:14:46.0445226Z test import_options_editor::defaults_editor_uses_parent_stack_and_retains_hidden_custom_kinds ... ok
2026-10-07T12:14:46.0460811Z test import_options_editor::each_kinds_summary_is_the_references ... ok
2026-10-07T12:14:46.0461673Z test import_options_editor::text_fields_read_and_write_lists_and_renames ... ok
2026-10-07T12:14:46.0483012Z test import_options_editor::the_editors_lists_are_the_references ... ok
2026-10-07T12:14:46.0517062Z test import_options_overwrite::favourite_add_rename_and_delete_preserve_reference_names_and_other_defaults ... ok
2026-10-07T12:14:46.0553026Z test import_options_overwrite::shared_overwrite_presets_and_manual_default_match_real_dialog ... ok
2026-10-07T12:14:46.0572775Z test import_options_panel::sorted_selection_frozen_clear_and_profile_identity_are_independent ... ok
2026-10-07T12:14:46.0682326Z test import_options_panel::three_lists_and_staged_actions_replay_the_reference ... ok
2026-10-07T12:14:46.1344217Z test import_work_slots::loaded_out_of_range_controls_normalize_only_on_unchanged_apply ... ok
2026-10-07T12:14:46.1364229Z test import_work_slots::missing_and_raw_legacy_keys_preserve_independent_defaults ... ok
2026-10-07T12:14:46.1625573Z test image_colour::qt_icc_checkbox_cancel_saved_reopen_preserves_concurrent_viewer_rules ... ok
2026-10-07T12:14:46.1630029Z test importer_menu::an_importers_own_presentation_is_named_and_not_offered_again ... ok
2026-10-07T12:14:46.1641810Z test importer_menu::presentation_summaries_are_the_references ... ok
2026-10-07T12:14:46.1655395Z test importer_menu::the_list_menus_are_the_references ... ok
2026-10-07T12:14:46.1755260Z test idle_timeout_options::raw_imported_seconds_normalise_only_on_unchanged_acceptance_as_qt_does ... ok
2026-10-07T12:14:46.3032429Z test import_work_slots::reference_controls_stay_staged_and_saved_limits_survive_reopening ... ok
2026-10-07T12:14:46.3330117Z test incremental_tagging::actual_qt_initial_clamps_and_long_decimal_previews_preserve_safe_native_inference ... ok
2026-10-07T12:14:46.4214817Z test incremental_tagging::actual_child_defaults_conflicts_reverse_pairs_and_nested_cancellation_replay ... ok
2026-10-07T12:14:46.4745525Z test incremental_tagging::initial_start_uses_actual_unicode_decimal_sorting_and_ignores_negative_subtags ... ok
2026-10-07T12:14:46.4755113Z test local_import_dialog::parsing_shows_its_progress_and_can_be_paused_and_stopped ... ok
2026-10-07T12:14:46.4775985Z test local_import_dialog::the_list_is_the_references ... ok
2026-10-07T12:14:46.5042733Z test incremental_tagging::add_then_remove_retains_the_reference_deleted_mapping_in_private_preview ... ok
2026-10-07T12:14:46.6805956Z test local_transfer::deleted_destination_restores_timestamp_and_stale_source_cannot_move ... ok
2026-10-07T12:14:46.6991891Z test local_transfer::actual_qt_options_defaults_drafts_and_field_scoped_save ... ok
2026-10-07T12:14:46.8592885Z test local_transfer::stale_destination_membership_and_reused_service_id_never_retarget_a_question ... ok
2026-10-07T12:14:46.8602041Z test login_script_controls::script_cog_matches_qt_login_context_and_rejects_replaced_requests ... ok
2026-10-07T12:14:46.8661983Z test login_workflows::cookie_requirements_match_real_qt_pair_edits_cancel_and_duplicate_looking_keys ... ok
2026-10-07T12:14:46.8680270Z test login_workflows::credentials_match_reference_display_order_status_and_confirmation ... ok
2026-10-07T12:14:46.8771043Z test login_workflows::domain_add_change_and_delete_replay_all_recorded_prompt_chains ... ok
2026-10-07T12:14:46.9437603Z test login_workflows::domain_apply_preserves_concurrent_script_edits_and_rejects_domain_conflicts ... ok
2026-10-07T12:14:46.9507392Z test login_workflows::domain_credentials_replay_reference_validity_activation_cancel_and_delay_reset ... ok
2026-10-07T12:14:46.9524253Z test login_workflows::embedded_step_cookie_list_replays_sorted_pair_actions_and_confirmed_bulk_delete ... ok
2026-10-07T12:14:46.9551152Z test ffmpeg_timeout::already_open_import_review_uses_live_store_deadline_for_real_metadata_detection ... ok
2026-10-07T12:14:46.9565696Z test login_workflows::login_domain_rows_replay_cookie_expiry_and_pretty_delay_reference ... ok
2026-10-07T12:14:46.9567138Z test login_workflows::example_domains_replay_reference_defaults_duplicate_errors_and_final_cancel_acceptance ... ok
2026-10-07T12:14:46.9583003Z test login_workflows::login_step_content_replays_reference_unique_import_cancel_sort_and_request_cleanup ... ok
2026-10-07T12:14:46.9609802Z test login_workflows::request_arguments_replay_real_qt_rename_duplicates_blank_values_and_cancel ... ok
2026-10-07T12:14:46.9611382Z test login_workflows::preserved_credentials_load_then_native_save_controls_domain_warnings ... ok
2026-10-07T12:14:46.9621084Z test login_workflows::scripts_import_rename_and_delete_keep_reference_name_and_key_rules ... ok
2026-10-07T12:14:46.9646581Z test login_workflows::three_argument_lists_keep_independent_extended_selection_and_bulk_deletion ... ok
2026-10-07T12:14:46.9763615Z test legacy_seed_caches::upgraded_historical_histories_reach_native_counts_restore_and_reopen_intact ... ok
2026-10-07T12:14:47.0583964Z test main_identity::implicit_name_normalisation_and_other_fields_preserve_concurrent_updates ... ok
2026-10-07T12:14:47.2190719Z test main_menu::repositories_add_their_pages_and_pending_menu ... ok
2026-10-07T12:14:47.2303934Z test main_menu::import_and_export_folders_are_offered_to_run_now ... ok
2026-10-07T12:14:47.2325205Z test manage_notes::copies_as_python_writes_json ... ok
2026-10-07T12:14:47.2327617Z test manage_notes::notes_dialog_steps_as_the_reference ... ok
2026-10-07T12:14:47.2331854Z test manage_notes::the_menu_counts_the_focused_files_notes ... ok
2026-10-07T12:14:47.3517597Z test main_menu::the_menu_bar_is_the_reference_s ... ok
2026-10-07T12:14:47.5429267Z test main_identity::constructor_cancel_unchanged_apply_and_reopen_match_raw_qt_names ... ok
2026-10-07T12:14:47.6680165Z test manage_tag_counts::deleted_counts_status_rows_and_global_toggle_replay_apply_cancel_and_reopen ... ok
2026-10-07T12:14:47.7640760Z test manage_tags_sort::independent_defaults_stage_cancel_apply_reopen_and_merge_only_changed_context ... ok
2026-10-07T12:14:47.9856613Z test manage_tags_sort::sibling_sort_uses_raw_tags_when_storage_sibling_information_is_disabled ... ok
2026-10-07T12:14:47.9869656Z test media_view_options::delete_spares_classes_and_add_copies_the_class ... ok
2026-10-07T12:14:47.9913132Z test media_view_options::rows_addable_types_and_editor_choices_are_the_reference_s ... ok
2026-10-07T12:14:48.0001761Z test manage_tags_sort::open_service_tabs_keep_local_sort_after_options_change_and_new_dialog_reads_default ... ok
2026-10-07T12:14:48.0104528Z test menu_choice_wheel::signed_wrap_and_empty_single_choice_signals_match_actual_qt ... ok
2026-10-07T12:14:48.1030535Z test menu_choice_wheel::simple_options_sort_retains_the_recorded_text_and_count_orders ... ok
2026-10-07T12:14:48.1758033Z test menu_choice_wheel::real_media_type_flat_order_unknown_current_and_matching_order_labels_match_qt ... ok
2026-10-07T12:14:48.2161246Z test menu_choice_wheel::staged_setting_saves_only_its_key_and_unchanged_draft_preserves_live_value ... ok
2026-10-07T12:14:48.3061750Z test merge_options_editor::the_editor_edits_merge_options_as_the_reference_does ... ok
2026-10-07T12:14:48.3065531Z test namespace_colours::edit_recolours_each_selected_entry_in_place ... ok
2026-10-07T12:14:48.5757582Z test namespace_colours::qt_namespace_add_normalization_protected_mixed_delete_and_options_cancel_reopen ... ok
2026-10-07T12:14:48.5817996Z test namespace_colours::sorted_add_keeps_qt_positional_range_anchor_then_delete_resets_it ... ok
2026-10-07T12:14:48.5832760Z test namespace_sorts::duplicate_ids_and_frozen_edits_survive_selection_changes_cancel_and_removal ... ok
2026-10-07T12:14:48.5837467Z test namespace_sorts::replay_actual_queue_add_edit_escaped_names_views_moves_and_delete_answers ... ok
2026-10-07T12:14:48.5943694Z test merge_summaries::merges_are_summarised_as_the_reference ... ok
2026-10-07T12:14:48.6736441Z test network_data::fresh_live_usage_wins_until_the_daemon_heartbeat_expires ... ok
2026-10-07T12:14:48.6990995Z test network_data::drafts_preserve_unrelated_edits_and_reject_changed_defaults ... ok
2026-10-07T12:14:48.6997133Z test network_data::replay_qt_bandwidth_rows_rules_and_questions ... ok
2026-10-07T12:14:48.7007647Z test network_job_control::cog_replays_actual_qt_context_submenu_and_phase_actions ... ok
2026-10-07T12:14:48.7008991Z test network_job_control::control_auto_policy_targets_future_requests_and_owner_clears_error_once ... ok
2026-10-07T12:14:48.7733593Z test network_data::reference_bandwidth_age_rule_filters_months_and_history_deletion ... ok
2026-10-07T12:14:48.7911984Z test network_sessions::automatic_header_questions_replay_reference_deduplicate_and_reject_changed_payloads ... ok
2026-10-07T12:14:48.8586418Z test network_sessions::cleared_session_draft_preserves_a_later_request_cookie ... ok
2026-10-07T12:14:48.8713810Z test network_sessions::cookie_exchange_replays_reference_fields_questions_and_collisions ... ok
2026-10-07T12:14:48.9621491Z test network_sessions::header_case_groups_delete_exact_rows_and_reject_concurrent_variant_insertions ... ok
2026-10-07T12:14:48.9691410Z test network_sessions::detached_cookie_drafts_preserve_attributes_merge_and_reject_conflicts_atomically ... ok
2026-10-07T12:14:48.9701453Z test manage_tags_sort::both_contexts_replay_all_real_sort_types_orders_siblings_and_groupings ... ok
2026-10-07T12:14:48.9703893Z test network_sessions::reference_rows_validation_and_confirmation ... ok
2026-10-07T12:14:49.0121111Z test local_transfer::recorded_copy_strict_and_merge_questions_drive_real_memberships ... ok
2026-10-07T12:14:49.0432281Z test network_sessions::malformed_cookie_batches_never_partially_change_the_draft_and_browser_routes_silos ... ok
2026-10-07T12:14:49.0446187Z test open_externally::actual_qt_registered_choices_queue_order_and_protected_mime_rows ... ok
2026-10-07T12:14:49.0474184Z test network_sessions::headers_merge_unrelated_writes_and_cancel_and_reject_same_key_changes ... ok
2026-10-07T12:14:49.0475353Z test open_externally::configured_empty_specific_and_missing_call_never_fall_through_custom_route ... ok
2026-10-07T12:14:49.1186097Z test options_dialog::advanced_network_ranges_and_clamps_match_the_reference ... ok
2026-10-07T12:14:49.1397804Z test open_externally::washing_renames_deduplicates_removes_missing_without_name_remap_and_persists ... ok
2026-10-07T12:14:49.1953919Z test options_dialog::application_names_and_exit_switch_apply_as_the_reference_does ... ok
2026-10-07T12:14:49.2045611Z test normal_time_maintenance::recorded_flags_cancel_apply_reopen_and_live_peer_preservation ... ok
2026-10-07T12:14:49.2437465Z test notes_preferences::actual_cog_copy_variants_and_options_persistence_replay ... ok
2026-10-07T12:14:49.2911436Z test options_dialog::export_default_directory_matches_recorded_blank_literal_and_portable_paths ... ok
2026-10-07T12:14:49.3287625Z test options_dialog::closing_controls_stage_all_reference_preferences_without_persisting ... ok
2026-10-07T12:14:49.3395955Z test options_dialog::cursor_autohide_control_matches_reference_default_bounds_and_none ... ok
2026-10-07T12:14:49.4179911Z test options_dialog::eye_menu_preferences_follow_all_reference_combinations_without_saving_detached_edits ... ok
2026-10-07T12:14:49.4448631Z test options_dialog::file_search_boolean_controls_replay_reference_defaults_and_staged_edits ... ok
2026-10-07T12:14:49.4961860Z test options_dialog::hash_prefix_control_matches_reference_default_and_checkbox ... ok
2026-10-07T12:14:49.4969126Z test options_dialog::file_search_limit_controls_stage_and_clamp_reference_values ... ok
2026-10-07T12:14:49.5583363Z test options_dialog::local_location_option_matches_reference_and_keeps_child_changes_staged ... ok
2026-10-07T12:14:49.5823882Z test options_dialog::notebook_navigation_preferences_match_recorded_controls ... ok
2026-10-07T12:14:49.6480481Z test options_dialog::regex_favourites_child_edits_wait_for_parent_apply ... ok
2026-10-07T12:14:49.6571425Z test options_dialog::remembered_options_pages_and_auxiliary_search_match_the_reference ... ok
2026-10-07T12:14:49.6857269Z test options_dialog::read_presentation_controls_match_reference_ranges_and_staged_values ... ok
2026-10-07T12:14:49.7211347Z test options_dialog::reopening_numeric_options_clamps_saved_advanced_values ... ok
2026-10-07T12:14:49.7241455Z test options_dialog::passive_background_controls_match_reference_and_stage_independent_copies ... ok
2026-10-07T12:14:49.8275343Z test options_dialog::removed_service_choices_clamp_drafts_and_service_names_are_searchable ... ok
2026-10-07T12:14:49.8531346Z test options_dialog::session_backup_count_matches_recorded_control_and_clamps ... ok
2026-10-07T12:14:49.9363323Z test options_dialog::subscription_file_failure_limit_replays_qt_noneable_states_in_parent_transaction ... ok
2026-10-07T12:14:49.9482285Z test options_dialog::system_sleep_controls_match_reference_and_clamp ... ok
2026-10-07T12:14:49.9828762Z test options_dialog::subscription_concurrency_replays_recorded_clamps_and_committed_parent_states ... ok
2026-10-07T12:14:49.9942178Z test options_dialog::tag_service_controls_match_reference_and_remember_interlock ... ok
2026-10-07T12:14:50.0444011Z test options_dialog::the_options_search_offers_what_the_references_does ... ok
2026-10-07T12:14:50.0774591Z test options_dialog::the_options_pages_are_the_references ... ok
2026-10-07T12:14:50.1354062Z test options_dialog::the_thumbnail_rating_sizes_go_up_to_the_thumbnails_width ... ok
2026-10-07T12:14:50.1402277Z test options_dialog::viewer_canvas_controls_match_reference_and_stage_bounded_values ... ok
2026-10-07T12:14:50.1963599Z test options_dialog::viewer_focus_controls_stage_independent_reference_policies ... ok
2026-10-07T12:14:50.2327094Z test options_dialog::viewer_hover_controls_replay_reference_enabled_states ... ok
2026-10-07T12:14:50.2341114Z test orphan_files::the_popup_says_what_was_cleared ... ok
2026-10-07T12:14:50.2961517Z test options_dialog::viewer_pointer_controls_stage_the_reference_drag_preferences ... ok
2026-10-07T12:14:50.3092604Z test options_dialog::zoom_switch_and_animation_loop_controls_match_reference_and_stage_changes ... ok
2026-10-07T12:14:50.4013237Z test or_connector::qt_raw_blank_newline_cancel_reopen_and_live_namespace_changes_remain_isolated ... ok
2026-10-07T12:14:50.4044521Z test page_layout::qt_live_sizes_saved_hidden_positions_and_signed_legacy_bounds ... ok
2026-10-07T12:14:50.4046237Z test page_navigation_options::history_limit_replays_actual_menu_without_discarding_backing_history ... ok
2026-10-07T12:14:50.4205072Z test page_chooser_options::legacy_checkbox_defaults_are_imported_and_top_choices_remain_independent ... ok
2026-10-07T12:14:50.4231928Z test page_tree::cursor_expansion_and_activation_replay_actual_frame_tree ... ok
2026-10-07T12:14:50.4241495Z test page_tree::stable_keys_survive_reorder_rename_and_closed_cursor_without_stale_activation ... ok
2026-10-07T12:14:50.4242267Z test parser_editors::any_namespace_toggle_retains_the_disabled_namespace ... ok
2026-10-07T12:14:50.4262790Z test parser_editors::auto_fill_reference_owner_leaves_candidates_unapplied_and_reviews_api_pairs ... ok
2026-10-07T12:14:50.4342424Z test page_layout::hide_draft_cancel_apply_reopen_preserves_concurrent_saved_sizes_and_exit_switch ... ok
2026-10-07T12:14:50.4343585Z test parser_editors::content_change_keeps_unsupported_formula_and_note_newlines ... ok
2026-10-07T12:14:50.5146568Z test parser_editors::native_parser_save_preserves_other_settings_and_rejects_stale_edits ... ok
2026-10-07T12:14:50.5158518Z test parser_editors::per_class_parser_choices_replay_matching_groups_and_validate_stable_keys ... ok
2026-10-07T12:14:50.5191389Z test parser_editors::recorded_content_kinds_and_runtime_previews ... ok
2026-10-07T12:14:50.5218888Z test parser_editors::recorded_recursive_subsidiaries_preserve_context_documents_and_runtime_outputs ... ok
2026-10-07T12:14:50.5240531Z test parser_editors::recorded_subsidiary_queue_import_and_duplicate_preserve_keys_and_select_new_rows ... ok
2026-10-07T12:14:50.5242522Z test parser_editors::test_context_rejects_invalid_duplicate_and_reserved_variables ... ok
2026-10-07T12:14:50.5262659Z test parser_editors::timestamp_editor_normalises_recorded_source_choice_and_preserves_converted_metadata ... ok
2026-10-07T12:14:50.5263602Z test parser_test_data::fetched_media_detection_tracks_example_selection_and_clears_on_text_changes ... ok
2026-10-07T12:14:50.5428957Z test page_chooser_options::all_flag_combinations_replay_real_service_order_layout_and_choices ... ok
2026-10-07T12:14:50.5552022Z test page_navigation_options::imported_defaults_and_options_limits_replay_reference_spinbox_clamping ... ok
2026-10-07T12:14:50.5885037Z test parser_test_data::typed_png_summary_and_header_keep_the_recorded_object_package ... ok
2026-10-07T12:14:50.5933779Z test popup_freeze::real_qt_hidden_and_minimized_states_do_not_use_focus_and_unknown_is_explicit ... ok
2026-10-07T12:14:50.5966029Z test parser_test_data::recorded_raw_data_previews_match_without_changing_the_parser_document ... ok
2026-10-07T12:14:50.6665218Z test popup_width::legacy_raw_integers_and_independent_edited_fields_are_preserved ... ok
2026-10-07T12:14:50.6981131Z test popup_freeze::staged_cancel_save_reopen_and_concurrent_popup_fields_are_preserved ... ok
2026-10-07T12:14:50.7009081Z test predicate_history::actual_histories_replay_toggles_recency_cross_page_or_and_clear ... ok
2026-10-07T12:14:50.7010780Z test predicate_history::refused_inputs_reordering_and_stale_history_commands_do_not_mutate_recency ... ok
2026-10-07T12:14:50.7900146Z test parser_editors::changed_links_revalidate_current_class_capability_and_rollback_atomically ... ok
2026-10-07T12:14:50.8003898Z test preview_default_zoom::exact_real_preview_geometry_uses_preview_rules_and_keeps_full_viewer_zooms ... ok
2026-10-07T12:14:50.8958807Z test preview_default_zoom::actual_qt_choices_staged_cancel_save_reopen_and_independent_viewer_policy ... ok
2026-10-07T12:14:50.8981118Z test quick_export_directory::actual_file_submenu_enables_and_selects_quick_export_directory ... ok
2026-10-07T12:14:50.9330530Z test popup_width::qt_bounds_staging_cancel_loaded_normalisation_and_durable_reopen ... ok
2026-10-07T12:14:50.9551983Z test physical_delete_delay::real_constructor_cancel_acceptance_reopen_fields_and_concurrent_policy_replacement ... ok
2026-10-07T12:14:50.9751528Z test preview_default_zoom::retained_legacy_fallback_and_native_wins_survive_store_reopen ... ok
2026-10-07T12:14:51.0889459Z test radio_return::cancelled_staging_changed_save_and_unchanged_concurrent_apply_match_actual_options ... ok
2026-10-07T12:14:51.1071250Z test ratings_editor::a_middle_click_count_sets_an_inc_dec_control_and_nothing_else ... ok
2026-10-07T12:14:51.1450757Z test ratings_editor::the_manage_ratings_dialog_works_as_the_references_does ... ok
2026-10-07T12:14:51.1987439Z test recent_predicates::each_editor_shows_its_pages_recent_predicates ... ok
2026-10-07T12:14:51.2643600Z test recent_predicates::predicates_have_the_reference_s_type_numbers ... ok
2026-10-07T12:14:51.2661717Z test regex_favourites::favourite_rows_and_input_boundaries_match_real_qt ... ok
2026-10-07T12:14:51.2678853Z test regex_favourites::legacy_favourites_load_until_native_values_including_empty_are_saved ... ok
2026-10-07T12:14:51.2680048Z test regex_favourites::matcher_favourite_menu_matches_actual_qt_actions_and_copy_payloads ... ok
2026-10-07T12:14:51.2681161Z test regex_favourites::readonly_row_input_menu_uses_saved_pairs_without_recursive_management ... ok
2026-10-07T12:14:51.2700609Z test regex_favourites::regex_clipboard_components_match_real_qt ... ok
2026-10-07T12:14:51.3050176Z test recent_predicates::recent_predicates_are_kept_as_the_reference_keeps_them ... ok
2026-10-07T12:14:51.3051409Z test related_weights::folded_header_sorts_add_selection_and_independent_tables_match_actual_qt ... ok
2026-10-07T12:14:51.3073710Z test related_weights::namespace_questions_and_detached_tables_match_actual_qt ... ok
2026-10-07T12:14:51.3307068Z test recent_predicates::the_reference_s_recent_predicates_come_across ... ok
2026-10-07T12:14:51.4231499Z test related_weights::binary64_result_rounding_and_sibling_contexts_replay_the_actual_db ... ok
2026-10-07T12:14:51.4240957Z test related_weights::search_and_result_weights_change_actual_qt_cosine_ranking_separately ... ok
2026-10-07T12:14:51.4258297Z test search_log::exchange_questions_replay_actual_reference_answers_and_complete_objects ... ok
2026-10-07T12:14:51.4282224Z test search_log::the_search_log_is_the_references ... ok
2026-10-07T12:14:51.4310203Z test search_or::advanced_boolean_preview_replays_all_operators_escapes_and_real_validation ... ok
2026-10-07T12:14:51.4312888Z test search_or::staged_or_replays_actual_read_broadcasts_rewind_cancel_and_single_unwrap ... ok
2026-10-07T12:14:51.4391762Z test rating_sizes::four_sizes_replay_qt_ranges_fractional_values_cancel_and_reopen ... ok
2026-10-07T12:14:51.5060498Z test related_weights::options_acceptance_merges_only_weights_and_preserves_live_unrelated_preferences ... ok
2026-10-07T12:14:51.5078608Z test selection::selecting_thumbnails_is_the_reference_s ... ok
2026-10-07T12:14:51.5976436Z test services_editor::cancel_name_collision_and_apply_publish_snapshot ... ok
2026-10-07T12:14:51.6406698Z test related_weights::real_service_mappings_replay_recorded_ranks_and_never_cross_service ... ok
2026-10-07T12:14:51.6848442Z test selected_deletion_records::captured_clearable_records_match_actual_reference_changes_during_question ... ok
2026-10-07T12:14:51.6851227Z test services_editor::numerical_example_one_star_retains_live_conversion_but_saves_normalized_scale ... ok
2026-10-07T12:14:51.6873393Z test services_editor::numerical_settings_normalize_as_reference ... ok
2026-10-07T12:14:51.6875084Z test services_editor::rating_example_whole_widget_pointer_routes_replay_qt ... ok
2026-10-07T12:14:51.6961272Z test selected_deletion_records::real_writer_later_batch_error_preserves_first_commit_and_remaining_records ... ok
2026-10-07T12:14:51.7010809Z test services_editor::deletion_reconciles_deleted_union_and_display_counts ... ok
2026-10-07T12:14:51.7361757Z test services_editor::nonempty_domain_race_rejects_and_rolls_back_all_edits ... ok
2026-10-07T12:14:51.7386016Z test services_review::deleted_record_double_confirmation_matches_reference ... ok
2026-10-07T12:14:51.7839059Z test services_editor::writer_rechecks_last_domain_and_rating_limits ... ok
2026-10-07T12:14:51.8244948Z test services_editor::rating_examples_replay_qt_samples_live_configuration_and_no_saved_values ... ok
2026-10-07T12:14:51.8256708Z test session_lifecycle::autosave_replays_idle_retries_period_changes_and_stopping_for_other_startup ... ok
2026-10-07T12:14:51.8271850Z test session_lifecycle::idle_requires_boot_user_mouse_and_api_timeouts_and_enabled_normal_work ... ok
2026-10-07T12:14:51.8272838Z test session_lifecycle::real_auxiliary_dialog_mouse_and_api_actions_update_independent_idle_timers ... ok
2026-10-07T12:14:51.8273821Z test session_lifecycle::recovery_question_matches_real_startup_dialog_labels_message_and_auto_yes_time ... ok
2026-10-07T12:14:51.8274915Z test session_lifecycle::size_warning_replays_real_threshold_seed_weight_disabled_and_one_boot_latch ... ok
2026-10-07T12:14:51.8275715Z test session_saving::backup_menu_labels_match_the_reference ... ok
2026-10-07T12:14:51.8281010Z test session_saving::clear_and_load_asks_as_the_references_does ... ok
2026-10-07T12:14:51.8283623Z test session_saving::saving_sessions_asks_and_saves_as_the_reference ... ok
2026-10-07T12:14:51.8284543Z test session_weight::the_report_weighs_files_as_one_and_urls_as_twenty ... ok
2026-10-07T12:14:51.8286758Z test set_password::scripted_answers_ask_and_save_as_the_reference ... ok
2026-10-07T12:14:51.8323513Z test shortcut_capture::actual_qt_keyboard_and_mouse_controls_replay_exact_values_text_and_modes ... ok
2026-10-07T12:14:51.8331034Z test shortcut_capture::saved_keypad_policy_preserves_digits_and_resolves_non_number_alternates ... ok
2026-10-07T12:14:51.8427987Z test services_editor::reference_rows_guards_and_defaults ... ok
2026-10-07T12:14:51.8772103Z test services_review::local_bulk_actions_match_recorded_confirmations_and_reject_wrong_service ... ok
2026-10-07T12:14:51.8773603Z test shortcut_content::the_editor_builds_and_reads_back_commands ... ok
2026-10-07T12:14:51.8850640Z test shortcut_sets::a_new_client_has_the_reference_s_default_sets ... ok
2026-10-07T12:14:51.8861813Z test shortcut_sets::custom_sets_are_named_apart_deleted_and_defaults_restored ... ok
2026-10-07T12:14:51.8880889Z test shortcut_sets::names_order_and_descriptions_are_the_reference_s ... ok
2026-10-07T12:14:51.8882989Z test shutdown_work::shutdown_work_runs_asks_or_skips_as_the_reference_decides ... ok
2026-10-07T12:14:51.9309835Z test services_review::review_matches_reference_statistics ... ok
2026-10-07T12:14:52.0189840Z test shutdown_work::the_work_analyzes_the_due_tables_and_registers_itself ... ok
2026-10-07T12:14:52.0246226Z test shortcut_content::a_tag_is_added_then_flipped_off ... ok
2026-10-07T12:14:52.0552321Z test shortcut_content::ratings_set_flip_and_step ... ok
2026-10-07T12:14:52.1034065Z test sidecar_descriptions::routers_are_described_as_the_reference_describes_them ... ok
2026-10-07T12:14:52.1057333Z test sibling_colours::qt_collapsed_parent_suffix_keeps_its_own_fade_and_ideal_trailing_colour ... ok
2026-10-07T12:14:52.1077638Z test sidecar_editors::recorded_router_queue_restrictions_veto_wrong_direction_and_sources ... ok
2026-10-07T12:14:52.1659174Z test sidecar_editors::json_object_name_queue_replays_literal_reference_rows_and_exporter_values ... ok
2026-10-07T12:14:52.1980670Z test sidecar_editors::recorded_router_tables_and_child_strings_use_real_sidecars_and_read_only_media ... ok
2026-10-07T12:14:52.2767490Z test sidecar_previews::each_files_sidecars_are_shown_as_the_reference_shows_them ... ok
2026-10-07T12:14:52.3192649Z test sibling_connector::connector_options_replay_stage_cancel_apply_and_live_consumers ... ok
2026-10-07T12:14:52.3201651Z test sidecar_editors::the_sidecar_editors_show_and_edit_as_the_reference_does ... ok
2026-10-07T12:14:52.3270978Z test string_converter_editor::date_controls_and_live_preview_follow_real_qt_accept_cancel_and_reorder ... ok
2026-10-07T12:14:52.3288765Z test string_converter_editor::last_conversion_loads_reference_options_then_native_override ... ok
2026-10-07T12:14:52.3431084Z test string_converter_editor::the_string_converter_editor_works_as_the_references_does ... ok
2026-10-07T12:14:52.3444986Z test string_match_editor::the_string_match_editor_works_as_the_references_does ... ok
2026-10-07T12:14:52.3451436Z test string_processor_editor::processor_exchange_appends_reference_steps_and_rejects_invalid_data_atomically ... ok
2026-10-07T12:14:52.3514453Z test string_processor_editor::the_string_processor_editor_works_as_the_references_does ... ok
2026-10-07T12:14:52.3551137Z test string_tag_filter_tests::a_tag_filter_step_tests_its_example_as_the_references_does ... ok
2026-10-07T12:14:52.4119603Z test sort_cog::actual_sidebar_availability_and_independent_collect_service_checks ... ok
2026-10-07T12:14:52.4152821Z test subscription_exchange::missing_history_question_matches_actual_qt_message_title_and_decisions ... ok
2026-10-07T12:14:52.4322222Z test subscription_exchange::draft_log_changes_export_exact_reference_counts_examples_and_complete_histories ... ok
2026-10-07T12:14:52.4361580Z test subscription_exchange::unsupported_seed_runtime_data_leaves_the_entire_owner_draft_unchanged ... ok
2026-10-07T12:14:52.4392283Z test subscription_import_options::subscription_paste_modes_and_clear_match_recorded_reference_outputs ... ok
2026-10-07T12:14:52.4795878Z test sort_cog::menus_replay_service_order_separators_views_checks_and_full_context_preservation ... ok
2026-10-07T12:14:52.4799414Z test subscriptions_buttons::batch_merge_reserves_names_after_absorption_and_keeps_successor_edits ... ok
2026-10-07T12:14:52.4920528Z test subscription_exchange::staged_full_subscription_import_resolves_names_and_persists_both_histories ... ok
2026-10-07T12:14:52.4953576Z test subscriptions_dedupe::deduplicate_asks_and_dedupes_as_the_reference ... ok
2026-10-07T12:14:52.5062087Z test subscriptions_list::the_dialogs_buttons_act_as_the_references ... ok
2026-10-07T12:14:52.5100611Z test subscriptions_list::the_list_sorts_by_the_column_chosen ... ok
2026-10-07T12:14:52.5101460Z test subscriptions_list::the_lists_rows_are_the_references ... ok
2026-10-07T12:14:52.5107226Z test subscriptions_buttons::the_other_buttons_act_as_the_references ... ok
2026-10-07T12:14:52.5108865Z test tab_context::dynamic_close_select_move_and_sort_menus_match_real_reference ... ok
2026-10-07T12:14:52.5109882Z test system_or_activation::actual_system_activation_replays_shift_cancel_drafts_and_outer_acceptance ... ok
2026-10-07T12:14:52.5110997Z test tab_context::menus_expose_six_sorts_and_only_possible_moves ... ok
2026-10-07T12:14:52.5112056Z test tab_context::notebook_session_submenus_match_actual_tab_popup_reserved_name_rules ... ok
2026-10-07T12:14:52.5113127Z test tab_drag::drag_threshold_disabled_and_cancel_are_owned_and_deterministic ... ok
2026-10-07T12:14:52.5121405Z test tab_context::sorts_and_moves_match_the_reference ... ok
2026-10-07T12:14:52.5126649Z test tab_drag::real_drop_order_and_independent_shift_decisions_preserve_the_source_object ... ok
2026-10-07T12:14:52.5892942Z test subscription_quality::durable_logs_and_current_file_states_match_reference_quality_outputs ... ok
2026-10-07T12:14:52.5907711Z test tab_presentation::middle_names_replay_actual_qt_paint_without_changing_stored_names ... ok
2026-10-07T12:14:52.6035141Z test tag_banner::detached_banner_drafts_match_actual_qt_queue_and_live_preview ... ok
2026-10-07T12:14:52.6828585Z test sibling_colours::qt_sibling_colours_stage_cancel_apply_reopen_and_all_live_model_runs ... ok
2026-10-07T12:14:52.6847338Z test tag_banner::unicode_decimal_chunk_order_and_live_preview_match_actual_qt ... ok
2026-10-07T12:14:52.6897215Z test tag_banner::option_banner_children_stage_by_original_target_and_save_only_with_parent ... ok
2026-10-07T12:14:52.7169940Z test tab_drag::independent_drag_preferences_replay_exact_qt_options_cancel_save_and_reopen ... ok
2026-10-07T12:14:52.9075789Z test tag_dialog_preferences::options_defaults_stage_cancel_apply_and_preserve_autocomplete_preferences ... ok
2026-10-07T12:14:52.9291028Z test tag_dialog_defaults::tag_service_defaults_and_immediate_memory_replay_reference_dialogs ... ok
2026-10-07T12:14:53.0457212Z test tag_display::deleting_the_last_applied_source_preserves_disabled_self_rules ... ok
2026-10-07T12:14:53.1244664Z test tag_display::staged_interlocks_match_reference ... ok
2026-10-07T12:14:53.1262392Z test tag_display::widget_options_gate_gui_queries_only ... ok
2026-10-07T12:14:53.1963025Z test tag_display::queues_disable_reorder_reopen_counts_daemon_and_clear_filter ... ok
2026-10-07T12:14:53.2005166Z test tag_filter_editor::the_editor_shows_and_edits_a_filter_as_the_reference_does ... ok
2026-10-07T12:14:53.2829497Z test tag_filter_favourites::concurrent_favourite_saves_merge_and_invalid_exchange_cannot_change_settings ... ok
2026-10-07T12:14:53.2835419Z test tag_filter_favourites::reference_bulk_paste_and_extra_blacklist_panels_keep_rule_and_test_semantics ... ok
2026-10-07T12:14:53.3298997Z test tag_dialog_preferences::storage_rows_and_service_topologies_replay_all_reference_combinations ... ok
2026-10-07T12:14:53.3441295Z test tag_display::write_autocomplete_uses_override_or_launcher_domain_and_rejects_tag_locations ... ok
2026-10-07T12:14:53.3885142Z test tag_filter_favourites::reference_favourite_workflow_preserves_cancelled_drafts_and_saves_immediately ... ok
2026-10-07T12:14:53.3887389Z test tag_migration::migration_popup_speed_and_phase_text_replay_actual_qt_outputs ... ok
2026-10-07T12:14:53.4111434Z test tag_migration::archive_inspection_choices_cancellation_and_count_summaries_match_qt ... ok
2026-10-07T12:14:53.4257153Z test tab_presentation::legacy_defaults_and_staged_controls_replay_actual_options_then_reopen ... ok
2026-10-07T12:14:53.4994791Z test tag_migration::reference_choices_and_second_confirmation ... ok
2026-10-07T12:14:53.5070499Z test tag_migration::pair_summary_replays_equal_asymmetric_and_equal_text_distinct_filters ... ok
2026-10-07T12:14:53.6105047Z test tag_namespace_order::namespace_changes_merge_with_concurrent_presentation_edits_and_unchanged_list ... ok
2026-10-07T12:14:53.6140097Z test tag_namespace_order::raw_allow_blank_queue_actions_and_all_tag_sorts_match_qt ... ok
2026-10-07T12:14:53.6578209Z test tag_migration::reference_database_pending_outcomes ... ok
2026-10-07T12:14:53.6676662Z test tag_list_display_types::exact_choices_stage_cancel_apply_reopen_and_preserve_old_payload_defaults ... ok
2026-10-07T12:14:53.7007282Z test tag_relationships::apply_republishes_graphs_and_counts_atomically_and_rolls_back_errors ... ok
2026-10-07T12:14:53.7308086Z test tag_relationships::changes_refresh_other_services_applying_the_source ... ok
2026-10-07T12:14:53.7533227Z test tag_relationships::invalid_batch_graphs_are_reported_and_leave_valid_relationships_untouched ... ok
2026-10-07T12:14:53.7761529Z test tag_relationships::per_service_inputs_cancel_import_and_selection ... ok
2026-10-07T12:14:53.7762711Z test tag_suggestions::broadcast_keeps_selected_tag_identity_but_switching_services_retires_selection ... ok
2026-10-07T12:14:53.7936385Z test tag_migration::reference_database_pair_filters_and_destinations ... ok
2026-10-07T12:14:53.8421710Z test tag_relationships::repository_changes_keep_reasons_and_rescinds_across_reopen ... ok
2026-10-07T12:14:53.9108287Z test tag_sync_review::a_service_counts_its_rules ... ok
2026-10-07T12:14:53.9109018Z test tag_sync_review::the_status_follows_the_sync_switches ... ok
2026-10-07T12:14:54.0695161Z test tag_suggestions::most_used_options_merge_per_service_and_reach_filtered_add_only_media ... ok
2026-10-07T12:14:54.0696025Z test thumbnail_cache::byte_amount_unit_decomposition_matches_real_qt_controls ... ok
2026-10-07T12:14:54.0711658Z test thumbnail_cache::byte_lru_soft_overflow_timeout_touch_policy_and_clear_match_actual_reference ... ok
2026-10-07T12:14:54.1081658Z test tag_relationships::reference_rows_questions_conflicts_and_loops ... ok
2026-10-07T12:14:54.2610900Z test tag_suggestions::layout_and_default_choices_replay_all_recorded_available_pages_without_eager_writes ... ok
2026-10-07T12:14:54.2614774Z test thumbnail_maintenance::jobs_are_in_the_reference_s_order_with_its_words ... ok
2026-10-07T12:14:54.2631652Z test thumbnail_maintenance::questions_follow_the_selection_size ... ok
2026-10-07T12:14:54.2632538Z test thumbnail_navigation::exact_visibility_boundaries_and_rate_ties_negative_zero_and_errors_match_qt ... ok
2026-10-07T12:14:54.2633814Z test thumbnail_navigation::optional_last_hit_origin_preserves_actual_ranges_focus_and_repeated_navigation ... ok
2026-10-07T12:14:54.2743366Z test thumbnail_cache::independent_options_edits_merge_with_a_newer_saved_timeout ... ok
2026-10-07T12:14:54.2986030Z test thumbnail_cache::raw_timeout_is_preserved_until_its_minute_fields_are_edited ... ok
2026-10-07T12:14:54.3101455Z test thumbnail_appearance::actual_defaults_cancel_raw_paths_reopen_and_current_field_merge ... ok
2026-10-07T12:14:54.3111020Z test thumbnail_preview_selection::all_qt_modifier_ranges_focus_anchor_ghost_and_keyboard_publications ... ok
2026-10-07T12:14:54.3131354Z test thumbnail_ratings::a_counter_is_as_wide_as_the_reference_s ... ok
2026-10-07T12:14:54.3132228Z test thumbnail_ratings::a_fraction_is_written_as_the_reference_writes_it ... ok
2026-10-07T12:14:54.3171666Z test thumbnail_preview_selection::exact_singleton_zero_and_collection_aggregate_duration_eligibility ... ok
2026-10-07T12:14:54.5302267Z test thumbnail_ratings::numerical_ratings_shapes_are_placed_as_the_reference_s_are ... ok
2026-10-07T12:14:54.5361329Z test thumbnail_ratings::ratings_of_a_kind_share_a_row ... ok
2026-10-07T12:14:54.5391355Z test times_editor::a_file_modified_time_before_1980_stays_off_a_windows_disk ... ok
2026-10-07T12:14:54.5411228Z test times_editor::the_manage_times_dialog_works_as_the_references_does ... ok
2026-10-07T12:14:54.7695357Z test unselected_tag_cap::recorded_bounds_none_zero_cancel_and_saved_preferences ... ok
2026-10-07T12:14:54.7730040Z test urls_editor::the_manage_urls_dialog_works_as_the_references_does ... ok
2026-10-07T12:14:54.7732251Z test vacuum_review::a_row_says_size_free_space_and_readiness ... ok
2026-10-07T12:14:54.7734978Z test vacuum_review::estimates_read_as_the_reference_s ... ok
2026-10-07T12:14:54.7735918Z test viewer_closing::closing_actions_match_real_reference_notification_order ... ok
2026-10-07T12:14:54.7737160Z test viewer_cursor::actual_cursor_checks_match_reference_clock_focus_menu_and_motion ... ok
2026-10-07T12:14:54.8692527Z test viewer_drag::anchor_options_remain_drafts_until_apply_and_survive_reopen ... ok
2026-10-07T12:14:54.8700435Z test viewer_drag::anchored_and_touch_overridden_drags_replay_actual_qt_threshold_and_warps ... ok
2026-10-07T12:14:54.8769073Z test viewer_prefetch::actual_atomic_finished_only_flush_preserves_all_entries_on_failure ... ok
2026-10-07T12:14:54.8842192Z test viewer_prefetch::actual_pending_loaded_recounts_equality_unknown_and_one_miss_passes ... ok
2026-10-07T12:14:54.8881126Z test viewer_prefetch::all_actual_circular_next_first_neighbour_orders_and_controls ... ok
2026-10-07T12:14:54.9238097Z test thumbnail_navigation::staged_exact_controls_import_cancel_invalid_rate_save_and_reopen_match_qt ... ok
2026-10-07T12:14:54.9243155Z test viewer_shortcut_menu::custom_sets_flip_on_and_off_in_order ... ok
2026-10-07T12:14:54.9962768Z test viewer_prefetch::legacy_native_wins_and_normalized_passive_apply_preserves_concurrent_fields ... ok
2026-10-07T12:14:54.9981246Z test viewer_tag_wheel::parent_wheel_gates_replay_actual_qt_boundaries_and_directions ... ok
2026-10-07T12:14:55.0251703Z test viewer_tag_wheel::four_policy_choices_stage_cancel_save_and_reopen_with_reference_labels ... ok
2026-10-07T12:14:55.0825294Z test viewing_maintenance::cull_reads_current_rules_and_a_preview_validation_failure_preserves_media_rows ... ok
2026-10-07T12:14:55.0851833Z test thumbnail_ratings::the_ratings_over_thumbnails_are_the_references ... ok
2026-10-07T12:14:55.0899195Z test viewing_statistics::completed_view_policy_matches_real_manager_caps_minima_durations_and_filter_switches ... ok
2026-10-07T12:14:55.0924287Z test viewing_statistics::preview_timed_policy_matches_actual_manager_and_keeps_its_own_canvas_category ... ok
2026-10-07T12:14:55.1064258Z test thumbnail_preview_selection::actual_defaults_disabled_values_cancel_reopen_and_edited_field_merge ... ok
2026-10-07T12:14:55.2048278Z test viewing_maintenance::reference_clear_cull_questions_rules_errors_and_real_reopened_media_match ... ok
2026-10-07T12:14:55.2104594Z test viewing_statistics::preview_options_replay_actual_none_bounds_conversion_and_cancelled_parent ... ok
2026-10-07T12:14:55.2268237Z test viewing_statistics::timing_controls_replay_qt_bounds_none_and_millisecond_conversion ... ok
2026-10-07T12:14:55.2301088Z test window_rescue::actual_visibility_corner_order_fuzzy_tests_and_fallback_match_qt ... ok
2026-10-07T12:14:55.2576905Z test viewing_statistics::tracker_counts_once_on_change_or_close_reads_live_policy_and_preserves_latest_start ... ok
2026-10-07T12:14:55.2821946Z test viewing_statistics::viewing_menu_controls_match_qt_and_preserve_the_parent_draft ... ok
2026-10-07T12:14:55.4218183Z test viewtime_milliseconds::editor_and_imported_predicates_match_reference_millisecond_queries ... ok
2026-10-07T12:14:55.4632784Z test write_autocomplete::children_limit_option_matches_reference_and_persists_only_accepted_drafts ... ok
2026-10-07T12:14:55.5025462Z test write_autocomplete::clipboard_additions_keep_existing_text_and_result_selection ... ok
2026-10-07T12:14:55.5836629Z test write_autocomplete::detached_import_tag_lists_replay_reference_and_never_mutate_caller ... ok
2026-10-07T12:14:55.5901382Z test window_rescue::staged_bounds_import_cancel_persistence_and_reopen_match_actual_qt ... ok
2026-10-07T12:14:55.6747998Z test write_autocomplete::exact_rows_counts_domains_decorations_and_first_selection_match_reference ... ok
2026-10-07T12:14:55.6856242Z test write_autocomplete::favourite_and_count_ordered_children_tabs_replay_reference_caps_and_context ... ok
2026-10-07T12:14:55.8051594Z test write_autocomplete::paste_questions_skip_and_add_only_staging_follow_reference ... ok
2026-10-07T12:14:55.8146317Z test write_autocomplete::favourite_options_replay_add_only_choices_and_parent_transaction ... ok
2026-10-07T12:14:55.8973165Z test write_autocomplete::read_favourite_and_children_tabs_replay_real_qt_lists_and_context_changes ... ok
2026-10-07T12:14:55.9171882Z test write_autocomplete::recorded_logical_selection_ranges_parent_hits_and_batch_activation ... ok
2026-10-07T12:14:55.9961871Z test write_autocomplete::relationship_inputs_replay_real_add_only_paste_and_opposite_side_removal ... ok
2026-10-07T12:14:56.0096049Z test write_autocomplete::seeded_relationship_editors_replay_service_defaults_memory_and_cancel ... ok
2026-10-07T12:14:56.0419721Z test write_autocomplete::six_write_options_replay_recorded_defaults_and_stay_staged_until_apply ... ok
2026-10-07T12:14:56.0990809Z test write_autocomplete::tag_menu_copy_decorations_favourites_and_launch_replay_real_qt_actions ... ok
2026-10-07T12:14:56.1078901Z test write_autocomplete::write_domain_menus_and_interlocks_replay_reference_without_persisting_options ... ok
2026-10-07T12:14:56.1079441Z 
2026-10-07T12:14:56.1079682Z test result: ok. 525 passed; 0 failed; 0 ignored; 0 measured; 0 filtered out; finished in 15.49s
2026-10-07T12:14:56.1080101Z 
2026-10-07T12:14:56.1113110Z [1m[92m     Running[0m unittests src/lib.rs (target/debug/deps/hydrus_import-d090caef246773ad)
2026-10-07T12:14:56.1126298Z 
2026-10-07T12:14:56.1126470Z running 6 tests
2026-10-07T12:14:56.1131353Z test failure_identity_tests::missing_ffmpeg_data_keeps_its_reference_exception_identity ... ok
2026-10-07T12:14:56.1132351Z test paths::tests::conflicting_names_get_numbers ... ok
2026-10-07T12:14:56.1133267Z test paths::tests::nice_permission_bits_keep_to_the_umask ... ok
2026-10-07T12:14:56.1134736Z test paths::tests::sidecars_are_told_apart_from_files ... ok
2026-10-07T12:14:56.1137876Z test status::tests::times_read_like_the_reference ... ok
2026-10-07T12:14:56.1687621Z test formatting_tests::saved_figures_replay_all_reference_rejections_and_critical_drive_pause ... ok
2026-10-07T12:14:56.1688207Z 
2026-10-07T12:14:56.1688553Z test result: ok. 6 passed; 0 failed; 0 ignored; 0 measured; 0 filtered out; finished in 0.06s
2026-10-07T12:14:56.1689029Z 
2026-10-07T12:14:56.1693306Z [1m[92m     Running[0m tests/file_handling.rs (target/debug/deps/file_handling-7eb5c45ea94205cc)
2026-10-07T12:14:56.1713922Z 
2026-10-07T12:14:56.1714066Z running 1 test
2026-10-07T12:14:56.2368663Z test an_importer_applies_the_store_s_file_handling ... ok
2026-10-07T12:14:56.2369028Z 
2026-10-07T12:14:56.2369337Z test result: ok. 1 passed; 0 failed; 0 ignored; 0 measured; 0 filtered out; finished in 0.07s
2026-10-07T12:14:56.2369779Z 
2026-10-07T12:14:56.2375638Z [1m[92m     Running[0m tests/file_maintenance.rs (target/debug/deps/file_maintenance-fa0e8559b51601c5)
2026-10-07T12:14:56.2396457Z 
2026-10-07T12:14:56.2396628Z running 8 tests
2026-10-07T12:14:56.4303088Z test ordinary_contended_pass_defers_without_waiting_or_consuming_jobs ... ok
2026-10-07T12:14:56.5158819Z test cancellation_from_pre_job_hook_finishes_current_file_then_preserves_next ... ok
2026-10-07T12:14:56.5181312Z test controlled_runner_cancels_after_one_committed_file_without_consuming_the_next ... ok
2026-10-07T12:14:56.6211318Z test pre_job_hook_precedes_work_and_clear_runs_between_fetched_batches ... ok
2026-10-07T12:14:56.7616056Z test damaged_files_are_dealt_with_as_the_reference_does ... ok
2026-10-07T12:14:56.7858534Z test selected_runner_keeps_lease_budget_and_cancellation_boundaries ... ok
2026-10-07T12:14:56.8406273Z test selected_immediate_work_skips_global_backlog_before_limit_and_commits_only_selection ... ok
2026-10-07T12:14:57.3747783Z test queued_jobs_come_across_and_put_back_what_they_regenerate ... ok
2026-10-07T12:14:57.3748120Z 
2026-10-07T12:14:57.3748372Z test result: ok. 8 passed; 0 failed; 0 ignored; 0 measured; 0 filtered out; finished in 1.14s
2026-10-07T12:14:57.3748712Z 
2026-10-07T12:14:57.3764237Z [1m[92m     Running[0m tests/image_colour.rs (target/debug/deps/image_colour-3b8cb4b2bc6c4399)
2026-10-07T12:14:57.3783838Z 
2026-10-07T12:14:57.3783960Z running 1 test
2026-10-07T12:14:57.4633178Z test actual_import_pixels_and_generated_thumbnails_follow_saved_policy_without_recreating_importer ... ok
2026-10-07T12:14:57.4633556Z 
2026-10-07T12:14:57.4633775Z test result: ok. 1 passed; 0 failed; 0 ignored; 0 measured; 0 filtered out; finished in 0.08s
2026-10-07T12:14:57.4634057Z 
2026-10-07T12:14:57.4638943Z [1m[92m     Running[0m tests/import.rs (target/debug/deps/import-c37cbe5109d20abc)
2026-10-07T12:14:57.4657189Z 
2026-10-07T12:14:57.4657400Z running 9 tests
2026-10-07T12:14:57.5581948Z test decompression_bombs_are_vetoed_when_the_options_say_so ... ok
2026-10-07T12:14:57.5678529Z test a_failed_copy_into_storage_pauses_the_importers ... ok
2026-10-07T12:14:57.5865367Z test a_new_file_with_no_import_destination_is_vetoed ... ok
2026-10-07T12:14:57.6023296Z test a_missing_thumbnail_is_made_again_from_its_file ... ok
2026-10-07T12:14:57.6570874Z test imports_record_xmp_iptc_and_software_flags ... ok
2026-10-07T12:14:57.6831666Z test reimports_report_what_the_client_knows ... ok
2026-10-07T12:14:57.7181441Z test rules_veto_and_bad_files_error ... ok
2026-10-07T12:14:57.7757872Z test saved_precision_reaches_actual_import_rejection_without_importing_or_changing_rules ... ok
2026-10-07T12:14:57.9756600Z test imports_match_what_the_reference_records ... ok
2026-10-07T12:14:57.9756935Z 
2026-10-07T12:14:57.9757247Z test result: ok. 9 passed; 0 failed; 0 ignored; 0 measured; 0 filtered out; finished in 0.51s
2026-10-07T12:14:57.9757567Z 
2026-10-07T12:14:57.9770984Z [1m[92m     Running[0m tests/similar_files.rs (target/debug/deps/similar_files-3598e24401ada691)
2026-10-07T12:14:57.9789515Z 
2026-10-07T12:14:57.9789627Z running 1 test
2026-10-07T12:14:58.3279263Z test the_search_finds_what_the_reference_found ... ok
2026-10-07T12:14:58.3279644Z 
2026-10-07T12:14:58.3280222Z test result: ok. 1 passed; 0 failed; 0 ignored; 0 measured; 0 filtered out; finished in 0.35s
2026-10-07T12:14:58.3280776Z 
2026-10-07T12:14:58.3285793Z [1m[92m     Running[0m unittests src/lib.rs (target/debug/deps/hydrus_legacy-3094baf4d54f7dda)
2026-10-07T12:14:58.3296453Z 
2026-10-07T12:14:58.3296580Z running 34 tests
2026-10-07T12:14:58.3300969Z test db::tests::uri_escaping ... ok
2026-10-07T12:14:58.3301600Z test objects::client_api::tests::v1_permissions_upgrade ... ok
2026-10-07T12:14:58.3365941Z test objects::client_options::tests::the_default_downloader_comes_across ... ok
2026-10-07T12:14:58.3411388Z test objects::client_options::tests::the_new_client_defaults_decode ... ok
2026-10-07T12:14:58.3470804Z test objects::client_options::tests::the_recent_predicates_come_across ... ok
2026-10-07T12:14:58.3492500Z test objects::client_options::tests::the_slideshow_options_come_across ... ok
2026-10-07T12:14:58.3561260Z test objects::client_options::tests::custom_defaults_keep_supported_records_and_preserve_unknown_raw_options ... ok
2026-10-07T12:14:58.3577843Z test objects::client_options::tests::the_tab_name_options_come_across ... ok
2026-10-07T12:14:58.3591498Z test objects::client_options::tests::the_thumbnail_rating_options_come_across ... ok
2026-10-07T12:14:58.3592481Z test objects::legacy_options::tests::anchors_and_aliases ... ok
2026-10-07T12:14:58.3593725Z test objects::legacy_options::tests::defaults_fill_missing_keys ... ok
2026-10-07T12:14:58.3594528Z test objects::legacy_options::tests::pyyaml_scalars ... ok
2026-10-07T12:14:58.3595477Z test objects::legacy_options::tests::tags_and_null_keys ... ok
2026-10-07T12:14:58.3596295Z test objects::logins::tests::reads_which_domains_log_in ... ok
2026-10-07T12:14:58.3596942Z test objects::services::tests::legacy_paused_flag ... ok
2026-10-07T12:14:58.3597690Z test objects::services::tests::missing_settings_take_reference_defaults ... ok
2026-10-07T12:14:58.3598558Z test objects::services::tests::star_conversions_match_reference_formulas ... ok
2026-10-07T12:14:58.3599514Z test objects::sidecars::tests::old_routers_are_upgraded_as_the_reference_does ... ok
2026-10-07T12:14:58.3600402Z test objects::sort::tests::media_sort_upgrades ... ok
2026-10-07T12:14:58.3601163Z test objects::tag_display::tests::autocomplete_v1_upgrade ... ok
2026-10-07T12:14:58.3601915Z test objects::tag_display::tests::manager_versions ... ok
2026-10-07T12:14:58.3602624Z test objects::tag_filter::tests::exceptions_beat_blanket_rules ... ok
2026-10-07T12:14:58.3603456Z test objects::tag_filter::tests::later_rules_replace_earlier_ones ... ok
2026-10-07T12:14:58.3604214Z test objects::tag_filter::tests::namespace_rules ... ok
2026-10-07T12:14:58.3604818Z test paths::tests::portable_paths ... ok
2026-10-07T12:14:58.3605306Z test paths::tests::prefix_nesting ... ok
2026-10-07T12:14:58.3605989Z test serialisable::tests::container_upgrades ... ok
2026-10-07T12:14:58.3606648Z test serialisable::tests::dictionary_meta_encoding ... ok
2026-10-07T12:14:58.3607401Z test serialisable::tests::irregular_containers_are_kept_verbatim ... ok
2026-10-07T12:14:58.3608112Z test serialisable::tests::named_objects_and_bytes_dicts ... ok
2026-10-07T12:14:58.3631624Z test serialisable::types::tests::table_is_sorted_and_unique ... ok
2026-10-07T12:14:58.3632361Z test objects::client_options::tests::the_volumes_and_mutes_come_across ... ok
2026-10-07T12:14:58.3641403Z test objects::client_options::tests::whether_a_full_downloader_page_asks_before_closing_comes_across ... ok
2026-10-07T12:14:58.3653901Z test db::tests::the_connection_refuses_every_write ... ok
2026-10-07T12:14:58.3654217Z 
2026-10-07T12:14:58.3654434Z test result: ok. 34 passed; 0 failed; 0 ignored; 0 measured; 0 filtered out; finished in 0.04s
2026-10-07T12:14:58.3654709Z 
2026-10-07T12:14:58.3658623Z [1m[92m     Running[0m tests/access.rs (target/debug/deps/access-8dbfbdc473eae410)
2026-10-07T12:14:58.3668680Z 
2026-10-07T12:14:58.3668897Z running 8 tests
2026-10-07T12:14:58.4331227Z test per_service_readers_check_the_service ... ok
2026-10-07T12:14:58.4361301Z test read_only_directory_falls_back_to_immutable ... ok
2026-10-07T12:14:58.4371118Z test pagination_does_not_change_results ... ok
2026-10-07T12:14:58.4410790Z test immutable_mode_creates_nothing ... ok
2026-10-07T12:14:58.5070749Z test rejects_directories_that_are_not_databases ... ok
2026-10-07T12:14:58.5184192Z test reading_never_modifies_the_database_files ... ok
2026-10-07T12:14:58.5222697Z test reads_alongside_a_running_writer ... ok
2026-10-07T12:14:58.5634430Z test rejects_other_versions_with_advice ... ok
2026-10-07T12:14:58.5635419Z 
2026-10-07T12:14:58.5635884Z test result: ok. 8 passed; 0 failed; 0 ignored; 0 measured; 0 filtered out; finished in 0.20s
2026-10-07T12:14:58.5636232Z 
2026-10-07T12:14:58.5641874Z [1m[92m     Running[0m tests/auto_resolution.rs (target/debug/deps/auto_resolution-7b722590bb8b71d5)
2026-10-07T12:14:58.5651577Z 
2026-10-07T12:14:58.5651801Z running 1 test
2026-10-07T12:14:58.5796674Z test stored_rules_decode_to_what_the_reference_holds ... ok
2026-10-07T12:14:58.5796964Z 
2026-10-07T12:14:58.5797261Z test result: ok. 1 passed; 0 failed; 0 ignored; 0 measured; 0 filtered out; finished in 0.01s
2026-10-07T12:14:58.5797644Z 
2026-10-07T12:14:58.5799031Z [1m[92m     Running[0m tests/bandwidth.rs (target/debug/deps/bandwidth-13b58b6b9408de48)
2026-10-07T12:14:58.5807843Z 
2026-10-07T12:14:58.5808064Z running 2 tests
2026-10-07T12:14:58.5810776Z test version_1_contexts_kept_domains_and_subscriptions_as_hex ... ok
2026-10-07T12:14:58.6405258Z test bandwidth_rules_and_usage_read_as_the_reference_reads_them ... ok
2026-10-07T12:14:58.6405716Z 
2026-10-07T12:14:58.6406062Z test result: ok. 2 passed; 0 failed; 0 ignored; 0 measured; 0 filtered out; finished in 0.06s
2026-10-07T12:14:58.6406490Z 
2026-10-07T12:14:58.6420121Z [1m[92m     Running[0m tests/formulas.rs (target/debug/deps/formulas-6d44362f3445da09)
2026-10-07T12:14:58.6432057Z 
2026-10-07T12:14:58.6432193Z running 1 test
2026-10-07T12:14:59.0907841Z test formulas_parse_like_the_reference ... ok
2026-10-07T12:14:59.0908200Z 
2026-10-07T12:14:59.0908524Z test result: ok. 1 passed; 0 failed; 0 ignored; 0 measured; 0 filtered out; finished in 0.45s
2026-10-07T12:14:59.0908832Z 
2026-10-07T12:14:59.0922582Z [1m[92m     Running[0m tests/gugs.rs (target/debug/deps/gugs-0aaf82d014fdd778)
2026-10-07T12:14:59.0933168Z 
2026-10-07T12:14:59.0933912Z running 2 tests
2026-10-07T12:14:59.1196050Z test gugs_make_urls_like_the_reference ... ok
2026-10-07T12:14:59.1302431Z test domain_managers_convert_and_nested_gugs_find_theirs ... ok
2026-10-07T12:14:59.1302817Z 
2026-10-07T12:14:59.1303131Z test result: ok. 2 passed; 0 failed; 0 ignored; 0 measured; 0 filtered out; finished in 0.04s
2026-10-07T12:14:59.1303542Z 
2026-10-07T12:14:59.1304100Z [1m[92m     Running[0m tests/gui_sessions.rs (target/debug/deps/gui_sessions-975eb3a820520409)
2026-10-07T12:14:59.1313077Z 
2026-10-07T12:14:59.1313347Z running 3 tests
2026-10-07T12:14:59.1829450Z test sessions_read_as_the_reference_reads_them ... ok
2026-10-07T12:14:59.2772579Z test downloaders_read_as_the_reference_reads_them ... ok
2026-10-07T12:14:59.2818199Z test pages_read_as_the_reference_reads_them ... ok
2026-10-07T12:14:59.2818489Z 
2026-10-07T12:14:59.2818800Z test result: ok. 3 passed; 0 failed; 0 ignored; 0 measured; 0 filtered out; finished in 0.15s
2026-10-07T12:14:59.2819217Z 
2026-10-07T12:14:59.2822540Z [1m[92m     Running[0m tests/import_options.rs (target/debug/deps/import_options-823e9a18be0817ef)
2026-10-07T12:14:59.2831533Z 
2026-10-07T12:14:59.2833147Z running 2 tests
2026-10-07T12:14:59.4518929Z test the_default_manager_is_ours ... ok
2026-10-07T12:14:59.6564920Z test managers_layer_like_the_reference ... ok
2026-10-07T12:14:59.6565354Z 
2026-10-07T12:14:59.6565785Z test result: ok. 2 passed; 0 failed; 0 ignored; 0 measured; 0 filtered out; finished in 0.37s
2026-10-07T12:14:59.6566302Z 
2026-10-07T12:14:59.6566990Z [1m[92m     Running[0m tests/objects.rs (target/debug/deps/objects-b86663f18a77dfb8)
2026-10-07T12:14:59.6579199Z 
2026-10-07T12:14:59.6579339Z running 12 tests
2026-10-07T12:14:59.7181481Z test client_api_permissions_match_the_reference ... ok
2026-10-07T12:14:59.7261372Z test file_paths_match_the_reference ... ok
2026-10-07T12:14:59.7304435Z test client_options_match_what_the_api_reports ... ok
2026-10-07T12:14:59.7342290Z test json_formatting_matches_python ... ok
2026-10-07T12:14:59.7351975Z test every_stored_object_round_trips_byte_for_byte ... ok
2026-10-07T12:14:59.7371049Z test missing_service_settings_take_reference_defaults ... ok
2026-10-07T12:14:59.7417350Z test pickled_cookie_jars_read_like_python ... ok
2026-10-07T12:14:59.7490922Z test serialisable_type_table_matches_the_reference ... ok
2026-10-07T12:14:59.7761085Z test legacy_options_match_what_the_api_reports ... ok
2026-10-07T12:14:59.7823638Z test services_match_the_reference ... ok
2026-10-07T12:14:59.7895588Z test tag_display_and_favourite_searches_match_the_reference ... ok
2026-10-07T12:14:59.7912204Z test upgrades_match_the_reference ... ok
2026-10-07T12:14:59.7912431Z 
2026-10-07T12:14:59.7912680Z test result: ok. 12 passed; 0 failed; 0 ignored; 0 measured; 0 filtered out; finished in 0.13s
2026-10-07T12:14:59.7912969Z 
2026-10-07T12:14:59.7915318Z [1m[92m     Running[0m tests/page_parsers.rs (target/debug/deps/page_parsers-24972a684f8db59c)
2026-10-07T12:14:59.7927407Z 
2026-10-07T12:14:59.7927516Z running 1 test
2026-10-07T12:15:00.4364176Z test page_parsers_parse_like_the_reference ... ok
2026-10-07T12:15:00.4364455Z 
2026-10-07T12:15:00.4364709Z test result: ok. 1 passed; 0 failed; 0 ignored; 0 measured; 0 filtered out; finished in 0.64s
2026-10-07T12:15:00.4365061Z 
2026-10-07T12:15:00.4383745Z [1m[92m     Running[0m tests/sidecars.rs (target/debug/deps/sidecars-5313fe583a99ada0)
2026-10-07T12:15:00.4397509Z 
2026-10-07T12:15:00.4397744Z running 1 test
2026-10-07T12:15:00.5771198Z test routers_work_like_the_reference ... ok
2026-10-07T12:15:00.5771556Z 
2026-10-07T12:15:00.5771911Z test result: ok. 1 passed; 0 failed; 0 ignored; 0 measured; 0 filtered out; finished in 0.14s
2026-10-07T12:15:00.5772390Z 
2026-10-07T12:15:00.5780849Z [1m[92m     Running[0m tests/simple_formulae.rs (target/debug/deps/simple_formulae-8fe6d9976863d4a6)
2026-10-07T12:15:00.5796146Z 
2026-10-07T12:15:00.5796387Z running 1 test
2026-10-07T12:15:00.5809867Z test simple_formulae_find_what_the_references_find ... ok
2026-10-07T12:15:00.5810153Z 
2026-10-07T12:15:00.5810582Z test result: ok. 1 passed; 0 failed; 0 ignored; 0 measured; 0 filtered out; finished in 0.00s
2026-10-07T12:15:00.5810909Z 
2026-10-07T12:15:00.5813303Z [1m[92m     Running[0m tests/string_descriptions.rs (target/debug/deps/string_descriptions-2b362e35aedc630e)
2026-10-07T12:15:00.5822085Z 
2026-10-07T12:15:00.5822240Z running 1 test
2026-10-07T12:15:00.5994580Z test processors_and_their_steps_describe_themselves_as_the_reference_does ... ok
2026-10-07T12:15:00.5995084Z 
2026-10-07T12:15:00.5995332Z test result: ok. 1 passed; 0 failed; 0 ignored; 0 measured; 0 filtered out; finished in 0.02s
2026-10-07T12:15:00.5995671Z 
2026-10-07T12:15:00.5997311Z [1m[92m     Running[0m tests/string_processing.rs (target/debug/deps/string_processing-7f68fa1fe2c0c89a)
2026-10-07T12:15:00.6009256Z 
2026-10-07T12:15:00.6009415Z running 1 test
2026-10-07T12:15:00.6691291Z test processors_process_like_the_reference ... ok
2026-10-07T12:15:00.6691531Z 
2026-10-07T12:15:00.6691757Z test result: ok. 1 passed; 0 failed; 0 ignored; 0 measured; 0 filtered out; finished in 0.07s
2026-10-07T12:15:00.6692042Z 
2026-10-07T12:15:00.6696587Z [1m[92m     Running[0m tests/subscriptions.rs (target/debug/deps/subscriptions-eecf7b77363a3730)
2026-10-07T12:15:00.6704887Z 
2026-10-07T12:15:00.6705045Z running 5 tests
2026-10-07T12:15:00.7291062Z test histories_compact_as_the_reference_compacts_them ... ok
2026-10-07T12:15:00.7291628Z test query_logs_hold_their_seeds_in_order ... ok
2026-10-07T12:15:00.7340964Z test seeds_of_every_version_read_as_the_reference_reads_them ... ok
2026-10-07T12:15:00.7821627Z test checks_are_timed_as_the_reference_times_them ... ok
2026-10-07T12:15:00.7851098Z test subscriptions_read_as_the_reference_reads_them ... ok
2026-10-07T12:15:00.7851430Z 
2026-10-07T12:15:00.7851732Z test result: ok. 5 passed; 0 failed; 0 ignored; 0 measured; 0 filtered out; finished in 0.11s
2026-10-07T12:15:00.7852134Z 
2026-10-07T12:15:00.7869404Z [1m[92m     Running[0m tests/tables.rs (target/debug/deps/tables-d235914d50c28085)
2026-10-07T12:15:00.7879475Z 
2026-10-07T12:15:00.7879747Z running 3 tests
2026-10-07T12:15:00.8393475Z test every_primary_table_matches_the_reference ... ok
2026-10-07T12:15:00.8420733Z test every_table_is_classified ... ok
2026-10-07T12:15:00.8429207Z test tag_text_matches_definitions ... ok
2026-10-07T12:15:00.8429447Z 
2026-10-07T12:15:00.8429735Z test result: ok. 3 passed; 0 failed; 0 ignored; 0 measured; 0 filtered out; finished in 0.05s
2026-10-07T12:15:00.8430135Z 
2026-10-07T12:15:00.8434756Z [1m[92m     Running[0m tests/tag_summaries.rs (target/debug/deps/tag_summaries-f6e6b3107c951fc5)
2026-10-07T12:15:00.8444693Z 
2026-10-07T12:15:00.8444832Z running 1 test
2026-10-07T12:15:00.8471275Z test generators_read_and_summarise_as_the_reference_s ... ok
2026-10-07T12:15:00.8471705Z 
2026-10-07T12:15:00.8472005Z test result: ok. 1 passed; 0 failed; 0 ignored; 0 measured; 0 filtered out; finished in 0.00s
2026-10-07T12:15:00.8472300Z 
2026-10-07T12:15:00.8473854Z [1m[92m     Running[0m tests/url_classes.rs (target/debug/deps/url_classes-2e42857e5ccd2d16)
2026-10-07T12:15:00.8485972Z 
2026-10-07T12:15:00.8486463Z running 1 test
2026-10-07T12:15:00.9342441Z test url_classes_page_and_refer_like_the_reference ... ok
2026-10-07T12:15:00.9342815Z 
2026-10-07T12:15:00.9343159Z test result: ok. 1 passed; 0 failed; 0 ignored; 0 measured; 0 filtered out; finished in 0.09s
2026-10-07T12:15:00.9343484Z 
2026-10-07T12:15:00.9347320Z [1m[92m     Running[0m tests/viewer_zoom.rs (target/debug/deps/viewer_zoom-8e001f565af33c3e)
2026-10-07T12:15:00.9356627Z 
2026-10-07T12:15:00.9356858Z running 2 tests
2026-10-07T12:15:00.9359211Z test zoom_steps_go_through_the_regular_zooms_and_canvas_fit ... ok
2026-10-07T12:15:00.9550521Z test zooms_are_the_references ... ok
2026-10-07T12:15:00.9550868Z 
2026-10-07T12:15:00.9551254Z test result: ok. 2 passed; 0 failed; 0 ignored; 0 measured; 0 filtered out; finished in 0.02s
2026-10-07T12:15:00.9551638Z 
2026-10-07T12:15:00.9553833Z [1m[92m     Running[0m unittests src/lib.rs (target/debug/deps/hydrus_media-bd3fce438491f1bd)
2026-10-07T12:15:00.9565536Z 
2026-10-07T12:15:00.9565663Z running 67 tests
2026-10-07T12:15:00.9573761Z test animation::tests::frames_are_found_by_time ... ok
2026-10-07T12:15:00.9583578Z test animation::tests::ugoiras_play_with_their_timings_and_loop ... ok
2026-10-07T12:15:00.9592121Z test blurhash::tests::base83_encoding ... ok
2026-10-07T12:15:00.9610890Z test blurhash::tests::flat_colours_match_reference ... ok
2026-10-07T12:15:00.9650200Z test animation::tests::stored_loop_counts_match_real_qt_animation_metadata ... ok
2026-10-07T12:15:00.9662803Z test animation::tests::frames_are_seeked_to ... ok
2026-10-07T12:15:00.9665119Z test detect::tests::header_rules ... ok
2026-10-07T12:15:00.9665588Z test encode::tests::jpeg_drops_alpha ... ok
2026-10-07T12:15:00.9666091Z test encode::tests::png_round_trips_exactly ... ok
2026-10-07T12:15:00.9666590Z test encode::tests::webp_is_lossless ... ok
2026-10-07T12:15:00.9667199Z test encode::tests::animations_keep_their_frames_and_merge_repeats ... ok
2026-10-07T12:15:00.9667952Z test blurhash::tests::recovery_pixels_and_invalid_inputs_match_actual_reference_decoder ... ok
2026-10-07T12:15:00.9668933Z test animation::tests::animated_webp_plays_and_loops ... ok
2026-10-07T12:15:00.9669635Z test ffmpeg::parse::tests::frame_counts_and_mappings ... ok
2026-10-07T12:15:00.9685625Z test ffmpeg::parse::tests::stupid_fps_values_are_dropped ... ok
2026-10-07T12:15:00.9686750Z test formats::apng::tests::detects_actl_near_the_top_only ... ok
2026-10-07T12:15:00.9687588Z test formats::apng::tests::durations ... ok
2026-10-07T12:15:00.9688564Z test formats::archive::tests::dirname_matches_posixpath ... ok
2026-10-07T12:15:00.9689209Z test formats::archive::tests::ugoira_json_validation ... ok
2026-10-07T12:15:00.9689640Z test formats::gif::tests::grey_ramp_palette_is_not_needed ... ok
2026-10-07T12:15:00.9695742Z test formats::isobmff::tests::finds_the_alpha_plane_of_heif_and_avif_images ... ok
2026-10-07T12:15:00.9696757Z test formats::ole::tests::property_parsing ... ok
2026-10-07T12:15:00.9697719Z test formats::pdf::tests::text_strings_decode ... ok
2026-10-07T12:15:00.9698543Z test formats::pdf::tests::words_are_counted_like_the_reference ... ok
2026-10-07T12:15:00.9699123Z test formats::pdn::tests::base64 ... ok
2026-10-07T12:15:00.9701013Z test ffmpeg::parse::tests::parses_a_typical_mp4 ... ok
2026-10-07T12:15:00.9701822Z test formats::svg::tests::sizes ... ok
2026-10-07T12:15:00.9711615Z test formats::update::tests::lz4_fallback ... ok
2026-10-07T12:15:00.9712157Z test formats::update::tests::recognises_updates ... ok
2026-10-07T12:15:00.9712785Z test formats::webp::tests::chunk_walk_handles_padding_and_truncation ... ok
2026-10-07T12:15:00.9713657Z test formats::webp::tests::opaque_reader_preserves_payload_duration_disposal_and_file_bytes_across_seeks ... ok
2026-10-07T12:15:00.9714398Z test hashes::tests::known_vectors ... ok
2026-10-07T12:15:00.9744393Z test hashes::tests::streaming_matches_one_shot ... ok
2026-10-07T12:15:00.9746225Z test imaging::cv::tests::flat_images_stay_flat ... ok
2026-10-07T12:15:00.9746900Z test imaging::cv::tests::grey_weights ... ok
2026-10-07T12:15:00.9749081Z test imaging::cv::tests::identity_and_shapes ... ok
2026-10-07T12:15:00.9749615Z test imaging::cvx::tests::kernels_sum_to_one ... ok
2026-10-07T12:15:00.9750191Z test imaging::cvx::tests::reflect_101 ... ok
2026-10-07T12:15:00.9750896Z test imaging::decode::tests::png_bit_unpacking ... ok
2026-10-07T12:15:00.9751500Z test imaging::decode::tests::sniffing ... ok
2026-10-07T12:15:00.9752082Z test imaging::exif::tests::garbage_is_empty ... ok
2026-10-07T12:15:00.9752637Z test imaging::exif::tests::reads_orientation_both_endians ... ok
2026-10-07T12:15:00.9757422Z test imaging::exif::tests::xmp_orientation_fallback ... ok
2026-10-07T12:15:00.9758349Z test imaging::icc::tests::generated_profile_is_loadable ... ok
2026-10-07T12:15:00.9787431Z test imaging::icc::tests::srgb_to_srgb_is_near_identity ... ok
2026-10-07T12:15:00.9789996Z test imaging::icc::tests::untransformable_modes_are_left_alone ... ok
2026-10-07T12:15:00.9790806Z test imaging::metadata::tests::iptc_blocks ... ok
2026-10-07T12:15:00.9792522Z test imaging::metadata::tests::software_comments ... ok
2026-10-07T12:15:00.9793038Z test imaging::metadata::tests::xmp_packets ... ok
2026-10-07T12:15:00.9793579Z test imaging::pil::tests::cmyk_conversion_matches_pillow_formula ... ok
2026-10-07T12:15:00.9796643Z test imaging::pil::tests::transposes_match_pil ... ok
2026-10-07T12:15:00.9797722Z test imaging::resample::tests::coefficients_sum_to_one_in_fixed_point ... ok
2026-10-07T12:15:00.9798396Z test imaging::resample::tests::flat_images_stay_flat ... ok
2026-10-07T12:15:00.9801805Z test imaging::tests::useful_alpha_needs_enough_interesting_pixels ... ok
2026-10-07T12:15:00.9810043Z test mimes::tests::groups_match_reference_implementation ... ok
2026-10-07T12:15:00.9812244Z test mimes::tests::image_extensions ... ok
2026-10-07T12:15:00.9812833Z test phash::tests::flat_image_is_blank ... ok
2026-10-07T12:15:00.9813543Z test text::tests::human_sort_orders_numbers_by_value ... ok
2026-10-07T12:15:00.9814111Z test text::tests::json_detection ... ok
2026-10-07T12:15:00.9814925Z test text::tests::splitlines_matches_python ... ok
2026-10-07T12:15:00.9955180Z test thumbnail::tests::default_thumbnails_have_the_target_size ... ok
2026-10-07T12:15:00.9956388Z test thumbnail::tests::resolution_examples ... ok
2026-10-07T12:15:00.9956908Z test tools::tests::software_comments ... ok
2026-10-07T12:15:00.9957434Z test tools::tests::video_frame_index ... ok
2026-10-07T12:15:01.0199369Z test formats::webp::tests::alpha_bearing_and_incomplete_or_contradictory_containers_are_not_rewritten ... ok
2026-10-07T12:15:01.0507463Z test ffmpeg::deadline_tests::version_deadline_is_captured_once_and_explicit_fixed_configuration_wins ... ok
2026-10-07T12:15:01.9688906Z test ffmpeg::deadline_tests::actual_metadata_timeout_kills_and_reaps_the_admitted_child ... ok
2026-10-07T12:15:01.9689308Z 
2026-10-07T12:15:01.9689579Z test result: ok. 67 passed; 0 failed; 0 ignored; 0 measured; 0 filtered out; finished in 1.01s
2026-10-07T12:15:01.9689907Z 
2026-10-07T12:15:01.9694133Z [1m[92m     Running[0m tests/embedded_metadata.rs (target/debug/deps/embedded_metadata-d24c5ee0af276b87)
2026-10-07T12:15:01.9705152Z 
2026-10-07T12:15:01.9705270Z running 3 tests
2026-10-07T12:15:01.9710640Z test the_window_reads_only_the_reference_s_supported_types ... ok
2026-10-07T12:15:01.9723766Z test pdf_document_fields_match_the_reference ... ok
2026-10-07T12:15:02.0308179Z test the_window_shows_what_the_reference_shows ... ok
2026-10-07T12:15:02.0308497Z 
2026-10-07T12:15:02.0308868Z test result: ok. 3 passed; 0 failed; 0 ignored; 0 measured; 0 filtered out; finished in 0.06s
2026-10-07T12:15:02.0309180Z 
2026-10-07T12:15:02.0312802Z [1m[92m     Running[0m tests/file_handling.rs (target/debug/deps/file_handling-36d98b51feac7ea0)
2026-10-07T12:15:02.0327624Z 
2026-10-07T12:15:02.0327764Z running 1 test
2026-10-07T12:15:02.7093961Z test file_handling_options_match_the_reference ... ok
2026-10-07T12:15:02.7094306Z 
2026-10-07T12:15:02.7094621Z test result: ok. 1 passed; 0 failed; 0 ignored; 0 measured; 0 filtered out; finished in 0.68s
2026-10-07T12:15:02.7095149Z 
2026-10-07T12:15:02.7098344Z [1m[92m     Running[0m tests/image_colour.rs (target/debug/deps/image_colour-c47c41cb418f0502)
2026-10-07T12:15:02.7113778Z 
2026-10-07T12:15:02.7113903Z running 3 tests
2026-10-07T12:15:02.7147901Z test alpha_bearing_animation_retains_existing_blend_disposal_pixels_and_durations ... ok
2026-10-07T12:15:02.7226099Z test native_owned_animation_policy_changes_future_frames_without_resetting_position ... ok
2026-10-07T12:15:02.8616572Z test embedded_policy_preserves_gamma_fallback_and_real_png_jpeg_webp_pixels ... ok
2026-10-07T12:15:02.8616882Z 
2026-10-07T12:15:02.8617104Z test result: ok. 3 passed; 0 failed; 0 ignored; 0 measured; 0 filtered out; finished in 0.15s
2026-10-07T12:15:02.8617387Z 
2026-10-07T12:15:02.8622922Z [1m[92m     Running[0m tests/metadata_flags.rs (target/debug/deps/metadata_flags-8d5dd8dbc41d1ac4)
2026-10-07T12:15:02.8637160Z 
2026-10-07T12:15:02.8637384Z running 1 test
2026-10-07T12:15:06.2008354Z test flags_match_the_reference ... ok
2026-10-07T12:15:06.2008618Z 
2026-10-07T12:15:06.2008860Z test result: ok. 1 passed; 0 failed; 0 ignored; 0 measured; 0 filtered out; finished in 3.34s
2026-10-07T12:15:06.2009150Z 
2026-10-07T12:15:06.2013420Z [1m[92m     Running[0m tests/reference_parity.rs (target/debug/deps/reference_parity-f134eba7808c4061)
2026-10-07T12:15:06.2028783Z 
2026-10-07T12:15:06.2029269Z running 3 tests
2026-10-07T12:15:06.2201227Z test thumbnail_resolutions_match_reference ... ok
2026-10-07T12:15:06.4457263Z test opencv_ports_are_bit_exact ... ok
2026-10-07T12:15:09.1286536Z test corpus_matches_reference ... ok
2026-10-07T12:15:09.1286877Z 
2026-10-07T12:15:09.1287253Z test result: ok. 3 passed; 0 failed; 0 ignored; 0 measured; 0 filtered out; finished in 2.93s
2026-10-07T12:15:09.1287740Z 
2026-10-07T12:15:09.1301708Z [1m[92m     Running[0m tests/visual_data.rs (target/debug/deps/visual_data-30bd27312fe64de6)
2026-10-07T12:15:09.1312358Z 
2026-10-07T12:15:09.1313059Z running 6 tests
2026-10-07T12:15:09.1456440Z test gaussian_blur_of_8_bit_images_is_exact ... ok
2026-10-07T12:15:09.1512195Z test jpeg_quality_matches ... ok
2026-10-07T12:15:09.1579322Z test float_blur_and_resize_are_exact ... ok
2026-10-07T12:15:09.2870598Z test rgb_to_lab_is_exact_for_every_colour ... ok
2026-10-07T12:15:09.3502297Z test area_resizes_of_8_bit_images_are_exact ... ok
2026-10-07T12:15:46.4099989Z test image_summaries_and_verdicts_match ... ok
2026-10-07T12:15:46.4100525Z 
2026-10-07T12:15:46.4101068Z test result: ok. 6 passed; 0 failed; 0 ignored; 0 measured; 0 filtered out; finished in 37.28s
2026-10-07T12:15:46.4101381Z 
2026-10-07T12:15:46.4118322Z [1m[92m     Running[0m unittests src/lib.rs (target/debug/deps/hydrus_net-31aa30c7a8a47120)
2026-10-07T12:15:46.4134151Z 
2026-10-07T12:15:46.4134318Z running 14 tests
2026-10-07T12:15:46.4141315Z test cookies::tests::sends_matching_cookies_longest_path_first ... ok
2026-10-07T12:15:46.4142020Z test cookies::tests::reads_set_cookie_like_cookiejar ... ok
2026-10-07T12:15:46.4143019Z test engine::reload_tests::automatic_control_override_has_strict_five_second_boundary_and_sticks ... ok
2026-10-07T12:15:46.4362523Z test engine::reload_tests::connection_retry_skip_is_consumed_once_and_unrelated_wakes_do_not_skip ... ok
2026-10-07T12:15:46.4365832Z test engine::reload_tests::independent_auto_override_owners_do_not_disable_each_other ... ok
2026-10-07T12:15:46.4366618Z test engine::reload_tests::job_speed_samples_the_current_second_and_expires_at_rollover ... ok
2026-10-07T12:15:46.4965344Z test engine::reload_tests::changed_options_are_picked_up ... ok
2026-10-07T12:15:46.5058325Z test engine::reload_tests::options_unchanged_keep_their_slots ... ok
2026-10-07T12:15:46.5204493Z test engine::reload_tests::formatting_refresh_keeps_a_bandwidth_wait_and_its_usage_and_cancel_reason ... ok
2026-10-07T12:15:46.5261398Z test engine::reload_tests::formatting_refresh_wakes_a_pending_gallery_label_and_preserves_its_token_and_job ... ok
2026-10-07T12:15:46.5262614Z test text::tests::decodes_by_header_then_utf8_then_meta_then_guess ... ok
2026-10-07T12:15:46.5736358Z test engine::reload_tests::runtime_domain_scrub_wakes_a_registered_domain_gate_and_preserves_unrelated_errors ... ok
2026-10-07T12:15:46.5840509Z test engine::reload_tests::sleep_detection_obeys_threshold_delay_and_disabled_pending_wait ... ok
2026-10-07T12:15:46.6073544Z test engine::reload_tests::saved_formatting_replays_actual_backend_waits_and_reopens_without_changing_rules ... ok
2026-10-07T12:15:46.6074009Z 
2026-10-07T12:15:46.6074250Z test result: ok. 14 passed; 0 failed; 0 ignored; 0 measured; 0 filtered out; finished in 0.19s
2026-10-07T12:15:46.6074527Z 
2026-10-07T12:15:46.6081842Z [1m[92m     Running[0m tests/engine.rs (target/debug/deps/engine-4c413740794f1a1e)
2026-10-07T12:15:46.6098242Z 
2026-10-07T12:15:46.6098351Z running 25 tests
2026-10-07T12:15:46.9227365Z test a_job_ends_as_the_references_do_and_has_a_speed ... ok
2026-10-07T12:15:47.7237426Z test a_domain_with_several_serious_errors_waits ... ok
2026-10-07T12:15:47.8569995Z test cancels ... ok
2026-10-07T12:15:47.9315673Z test deleting_history_discards_stale_flushes_resets_live_limits_and_wakes_waiters ... ok
2026-10-07T12:15:48.0696655Z test disabling_sleep_detection_reloads_and_releases_pending_requests ... ok
2026-10-07T12:15:48.1034709Z test gives_up_on_redirect_loops_and_dead_servers ... ok
2026-10-07T12:15:48.9689258Z test boot_pause_blocks_real_requests_and_resume_does_not_reset_the_preference ... ok
2026-10-07T12:15:49.0055708Z test keeps_cookies_through_redirects ... ok
2026-10-07T12:15:51.0397567Z test nothing_goes_out_while_all_new_network_traffic_is_paused ... ok
2026-10-07T12:15:51.0754628Z test requests_go_through_the_clients_proxy ... ok
2026-10-07T12:15:51.0894363Z test independent_engines_add_new_usage_without_replacing_each_other_or_double_counting ... ok
2026-10-07T12:15:51.1377733Z test resumes_files_with_ranged_requests ... ok
2026-10-07T12:15:51.1835291Z test runtime_cog_connection_override_releases_only_the_current_retry ... ok
2026-10-07T12:15:51.2507269Z test runtime_cog_gallery_override_does_not_release_other_gallery_waiters ... ok
2026-10-07T12:15:51.2965473Z test runtime_cog_server_retry_domain_scrub_and_retained_error ... ok
2026-10-07T12:15:51.3430626Z test runtime_live_transfer_progress_and_usage_precede_the_durable_save ... ok
2026-10-07T12:15:51.4165199Z test runtime_override_releases_a_live_bandwidth_wait_and_counts_usage ... ok
2026-10-07T12:15:51.5125926Z test runtime_registry_cancellation_ipc_and_dropped_fetch ... ok
2026-10-07T12:15:51.5556884Z test saved_byte_precision_reaches_both_real_overlength_errors_after_reload ... ok
2026-10-07T12:15:51.5875052Z test sends_the_clients_headers ... ok
2026-10-07T12:15:51.6215097Z test statuses_become_errors_or_retries ... ok
2026-10-07T12:15:51.6546704Z test url_class_overrides_and_no_range_for_posts ... ok
2026-10-07T12:15:51.7206770Z test a_header_awaiting_approval_holds_its_requests ... ok
2026-10-07T12:15:52.1236667Z test requests_wait_a_little_after_the_computer_wakes ... ok
2026-10-07T12:15:53.0469613Z test bandwidth_rules_space_out_requests_and_count_their_data ... ok
2026-10-07T12:15:53.0470008Z 
2026-10-07T12:15:53.0470416Z test result: ok. 25 passed; 0 failed; 0 ignored; 0 measured; 0 filtered out; finished in 6.44s
2026-10-07T12:15:53.0470825Z 
2026-10-07T12:15:53.0478767Z [1m[92m     Running[0m tests/login.rs (target/debug/deps/login-9fe43b6f2745fbae)
2026-10-07T12:15:53.0495990Z 
2026-10-07T12:15:53.0496162Z running 14 tests
2026-10-07T12:15:53.1552945Z test cancellation_stops_an_active_request_and_keeps_partial_results ... ok
2026-10-07T12:15:53.1631176Z test abandoned_unpolled_login_worker_releases_metadata_and_the_shared_admission_gate ... ok
2026-10-07T12:15:53.2075699Z test confirmed_login_reset_reaches_an_existing_http_engine_and_keeps_other_sessions ... ok
2026-10-07T12:15:53.2453975Z test completed_step_is_delivered_before_later_http_and_survives_wait_cancellation ... ok
2026-10-07T12:15:53.2478380Z test final_outcomes_guard_script_identity_and_preserve_domain_preferences ... ok
2026-10-07T12:15:53.5077770Z test demand_eligibility_replays_actual_reference_domains_cookies_errors_and_key_fallback ... ok
2026-10-07T12:15:53.6042821Z test global_process_cancel_uses_its_owner_id_and_persists_reference_delay_without_a_second_step ... ok
2026-10-07T12:15:53.6375586Z test invalid_demand_waits_for_ordinary_jobs_and_cancels_subscription_with_recorded_note ... ok
2026-10-07T12:15:53.8411637Z test real_http_steps_replay_reference_tokens_cookie_checks_veto_401_and_cancel ... ok
2026-10-07T12:15:53.8412682Z test request_plan_replaces_www_and_orders_static_credentials_then_temporary_values ... ok
2026-10-07T12:15:53.8743007Z test shared_login_session_state_replays_required_cookie_expiry_and_reset ... ok
2026-10-07T12:15:55.1699505Z test automatic_demand_replays_reference_http_and_reuses_one_connection_slot ... ok
2026-10-07T12:15:55.1766487Z test cancelled_trigger_keeps_reference_global_login_alive_for_another_engine ... ok
2026-10-07T12:15:57.3434740Z test forced_manual_login_serializes_demand_across_independently_opened_engines ... ok
2026-10-07T12:15:57.3435238Z 
2026-10-07T12:15:57.3435534Z test result: ok. 14 passed; 0 failed; 0 ignored; 0 measured; 0 filtered out; finished in 4.29s
2026-10-07T12:15:57.3435926Z 
2026-10-07T12:15:57.3449161Z [1m[92m     Running[0m unittests src/lib.rs (target/debug/deps/hydrus_parse-ce28cf332abaefc7)
2026-10-07T12:15:57.3461776Z 
2026-10-07T12:15:57.3461886Z running 6 tests
2026-10-07T12:15:57.3465555Z test sidecar::tests::json_sidecars_nest_rows_into_existing_objects ... ok
2026-10-07T12:15:57.3466213Z test sidecar::tests::notes_round_trip_through_rows ... ok
2026-10-07T12:15:57.3467248Z test sidecar::tests::sidecar_paths_are_named_like_the_reference ... ok
2026-10-07T12:15:57.3467782Z test text::unescape_tests::notes_are_tidied ... ok
2026-10-07T12:15:57.3468210Z test text::tests::lines_split_like_python ... ok
2026-10-07T12:15:57.3495894Z test folders::tests::filename_tags_come_from_the_path_like_the_reference ... ok
2026-10-07T12:15:57.3496308Z 
2026-10-07T12:15:57.3496605Z test result: ok. 6 passed; 0 failed; 0 ignored; 0 measured; 0 filtered out; finished in 0.00s
2026-10-07T12:15:57.3497047Z 
2026-10-07T12:15:57.3500013Z [1m[92m     Running[0m unittests src/lib.rs (target/debug/deps/hydrus_search-bb7040635a246e1a)
2026-10-07T12:15:57.3516882Z 
2026-10-07T12:15:57.3517014Z running 57 tests
2026-10-07T12:15:57.3521096Z test entry::tests::counters_are_known_by_key_and_by_name_in_any_case ... ok
2026-10-07T12:15:57.3523016Z test entry::tests::ratings_by_key_sort_by_their_service_s_name ... ok
2026-10-07T12:15:57.3535227Z test exec::numbers::tests::counts_match_the_reference_lambda ... ok
2026-10-07T12:15:57.3535974Z test exec::numbers::tests::exclusions_and_edges ... ok
2026-10-07T12:15:57.3546307Z test api::tests::negation_wildcards_and_namespaces ... ok
2026-10-07T12:15:57.3547436Z test exec::numbers::tests::open_ranges_are_strict ... ok
2026-10-07T12:15:57.3548420Z test exec::sort::tests::colour_keys_match_the_reference ... ok
2026-10-07T12:15:57.3549778Z test exec::sort::tests::a_page_s_ties_keep_its_order_and_its_files_without_values_its_default ... ok
2026-10-07T12:15:57.3551117Z test exec::sort::tests::ties_keep_id_order_in_both_directions ... ok
2026-10-07T12:15:57.3551732Z test exec::tags::tests::like_follows_sqlite ... ok
2026-10-07T12:15:57.3553687Z test exec::tags::tests::matching_uses_the_searchable_form ... ok
2026-10-07T12:15:57.3554377Z test exec::tags::tests::patterns_follow_the_reference_modes ... ok
2026-10-07T12:15:57.3555060Z test exec::tags::tests::successors_bound_prefix_ranges ... ok
2026-10-07T12:15:57.3573000Z test exec::sort::tests::sort_codes_match_the_reference ... ok
2026-10-07T12:15:57.3623089Z test api::tests::documented_example ... ok
2026-10-07T12:15:57.3623528Z test api::tests::rejects_bad_input ... ok
2026-10-07T12:15:57.4129047Z test exec::tests::a_page_s_fallback_sort_orders_its_sort_s_ties ... ok
2026-10-07T12:15:57.4176371Z test exec::tests::import_time_sorts_agree_whether_probed_or_from_the_cached_order ... ok
2026-10-07T12:15:57.4202148Z test exec::tests::limits_apply_after_sorting ... ok
2026-10-07T12:15:57.4220776Z test exec::tests::constructed_predicates_without_text_syntax_work ... ok
2026-10-07T12:15:57.4657154Z test exec::tests::every_term_is_understood_by_the_model ... ok
2026-10-07T12:15:57.5011742Z test exec::tests::saved_collect_tag_domains_group_files_as_the_reference_does ... ok
2026-10-07T12:15:57.6967467Z test exec::tests::searches_see_added_tags_as_the_reference_did ... ok
2026-10-07T12:15:57.8808975Z test exec::tests::searches_see_file_lifecycle_changes_as_the_reference_did ... ok
2026-10-07T12:15:57.8815892Z test exec::time::tests::ages_subtract_days_then_months_with_clamping ... ok
2026-10-07T12:15:57.8816647Z test exec::time::tests::dates_are_local_days ... ok
2026-10-07T12:15:57.8817254Z test exec::time::tests::today_is_the_local_date ... ok
2026-10-07T12:15:57.8817871Z test filetype_tests::tests::complete_classes_are_summarised ... ok
2026-10-07T12:15:58.0117365Z test filetype_tests::tests::filetype_words_match_reference_implementation ... ok
2026-10-07T12:15:58.0154744Z test filetype_tests::tests::general_classes_match_reference_implementation ... ok
2026-10-07T12:15:58.0158192Z test filetype_tests::tests::partial_classes_stay_specific ... ok
2026-10-07T12:15:58.0183877Z test filetype_tests::tests::searchable_mimes_match_reference_implementation ... ok
2026-10-07T12:15:58.0202423Z test media::tests::number_tests_treat_missing_values_like_the_reference ... ok
2026-10-07T12:15:58.0220999Z test media::tests::wildcards_match_whole_tags ... ok
2026-10-07T12:15:58.0236282Z test parse::date::tests::ages ... ok
2026-10-07T12:15:58.0252819Z test parse::date::tests::dates ... ok
2026-10-07T12:15:58.0255146Z test parse::date::tests::operator_words ... ok
2026-10-07T12:15:58.0255753Z test parse::names::tests::every_pattern_compiles ... ok
2026-10-07T12:15:58.0256379Z test parse::names::tests::order_decides_between_overlapping_names ... ok
2026-10-07T12:15:58.0257001Z test parse::rating::tests::advanced_selections ... ok
2026-10-07T12:15:58.0257644Z test parse::rating::tests::like_ignores_operators ... ok
2026-10-07T12:15:58.0258240Z test parse::rating::tests::operator_is_found_before_the_value ... ok
2026-10-07T12:15:58.0258873Z test parse::tag_advanced::tests::empty_tags_are_rejected ... ok
2026-10-07T12:15:58.0259543Z test parse::tag_advanced::tests::splits_on_the_first_unquoted_colon ... ok
2026-10-07T12:15:58.0260460Z test parse::tag_advanced::tests::status_words_match_reference_implementation ... ok
2026-10-07T12:15:58.0261618Z test parse::text::tests::maps_lowercase_slices_back_to_the_original ... ok
2026-10-07T12:15:58.0262330Z test parse::text::tests::parses_unicode_decimal_digits_like_python ... ok
2026-10-07T12:15:58.0263006Z test parse::text::tests::rejects_non_system_text ... ok
2026-10-07T12:15:58.0263558Z test parse::text::tests::strips_python_whitespace ... ok
2026-10-07T12:15:58.0264125Z test parse::text::tests::widens_whitespace_classes ... ok
2026-10-07T12:15:58.0264813Z test parse::values::tests::durations ... ok
2026-10-07T12:15:58.0265339Z test parse::values::tests::filetype_lists ... ok
2026-10-07T12:15:58.0265929Z test parse::values::tests::numbers_allow_commas_and_has ... ok
2026-10-07T12:15:58.0266557Z test parse::values::tests::size_units_match_the_first_spelling ... ok
2026-10-07T12:15:58.1605407Z test exec::tests::executor_agrees_with_the_naive_model ... ok
2026-10-07T12:15:58.6100538Z test exec::tests::owned_sort_contexts_replay_default_fallback_cogs_for_files_and_collections ... ok
2026-10-07T12:15:59.6351162Z test exec::tests::pages_collect_as_the_reference_s_pages_collect ... ok
2026-10-07T12:15:59.6351440Z 
2026-10-07T12:15:59.6351657Z test result: ok. 57 passed; 0 failed; 0 ignored; 0 measured; 0 filtered out; finished in 2.28s
2026-10-07T12:15:59.6351945Z 
2026-10-07T12:15:59.6373794Z [1m[92m     Running[0m tests/file_search_options.rs (target/debug/deps/file_search_options-7dfbab109fee8dc2)
2026-10-07T12:15:59.6394900Z 
2026-10-07T12:15:59.6395032Z running 2 tests
2026-10-07T12:15:59.6404971Z test database_sort_eligibility_matches_each_reference_system_sort_and_location ... ok
2026-10-07T12:15:59.7303066Z test implicit_limit_and_explicit_override_match_reference_database_queries ... ok
2026-10-07T12:15:59.7303371Z 
2026-10-07T12:15:59.7303772Z test result: ok. 2 passed; 0 failed; 0 ignored; 0 measured; 0 filtered out; finished in 0.09s
2026-10-07T12:15:59.7304128Z 
2026-10-07T12:15:59.7309968Z [1m[92m     Running[0m tests/media_tests.rs (target/debug/deps/media_tests-12a3071611c745b2)
2026-10-07T12:15:59.7328604Z 
2026-10-07T12:15:59.7329268Z running 2 tests
2026-10-07T12:15:59.8772363Z test comparable_values_match_the_reference ... ok
2026-10-07T12:15:59.9157187Z test predicates_match_the_same_files_as_in_the_reference ... ok
2026-10-07T12:15:59.9157540Z 
2026-10-07T12:15:59.9157856Z test result: ok. 2 passed; 0 failed; 0 ignored; 0 measured; 0 filtered out; finished in 0.18s
2026-10-07T12:15:59.9158236Z 
2026-10-07T12:15:59.9170615Z [1m[92m     Running[0m tests/predicate_entry.rs (target/debug/deps/predicate_entry-625643ad65e60ad2)
2026-10-07T12:15:59.9182260Z 
2026-10-07T12:15:59.9182638Z running 3 tests
2026-10-07T12:15:59.9211413Z test the_order_is_by_the_stored_text_whatever_is_shown ... ok
2026-10-07T12:15:59.9289346Z test entering_predicates_leaves_what_the_reference_s_list_does ... ok
2026-10-07T12:15:59.9307118Z test each_predicate_s_inverse_is_the_reference_s ... ok
2026-10-07T12:15:59.9307550Z 
2026-10-07T12:15:59.9307798Z test result: ok. 3 passed; 0 failed; 0 ignored; 0 measured; 0 filtered out; finished in 0.01s
2026-10-07T12:15:59.9308083Z 
2026-10-07T12:15:59.9312616Z [1m[92m     Running[0m tests/predicate_text.rs (target/debug/deps/predicate_text-bd1a1afbf4841553)
2026-10-07T12:15:59.9323981Z 
2026-10-07T12:15:59.9324360Z running 3 tests
2026-10-07T12:15:59.9848378Z test predicates_the_reference_s_editors_make_are_read_and_written_as_its_own ... ok
2026-10-07T12:16:00.0821005Z test api_searches_are_written_as_the_reference_writes_them ... ok
2026-10-07T12:16:00.1131335Z test predicates_are_written_as_the_reference_writes_them ... ok
2026-10-07T12:16:00.1131976Z 
2026-10-07T12:16:00.1132465Z test result: ok. 3 passed; 0 failed; 0 ignored; 0 measured; 0 filtered out; finished in 0.18s
2026-10-07T12:16:00.1133034Z 
2026-10-07T12:16:00.1145719Z [1m[92m     Running[0m tests/reference_parity.rs (target/debug/deps/reference_parity-370682ac60228639)
2026-10-07T12:16:00.1157585Z 
2026-10-07T12:16:00.1158026Z running 3 tests
2026-10-07T12:16:00.2611595Z test api_searches_match_the_reference ... ok
2026-10-07T12:16:00.3661835Z test stored_predicates_decode_to_what_the_reference_parsed ... ok
2026-10-07T12:16:00.5119908Z test system_predicates_match_the_reference ... ok
2026-10-07T12:16:00.5120186Z 
2026-10-07T12:16:00.5120581Z test result: ok. 3 passed; 0 failed; 0 ignored; 0 measured; 0 filtered out; finished in 0.40s
2026-10-07T12:16:00.5120907Z 
2026-10-07T12:16:00.5163143Z [1m[92m     Running[0m tests/robustness.rs (target/debug/deps/robustness-3ee94afd225f06ab)
2026-10-07T12:16:00.5173689Z 
2026-10-07T12:16:00.5173810Z running 4 tests
2026-10-07T12:16:00.5671570Z test errors_name_the_input ... ok
2026-10-07T12:16:00.6209581Z test long_inputs_are_fast ... ok
2026-10-07T12:16:00.6727503Z test never_panics_on_predicate_like_text ... ok
2026-10-07T12:16:00.7752334Z test never_panics_on_arbitrary_text ... ok
2026-10-07T12:16:00.7752639Z 
2026-10-07T12:16:00.7752890Z test result: ok. 4 passed; 0 failed; 0 ignored; 0 measured; 0 filtered out; finished in 0.26s
2026-10-07T12:16:00.7753201Z 
2026-10-07T12:16:00.7758454Z [1m[92m     Running[0m unittests src/lib.rs (target/debug/deps/hydrus_store-90aa2f83d0721915)
2026-10-07T12:16:00.7776358Z 
2026-10-07T12:16:00.7776497Z running 252 tests
2026-10-07T12:16:00.7798888Z test autocomplete::input::tests::parses_like_the_reference ... ok
2026-10-07T12:16:00.7800248Z test autocomplete::input::tests::rules_open_up_fetch_alls ... ok
2026-10-07T12:16:00.7801030Z test autocomplete::pattern::tests::like_is_sqlite_like ... ok
2026-10-07T12:16:00.7803047Z test autocomplete::pattern::tests::phrases_tokenise_like_fts4 ... ok
2026-10-07T12:16:00.7803776Z test autocomplete::pattern::tests::plans_follow_the_reference ... ok
2026-10-07T12:16:00.7808464Z test api_activity::tests::marker_replaces_atomically_reopens_and_rejects_malformed_data ... ok
2026-10-07T12:16:00.7809565Z test autocomplete::search::tests::counts_merge_and_render_like_the_reference ... ok
2026-10-07T12:16:00.7810549Z test autocomplete::search::tests::upper_bounds_cover_exactly_the_prefix ... ok
2026-10-07T12:16:00.7818226Z test autocomplete::pattern::tests::result_filter_matches_word_starts ... ok
2026-10-07T12:16:00.7843122Z test backup::tests::a_failed_restore_copy_preserves_the_database_sidecars_media_and_request ... ok
2026-10-07T12:16:00.7845663Z test backup::tests::a_mirror_copies_changes_and_drops_surplus ... ok
2026-10-07T12:16:00.7847538Z test backup::tests::a_missing_backup_retains_the_request_and_original_database ... ok
2026-10-07T12:16:00.7849772Z test backup::tests::an_active_server_prevents_restore_without_consuming_the_request ... ok
2026-10-07T12:16:00.7852070Z test backup::tests::cancellation_during_mirroring_preserves_uncopied_and_surplus_files ... ok
2026-10-07T12:16:00.8718663Z test backup::tests::cancelled_backup_does_not_report_success_or_touch_destination ... ok
2026-10-07T12:16:00.8719729Z test backup::tests::restore_rejects_a_symlink_to_the_store ... ok
2026-10-07T12:16:00.8722918Z test backup::tests::restore_rejects_the_store_itself_before_writing_a_request_or_database ... ok
2026-10-07T12:16:00.9060830Z test animation_start::tests::actual_yaml_upgrade_native_override_reopen_and_invalid_values ... ok
2026-10-07T12:16:00.9175405Z test api_update_toasts::tests::retained_enabled_options_native_override_reopen_corruption_and_exact_expiry ... ok
2026-10-07T12:16:00.9263538Z test backup::tests::a_backup_restores_over_a_changed_store ... ok
2026-10-07T12:16:00.9517433Z test conn::tests::effects_run_only_after_successful_commit ... ok
2026-10-07T12:16:00.9701829Z test conn::tests::readers_see_consistent_snapshots_while_writing ... ok
2026-10-07T12:16:00.9711326Z test conn::tests::failed_write_rolls_back_only_itself ... ok
2026-10-07T12:16:00.9900260Z test content::tests::a_forced_filetype_keeps_the_detected_one_and_is_undone ... ok
2026-10-07T12:16:00.9985540Z test conn::tests::the_writer_empties_the_log_every_quarter_hour ... ok
2026-10-07T12:16:01.0081315Z test content::tests::deleting_from_one_of_two_local_domains_does_not_trash ... ok
2026-10-07T12:16:01.0092851Z test conn::tests::write_then_read ... ok
2026-10-07T12:16:01.0281195Z test content::tests::file_info_round_trips ... ok
2026-10-07T12:16:01.0417454Z test content::tests::import_trash_undelete_and_purge ... ok
2026-10-07T12:16:01.0595458Z test content::tests::mapping_state_machine ... ok
2026-10-07T12:16:01.0978936Z test content::tests::service_bulk_trash_respects_lock_and_restores_all_former_domains ... ok
2026-10-07T12:16:01.1375615Z test content::tests::service_deleted_record_clear_keeps_trash_history_and_physical_queue ... ok
2026-10-07T12:16:01.1781817Z test content::tests::the_delete_lock_keeps_archived_files_from_going_for_good ... ok
2026-10-07T12:16:01.2491682Z test conn::tests::a_pause_empties_the_log_and_holds_work_until_dropped ... ok
2026-10-07T12:16:01.2974085Z test content::tests::service_bulk_rating_scopes_keep_trash_and_other_services ... ok
2026-10-07T12:16:01.2985289Z test db_maintenance::tests::per_service_table_names ... ok
2026-10-07T12:16:01.3021260Z test display::tests::first_sibling_pair_wins_and_cycles_are_dropped ... ok
2026-10-07T12:16:01.3870853Z test db_maintenance::tests::basic_jobs_find_nothing_and_regeneration_keeps_counts ... ok
2026-10-07T12:16:01.3876511Z test display::tests::parent_loops_are_dropped ... ok
2026-10-07T12:16:01.3878247Z test display::tests::parents_close_transitively_through_ideals ... ok
2026-10-07T12:16:01.3879595Z test display::tests::rules_count_as_the_reference_s_lookup_rows ... ok
2026-10-07T12:16:01.3880774Z test display::tests::sibling_chains_resolve_to_the_end ... ok
2026-10-07T12:16:01.4030974Z test display::tests::graph_invariants ... ok
2026-10-07T12:16:01.4114472Z test db_maintenance::tests::inconsistent_mappings_and_orphans_are_repaired ... ok
2026-10-07T12:16:01.4147732Z test duplicates::auto::tests::the_references_suggested_rules_are_all_read ... ok
2026-10-07T12:16:01.4425668Z test domains::tests::a_read_sees_the_domain_as_its_snapshot_has_it ... ok
2026-10-07T12:16:01.4567516Z test domains::tests::import_order_is_by_time_then_id_and_follows_writes ... ok
2026-10-07T12:16:01.4736312Z test duplicates::cache::tests::cached_pairs_follow_writes_and_only_readers_fill_the_cache ... ok
2026-10-07T12:16:01.6038371Z test ffmpeg_policy::tests::actual_legacy_saved_policy_backfill_native_override_and_poll_adapter ... ok
2026-10-07T12:16:01.6053446Z test duplicates_progress::tests::real_saved_disabled_legacy_policy_backfills_native_override_and_reopens ... ok
2026-10-07T12:16:01.6241061Z test file_maintenance::tests::captured_cancel_clears_due_and_future_types_and_keeps_unselected_work ... ok
2026-10-07T12:16:01.6245691Z test file_maintenance::tests::file_work_lease_is_shared_by_independent_owners_and_released_on_drop ... ok
2026-10-07T12:16:01.6254053Z test file_maintenance::tests::job_types_keep_the_reference_s_codes ... ok
2026-10-07T12:16:01.6289178Z test duplicates::merge::tests::only_whitelisted_notes_merge_under_their_new_names ... ok
2026-10-07T12:16:01.6292241Z test folder_activity::tests::abandoned_request_and_old_marker_files_do_not_pause_another_kind ... ok
2026-10-07T12:16:01.6298005Z test folder_activity::tests::request_interrupts_work_waits_for_release_and_rejects_new_work ... ok
2026-10-07T12:16:01.6602738Z test file_maintenance::tests::selected_admission_precedes_batch_limit_and_preserves_due_type_rules ... ok
2026-10-07T12:16:01.6798599Z test ffmpeg_policy::tests::reader_from_a_borrowed_store_is_live_and_does_not_retain_its_owner ... ok
2026-10-07T12:16:01.7079009Z test folder_activity::tests::transient_pause_preserves_original_and_live_user_pause_preferences ... ok
2026-10-07T12:16:01.7365844Z test gallery::tests::a_page_makes_a_search_per_query_with_its_settings ... ok
2026-10-07T12:16:01.7528294Z test gallery::tests::no_downloader_or_no_urls_makes_nothing ... ok
2026-10-07T12:16:01.7794046Z test gallery::tests::queries_merge_and_repeats_are_skipped_as_the_page_says ... ok
2026-10-07T12:16:01.7796460Z test granularity::tests::estimating_a_folder_ignores_non_ascii_names ... ok
2026-10-07T12:16:01.8336415Z test granularity::tests::cancellation_restores_moved_files_to_their_original_locations ... ok
2026-10-07T12:16:01.8580416Z test granularity::tests::failed_publication_restores_exact_split_locations ... ok
2026-10-07T12:16:01.9221493Z test granularity::tests::merged_prefix_records_the_actual_destination_across_locations ... ok
2026-10-07T12:16:01.9226785Z test idle_state::tests::only_a_fresh_idle_marker_is_idle ... ok
2026-10-07T12:16:01.9241174Z test idle_state::tests::pace_follows_the_time_and_caps_the_rest ... ok
2026-10-07T12:16:02.0554537Z test image_colour::tests::real_saved_disabled_legacy_policy_backfills_native_override_and_reopens ... ok
2026-10-07T12:16:02.1261402Z test import::decode::tests::a_clients_simple_downloader_formulae_come_across ... ok
2026-10-07T12:16:02.1871574Z test import::decode::tests::a_new_clients_checker_timings_are_our_defaults ... ok
2026-10-07T12:16:02.2501357Z test import::decode::tests::a_new_clients_headers_are_our_defaults ... ok
2026-10-07T12:16:02.3107782Z test import::decode::tests::a_new_clients_import_options_and_downloaders_convert ... ok
2026-10-07T12:16:02.3721549Z test import::decode::tests::a_new_clients_merge_options_are_our_defaults ... ok
2026-10-07T12:16:02.4590477Z test granularity::tests::the_store_records_its_new_folders ... ok
2026-10-07T12:16:02.4671700Z test import::decode::tests::api_update_toasts_import_present_and_absent_client_options ... ok
2026-10-07T12:16:02.4850969Z test import::decode::tests::auto_resolution_rules_convert ... ok
2026-10-07T12:16:02.5775113Z test import::decode::tests::browser_eye_menu_preferences_migrate_independently ... ok
2026-10-07T12:16:02.6101520Z test import::decode::tests::clipboard_monitor_switches_convert_independently ... ok
2026-10-07T12:16:02.6944239Z test import::decode::tests::command_palette_preferences_migrate_defaults_and_nondefault_provider_policies ... ok
2026-10-07T12:16:02.7036831Z test import::decode::tests::custom_merge_options_convert ... ok
2026-10-07T12:16:02.7461340Z test import::decode::tests::cursor_autohide_import_preserves_timeout_and_do_not_hide ... ok
2026-10-07T12:16:02.7483129Z test import::decode::tests::downloader_pages_own_state_converts ... ok
2026-10-07T12:16:02.9858016Z test import::decode::tests::downloader_update_time_import_preserves_raw_fields_and_reopens ... ok
2026-10-07T12:16:03.0534155Z test import::decode::tests::export_default_directory_import_resolves_recorded_portable_paths ... ok
2026-10-07T12:16:03.1456967Z test import::decode::tests::file_search_defaults_convert_user_values ... ok
2026-10-07T12:16:03.2711687Z test import::decode::tests::file_view_removal_imports_legacy_and_typed_flags_independently ... ok
2026-10-07T12:16:03.2972630Z test import::decode::tests::duplicate_colours_import_none_zero_and_explicit_preferences_then_reopen ... ok
2026-10-07T12:16:03.4812459Z test import::decode::tests::four_note_preferences_import_and_survive_reopen ... ok
2026-10-07T12:16:03.5381323Z test import::decode::tests::idle_timeout_import_preserves_seconds_none_and_missing_defaults ... ok
2026-10-07T12:16:03.5783006Z test import::decode::tests::image_cache_size_raw_timeout_and_future_admission_import_independently ... ok
2026-10-07T12:16:03.7332429Z test import::decode::tests::importing_work_slots_decode_five_legacy_keys_and_persist_native_limits ... ok
2026-10-07T12:16:03.7622015Z test import::decode::tests::local_transfer_confirmations_decode_both_legacy_booleans ... ok
2026-10-07T12:16:03.8720550Z test import::decode::tests::maintenance_gates_import_present_and_absent_client_options ... ok
2026-10-07T12:16:03.9215926Z test import::decode::tests::main_identity_import_preserves_raw_name_and_saved_tag_activation ... ok
2026-10-07T12:16:03.9533681Z test import::decode::tests::manage_tags_live_display_and_incremental_fields_import ... ok
2026-10-07T12:16:04.0222409Z test import::decode::tests::namespace_colours_convert ... ok
2026-10-07T12:16:04.0261235Z test import::decode::tests::manage_tags_sort_contexts_import_siblings_independently_of_sidebar_sorts ... ok
2026-10-07T12:16:04.0262371Z test import::decode::tests::page_sort_import_preserves_its_independent_full_tag_context ... ok
2026-10-07T12:16:04.1341384Z test import::decode::tests::passive_background_options_import_each_draw_key ... ok
2026-10-07T12:16:04.2032036Z test import::decode::tests::network_boot_preference_converts_without_changing_live_pause ... ok
2026-10-07T12:16:04.2531877Z test import::decode::tests::physical_delete_import_preserves_present_delay_and_defaults_without_client_options ... ok
2026-10-07T12:16:04.4259795Z test import::decode::tests::preview_and_dialog_rating_sizes_import_exact_fractional_preferences ... ok
2026-10-07T12:16:04.5106954Z test import::decode::tests::real_client_ffmpeg_timeout_is_imported_without_clamping ... ok
2026-10-07T12:16:04.7382211Z test import::decode::tests::recorded_custom_predicate_defaults_import_with_typed_units_and_keys ... ok
2026-10-07T12:16:04.8379636Z test import::decode::tests::saving_the_page_sort_on_change_converts ... ok
2026-10-07T12:16:04.9182570Z test import::decode::tests::popup_width_imports_raw_reference_preferences_and_reopens_them ... ok
2026-10-07T12:16:04.9452085Z test import::decode::tests::shortcut_capture_policies_import_defaults_and_nondefault_values ... ok
2026-10-07T12:16:04.9753723Z test import::decode::tests::sibling_connector_colours_import_retains_none_empty_and_raw_names ... ok
2026-10-07T12:16:05.0263352Z test import::decode::tests::subscription_concurrency_imports_nondefault_number ... ok
2026-10-07T12:16:05.1051467Z test import::decode::tests::subscription_file_failure_threshold_imports_none_and_number ... ok
2026-10-07T12:16:05.1281358Z test import::decode::tests::suggested_layout_and_unavailable_default_pages_migrate_without_losing_choices ... ok
2026-10-07T12:16:05.1304319Z test import::decode::tests::tag_display_filters_convert ... ok
2026-10-07T12:16:05.1961851Z test import::decode::tests::tag_list_opening_modes_import_independently_and_ignore_unknown_codes ... ok
2026-10-07T12:16:05.2078372Z test import::decode::tests::tag_dialog_defaults_import_independently_of_autocomplete_defaults ... ok
2026-10-07T12:16:05.2442194Z test import::decode::tests::tag_presentation_converts ... ok
2026-10-07T12:16:05.3190807Z test import::decode::tests::the_lock_password_converts ... ok
2026-10-07T12:16:05.3510651Z test import::decode::tests::the_search_defaults_convert ... ok
2026-10-07T12:16:05.4201097Z test import::decode::tests::the_tag_summaries_convert ... ok
2026-10-07T12:16:05.4881424Z test import::decode::tests::the_thumbnail_border_and_margin_convert ... ok
2026-10-07T12:16:05.5231699Z test import::decode::tests::thumbnail_cache_size_and_raw_timeout_import_as_independent_typed_preferences ... ok
2026-10-07T12:16:05.5461374Z test import::decode::tests::unselected_tag_limit_import_preserves_zero_none_and_presentation ... ok
2026-10-07T12:16:05.6351253Z test import::decode::tests::viewer_canvas_options_convert_user_values ... ok
2026-10-07T12:16:05.6614343Z test import::decode::tests::viewer_closing_options_import_each_independent_preference ... ok
2026-10-07T12:16:05.7471565Z test import::decode::tests::viewer_focus_options_import_independent_mouseover_gates ... ok
2026-10-07T12:16:05.7761476Z test import::decode::tests::viewer_hover_options_migrate_disable_keys_as_enabled_controls ... ok
2026-10-07T12:16:05.8760961Z test import::decode::tests::viewer_pointer_options_import_both_drag_preferences ... ok
2026-10-07T12:16:05.9293039Z test import::decode::tests::viewer_playback_import_keeps_zoom_command_and_loop_policy ... ok
2026-10-07T12:16:06.0200060Z test import::decode::tests::viewing_menu_preferences_import_the_display_style_and_canvas_ticks ... ok
2026-10-07T12:16:06.0612839Z test import::decode::tests::viewer_tag_wheel_imports_all_four_reference_policy_codes ... ok
2026-10-07T12:16:06.2092796Z test import::network_tests::copies_the_mpv_conf ... ok
2026-10-07T12:16:06.2436374Z test import::network_tests::a_named_startup_session_keeps_hydrus_s_last_session_apart ... ok
2026-10-07T12:16:06.3037410Z test content::tests::incremental_counts_equal_rebuild ... ok
2026-10-07T12:16:06.3961886Z test import::network_tests::imports_downloader_pages_from_the_last_session ... ok
2026-10-07T12:16:06.4061291Z test import::network_tests::downloader_pages_own_state_comes_back_for_earlier_imports ... ok
2026-10-07T12:16:06.4725039Z test import::network_tests::imports_local_import_pages_from_the_last_session ... ok
2026-10-07T12:16:06.5727228Z test import::network_tests::imports_session_cookies ... ok
2026-10-07T12:16:06.5735525Z test import::network_tests::imports_search_pages_from_the_last_session ... ok
2026-10-07T12:16:06.6520207Z test import::tests::a_default_install_keeps_the_default_bandwidth_rules ... ok
2026-10-07T12:16:06.6522008Z test import::tests::any_reference_install_counts_match ... ignored, needs HYDRUS_REFERENCE_DB
2026-10-07T12:16:06.6694019Z test import::network_tests::imports_subscriptions_with_their_histories ... ok
2026-10-07T12:16:06.7027441Z test import::tests::decodes_the_basic_fixture_settings ... ok
2026-10-07T12:16:06.7264446Z test import::tests::import_options_that_run_programs_are_reported ... ok
2026-10-07T12:16:06.7348577Z test import::network_tests::other_saved_sessions_come_across_without_running_their_downloaders ... ok
2026-10-07T12:16:06.7961184Z test import::tests::imports_the_basic_fixture ... ok
2026-10-07T12:16:06.8381184Z test import::tests::rebuilt_counts_match_the_reference_caches ... ok
2026-10-07T12:16:06.8506009Z test import::tests::the_global_pause_switches_come_across ... ok
2026-10-07T12:16:06.9795747Z test import::tests::the_network_options_come_across ... ok
2026-10-07T12:16:06.9796749Z test live::tests::a_status_shows_its_first_line ... ok
2026-10-07T12:16:06.9797496Z test import::tests::refuses_to_overwrite_or_import_the_wrong_version ... ok
2026-10-07T12:16:06.9804687Z test import::tests::the_trash_limits_come_across ... ok
2026-10-07T12:16:06.9805560Z test live::tests::only_changes_are_published ... ok
2026-10-07T12:16:06.9958981Z test live::tests::live_state_is_kept_replaced_and_cleared ... ok
2026-10-07T12:16:06.9959746Z test live::tests::cancels_are_taken_once_and_nudge_the_queue ... ok
2026-10-07T12:16:07.0691243Z test login_runtime::tests::crashed_process_metadata_cannot_block_or_cancel_the_next_lease ... ok
2026-10-07T12:16:07.1071635Z test login_runtime::tests::separate_store_owners_serialize_cancel_and_retire_only_the_reviewed_login ... ok
2026-10-07T12:16:07.2566622Z test maintenance::tests::cancelled_owned_wait_releases_writer_and_never_admits_a_successor_pair ... ok
2026-10-07T12:16:07.2983717Z test maintenance::tests::captured_wait_follows_committed_pairs_including_last_and_allows_live_readd ... ok
2026-10-07T12:16:07.4178557Z test maintenance::tests::never_deletes_media_shared_with_another_install ... ok
2026-10-07T12:16:07.4185187Z test maintenance::tests::missing_file_still_waits_after_its_thumbnail_and_queue_commit ... ok
2026-10-07T12:16:07.6098447Z test maintenance::tests::pair_failure_keeps_its_queue_and_previous_pair_commit_and_does_not_wait ... ok
2026-10-07T12:16:07.7013111Z test maintenance::tests::rebuilding_the_caches_gives_the_same_caches ... ok
2026-10-07T12:16:07.8548620Z test maintenance::tests::retained_local_queue_cleanup_does_not_wait_or_remove_physical_paths ... ok
2026-10-07T12:16:07.9117454Z test granularity::tests::a_folder_goes_to_three_and_back ... ok
2026-10-07T12:16:07.9302365Z test maintenance::tests::leaves_claimed_files_queued ... ok
2026-10-07T12:16:07.9454751Z test master::tests::interning_is_idempotent_and_reversible ... ok
2026-10-07T12:16:07.9615019Z test master::tests::new_subtags_are_indexed_for_autocomplete ... ok
2026-10-07T12:16:07.9616001Z test master::tests::url_domains_match_urlparse_netloc ... ok
2026-10-07T12:16:07.9981443Z test maintenance_gates::tests::retained_client_options_native_wins_reopen_and_corruption ... ok
2026-10-07T12:16:08.0707404Z test media::tests::counts_tags_as_each_file_has_them ... ok
2026-10-07T12:16:08.0791601Z test maintenance::tests::selected_tag_regeneration_repairs_connected_counts_without_changing_primary_data ... ok
2026-10-07T12:16:08.0984978Z test media::tests::hidden_tags_are_left_out_of_the_counts ... ok
2026-10-07T12:16:08.1123671Z test network::login_tests::a_login_covers_its_domain_and_subdomains ... ok
2026-10-07T12:16:08.1307593Z test network::tests::cookies_list_in_jar_order ... ok
2026-10-07T12:16:08.1499492Z test network::tests::headers_keep_what_is_not_given ... ok
2026-10-07T12:16:08.1671778Z test network::tests::sessions_are_per_registrable_domain ... ok
2026-10-07T12:16:08.1841240Z test menu_choice_wheel::tests::actual_saved_false_legacy_fallback_native_override_and_durable_reopen ... ok
2026-10-07T12:16:08.1963556Z test media::tests::loads_the_fixture ... ok
2026-10-07T12:16:08.2723874Z test maintenance::tests::purges_files_that_left_local_storage ... ok
2026-10-07T12:16:08.2724782Z test paths::tests::copies_keep_permissions_unless_told_not_to ... ok
2026-10-07T12:16:08.3029994Z test orphan_files::tests::strays_are_found_and_moved_and_kept_files_stay ... ok
2026-10-07T12:16:08.3307333Z test popup_actions::tests::answer_survives_dismissal_and_old_owner_cannot_consume_or_retire_successor ... ok
2026-10-07T12:16:08.3368713Z test page_layout::tests::imported_yaml_signed_sizes_exit_switch_and_native_override_survive_reopen ... ok
2026-10-07T12:16:08.3581244Z test popup_actions::tests::gui_retirement_drops_unconsumed_calls_but_preserves_committed_answers ... ok
2026-10-07T12:16:08.3618552Z test popup_actions::tests::pre_action_schema_upgrades_and_restart_forgets_ephemeral_handlers_but_keeps_clipboard ... ok
2026-10-07T12:16:08.3800916Z test physical_delete::tests::recorded_retained_options_native_override_constructor_and_reopen ... ok
2026-10-07T12:16:08.3859384Z test popups::tests::mergable_files_with_the_same_label_join_one_popup ... ok
2026-10-07T12:16:08.4114980Z test popups::tests::popups_queue_oldest_first_until_dismissed ... ok
2026-10-07T12:16:08.4167331Z test or_connector::tests::real_qt_serialised_raw_connector_backfills_and_native_override_survives_reopen ... ok
2026-10-07T12:16:08.4169246Z test queues::tests::a_pages_queue_waits_while_closed_and_goes_with_it ... ok
2026-10-07T12:16:08.4434142Z test queues::tests::a_queues_page_shows_the_files_its_seeds_brought_in_order ... ok
2026-10-07T12:16:08.4478934Z test queues::tests::deleted_queue_identity_is_not_recycled_and_late_seed_updates_ignore_successors ... ok
2026-10-07T12:16:08.4769131Z test queues::tests::file_log_drafts_isolate_mutations_and_restore_complete_metadata_in_order ... ok
2026-10-07T12:16:08.4787726Z test queues::tests::nudges_are_taken_once_each ... ok
2026-10-07T12:16:08.4831584Z test queues::tests::seeds_dedupe_order_and_retry ... ok
2026-10-07T12:16:08.4832380Z test reference_options::tests::unset_values_read_as_their_defaults ... ok
2026-10-07T12:16:08.4888486Z test popup_freeze::tests::actual_saved_true_legacy_native_override_and_durable_reopen ... ok
2026-10-07T12:16:08.4892363Z test schema::tests::refuses_newer_schema ... ok
2026-10-07T12:16:08.4909433Z test queues::tests::urls_typed_into_a_page_are_handed_over_once_in_order ... ok
2026-10-07T12:16:08.4910458Z test services::tests::colours_serialise_as_hex ... ok
2026-10-07T12:16:08.5084806Z test schema::tests::migrations_apply_cleanly_and_are_idempotent ... ok
2026-10-07T12:16:08.5085983Z test services::tests::numerical_stars_match_reference_rounding ... ok
2026-10-07T12:16:08.5223062Z test schema::tests::tag_service_tables_round_trip ... ok
2026-10-07T12:16:08.5255611Z test services::tests::default_services_round_trip ... ok
2026-10-07T12:16:08.5428296Z test session_backups::importer_tests::historical_importers_restore_independent_settings_and_seed_logs ... ok
2026-10-07T12:16:08.5532349Z test session_backups::queue_kind_tests::every_native_page_importer_restores_its_auxiliary_state_and_both_logs ... ok
2026-10-07T12:16:08.5539299Z test session_backups::tests::automatic_last_session_hash_replays_real_unchanged_suppression_and_history ... ok
2026-10-07T12:16:08.5714081Z test session_backups::tests::imported_previous_media_is_independent_and_deletion_clears_backups ... ok
2026-10-07T12:16:08.5815251Z test session_reload::tests::committed_reload_slot_is_independent_and_cleanup_keeps_active_media ... ok
2026-10-07T12:16:08.5844101Z test session_backups::tests::rolling_timestamps_match_the_reference_including_clock_reversal ... ok
2026-10-07T12:16:08.6021838Z test sessions::tests::commands_queue_for_the_gui_or_change_the_session ... ok
2026-10-07T12:16:08.6043840Z test radio_return::tests::actual_saved_false_legacy_fallback_native_override_and_durable_reopen ... ok
2026-10-07T12:16:08.6044990Z test similar::tests::flat_colours_are_blank ... ok
2026-10-07T12:16:08.6046084Z test similar::tests::scale ... ignored, a timing, not a check
2026-10-07T12:16:08.6074874Z test sessions::tests::media_viewers_are_kept_in_order ... ok
2026-10-07T12:16:08.6121220Z test sessions::tests::saving_keeps_the_top_key_the_page_shown_and_selections ... ok
2026-10-07T12:16:08.6123796Z test storage::tests::a_location_without_its_folders_is_missing ... ok
2026-10-07T12:16:08.6151266Z test storage::tests::paths_follow_the_reference_layout ... ok
2026-10-07T12:16:08.6170652Z test sessions::tests::sessions_keep_their_pages_and_files ... ok
2026-10-07T12:16:08.6171807Z test storage_locations::tests::shares_follow_weights_and_limits ... ok
2026-10-07T12:16:08.6644518Z test similar::tests::the_index_finds_exactly_what_checking_everything_finds ... ok
2026-10-07T12:16:08.7057803Z test store::tests::content_writes_use_foreign_relation_graphs_before_the_next_poll ... ok
2026-10-07T12:16:08.7637793Z test similar::tests::the_search_finds_the_pairs_the_reference_found ... ok
2026-10-07T12:16:08.7736760Z test store::tests::independent_stores_notice_committed_snapshot_changes_without_refresh_loops ... ok
2026-10-07T12:16:08.7741204Z test store::tests::new_store_has_default_services ... ok
2026-10-07T12:16:08.8432763Z test store::tests::pre_existing_queue_without_sequence_keeps_its_retired_identity_after_upgrade ... ok
2026-10-07T12:16:08.8467728Z test store::tests::snapshots_refresh_only_after_commit ... ok
2026-10-07T12:16:08.8602786Z test tag_display::tests::a_service_s_tags_pass_its_filter_and_all_known_tags ... ok
2026-10-07T12:16:08.9172854Z test tag_editing::tests::manage_tags_preferences_are_backward_compatible_and_independent ... ok
2026-10-07T12:16:08.9174555Z test text::tests::integers_follow_python_isdecimal ... ok
2026-10-07T12:16:08.9175357Z test text::tests::searchable_forms ... ok
2026-10-07T12:16:08.9188373Z test text::tests::tokenises_like_fts4_simple ... ok
2026-10-07T12:16:08.9270926Z test tag_editing::tests::older_preferences_get_write_defaults_and_tab_memory_preserves_them ... ok
2026-10-07T12:16:08.9677742Z test synth::tests::a_small_library_has_consistent_counts ... ok
2026-10-07T12:16:09.0028909Z test thumbnail_appearance::tests::retained_actual_options_upgrade_native_override_and_reopen ... ok
2026-10-07T12:16:09.1315589Z test transfer::tests::in_place_marks_the_media_as_shared ... ok
2026-10-07T12:16:09.2379678Z test transfer::tests::refuses_an_existing_destination ... ok
2026-10-07T12:16:09.4133975Z test trash::tests::an_oversized_trash_loses_its_oldest_files_eight_at_a_time ... ok
2026-10-07T12:16:09.5159965Z test transfer::tests::hardlink_copy_and_move_give_the_store_its_own_media ... ok
2026-10-07T12:16:09.5686951Z test trash::tests::cancelled_writer_admission_leaves_trash_and_physical_queue_untouched ... ok
2026-10-07T12:16:09.6525820Z test trash::tests::files_trashed_too_long_ago_are_deleted_for_good ... ok
2026-10-07T12:16:09.7032396Z test trash::tests::no_limits_leave_the_trash_alone ... ok
2026-10-07T12:16:09.7992873Z test trash::tests::the_delete_lock_keeps_archived_files_in_the_trash ... ok
2026-10-07T12:16:09.7993622Z test undo::tests::undo_and_redo_step_through_the_log_and_new_changes_cut_it ... ok
2026-10-07T12:16:09.7994260Z test vacuum::tests::room_is_checked_as_the_reference_checks ... ok
2026-10-07T12:16:09.8546436Z test trash::tests::the_size_limit_goes_first_then_the_age_limit ... ok
2026-10-07T12:16:09.9806883Z test vacuum::tests::vacuuming_frees_pages_and_is_recorded ... ok
2026-10-07T12:16:09.9829213Z test watchers::tests::a_page_watches_each_thread_once_with_its_own_options ... ok
2026-10-07T12:16:10.0375179Z test watchers::tests::setting_a_watchers_checker_options ... ok
2026-10-07T12:16:10.0381104Z test watchers::tests::checking_now_and_pausing_checking ... ok
2026-10-07T12:16:10.1695585Z test transfer::tests::each_drive_s_media_stays_on_it ... ok
2026-10-07T12:16:10.5233315Z test storage_locations::tests::a_second_location_takes_half_and_thumbnails_follow ... ok
2026-10-07T12:16:10.5233736Z 
2026-10-07T12:16:10.5234136Z test result: ok. 250 passed; 0 failed; 2 ignored; 0 measured; 0 filtered out; finished in 9.75s
2026-10-07T12:16:10.5234641Z 
2026-10-07T12:16:10.5261589Z [1m[92m     Running[0m tests/import_status.rs (target/debug/deps/import_status-30c9defafff09d5d)
2026-10-07T12:16:10.5269899Z 
2026-10-07T12:16:10.5270463Z running 3 tests
2026-10-07T12:16:10.5311555Z test owned_precision_replays_actual_network_job_controls_without_changing_gauges_or_cancellation ... ok
2026-10-07T12:16:10.5577027Z test file_and_search_logs_say_what_the_reference_says ... ok
2026-10-07T12:16:10.5646497Z test downloads_lines_say_what_the_references_network_job_control_says ... ok
2026-10-07T12:16:10.5647171Z 
2026-10-07T12:16:10.5647640Z test result: ok. 3 passed; 0 failed; 0 ignored; 0 measured; 0 filtered out; finished in 0.04s
2026-10-07T12:16:10.5648197Z 
2026-10-07T12:16:10.5655929Z [1m[92m     Running[0m tests/metadata_jobs.rs (target/debug/deps/metadata_jobs-38d1cc1e4ad14953)
2026-10-07T12:16:10.5671942Z 
2026-10-07T12:16:10.5672102Z running 1 test
2026-10-07T12:16:10.8604398Z test actual_qt_worker_inputs_replay_files_cancellation_progress_and_copy_cleanup ... ok
2026-10-07T12:16:10.8604857Z 
2026-10-07T12:16:10.8605075Z test result: ok. 1 passed; 0 failed; 0 ignored; 0 measured; 0 filtered out; finished in 0.29s
2026-10-07T12:16:10.8605353Z 
2026-10-07T12:16:10.8610049Z [1m[92m     Running[0m tests/tag_migration.rs (target/debug/deps/tag_migration-ea2504f2d53ddb7c)
2026-10-07T12:16:10.8625840Z 
2026-10-07T12:16:10.8626371Z running 15 tests
2026-10-07T12:16:10.9729131Z test archive_validation_rejects_wrong_types_and_unsupported_hashes_before_import ... ok
2026-10-07T12:16:10.9854328Z test cancellation_is_a_durable_prefix_and_incremental_counts_match_rebuild ... ok
2026-10-07T12:16:11.0500791Z test archive_exports_preserve_metadata_merge_and_cancelled_committed_prefix ... ok
2026-10-07T12:16:11.0630041Z test overlapping_migration_is_rejected_without_waiting_for_a_reader ... ok
2026-10-07T12:16:11.0906162Z test pair_count_gates_observe_reference_concurrent_mapping_changes_between_batches ... ok
2026-10-07T12:16:11.1738453Z test pair_migration_publishes_graph_and_rebuilt_counts ... ok
2026-10-07T12:16:11.3562065Z test pair_count_gates_replay_real_current_pending_and_terminal_ideal_counts ... ok
2026-10-07T12:16:11.4303137Z test registry_changes_stop_the_next_batch_and_keep_committed_prefix ... ok
2026-10-07T12:16:11.4999452Z test published_job_events_match_reference_phases_and_committed_prefixes ... ok
2026-10-07T12:16:11.5344279Z test repository_union_deduplicates_and_petition_reason_is_persisted ... ok
2026-10-07T12:16:11.5452836Z test pause_waits_after_commit_resume_continues_and_cancel_wakes_without_next_batch ... ok
2026-10-07T12:16:11.6091701Z test same_service_delete_and_clear_never_skip_mutated_source_rows ... ok
2026-10-07T12:16:11.6140019Z test selected_files_and_filters_are_applied_before_destination_changes ... ok
2026-10-07T12:16:11.6302286Z test source_snapshot_excludes_later_inserts_and_retains_later_removed_rows ... ok
2026-10-07T12:16:12.9589143Z test actual_python_archives_import_convert_scope_filter_and_reopen ... ok
2026-10-07T12:16:12.9589612Z 
2026-10-07T12:16:12.9589920Z test result: ok. 15 passed; 0 failed; 0 ignored; 0 measured; 0 filtered out; finished in 2.10s
2026-10-07T12:16:12.9590464Z 
2026-10-07T12:16:12.9598483Z [1m[92m     Running[0m unittests src/lib.rs (target/debug/deps/hydrus_testkit-d4be0a6c0204d9c1)
2026-10-07T12:16:12.9607423Z 
2026-10-07T12:16:12.9607816Z running 3 tests
2026-10-07T12:16:12.9621240Z 
2026-10-07T12:16:12.9621618Z running 1 test
2026-10-07T12:16:12.9623513Z test tests::runtime_fixture_override ... ok
2026-10-07T12:16:12.9623922Z 
2026-10-07T12:16:12.9625927Z test result: ok. 1 passed; 0 failed; 0 ignored; 0 measured; 2 filtered out; finished in 0.00s
2026-10-07T12:16:12.9626513Z 
2026-10-07T12:16:12.9626799Z test tests::runtime_fixture_override ... ok
2026-10-07T12:16:12.9891128Z test tests::basic_fixture_extracts_with_empty_subfolders ... ok
2026-10-07T12:16:13.0120247Z test tests::each_call_gets_its_own_copy ... ok
2026-10-07T12:16:13.0120822Z 
2026-10-07T12:16:13.0121103Z test result: ok. 3 passed; 0 failed; 0 ignored; 0 measured; 0 filtered out; finished in 0.05s
2026-10-07T12:16:13.0121444Z 
2026-10-07T12:16:13.0124415Z [1m[92m     Running[0m unittests src/main.rs (target/debug/deps/xtask-3d9b93e5759a9504)
2026-10-07T12:16:13.0132682Z 
2026-10-07T12:16:13.0132928Z running 0 tests
2026-10-07T12:16:13.0133108Z 
2026-10-07T12:16:13.0133413Z test result: ok. 0 passed; 0 failed; 0 ignored; 0 measured; 0 filtered out; finished in 0.00s
2026-10-07T12:16:13.0133830Z 
2026-10-07T12:16:13.0134085Z [1m[92m   Doc-tests[0m hydrus_api
2026-10-07T12:16:13.8563211Z 
2026-10-07T12:16:13.8563915Z running 0 tests
2026-10-07T12:16:13.8564317Z 
2026-10-07T12:16:13.8564926Z test result: ok. 0 passed; 0 failed; 0 ignored; 0 measured; 0 filtered out; finished in 0.00s
2026-10-07T12:16:13.8565344Z 
2026-10-07T12:16:13.8584027Z [1m[92m   Doc-tests[0m hydrus_core
2026-10-07T12:16:14.3138777Z 
2026-10-07T12:16:14.3138989Z running 0 tests
2026-10-07T12:16:14.3139182Z 
2026-10-07T12:16:14.3139498Z test result: ok. 0 passed; 0 failed; 0 ignored; 0 measured; 0 filtered out; finished in 0.00s
2026-10-07T12:16:14.3139914Z 
2026-10-07T12:16:14.3155907Z [1m[92m   Doc-tests[0m hydrus_download
2026-10-07T12:16:14.4548197Z 
2026-10-07T12:16:14.4548710Z running 0 tests
2026-10-07T12:16:14.4548984Z 
2026-10-07T12:16:14.4549364Z test result: ok. 0 passed; 0 failed; 0 ignored; 0 measured; 0 filtered out; finished in 0.00s
2026-10-07T12:16:14.4549829Z 
2026-10-07T12:16:14.4565324Z [1m[92m   Doc-tests[0m hydrus_downloader_exchange
2026-10-07T12:16:14.5294763Z 
2026-10-07T12:16:14.5295425Z running 0 tests
2026-10-07T12:16:14.5295683Z 
2026-10-07T12:16:14.5296069Z test result: ok. 0 passed; 0 failed; 0 ignored; 0 measured; 0 filtered out; finished in 0.00s
2026-10-07T12:16:14.5296519Z 
2026-10-07T12:16:14.5307967Z [1m[92m   Doc-tests[0m hydrus_duplicates
2026-10-07T12:16:14.5716935Z 
2026-10-07T12:16:14.5717653Z running 0 tests
2026-10-07T12:16:14.5718035Z 
2026-10-07T12:16:14.5718310Z test result: ok. 0 passed; 0 failed; 0 ignored; 0 measured; 0 filtered out; finished in 0.00s
2026-10-07T12:16:14.5718634Z 
2026-10-07T12:16:14.5727014Z [1m[92m   Doc-tests[0m hydrus_gui
2026-10-07T12:16:15.2737965Z 
2026-10-07T12:16:15.2738433Z running 0 tests
2026-10-07T12:16:15.2738697Z 
2026-10-07T12:16:15.2739047Z test result: ok. 0 passed; 0 failed; 0 ignored; 0 measured; 0 filtered out; finished in 0.00s
2026-10-07T12:16:15.2739477Z 
2026-10-07T12:16:15.2758121Z [1m[92m   Doc-tests[0m hydrus_gui_model
2026-10-07T12:16:15.7297668Z 
2026-10-07T12:16:15.7298236Z running 0 tests
2026-10-07T12:16:15.7298485Z 
2026-10-07T12:16:15.7298758Z test result: ok. 0 passed; 0 failed; 0 ignored; 0 measured; 0 filtered out; finished in 0.00s
2026-10-07T12:16:15.7299096Z 
2026-10-07T12:16:15.7316603Z [1m[92m   Doc-tests[0m hydrus_import
2026-10-07T12:16:15.7930561Z 
2026-10-07T12:16:15.7931179Z running 0 tests
2026-10-07T12:16:15.7931440Z 
2026-10-07T12:16:15.7931837Z test result: ok. 0 passed; 0 failed; 0 ignored; 0 measured; 0 filtered out; finished in 0.00s
2026-10-07T12:16:15.7932371Z 
2026-10-07T12:16:15.7944605Z [1m[92m   Doc-tests[0m hydrus_legacy
2026-10-07T12:16:16.1961484Z 
2026-10-07T12:16:16.1962374Z running 1 test
2026-10-07T12:16:16.1964191Z test crates/hydrus-legacy/src/lib.rs - (line 27) - compile ... ok
2026-10-07T12:16:16.1964574Z 
2026-10-07T12:16:16.1965021Z test result: ok. 1 passed; 0 failed; 0 ignored; 0 measured; 0 filtered out; finished in 0.00s
2026-10-07T12:16:16.1965366Z 
2026-10-07T12:16:16.1986071Z all doctests ran in 0.27s; merged doctests compilation took 0.26s
2026-10-07T12:16:16.2001830Z [1m[92m   Doc-tests[0m hydrus_media
2026-10-07T12:16:16.6425768Z 
2026-10-07T12:16:16.6426391Z running 1 test
2026-10-07T12:16:16.6426981Z test crates/hydrus-media/src/lib.rs - (line 10) - compile ... ok
2026-10-07T12:16:16.6427252Z 
2026-10-07T12:16:16.6427583Z test result: ok. 1 passed; 0 failed; 0 ignored; 0 measured; 0 filtered out; finished in 0.00s
2026-10-07T12:16:16.6446562Z 
2026-10-07T12:16:16.6447038Z all doctests ran in 0.31s; merged doctests compilation took 0.30s
2026-10-07T12:16:16.6461878Z [1m[92m   Doc-tests[0m hydrus_net
2026-10-07T12:16:16.7167466Z 
2026-10-07T12:16:16.7167989Z running 0 tests
2026-10-07T12:16:16.7168307Z 
2026-10-07T12:16:16.7168635Z test result: ok. 0 passed; 0 failed; 0 ignored; 0 measured; 0 filtered out; finished in 0.00s
2026-10-07T12:16:16.7169021Z 
2026-10-07T12:16:16.7187349Z [1m[92m   Doc-tests[0m hydrus_parse
2026-10-07T12:16:16.8485091Z 
2026-10-07T12:16:16.8485716Z running 0 tests
2026-10-07T12:16:16.8485900Z 
2026-10-07T12:16:16.8486151Z test result: ok. 0 passed; 0 failed; 0 ignored; 0 measured; 0 filtered out; finished in 0.00s
2026-10-07T12:16:16.8486459Z 
2026-10-07T12:16:16.8499814Z [1m[92m   Doc-tests[0m hydrus_search
2026-10-07T12:16:16.9459036Z 
2026-10-07T12:16:16.9459601Z running 0 tests
2026-10-07T12:16:16.9459782Z 
2026-10-07T12:16:16.9460034Z test result: ok. 0 passed; 0 failed; 0 ignored; 0 measured; 0 filtered out; finished in 0.00s
2026-10-07T12:16:16.9460505Z 
2026-10-07T12:16:16.9473010Z [1m[92m   Doc-tests[0m hydrus_store
2026-10-07T12:16:17.5655436Z 
2026-10-07T12:16:17.5656041Z running 0 tests
2026-10-07T12:16:17.5656312Z 
2026-10-07T12:16:17.5656592Z test result: ok. 0 passed; 0 failed; 0 ignored; 0 measured; 0 filtered out; finished in 0.00s
2026-10-07T12:16:17.5656927Z 
2026-10-07T12:16:17.5672227Z [1m[92m   Doc-tests[0m hydrus_testkit
2026-10-07T12:16:17.5854279Z 
2026-10-07T12:16:17.5854710Z running 0 tests
2026-10-07T12:16:17.5854901Z 
2026-10-07T12:16:17.5855126Z test result: ok. 0 passed; 0 failed; 0 ignored; 0 measured; 0 filtered out; finished in 0.00s
2026-10-07T12:16:17.5855415Z 
2026-10-07T12:16:17.5933704Z ##[group]Run actions/upload-artifact@v4
2026-10-07T12:16:17.5933971Z with:
2026-10-07T12:16:17.5934169Z   name: test-diagnostics-37618131717-1
2026-10-07T12:16:17.5934440Z   path: /tmp/hydrus-tests.log
2026-10-07T12:16:17.5934673Z   if-no-files-found: ignore
2026-10-07T12:16:17.5934903Z   retention-days: 3
2026-10-07T12:16:17.5935104Z   compression-level: 6
2026-10-07T12:16:17.5935301Z   overwrite: false
2026-10-07T12:16:17.5935504Z   include-hidden-files: false
2026-10-07T12:16:17.5935710Z env:
2026-10-07T12:16:17.5935891Z   CARGO_TERM_COLOR: always
2026-10-07T12:16:17.5936103Z   RUSTFLAGS: -D warnings
2026-10-07T12:16:17.5936319Z   CARGO_HOME: /home/runner/.cargo
2026-10-07T12:16:17.5936541Z   CARGO_INCREMENTAL: 0
2026-10-07T12:16:17.5936745Z   CACHE_ON_FAILURE: true
2026-10-07T12:16:17.5936941Z ##[endgroup]
2026-10-07T12:16:17.8543033Z (node:22041) [DEP0040] DeprecationWarning: The `punycode` module is deprecated. Please use a userland alternative instead.
2026-10-07T12:16:17.8544020Z (Use `node --trace-deprecation ...` to show where the warning was created)
2026-10-07T12:16:17.8583771Z With the provided path, there will be 1 file uploaded
2026-10-07T12:16:17.8587572Z Artifact name is valid!
2026-10-07T12:16:17.8588104Z Root directory input is valid!
2026-10-07T12:16:18.2208003Z Beginning upload of artifact content to blob storage
2026-10-07T12:16:18.2478625Z (node:22041) [DEP0169] DeprecationWarning: `url.parse()` behavior is not standardized and prone to errors that have security implications. Use the WHATWG URL API instead. CVEs are not issued for `url.parse()` vulnerabilities.
2026-10-07T12:16:18.5659433Z Uploaded bytes 52687
2026-10-07T12:16:18.6283270Z Finished uploading artifact content to blob storage!
2026-10-07T12:16:18.6284472Z SHA256 digest of uploaded artifact zip is 73d0870bf79f99126186448e39c02620bf5f0d8909c6f6563acc99c8a4f904a5
2026-10-07T12:16:18.6285360Z Finalizing artifact upload
2026-10-07T12:16:18.9200841Z Artifact test-diagnostics-37618131717-1.zip successfully finalized. Artifact ID 11481571570
2026-10-07T12:16:18.9201823Z Artifact test-diagnostics-37618131717-1 has been successfully uploaded! Final size is 52687 bytes. Artifact ID is 11481571570
2026-10-07T12:16:18.9206961Z Artifact download URL: https://github.com/jkendall327/hydrus-mine/actions/runs/37618131717/artifacts/11481571570
2026-10-07T12:16:18.9303970Z ##[group]Run cargo xtask ratchet --check
2026-10-07T12:16:18.9304276Z [36;1mcargo xtask ratchet --check[0m
2026-10-07T12:16:18.9400413Z shell: /usr/bin/bash -e {0}
2026-10-07T12:16:18.9400690Z env:
2026-10-07T12:16:18.9400895Z   CARGO_TERM_COLOR: always
2026-10-07T12:16:18.9401127Z   RUSTFLAGS: -D warnings
2026-10-07T12:16:18.9401362Z   CARGO_HOME: /home/runner/.cargo
2026-10-07T12:16:18.9401604Z   CARGO_INCREMENTAL: 0
2026-10-07T12:16:18.9401812Z   CACHE_ON_FAILURE: true
2026-10-07T12:16:18.9402024Z ##[endgroup]
2026-10-07T12:16:19.2782149Z [1m[92m   Compiling[0m xtask v0.1.0 (/home/runner/work/hydrus-mine/hydrus-mine/xtask)
2026-10-07T12:16:19.6738840Z [1m[92m    Finished[0m `dev` profile [unoptimized + debuginfo] target(s) in 0.70s
2026-10-07T12:16:19.6812341Z [1m[92m     Running[0m `target/debug/xtask ratchet --check`
2026-10-07T12:16:19.6862265Z        api:  71/76  done ( 93.4%),   4 partial
2026-10-07T12:16:19.6862802Z   filetype:  57/68  done ( 83.8%),   7 partial
2026-10-07T12:16:19.6863142Z system_predicate:  45/45  done (100.0%),   0 partial
2026-10-07T12:16:19.6908750Z ##[group]Run actions/upload-artifact@v4
2026-10-07T12:16:19.6909056Z with:
2026-10-07T12:16:19.6909298Z   name: native-gui-renders-37618131717-1
2026-10-07T12:16:19.6909592Z   path: target/tmp/*.png
2026-10-07T12:16:19.6909854Z   if-no-files-found: ignore
2026-10-07T12:16:19.6910112Z   retention-days: 3
2026-10-07T12:16:19.6910498Z   compression-level: 6
2026-10-07T12:16:19.6910800Z   overwrite: false
2026-10-07T12:16:19.6911035Z   include-hidden-files: false
2026-10-07T12:16:19.6911294Z env:
2026-10-07T12:16:19.6911509Z   CARGO_TERM_COLOR: always
2026-10-07T12:16:19.6911758Z   RUSTFLAGS: -D warnings
2026-10-07T12:16:19.6912015Z   CARGO_HOME: /home/runner/.cargo
2026-10-07T12:16:19.6912285Z   CARGO_INCREMENTAL: 0
2026-10-07T12:16:19.6912512Z   CACHE_ON_FAILURE: true
2026-10-07T12:16:19.6912746Z ##[endgroup]
2026-10-07T12:16:19.8476216Z (node:22090) [DEP0040] DeprecationWarning: The `punycode` module is deprecated. Please use a userland alternative instead.
2026-10-07T12:16:19.8476973Z (Use `node --trace-deprecation ...` to show where the warning was created)
2026-10-07T12:16:19.8886025Z With the provided path, there will be 380 files uploaded
2026-10-07T12:16:19.8900924Z Artifact name is valid!
2026-10-07T12:16:19.8901616Z Root directory input is valid!
2026-10-07T12:16:20.2345510Z Beginning upload of artifact content to blob storage
2026-10-07T12:16:20.6091939Z (node:22090) [DEP0169] DeprecationWarning: `url.parse()` behavior is not standardized and prone to errors that have security implications. Use the WHATWG URL API instead. CVEs are not issued for `url.parse()` vulnerabilities.
2026-10-07T12:16:21.3316100Z Uploaded bytes 8388608
2026-10-07T12:16:21.6331854Z Uploaded bytes 16777216
2026-10-07T12:16:21.8552036Z Uploaded bytes 21968464
2026-10-07T12:16:21.9156682Z Finished uploading artifact content to blob storage!
2026-10-07T12:16:21.9157611Z SHA256 digest of uploaded artifact zip is 9124ac906bc0156cc625629dde2c7547fa3b85200efb6dcc3865357b6248b519
2026-10-07T12:16:21.9159259Z Finalizing artifact upload
2026-10-07T12:16:22.1754857Z Artifact native-gui-renders-37618131717-1.zip successfully finalized. Artifact ID 11481791282
2026-10-07T12:16:22.1755870Z Artifact native-gui-renders-37618131717-1 has been successfully uploaded! Final size is 21968464 bytes. Artifact ID is 11481791282
2026-10-07T12:16:22.1760764Z Artifact download URL: https://github.com/jkendall327/hydrus-mine/actions/runs/37618131717/artifacts/11481791282
2026-10-07T12:16:22.1897428Z ##[group]Run python .github/scripts/workspace_artifact_cache.py stage
2026-10-07T12:16:22.1898087Z [36;1mpython .github/scripts/workspace_artifact_cache.py stage[0m
2026-10-07T12:16:22.1946387Z shell: /usr/bin/bash --noprofile --norc -e -o pipefail {0}
2026-10-07T12:16:22.1946864Z env:
2026-10-07T12:16:22.1947158Z   CARGO_TERM_COLOR: always
2026-10-07T12:16:22.1947502Z   RUSTFLAGS: -D warnings
2026-10-07T12:16:22.1948041Z   CARGO_HOME: /home/runner/.cargo
2026-10-07T12:16:22.1948372Z   CARGO_INCREMENTAL: 0
2026-10-07T12:16:22.1948682Z   CACHE_ON_FAILURE: true
2026-10-07T12:16:22.1949006Z ##[endgroup]
2026-10-07T12:16:25.0103916Z Workspace library snapshot candidate: 293 artifact files plus input ledger, 2200258229 bytes (limit 4294967296).
2026-10-07T12:16:25.4448421Z ##[group]Run actions/cache/save@v4
2026-10-07T12:16:25.4448700Z with:
2026-10-07T12:16:25.4448916Z   path: .ci-workspace-artifacts
2026-10-07T12:16:25.4449430Z   key: hydrus-ws-v1-check-Linux-X64-ca9bfc0c8b9baf8c381365db-95bbbed2cdd5f254a71330a00a2eb15f24b771a8-37618131717-1
2026-10-07T12:16:25.4449942Z   enableCrossOsArchive: false
2026-10-07T12:16:25.4450180Z env:
2026-10-07T12:16:25.4450672Z   CARGO_TERM_COLOR: always
2026-10-07T12:16:25.4450919Z   RUSTFLAGS: -D warnings
2026-10-07T12:16:25.4451159Z   CARGO_HOME: /home/runner/.cargo
2026-10-07T12:16:25.4451408Z   CARGO_INCREMENTAL: 0
2026-10-07T12:16:25.4451629Z   CACHE_ON_FAILURE: true
2026-10-07T12:16:25.4451866Z ##[endgroup]
2026-10-07T12:16:25.5514326Z (node:22111) [DEP0040] DeprecationWarning: The `punycode` module is deprecated. Please use a userland alternative instead.
2026-10-07T12:16:25.5515142Z (Use `node --trace-deprecation ...` to show where the warning was created)
2026-10-07T12:16:25.5651719Z [command]/usr/bin/tar --posix -cf cache.tzst --exclude cache.tzst -P -C /home/runner/work/hydrus-mine/hydrus-mine --files-from manifest.txt --use-compress-program zstdmt
2026-10-07T12:16:32.8453424Z (node:22111) [DEP0169] DeprecationWarning: `url.parse()` behavior is not standardized and prone to errors that have security implications. Use the WHATWG URL API instead. CVEs are not issued for `url.parse()` vulnerabilities.
2026-10-07T12:16:33.8361942Z Sent 9543472 of 345087792 (2.8%), 9.1 MBs/sec
2026-10-07T12:16:34.8333176Z Sent 277978928 of 345087792 (80.6%), 132.5 MBs/sec
2026-10-07T12:16:34.9637180Z Sent 345087792 of 345087792 (100.0%), 154.4 MBs/sec
2026-10-07T12:16:35.1504666Z Cache saved with key: hydrus-ws-v1-check-Linux-X64-ca9bfc0c8b9baf8c381365db-95bbbed2cdd5f254a71330a00a2eb15f24b771a8-37618131717-1
2026-10-07T12:16:35.1661846Z Post job cleanup.
2026-10-07T12:16:35.2844395Z Cache up-to-date.
2026-10-07T12:16:35.2962135Z Post job cleanup.
2026-10-07T12:16:35.3801639Z [command]/usr/bin/git version
2026-10-07T12:16:35.3841129Z git version 2.55.0
2026-10-07T12:16:35.3877605Z Temporarily overriding HOME='/home/runner/work/_temp/9d57247e-aa5a-46f6-b98c-1e1c23ee45b5' before making global git config changes
2026-10-07T12:16:35.3878365Z Adding repository directory to the temporary git global config as a safe directory
2026-10-07T12:16:35.3883541Z [command]/usr/bin/git config --global --add safe.directory /home/runner/work/hydrus-mine/hydrus-mine
2026-10-07T12:16:35.3915429Z [command]/usr/bin/git config --local --name-only --get-regexp core\.sshCommand
2026-10-07T12:16:35.3942891Z [command]/usr/bin/git submodule foreach --recursive sh -c "git config --local --name-only --get-regexp 'core\.sshCommand' && git config --local --unset-all 'core.sshCommand' || :"
2026-10-07T12:16:35.4139810Z [command]/usr/bin/git config --local --name-only --get-regexp http\.https\:\/\/github\.com\/\.extraheader
2026-10-07T12:16:35.4158081Z http.https://github.com/.extraheader
2026-10-07T12:16:35.4166263Z [command]/usr/bin/git config --local --unset-all http.https://github.com/.extraheader
2026-10-07T12:16:35.4191850Z [command]/usr/bin/git submodule foreach --recursive sh -c "git config --local --name-only --get-regexp 'http\.https\:\/\/github\.com\/\.extraheader' && git config --local --unset-all 'http.https://github.com/.extraheader' || :"
2026-10-07T12:16:35.4352419Z [command]/usr/bin/git config --local --name-only --get-regexp ^includeIf\.gitdir:
2026-10-07T12:16:35.4377384Z [command]/usr/bin/git submodule foreach --recursive git config --local --show-origin --name-only --get-regexp remote.origin.url
2026-10-07T12:16:35.4653413Z Cleaning up orphan processes
2026-10-07T12:16:35.5037392Z ##[warning]Node.js 20 is deprecated. The following actions target Node.js 20 but are being forced to run on Node.js 24: actions/cache/restore@v4, actions/cache/save@v4, actions/checkout@v4, actions/upload-artifact@v4. For more information see: https://github.blog/changelog/2025-09-19-deprecation-of-node-20-on-github-actions-runners/
