2026-10-06T09:30:25.1285050Z Current runner version: '2.337.0'
2026-10-06T09:30:25.1303076Z ##[group]Runner Image Provisioner
2026-10-06T09:30:25.1303597Z Hosted Compute Agent
2026-10-06T09:30:25.1304312Z Version: 20260901.588
2026-10-06T09:30:25.1304701Z Commit: f88ec8081b781fac6c440065ac7ff9e710ce3d0b
2026-10-06T09:30:25.1305128Z Build Date: 2026-09-01T19:56:44Z
2026-10-06T09:30:25.1305619Z Worker ID: {cc6fad6a-dbe8-4ec2-ad7c-c8f4c628bb92}
2026-10-06T09:30:25.1306048Z Azure Region: centralus
2026-10-06T09:30:25.1306466Z ##[endgroup]
2026-10-06T09:30:25.1307558Z ##[group]Operating System
2026-10-06T09:30:25.1307964Z Ubuntu
2026-10-06T09:30:25.1308414Z 24.04.5
2026-10-06T09:30:25.1308737Z LTS
2026-10-06T09:30:25.1309079Z ##[endgroup]
2026-10-06T09:30:25.1309485Z ##[group]Runner Image
2026-10-06T09:30:25.1309851Z Image: ubuntu-24.04
2026-10-06T09:30:25.1310256Z Version: 20260927.320.1
2026-10-06T09:30:25.1311074Z Included Software: https://github.com/actions/runner-images/blob/ubuntu24/20260927.320/images/ubuntu/Ubuntu2404-Readme.md
2026-10-06T09:30:25.1312012Z Image Release: https://github.com/actions/runner-images/releases/tag/ubuntu24%2F20260927.320
2026-10-06T09:30:25.1312632Z ##[endgroup]
2026-10-06T09:30:25.1313355Z ##[group]GITHUB_TOKEN Permissions
2026-10-06T09:30:25.1314648Z Contents: read
2026-10-06T09:30:25.1315031Z Metadata: read
2026-10-06T09:30:25.1315401Z Packages: read
2026-10-06T09:30:25.1315788Z ##[endgroup]
2026-10-06T09:30:25.1317211Z Secret source: Actions
2026-10-06T09:30:25.1317773Z Cache mode: write
2026-10-06T09:30:25.1318266Z Prepare workflow directory
2026-10-06T09:30:25.1569112Z Prepare all required actions
2026-10-06T09:30:25.1601429Z Getting action download info
2026-10-06T09:30:25.4028321Z Download action repository 'actions/checkout@v4' (SHA:11d5960a326750d5838078e36cf38b85af677262)
2026-10-06T09:30:25.4716451Z Download action repository 'dtolnay/rust-toolchain@master' (SHA:7e38f4b43b4db5c8dd498af069a4f6196df1d067)
2026-10-06T09:30:25.6570902Z Download action repository 'Swatinem/rust-cache@v2' (SHA:6323deb102c322ba6fcbdcafc7e3dddab59af2b6)
2026-10-06T09:30:26.1794956Z Download action repository 'actions/cache@v4' (SHA:0057852bfaa89a56745cba8c7296529d2fc39830)
2026-10-06T09:30:26.2940218Z Download action repository 'actions/upload-artifact@v4' (SHA:ea165f8d65b6e75b540449e92b4886f43607fa02)
2026-10-06T09:30:26.5171882Z Complete job name: check
2026-10-06T09:30:26.5736776Z ##[group]Run actions/checkout@v4
2026-10-06T09:30:26.5737225Z with:
2026-10-06T09:30:26.5737464Z   repository: jkendall327/hydrus-mine
2026-10-06T09:30:26.5739666Z   token: ***
2026-10-06T09:30:26.5739896Z   ssh-strict: true
2026-10-06T09:30:26.5740127Z   ssh-user: git
2026-10-06T09:30:26.5740367Z   persist-credentials: true
2026-10-06T09:30:26.5740621Z   clean: true
2026-10-06T09:30:26.5740860Z   sparse-checkout-cone-mode: true
2026-10-06T09:30:26.5741135Z   fetch-depth: 1
2026-10-06T09:30:26.5741370Z   fetch-tags: false
2026-10-06T09:30:26.5741609Z   show-progress: true
2026-10-06T09:30:26.5741852Z   lfs: false
2026-10-06T09:30:26.5742068Z   submodules: false
2026-10-06T09:30:26.5742326Z   set-safe-directory: true
2026-10-06T09:30:26.5742594Z   allow-unsafe-pr-checkout: false
2026-10-06T09:30:26.5742932Z env:
2026-10-06T09:30:26.5743150Z   CARGO_TERM_COLOR: always
2026-10-06T09:30:26.5743422Z   RUSTFLAGS: -D warnings
2026-10-06T09:30:26.5743665Z ##[endgroup]
2026-10-06T09:30:26.6372203Z Syncing repository: jkendall327/hydrus-mine
2026-10-06T09:30:26.6373266Z ##[group]Getting Git version info
2026-10-06T09:30:26.6373636Z Working directory is '/home/runner/work/hydrus-mine/hydrus-mine'
2026-10-06T09:30:26.6374348Z [command]/usr/bin/git version
2026-10-06T09:30:26.6431733Z git version 2.55.0
2026-10-06T09:30:26.6443879Z ##[endgroup]
2026-10-06T09:30:26.6453352Z Temporarily overriding HOME='/home/runner/work/_temp/dd317715-c4dc-475d-b2e3-1e67293b6519' before making global git config changes
2026-10-06T09:30:26.6454584Z Adding repository directory to the temporary git global config as a safe directory
2026-10-06T09:30:26.6456906Z [command]/usr/bin/git config --global --add safe.directory /home/runner/work/hydrus-mine/hydrus-mine
2026-10-06T09:30:26.6497778Z Deleting the contents of '/home/runner/work/hydrus-mine/hydrus-mine'
2026-10-06T09:30:26.6500911Z ##[group]Initializing the repository
2026-10-06T09:30:26.6503459Z [command]/usr/bin/git init /home/runner/work/hydrus-mine/hydrus-mine
2026-10-06T09:30:26.6582503Z hint: Using 'master' as the name for the initial branch. This default branch name
2026-10-06T09:30:26.6583326Z hint: will change to "main" in Git 3.0. To configure the initial branch name
2026-10-06T09:30:26.6584198Z hint: to use in all of your new repositories, which will suppress this warning,
2026-10-06T09:30:26.6584791Z hint: call:
2026-10-06T09:30:26.6585114Z hint:
2026-10-06T09:30:26.6585549Z hint: 	git config --global init.defaultBranch <name>
2026-10-06T09:30:26.6586042Z hint:
2026-10-06T09:30:26.6586501Z hint: Names commonly chosen instead of 'master' are 'main', 'trunk' and
2026-10-06T09:30:26.6587257Z hint: 'development'. The just-created branch can be renamed via this command:
2026-10-06T09:30:26.6587787Z hint:
2026-10-06T09:30:26.6588024Z hint: 	git branch -m <name>
2026-10-06T09:30:26.6588278Z hint:
2026-10-06T09:30:26.6588736Z hint: Disable this message with "git config set advice.defaultBranchName false"
2026-10-06T09:30:26.6589507Z Initialized empty Git repository in /home/runner/work/hydrus-mine/hydrus-mine/.git/
2026-10-06T09:30:26.6592106Z [command]/usr/bin/git remote add origin https://github.com/jkendall327/hydrus-mine
2026-10-06T09:30:26.6632887Z ##[endgroup]
2026-10-06T09:30:26.6633311Z ##[group]Disabling automatic garbage collection
2026-10-06T09:30:26.6635268Z [command]/usr/bin/git config --local gc.auto 0
2026-10-06T09:30:26.6658410Z ##[endgroup]
2026-10-06T09:30:26.6658802Z ##[group]Setting up auth
2026-10-06T09:30:26.6662446Z [command]/usr/bin/git config --local --name-only --get-regexp core\.sshCommand
2026-10-06T09:30:26.6684905Z [command]/usr/bin/git submodule foreach --recursive sh -c "git config --local --name-only --get-regexp 'core\.sshCommand' && git config --local --unset-all 'core.sshCommand' || :"
2026-10-06T09:30:26.6968523Z [command]/usr/bin/git config --local --name-only --get-regexp http\.https\:\/\/github\.com\/\.extraheader
2026-10-06T09:30:26.6993423Z [command]/usr/bin/git submodule foreach --recursive sh -c "git config --local --name-only --get-regexp 'http\.https\:\/\/github\.com\/\.extraheader' && git config --local --unset-all 'http.https://github.com/.extraheader' || :"
2026-10-06T09:30:26.7160526Z [command]/usr/bin/git config --local --name-only --get-regexp ^includeIf\.gitdir:
2026-10-06T09:30:26.7184782Z [command]/usr/bin/git submodule foreach --recursive git config --local --show-origin --name-only --get-regexp remote.origin.url
2026-10-06T09:30:26.7352274Z [command]/usr/bin/git config --local http.https://github.com/.extraheader AUTHORIZATION: basic ***
2026-10-06T09:30:26.7382927Z ##[endgroup]
2026-10-06T09:30:26.7383514Z ##[group]Fetching the repository
2026-10-06T09:30:26.7390623Z [command]/usr/bin/git -c protocol.version=2 fetch --no-tags --prune --no-recurse-submodules --depth=1 origin +115d5532a0fa0fe9a937a23b556dfd3aed965175:refs/remotes/origin/codex/full-validation
2026-10-06T09:30:34.3511218Z From https://github.com/jkendall327/hydrus-mine
2026-10-06T09:30:34.3512796Z  * [new ref]         115d5532a0fa0fe9a937a23b556dfd3aed965175 -> origin/codex/full-validation
2026-10-06T09:30:34.3516026Z ##[endgroup]
2026-10-06T09:30:34.3516658Z ##[group]Determining the checkout info
2026-10-06T09:30:34.3517212Z ##[endgroup]
2026-10-06T09:30:34.3520776Z [command]/usr/bin/git sparse-checkout disable
2026-10-06T09:30:34.3627178Z [command]/usr/bin/git config --local --unset-all extensions.worktreeConfig
2026-10-06T09:30:34.3722616Z ##[group]Checking out the ref
2026-10-06T09:30:34.3735316Z [command]/usr/bin/git checkout --progress --force -B codex/full-validation refs/remotes/origin/codex/full-validation
2026-10-06T09:30:34.9936822Z Switched to a new branch 'codex/full-validation'
2026-10-06T09:30:34.9965057Z branch 'codex/full-validation' set up to track 'origin/codex/full-validation'.
2026-10-06T09:30:34.9972794Z ##[endgroup]
2026-10-06T09:30:35.0009717Z [command]/usr/bin/git log -1 --format=%H
2026-10-06T09:30:35.0030653Z 115d5532a0fa0fe9a937a23b556dfd3aed965175
2026-10-06T09:30:35.0324998Z ##[group]Run dtolnay/rust-toolchain@master
2026-10-06T09:30:35.0325232Z with:
2026-10-06T09:30:35.0325346Z   toolchain: 1.94
2026-10-06T09:30:35.0325473Z   components: rustfmt, clippy
2026-10-06T09:30:35.0325611Z env:
2026-10-06T09:30:35.0325724Z   CARGO_TERM_COLOR: always
2026-10-06T09:30:35.0325864Z   RUSTFLAGS: -D warnings
2026-10-06T09:30:35.0325990Z ##[endgroup]
2026-10-06T09:30:35.0415975Z ##[start-action display=Parse toolchain version;id=__dtolnay_rust-toolchain.parse]
2026-10-06T09:30:35.0493946Z ##[group]Run if [[ -z $toolchain ]]; then
2026-10-06T09:30:35.0494213Z [36;1mif [[ -z $toolchain ]]; then[0m
2026-10-06T09:30:35.0494533Z [36;1m  # GitHub does not enforce `required: true` inputs itself. https://github.com/actions/runner/issues/1070[0m
2026-10-06T09:30:35.0494878Z [36;1m  echo "'toolchain' is a required input" >&2[0m
2026-10-06T09:30:35.0495046Z [36;1m  exit 1[0m
2026-10-06T09:30:35.0495282Z [36;1melif [[ $toolchain =~ ^stable' '[0-9]+' '(year|month|week|day)s?' 'ago$ ]]; then[0m
2026-10-06T09:30:35.0495537Z [36;1m  if [[ Linux == macOS ]]; then[0m
2026-10-06T09:30:35.0495872Z [36;1m    echo "toolchain=1.$((($(date -v-$(sed 's/stable \([0-9]*\) \(.\).*/\1\2/' <<< $toolchain) +%s)/60/60/24-16569)/7/6))" >> $GITHUB_OUTPUT[0m
2026-10-06T09:30:35.0496155Z [36;1m  else[0m
2026-10-06T09:30:35.0496381Z [36;1m    echo "toolchain=1.$((($(date --date "${toolchain#stable }" +%s)/60/60/24-16569)/7/6))" >> $GITHUB_OUTPUT[0m
2026-10-06T09:30:35.0496629Z [36;1m  fi[0m
2026-10-06T09:30:35.0496803Z [36;1melif [[ $toolchain =~ ^stable' 'minus' '[0-9]+' 'releases?$ ]]; then[0m
2026-10-06T09:30:35.0497099Z [36;1m  echo "toolchain=1.$((($(date +%s)/60/60/24-16569)/7/6-${toolchain//[^0-9]/}))" >> $GITHUB_OUTPUT[0m
2026-10-06T09:30:35.0497358Z [36;1melif [[ $toolchain =~ ^1\.[0-9]+$ ]]; then[0m
2026-10-06T09:30:35.0497647Z [36;1m  echo "toolchain=1.$((i=${toolchain#1.}, c=($(date +%s)/60/60/24-16569)/7/6, i+9*i*(10*i<=c)+90*i*(100*i<=c)))" >> $GITHUB_OUTPUT[0m
2026-10-06T09:30:35.0497941Z [36;1melse[0m
2026-10-06T09:30:35.0498085Z [36;1m  echo "toolchain=$toolchain" >> $GITHUB_OUTPUT[0m
2026-10-06T09:30:35.0498256Z [36;1mfi[0m
2026-10-06T09:30:35.1042793Z shell: /usr/bin/bash --noprofile --norc -e -o pipefail {0}
2026-10-06T09:30:35.1043063Z env:
2026-10-06T09:30:35.1043201Z   CARGO_TERM_COLOR: always
2026-10-06T09:30:35.1043344Z   RUSTFLAGS: -D warnings
2026-10-06T09:30:35.1043474Z   toolchain: 1.94
2026-10-06T09:30:35.1043598Z ##[endgroup]
2026-10-06T09:30:35.1192600Z ##[end-action id=__dtolnay_rust-toolchain.parse;outcome=success;conclusion=success;duration_ms=77]
2026-10-06T09:30:35.1202138Z ##[start-action display=Construct rustup command line;id=__dtolnay_rust-toolchain.flags]
2026-10-06T09:30:35.1250385Z ##[group]Run echo "targets=$(for t in ${targets//,/ }; do echo -n ' --target' $t; done)" >> $GITHUB_OUTPUT
2026-10-06T09:30:35.1250782Z [36;1mecho "targets=$(for t in ${targets//,/ }; do echo -n ' --target' $t; done)" >> $GITHUB_OUTPUT[0m
2026-10-06T09:30:35.1251132Z [36;1mecho "components=$(for c in ${components//,/ }; do echo -n ' --component' $c; done)" >> $GITHUB_OUTPUT[0m
2026-10-06T09:30:35.1251401Z [36;1mecho "downgrade=" >> $GITHUB_OUTPUT[0m
2026-10-06T09:30:35.1304913Z shell: /usr/bin/bash --noprofile --norc -e -o pipefail {0}
2026-10-06T09:30:35.1305108Z env:
2026-10-06T09:30:35.1305229Z   CARGO_TERM_COLOR: always
2026-10-06T09:30:35.1305370Z   RUSTFLAGS: -D warnings
2026-10-06T09:30:35.1305498Z   targets: 
2026-10-06T09:30:35.1305617Z   components: rustfmt, clippy
2026-10-06T09:30:35.1305755Z ##[endgroup]
2026-10-06T09:30:35.1422852Z ##[end-action id=__dtolnay_rust-toolchain.flags;outcome=success;conclusion=success;duration_ms=22]
2026-10-06T09:30:35.1424724Z ##[start-action display=Set $CARGO_HOME;id=__dtolnay_rust-toolchain.__run]
2026-10-06T09:30:35.1443199Z ##[group]Run echo CARGO_HOME=${CARGO_HOME:-"$HOME/.cargo"} >> $GITHUB_ENV
2026-10-06T09:30:35.1443471Z [36;1mecho CARGO_HOME=${CARGO_HOME:-"$HOME/.cargo"} >> $GITHUB_ENV[0m
2026-10-06T09:30:35.1497859Z shell: /usr/bin/bash --noprofile --norc -e -o pipefail {0}
2026-10-06T09:30:35.1498057Z env:
2026-10-06T09:30:35.1498176Z   CARGO_TERM_COLOR: always
2026-10-06T09:30:35.1498316Z   RUSTFLAGS: -D warnings
2026-10-06T09:30:35.1498448Z ##[endgroup]
2026-10-06T09:30:35.1686162Z ##[end-action id=__dtolnay_rust-toolchain.__run;outcome=success;conclusion=success;duration_ms=26]
2026-10-06T09:30:35.1688782Z ##[start-action display=Install rustup if needed;id=__dtolnay_rust-toolchain.__run_2]
2026-10-06T09:30:35.1846224Z ##[group]Run if ! command -v rustup &>/dev/null; then
2026-10-06T09:30:35.1846470Z [36;1mif ! command -v rustup &>/dev/null; then[0m
2026-10-06T09:30:35.1846915Z [36;1m  curl --proto '=https' --tlsv1.2 --retry 10 --retry-connrefused --location --silent --show-error --fail https://sh.rustup.rs | sh -s -- --default-toolchain none -y[0m
2026-10-06T09:30:35.1847326Z [36;1m  echo "$CARGO_HOME/bin" >> $GITHUB_PATH[0m
2026-10-06T09:30:35.1847488Z [36;1mfi[0m
2026-10-06T09:30:35.1903237Z shell: /usr/bin/bash --noprofile --norc -e -o pipefail {0}
2026-10-06T09:30:35.1903425Z env:
2026-10-06T09:30:35.1903548Z   CARGO_TERM_COLOR: always
2026-10-06T09:30:35.1903685Z   RUSTFLAGS: -D warnings
2026-10-06T09:30:35.1903975Z   CARGO_HOME: /home/runner/.cargo
2026-10-06T09:30:35.1904124Z ##[endgroup]
2026-10-06T09:30:35.2165263Z ##[end-action id=__dtolnay_rust-toolchain.__run_2;outcome=success;conclusion=success;duration_ms=47]
2026-10-06T09:30:35.2167261Z ##[start-action display=Install rustup if needed on windows;id=__dtolnay_rust-toolchain.__run_3]
2026-10-06T09:30:35.2173982Z ##[end-action id=__dtolnay_rust-toolchain.__run_3;outcome=skipped;conclusion=skipped;duration_ms=0]
2026-10-06T09:30:35.2182857Z ##[start-action display=rustup toolchain install 1.94;id=__dtolnay_rust-toolchain.__run_4]
2026-10-06T09:30:35.2511879Z ##[group]Run log=$(mktemp)
2026-10-06T09:30:35.2512094Z [36;1mlog=$(mktemp)[0m
2026-10-06T09:30:35.2512243Z [36;1mtrap 'rm -f "$log"' EXIT[0m
2026-10-06T09:30:35.2512408Z [36;1mfor attempt in 1 2 3 4 5; do[0m
2026-10-06T09:30:35.2512762Z [36;1m  if rustup toolchain install 1.94 --component rustfmt --component clippy --profile minimal --no-self-update --force-non-host 2>&1 | tee "$log"; then[0m
2026-10-06T09:30:35.2513108Z [36;1m    break[0m
2026-10-06T09:30:35.2513226Z [36;1m  else[0m
2026-10-06T09:30:35.2513346Z [36;1m    status=$?[0m
2026-10-06T09:30:35.2513469Z [36;1m  fi[0m
2026-10-06T09:30:35.2513638Z [36;1m  if [[ $attempt == 5 ]] || ! grep -Fq 'checksum failed for ' "$log" \[0m
2026-10-06T09:30:35.2514220Z [36;1m      || ! grep -Fq 'this is likely due to an ongoing update of the official release server' "$log"; then[0m
2026-10-06T09:30:35.2514481Z [36;1m    exit "$status"[0m
2026-10-06T09:30:35.2514621Z [36;1m  fi[0m
2026-10-06T09:30:35.2514823Z [36;1m  echo "Retrying rustup toolchain install in 30 seconds (retry $attempt of 4)" >&2[0m
2026-10-06T09:30:35.2515055Z [36;1m  sleep 30[0m
2026-10-06T09:30:35.2515172Z [36;1mdone[0m
2026-10-06T09:30:35.2577438Z shell: /usr/bin/bash --noprofile --norc -e -o pipefail {0}
2026-10-06T09:30:35.2577644Z env:
2026-10-06T09:30:35.2577769Z   CARGO_TERM_COLOR: always
2026-10-06T09:30:35.2577904Z   RUSTFLAGS: -D warnings
2026-10-06T09:30:35.2578044Z   CARGO_HOME: /home/runner/.cargo
2026-10-06T09:30:35.2578194Z   RUSTUP_PERMIT_COPY_RENAME: 1
2026-10-06T09:30:35.2578340Z ##[endgroup]
2026-10-06T09:30:35.3236312Z info: syncing channel updates for 1.94-x86_64-unknown-linux-gnu
2026-10-06T09:30:35.8479700Z info: latest update on 2026-03-26 for version 1.94.1 (e408947bf 2026-03-25)
2026-10-06T09:30:35.8480317Z info: downloading 5 components
2026-10-06T09:30:43.8510597Z 
2026-10-06T09:30:43.8572186Z   1.94-x86_64-unknown-linux-gnu installed - rustc 1.94.1 (e408947bf 2026-03-25)
2026-10-06T09:30:43.8572794Z 
2026-10-06T09:30:43.8636832Z ##[end-action id=__dtolnay_rust-toolchain.__run_4;outcome=success;conclusion=success;duration_ms=8645]
2026-10-06T09:30:43.8641472Z ##[start-action display=rustup default 1.94;id=__dtolnay_rust-toolchain.__run_5]
2026-10-06T09:30:43.8654159Z ##[group]Run rustup default 1.94 --force-non-host
2026-10-06T09:30:43.8654376Z [36;1mrustup default 1.94 --force-non-host[0m
2026-10-06T09:30:43.8704035Z shell: /usr/bin/bash --noprofile --norc -e -o pipefail {0}
2026-10-06T09:30:43.8704219Z env:
2026-10-06T09:30:43.8704334Z   CARGO_TERM_COLOR: always
2026-10-06T09:30:43.8704467Z   RUSTFLAGS: -D warnings
2026-10-06T09:30:43.8704601Z   CARGO_HOME: /home/runner/.cargo
2026-10-06T09:30:43.8704745Z ##[endgroup]
2026-10-06T09:30:43.8804366Z info: using existing install for 1.94-x86_64-unknown-linux-gnu
2026-10-06T09:30:43.8810409Z info: default toolchain set to 1.94-x86_64-unknown-linux-gnu
2026-10-06T09:30:43.8810577Z 
2026-10-06T09:30:43.8867035Z   1.94-x86_64-unknown-linux-gnu unchanged - rustc 1.94.1 (e408947bf 2026-03-25)
2026-10-06T09:30:43.8867350Z 
2026-10-06T09:30:43.8867822Z info: note that the toolchain '1.94-x86_64-unknown-linux-gnu' is currently in use (overridden by '/home/runner/work/hydrus-mine/hydrus-mine/rust-toolchain.toml')
2026-10-06T09:30:43.8881831Z ##[end-action id=__dtolnay_rust-toolchain.__run_5;outcome=success;conclusion=success;duration_ms=23]
2026-10-06T09:30:43.8883655Z ##[start-action display=Create cachekey;id=__dtolnay_rust-toolchain.rustc-version]
2026-10-06T09:30:43.8897982Z ##[group]Run DATE=$(rustc +1.94 --version --verbose | sed -ne 's/^commit-date: \(20[0-9][0-9]\)-\([01][0-9]\)-\([0-3][0-9]\)$/\1\2\3/p')
2026-10-06T09:30:43.8898447Z [36;1mDATE=$(rustc +1.94 --version --verbose | sed -ne 's/^commit-date: \(20[0-9][0-9]\)-\([01][0-9]\)-\([0-3][0-9]\)$/\1\2\3/p')[0m
2026-10-06T09:30:43.8898778Z [36;1mHASH=$(rustc +1.94 --version --verbose | sed -ne 's/^commit-hash: //p')[0m
2026-10-06T09:30:43.8899040Z [36;1mecho "cachekey=$(echo $DATE$HASH | head -c12)" >> $GITHUB_OUTPUT[0m
2026-10-06T09:30:43.8949503Z shell: /usr/bin/bash --noprofile --norc -e -o pipefail {0}
2026-10-06T09:30:43.8949685Z env:
2026-10-06T09:30:43.8949799Z   CARGO_TERM_COLOR: always
2026-10-06T09:30:43.8949943Z   RUSTFLAGS: -D warnings
2026-10-06T09:30:43.8950077Z   CARGO_HOME: /home/runner/.cargo
2026-10-06T09:30:43.8950217Z ##[endgroup]
2026-10-06T09:30:43.9229556Z ##[end-action id=__dtolnay_rust-toolchain.rustc-version;outcome=success;conclusion=success;duration_ms=34]
2026-10-06T09:30:43.9231466Z ##[start-action display=Disable incremental compilation;id=__dtolnay_rust-toolchain.__run_6]
2026-10-06T09:30:43.9245146Z ##[group]Run if [ -z "${CARGO_INCREMENTAL+set}" ]; then
2026-10-06T09:30:43.9245369Z [36;1mif [ -z "${CARGO_INCREMENTAL+set}" ]; then[0m
2026-10-06T09:30:43.9245552Z [36;1m  echo CARGO_INCREMENTAL=0 >> $GITHUB_ENV[0m
2026-10-06T09:30:43.9245709Z [36;1mfi[0m
2026-10-06T09:30:43.9295686Z shell: /usr/bin/bash --noprofile --norc -e -o pipefail {0}
2026-10-06T09:30:43.9295885Z env:
2026-10-06T09:30:43.9296002Z   CARGO_TERM_COLOR: always
2026-10-06T09:30:43.9296134Z   RUSTFLAGS: -D warnings
2026-10-06T09:30:43.9296266Z   CARGO_HOME: /home/runner/.cargo
2026-10-06T09:30:43.9296419Z ##[endgroup]
2026-10-06T09:30:43.9365478Z ##[end-action id=__dtolnay_rust-toolchain.__run_6;outcome=success;conclusion=success;duration_ms=13]
2026-10-06T09:30:43.9367018Z ##[start-action display=Enable colors in Cargo output;id=__dtolnay_rust-toolchain.__run_7]
2026-10-06T09:30:43.9379522Z ##[group]Run if [ -z "${CARGO_TERM_COLOR+set}" ]; then
2026-10-06T09:30:43.9379739Z [36;1mif [ -z "${CARGO_TERM_COLOR+set}" ]; then[0m
2026-10-06T09:30:43.9379924Z [36;1m  echo CARGO_TERM_COLOR=always >> $GITHUB_ENV[0m
2026-10-06T09:30:43.9380086Z [36;1mfi[0m
2026-10-06T09:30:43.9426917Z shell: /usr/bin/bash --noprofile --norc -e -o pipefail {0}
2026-10-06T09:30:43.9427104Z env:
2026-10-06T09:30:43.9427220Z   CARGO_TERM_COLOR: always
2026-10-06T09:30:43.9427354Z   RUSTFLAGS: -D warnings
2026-10-06T09:30:43.9427620Z   CARGO_HOME: /home/runner/.cargo
2026-10-06T09:30:43.9427759Z   CARGO_INCREMENTAL: 0
2026-10-06T09:30:43.9427883Z ##[endgroup]
2026-10-06T09:30:43.9492683Z ##[end-action id=__dtolnay_rust-toolchain.__run_7;outcome=success;conclusion=success;duration_ms=12]
2026-10-06T09:30:43.9494295Z ##[start-action display=Enable Cargo sparse registry;id=__dtolnay_rust-toolchain.__run_8]
2026-10-06T09:30:43.9506936Z ##[group]Run # implemented in 1.66, stabilized in 1.68, made default in 1.70
2026-10-06T09:30:43.9507231Z [36;1m# implemented in 1.66, stabilized in 1.68, made default in 1.70[0m
2026-10-06T09:30:43.9507610Z [36;1mif [ -z "${CARGO_REGISTRIES_CRATES_IO_PROTOCOL+set}" -o -f "/home/runner/work/_temp"/.implicit_cargo_registries_crates_io_protocol ]; then[0m
2026-10-06T09:30:43.9507993Z [36;1m  if rustc +1.94 --version --verbose | grep -q '^release: 1\.6[89]\.'; then[0m
2026-10-06T09:30:43.9508298Z [36;1m    touch "/home/runner/work/_temp"/.implicit_cargo_registries_crates_io_protocol || true[0m
2026-10-06T09:30:43.9508600Z [36;1m    echo CARGO_REGISTRIES_CRATES_IO_PROTOCOL=sparse >> $GITHUB_ENV[0m
2026-10-06T09:30:43.9508866Z [36;1m  elif rustc +1.94 --version --verbose | grep -q '^release: 1\.6[67]\.'; then[0m
2026-10-06T09:30:43.9509172Z [36;1m    touch "/home/runner/work/_temp"/.implicit_cargo_registries_crates_io_protocol || true[0m
2026-10-06T09:30:43.9509447Z [36;1m    echo CARGO_REGISTRIES_CRATES_IO_PROTOCOL=git >> $GITHUB_ENV[0m
2026-10-06T09:30:43.9509635Z [36;1m  fi[0m
2026-10-06T09:30:43.9509744Z [36;1mfi[0m
2026-10-06T09:30:43.9553294Z shell: /usr/bin/bash --noprofile --norc -e -o pipefail {0}
2026-10-06T09:30:43.9553477Z env:
2026-10-06T09:30:43.9553593Z   CARGO_TERM_COLOR: always
2026-10-06T09:30:43.9553874Z   RUSTFLAGS: -D warnings
2026-10-06T09:30:43.9554016Z   CARGO_HOME: /home/runner/.cargo
2026-10-06T09:30:43.9554158Z   CARGO_INCREMENTAL: 0
2026-10-06T09:30:43.9554283Z ##[endgroup]
2026-10-06T09:30:43.9804374Z ##[end-action id=__dtolnay_rust-toolchain.__run_8;outcome=success;conclusion=success;duration_ms=30]
2026-10-06T09:30:43.9806263Z ##[start-action display=Work around spurious network errors in curl 8.0;id=__dtolnay_rust-toolchain.__run_9]
2026-10-06T09:30:43.9820586Z ##[group]Run # https://rust-lang.zulipchat.com/#narrow/stream/246057-t-cargo/topic/timeout.20investigation
2026-10-06T09:30:43.9821002Z [36;1m# https://rust-lang.zulipchat.com/#narrow/stream/246057-t-cargo/topic/timeout.20investigation[0m
2026-10-06T09:30:43.9821476Z [36;1mif rustc +1.94 --version --verbose | grep -q '^release: 1\.7[01]\.'; then[0m
2026-10-06T09:30:43.9821754Z [36;1m  echo CARGO_HTTP_MULTIPLEXING=false >> $GITHUB_ENV[0m
2026-10-06T09:30:43.9821927Z [36;1mfi[0m
2026-10-06T09:30:43.9873158Z shell: /usr/bin/bash --noprofile --norc -e -o pipefail {0}
2026-10-06T09:30:43.9873348Z env:
2026-10-06T09:30:43.9873466Z   CARGO_TERM_COLOR: always
2026-10-06T09:30:43.9873598Z   RUSTFLAGS: -D warnings
2026-10-06T09:30:43.9873908Z   CARGO_HOME: /home/runner/.cargo
2026-10-06T09:30:43.9874058Z   CARGO_INCREMENTAL: 0
2026-10-06T09:30:43.9874182Z ##[endgroup]
2026-10-06T09:30:44.0034163Z ##[end-action id=__dtolnay_rust-toolchain.__run_9;outcome=success;conclusion=success;duration_ms=22]
2026-10-06T09:30:44.0037365Z ##[start-action display=rustc +1.94 --version --verbose;id=__dtolnay_rust-toolchain.__run_10]
2026-10-06T09:30:44.0051792Z ##[group]Run rustc +1.94 --version --verbose
2026-10-06T09:30:44.0052062Z [36;1mrustc +1.94 --version --verbose[0m
2026-10-06T09:30:44.0100497Z shell: /usr/bin/bash --noprofile --norc -e -o pipefail {0}
2026-10-06T09:30:44.0114570Z env:
2026-10-06T09:30:44.0114697Z   CARGO_TERM_COLOR: always
2026-10-06T09:30:44.0114841Z   RUSTFLAGS: -D warnings
2026-10-06T09:30:44.0114982Z   CARGO_HOME: /home/runner/.cargo
2026-10-06T09:30:44.0115121Z   CARGO_INCREMENTAL: 0
2026-10-06T09:30:44.0115242Z ##[endgroup]
2026-10-06T09:30:44.0262163Z rustc 1.94.1 (e408947bf 2026-03-25)
2026-10-06T09:30:44.0262497Z binary: rustc
2026-10-06T09:30:44.0262743Z commit-hash: e408947bfd200af42db322daf0fadfe7e26d3bd1
2026-10-06T09:30:44.0263204Z commit-date: 2026-03-25
2026-10-06T09:30:44.0263341Z host: x86_64-unknown-linux-gnu
2026-10-06T09:30:44.0263473Z release: 1.94.1
2026-10-06T09:30:44.0263599Z LLVM version: 21.1.8
2026-10-06T09:30:44.0276247Z ##[end-action id=__dtolnay_rust-toolchain.__run_10;outcome=success;conclusion=success;duration_ms=23]
2026-10-06T09:30:44.0362319Z ##[group]Run Swatinem/rust-cache@v2
2026-10-06T09:30:44.0362472Z with:
2026-10-06T09:30:44.0362587Z   cache-on-failure: true
2026-10-06T09:30:44.0362722Z   cache-workspace-crates: false
2026-10-06T09:30:44.0362863Z   prefix-key: v0-rust
2026-10-06T09:30:44.0362982Z   add-job-id-key: true
2026-10-06T09:30:44.0363132Z   add-rust-environment-hash-key: true
2026-10-06T09:30:44.0363278Z   cache-targets: true
2026-10-06T09:30:44.0363398Z   cache-all-crates: false
2026-10-06T09:30:44.0363519Z   save-if: true
2026-10-06T09:30:44.0363633Z   cache-provider: github
2026-10-06T09:30:44.0363951Z   cache-bin: true
2026-10-06T09:30:44.0364078Z   lookup-only: false
2026-10-06T09:30:44.0364192Z   cmd-format: {0}
2026-10-06T09:30:44.0364301Z env:
2026-10-06T09:30:44.0364409Z   CARGO_TERM_COLOR: always
2026-10-06T09:30:44.0364542Z   RUSTFLAGS: -D warnings
2026-10-06T09:30:44.0364671Z   CARGO_HOME: /home/runner/.cargo
2026-10-06T09:30:44.0364806Z   CARGO_INCREMENTAL: 0
2026-10-06T09:30:44.0364947Z ##[endgroup]
2026-10-06T09:30:44.5245620Z ##[group]Cache Configuration
2026-10-06T09:30:44.5245982Z Cache Provider:
2026-10-06T09:30:44.5246104Z     github
2026-10-06T09:30:44.5246208Z Workspaces:
2026-10-06T09:30:44.5246342Z     /home/runner/work/hydrus-mine/hydrus-mine
2026-10-06T09:30:44.5246503Z Cache Paths:
2026-10-06T09:30:44.5246619Z     /home/runner/.cargo/bin
2026-10-06T09:30:44.5246761Z     /home/runner/.cargo/.crates.toml
2026-10-06T09:30:44.5246914Z     /home/runner/.cargo/.crates2.json
2026-10-06T09:30:44.5247061Z     /home/runner/.cargo/registry
2026-10-06T09:30:44.5247294Z     /home/runner/.cargo/git
2026-10-06T09:30:44.5247531Z     /home/runner/work/hydrus-mine/hydrus-mine/target
2026-10-06T09:30:44.5247704Z Restore Key:
2026-10-06T09:30:44.5247826Z     v0-rust-check-Linux-x64-6601efbe
2026-10-06T09:30:44.5247990Z Cache Key:
2026-10-06T09:30:44.5248116Z     v0-rust-check-Linux-x64-6601efbe-0ea5e1be
2026-10-06T09:30:44.5248267Z .. Prefix:
2026-10-06T09:30:44.5248385Z   - v0-rust-check-Linux-x64
2026-10-06T09:30:44.5248534Z .. Environment considered:
2026-10-06T09:30:44.5248666Z   - Rust Versions:
2026-10-06T09:30:44.5248852Z     - 1.94.1 x86_64-unknown-linux-gnu e408947bfd200af42db322daf0fadfe7e26d3bd1
2026-10-06T09:30:44.5249159Z     - 1.98.1 x86_64-unknown-linux-gnu 48a229ceaefd4985c50990b14116b6d856af0985
2026-10-06T09:30:44.5249466Z   - CARGO_HOME
2026-10-06T09:30:44.5249579Z   - CARGO_INCREMENTAL
2026-10-06T09:30:44.5249699Z   - CARGO_TERM_COLOR
2026-10-06T09:30:44.5249816Z   - RUSTFLAGS
2026-10-06T09:30:44.5249929Z .. Lockfiles considered:
2026-10-06T09:30:44.5250099Z   - /home/runner/work/hydrus-mine/hydrus-mine/.cargo/config.toml
2026-10-06T09:30:44.5250316Z   - /home/runner/work/hydrus-mine/hydrus-mine/Cargo.lock
2026-10-06T09:30:44.5250541Z   - /home/runner/work/hydrus-mine/hydrus-mine/crates/hydrus-api/Cargo.toml
2026-10-06T09:30:44.5250836Z   - /home/runner/work/hydrus-mine/hydrus-mine/crates/hydrus-cli/Cargo.toml
2026-10-06T09:30:44.5251099Z   - /home/runner/work/hydrus-mine/hydrus-mine/crates/hydrus-core/Cargo.toml
2026-10-06T09:30:44.5251416Z   - /home/runner/work/hydrus-mine/hydrus-mine/crates/hydrus-download/Cargo.toml
2026-10-06T09:30:44.5251777Z   - /home/runner/work/hydrus-mine/hydrus-mine/crates/hydrus-downloader-exchange/Cargo.toml
2026-10-06T09:30:44.5252077Z   - /home/runner/work/hydrus-mine/hydrus-mine/crates/hydrus-duplicates/Cargo.toml
2026-10-06T09:30:44.5252356Z   - /home/runner/work/hydrus-mine/hydrus-mine/crates/hydrus-gui-model/Cargo.toml
2026-10-06T09:30:44.5252624Z   - /home/runner/work/hydrus-mine/hydrus-mine/crates/hydrus-gui-ui/Cargo.toml
2026-10-06T09:30:44.5252879Z   - /home/runner/work/hydrus-mine/hydrus-mine/crates/hydrus-gui/Cargo.toml
2026-10-06T09:30:44.5253434Z   - /home/runner/work/hydrus-mine/hydrus-mine/crates/hydrus-import/Cargo.toml
2026-10-06T09:30:44.5253695Z   - /home/runner/work/hydrus-mine/hydrus-mine/crates/hydrus-legacy/Cargo.toml
2026-10-06T09:30:44.5254141Z   - /home/runner/work/hydrus-mine/hydrus-mine/crates/hydrus-media/Cargo.toml
2026-10-06T09:30:44.5254675Z   - /home/runner/work/hydrus-mine/hydrus-mine/crates/hydrus-net/Cargo.toml
2026-10-06T09:30:44.5254934Z   - /home/runner/work/hydrus-mine/hydrus-mine/crates/hydrus-parse/Cargo.toml
2026-10-06T09:30:44.5255217Z   - /home/runner/work/hydrus-mine/hydrus-mine/crates/hydrus-search/Cargo.toml
2026-10-06T09:30:44.5255571Z   - /home/runner/work/hydrus-mine/hydrus-mine/crates/hydrus-store/Cargo.toml
2026-10-06T09:30:44.5255831Z   - /home/runner/work/hydrus-mine/hydrus-mine/crates/hydrus-testkit/Cargo.toml
2026-10-06T09:30:44.5256077Z   - /home/runner/work/hydrus-mine/hydrus-mine/rust-toolchain.toml
2026-10-06T09:30:44.5256307Z   - /home/runner/work/hydrus-mine/hydrus-mine/xtask/Cargo.toml
2026-10-06T09:30:44.5256613Z ##[endgroup]
2026-10-06T09:30:44.5256680Z 
2026-10-06T09:30:44.5256730Z ... Restoring cache ...
2026-10-06T09:30:44.6832464Z Cache hit for: v0-rust-check-Linux-x64-6601efbe-0ea5e1be
2026-10-06T09:30:45.8443242Z Received 134217728 of 819182238 (16.4%), 127.7 MBs/sec
2026-10-06T09:30:46.8448820Z Received 402653184 of 819182238 (49.2%), 191.8 MBs/sec
2026-10-06T09:30:47.8457645Z Received 620756992 of 819182238 (75.8%), 197.1 MBs/sec
2026-10-06T09:30:48.8320380Z Received 819182238 of 819182238 (100.0%), 196.0 MBs/sec
2026-10-06T09:30:48.8320908Z Cache Size: ~781 MB (819182238 B)
2026-10-06T09:30:48.8355425Z [command]/usr/bin/tar -xf /home/runner/work/_temp/166d4a8b-0218-4f77-a8c1-34aa87ccd5f6/cache.tzst -P -C /home/runner/work/hydrus-mine/hydrus-mine --use-compress-program unzstd
2026-10-06T09:30:57.7150493Z Cache restored successfully
2026-10-06T09:30:57.7472290Z Restored from cache key "v0-rust-check-Linux-x64-6601efbe-0ea5e1be" full match: true.
2026-10-06T09:30:57.7872574Z ##[group]Run python -m unittest discover -s .github/scripts/tests -v
2026-10-06T09:30:57.7872871Z [36;1mpython -m unittest discover -s .github/scripts/tests -v[0m
2026-10-06T09:30:57.7925320Z shell: /usr/bin/bash -e {0}
2026-10-06T09:30:57.7925484Z env:
2026-10-06T09:30:57.7925603Z   CARGO_TERM_COLOR: always
2026-10-06T09:30:57.7925740Z   RUSTFLAGS: -D warnings
2026-10-06T09:30:57.7925876Z   CARGO_HOME: /home/runner/.cargo
2026-10-06T09:30:57.7926018Z   CARGO_INCREMENTAL: 0
2026-10-06T09:30:57.7926146Z   CACHE_ON_FAILURE: true
2026-10-06T09:30:57.7926272Z ##[endgroup]
2026-10-06T09:30:58.0875896Z test_added_or_deleted_inputs_reject (test_workspace_artifact_cache.RestoreSafety.test_added_or_deleted_inputs_reject) ... ok
2026-10-06T09:30:58.1376941Z test_backdated_changed_input_rejected_before_any_stamp (test_workspace_artifact_cache.RestoreSafety.test_backdated_changed_input_rejected_before_any_stamp) ... ok
2026-10-06T09:30:58.1493069Z test_baseline_write_failure_rolls_back_successful_restore_and_blocks (test_workspace_artifact_cache.RestoreSafety.test_baseline_write_failure_rolls_back_successful_restore_and_blocks) ... ok
2026-10-06T09:30:59.3227961Z test_cargo_config_env_target_injections_rejected (test_workspace_artifact_cache.RestoreSafety.test_cargo_config_env_target_injections_rejected) ... ok
2026-10-06T09:30:59.3326211Z test_changed_external_input_remains_newer_than_cached_artifacts (test_workspace_artifact_cache.RestoreSafety.test_changed_external_input_remains_newer_than_cached_artifacts) ... ok
2026-10-06T09:30:59.3421852Z test_copy_failure_changes_no_source_mtime_and_purges_mixed_target (test_workspace_artifact_cache.RestoreSafety.test_copy_failure_changes_no_source_mtime_and_purges_mixed_target) ... ok
2026-10-06T09:30:59.3599951Z test_environment_target_or_build_layout_rejected (test_workspace_artifact_cache.RestoreSafety.test_environment_target_or_build_layout_rejected) ... ok
2026-10-06T09:30:59.3712636Z test_healthy_restore_copies_before_stamping_and_invalidates_test_bin_units (test_workspace_artifact_cache.RestoreSafety.test_healthy_restore_copies_before_stamping_and_invalidates_test_bin_units) ... ok
2026-10-06T09:30:59.3830232Z test_missing_incompatible_or_failed_cache_extraction_is_normal_fallback (test_workspace_artifact_cache.RestoreSafety.test_missing_incompatible_or_failed_cache_extraction_is_normal_fallback) ... ok
2026-10-06T09:30:59.3903692Z test_partial_snapshot_missing_artifact_rejected (test_workspace_artifact_cache.RestoreSafety.test_partial_snapshot_missing_artifact_rejected) ... ok
2026-10-06T09:30:59.4015903Z test_partial_stamp_failure_restores_every_mtime_and_purges_target (test_workspace_artifact_cache.RestoreSafety.test_partial_stamp_failure_restores_every_mtime_and_purges_target) ... ok
2026-10-06T09:30:59.4440901Z test_root_ancestor_default_and_explicit_home_cargo_layout_configs_rejected (test_workspace_artifact_cache.RestoreSafety.test_root_ancestor_default_and_explicit_home_cargo_layout_configs_rejected) ... ok
2026-10-06T09:30:59.4488016Z test_safe_input_path_rejects_escape_and_windows_aliases (test_workspace_artifact_cache.RestoreSafety.test_safe_input_path_rejects_escape_and_windows_aliases) ... ok
2026-10-06T09:30:59.4671708Z test_snapshot_inventory_size_count_traversal_and_duplicate_rejected (test_workspace_artifact_cache.RestoreSafety.test_snapshot_inventory_size_count_traversal_and_duplicate_rejected) ... ok
2026-10-06T09:30:59.4743278Z test_snapshot_nonregular_file_rejected_without_opening (test_workspace_artifact_cache.RestoreSafety.test_snapshot_nonregular_file_rejected_without_opening) ... ok
2026-10-06T09:30:59.4815451Z test_snapshot_symlink_rejected (test_workspace_artifact_cache.RestoreSafety.test_snapshot_symlink_rejected) ... ok
2026-10-06T09:30:59.5011089Z test_target_debug_deps_build_and_deep_destination_symlinks_rejected (test_workspace_artifact_cache.RestoreSafety.test_target_debug_deps_build_and_deep_destination_symlinks_rejected) ... ok
2026-10-06T09:30:59.5097408Z test_unrecoverable_rollback_never_claims_safe (test_workspace_artifact_cache.RestoreSafety.test_unrecoverable_rollback_never_claims_safe) ... ok
2026-10-06T09:30:59.5180793Z test_unrecoverable_target_purge_never_claims_safe (test_workspace_artifact_cache.RestoreSafety.test_unrecoverable_target_purge_never_claims_safe) ... ok
2026-10-06T09:30:59.5228180Z test_workflow_compile_gate_allows_disabled_key_failure_and_safe_miss (test_workspace_artifact_cache.RestoreSafety.test_workflow_compile_gate_allows_disabled_key_failure_and_safe_miss) ... ok
2026-10-06T09:30:59.5274405Z test_workflow_fails_closed_and_gates_non_cancelled_compilation (test_workspace_artifact_cache.RestoreSafety.test_workflow_fails_closed_and_gates_non_cancelled_compilation) ... ok
2026-10-06T09:30:59.5275021Z 
2026-10-06T09:30:59.5275167Z ----------------------------------------------------------------------
2026-10-06T09:30:59.5275479Z Ran 21 tests in 1.481s
2026-10-06T09:30:59.5275603Z 
2026-10-06T09:30:59.5275679Z OK
2026-10-06T09:30:59.5417159Z ##[group]Run python .github/scripts/workspace_artifact_cache.py key
2026-10-06T09:30:59.5417602Z [36;1mpython .github/scripts/workspace_artifact_cache.py key[0m
2026-10-06T09:30:59.5471013Z shell: /usr/bin/bash --noprofile --norc -e -o pipefail {0}
2026-10-06T09:30:59.5471207Z env:
2026-10-06T09:30:59.5471325Z   CARGO_TERM_COLOR: always
2026-10-06T09:30:59.5471460Z   RUSTFLAGS: -D warnings
2026-10-06T09:30:59.5471597Z   CARGO_HOME: /home/runner/.cargo
2026-10-06T09:30:59.5471741Z   CARGO_INCREMENTAL: 0
2026-10-06T09:30:59.5471870Z   CACHE_ON_FAILURE: true
2026-10-06T09:30:59.5472001Z ##[endgroup]
2026-10-06T09:30:59.6525710Z Workspace restore prefix: hydrus-ws-v1-check-Linux-X64-252b098a77719d57189cd7f0-
2026-10-06T09:30:59.6637991Z ##[group]Run actions/cache/restore@v4
2026-10-06T09:30:59.6638262Z with:
2026-10-06T09:30:59.6638458Z   path: .ci-workspace-artifacts
2026-10-06T09:30:59.6638961Z   key: hydrus-ws-v1-check-Linux-X64-252b098a77719d57189cd7f0-115d5532a0fa0fe9a937a23b556dfd3aed965175-37443398472-1
2026-10-06T09:30:59.6639804Z   restore-keys: hydrus-ws-v1-check-Linux-X64-252b098a77719d57189cd7f0-
2026-10-06T09:30:59.6640163Z   enableCrossOsArchive: false
2026-10-06T09:30:59.6640403Z   fail-on-cache-miss: false
2026-10-06T09:30:59.6640618Z   lookup-only: false
2026-10-06T09:30:59.6640794Z env:
2026-10-06T09:30:59.6640960Z   CARGO_TERM_COLOR: always
2026-10-06T09:30:59.6641167Z   RUSTFLAGS: -D warnings
2026-10-06T09:30:59.6641387Z   CARGO_HOME: /home/runner/.cargo
2026-10-06T09:30:59.6641622Z   CARGO_INCREMENTAL: 0
2026-10-06T09:30:59.6641822Z   CACHE_ON_FAILURE: true
2026-10-06T09:30:59.6642025Z ##[endgroup]
2026-10-06T09:30:59.7392219Z (node:2280) [DEP0040] DeprecationWarning: The `punycode` module is deprecated. Please use a userland alternative instead.
2026-10-06T09:30:59.7392836Z (Use `node --trace-deprecation ...` to show where the warning was created)
2026-10-06T09:30:59.8823610Z Cache hit for restore-key: hydrus-ws-v1-check-Linux-X64-252b098a77719d57189cd7f0-6b66240c16164a0021f0dd9e128995a25ed28c1d-37438105898-1
2026-10-06T09:30:59.8889994Z (node:2280) [DEP0169] DeprecationWarning: `url.parse()` behavior is not standardized and prone to errors that have security implications. Use the WHATWG URL API instead. CVEs are not issued for `url.parse()` vulnerabilities.
2026-10-06T09:31:01.0397936Z Received 134217728 of 344458607 (39.0%), 125.6 MBs/sec
2026-10-06T09:31:02.0379481Z Received 281018368 of 344458607 (81.6%), 132.8 MBs/sec
2026-10-06T09:31:02.3120310Z Received 344458607 of 344458607 (100.0%), 143.3 MBs/sec
2026-10-06T09:31:02.3121670Z Cache Size: ~329 MB (344458607 B)
2026-10-06T09:31:02.3203185Z [command]/usr/bin/tar -xf /home/runner/work/_temp/b7d4e58e-e95c-49f6-841f-e9c2b3bc169a/cache.tzst -P -C /home/runner/work/hydrus-mine/hydrus-mine --use-compress-program unzstd
2026-10-06T09:31:09.9446574Z Cache restored successfully
2026-10-06T09:31:09.9638815Z Cache restored from key: hydrus-ws-v1-check-Linux-X64-252b098a77719d57189cd7f0-6b66240c16164a0021f0dd9e128995a25ed28c1d-37438105898-1
2026-10-06T09:31:10.0979911Z ##[group]Run python .github/scripts/workspace_artifact_cache.py restore
2026-10-06T09:31:10.0980248Z [36;1mpython .github/scripts/workspace_artifact_cache.py restore[0m
2026-10-06T09:31:10.1030597Z shell: /usr/bin/bash --noprofile --norc -e -o pipefail {0}
2026-10-06T09:31:10.1030795Z env:
2026-10-06T09:31:10.1030925Z   CARGO_TERM_COLOR: always
2026-10-06T09:31:10.1031076Z   RUSTFLAGS: -D warnings
2026-10-06T09:31:10.1031221Z   CARGO_HOME: /home/runner/.cargo
2026-10-06T09:31:10.1031376Z   CARGO_INCREMENTAL: 0
2026-10-06T09:31:10.1031512Z   CACHE_ON_FAILURE: true
2026-10-06T09:31:10.1031661Z   WORKSPACE_CACHE_RESTORE_OUTCOME: success
2026-10-06T09:31:10.1031828Z ##[endgroup]
2026-10-06T09:31:11.7131616Z Ignoring workspace snapshot before mutation: input paths added/deleted; reject workspace snapshot
2026-10-06T09:31:11.8130016Z ##[group]Run sudo apt-get update && sudo apt-get install -y ffmpeg libfontconfig1-dev
2026-10-06T09:31:11.8130549Z [36;1msudo apt-get update && sudo apt-get install -y ffmpeg libfontconfig1-dev[0m
2026-10-06T09:31:11.8184119Z shell: /usr/bin/bash -e {0}
2026-10-06T09:31:11.8184275Z env:
2026-10-06T09:31:11.8184403Z   CARGO_TERM_COLOR: always
2026-10-06T09:31:11.8184542Z   RUSTFLAGS: -D warnings
2026-10-06T09:31:11.8184685Z   CARGO_HOME: /home/runner/.cargo
2026-10-06T09:31:11.8184848Z   CARGO_INCREMENTAL: 0
2026-10-06T09:31:11.8184981Z   CACHE_ON_FAILURE: true
2026-10-06T09:31:11.8185114Z ##[endgroup]
2026-10-06T09:31:11.9954112Z Get:1 file:/etc/apt/apt-mirrors.txt Mirrorlist [144 B]
2026-10-06T09:31:12.0358912Z Hit:2 http://azure.archive.ubuntu.com/ubuntu noble InRelease
2026-10-06T09:31:12.0361983Z Get:6 https://packages.microsoft.com/ubuntu/24.04/prod noble InRelease [3600 B]
2026-10-06T09:31:12.0452115Z Get:3 http://azure.archive.ubuntu.com/ubuntu noble-updates InRelease [126 kB]
2026-10-06T09:31:12.0649686Z Get:4 http://azure.archive.ubuntu.com/ubuntu noble-backports InRelease [126 kB]
2026-10-06T09:31:12.1083807Z Get:5 http://azure.archive.ubuntu.com/ubuntu noble-security InRelease [126 kB]
2026-10-06T09:31:12.1498086Z Get:7 http://azure.archive.ubuntu.com/ubuntu noble-updates/main amd64 Packages [1370 kB]
2026-10-06T09:31:12.1885081Z Get:8 http://azure.archive.ubuntu.com/ubuntu noble-updates/main Translation-en [305 kB]
2026-10-06T09:31:12.2151959Z Get:17 https://packages.microsoft.com/ubuntu/24.04/prod noble/main armhf Packages [12.6 kB]
2026-10-06T09:31:12.2263296Z Get:9 http://azure.archive.ubuntu.com/ubuntu noble-updates/main amd64 Components [181 kB]
2026-10-06T09:31:12.2265821Z Get:10 http://azure.archive.ubuntu.com/ubuntu noble-updates/universe amd64 Packages [1701 kB]
2026-10-06T09:31:12.2286897Z Get:18 https://packages.microsoft.com/ubuntu/24.04/prod noble/main amd64 Packages [515 kB]
2026-10-06T09:31:12.2854351Z Get:11 http://azure.archive.ubuntu.com/ubuntu noble-updates/universe Translation-en [341 kB]
2026-10-06T09:31:12.2887041Z Get:21 https://packages.microsoft.com/ubuntu/24.04/prod noble/main arm64 Packages [458 kB]
2026-10-06T09:31:12.3454931Z Get:12 http://azure.archive.ubuntu.com/ubuntu noble-updates/universe amd64 Components [388 kB]
2026-10-06T09:31:12.3502483Z Get:13 http://azure.archive.ubuntu.com/ubuntu noble-updates/restricted amd64 Packages [1728 kB]
2026-10-06T09:31:12.3752942Z Get:14 http://azure.archive.ubuntu.com/ubuntu noble-updates/restricted Translation-en [395 kB]
2026-10-06T09:31:12.3849481Z Get:15 http://azure.archive.ubuntu.com/ubuntu noble-updates/multiverse Translation-en [13.3 kB]
2026-10-06T09:31:12.3948093Z Get:16 http://azure.archive.ubuntu.com/ubuntu noble-updates/multiverse amd64 Components [940 B]
2026-10-06T09:31:12.4374559Z Get:19 http://azure.archive.ubuntu.com/ubuntu noble-backports/main amd64 Components [5764 B]
2026-10-06T09:31:12.4555300Z Get:20 http://azure.archive.ubuntu.com/ubuntu noble-backports/universe amd64 Components [12.6 kB]
2026-10-06T09:31:12.4559463Z Get:22 http://azure.archive.ubuntu.com/ubuntu noble-security/main amd64 Packages [1071 kB]
2026-10-06T09:31:12.4756199Z Get:23 http://azure.archive.ubuntu.com/ubuntu noble-security/main Translation-en [222 kB]
2026-10-06T09:31:12.4967166Z Get:24 http://azure.archive.ubuntu.com/ubuntu noble-security/main amd64 Components [46.4 kB]
2026-10-06T09:31:12.5025516Z Get:25 http://azure.archive.ubuntu.com/ubuntu noble-security/universe amd64 Packages [1216 kB]
2026-10-06T09:31:12.5454700Z Get:26 http://azure.archive.ubuntu.com/ubuntu noble-security/universe Translation-en [244 kB]
2026-10-06T09:31:12.5671358Z Get:27 http://azure.archive.ubuntu.com/ubuntu noble-security/universe amd64 Components [76.3 kB]
2026-10-06T09:31:12.5855076Z Get:28 http://azure.archive.ubuntu.com/ubuntu noble-security/restricted amd64 Packages [1566 kB]
2026-10-06T09:31:12.6041405Z Get:29 http://azure.archive.ubuntu.com/ubuntu noble-security/restricted Translation-en [361 kB]
2026-10-06T09:31:19.6588000Z Fetched 12.6 MB in 1s (11.6 MB/s)
2026-10-06T09:31:20.2045653Z Reading package lists...
2026-10-06T09:31:20.2284716Z Reading package lists...
2026-10-06T09:31:20.4025364Z Building dependency tree...
2026-10-06T09:31:20.4030984Z Reading state information...
2026-10-06T09:31:20.5310103Z The following additional packages will be installed:
2026-10-06T09:31:20.5310924Z   bzip2-doc i965-va-driver intel-media-va-driver libaacs0 libass9 libasyncns0
2026-10-06T09:31:20.5311660Z   libavc1394-0 libavcodec60 libavdevice60 libavfilter9 libavformat60
2026-10-06T09:31:20.5312357Z   libavutil58 libbdplus0 libblas3 libbluray2 libbrotli-dev libbs2b0 libbz2-dev
2026-10-06T09:31:20.5313236Z   libcaca0 libcdio-cdda2t64 libcdio-paranoia2t64 libcdio19t64 libchromaprint1
2026-10-06T09:31:20.5314113Z   libcjson1 libcodec2-1.2 libdav1d7 libdc1394-25 libdecor-0-0
2026-10-06T09:31:20.5314670Z   libdecor-0-plugin-1-gtk libflac12t64 libflite1 libfontconfig-dev
2026-10-06T09:31:20.5315306Z   libfreetype-dev libgbm1 libgl1-mesa-dri libglx-mesa0 libgme0 libgsm1
2026-10-06T09:31:20.5315942Z   libhwy1t64 libiec61883-0 libigdgmm12 libjack-jackd2-0 libjxl0.7 liblapack3
2026-10-06T09:31:20.5316688Z   liblilv-0-0 libmbedcrypto7t64 libmp3lame0 libmpg123-0t64 libmysofa1
2026-10-06T09:31:20.5317936Z   libopenal-data libopenal1 libopenmpt0t64 libopus0 libplacebo338 libpng-dev
2026-10-06T09:31:20.5318566Z   libpng-tools libpocketsphinx3 libpostproc57 libpulse0 librav1e0
2026-10-06T09:31:20.5319110Z   libraw1394-11 librist4 librsvg2-2 librsvg2-common librubberband2
2026-10-06T09:31:20.5319634Z   libsamplerate0 libsdl2-2.0-0 libserd-0-0 libshine3 libsndfile1 libsndio7.0
2026-10-06T09:31:20.5320191Z   libsord-0-0 libsoxr0 libspeex1 libsphinxbase3t64 libsratom-0-0
2026-10-06T09:31:20.5320673Z   libsrt1.5-gnutls libssh-gcrypt-4 libsvtav1enc1d1 libswresample4 libswscale7
2026-10-06T09:31:20.5321231Z   libtheora0 libtwolame0 libudfread0 libunibreak5 libva-drm2 libva-x11-2
2026-10-06T09:31:20.5321811Z   libva2 libvdpau1 libvidstab1.1 libvorbisenc2 libvpl2 libvpx9 libx264-164
2026-10-06T09:31:20.5322317Z   libx265-199 libxcb-shape0 libxv1 libxvidcore4 libzimg2 libzix-0-0
2026-10-06T09:31:20.5322828Z   libzvbi-common libzvbi0t64 mesa-libgallium mesa-va-drivers
2026-10-06T09:31:20.5323360Z   mesa-vdpau-drivers ocl-icd-libopencl1 pocketsphinx-en-us uuid-dev
2026-10-06T09:31:20.5324121Z   va-driver-all vdpau-driver-all
2026-10-06T09:31:20.5327190Z Suggested packages:
2026-10-06T09:31:20.5327475Z   ffmpeg-doc i965-va-driver-shaders libcuda1 libnvcuvid1 libnvidia-encode1
2026-10-06T09:31:20.5327877Z   libbluray-bdj freetype2-doc jackd2 libportaudio2 opus-tools pulseaudio
2026-10-06T09:31:20.5328154Z   libraw1394-doc librsvg2-bin serdi sndiod sordi speex opencl-icd
2026-10-06T09:31:20.5328349Z   libvdpau-va-gl1
2026-10-06T09:31:20.5712184Z The following NEW packages will be installed:
2026-10-06T09:31:20.5713071Z   bzip2-doc ffmpeg i965-va-driver intel-media-va-driver libaacs0 libass9
2026-10-06T09:31:20.5713645Z   libasyncns0 libavc1394-0 libavcodec60 libavdevice60 libavfilter9
2026-10-06T09:31:20.5714350Z   libavformat60 libavutil58 libbdplus0 libblas3 libbluray2 libbrotli-dev
2026-10-06T09:31:20.5714863Z   libbs2b0 libbz2-dev libcaca0 libcdio-cdda2t64 libcdio-paranoia2t64
2026-10-06T09:31:20.5715397Z   libcdio19t64 libchromaprint1 libcjson1 libcodec2-1.2 libdav1d7 libdc1394-25
2026-10-06T09:31:20.5715918Z   libdecor-0-0 libdecor-0-plugin-1-gtk libflac12t64 libflite1
2026-10-06T09:31:20.5716396Z   libfontconfig-dev libfontconfig1-dev libfreetype-dev libgme0 libgsm1
2026-10-06T09:31:20.5716923Z   libhwy1t64 libiec61883-0 libigdgmm12 libjack-jackd2-0 libjxl0.7 liblapack3
2026-10-06T09:31:20.5717425Z   liblilv-0-0 libmbedcrypto7t64 libmp3lame0 libmpg123-0t64 libmysofa1
2026-10-06T09:31:20.5717925Z   libopenal-data libopenal1 libopenmpt0t64 libopus0 libplacebo338 libpng-dev
2026-10-06T09:31:20.5718448Z   libpng-tools libpocketsphinx3 libpostproc57 libpulse0 librav1e0
2026-10-06T09:31:20.5718928Z   libraw1394-11 librist4 librsvg2-2 librsvg2-common librubberband2
2026-10-06T09:31:20.5719886Z   libsamplerate0 libsdl2-2.0-0 libserd-0-0 libshine3 libsndfile1 libsndio7.0
2026-10-06T09:31:20.5720419Z   libsord-0-0 libsoxr0 libspeex1 libsphinxbase3t64 libsratom-0-0
2026-10-06T09:31:20.5720905Z   libsrt1.5-gnutls libssh-gcrypt-4 libsvtav1enc1d1 libswresample4 libswscale7
2026-10-06T09:31:20.5721455Z   libtheora0 libtwolame0 libudfread0 libunibreak5 libva-drm2 libva-x11-2
2026-10-06T09:31:20.5721973Z   libva2 libvdpau1 libvidstab1.1 libvorbisenc2 libvpl2 libvpx9 libx264-164
2026-10-06T09:31:20.5722469Z   libx265-199 libxcb-shape0 libxv1 libxvidcore4 libzimg2 libzix-0-0
2026-10-06T09:31:20.5722949Z   libzvbi-common libzvbi0t64 mesa-va-drivers mesa-vdpau-drivers
2026-10-06T09:31:20.5723412Z   ocl-icd-libopencl1 pocketsphinx-en-us uuid-dev va-driver-all
2026-10-06T09:31:20.5723936Z   vdpau-driver-all
2026-10-06T09:31:20.5725158Z The following packages will be upgraded:
2026-10-06T09:31:20.5728412Z   libgbm1 libgl1-mesa-dri libglx-mesa0 mesa-libgallium
2026-10-06T09:31:20.5890942Z 4 upgraded, 108 newly installed, 0 to remove and 21 not upgraded.
2026-10-06T09:31:20.5891334Z Need to get 107 MB of archives.
2026-10-06T09:31:20.5891648Z After this operation, 233 MB of additional disk space will be used.
2026-10-06T09:31:20.5892307Z Get:1 file:/etc/apt/apt-mirrors.txt Mirrorlist [144 B]
2026-10-06T09:31:20.6491861Z Get:2 http://azure.archive.ubuntu.com/ubuntu noble-updates/main amd64 bzip2-doc all 1.0.8-5.1ubuntu0.1 [499 kB]
2026-10-06T09:31:20.6972154Z Get:3 http://azure.archive.ubuntu.com/ubuntu noble-updates/universe amd64 libva2 amd64 2.20.0-2ubuntu0.2 [66.4 kB]
2026-10-06T09:31:20.7251917Z Get:4 http://azure.archive.ubuntu.com/ubuntu noble-updates/universe amd64 libva-drm2 amd64 2.20.0-2ubuntu0.2 [7124 B]
2026-10-06T09:31:20.7528631Z Get:5 http://azure.archive.ubuntu.com/ubuntu noble-updates/universe amd64 libva-x11-2 amd64 2.20.0-2ubuntu0.2 [12.0 kB]
2026-10-06T09:31:20.7819967Z Get:6 http://azure.archive.ubuntu.com/ubuntu noble/main amd64 libvdpau1 amd64 1.5-2build1 [27.8 kB]
2026-10-06T09:31:20.8103270Z Get:7 http://azure.archive.ubuntu.com/ubuntu noble/universe amd64 libvpl2 amd64 2023.3.0-1build1 [99.8 kB]
2026-10-06T09:31:20.8382847Z Get:8 http://azure.archive.ubuntu.com/ubuntu noble/universe amd64 ocl-icd-libopencl1 amd64 2.3.2-1build1 [38.5 kB]
2026-10-06T09:31:20.8657080Z Get:9 http://azure.archive.ubuntu.com/ubuntu noble/universe amd64 libavutil58 amd64 7:6.1.1-3ubuntu5 [401 kB]
2026-10-06T09:31:20.8956678Z Get:10 http://azure.archive.ubuntu.com/ubuntu noble/universe amd64 libcodec2-1.2 amd64 1.2.0-2build1 [8998 kB]
2026-10-06T09:31:21.0053637Z Get:11 http://azure.archive.ubuntu.com/ubuntu noble/universe amd64 libdav1d7 amd64 1.4.1-1build1 [604 kB]
2026-10-06T09:31:21.0381678Z Get:12 http://azure.archive.ubuntu.com/ubuntu noble/universe amd64 libgsm1 amd64 1.0.22-1build1 [27.8 kB]
2026-10-06T09:31:21.0664935Z Get:13 http://azure.archive.ubuntu.com/ubuntu noble/universe amd64 libhwy1t64 amd64 1.0.7-8.1build1 [584 kB]
2026-10-06T09:31:21.1914177Z Get:14 http://azure.archive.ubuntu.com/ubuntu noble-updates/universe amd64 libjxl0.7 amd64 0.7.0-10.2ubuntu6.1 [1001 kB]
2026-10-06T09:31:21.3129260Z Get:15 http://azure.archive.ubuntu.com/ubuntu noble/main amd64 libmp3lame0 amd64 3.100-6build1 [142 kB]
2026-10-06T09:31:21.4319227Z Get:16 http://azure.archive.ubuntu.com/ubuntu noble/main amd64 libopus0 amd64 1.4-1build1 [208 kB]
2026-10-06T09:31:21.5535829Z Get:17 http://azure.archive.ubuntu.com/ubuntu noble/universe amd64 librav1e0 amd64 0.7.1-2 [1022 kB]
2026-10-06T09:31:21.6737566Z Get:18 http://azure.archive.ubuntu.com/ubuntu noble/main amd64 librsvg2-2 amd64 2.58.0+dfsg-1build1 [2135 kB]
2026-10-06T09:31:21.7935638Z Get:19 http://azure.archive.ubuntu.com/ubuntu noble/universe amd64 libshine3 amd64 3.1.1-2build1 [23.2 kB]
2026-10-06T09:31:21.9141654Z Get:20 http://azure.archive.ubuntu.com/ubuntu noble-updates/main amd64 libspeex1 amd64 1.2.1-2ubuntu2.24.04.1 [59.6 kB]
2026-10-06T09:31:22.0801340Z Get:21 http://azure.archive.ubuntu.com/ubuntu noble/universe amd64 libsvtav1enc1d1 amd64 1.7.0+dfsg-2build1 [2425 kB]
2026-10-06T09:31:22.1545938Z Get:22 http://azure.archive.ubuntu.com/ubuntu noble/universe amd64 libsoxr0 amd64 0.1.3-4build3 [80.0 kB]
2026-10-06T09:31:22.2743193Z Get:23 http://azure.archive.ubuntu.com/ubuntu noble/universe amd64 libswresample4 amd64 7:6.1.1-3ubuntu5 [63.8 kB]
2026-10-06T09:31:22.3965859Z Get:24 http://azure.archive.ubuntu.com/ubuntu noble/main amd64 libtheora0 amd64 1.1.1+dfsg.1-16.1build3 [211 kB]
2026-10-06T09:31:22.5156849Z Get:25 http://azure.archive.ubuntu.com/ubuntu noble/main amd64 libtwolame0 amd64 0.4.0-2build3 [52.3 kB]
2026-10-06T09:31:22.6358496Z Get:26 http://azure.archive.ubuntu.com/ubuntu noble/main amd64 libvorbisenc2 amd64 1.3.7-1build3 [80.8 kB]
2026-10-06T09:31:22.6691268Z Get:27 http://azure.archive.ubuntu.com/ubuntu noble-updates/main amd64 libvpx9 amd64 1.14.0-1ubuntu2.3 [1143 kB]
2026-10-06T09:31:22.7062088Z Get:28 http://azure.archive.ubuntu.com/ubuntu noble/universe amd64 libx264-164 amd64 2:0.164.3108+git31e19f9-1 [604 kB]
2026-10-06T09:31:22.7385192Z Get:29 http://azure.archive.ubuntu.com/ubuntu noble/universe amd64 libx265-199 amd64 3.5-2build1 [1226 kB]
2026-10-06T09:31:22.7769385Z Get:30 http://azure.archive.ubuntu.com/ubuntu noble/universe amd64 libxvidcore4 amd64 2:1.3.7-1build1 [219 kB]
2026-10-06T09:31:22.8055667Z Get:31 http://azure.archive.ubuntu.com/ubuntu noble/universe amd64 libzvbi-common all 0.2.42-2 [42.4 kB]
2026-10-06T09:31:22.8333607Z Get:32 http://azure.archive.ubuntu.com/ubuntu noble/universe amd64 libzvbi0t64 amd64 0.2.42-2 [261 kB]
2026-10-06T09:31:22.8627890Z Get:33 http://azure.archive.ubuntu.com/ubuntu noble/universe amd64 libavcodec60 amd64 7:6.1.1-3ubuntu5 [5851 kB]
2026-10-06T09:31:22.9405912Z Get:34 http://azure.archive.ubuntu.com/ubuntu noble/main amd64 libraw1394-11 amd64 2.1.2-2build3 [26.2 kB]
2026-10-06T09:31:22.9684783Z Get:35 http://azure.archive.ubuntu.com/ubuntu noble/main amd64 libavc1394-0 amd64 0.5.4-5build3 [15.4 kB]
2026-10-06T09:31:22.9964934Z Get:36 http://azure.archive.ubuntu.com/ubuntu noble/universe amd64 libunibreak5 amd64 5.1-2build1 [25.0 kB]
2026-10-06T09:31:23.0243573Z Get:37 http://azure.archive.ubuntu.com/ubuntu noble/universe amd64 libass9 amd64 1:0.17.1-2build1 [104 kB]
2026-10-06T09:31:23.0540145Z Get:38 http://azure.archive.ubuntu.com/ubuntu noble/universe amd64 libudfread0 amd64 1.1.2-1build1 [19.0 kB]
2026-10-06T09:31:23.1282873Z Get:39 http://azure.archive.ubuntu.com/ubuntu noble/universe amd64 libbluray2 amd64 1:1.3.4-1build1 [159 kB]
2026-10-06T09:31:23.1567460Z Get:40 http://azure.archive.ubuntu.com/ubuntu noble/universe amd64 libchromaprint1 amd64 1.5.1-5 [30.5 kB]
2026-10-06T09:31:23.1847599Z Get:41 http://azure.archive.ubuntu.com/ubuntu noble/universe amd64 libgme0 amd64 0.6.3-7build1 [134 kB]
2026-10-06T09:31:23.2127791Z Get:42 http://azure.archive.ubuntu.com/ubuntu noble-updates/main amd64 libmpg123-0t64 amd64 1.32.5-1ubuntu1.1 [169 kB]
2026-10-06T09:31:23.2410080Z Get:43 http://azure.archive.ubuntu.com/ubuntu noble/universe amd64 libopenmpt0t64 amd64 0.7.3-1.1build3 [647 kB]
2026-10-06T09:31:23.2730488Z Get:44 http://azure.archive.ubuntu.com/ubuntu noble/universe amd64 libcjson1 amd64 1.7.17-1 [24.8 kB]
2026-10-06T09:31:23.3008957Z Get:45 http://azure.archive.ubuntu.com/ubuntu noble/universe amd64 libmbedcrypto7t64 amd64 2.28.8-1 [209 kB]
2026-10-06T09:31:23.3293703Z Get:46 http://azure.archive.ubuntu.com/ubuntu noble/universe amd64 librist4 amd64 0.2.10+dfsg-2 [74.9 kB]
2026-10-06T09:31:23.3573153Z Get:47 http://azure.archive.ubuntu.com/ubuntu noble/universe amd64 libsrt1.5-gnutls amd64 1.5.3-1build2 [316 kB]
2026-10-06T09:31:23.3866820Z Get:48 http://azure.archive.ubuntu.com/ubuntu noble-updates/main amd64 libssh-gcrypt-4 amd64 0.10.6-2ubuntu0.5 [226 kB]
2026-10-06T09:31:23.4158073Z Get:49 http://azure.archive.ubuntu.com/ubuntu noble/universe amd64 libavformat60 amd64 7:6.1.1-3ubuntu5 [1153 kB]
2026-10-06T09:31:23.4534772Z Get:50 http://azure.archive.ubuntu.com/ubuntu noble/universe amd64 libbs2b0 amd64 3.1.0+dfsg-7build1 [10.6 kB]
2026-10-06T09:31:23.4825068Z Get:51 http://azure.archive.ubuntu.com/ubuntu noble/universe amd64 libflite1 amd64 2.2-6build3 [13.6 MB]
2026-10-06T09:31:23.6455802Z Get:52 http://azure.archive.ubuntu.com/ubuntu noble/universe amd64 libserd-0-0 amd64 0.32.2-1 [43.6 kB]
2026-10-06T09:31:23.6780791Z Get:53 http://azure.archive.ubuntu.com/ubuntu noble/universe amd64 libzix-0-0 amd64 0.4.2-2build1 [23.6 kB]
2026-10-06T09:31:23.7056842Z Get:54 http://azure.archive.ubuntu.com/ubuntu noble/universe amd64 libsord-0-0 amd64 0.16.16-2build1 [15.8 kB]
2026-10-06T09:31:23.7339068Z Get:55 http://azure.archive.ubuntu.com/ubuntu noble/universe amd64 libsratom-0-0 amd64 0.6.16-1build1 [17.3 kB]
2026-10-06T09:31:23.7614864Z Get:56 http://azure.archive.ubuntu.com/ubuntu noble/universe amd64 liblilv-0-0 amd64 0.24.22-1build1 [41.0 kB]
2026-10-06T09:31:23.7892357Z Get:57 http://azure.archive.ubuntu.com/ubuntu noble/universe amd64 libmysofa1 amd64 1.3.2+dfsg-2ubuntu2 [1158 kB]
2026-10-06T09:31:23.8725103Z Get:58 http://azure.archive.ubuntu.com/ubuntu noble/universe amd64 libplacebo338 amd64 6.338.2-2build1 [2654 kB]
2026-10-06T09:31:23.9112809Z Get:59 http://azure.archive.ubuntu.com/ubuntu noble-updates/main amd64 libblas3 amd64 3.12.0-3build1.1 [238 kB]
2026-10-06T09:31:23.9406417Z Get:60 http://azure.archive.ubuntu.com/ubuntu noble-updates/main amd64 liblapack3 amd64 3.12.0-3build1.1 [2646 kB]
2026-10-06T09:31:23.9908671Z Get:61 http://azure.archive.ubuntu.com/ubuntu noble/main amd64 libasyncns0 amd64 0.8-6build4 [11.3 kB]
2026-10-06T09:31:24.0190473Z Get:62 http://azure.archive.ubuntu.com/ubuntu noble/main amd64 libflac12t64 amd64 1.4.3+ds-2.1ubuntu2 [197 kB]
2026-10-06T09:31:24.0478121Z Get:63 http://azure.archive.ubuntu.com/ubuntu noble-updates/main amd64 libsndfile1 amd64 1.2.2-1ubuntu5.24.04.1 [209 kB]
2026-10-06T09:31:24.0768244Z Get:64 http://azure.archive.ubuntu.com/ubuntu noble-updates/main amd64 libpulse0 amd64 1:16.1+dfsg1-2ubuntu10.1 [292 kB]
2026-10-06T09:31:24.1065654Z Get:65 http://azure.archive.ubuntu.com/ubuntu noble/universe amd64 libsphinxbase3t64 amd64 0.8+5prealpha+1-17build2 [126 kB]
2026-10-06T09:31:24.1350051Z Get:66 http://azure.archive.ubuntu.com/ubuntu noble/universe amd64 libpocketsphinx3 amd64 0.8.0+real5prealpha+1-15ubuntu5 [133 kB]
2026-10-06T09:31:24.1720126Z Get:67 http://azure.archive.ubuntu.com/ubuntu noble/universe amd64 libpostproc57 amd64 7:6.1.1-3ubuntu5 [49.9 kB]
2026-10-06T09:31:24.2025522Z Get:68 http://azure.archive.ubuntu.com/ubuntu noble/main amd64 libsamplerate0 amd64 0.2.2-4build1 [1344 kB]
2026-10-06T09:31:24.3024743Z Get:69 http://azure.archive.ubuntu.com/ubuntu noble/universe amd64 librubberband2 amd64 3.3.0+dfsg-2build1 [130 kB]
2026-10-06T09:31:24.3353534Z Get:70 http://azure.archive.ubuntu.com/ubuntu noble/universe amd64 libswscale7 amd64 7:6.1.1-3ubuntu5 [193 kB]
2026-10-06T09:31:24.3659800Z Get:71 http://azure.archive.ubuntu.com/ubuntu noble/universe amd64 libvidstab1.1 amd64 1.1.0-2build1 [38.5 kB]
2026-10-06T09:31:24.3940153Z Get:72 http://azure.archive.ubuntu.com/ubuntu noble/universe amd64 libzimg2 amd64 3.0.5+ds1-1build1 [254 kB]
2026-10-06T09:31:24.4243540Z Get:73 http://azure.archive.ubuntu.com/ubuntu noble/universe amd64 libavfilter9 amd64 7:6.1.1-3ubuntu5 [4235 kB]
2026-10-06T09:31:24.5064352Z Get:74 http://azure.archive.ubuntu.com/ubuntu noble-updates/main amd64 libcaca0 amd64 0.99.beta20-4ubuntu0.2 [209 kB]
2026-10-06T09:31:24.5624685Z Get:75 http://azure.archive.ubuntu.com/ubuntu noble-updates/main amd64 libcdio19t64 amd64 2.1.0-4.1ubuntu1.2 [62.4 kB]
2026-10-06T09:31:24.6531254Z Get:76 http://azure.archive.ubuntu.com/ubuntu noble/main amd64 libcdio-cdda2t64 amd64 10.2+2.0.1-1.1build2 [16.5 kB]
2026-10-06T09:31:24.6844209Z Get:77 http://azure.archive.ubuntu.com/ubuntu noble/main amd64 libcdio-paranoia2t64 amd64 10.2+2.0.1-1.1build2 [16.6 kB]
2026-10-06T09:31:24.7121225Z Get:78 http://azure.archive.ubuntu.com/ubuntu noble/universe amd64 libdc1394-25 amd64 2.2.6-4build1 [90.1 kB]
2026-10-06T09:31:24.7403340Z Get:79 http://azure.archive.ubuntu.com/ubuntu noble/main amd64 libiec61883-0 amd64 1.2.0-6build1 [24.5 kB]
2026-10-06T09:31:24.7679923Z Get:80 http://azure.archive.ubuntu.com/ubuntu noble/main amd64 libjack-jackd2-0 amd64 1.9.21~dfsg-3ubuntu3 [289 kB]
2026-10-06T09:31:24.7974700Z Get:81 http://azure.archive.ubuntu.com/ubuntu noble/universe amd64 libopenal-data all 1:1.23.1-4build1 [161 kB]
2026-10-06T09:31:24.8255816Z Get:82 http://azure.archive.ubuntu.com/ubuntu noble/universe amd64 libsndio7.0 amd64 1.9.0-0.3build3 [29.6 kB]
2026-10-06T09:31:24.8532325Z Get:83 http://azure.archive.ubuntu.com/ubuntu noble/universe amd64 libopenal1 amd64 1:1.23.1-4build1 [540 kB]
2026-10-06T09:31:24.8850679Z Get:84 http://azure.archive.ubuntu.com/ubuntu noble/main amd64 libdecor-0-0 amd64 0.2.2-1build2 [16.5 kB]
2026-10-06T09:31:24.9128698Z Get:85 http://azure.archive.ubuntu.com/ubuntu noble-updates/main amd64 libgl1-mesa-dri amd64 25.2.8-0ubuntu0.24.04.4 [38.0 kB]
2026-10-06T09:31:24.9409422Z Get:86 http://azure.archive.ubuntu.com/ubuntu noble-updates/main amd64 libglx-mesa0 amd64 25.2.8-0ubuntu0.24.04.4 [110 kB]
2026-10-06T09:31:24.9691135Z Get:87 http://azure.archive.ubuntu.com/ubuntu noble-updates/main amd64 libgbm1 amd64 25.2.8-0ubuntu0.24.04.4 [34.2 kB]
2026-10-06T09:31:24.9980379Z Get:88 http://azure.archive.ubuntu.com/ubuntu noble-updates/main amd64 mesa-libgallium amd64 25.2.8-0ubuntu0.24.04.4 [10.8 MB]
2026-10-06T09:31:25.1404857Z Get:89 http://azure.archive.ubuntu.com/ubuntu noble-updates/main amd64 libsdl2-2.0-0 amd64 2.30.0+dfsg-1ubuntu3.1 [686 kB]
2026-10-06T09:31:25.1732202Z Get:90 http://azure.archive.ubuntu.com/ubuntu noble/main amd64 libxcb-shape0 amd64 1.15-1ubuntu2 [6100 B]
2026-10-06T09:31:25.2017350Z Get:91 http://azure.archive.ubuntu.com/ubuntu noble/main amd64 libxv1 amd64 2:1.0.11-1.1build1 [10.7 kB]
2026-10-06T09:31:25.2306368Z Get:92 http://azure.archive.ubuntu.com/ubuntu noble/universe amd64 libavdevice60 amd64 7:6.1.1-3ubuntu5 [82.3 kB]
2026-10-06T09:31:25.2589675Z Get:93 http://azure.archive.ubuntu.com/ubuntu noble/universe amd64 ffmpeg amd64 7:6.1.1-3ubuntu5 [1879 kB]
2026-10-06T09:31:25.3021906Z Get:94 http://azure.archive.ubuntu.com/ubuntu noble-updates/universe amd64 libigdgmm12 amd64 22.3.17+ds1-1ubuntu1 [145 kB]
2026-10-06T09:31:25.3765953Z Get:95 http://azure.archive.ubuntu.com/ubuntu noble-updates/universe amd64 intel-media-va-driver amd64 24.1.0+dfsg1-1ubuntu0.2 [3163 kB]
2026-10-06T09:31:25.4315778Z Get:96 http://azure.archive.ubuntu.com/ubuntu noble/universe amd64 libaacs0 amd64 0.11.1-2build1 [62.9 kB]
2026-10-06T09:31:25.4594055Z Get:97 http://azure.archive.ubuntu.com/ubuntu noble/universe amd64 libbdplus0 amd64 0.2.0-3build1 [52.2 kB]
2026-10-06T09:31:25.4871091Z Get:98 http://azure.archive.ubuntu.com/ubuntu noble/main amd64 libbrotli-dev amd64 1.1.0-2build2 [353 kB]
2026-10-06T09:31:25.5174605Z Get:99 http://azure.archive.ubuntu.com/ubuntu noble-updates/main amd64 libbz2-dev amd64 1.0.8-5.1ubuntu0.1 [33.6 kB]
2026-10-06T09:31:25.5452984Z Get:100 http://azure.archive.ubuntu.com/ubuntu noble/main amd64 libdecor-0-plugin-1-gtk amd64 0.2.2-1build2 [22.2 kB]
2026-10-06T09:31:25.5735583Z Get:101 http://azure.archive.ubuntu.com/ubuntu noble-updates/main amd64 libpng-dev amd64 1.6.43-5ubuntu0.6 [265 kB]
2026-10-06T09:31:25.6069629Z Get:102 http://azure.archive.ubuntu.com/ubuntu noble-updates/main amd64 libfreetype-dev amd64 2.13.2+dfsg-1ubuntu0.1 [575 kB]
2026-10-06T09:31:25.6399395Z Get:103 http://azure.archive.ubuntu.com/ubuntu noble-updates/main amd64 uuid-dev amd64 2.39.3-9ubuntu6.6 [33.5 kB]
2026-10-06T09:31:25.6705506Z Get:104 http://azure.archive.ubuntu.com/ubuntu noble/main amd64 libfontconfig-dev amd64 2.15.0-1.1ubuntu2 [161 kB]
2026-10-06T09:31:25.7006167Z Get:105 http://azure.archive.ubuntu.com/ubuntu noble/main amd64 libfontconfig1-dev amd64 2.15.0-1.1ubuntu2 [1840 B]
2026-10-06T09:31:25.7302861Z Get:106 http://azure.archive.ubuntu.com/ubuntu noble-updates/main amd64 libpng-tools amd64 1.6.43-5ubuntu0.6 [28.5 kB]
2026-10-06T09:31:25.7602059Z Get:107 http://azure.archive.ubuntu.com/ubuntu noble/main amd64 librsvg2-common amd64 2.58.0+dfsg-1build1 [11.8 kB]
2026-10-06T09:31:25.7899790Z Get:108 http://azure.archive.ubuntu.com/ubuntu noble-updates/universe amd64 mesa-va-drivers amd64 25.2.8-0ubuntu0.24.04.4 [6778 B]
2026-10-06T09:31:25.8205243Z Get:109 http://azure.archive.ubuntu.com/ubuntu noble-updates/main amd64 mesa-vdpau-drivers amd64 25.2.8-0ubuntu0.24.04.4 [23.4 kB]
2026-10-06T09:31:25.8506464Z Get:110 http://azure.archive.ubuntu.com/ubuntu noble-updates/universe amd64 i965-va-driver amd64 2.4.1+dfsg1-1ubuntu0.2 [332 kB]
2026-10-06T09:31:25.8826668Z Get:111 http://azure.archive.ubuntu.com/ubuntu noble-updates/universe amd64 va-driver-all amd64 2.20.0-2ubuntu0.2 [5014 B]
2026-10-06T09:31:25.9139170Z Get:112 http://azure.archive.ubuntu.com/ubuntu noble/main amd64 vdpau-driver-all amd64 1.5-2build1 [4414 B]
2026-10-06T09:31:25.9437687Z Get:113 http://azure.archive.ubuntu.com/ubuntu noble/universe amd64 pocketsphinx-en-us all 0.8.0+real5prealpha+1-15ubuntu5 [27.4 MB]
2026-10-06T09:31:26.5761958Z Fetched 107 MB in 6s (18.7 MB/s)
2026-10-06T09:31:26.5931446Z Selecting previously unselected package bzip2-doc.
2026-10-06T09:31:26.6159137Z (Reading database ... 
2026-10-06T09:31:26.6159427Z (Reading database ... 5%
2026-10-06T09:31:26.6159588Z (Reading database ... 10%
2026-10-06T09:31:26.6159733Z (Reading database ... 15%
2026-10-06T09:31:26.6159864Z (Reading database ... 20%
2026-10-06T09:31:26.6160252Z (Reading database ... 25%
2026-10-06T09:31:26.6160385Z (Reading database ... 30%
2026-10-06T09:31:26.6160514Z (Reading database ... 35%
2026-10-06T09:31:26.6160644Z (Reading database ... 40%
2026-10-06T09:31:26.6160771Z (Reading database ... 45%
2026-10-06T09:31:26.6160900Z (Reading database ... 50%
2026-10-06T09:31:26.6237972Z (Reading database ... 55%
2026-10-06T09:31:26.7402470Z (Reading database ... 60%
2026-10-06T09:31:26.9308112Z (Reading database ... 65%
2026-10-06T09:31:27.1355128Z (Reading database ... 70%
2026-10-06T09:31:27.3384464Z (Reading database ... 75%
2026-10-06T09:31:27.4407061Z (Reading database ... 80%
2026-10-06T09:31:27.5796717Z (Reading database ... 85%
2026-10-06T09:31:27.6951422Z (Reading database ... 90%
2026-10-06T09:31:27.7942230Z (Reading database ... 95%
2026-10-06T09:31:27.7942552Z (Reading database ... 100%
2026-10-06T09:31:27.7942878Z (Reading database ... 202296 files and directories currently installed.)
2026-10-06T09:31:27.7980022Z Preparing to unpack .../000-bzip2-doc_1.0.8-5.1ubuntu0.1_all.deb ...
2026-10-06T09:31:27.7996434Z Unpacking bzip2-doc (1.0.8-5.1ubuntu0.1) ...
2026-10-06T09:31:27.8202160Z Selecting previously unselected package libva2:amd64.
2026-10-06T09:31:27.8303541Z Preparing to unpack .../001-libva2_2.20.0-2ubuntu0.2_amd64.deb ...
2026-10-06T09:31:27.8317896Z Unpacking libva2:amd64 (2.20.0-2ubuntu0.2) ...
2026-10-06T09:31:27.8501364Z Selecting previously unselected package libva-drm2:amd64.
2026-10-06T09:31:27.8601450Z Preparing to unpack .../002-libva-drm2_2.20.0-2ubuntu0.2_amd64.deb ...
2026-10-06T09:31:27.8608428Z Unpacking libva-drm2:amd64 (2.20.0-2ubuntu0.2) ...
2026-10-06T09:31:27.8780219Z Selecting previously unselected package libva-x11-2:amd64.
2026-10-06T09:31:27.8878677Z Preparing to unpack .../003-libva-x11-2_2.20.0-2ubuntu0.2_amd64.deb ...
2026-10-06T09:31:27.9010533Z Unpacking libva-x11-2:amd64 (2.20.0-2ubuntu0.2) ...
2026-10-06T09:31:27.9187032Z Selecting previously unselected package libvdpau1:amd64.
2026-10-06T09:31:27.9283015Z Preparing to unpack .../004-libvdpau1_1.5-2build1_amd64.deb ...
2026-10-06T09:31:27.9290324Z Unpacking libvdpau1:amd64 (1.5-2build1) ...
2026-10-06T09:31:27.9462872Z Selecting previously unselected package libvpl2.
2026-10-06T09:31:27.9558740Z Preparing to unpack .../005-libvpl2_2023.3.0-1build1_amd64.deb ...
2026-10-06T09:31:27.9565378Z Unpacking libvpl2 (2023.3.0-1build1) ...
2026-10-06T09:31:27.9749145Z Selecting previously unselected package ocl-icd-libopencl1:amd64.
2026-10-06T09:31:27.9848627Z Preparing to unpack .../006-ocl-icd-libopencl1_2.3.2-1build1_amd64.deb ...
2026-10-06T09:31:27.9855164Z Unpacking ocl-icd-libopencl1:amd64 (2.3.2-1build1) ...
2026-10-06T09:31:28.0064443Z Selecting previously unselected package libavutil58:amd64.
2026-10-06T09:31:28.0160741Z Preparing to unpack .../007-libavutil58_7%3a6.1.1-3ubuntu5_amd64.deb ...
2026-10-06T09:31:28.0166999Z Unpacking libavutil58:amd64 (7:6.1.1-3ubuntu5) ...
2026-10-06T09:31:28.0364771Z Selecting previously unselected package libcodec2-1.2:amd64.
2026-10-06T09:31:28.0461090Z Preparing to unpack .../008-libcodec2-1.2_1.2.0-2build1_amd64.deb ...
2026-10-06T09:31:28.0466591Z Unpacking libcodec2-1.2:amd64 (1.2.0-2build1) ...
2026-10-06T09:31:28.1774282Z Selecting previously unselected package libdav1d7:amd64.
2026-10-06T09:31:28.1876860Z Preparing to unpack .../009-libdav1d7_1.4.1-1build1_amd64.deb ...
2026-10-06T09:31:28.1885382Z Unpacking libdav1d7:amd64 (1.4.1-1build1) ...
2026-10-06T09:31:28.2110908Z Selecting previously unselected package libgsm1:amd64.
2026-10-06T09:31:28.2212333Z Preparing to unpack .../010-libgsm1_1.0.22-1build1_amd64.deb ...
2026-10-06T09:31:28.2218989Z Unpacking libgsm1:amd64 (1.0.22-1build1) ...
2026-10-06T09:31:28.2396563Z Selecting previously unselected package libhwy1t64:amd64.
2026-10-06T09:31:28.2494600Z Preparing to unpack .../011-libhwy1t64_1.0.7-8.1build1_amd64.deb ...
2026-10-06T09:31:28.2501581Z Unpacking libhwy1t64:amd64 (1.0.7-8.1build1) ...
2026-10-06T09:31:28.2815371Z Selecting previously unselected package libjxl0.7:amd64.
2026-10-06T09:31:28.2911534Z Preparing to unpack .../012-libjxl0.7_0.7.0-10.2ubuntu6.1_amd64.deb ...
2026-10-06T09:31:28.2919127Z Unpacking libjxl0.7:amd64 (0.7.0-10.2ubuntu6.1) ...
2026-10-06T09:31:28.3453126Z Selecting previously unselected package libmp3lame0:amd64.
2026-10-06T09:31:28.3552082Z Preparing to unpack .../013-libmp3lame0_3.100-6build1_amd64.deb ...
2026-10-06T09:31:28.3559736Z Unpacking libmp3lame0:amd64 (3.100-6build1) ...
2026-10-06T09:31:28.3741308Z Selecting previously unselected package libopus0:amd64.
2026-10-06T09:31:28.3838661Z Preparing to unpack .../014-libopus0_1.4-1build1_amd64.deb ...
2026-10-06T09:31:28.3845247Z Unpacking libopus0:amd64 (1.4-1build1) ...
2026-10-06T09:31:28.4026487Z Selecting previously unselected package librav1e0:amd64.
2026-10-06T09:31:28.4124673Z Preparing to unpack .../015-librav1e0_0.7.1-2_amd64.deb ...
2026-10-06T09:31:28.4130714Z Unpacking librav1e0:amd64 (0.7.1-2) ...
2026-10-06T09:31:28.4464844Z Selecting previously unselected package librsvg2-2:amd64.
2026-10-06T09:31:28.4564840Z Preparing to unpack .../016-librsvg2-2_2.58.0+dfsg-1build1_amd64.deb ...
2026-10-06T09:31:28.4571909Z Unpacking librsvg2-2:amd64 (2.58.0+dfsg-1build1) ...
2026-10-06T09:31:28.5412064Z Selecting previously unselected package libshine3:amd64.
2026-10-06T09:31:28.5509054Z Preparing to unpack .../017-libshine3_3.1.1-2build1_amd64.deb ...
2026-10-06T09:31:28.5514412Z Unpacking libshine3:amd64 (3.1.1-2build1) ...
2026-10-06T09:31:28.5676426Z Selecting previously unselected package libspeex1:amd64.
2026-10-06T09:31:28.5772854Z Preparing to unpack .../018-libspeex1_1.2.1-2ubuntu2.24.04.1_amd64.deb ...
2026-10-06T09:31:28.5779645Z Unpacking libspeex1:amd64 (1.2.1-2ubuntu2.24.04.1) ...
2026-10-06T09:31:28.5950035Z Selecting previously unselected package libsvtav1enc1d1:amd64.
2026-10-06T09:31:28.6048213Z Preparing to unpack .../019-libsvtav1enc1d1_1.7.0+dfsg-2build1_amd64.deb ...
2026-10-06T09:31:28.6054120Z Unpacking libsvtav1enc1d1:amd64 (1.7.0+dfsg-2build1) ...
2026-10-06T09:31:28.6673026Z Selecting previously unselected package libsoxr0:amd64.
2026-10-06T09:31:28.6770501Z Preparing to unpack .../020-libsoxr0_0.1.3-4build3_amd64.deb ...
2026-10-06T09:31:28.6776689Z Unpacking libsoxr0:amd64 (0.1.3-4build3) ...
2026-10-06T09:31:28.7087888Z Selecting previously unselected package libswresample4:amd64.
2026-10-06T09:31:28.7186872Z Preparing to unpack .../021-libswresample4_7%3a6.1.1-3ubuntu5_amd64.deb ...
2026-10-06T09:31:28.7194274Z Unpacking libswresample4:amd64 (7:6.1.1-3ubuntu5) ...
2026-10-06T09:31:28.7381104Z Selecting previously unselected package libtheora0:amd64.
2026-10-06T09:31:28.7479065Z Preparing to unpack .../022-libtheora0_1.1.1+dfsg.1-16.1build3_amd64.deb ...
2026-10-06T09:31:28.7487018Z Unpacking libtheora0:amd64 (1.1.1+dfsg.1-16.1build3) ...
2026-10-06T09:31:28.7692430Z Selecting previously unselected package libtwolame0:amd64.
2026-10-06T09:31:28.7792363Z Preparing to unpack .../023-libtwolame0_0.4.0-2build3_amd64.deb ...
2026-10-06T09:31:28.7800203Z Unpacking libtwolame0:amd64 (0.4.0-2build3) ...
2026-10-06T09:31:28.7987204Z Selecting previously unselected package libvorbisenc2:amd64.
2026-10-06T09:31:28.8086006Z Preparing to unpack .../024-libvorbisenc2_1.3.7-1build3_amd64.deb ...
2026-10-06T09:31:28.8094289Z Unpacking libvorbisenc2:amd64 (1.3.7-1build3) ...
2026-10-06T09:31:28.8292147Z Selecting previously unselected package libvpx9:amd64.
2026-10-06T09:31:28.8390393Z Preparing to unpack .../025-libvpx9_1.14.0-1ubuntu2.3_amd64.deb ...
2026-10-06T09:31:28.8398173Z Unpacking libvpx9:amd64 (1.14.0-1ubuntu2.3) ...
2026-10-06T09:31:28.8719292Z Selecting previously unselected package libx264-164:amd64.
2026-10-06T09:31:28.8816423Z Preparing to unpack .../026-libx264-164_2%3a0.164.3108+git31e19f9-1_amd64.deb ...
2026-10-06T09:31:28.8942854Z Unpacking libx264-164:amd64 (2:0.164.3108+git31e19f9-1) ...
2026-10-06T09:31:28.9218155Z Selecting previously unselected package libx265-199:amd64.
2026-10-06T09:31:28.9317921Z Preparing to unpack .../027-libx265-199_3.5-2build1_amd64.deb ...
2026-10-06T09:31:28.9324622Z Unpacking libx265-199:amd64 (3.5-2build1) ...
2026-10-06T09:31:29.0481507Z Selecting previously unselected package libxvidcore4:amd64.
2026-10-06T09:31:29.0579535Z Preparing to unpack .../028-libxvidcore4_2%3a1.3.7-1build1_amd64.deb ...
2026-10-06T09:31:29.0586917Z Unpacking libxvidcore4:amd64 (2:1.3.7-1build1) ...
2026-10-06T09:31:29.0920025Z Selecting previously unselected package libzvbi-common.
2026-10-06T09:31:29.1019526Z Preparing to unpack .../029-libzvbi-common_0.2.42-2_all.deb ...
2026-10-06T09:31:29.1026477Z Unpacking libzvbi-common (0.2.42-2) ...
2026-10-06T09:31:29.1518005Z Selecting previously unselected package libzvbi0t64:amd64.
2026-10-06T09:31:29.1617687Z Preparing to unpack .../030-libzvbi0t64_0.2.42-2_amd64.deb ...
2026-10-06T09:31:29.1624814Z Unpacking libzvbi0t64:amd64 (0.2.42-2) ...
2026-10-06T09:31:29.1827898Z Selecting previously unselected package libavcodec60:amd64.
2026-10-06T09:31:29.1928182Z Preparing to unpack .../031-libavcodec60_7%3a6.1.1-3ubuntu5_amd64.deb ...
2026-10-06T09:31:29.1935215Z Unpacking libavcodec60:amd64 (7:6.1.1-3ubuntu5) ...
2026-10-06T09:31:29.3447835Z Selecting previously unselected package libraw1394-11:amd64.
2026-10-06T09:31:29.3545571Z Preparing to unpack .../032-libraw1394-11_2.1.2-2build3_amd64.deb ...
2026-10-06T09:31:29.3552521Z Unpacking libraw1394-11:amd64 (2.1.2-2build3) ...
2026-10-06T09:31:29.4007461Z Selecting previously unselected package libavc1394-0:amd64.
2026-10-06T09:31:29.4104760Z Preparing to unpack .../033-libavc1394-0_0.5.4-5build3_amd64.deb ...
2026-10-06T09:31:29.4155096Z Unpacking libavc1394-0:amd64 (0.5.4-5build3) ...
2026-10-06T09:31:29.4610981Z Selecting previously unselected package libunibreak5:amd64.
2026-10-06T09:31:29.4706841Z Preparing to unpack .../034-libunibreak5_5.1-2build1_amd64.deb ...
2026-10-06T09:31:29.4750266Z Unpacking libunibreak5:amd64 (5.1-2build1) ...
2026-10-06T09:31:29.5703375Z Selecting previously unselected package libass9:amd64.
2026-10-06T09:31:29.5801753Z Preparing to unpack .../035-libass9_1%3a0.17.1-2build1_amd64.deb ...
2026-10-06T09:31:29.5808969Z Unpacking libass9:amd64 (1:0.17.1-2build1) ...
2026-10-06T09:31:29.6320230Z Selecting previously unselected package libudfread0:amd64.
2026-10-06T09:31:29.6420252Z Preparing to unpack .../036-libudfread0_1.1.2-1build1_amd64.deb ...
2026-10-06T09:31:29.6429263Z Unpacking libudfread0:amd64 (1.1.2-1build1) ...
2026-10-06T09:31:29.6787908Z Selecting previously unselected package libbluray2:amd64.
2026-10-06T09:31:29.6887063Z Preparing to unpack .../037-libbluray2_1%3a1.3.4-1build1_amd64.deb ...
2026-10-06T09:31:29.6894874Z Unpacking libbluray2:amd64 (1:1.3.4-1build1) ...
2026-10-06T09:31:29.7391555Z Selecting previously unselected package libchromaprint1:amd64.
2026-10-06T09:31:29.7490334Z Preparing to unpack .../038-libchromaprint1_1.5.1-5_amd64.deb ...
2026-10-06T09:31:29.7497117Z Unpacking libchromaprint1:amd64 (1.5.1-5) ...
2026-10-06T09:31:29.7666097Z Selecting previously unselected package libgme0:amd64.
2026-10-06T09:31:29.7762309Z Preparing to unpack .../039-libgme0_0.6.3-7build1_amd64.deb ...
2026-10-06T09:31:29.7768321Z Unpacking libgme0:amd64 (0.6.3-7build1) ...
2026-10-06T09:31:29.7943707Z Selecting previously unselected package libmpg123-0t64:amd64.
2026-10-06T09:31:29.8040370Z Preparing to unpack .../040-libmpg123-0t64_1.32.5-1ubuntu1.1_amd64.deb ...
2026-10-06T09:31:29.8052834Z Unpacking libmpg123-0t64:amd64 (1.32.5-1ubuntu1.1) ...
2026-10-06T09:31:29.8239923Z Selecting previously unselected package libopenmpt0t64:amd64.
2026-10-06T09:31:29.8337593Z Preparing to unpack .../041-libopenmpt0t64_0.7.3-1.1build3_amd64.deb ...
2026-10-06T09:31:29.8344023Z Unpacking libopenmpt0t64:amd64 (0.7.3-1.1build3) ...
2026-10-06T09:31:29.8566630Z Selecting previously unselected package libcjson1:amd64.
2026-10-06T09:31:29.8664962Z Preparing to unpack .../042-libcjson1_1.7.17-1_amd64.deb ...
2026-10-06T09:31:29.8671397Z Unpacking libcjson1:amd64 (1.7.17-1) ...
2026-10-06T09:31:29.8846548Z Selecting previously unselected package libmbedcrypto7t64:amd64.
2026-10-06T09:31:29.8945068Z Preparing to unpack .../043-libmbedcrypto7t64_2.28.8-1_amd64.deb ...
2026-10-06T09:31:29.9114486Z Unpacking libmbedcrypto7t64:amd64 (2.28.8-1) ...
2026-10-06T09:31:29.9308197Z Selecting previously unselected package librist4:amd64.
2026-10-06T09:31:29.9405463Z Preparing to unpack .../044-librist4_0.2.10+dfsg-2_amd64.deb ...
2026-10-06T09:31:29.9411300Z Unpacking librist4:amd64 (0.2.10+dfsg-2) ...
2026-10-06T09:31:29.9589076Z Selecting previously unselected package libsrt1.5-gnutls:amd64.
2026-10-06T09:31:29.9688127Z Preparing to unpack .../045-libsrt1.5-gnutls_1.5.3-1build2_amd64.deb ...
2026-10-06T09:31:29.9695320Z Unpacking libsrt1.5-gnutls:amd64 (1.5.3-1build2) ...
2026-10-06T09:31:29.9897800Z Selecting previously unselected package libssh-gcrypt-4:amd64.
2026-10-06T09:31:29.9996637Z Preparing to unpack .../046-libssh-gcrypt-4_0.10.6-2ubuntu0.5_amd64.deb ...
2026-10-06T09:31:30.0003036Z Unpacking libssh-gcrypt-4:amd64 (0.10.6-2ubuntu0.5) ...
2026-10-06T09:31:30.0193443Z Selecting previously unselected package libavformat60:amd64.
2026-10-06T09:31:30.0290993Z Preparing to unpack .../047-libavformat60_7%3a6.1.1-3ubuntu5_amd64.deb ...
2026-10-06T09:31:30.0297493Z Unpacking libavformat60:amd64 (7:6.1.1-3ubuntu5) ...
2026-10-06T09:31:30.0587194Z Selecting previously unselected package libbs2b0:amd64.
2026-10-06T09:31:30.0683474Z Preparing to unpack .../048-libbs2b0_3.1.0+dfsg-7build1_amd64.deb ...
2026-10-06T09:31:30.0690714Z Unpacking libbs2b0:amd64 (3.1.0+dfsg-7build1) ...
2026-10-06T09:31:30.1070693Z Selecting previously unselected package libflite1:amd64.
2026-10-06T09:31:30.1168833Z Preparing to unpack .../049-libflite1_2.2-6build3_amd64.deb ...
2026-10-06T09:31:30.1174846Z Unpacking libflite1:amd64 (2.2-6build3) ...
2026-10-06T09:31:30.2773876Z Selecting previously unselected package libserd-0-0:amd64.
2026-10-06T09:31:30.2875600Z Preparing to unpack .../050-libserd-0-0_0.32.2-1_amd64.deb ...
2026-10-06T09:31:30.2883535Z Unpacking libserd-0-0:amd64 (0.32.2-1) ...
2026-10-06T09:31:30.3065875Z Selecting previously unselected package libzix-0-0:amd64.
2026-10-06T09:31:30.3164443Z Preparing to unpack .../051-libzix-0-0_0.4.2-2build1_amd64.deb ...
2026-10-06T09:31:30.3171691Z Unpacking libzix-0-0:amd64 (0.4.2-2build1) ...
2026-10-06T09:31:30.3342584Z Selecting previously unselected package libsord-0-0:amd64.
2026-10-06T09:31:30.3440190Z Preparing to unpack .../052-libsord-0-0_0.16.16-2build1_amd64.deb ...
2026-10-06T09:31:30.3447535Z Unpacking libsord-0-0:amd64 (0.16.16-2build1) ...
2026-10-06T09:31:30.3615390Z Selecting previously unselected package libsratom-0-0:amd64.
2026-10-06T09:31:30.3713307Z Preparing to unpack .../053-libsratom-0-0_0.6.16-1build1_amd64.deb ...
2026-10-06T09:31:30.3720204Z Unpacking libsratom-0-0:amd64 (0.6.16-1build1) ...
2026-10-06T09:31:30.3890494Z Selecting previously unselected package liblilv-0-0:amd64.
2026-10-06T09:31:30.3987270Z Preparing to unpack .../054-liblilv-0-0_0.24.22-1build1_amd64.deb ...
2026-10-06T09:31:30.3993989Z Unpacking liblilv-0-0:amd64 (0.24.22-1build1) ...
2026-10-06T09:31:30.4170749Z Selecting previously unselected package libmysofa1:amd64.
2026-10-06T09:31:30.4268386Z Preparing to unpack .../055-libmysofa1_1.3.2+dfsg-2ubuntu2_amd64.deb ...
2026-10-06T09:31:30.4275938Z Unpacking libmysofa1:amd64 (1.3.2+dfsg-2ubuntu2) ...
2026-10-06T09:31:30.4547022Z Selecting previously unselected package libplacebo338:amd64.
2026-10-06T09:31:30.4643840Z Preparing to unpack .../056-libplacebo338_6.338.2-2build1_amd64.deb ...
2026-10-06T09:31:30.4651205Z Unpacking libplacebo338:amd64 (6.338.2-2build1) ...
2026-10-06T09:31:30.5415465Z Selecting previously unselected package libblas3:amd64.
2026-10-06T09:31:30.5513490Z Preparing to unpack .../057-libblas3_3.12.0-3build1.1_amd64.deb ...
2026-10-06T09:31:30.5541632Z Unpacking libblas3:amd64 (3.12.0-3build1.1) ...
2026-10-06T09:31:30.5732092Z Selecting previously unselected package liblapack3:amd64.
2026-10-06T09:31:30.5828421Z Preparing to unpack .../058-liblapack3_3.12.0-3build1.1_amd64.deb ...
2026-10-06T09:31:30.5854075Z Unpacking liblapack3:amd64 (3.12.0-3build1.1) ...
2026-10-06T09:31:30.6720016Z Selecting previously unselected package libasyncns0:amd64.
2026-10-06T09:31:30.6815188Z Preparing to unpack .../059-libasyncns0_0.8-6build4_amd64.deb ...
2026-10-06T09:31:30.6822231Z Unpacking libasyncns0:amd64 (0.8-6build4) ...
2026-10-06T09:31:30.6991518Z Selecting previously unselected package libflac12t64:amd64.
2026-10-06T09:31:30.7085417Z Preparing to unpack .../060-libflac12t64_1.4.3+ds-2.1ubuntu2_amd64.deb ...
2026-10-06T09:31:30.7093350Z Unpacking libflac12t64:amd64 (1.4.3+ds-2.1ubuntu2) ...
2026-10-06T09:31:30.7285785Z Selecting previously unselected package libsndfile1:amd64.
2026-10-06T09:31:30.7380320Z Preparing to unpack .../061-libsndfile1_1.2.2-1ubuntu5.24.04.1_amd64.deb ...
2026-10-06T09:31:30.7387275Z Unpacking libsndfile1:amd64 (1.2.2-1ubuntu5.24.04.1) ...
2026-10-06T09:31:30.7988014Z Selecting previously unselected package libpulse0:amd64.
2026-10-06T09:31:30.8081780Z Preparing to unpack .../062-libpulse0_1%3a16.1+dfsg1-2ubuntu10.1_amd64.deb ...
2026-10-06T09:31:30.8138401Z Unpacking libpulse0:amd64 (1:16.1+dfsg1-2ubuntu10.1) ...
2026-10-06T09:31:30.8491807Z Selecting previously unselected package libsphinxbase3t64:amd64.
2026-10-06T09:31:30.8591396Z Preparing to unpack .../063-libsphinxbase3t64_0.8+5prealpha+1-17build2_amd64.deb ...
2026-10-06T09:31:30.8597351Z Unpacking libsphinxbase3t64:amd64 (0.8+5prealpha+1-17build2) ...
2026-10-06T09:31:30.8783504Z Selecting previously unselected package libpocketsphinx3:amd64.
2026-10-06T09:31:30.8879513Z Preparing to unpack .../064-libpocketsphinx3_0.8.0+real5prealpha+1-15ubuntu5_amd64.deb ...
2026-10-06T09:31:30.8886521Z Unpacking libpocketsphinx3:amd64 (0.8.0+real5prealpha+1-15ubuntu5) ...
2026-10-06T09:31:30.9075821Z Selecting previously unselected package libpostproc57:amd64.
2026-10-06T09:31:30.9171588Z Preparing to unpack .../065-libpostproc57_7%3a6.1.1-3ubuntu5_amd64.deb ...
2026-10-06T09:31:30.9179396Z Unpacking libpostproc57:amd64 (7:6.1.1-3ubuntu5) ...
2026-10-06T09:31:30.9354892Z Selecting previously unselected package libsamplerate0:amd64.
2026-10-06T09:31:30.9448454Z Preparing to unpack .../066-libsamplerate0_0.2.2-4build1_amd64.deb ...
2026-10-06T09:31:30.9455768Z Unpacking libsamplerate0:amd64 (0.2.2-4build1) ...
2026-10-06T09:31:30.9653516Z Selecting previously unselected package librubberband2:amd64.
2026-10-06T09:31:30.9746698Z Preparing to unpack .../067-librubberband2_3.3.0+dfsg-2build1_amd64.deb ...
2026-10-06T09:31:30.9753032Z Unpacking librubberband2:amd64 (3.3.0+dfsg-2build1) ...
2026-10-06T09:31:30.9926593Z Selecting previously unselected package libswscale7:amd64.
2026-10-06T09:31:31.0020366Z Preparing to unpack .../068-libswscale7_7%3a6.1.1-3ubuntu5_amd64.deb ...
2026-10-06T09:31:31.0026982Z Unpacking libswscale7:amd64 (7:6.1.1-3ubuntu5) ...
2026-10-06T09:31:31.0381398Z Selecting previously unselected package libvidstab1.1:amd64.
2026-10-06T09:31:31.0476114Z Preparing to unpack .../069-libvidstab1.1_1.1.0-2build1_amd64.deb ...
2026-10-06T09:31:31.0482665Z Unpacking libvidstab1.1:amd64 (1.1.0-2build1) ...
2026-10-06T09:31:31.0692173Z Selecting previously unselected package libzimg2:amd64.
2026-10-06T09:31:31.0790121Z Preparing to unpack .../070-libzimg2_3.0.5+ds1-1build1_amd64.deb ...
2026-10-06T09:31:31.0797137Z Unpacking libzimg2:amd64 (3.0.5+ds1-1build1) ...
2026-10-06T09:31:31.1004085Z Selecting previously unselected package libavfilter9:amd64.
2026-10-06T09:31:31.1101767Z Preparing to unpack .../071-libavfilter9_7%3a6.1.1-3ubuntu5_amd64.deb ...
2026-10-06T09:31:31.1108209Z Unpacking libavfilter9:amd64 (7:6.1.1-3ubuntu5) ...
2026-10-06T09:31:31.2400498Z Selecting previously unselected package libcaca0:amd64.
2026-10-06T09:31:31.2497480Z Preparing to unpack .../072-libcaca0_0.99.beta20-4ubuntu0.2_amd64.deb ...
2026-10-06T09:31:31.2505859Z Unpacking libcaca0:amd64 (0.99.beta20-4ubuntu0.2) ...
2026-10-06T09:31:31.2702079Z Selecting previously unselected package libcdio19t64:amd64.
2026-10-06T09:31:31.2799985Z Preparing to unpack .../073-libcdio19t64_2.1.0-4.1ubuntu1.2_amd64.deb ...
2026-10-06T09:31:31.2806663Z Unpacking libcdio19t64:amd64 (2.1.0-4.1ubuntu1.2) ...
2026-10-06T09:31:31.2982517Z Selecting previously unselected package libcdio-cdda2t64:amd64.
2026-10-06T09:31:31.3078589Z Preparing to unpack .../074-libcdio-cdda2t64_10.2+2.0.1-1.1build2_amd64.deb ...
2026-10-06T09:31:31.3087267Z Unpacking libcdio-cdda2t64:amd64 (10.2+2.0.1-1.1build2) ...
2026-10-06T09:31:31.3252796Z Selecting previously unselected package libcdio-paranoia2t64:amd64.
2026-10-06T09:31:31.3349878Z Preparing to unpack .../075-libcdio-paranoia2t64_10.2+2.0.1-1.1build2_amd64.deb ...
2026-10-06T09:31:31.3356560Z Unpacking libcdio-paranoia2t64:amd64 (10.2+2.0.1-1.1build2) ...
2026-10-06T09:31:31.3517060Z Selecting previously unselected package libdc1394-25:amd64.
2026-10-06T09:31:31.3613517Z Preparing to unpack .../076-libdc1394-25_2.2.6-4build1_amd64.deb ...
2026-10-06T09:31:31.3619675Z Unpacking libdc1394-25:amd64 (2.2.6-4build1) ...
2026-10-06T09:31:31.3791906Z Selecting previously unselected package libiec61883-0:amd64.
2026-10-06T09:31:31.3887519Z Preparing to unpack .../077-libiec61883-0_1.2.0-6build1_amd64.deb ...
2026-10-06T09:31:31.3893529Z Unpacking libiec61883-0:amd64 (1.2.0-6build1) ...
2026-10-06T09:31:31.4265642Z Selecting previously unselected package libjack-jackd2-0:amd64.
2026-10-06T09:31:31.4363011Z Preparing to unpack .../078-libjack-jackd2-0_1.9.21~dfsg-3ubuntu3_amd64.deb ...
2026-10-06T09:31:31.4372376Z Unpacking libjack-jackd2-0:amd64 (1.9.21~dfsg-3ubuntu3) ...
2026-10-06T09:31:31.4667838Z Selecting previously unselected package libopenal-data.
2026-10-06T09:31:31.4765779Z Preparing to unpack .../079-libopenal-data_1%3a1.23.1-4build1_all.deb ...
2026-10-06T09:31:31.4771953Z Unpacking libopenal-data (1:1.23.1-4build1) ...
2026-10-06T09:31:31.4956138Z Selecting previously unselected package libsndio7.0:amd64.
2026-10-06T09:31:31.5053600Z Preparing to unpack .../080-libsndio7.0_1.9.0-0.3build3_amd64.deb ...
2026-10-06T09:31:31.5061755Z Unpacking libsndio7.0:amd64 (1.9.0-0.3build3) ...
2026-10-06T09:31:31.5235200Z Selecting previously unselected package libopenal1:amd64.
2026-10-06T09:31:31.5331791Z Preparing to unpack .../081-libopenal1_1%3a1.23.1-4build1_amd64.deb ...
2026-10-06T09:31:31.5442323Z Unpacking libopenal1:amd64 (1:1.23.1-4build1) ...
2026-10-06T09:31:31.5650397Z Selecting previously unselected package libdecor-0-0:amd64.
2026-10-06T09:31:31.5746277Z Preparing to unpack .../082-libdecor-0-0_0.2.2-1build2_amd64.deb ...
2026-10-06T09:31:31.5752627Z Unpacking libdecor-0-0:amd64 (0.2.2-1build2) ...
2026-10-06T09:31:31.6535175Z Preparing to unpack .../083-libgl1-mesa-dri_25.2.8-0ubuntu0.24.04.4_amd64.deb ...
2026-10-06T09:31:31.6653332Z Unpacking libgl1-mesa-dri:amd64 (25.2.8-0ubuntu0.24.04.4) over (25.2.8-0ubuntu0.24.04.2) ...
2026-10-06T09:31:31.7056617Z Preparing to unpack .../084-libglx-mesa0_25.2.8-0ubuntu0.24.04.4_amd64.deb ...
2026-10-06T09:31:31.7075373Z Unpacking libglx-mesa0:amd64 (25.2.8-0ubuntu0.24.04.4) over (25.2.8-0ubuntu0.24.04.2) ...
2026-10-06T09:31:31.7372124Z Preparing to unpack .../085-libgbm1_25.2.8-0ubuntu0.24.04.4_amd64.deb ...
2026-10-06T09:31:31.7391430Z Unpacking libgbm1:amd64 (25.2.8-0ubuntu0.24.04.4) over (25.2.8-0ubuntu0.24.04.2) ...
2026-10-06T09:31:31.7779699Z Preparing to unpack .../086-mesa-libgallium_25.2.8-0ubuntu0.24.04.4_amd64.deb ...
2026-10-06T09:31:31.7797675Z Unpacking mesa-libgallium:amd64 (25.2.8-0ubuntu0.24.04.4) over (25.2.8-0ubuntu0.24.04.2) ...
2026-10-06T09:31:32.1158669Z Selecting previously unselected package libsdl2-2.0-0:amd64.
2026-10-06T09:31:32.1255907Z Preparing to unpack .../087-libsdl2-2.0-0_2.30.0+dfsg-1ubuntu3.1_amd64.deb ...
2026-10-06T09:31:32.1263375Z Unpacking libsdl2-2.0-0:amd64 (2.30.0+dfsg-1ubuntu3.1) ...
2026-10-06T09:31:32.1522812Z Selecting previously unselected package libxcb-shape0:amd64.
2026-10-06T09:31:32.1619223Z Preparing to unpack .../088-libxcb-shape0_1.15-1ubuntu2_amd64.deb ...
2026-10-06T09:31:32.1625904Z Unpacking libxcb-shape0:amd64 (1.15-1ubuntu2) ...
2026-10-06T09:31:32.1796223Z Selecting previously unselected package libxv1:amd64.
2026-10-06T09:31:32.1894476Z Preparing to unpack .../089-libxv1_2%3a1.0.11-1.1build1_amd64.deb ...
2026-10-06T09:31:32.1901581Z Unpacking libxv1:amd64 (2:1.0.11-1.1build1) ...
2026-10-06T09:31:32.2079411Z Selecting previously unselected package libavdevice60:amd64.
2026-10-06T09:31:32.2176897Z Preparing to unpack .../090-libavdevice60_7%3a6.1.1-3ubuntu5_amd64.deb ...
2026-10-06T09:31:32.2184087Z Unpacking libavdevice60:amd64 (7:6.1.1-3ubuntu5) ...
2026-10-06T09:31:32.2365418Z Selecting previously unselected package ffmpeg.
2026-10-06T09:31:32.2463163Z Preparing to unpack .../091-ffmpeg_7%3a6.1.1-3ubuntu5_amd64.deb ...
2026-10-06T09:31:32.2469369Z Unpacking ffmpeg (7:6.1.1-3ubuntu5) ...
2026-10-06T09:31:32.2974919Z Selecting previously unselected package libigdgmm12:amd64.
2026-10-06T09:31:32.3072662Z Preparing to unpack .../092-libigdgmm12_22.3.17+ds1-1ubuntu1_amd64.deb ...
2026-10-06T09:31:32.3079174Z Unpacking libigdgmm12:amd64 (22.3.17+ds1-1ubuntu1) ...
2026-10-06T09:31:32.3266475Z Selecting previously unselected package intel-media-va-driver:amd64.
2026-10-06T09:31:32.3364489Z Preparing to unpack .../093-intel-media-va-driver_24.1.0+dfsg1-1ubuntu0.2_amd64.deb ...
2026-10-06T09:31:32.3371252Z Unpacking intel-media-va-driver:amd64 (24.1.0+dfsg1-1ubuntu0.2) ...
2026-10-06T09:31:32.4427362Z Selecting previously unselected package libaacs0:amd64.
2026-10-06T09:31:32.4524846Z Preparing to unpack .../094-libaacs0_0.11.1-2build1_amd64.deb ...
2026-10-06T09:31:32.4698444Z Unpacking libaacs0:amd64 (0.11.1-2build1) ...
2026-10-06T09:31:32.4879453Z Selecting previously unselected package libbdplus0:amd64.
2026-10-06T09:31:32.4975147Z Preparing to unpack .../095-libbdplus0_0.2.0-3build1_amd64.deb ...
2026-10-06T09:31:32.4982060Z Unpacking libbdplus0:amd64 (0.2.0-3build1) ...
2026-10-06T09:31:32.5159913Z Selecting previously unselected package libbrotli-dev:amd64.
2026-10-06T09:31:32.5261226Z Preparing to unpack .../096-libbrotli-dev_1.1.0-2build2_amd64.deb ...
2026-10-06T09:31:32.5269235Z Unpacking libbrotli-dev:amd64 (1.1.0-2build2) ...
2026-10-06T09:31:32.5492874Z Selecting previously unselected package libbz2-dev:amd64.
2026-10-06T09:31:32.5591840Z Preparing to unpack .../097-libbz2-dev_1.0.8-5.1ubuntu0.1_amd64.deb ...
2026-10-06T09:31:32.5598611Z Unpacking libbz2-dev:amd64 (1.0.8-5.1ubuntu0.1) ...
2026-10-06T09:31:32.5776202Z Selecting previously unselected package libdecor-0-plugin-1-gtk:amd64.
2026-10-06T09:31:32.5876044Z Preparing to unpack .../098-libdecor-0-plugin-1-gtk_0.2.2-1build2_amd64.deb ...
2026-10-06T09:31:32.5885307Z Unpacking libdecor-0-plugin-1-gtk:amd64 (0.2.2-1build2) ...
2026-10-06T09:31:32.6056410Z Selecting previously unselected package libpng-dev:amd64.
2026-10-06T09:31:32.6155595Z Preparing to unpack .../099-libpng-dev_1.6.43-5ubuntu0.6_amd64.deb ...
2026-10-06T09:31:32.6161976Z Unpacking libpng-dev:amd64 (1.6.43-5ubuntu0.6) ...
2026-10-06T09:31:32.6506984Z Selecting previously unselected package libfreetype-dev:amd64.
2026-10-06T09:31:32.6603205Z Preparing to unpack .../100-libfreetype-dev_2.13.2+dfsg-1ubuntu0.1_amd64.deb ...
2026-10-06T09:31:32.6608894Z Unpacking libfreetype-dev:amd64 (2.13.2+dfsg-1ubuntu0.1) ...
2026-10-06T09:31:32.6900810Z Selecting previously unselected package uuid-dev:amd64.
2026-10-06T09:31:32.6997907Z Preparing to unpack .../101-uuid-dev_2.39.3-9ubuntu6.6_amd64.deb ...
2026-10-06T09:31:32.7005464Z Unpacking uuid-dev:amd64 (2.39.3-9ubuntu6.6) ...
2026-10-06T09:31:32.7222164Z Selecting previously unselected package libfontconfig-dev:amd64.
2026-10-06T09:31:32.7318592Z Preparing to unpack .../102-libfontconfig-dev_2.15.0-1.1ubuntu2_amd64.deb ...
2026-10-06T09:31:32.7326558Z Unpacking libfontconfig-dev:amd64 (2.15.0-1.1ubuntu2) ...
2026-10-06T09:31:32.7516410Z Selecting previously unselected package libfontconfig1-dev:amd64.
2026-10-06T09:31:32.7611910Z Preparing to unpack .../103-libfontconfig1-dev_2.15.0-1.1ubuntu2_amd64.deb ...
2026-10-06T09:31:32.7620259Z Unpacking libfontconfig1-dev:amd64 (2.15.0-1.1ubuntu2) ...
2026-10-06T09:31:32.7786427Z Selecting previously unselected package libpng-tools.
2026-10-06T09:31:32.7881661Z Preparing to unpack .../104-libpng-tools_1.6.43-5ubuntu0.6_amd64.deb ...
2026-10-06T09:31:32.7887429Z Unpacking libpng-tools (1.6.43-5ubuntu0.6) ...
2026-10-06T09:31:32.8055149Z Selecting previously unselected package librsvg2-common:amd64.
2026-10-06T09:31:32.8148751Z Preparing to unpack .../105-librsvg2-common_2.58.0+dfsg-1build1_amd64.deb ...
2026-10-06T09:31:32.8154507Z Unpacking librsvg2-common:amd64 (2.58.0+dfsg-1build1) ...
2026-10-06T09:31:32.8475719Z Selecting previously unselected package mesa-va-drivers:amd64.
2026-10-06T09:31:32.8571983Z Preparing to unpack .../106-mesa-va-drivers_25.2.8-0ubuntu0.24.04.4_amd64.deb ...
2026-10-06T09:31:32.8580404Z Unpacking mesa-va-drivers:amd64 (25.2.8-0ubuntu0.24.04.4) ...
2026-10-06T09:31:32.8755996Z Selecting previously unselected package mesa-vdpau-drivers:amd64.
2026-10-06T09:31:32.8850870Z Preparing to unpack .../107-mesa-vdpau-drivers_25.2.8-0ubuntu0.24.04.4_amd64.deb ...
2026-10-06T09:31:32.8857134Z Unpacking mesa-vdpau-drivers:amd64 (25.2.8-0ubuntu0.24.04.4) ...
2026-10-06T09:31:32.9028096Z Selecting previously unselected package i965-va-driver:amd64.
2026-10-06T09:31:32.9121559Z Preparing to unpack .../108-i965-va-driver_2.4.1+dfsg1-1ubuntu0.2_amd64.deb ...
2026-10-06T09:31:32.9126999Z Unpacking i965-va-driver:amd64 (2.4.1+dfsg1-1ubuntu0.2) ...
2026-10-06T09:31:32.9361564Z Selecting previously unselected package va-driver-all:amd64.
2026-10-06T09:31:32.9457135Z Preparing to unpack .../109-va-driver-all_2.20.0-2ubuntu0.2_amd64.deb ...
2026-10-06T09:31:32.9462973Z Unpacking va-driver-all:amd64 (2.20.0-2ubuntu0.2) ...
2026-10-06T09:31:32.9625983Z Selecting previously unselected package vdpau-driver-all:amd64.
2026-10-06T09:31:32.9720144Z Preparing to unpack .../110-vdpau-driver-all_1.5-2build1_amd64.deb ...
2026-10-06T09:31:32.9727934Z Unpacking vdpau-driver-all:amd64 (1.5-2build1) ...
2026-10-06T09:31:32.9886422Z Selecting previously unselected package pocketsphinx-en-us.
2026-10-06T09:31:32.9981307Z Preparing to unpack .../111-pocketsphinx-en-us_0.8.0+real5prealpha+1-15ubuntu5_all.deb ...
2026-10-06T09:31:33.0120441Z Unpacking pocketsphinx-en-us (0.8.0+real5prealpha+1-15ubuntu5) ...
2026-10-06T09:31:33.3026428Z Setting up libgme0:amd64 (0.6.3-7build1) ...
2026-10-06T09:31:33.3043384Z Setting up libchromaprint1:amd64 (1.5.1-5) ...
2026-10-06T09:31:33.3063949Z Setting up libssh-gcrypt-4:amd64 (0.10.6-2ubuntu0.5) ...
2026-10-06T09:31:33.3077580Z Setting up libhwy1t64:amd64 (1.0.7-8.1build1) ...
2026-10-06T09:31:33.3095240Z Setting up libudfread0:amd64 (1.1.2-1build1) ...
2026-10-06T09:31:33.3109912Z Setting up bzip2-doc (1.0.8-5.1ubuntu0.1) ...
2026-10-06T09:31:33.3127754Z Setting up mesa-libgallium:amd64 (25.2.8-0ubuntu0.24.04.4) ...
2026-10-06T09:31:33.3144214Z Setting up libraw1394-11:amd64 (2.1.2-2build3) ...
2026-10-06T09:31:33.3160691Z Setting up libspeex1:amd64 (1.2.1-2ubuntu2.24.04.1) ...
2026-10-06T09:31:33.3174252Z Setting up libshine3:amd64 (3.1.1-2build1) ...
2026-10-06T09:31:33.3194159Z Setting up libcaca0:amd64 (0.99.beta20-4ubuntu0.2) ...
2026-10-06T09:31:33.3207430Z Setting up libvpl2 (2023.3.0-1build1) ...
2026-10-06T09:31:33.3224211Z Setting up libx264-164:amd64 (2:0.164.3108+git31e19f9-1) ...
2026-10-06T09:31:33.3238342Z Setting up libtwolame0:amd64 (0.4.0-2build3) ...
2026-10-06T09:31:33.3251962Z Setting up libmbedcrypto7t64:amd64 (2.28.8-1) ...
2026-10-06T09:31:33.3267064Z Setting up libgbm1:amd64 (25.2.8-0ubuntu0.24.04.4) ...
2026-10-06T09:31:33.3281058Z Setting up libpng-tools (1.6.43-5ubuntu0.6) ...
2026-10-06T09:31:33.3299299Z Setting up libgsm1:amd64 (1.0.22-1build1) ...
2026-10-06T09:31:33.3313082Z Setting up libsoxr0:amd64 (0.1.3-4build3) ...
2026-10-06T09:31:33.3329990Z Setting up libzix-0-0:amd64 (0.4.2-2build1) ...
2026-10-06T09:31:33.3344924Z Setting up libcodec2-1.2:amd64 (1.2.0-2build1) ...
2026-10-06T09:31:33.3359067Z Setting up libgl1-mesa-dri:amd64 (25.2.8-0ubuntu0.24.04.4) ...
2026-10-06T09:31:33.3420697Z Setting up libpng-dev:amd64 (1.6.43-5ubuntu0.6) ...
2026-10-06T09:31:33.3434546Z Setting up libmysofa1:amd64 (1.3.2+dfsg-2ubuntu2) ...
2026-10-06T09:31:33.3449800Z Setting up libxcb-shape0:amd64 (1.15-1ubuntu2) ...
2026-10-06T09:31:33.3466349Z Setting up libcdio19t64:amd64 (2.1.0-4.1ubuntu1.2) ...
2026-10-06T09:31:33.3481304Z Setting up libsvtav1enc1d1:amd64 (1.7.0+dfsg-2build1) ...
2026-10-06T09:31:33.3500007Z Setting up libigdgmm12:amd64 (22.3.17+ds1-1ubuntu1) ...
2026-10-06T09:31:33.3514646Z Setting up libmpg123-0t64:amd64 (1.32.5-1ubuntu1.1) ...
2026-10-06T09:31:33.3530378Z Setting up libcjson1:amd64 (1.7.17-1) ...
2026-10-06T09:31:33.3547725Z Setting up libxvidcore4:amd64 (2:1.3.7-1build1) ...
2026-10-06T09:31:33.3562480Z Setting up librav1e0:amd64 (0.7.1-2) ...
2026-10-06T09:31:33.3578170Z Setting up libcdio-cdda2t64:amd64 (10.2+2.0.1-1.1build2) ...
2026-10-06T09:31:33.3595699Z Setting up librist4:amd64 (0.2.10+dfsg-2) ...
2026-10-06T09:31:33.3610598Z Setting up librsvg2-2:amd64 (2.58.0+dfsg-1build1) ...
2026-10-06T09:31:33.3627615Z Setting up libblas3:amd64 (3.12.0-3build1.1) ...
2026-10-06T09:31:33.3671403Z update-alternatives: using /usr/lib/x86_64-linux-gnu/blas/libblas.so.3 to provide /usr/lib/x86_64-linux-gnu/libblas.so.3 (libblas.so.3-x86_64-linux-gnu) in auto mode
2026-10-06T09:31:33.3683597Z Setting up libplacebo338:amd64 (6.338.2-2build1) ...
2026-10-06T09:31:33.3702509Z Setting up libva2:amd64 (2.20.0-2ubuntu0.2) ...
2026-10-06T09:31:33.3716906Z Setting up uuid-dev:amd64 (2.39.3-9ubuntu6.6) ...
2026-10-06T09:31:33.3732575Z Setting up libopus0:amd64 (1.4-1build1) ...
2026-10-06T09:31:33.3749217Z Setting up libcdio-paranoia2t64:amd64 (10.2+2.0.1-1.1build2) ...
2026-10-06T09:31:33.3764043Z Setting up libdc1394-25:amd64 (2.2.6-4build1) ...
2026-10-06T09:31:33.3778277Z Setting up intel-media-va-driver:amd64 (24.1.0+dfsg1-1ubuntu0.2) ...
2026-10-06T09:31:33.3796423Z Setting up libxv1:amd64 (2:1.0.11-1.1build1) ...
2026-10-06T09:31:33.3810676Z Setting up libunibreak5:amd64 (5.1-2build1) ...
2026-10-06T09:31:33.3829709Z Setting up libaacs0:amd64 (0.11.1-2build1) ...
2026-10-06T09:31:33.3843912Z Setting up libjxl0.7:amd64 (0.7.0-10.2ubuntu6.1) ...
2026-10-06T09:31:33.3857589Z Setting up librsvg2-common:amd64 (2.58.0+dfsg-1build1) ...
2026-10-06T09:31:33.3949075Z Setting up pocketsphinx-en-us (0.8.0+real5prealpha+1-15ubuntu5) ...
2026-10-06T09:31:33.3963257Z Setting up libx265-199:amd64 (3.5-2build1) ...
2026-10-06T09:31:33.3978950Z Setting up libsndio7.0:amd64 (1.9.0-0.3build3) ...
2026-10-06T09:31:33.3995297Z Setting up libbdplus0:amd64 (0.2.0-3build1) ...
2026-10-06T09:31:33.4011789Z Setting up libvidstab1.1:amd64 (1.1.0-2build1) ...
2026-10-06T09:31:33.4031824Z Setting up libvpx9:amd64 (1.14.0-1ubuntu2.3) ...
2026-10-06T09:31:33.4045595Z Setting up libsrt1.5-gnutls:amd64 (1.5.3-1build2) ...
2026-10-06T09:31:33.4060026Z Setting up libflite1:amd64 (2.2-6build3) ...
2026-10-06T09:31:33.4075402Z Setting up libdav1d7:amd64 (1.4.1-1build1) ...
2026-10-06T09:31:33.4091755Z Setting up libva-drm2:amd64 (2.20.0-2ubuntu0.2) ...
2026-10-06T09:31:33.4109590Z Setting up ocl-icd-libopencl1:amd64 (2.3.2-1build1) ...
2026-10-06T09:31:33.4126445Z Setting up libasyncns0:amd64 (0.8-6build4) ...
2026-10-06T09:31:33.4142076Z Setting up libvdpau1:amd64 (1.5-2build1) ...
2026-10-06T09:31:33.4161229Z Setting up libbs2b0:amd64 (3.1.0+dfsg-7build1) ...
2026-10-06T09:31:33.4176616Z Setting up libtheora0:amd64 (1.1.1+dfsg.1-16.1build3) ...
2026-10-06T09:31:33.4190562Z Setting up libdecor-0-0:amd64 (0.2.2-1build2) ...
2026-10-06T09:31:33.4205905Z Setting up libzimg2:amd64 (3.0.5+ds1-1build1) ...
2026-10-06T09:31:33.4225678Z Setting up libopenal-data (1:1.23.1-4build1) ...
2026-10-06T09:31:33.4245059Z Setting up libflac12t64:amd64 (1.4.3+ds-2.1ubuntu2) ...
2026-10-06T09:31:33.4261193Z Setting up mesa-va-drivers:amd64 (25.2.8-0ubuntu0.24.04.4) ...
2026-10-06T09:31:33.4429797Z Setting up libbluray2:amd64 (1:1.3.4-1build1) ...
2026-10-06T09:31:33.4444501Z Setting up libsamplerate0:amd64 (0.2.2-4build1) ...
2026-10-06T09:31:33.4460407Z Setting up libva-x11-2:amd64 (2.20.0-2ubuntu0.2) ...
2026-10-06T09:31:33.4474680Z Setting up libdecor-0-plugin-1-gtk:amd64 (0.2.2-1build2) ...
2026-10-06T09:31:33.4490700Z Setting up libopenmpt0t64:amd64 (0.7.3-1.1build3) ...
2026-10-06T09:31:33.4507503Z Setting up libbrotli-dev:amd64 (1.1.0-2build2) ...
2026-10-06T09:31:33.4524685Z Setting up libzvbi-common (0.2.42-2) ...
2026-10-06T09:31:33.4540634Z Setting up libmp3lame0:amd64 (3.100-6build1) ...
2026-10-06T09:31:33.4556165Z Setting up i965-va-driver:amd64 (2.4.1+dfsg1-1ubuntu0.2) ...
2026-10-06T09:31:33.4570339Z Setting up libvorbisenc2:amd64 (1.3.7-1build3) ...
2026-10-06T09:31:33.4586550Z Setting up libiec61883-0:amd64 (1.2.0-6build1) ...
2026-10-06T09:31:33.4603412Z Setting up libserd-0-0:amd64 (0.32.2-1) ...
2026-10-06T09:31:33.4619912Z Setting up libbz2-dev:amd64 (1.0.8-5.1ubuntu0.1) ...
2026-10-06T09:31:33.4637071Z Setting up libavc1394-0:amd64 (0.5.4-5build3) ...
2026-10-06T09:31:33.4651839Z Setting up mesa-vdpau-drivers:amd64 (25.2.8-0ubuntu0.24.04.4) ...
2026-10-06T09:31:33.5002393Z Setting up liblapack3:amd64 (3.12.0-3build1.1) ...
2026-10-06T09:31:33.5048529Z update-alternatives: using /usr/lib/x86_64-linux-gnu/lapack/liblapack.so.3 to provide /usr/lib/x86_64-linux-gnu/liblapack.so.3 (liblapack.so.3-x86_64-linux-gnu) in auto mode
2026-10-06T09:31:33.5063367Z Setting up libglx-mesa0:amd64 (25.2.8-0ubuntu0.24.04.4) ...
2026-10-06T09:31:33.5079646Z Setting up libzvbi0t64:amd64 (0.2.42-2) ...
2026-10-06T09:31:33.5096440Z Setting up libavutil58:amd64 (7:6.1.1-3ubuntu5) ...
2026-10-06T09:31:33.5112897Z Setting up libopenal1:amd64 (1:1.23.1-4build1) ...
2026-10-06T09:31:33.5131073Z Setting up libfreetype-dev:amd64 (2.13.2+dfsg-1ubuntu0.1) ...
2026-10-06T09:31:33.5144710Z Setting up libass9:amd64 (1:0.17.1-2build1) ...
2026-10-06T09:31:33.5162309Z Setting up libswresample4:amd64 (7:6.1.1-3ubuntu5) ...
2026-10-06T09:31:33.5176128Z Setting up va-driver-all:amd64 (2.20.0-2ubuntu0.2) ...
2026-10-06T09:31:33.5190923Z Setting up libavcodec60:amd64 (7:6.1.1-3ubuntu5) ...
2026-10-06T09:31:33.5209914Z Setting up librubberband2:amd64 (3.3.0+dfsg-2build1) ...
2026-10-06T09:31:33.5227318Z Setting up libjack-jackd2-0:amd64 (1.9.21~dfsg-3ubuntu3) ...
2026-10-06T09:31:33.5244586Z Setting up vdpau-driver-all:amd64 (1.5-2build1) ...
2026-10-06T09:31:33.5257753Z Setting up libsord-0-0:amd64 (0.16.16-2build1) ...
2026-10-06T09:31:33.5272390Z Setting up libpostproc57:amd64 (7:6.1.1-3ubuntu5) ...
2026-10-06T09:31:33.5285997Z Setting up libsratom-0-0:amd64 (0.6.16-1build1) ...
2026-10-06T09:31:33.5301239Z Setting up libsndfile1:amd64 (1.2.2-1ubuntu5.24.04.1) ...
2026-10-06T09:31:33.5316176Z Setting up liblilv-0-0:amd64 (0.24.22-1build1) ...
2026-10-06T09:31:33.5333402Z Setting up libswscale7:amd64 (7:6.1.1-3ubuntu5) ...
2026-10-06T09:31:33.5349283Z Setting up libpulse0:amd64 (1:16.1+dfsg1-2ubuntu10.1) ...
2026-10-06T09:31:33.5404913Z Setting up libfontconfig-dev:amd64 (2.15.0-1.1ubuntu2) ...
2026-10-06T09:31:33.5420722Z Setting up libavformat60:amd64 (7:6.1.1-3ubuntu5) ...
2026-10-06T09:31:33.5440128Z Setting up libsphinxbase3t64:amd64 (0.8+5prealpha+1-17build2) ...
2026-10-06T09:31:33.5453271Z Setting up libsdl2-2.0-0:amd64 (2.30.0+dfsg-1ubuntu3.1) ...
2026-10-06T09:31:33.5468063Z Setting up libfontconfig1-dev:amd64 (2.15.0-1.1ubuntu2) ...
2026-10-06T09:31:33.5481152Z Setting up libpocketsphinx3:amd64 (0.8.0+real5prealpha+1-15ubuntu5) ...
2026-10-06T09:31:33.5494553Z Setting up libavfilter9:amd64 (7:6.1.1-3ubuntu5) ...
2026-10-06T09:31:33.5512786Z Setting up libavdevice60:amd64 (7:6.1.1-3ubuntu5) ...
2026-10-06T09:31:33.5528907Z Setting up ffmpeg (7:6.1.1-3ubuntu5) ...
2026-10-06T09:31:33.5548012Z Processing triggers for libc-bin (2.39-0ubuntu8.9) ...
2026-10-06T09:31:33.7462395Z Processing triggers for man-db (2.12.0-4build2) ...
2026-10-06T09:31:33.7481043Z Not building database; man-db/auto-update is not 'true'.
2026-10-06T09:31:33.7493256Z Processing triggers for libgdk-pixbuf-2.0-0:amd64 (2.42.10+dfsg-3ubuntu3.3) ...
2026-10-06T09:31:33.7894553Z Processing triggers for install-info (7.1-3build2) ...
2026-10-06T09:31:34.3216060Z 
2026-10-06T09:31:34.3216524Z Running kernel seems to be up-to-date.
2026-10-06T09:31:34.3216695Z 
2026-10-06T09:31:34.3216758Z No services need to be restarted.
2026-10-06T09:31:34.3216859Z 
2026-10-06T09:31:34.3216916Z No containers need to be restarted.
2026-10-06T09:31:34.3217023Z 
2026-10-06T09:31:34.3217094Z No user sessions are running outdated binaries.
2026-10-06T09:31:34.3217209Z 
2026-10-06T09:31:34.3217318Z No VM guests are running outdated hypervisor (qemu) binaries on this host.
2026-10-06T09:31:35.0300451Z ##[group]Run cargo fmt --all --check
2026-10-06T09:31:35.0300650Z [36;1mcargo fmt --all --check[0m
2026-10-06T09:31:35.0349489Z shell: /usr/bin/bash -e {0}
2026-10-06T09:31:35.0349628Z env:
2026-10-06T09:31:35.0349743Z   CARGO_TERM_COLOR: always
2026-10-06T09:31:35.0349879Z   RUSTFLAGS: -D warnings
2026-10-06T09:31:35.0350013Z   CARGO_HOME: /home/runner/.cargo
2026-10-06T09:31:35.0350157Z   CARGO_INCREMENTAL: 0
2026-10-06T09:31:35.0350292Z   CACHE_ON_FAILURE: true
2026-10-06T09:31:35.0350418Z ##[endgroup]
2026-10-06T09:31:38.6145950Z ##[group]Run python3 -m unittest discover -s scripts -p test_gui_test_artifact.py
2026-10-06T09:31:38.6146273Z [36;1mpython3 -m unittest discover -s scripts -p test_gui_test_artifact.py[0m
2026-10-06T09:31:38.6194112Z shell: /usr/bin/bash -e {0}
2026-10-06T09:31:38.6194254Z env:
2026-10-06T09:31:38.6194370Z   CARGO_TERM_COLOR: always
2026-10-06T09:31:38.6194502Z   RUSTFLAGS: -D warnings
2026-10-06T09:31:38.6194636Z   CARGO_HOME: /home/runner/.cargo
2026-10-06T09:31:38.6194782Z   CARGO_INCREMENTAL: 0
2026-10-06T09:31:38.6194906Z   CACHE_ON_FAILURE: true
2026-10-06T09:31:38.6195031Z ##[endgroup]
2026-10-06T09:31:38.7216415Z ..............
2026-10-06T09:31:38.7216750Z ----------------------------------------------------------------------
2026-10-06T09:31:38.7217079Z Ran 14 tests in 0.047s
2026-10-06T09:31:38.7217207Z 
2026-10-06T09:31:38.7217280Z OK
2026-10-06T09:31:38.7358843Z ##[group]Run set -o pipefail
2026-10-06T09:31:38.7359150Z [36;1mset -o pipefail[0m
2026-10-06T09:31:38.7359571Z [36;1mcargo clippy --workspace --all-targets --locked --keep-going 2>&1 | tee /tmp/hydrus-clippy.log[0m
2026-10-06T09:31:38.7413576Z shell: /usr/bin/bash -e {0}
2026-10-06T09:31:38.7413876Z env:
2026-10-06T09:31:38.7414028Z   CARGO_TERM_COLOR: always
2026-10-06T09:31:38.7414166Z   RUSTFLAGS: -D warnings
2026-10-06T09:31:38.7414302Z   CARGO_HOME: /home/runner/.cargo
2026-10-06T09:31:38.7414449Z   CARGO_INCREMENTAL: 0
2026-10-06T09:31:38.7414574Z   CACHE_ON_FAILURE: true
2026-10-06T09:31:38.7414701Z   CARGO_BUILD_JOBS: 1
2026-10-06T09:31:38.7414823Z ##[endgroup]
2026-10-06T09:31:38.9160859Z [1m[92m    Updating[0m crates.io index
2026-10-06T09:31:41.1062017Z [1m[92m    Checking[0m hydrus-core v0.1.0 (/home/runner/work/hydrus-mine/hydrus-mine/crates/hydrus-core)
2026-10-06T09:31:44.4536674Z [1m[92m    Checking[0m hydrus-parse v0.1.0 (/home/runner/work/hydrus-mine/hydrus-mine/crates/hydrus-parse)
2026-10-06T09:31:45.2951164Z [1m[92m    Checking[0m hydrus-legacy v0.1.0 (/home/runner/work/hydrus-mine/hydrus-mine/crates/hydrus-legacy)
2026-10-06T09:31:46.6662197Z [1m[92m    Checking[0m hydrus-testkit v0.1.0 (/home/runner/work/hydrus-mine/hydrus-mine/crates/hydrus-testkit)
2026-10-06T09:31:46.7017348Z [1m[92m    Checking[0m hydrus-store v0.1.0 (/home/runner/work/hydrus-mine/hydrus-mine/crates/hydrus-store)
2026-10-06T09:31:52.1501780Z [1m[92m    Checking[0m hydrus-media v0.1.0 (/home/runner/work/hydrus-mine/hydrus-mine/crates/hydrus-media)
2026-10-06T09:31:53.3932844Z [1m[92m    Checking[0m hydrus-search v0.1.0 (/home/runner/work/hydrus-mine/hydrus-mine/crates/hydrus-search)
2026-10-06T09:31:54.2735252Z [1m[92m    Checking[0m hydrus-import v0.1.0 (/home/runner/work/hydrus-mine/hydrus-mine/crates/hydrus-import)
2026-10-06T09:31:54.6142345Z [1m[92m    Checking[0m hydrus-net v0.1.0 (/home/runner/work/hydrus-mine/hydrus-mine/crates/hydrus-net)
2026-10-06T09:31:55.1879909Z [1m[92m    Checking[0m hydrus-download v0.1.0 (/home/runner/work/hydrus-mine/hydrus-mine/crates/hydrus-download)
2026-10-06T09:31:56.4031566Z [1m[92m    Checking[0m hydrus-duplicates v0.1.0 (/home/runner/work/hydrus-mine/hydrus-mine/crates/hydrus-duplicates)
2026-10-06T09:31:56.6092320Z [1m[92m    Checking[0m hydrus-downloader-exchange v0.1.0 (/home/runner/work/hydrus-mine/hydrus-mine/crates/hydrus-downloader-exchange)
2026-10-06T09:31:57.0232281Z [1m[92m    Checking[0m hydrus-api v0.1.0 (/home/runner/work/hydrus-mine/hydrus-mine/crates/hydrus-api)
2026-10-06T09:31:58.4386712Z [1m[92m   Compiling[0m hydrus-gui-ui v0.1.0 (/home/runner/work/hydrus-mine/hydrus-mine/crates/hydrus-gui-ui)
2026-10-06T09:32:04.1077759Z [1m[92m    Checking[0m hydrus-gui-model v0.1.0 (/home/runner/work/hydrus-mine/hydrus-mine/crates/hydrus-gui-model)
2026-10-06T09:37:26.4200495Z [1m[92m    Checking[0m hydrus-gui v0.1.0 (/home/runner/work/hydrus-mine/hydrus-mine/crates/hydrus-gui)
2026-10-06T09:37:43.7857620Z [1m[92m    Checking[0m hydrus-cli v0.1.0 (/home/runner/work/hydrus-mine/hydrus-mine/crates/hydrus-cli)
2026-10-06T09:38:10.6844217Z [1m[92m    Checking[0m xtask v0.1.0 (/home/runner/work/hydrus-mine/hydrus-mine/xtask)
2026-10-06T09:38:31.2894415Z [1m[92m    Finished[0m `dev` profile [unoptimized + debuginfo] target(s) in 6m 52s
2026-10-06T09:38:31.3743454Z ##[group]Run actions/upload-artifact@v4
2026-10-06T09:38:31.3743674Z with:
2026-10-06T09:38:31.3744056Z   name: clippy-diagnostics-37443398472-1
2026-10-06T09:38:31.3744281Z   path: /tmp/hydrus-clippy.log
2026-10-06T09:38:31.3744439Z   if-no-files-found: ignore
2026-10-06T09:38:31.3744574Z   retention-days: 3
2026-10-06T09:38:31.3744696Z   compression-level: 6
2026-10-06T09:38:31.3744823Z   overwrite: false
2026-10-06T09:38:31.3744944Z   include-hidden-files: false
2026-10-06T09:38:31.3745075Z env:
2026-10-06T09:38:31.3745186Z   CARGO_TERM_COLOR: always
2026-10-06T09:38:31.3745326Z   RUSTFLAGS: -D warnings
2026-10-06T09:38:31.3745462Z   CARGO_HOME: /home/runner/.cargo
2026-10-06T09:38:31.3745688Z   CARGO_INCREMENTAL: 0
2026-10-06T09:38:31.3745825Z   CACHE_ON_FAILURE: true
2026-10-06T09:38:31.3745958Z ##[endgroup]
2026-10-06T09:38:31.6295212Z (node:4532) [DEP0040] DeprecationWarning: The `punycode` module is deprecated. Please use a userland alternative instead.
2026-10-06T09:38:31.6295658Z (Use `node --trace-deprecation ...` to show where the warning was created)
2026-10-06T09:38:31.6365438Z With the provided path, there will be 1 file uploaded
2026-10-06T09:38:31.6368987Z Artifact name is valid!
2026-10-06T09:38:31.6369243Z Root directory input is valid!
2026-10-06T09:38:31.9068782Z Beginning upload of artifact content to blob storage
2026-10-06T09:38:31.9181291Z (node:4532) [DEP0169] DeprecationWarning: `url.parse()` behavior is not standardized and prone to errors that have security implications. Use the WHATWG URL API instead. CVEs are not issued for `url.parse()` vulnerabilities.
2026-10-06T09:38:32.0674928Z Uploaded bytes 475
2026-10-06T09:38:32.1078949Z Finished uploading artifact content to blob storage!
2026-10-06T09:38:32.1079549Z SHA256 digest of uploaded artifact zip is cb20508cbe58b918e913fce5c3ec62b63b16a5466cf4bd8b9b81365273262fee
2026-10-06T09:38:32.1080124Z Finalizing artifact upload
2026-10-06T09:38:32.3417482Z Artifact clippy-diagnostics-37443398472-1.zip successfully finalized. Artifact ID 11401993624
2026-10-06T09:38:32.3418158Z Artifact clippy-diagnostics-37443398472-1 has been successfully uploaded! Final size is 475 bytes. Artifact ID is 11401993624
2026-10-06T09:38:32.3422068Z Artifact download URL: https://github.com/jkendall327/hydrus-mine/actions/runs/37443398472/artifacts/11401993624
2026-10-06T09:38:32.3533616Z ##[group]Run set -o pipefail
2026-10-06T09:38:32.3533993Z [36;1mset -o pipefail[0m
2026-10-06T09:38:32.3534158Z [36;1mmkdir -p target/tmp[0m
2026-10-06T09:38:32.3534415Z [36;1mcargo test --workspace --locked --no-fail-fast 2>&1 | tee /tmp/hydrus-tests.log[0m
2026-10-06T09:38:32.3646055Z shell: /usr/bin/bash -e {0}
2026-10-06T09:38:32.3646236Z env:
2026-10-06T09:38:32.3646554Z   CARGO_TERM_COLOR: always
2026-10-06T09:38:32.3646696Z   RUSTFLAGS: -D warnings
2026-10-06T09:38:32.3646840Z   CARGO_HOME: /home/runner/.cargo
2026-10-06T09:38:32.3646988Z   CARGO_INCREMENTAL: 0
2026-10-06T09:38:32.3647117Z   CACHE_ON_FAILURE: true
2026-10-06T09:38:32.3647246Z   CARGO_BUILD_JOBS: 1
2026-10-06T09:38:32.3647474Z   HYDRUS_INTERCHANGE_SCREENSHOTS: /home/runner/work/hydrus-mine/hydrus-mine/target/tmp
2026-10-06T09:38:32.3647732Z ##[endgroup]
2026-10-06T09:38:33.1324027Z [1m[92m   Compiling[0m hydrus-core v0.1.0 (/home/runner/work/hydrus-mine/hydrus-mine/crates/hydrus-core)
2026-10-06T09:38:38.0884578Z [1m[92m   Compiling[0m hydrus-parse v0.1.0 (/home/runner/work/hydrus-mine/hydrus-mine/crates/hydrus-parse)
2026-10-06T09:38:39.4523669Z [1m[92m   Compiling[0m hydrus-legacy v0.1.0 (/home/runner/work/hydrus-mine/hydrus-mine/crates/hydrus-legacy)
2026-10-06T09:38:43.2161729Z [1m[92m   Compiling[0m hydrus-testkit v0.1.0 (/home/runner/work/hydrus-mine/hydrus-mine/crates/hydrus-testkit)
2026-10-06T09:38:43.3383119Z [1m[92m   Compiling[0m hydrus-store v0.1.0 (/home/runner/work/hydrus-mine/hydrus-mine/crates/hydrus-store)
2026-10-06T09:38:55.2393425Z [1m[92m   Compiling[0m hydrus-media v0.1.0 (/home/runner/work/hydrus-mine/hydrus-mine/crates/hydrus-media)
2026-10-06T09:39:18.6088095Z [1m[92m   Compiling[0m hydrus-search v0.1.0 (/home/runner/work/hydrus-mine/hydrus-mine/crates/hydrus-search)
2026-10-06T09:39:20.6038627Z [1m[92m   Compiling[0m hydrus-import v0.1.0 (/home/runner/work/hydrus-mine/hydrus-mine/crates/hydrus-import)
2026-10-06T09:39:21.3246998Z [1m[92m   Compiling[0m hydrus-net v0.1.0 (/home/runner/work/hydrus-mine/hydrus-mine/crates/hydrus-net)
2026-10-06T09:39:22.7271647Z [1m[92m   Compiling[0m hydrus-download v0.1.0 (/home/runner/work/hydrus-mine/hydrus-mine/crates/hydrus-download)
2026-10-06T09:39:25.3448844Z [1m[92m   Compiling[0m hydrus-duplicates v0.1.0 (/home/runner/work/hydrus-mine/hydrus-mine/crates/hydrus-duplicates)
2026-10-06T09:39:25.8175121Z [1m[92m   Compiling[0m hydrus-downloader-exchange v0.1.0 (/home/runner/work/hydrus-mine/hydrus-mine/crates/hydrus-downloader-exchange)
2026-10-06T09:39:26.8291492Z [1m[92m   Compiling[0m hydrus-api v0.1.0 (/home/runner/work/hydrus-mine/hydrus-mine/crates/hydrus-api)
2026-10-06T09:39:32.7284531Z [1m[92m   Compiling[0m hydrus-gui-ui v0.1.0 (/home/runner/work/hydrus-mine/hydrus-mine/crates/hydrus-gui-ui)
2026-10-06T09:39:33.6625826Z [1m[92m   Compiling[0m hydrus-gui-model v0.1.0 (/home/runner/work/hydrus-mine/hydrus-mine/crates/hydrus-gui-model)
2026-10-06T09:43:25.6059715Z [1m[92m   Compiling[0m hydrus-gui v0.1.0 (/home/runner/work/hydrus-mine/hydrus-mine/crates/hydrus-gui)
2026-10-06T09:43:48.5709217Z [1m[92m   Compiling[0m hydrus-cli v0.1.0 (/home/runner/work/hydrus-mine/hydrus-mine/crates/hydrus-cli)
2026-10-06T09:45:28.8222987Z [1m[92m   Compiling[0m xtask v0.1.0 (/home/runner/work/hydrus-mine/hydrus-mine/xtask)
2026-10-06T09:47:12.4608389Z [1m[92m    Finished[0m `test` profile [unoptimized + debuginfo] target(s) in 8m 40s
2026-10-06T09:47:13.6256446Z [1m[92m     Running[0m unittests src/lib.rs (target/debug/deps/hydrus_api-6491b1f57d45a925)
2026-10-06T09:47:13.6268734Z 
2026-10-06T09:47:13.6268890Z running 3 tests
2026-10-06T09:47:13.6299582Z test params::tests::bad_query_values_are_400s ... ok
2026-10-06T09:47:13.6299900Z test params::tests::json_bodies_convert_byte_params ... ok
2026-10-06T09:47:13.6300138Z test params::tests::query_values_are_typed_by_name ... ok
2026-10-06T09:47:13.6300283Z 
2026-10-06T09:47:13.6300795Z test result: ok. 3 passed; 0 failed; 0 ignored; 0 measured; 0 filtered out; finished in 0.00s
2026-10-06T09:47:13.6300993Z 
2026-10-06T09:47:13.6301379Z [1m[92m     Running[0m tests/activity.rs (target/debug/deps/activity-2f74d8120c007233)
2026-10-06T09:47:13.6302828Z 
2026-10-06T09:47:13.6303027Z running 1 test
2026-10-06T09:47:13.7151312Z test rejected_and_read_requests_publish_activity_while_locked_without_waiting_on_sqlite ... ok
2026-10-06T09:47:13.7154526Z 
2026-10-06T09:47:13.7154839Z test result: ok. 1 passed; 0 failed; 0 ignored; 0 measured; 0 filtered out; finished in 0.08s
2026-10-06T09:47:13.7155176Z 
2026-10-06T09:47:13.7162835Z [1m[92m     Running[0m tests/add_url.rs (target/debug/deps/add_url-800f2cc699b68c2e)
2026-10-06T09:47:13.7191951Z 
2026-10-06T09:47:13.7192044Z running 2 tests
2026-10-06T09:47:13.8488205Z test watchable_urls_start_watchers ... ok
2026-10-06T09:47:13.8513955Z test urls_go_to_named_queues_with_their_tags ... ok
2026-10-06T09:47:13.8514217Z 
2026-10-06T09:47:13.8514488Z test result: ok. 2 passed; 0 failed; 0 ignored; 0 measured; 0 filtered out; finished in 0.13s
2026-10-06T09:47:13.8514792Z 
2026-10-06T09:47:13.8531487Z [1m[92m     Running[0m tests/api_keys.rs (target/debug/deps/api_keys-c8c57f21b27246c2)
2026-10-06T09:47:13.8558407Z 
2026-10-06T09:47:13.8558494Z running 3 tests
2026-10-06T09:47:13.9171653Z test permission_revision_check_does_not_block_database_unlock ... ok
2026-10-06T09:47:13.9181248Z test a_requested_key_works_once_accepted ... ok
2026-10-06T09:47:13.9221606Z test edits_and_revocation_apply_to_existing_keys_and_sessions_immediately ... ok
2026-10-06T09:47:13.9221925Z 
2026-10-06T09:47:13.9224973Z test result: ok. 3 passed; 0 failed; 0 ignored; 0 measured; 0 filtered out; finished in 0.07s
2026-10-06T09:47:13.9225278Z 
2026-10-06T09:47:13.9240039Z [1m[92m     Running[0m tests/api_update_toasts.rs (target/debug/deps/api_update_toasts-1d9eefaa53d2faf3)
2026-10-06T09:47:13.9264919Z 
2026-10-06T09:47:13.9265020Z running 1 test
2026-10-06T09:47:13.9880758Z test real_cookie_header_requests_replay_qt_jobs_noops_errors_and_backend_values ... ok
2026-10-06T09:47:13.9882647Z 
2026-10-06T09:47:13.9884643Z test result: ok. 1 passed; 0 failed; 0 ignored; 0 measured; 0 filtered out; finished in 0.06s
2026-10-06T09:47:13.9884918Z 
2026-10-06T09:47:13.9892632Z [1m[92m     Running[0m tests/client_options.rs (target/debug/deps/client_options-c69f4b43ba8bb0f1)
2026-10-06T09:47:13.9916421Z 
2026-10-06T09:47:13.9918589Z running 1 test
2026-10-06T09:47:14.0269885Z test a_new_store_reports_a_new_clients_options ... ok
2026-10-06T09:47:14.0270271Z 
2026-10-06T09:47:14.0270579Z test result: ok. 1 passed; 0 failed; 0 ignored; 0 measured; 0 filtered out; finished in 0.03s
2026-10-06T09:47:14.0272768Z 
2026-10-06T09:47:14.0279208Z [1m[92m     Running[0m tests/conformance.rs (target/debug/deps/conformance-a2b837da22ab61d4)
2026-10-06T09:47:14.0307276Z 
2026-10-06T09:47:14.0307415Z running 1 test
2026-10-06T09:47:20.8060797Z test replay_recorded_scenarios ... ok
2026-10-06T09:47:20.8063332Z 
2026-10-06T09:47:20.8063597Z test result: ok. 1 passed; 0 failed; 0 ignored; 0 measured; 0 filtered out; finished in 6.78s
2026-10-06T09:47:20.8067355Z 
2026-10-06T09:47:20.8084165Z [1m[92m     Running[0m tests/delete_lock.rs (target/debug/deps/delete_lock-2462647e8c2c977b)
2026-10-06T09:47:20.8111629Z 
2026-10-06T09:47:20.8111868Z running 1 test
2026-10-06T09:47:23.2620362Z test the_delete_lock_matches_the_reference ... ok
2026-10-06T09:47:23.2620622Z 
2026-10-06T09:47:23.2623278Z test result: ok. 1 passed; 0 failed; 0 ignored; 0 measured; 0 filtered out; finished in 2.45s
2026-10-06T09:47:23.2623543Z 
2026-10-06T09:47:23.2638168Z [1m[92m     Running[0m tests/duplicate_merges.rs (target/debug/deps/duplicate_merges-4f5fdee61013e70b)
2026-10-06T09:47:23.2663336Z 
2026-10-06T09:47:23.2665726Z running 1 test
2026-10-06T09:47:24.4074228Z test merges_match_the_reference_database ... ok
2026-10-06T09:47:24.4077523Z 
2026-10-06T09:47:24.4079612Z test result: ok. 1 passed; 0 failed; 0 ignored; 0 measured; 0 filtered out; finished in 1.14s
2026-10-06T09:47:24.4080262Z 
2026-10-06T09:47:24.4095420Z [1m[92m     Running[0m tests/oracle_downloads.rs (target/debug/deps/oracle_downloads-786afc00e03b0f69)
2026-10-06T09:47:24.4121034Z 
2026-10-06T09:47:24.4121222Z running 1 test
2026-10-06T09:48:03.2258106Z test the_downloader_does_what_the_reference_did ... ok
2026-10-06T09:48:03.2258486Z 
2026-10-06T09:48:03.2261800Z test result: ok. 1 passed; 0 failed; 0 ignored; 0 measured; 0 filtered out; finished in 38.81s
2026-10-06T09:48:03.2262505Z 
2026-10-06T09:48:03.2281105Z [1m[92m     Running[0m tests/pages.rs (target/debug/deps/pages-7cfa37476cea956a)
2026-10-06T09:48:03.2309124Z 
2026-10-06T09:48:03.2324086Z running 7 tests
2026-10-06T09:48:03.4402524Z test a_store_without_pages_has_a_top_notebook_that_keeps_its_key ... ok
2026-10-06T09:48:03.4416035Z test a_url_pages_importer_is_described_as_the_references ... ok
2026-10-06T09:48:03.4448535Z test a_pages_selection_is_reported ... ok
2026-10-06T09:48:03.4464043Z test gallery_and_watcher_pages_importers_are_described_as_the_references ... ok
2026-10-06T09:48:03.5744122Z test media_viewers_are_the_open_clients ... ok
2026-10-06T09:48:03.5793233Z test the_selected_pages_lead_to_the_page_shown ... ok
2026-10-06T09:48:03.5812050Z test what_is_asked_waits_for_an_open_client ... ok
2026-10-06T09:48:03.5814609Z 
2026-10-06T09:48:03.5814823Z test result: ok. 7 passed; 0 failed; 0 ignored; 0 measured; 0 filtered out; finished in 0.35s
2026-10-06T09:48:03.5817482Z 
2026-10-06T09:48:03.5839556Z [1m[92m     Running[0m tests/popup_actions.rs (target/debug/deps/popup_actions-bddb1ddce4b64b4e)
2026-10-06T09:48:03.5867414Z 
2026-10-06T09:48:03.5867618Z running 1 test
2026-10-06T09:48:03.6350887Z test callable_dispatch_requires_permission_and_a_current_producer_and_reports_its_label ... ok
2026-10-06T09:48:03.6351182Z 
2026-10-06T09:48:03.6353195Z test result: ok. 1 passed; 0 failed; 0 ignored; 0 measured; 0 filtered out; finished in 0.05s
2026-10-06T09:48:03.6353472Z 
2026-10-06T09:48:03.6363217Z [1m[92m     Running[0m tests/rating_svg.rs (target/debug/deps/rating_svg-1a12785f54287bc2)
2026-10-06T09:48:03.6391349Z 
2026-10-06T09:48:03.6391502Z running 1 test
2026-10-06T09:48:03.7337758Z test rating_svgs_are_served_as_the_reference_serves_them ... ok
2026-10-06T09:48:03.7341603Z 
2026-10-06T09:48:03.7341953Z test result: ok. 1 passed; 0 failed; 0 ignored; 0 measured; 0 filtered out; finished in 0.09s
2026-10-06T09:48:03.7345681Z 
2026-10-06T09:48:03.7350916Z [1m[92m     Running[0m tests/render.rs (target/debug/deps/render-8d1e46a3c050b8c1)
2026-10-06T09:48:03.7380587Z 
2026-10-06T09:48:03.7380784Z running 2 tests
2026-10-06T09:48:03.9626010Z test ugoiras_render_as_the_reference_renders_them ... ok
2026-10-06T09:48:04.0242150Z test renders_match_the_reference ... ok
2026-10-06T09:48:04.0242555Z 
2026-10-06T09:48:04.0245050Z test result: ok. 2 passed; 0 failed; 0 ignored; 0 measured; 0 filtered out; finished in 0.29s
2026-10-06T09:48:04.0245474Z 
2026-10-06T09:48:04.0264357Z [1m[92m     Running[0m tests/url_class_search.rs (target/debug/deps/url_class_search-a64e57bd728760e3)
2026-10-06T09:48:04.0292228Z 
2026-10-06T09:48:04.0295013Z running 1 test
2026-10-06T09:48:04.1832417Z test url_class_searches_match_the_reference ... ok
2026-10-06T09:48:04.1834954Z 
2026-10-06T09:48:04.1835202Z test result: ok. 1 passed; 0 failed; 0 ignored; 0 measured; 0 filtered out; finished in 0.15s
2026-10-06T09:48:04.1837381Z 
2026-10-06T09:48:04.1849274Z [1m[92m     Running[0m unittests src/main.rs (target/debug/deps/hydrus-a98ffeefb679781a)
2026-10-06T09:48:04.1867195Z 
2026-10-06T09:48:04.1867315Z running 7 tests
2026-10-06T09:48:04.1875604Z test client_api_listener::tests::cli_overrides_and_unsupported_https_are_explicit ... ok
2026-10-06T09:48:04.2544519Z test physical_deletes::tests::dropping_owner_wakes_idle_task_and_releases_store_without_restart ... ok
2026-10-06T09:48:04.2545254Z test tests::one_process_at_a_time_does_what_serve_does ... ok
2026-10-06T09:48:04.2549774Z test folder_wait::tests::manager_finishing_between_worker_and_wait_cannot_lose_its_wakeup ... ok
2026-10-06T09:48:04.2787172Z test trash_maintenance::tests::dropping_owner_wakes_idle_task_and_releases_store_without_restart ... ok
2026-10-06T09:48:04.4559335Z test folder_wait::tests::an_already_seen_active_request_does_not_spin_the_scheduler ... ok
2026-10-06T09:48:08.2566469Z test folder_wait::tests::manager_acquisition_and_release_interrupt_the_real_scheduler_rest ... ok
2026-10-06T09:48:08.2569242Z 
2026-10-06T09:48:08.2569491Z test result: ok. 7 passed; 0 failed; 0 ignored; 0 measured; 0 filtered out; finished in 4.07s
2026-10-06T09:48:08.2569730Z 
2026-10-06T09:48:08.2581957Z [1m[92m     Running[0m tests/serve.rs (target/debug/deps/serve-76e300e8fadb762b)
2026-10-06T09:48:08.2597196Z 
2026-10-06T09:48:08.2599593Z running 10 tests
2026-10-06T09:48:09.1020244Z test attached_it_stops_when_its_input_closes ... ok
2026-10-06T09:48:10.6268890Z test a_client_api_that_cant_listen_stops_nothing_else ... ok
2026-10-06T09:48:10.6397770Z test a_download_is_published_as_it_goes_and_can_be_cancelled ... ok
2026-10-06T09:48:12.0162984Z test service_edits_reach_the_running_client_api_without_a_restart ... ok
2026-10-06T09:48:12.1018186Z test queues_another_process_nudges_are_worked_on_at_once ... ok
2026-10-06T09:48:14.1098210Z test changed_options_apply_without_a_restart ... ok
2026-10-06T09:48:14.1794070Z test unattached_it_runs_on_without_input ... ok
2026-10-06T09:48:15.3531387Z test client_api_listener_reconfigures_recovers_and_preserves_daemon_state ... ok
2026-10-06T09:48:16.3473524Z test with_no_port_there_is_no_client_api ... ok
2026-10-06T09:48:16.4325254Z test urls_typed_into_a_page_are_added_and_a_closed_pages_queue_waits ... ok
2026-10-06T09:48:16.4325589Z 
2026-10-06T09:48:16.4327926Z test result: ok. 10 passed; 0 failed; 0 ignored; 0 measured; 0 filtered out; finished in 8.17s
2026-10-06T09:48:16.4328210Z 
2026-10-06T09:48:16.4337105Z [1m[92m     Running[0m unittests src/lib.rs (target/debug/deps/hydrus_core-f9d70ba98334c7ca)
2026-10-06T09:48:16.4350328Z 
2026-10-06T09:48:16.4352586Z running 89 tests
2026-10-06T09:48:16.4354795Z test bandwidth::tests::calendar_buckets_are_utc ... ok
2026-10-06T09:48:16.4357039Z test bandwidth::tests::a_one_per_second_rule_waits_for_the_next_second ... ok
2026-10-06T09:48:16.4364596Z test bandwidth::tests::a_daily_limit_holds_until_usage_ages_out ... ok
2026-10-06T09:48:16.4367305Z test bandwidth::tests::gallery_tokens_space_out_each_site ... ok
2026-10-06T09:48:16.4369940Z test bandwidth::tests::specific_rules_replace_the_default ... ok
2026-10-06T09:48:16.4372335Z test casefold::tests::folds_as_python_does ... ok
2026-10-06T09:48:16.4376743Z test casefold::tests::the_table_is_sorted ... ok
2026-10-06T09:48:16.4377242Z test hash::tests::hex_round_trip ... ok
2026-10-06T09:48:16.4379888Z test hash::tests::perceptual_distance ... ok
2026-10-06T09:48:16.4382155Z test hash::tests::rejects_bad_hashes ... ok
2026-10-06T09:48:16.4390314Z test content::tests::timestamp_codes_match_reference_implementation ... ok
2026-10-06T09:48:16.4394339Z test import_options::tests::presentation_shows_files_as_the_reference_s_does ... ok
2026-10-06T09:48:16.4397157Z test import_options::tests::vetoes_like_the_reference ... ok
2026-10-06T09:48:16.4401421Z test import_options::tests::layers_most_specific_first ... ok
2026-10-06T09:48:16.4405476Z test lock::tests::only_the_password_opens_a_lock ... ok
2026-10-06T09:48:16.4409883Z test media_viewer::tests::mpv_video_defaults_fit_the_canvas_and_keep_regular_zoom_steps ... ok
2026-10-06T09:48:16.4410591Z test mime::tests::serde_uses_integer_codes ... ok
2026-10-06T09:48:16.4413013Z test content::tests::canvas_codes_match_reference_implementation ... ok
2026-10-06T09:48:16.4415418Z test numbers::tests::groups_thousands ... ok
2026-10-06T09:48:16.4419380Z test numbers::tests::percentages ... ok
2026-10-06T09:48:16.4419858Z test numbers::tests::sizes_read_like_the_reference ... ok
2026-10-06T09:48:16.4422325Z test pages::tests::a_session_round_trips_through_json ... ok
2026-10-06T09:48:16.4471871Z test pages::tests::names_for_menus_have_their_counts_and_elide_in_the_middle ... ok
2026-10-06T09:48:16.4475145Z test pages::tests::pages_have_the_references_page_types ... ok
2026-10-06T09:48:16.4478271Z test pybytes::tests::base64_like_python ... ok
2026-10-06T09:48:16.4481446Z test pybytes::tests::hex_like_python ... ok
2026-10-06T09:48:16.4483926Z test pyhtml::tests::unescapes_like_python ... ok
2026-10-06T09:48:16.4484777Z test mime::tests::table_matches_reference_implementation ... ok
2026-10-06T09:48:16.4487260Z test pyjson::tests::floats_round_trip_through_python_repr ... ok
2026-10-06T09:48:16.4489537Z test pyjson::tests::parses_what_python_accepts ... ok
2026-10-06T09:48:16.4504206Z test pyjson::tests::python_float_repr ... ok
2026-10-06T09:48:16.4504547Z test pyjson::tests::python_string_escapes ... ok
2026-10-06T09:48:16.4504908Z test pyjson::tests::rejects_what_python_rejects ... ok
2026-10-06T09:48:16.4505305Z test pyjson::tests::round_trips_reference_style_documents ... ok
2026-10-06T09:48:16.4505782Z test search::context::tests::all_known_files_absorbs_other_domains ... ok
2026-10-06T09:48:16.4506300Z test search::context::tests::defaults_match_the_client_api ... ok
2026-10-06T09:48:16.4506807Z test search::number::tests::number_tests_render_like_the_reference ... ok
2026-10-06T09:48:16.4507407Z test search::recent::mixed_tests::old_system_history_decodes_and_simple_edits_keep_newest_five_per_type ... ok
2026-10-06T09:48:16.4508070Z test search::recent::tests::pushed_predicates_are_kept_as_the_reference_keeps_them ... ok
2026-10-06T09:48:16.4508607Z test search::recent::tests::widths_and_heights_are_types_13_and_14 ... ok
2026-10-06T09:48:16.4509011Z test search::time::tests::renders_deltas ... ok
2026-10-06T09:48:16.4509344Z test search::time::tests::validates_dates ... ok
2026-10-06T09:48:16.4509697Z test service::tests::builtin_keys_render_readably ... ok
2026-10-06T09:48:16.4510105Z test content::tests::codes_match_reference_implementation ... ok
2026-10-06T09:48:16.4510516Z test sort::tests::matches_recorded_clean_tags_order ... ok
2026-10-06T09:48:16.4510924Z test sort::tests::numbers_sort_numerically_and_before_text ... ok
2026-10-06T09:48:16.4511438Z test sort::tests::unicode_decimal_chunks_precede_letters_but_keep_ascii_split_boundaries ... ok
2026-10-06T09:48:16.4511983Z test service::tests::table_matches_reference_implementation ... ok
2026-10-06T09:48:16.4512409Z test subscriptions::tests::checks_follow_file_velocity ... ok
2026-10-06T09:48:16.4512779Z test pyjson::tests::strings_round_trip ... ok
2026-10-06T09:48:16.4513093Z test tag::tests::combine_round_trips ... ok
2026-10-06T09:48:16.4513414Z test tag_filter::tests::specific_rules_win ... ok
2026-10-06T09:48:16.4513888Z test tag_presentation::tests::decimals_are_python_s ... ok
2026-10-06T09:48:16.4514319Z test tag_presentation::tests::rows_take_their_namespace_s_colour ... ok
2026-10-06T09:48:16.4514772Z test tag_sort::tests::counts_sort_with_a_to_z_among_equals ... ok
2026-10-06T09:48:16.4515213Z test tag_sort::tests::the_default_groups_by_the_users_namespaces ... ok
2026-10-06T09:48:16.4515711Z test tag_summary::tests::the_defaults_summarise_as_their_examples_say ... ok
2026-10-06T09:48:16.4520377Z test tag::tests::cleaning_is_idempotent ... ok
2026-10-06T09:48:16.4521104Z test test_fixtures::versions_match_reference_implementation ... ok
2026-10-06T09:48:16.4521957Z test thumbnail::tests::matches_recorded_thumbnail_sizes ... ok
2026-10-06T09:48:16.4522752Z test time::tests::conversions ... ok
2026-10-06T09:48:16.4523237Z test time::tests::durations_as_the_reference_words_them ... ok
2026-10-06T09:48:16.4524137Z test time::tests::scanbar_timestamps_as_the_reference_writes_them ... ok
2026-10-06T09:48:16.4534563Z test time::tests::spans_as_the_reference_words_them ... ok
2026-10-06T09:48:16.4535268Z test url::class::tests::url_types_serialise_as_codes ... ok
2026-10-06T09:48:16.4541752Z test url::functions::tests::components_encode_without_double_encoding ... ok
2026-10-06T09:48:16.4542375Z test url::class::tests::classes_match_and_normalise ... ok
2026-10-06T09:48:16.4554710Z test url::functions::tests::queries_round_trip_in_order ... ok
2026-10-06T09:48:16.4564671Z test tag::tests::cleaning_matches_reference_implementation ... ok
2026-10-06T09:48:16.4567398Z test url::gug::tests::terms_are_encoded_for_where_they_go ... ok
2026-10-06T09:48:16.4572071Z test url::functions::tests::urls_encode_like_the_reference ... ok
2026-10-06T09:48:16.4574390Z test url::psl::tests::punycode_decodes ... ok
2026-10-06T09:48:16.4575037Z test url::pyurl::tests::joins_like_python ... ok
2026-10-06T09:48:16.4575649Z test url::pyurl::tests::quotes_like_python ... ok
2026-10-06T09:48:16.4576117Z test url::pyurl::tests::splits_like_python ... ok
2026-10-06T09:48:16.4576540Z test url::pyurl::urljoin_tests::joins_like_python ... ok
2026-10-06T09:48:16.4604493Z test url::registry::tests::known_urls_are_classified ... ok
2026-10-06T09:48:16.4624256Z test url::registry::tests::unknown_urls_are_just_encoded ... ok
2026-10-06T09:48:16.4644639Z test url::string_dates::tests::date_conversions_match_direct_reference_execution ... ok
2026-10-06T09:48:16.4654644Z test url::string_dates::tests::local_encode_uses_current_offset_and_naive_timezone_fields ... ok
2026-10-06T09:48:16.4684802Z test url::functions::tests::www_is_removed_from_subdomains_only ... ok
2026-10-06T09:48:16.4685582Z test url::strings::tests::converts_like_the_reference ... ok
2026-10-06T09:48:16.4688095Z test url::strings::tests::matches_like_the_reference ... ok
2026-10-06T09:48:16.4688910Z test url::strings::tests::processes_pipelines ... ok
2026-10-06T09:48:16.4689712Z test watchers::tests::a_new_watcher_checks_at_once_and_a_quiet_thread_dies ... ok
2026-10-06T09:48:16.4690419Z test windows::tests::a_saved_frame_keeps_what_it_remembers ... ok
2026-10-06T09:48:16.4732475Z test url::string_dates::tests::local_names_and_dst_boundaries_match_recorded_reference_platform ... ok
2026-10-06T09:48:16.4811076Z test notes::tests::merges_like_the_reference ... ok
2026-10-06T09:48:16.4914485Z test url::psl::tests::matches_the_reference ... ok
2026-10-06T09:48:16.4915039Z 
2026-10-06T09:48:16.4915510Z test result: ok. 89 passed; 0 failed; 0 ignored; 0 measured; 0 filtered out; finished in 0.06s
2026-10-06T09:48:16.4915829Z 
2026-10-06T09:48:16.4922810Z [1m[92m     Running[0m tests/bandwidth.rs (target/debug/deps/bandwidth-3c01215f483d22ff)
2026-10-06T09:48:16.4934527Z 
2026-10-06T09:48:16.4934626Z running 2 tests
2026-10-06T09:48:16.5817076Z test the_manager_starts_requests_as_the_reference_does ... ok
2026-10-06T09:48:16.5827599Z test trackers_count_and_rules_judge_as_the_reference_does ... ok
2026-10-06T09:48:16.5827849Z 
2026-10-06T09:48:16.5828073Z test result: ok. 2 passed; 0 failed; 0 ignored; 0 measured; 0 filtered out; finished in 0.09s
2026-10-06T09:48:16.5828369Z 
2026-10-06T09:48:16.5849595Z [1m[92m     Running[0m tests/string_steps.rs (target/debug/deps/string_steps-dc4bf33c1d3cd7c7)
2026-10-06T09:48:16.5861122Z 
2026-10-06T09:48:16.5861236Z running 1 test
2026-10-06T09:48:16.5864104Z test a_tag_filter_step_stored_without_its_example_still_loads ... ok
2026-10-06T09:48:16.5864353Z 
2026-10-06T09:48:16.5864575Z test result: ok. 1 passed; 0 failed; 0 ignored; 0 measured; 0 filtered out; finished in 0.00s
2026-10-06T09:48:16.5864779Z 
2026-10-06T09:48:16.5866611Z [1m[92m     Running[0m tests/tab_names.rs (target/debug/deps/tab_names-756fb4aab8a976f6)
2026-10-06T09:48:16.5876382Z 
2026-10-06T09:48:16.5876471Z running 2 tests
2026-10-06T09:48:16.6126702Z test a_new_clients_settings_are_the_references ... ok
2026-10-06T09:48:16.6145729Z test tabs_are_named_as_the_reference_names_them ... ok
2026-10-06T09:48:16.6145969Z 
2026-10-06T09:48:16.6146204Z test result: ok. 2 passed; 0 failed; 0 ignored; 0 measured; 0 filtered out; finished in 0.03s
2026-10-06T09:48:16.6146432Z 
2026-10-06T09:48:16.6153698Z [1m[92m     Running[0m tests/tag_rendering.rs (target/debug/deps/tag_rendering-0820c890978258d1)
2026-10-06T09:48:16.6165458Z 
2026-10-06T09:48:16.6165574Z running 1 test
2026-10-06T09:48:16.6173625Z test tags_render_as_the_reference_renders_them ... ok
2026-10-06T09:48:16.6173932Z 
2026-10-06T09:48:16.6174114Z test result: ok. 1 passed; 0 failed; 0 ignored; 0 measured; 0 filtered out; finished in 0.00s
2026-10-06T09:48:16.6174306Z 
2026-10-06T09:48:16.6176252Z [1m[92m     Running[0m tests/watcher_checker.rs (target/debug/deps/watcher_checker-d834b887e760c8d7)
2026-10-06T09:48:16.6186451Z 
2026-10-06T09:48:16.6186556Z running 2 tests
2026-10-06T09:48:16.6188518Z test the_same_checker_options_change_nothing ... ok
2026-10-06T09:48:16.6193087Z test checker_options_set_on_a_watcher_act_as_the_references ... ok
2026-10-06T09:48:16.6193333Z 
2026-10-06T09:48:16.6193558Z test result: ok. 2 passed; 0 failed; 0 ignored; 0 measured; 0 filtered out; finished in 0.00s
2026-10-06T09:48:16.6193926Z 
2026-10-06T09:48:16.6197494Z [1m[92m     Running[0m unittests src/lib.rs (target/debug/deps/hydrus_download-719e6038deb07182)
2026-10-06T09:48:16.6214970Z 
2026-10-06T09:48:16.6215065Z running 16 tests
2026-10-06T09:48:16.6220305Z test export::tests::paths_normalise_as_python_normalises_them ... ok
2026-10-06T09:48:16.6223169Z test folders::tests::integers_parse_as_python_parses_them ... ok
2026-10-06T09:48:16.6901805Z test popups::tests::completed_deadline_survives_producer_drop_and_uses_strict_stored_boundary ... ok
2026-10-06T09:48:16.6917240Z test popups::tests::a_working_popup_says_what_its_downloads_importer_says_after_a_prefix ... ok
2026-10-06T09:48:16.7261168Z test popups::tests::concurrent_pollers_cannot_overtake_a_reentrant_callable_removal ... ok
2026-10-06T09:48:16.7362496Z test popups::tests::current_callable_is_reentrant_and_removal_invalidates_later_queued_calls ... ok
2026-10-06T09:48:16.7737900Z test popups::tests::gui_retirement_during_the_first_callable_invalidates_later_claimed_calls ... ok
2026-10-06T09:48:16.7784275Z test seeds::timestamp_editor_tests::recorded_saved_timestamp_parser_and_date_conversion_reach_actual_file_seeds ... ok
2026-10-06T09:48:16.8173482Z test subscriptions::tests::manager_admission_replays_reference_due_pause_live_limits_and_single_flight ... ok
2026-10-06T09:48:16.8178697Z test subscriptions::tests::outer_typed_exception_budget_replays_recorded_classes_and_reset ... ok
2026-10-06T09:48:16.8179478Z test subscriptions::tests::presented_files_are_labelled_as_the_reference_labels_them ... ok
2026-10-06T09:48:16.8188085Z test work_slots::tests::capacities_keep_running_counts_across_reference_lower_raise_and_release ... ok
2026-10-06T09:48:16.8189557Z test work_slots::tests::independent_categories_and_aborted_owners_release_only_their_permit ... ok
2026-10-06T09:48:16.9516478Z test popups::tests::a_working_popup_keeps_the_store_up_to_date_and_hears_a_cancel ... ok
2026-10-06T09:48:17.0227443Z test popups::tests::finished_callable_dispatches_between_independent_store_handles_and_releases_its_owner ... ok
2026-10-06T09:48:17.4413677Z test popups::tests::a_callable_added_after_finish_restarts_the_single_weak_poller ... ok
2026-10-06T09:48:17.4414193Z 
2026-10-06T09:48:17.4414459Z test result: ok. 16 passed; 0 failed; 0 ignored; 0 measured; 0 filtered out; finished in 0.82s
2026-10-06T09:48:17.4414765Z 
2026-10-06T09:48:17.4429349Z [1m[92m     Running[0m tests/export_folder.rs (target/debug/deps/export_folder-fd9119514f499d37)
2026-10-06T09:48:17.4448878Z 
2026-10-06T09:48:17.4448971Z running 1 test
2026-10-06T09:48:17.5502627Z test export_folders_do_what_the_reference_did ... ok
2026-10-06T09:48:17.5502821Z 
2026-10-06T09:48:17.5503022Z test result: ok. 1 passed; 0 failed; 0 ignored; 0 measured; 0 filtered out; finished in 0.11s
2026-10-06T09:48:17.5503225Z 
2026-10-06T09:48:17.5511767Z [1m[92m     Running[0m tests/folder_activity.rs (target/debug/deps/folder_activity-1953ae6de1ce1590)
2026-10-06T09:48:17.5537559Z 
2026-10-06T09:48:17.5537644Z running 2 tests
2026-10-06T09:48:17.5836959Z test successful_manager_apply_resets_due_cache_but_cancel_does_not ... ok
2026-10-06T09:48:17.6431371Z test active_import_finishes_its_commit_before_the_manager_reads_and_stops_before_next_seed ... ok
2026-10-06T09:48:17.6431636Z 
2026-10-06T09:48:17.6432021Z test result: ok. 2 passed; 0 failed; 0 ignored; 0 measured; 0 filtered out; finished in 0.09s
2026-10-06T09:48:17.6432221Z 
2026-10-06T09:48:17.6443589Z [1m[92m     Running[0m tests/import_folder.rs (target/debug/deps/import_folder-9facbabf5cc68cea)
2026-10-06T09:48:17.6469767Z 
2026-10-06T09:48:17.6469874Z running 1 test
2026-10-06T09:48:18.0638497Z test an_import_folder_does_what_the_reference_did ... ok
2026-10-06T09:48:18.0638966Z 
2026-10-06T09:48:18.0639125Z test result: ok. 1 passed; 0 failed; 0 ignored; 0 measured; 0 filtered out; finished in 0.42s
2026-10-06T09:48:18.0639325Z 
2026-10-06T09:48:18.0650496Z [1m[92m     Running[0m tests/local_import.rs (target/debug/deps/local_import-562283ad56ca1cb7)
2026-10-06T09:48:18.0675881Z 
2026-10-06T09:48:18.0675973Z running 2 tests
2026-10-06T09:48:18.3779152Z test saved_existing_tag_filter_reaches_real_file_importer_for_parsed_and_additional_tags ... ok
2026-10-06T09:48:18.5217568Z test a_local_import_imports_its_files ... ok
2026-10-06T09:48:18.5217814Z 
2026-10-06T09:48:18.5217988Z test result: ok. 2 passed; 0 failed; 0 ignored; 0 measured; 0 filtered out; finished in 0.45s
2026-10-06T09:48:18.5218191Z 
2026-10-06T09:48:18.5234477Z [1m[92m     Running[0m tests/simple_downloader.rs (target/debug/deps/simple_downloader-b96d8144d503307d)
2026-10-06T09:48:18.5259462Z 
2026-10-06T09:48:18.5259552Z running 1 test
2026-10-06T09:48:24.6229149Z test a_simple_downloader_parses_its_pages_for_files ... ok
2026-10-06T09:48:24.6229446Z 
2026-10-06T09:48:24.6229685Z test result: ok. 1 passed; 0 failed; 0 ignored; 0 measured; 0 filtered out; finished in 6.10s
2026-10-06T09:48:24.6230004Z 
2026-10-06T09:48:24.6242702Z [1m[92m     Running[0m tests/subscriptions.rs (target/debug/deps/subscriptions-add8ba1c743d82c6)
2026-10-06T09:48:24.6268922Z 
2026-10-06T09:48:24.6269222Z running 11 tests
2026-10-06T09:48:24.7150153Z test a_subscription_with_no_import_destination_waits_out_its_error_delay ... ok
2026-10-06T09:48:24.7517814Z test a_subscription_without_its_downloader_pauses ... ok
2026-10-06T09:48:24.8105740Z test a_subscription_syncs_catches_up_and_downloads ... ok
2026-10-06T09:48:26.1236037Z test a_subscription_shows_what_it_does_in_a_popup_which_can_cancel_it ... ok
2026-10-06T09:48:27.8570374Z test handled_http_and_missing_file_failures_do_not_spend_the_outer_error_budget ... ok
2026-10-06T09:48:29.1183661Z test a_subscription_stops_when_its_bandwidth_runs_out ... ok
2026-10-06T09:48:29.8613953Z test subscription_runner_bounds_real_http_overlap_and_reloads_live_limit ... ok
2026-10-06T09:48:29.9508709Z test subscriptions_wait_while_paused_globally ... ok
2026-10-06T09:48:30.1984141Z test subscription_runner_cancels_selected_peer_and_joins_all_on_shutdown ... ok
2026-10-06T09:48:34.8576541Z test escaped_query_tag_errors_count_across_queries_delay_persist_and_reset_next_run ... ok
2026-10-06T09:48:41.2035663Z test none_disables_abandonment_for_real_escaped_store_failures ... ok
2026-10-06T09:48:41.2038892Z 
2026-10-06T09:48:41.2039268Z test result: ok. 11 passed; 0 failed; 0 ignored; 0 measured; 0 filtered out; finished in 16.58s
2026-10-06T09:48:41.2039627Z 
2026-10-06T09:48:41.2066508Z [1m[92m     Running[0m tests/url_queue.rs (target/debug/deps/url_queue-4cfc93f519303c85)
2026-10-06T09:48:41.2091367Z 
2026-10-06T09:48:41.2094743Z running 11 tests
2026-10-06T09:48:41.3290589Z test a_refusal_from_a_site_hydrus_logged_in_to_says_why ... ok
2026-10-06T09:48:41.3323918Z test a_queue_with_no_import_destination_pauses_its_files ... ok
2026-10-06T09:48:41.4271032Z test existing_downloader_uses_edited_parser_and_new_link_after_reload ... ok
2026-10-06T09:48:41.4412846Z test a_gallery_url_in_a_url_queue_queues_its_posts ... ok
2026-10-06T09:48:41.5307223Z test missing_files_download_again_in_their_own_queue ... ok
2026-10-06T09:48:41.6769596Z test a_url_queue_downloads_posts_and_files ... ok
2026-10-06T09:48:42.4893358Z test files_import_while_later_gallery_pages_are_read ... ok
2026-10-06T09:48:42.6322046Z test running_gallery_searches_pick_up_capacity_growth_and_release_on_error ... ok
2026-10-06T09:48:43.1155492Z test queues_wait_while_their_downloads_are_paused_globally ... ok
2026-10-06T09:48:43.6057151Z test running_file_queues_keep_limits_when_lowered_and_release_on_cancel_or_owner_close ... ok
2026-10-06T09:48:44.4587205Z test a_file_that_fails_does_not_hold_up_the_rest_of_its_queue ... ok
2026-10-06T09:48:44.4589908Z 
2026-10-06T09:48:44.4590498Z test result: ok. 11 passed; 0 failed; 0 ignored; 0 measured; 0 filtered out; finished in 3.25s
2026-10-06T09:48:44.4590899Z 
2026-10-06T09:48:44.4621006Z [1m[92m     Running[0m tests/watchers.rs (target/debug/deps/watchers-4e881ee2f9ba51c0)
2026-10-06T09:48:44.4645838Z 
2026-10-06T09:48:44.4648012Z running 2 tests
2026-10-06T09:48:44.8019042Z test watcher_checks_share_their_own_live_capacity_and_owner_close_releases_it ... ok
2026-10-06T09:48:44.8658588Z test a_watcher_follows_a_thread_until_it_404s ... ok
2026-10-06T09:48:44.8658829Z 
2026-10-06T09:48:44.8660686Z test result: ok. 2 passed; 0 failed; 0 ignored; 0 measured; 0 filtered out; finished in 0.40s
2026-10-06T09:48:44.8662351Z 
2026-10-06T09:48:44.8675875Z [1m[92m     Running[0m unittests src/lib.rs (target/debug/deps/hydrus_downloader_exchange-387aa4339aba58a5)
2026-10-06T09:48:44.8686707Z 
2026-10-06T09:48:44.8686860Z running 0 tests
2026-10-06T09:48:44.8690039Z 
2026-10-06T09:48:44.8692126Z test result: ok. 0 passed; 0 failed; 0 ignored; 0 measured; 0 filtered out; finished in 0.00s
2026-10-06T09:48:44.8692401Z 
2026-10-06T09:48:44.8694587Z [1m[92m     Running[0m tests/external_calls.rs (target/debug/deps/external_calls-db71cefa47fd1380)
2026-10-06T09:48:44.8698904Z 
2026-10-06T09:48:44.8700901Z running 2 tests
2026-10-06T09:48:44.8712387Z test import_rejects_wrong_classes_and_mixed_invalid_packages_before_staging_any_call ... ok
2026-10-06T09:48:44.8721644Z test actual_qt_callable_exports_and_manager_round_trip_without_losing_identity_or_process_options ... ok
2026-10-06T09:48:44.8724150Z 
2026-10-06T09:48:44.8724387Z test result: ok. 2 passed; 0 failed; 0 ignored; 0 measured; 0 filtered out; finished in 0.00s
2026-10-06T09:48:44.8726734Z 
2026-10-06T09:48:44.8727350Z [1m[92m     Running[0m tests/import_options.rs (target/debug/deps/import_options-7b4903190ee4496d)
2026-10-06T09:48:44.8735227Z 
2026-10-06T09:48:44.8735419Z running 2 tests
2026-10-06T09:48:44.8761593Z test wrong_objects_and_future_versions_are_rejected ... ok
2026-10-06T09:48:44.8791361Z test recorded_containers_round_trip_all_native_fields_and_pngs ... ok
2026-10-06T09:48:44.8793972Z 
2026-10-06T09:48:44.8794322Z test result: ok. 2 passed; 0 failed; 0 ignored; 0 measured; 0 filtered out; finished in 0.01s
2026-10-06T09:48:44.8794679Z 
2026-10-06T09:48:44.8797157Z [1m[92m     Running[0m tests/interchange.rs (target/debug/deps/interchange-7c501c96060a5a65)
2026-10-06T09:48:44.8809529Z 
2026-10-06T09:48:44.8809683Z running 12 tests
2026-10-06T09:48:44.8815095Z test formula_metadata_survives_native_serialization_and_edits_take_precedence ... ok
2026-10-06T09:48:44.8819528Z test malformed_old_versions_return_errors_before_any_package_can_be_staged ... ok
2026-10-06T09:48:44.8839026Z test date_conversions_keep_reference_codes_through_definition_exchange ... ok
2026-10-06T09:48:44.8841643Z test old_plain_json_png_is_still_importable ... ok
2026-10-06T09:48:44.8975156Z test authored_static_formulas_roundtrip ... ok
2026-10-06T09:48:44.9005857Z test older_formats_upgrade_or_reject_without_partial_packages ... ok
2026-10-06T09:48:44.9117294Z test registered_mixed_login_package_preserves_json_png_rules_and_rejects_partial_decoding ... ok
2026-10-06T09:48:44.9157280Z test selected_processing_steps_match_qt_clipboard_and_png_exports ... ok
2026-10-06T09:48:44.9227597Z test subsidiary_contexts_follow_stable_page_keys_when_children_are_sorted_and_renamed ... ok
2026-10-06T09:48:44.9291975Z test malformed_png_and_compression_never_allocate_unbounded_data ... ok
2026-10-06T09:48:44.9333949Z test reference_json_and_real_png_roundtrip_without_losing_subsidiary_or_editor_data ... ok
2026-10-06T09:48:45.1260260Z test maximum_documented_definition_count_roundtrips_and_the_next_one_is_rejected ... ok
2026-10-06T09:48:45.1260759Z 
2026-10-06T09:48:45.1261039Z test result: ok. 12 passed; 0 failed; 0 ignored; 0 measured; 0 filtered out; finished in 0.24s
2026-10-06T09:48:45.1264192Z 
2026-10-06T09:48:45.1272152Z [1m[92m     Running[0m tests/logins.rs (target/debug/deps/logins-6694205e2d660d71)
2026-10-06T09:48:45.1286182Z 
2026-10-06T09:48:45.1286350Z running 3 tests
2026-10-06T09:48:45.1313660Z test native_veto_default_matcher_uses_python_constructor_empty_match_value ... ok
2026-10-06T09:48:45.1330699Z test login_validation_matches_python_and_rejects_mixed_packages_atomically ... ok
2026-10-06T09:48:45.1351914Z test login_scripts_preserve_reference_fields_and_upgrade_cookie_names ... ok
2026-10-06T09:48:45.1352192Z 
2026-10-06T09:48:45.1354405Z test result: ok. 3 passed; 0 failed; 0 ignored; 0 measured; 0 filtered out; finished in 0.01s
2026-10-06T09:48:45.1354685Z 
2026-10-06T09:48:45.1360309Z [1m[92m     Running[0m tests/routers.rs (target/debug/deps/routers-02bff1b84c1c63a6)
2026-10-06T09:48:45.1369470Z 
2026-10-06T09:48:45.1371402Z running 3 tests
2026-10-06T09:48:45.1417491Z test router_exchange_rejects_incompatible_or_lossy_packages_atomically ... ok
2026-10-06T09:48:45.1470520Z test recorded_router_queues_preserve_editor_fields_and_reference_png ... ok
2026-10-06T09:48:45.1474022Z test inspected_packages_preserve_routers_with_recognised_other_objects ... ok
2026-10-06T09:48:45.1476206Z 
2026-10-06T09:48:45.1476448Z test result: ok. 3 passed; 0 failed; 0 ignored; 0 measured; 0 filtered out; finished in 0.01s
2026-10-06T09:48:45.1478534Z 
2026-10-06T09:48:45.1482913Z [1m[92m     Running[0m tests/seed_caches.rs (target/debug/deps/seed_caches-26026f4ceba054aa)
2026-10-06T09:48:45.1497084Z 
2026-10-06T09:48:45.1497315Z running 2 tests
2026-10-06T09:48:45.1792450Z test unsafe_or_malformed_history_fails_explicitly_without_truncating_a_package ... ok
2026-10-06T09:48:45.1810087Z test historical_cache_versions_replay_exact_qt_history_headers_and_list_exports ... ok
2026-10-06T09:48:45.1810843Z 
2026-10-06T09:48:45.1812740Z test result: ok. 2 passed; 0 failed; 0 ignored; 0 measured; 0 filtered out; finished in 0.03s
2026-10-06T09:48:45.1813231Z 
2026-10-06T09:48:45.1815014Z [1m[92m     Running[0m tests/subscription_import.rs (target/debug/deps/subscription_import-b92417f73e019e86)
2026-10-06T09:48:45.1831038Z 
2026-10-06T09:48:45.1831219Z running 2 tests
2026-10-06T09:48:45.1939051Z test recorded_nested_packages_warn_after_preserving_complete_permitted_objects ... ok
2026-10-06T09:48:45.1958571Z test future_nested_objects_and_limits_fail_before_any_list_objects_are_returned ... ok
2026-10-06T09:48:45.1961142Z 
2026-10-06T09:48:45.1961476Z test result: ok. 2 passed; 0 failed; 0 ignored; 0 measured; 0 filtered out; finished in 0.01s
2026-10-06T09:48:45.1963834Z 
2026-10-06T09:48:45.1967709Z [1m[92m     Running[0m tests/subscriptions.rs (target/debug/deps/subscriptions-fbd358f0c7160a5e)
2026-10-06T09:48:45.1983610Z 
2026-10-06T09:48:45.1983925Z running 4 tests
2026-10-06T09:48:45.2076942Z test subscription_exchange_reports_missing_logs_and_rejects_invalid_packages_atomically ... ok
2026-10-06T09:48:45.2107151Z test malformed_and_unsupported_legacy_subscriptions_fail_without_reducing_history ... ok
2026-10-06T09:48:45.2145382Z test actual_subscription_clipboard_and_png_retain_settings_headers_and_both_histories ... ok
2026-10-06T09:48:45.2305988Z test actual_legacy_subscription_list_imports_match_converted_settings_histories_and_caches ... ok
2026-10-06T09:48:45.2306493Z 
2026-10-06T09:48:45.2306917Z test result: ok. 4 passed; 0 failed; 0 ignored; 0 measured; 0 filtered out; finished in 0.03s
2026-10-06T09:48:45.2309241Z 
2026-10-06T09:48:45.2312185Z [1m[92m     Running[0m tests/subsidiaries.rs (target/debug/deps/subsidiaries-4904721ab2dda0e0)
2026-10-06T09:48:45.2328426Z 
2026-10-06T09:48:45.2328656Z running 2 tests
2026-10-06T09:48:45.2361013Z test incompatible_or_unsupported_subsidiary_packages_are_rejected_before_staging ... ok
2026-10-06T09:48:45.2379038Z test real_reference_subsidiary_clipboard_and_png_preserve_recursive_wrappers ... ok
2026-10-06T09:48:45.2381401Z 
2026-10-06T09:48:45.2381599Z test result: ok. 2 passed; 0 failed; 0 ignored; 0 measured; 0 filtered out; finished in 0.00s
2026-10-06T09:48:45.2381881Z 
2026-10-06T09:48:45.2386198Z [1m[92m     Running[0m unittests src/lib.rs (target/debug/deps/hydrus_duplicates-f806fe1a8c0b0c26)
2026-10-06T09:48:45.2406997Z 
2026-10-06T09:48:45.2409368Z running 1 test
2026-10-06T09:48:48.2752935Z test content::timeout_tests::retained_store_content_reads_new_policy_before_real_psd_decode ... ok
2026-10-06T09:48:48.2753488Z 
2026-10-06T09:48:48.2753905Z test result: ok. 1 passed; 0 failed; 0 ignored; 0 measured; 0 filtered out; finished in 3.03s
2026-10-06T09:48:48.2756189Z 
2026-10-06T09:48:48.2760359Z [1m[92m     Running[0m tests/comparison_statements.rs (target/debug/deps/comparison_statements-97492e819404a905)
2026-10-06T09:48:48.2785220Z 
2026-10-06T09:48:48.2785569Z running 2 tests
2026-10-06T09:48:49.9218068Z test statements_about_the_basic_files_match ... ok
2026-10-06T09:49:00.9736402Z test statements_about_the_duplicate_families_match ... ok
2026-10-06T09:49:00.9736729Z 
2026-10-06T09:49:00.9738996Z test result: ok. 2 passed; 0 failed; 0 ignored; 0 measured; 0 filtered out; finished in 12.69s
2026-10-06T09:49:00.9739244Z 
2026-10-06T09:49:00.9764803Z [1m[92m     Running[0m tests/reference_run.rs (target/debug/deps/reference_run-2694956df5c27669)
2026-10-06T09:49:00.9789822Z 
2026-10-06T09:49:00.9790057Z running 2 tests
2026-10-06T09:49:01.0935594Z test a_migrated_database_keeps_the_rules_progress ... ok
2026-10-06T09:49:14.4689986Z test rules_do_what_the_reference_did ... ok
2026-10-06T09:49:14.4693696Z 
2026-10-06T09:49:14.4697655Z test result: ok. 2 passed; 0 failed; 0 ignored; 0 measured; 0 filtered out; finished in 13.49s
2026-10-06T09:49:14.4698105Z 
2026-10-06T09:49:14.4706695Z [1m[92m     Running[0m unittests src/lib.rs (target/debug/deps/hydrus_gui-8e8f063189cac771)
2026-10-06T09:49:14.4789241Z 
2026-10-06T09:49:14.4789534Z running 92 tests
2026-10-06T09:49:14.5779851Z test animation::tests::ugoira_initial_timestamp_and_impossible_reader_request_release_on_stop ... ok
2026-10-06T09:49:14.6028407Z test animation::tests::saved_initial_seek_uses_previous_metadata_and_rejects_held_pre_seek_pixels ... ok
2026-10-06T09:49:14.6355282Z test client_exit::tests::a_retained_old_timer_and_close_callback_cannot_finish_the_new_question ... ok
2026-10-06T09:49:14.6895709Z test client_exit::tests::retired_maintenance_children_cannot_register_or_finish_successor_exit ... ok
2026-10-06T09:49:14.6899358Z test daemon::tests::fake_daemon ... ignored, run by the other tests, as a daemon
2026-10-06T09:49:14.6978436Z 
2026-10-06T09:49:14.6981731Z running 1 test
2026-10-06T09:49:14.7001820Z test client_exit::tests::maintenance_cancel_and_native_close_abort_exit_but_no_and_timeout_continue_once ... ok
2026-10-06T09:49:15.0129990Z test daemon::tests::kills_one_that_does_not_stop ... ok
2026-10-06T09:49:15.0212106Z 
2026-10-06T09:49:15.0214861Z running 1 test
2026-10-06T09:49:15.0334797Z .
2026-10-06T09:49:15.0337133Z test result: ok. 1 passed; 0 failed; 0 ignored; 0 measured; 91 filtered out; finished in 0.01s
2026-10-06T09:49:15.0339871Z 
2026-10-06T09:49:15.0537667Z test daemon::tests::leaves_one_started_on_its_own_and_takes_over_when_it_stops ... ok
2026-10-06T09:49:15.0540430Z test daemon::tests::says_so_when_there_is_no_program_to_start ... ok
2026-10-06T09:49:15.0544314Z test daemon::tests::says_why_the_daemon_or_its_client_api_isnt_running ... ok
2026-10-06T09:49:15.0619885Z 
2026-10-06T09:49:15.0622713Z running 1 test
2026-10-06T09:49:15.0828584Z 
2026-10-06T09:49:15.0829226Z running 1 test
2026-10-06T09:49:15.0952158Z test daemon::tests::says_why_its_own_failed_and_waits_to_be_asked_again ... ok
2026-10-06T09:49:15.1055129Z 
2026-10-06T09:49:15.1055648Z running 1 test
2026-10-06T09:49:15.1158991Z .
2026-10-06T09:49:15.1167090Z test result: ok. 1 passed; 0 failed; 0 ignored; 0 measured; 91 filtered out; finished in 0.01s
2026-10-06T09:49:15.1167499Z 
2026-10-06T09:49:15.1363381Z test daemon::tests::starts_one_while_none_runs_and_stops_it_on_closing ... ok
2026-10-06T09:49:15.1881281Z test file_maintenance_new::tests::native_accepted_add_queued_behind_writer_is_cancelled_by_tab_retirement ... ok
2026-10-06T09:49:15.6034272Z test file_maintenance_new::tests::native_small_add_after_close_or_final_bound_drop_cannot_write_but_fresh_add_can ... ok
2026-10-06T09:49:15.6785704Z test animation::tests::an_animation_plays_through_and_may_stop_at_its_end ... ok
2026-10-06T09:49:15.6850526Z test file_maintenance_new::tests::native_new_confirmation_close_hidden_replacement_and_reopen_reach_only_current_queue ... ok
2026-10-06T09:49:15.6858834Z test gallery::tests::a_searchs_row_as_the_reference_shows_it ... ok
2026-10-06T09:49:15.6861844Z test gallery::tests::a_searchs_status_as_the_reference_reckons_it ... ok
2026-10-06T09:49:15.6884671Z test gallery::tests::formatting_reaches_gallery_added_rows_without_changing_import_state ... ok
2026-10-06T09:49:15.6885460Z test gallery::tests::live_lines_as_the_reference_writes_them ... ok
2026-10-06T09:49:15.6889327Z test gallery::tests::the_downloaders_offered ... ok
2026-10-06T09:49:15.6891948Z test gallery::tests::the_list_sorts_by_each_column ... ok
2026-10-06T09:49:15.6894657Z test gallery::tests::the_pages_progress_and_close_question ... ok
2026-10-06T09:49:15.6920672Z test gallery::tests::the_pages_totals ... ok
2026-10-06T09:49:15.8154108Z test grid::cache_regressions::blurhash_apply_rejects_held_result_but_paint_only_changes_preserve_admission ... ok
2026-10-06T09:49:15.8245148Z test filter_window::image_cache_tests::current_pair_pixels_survive_cache_shrink_but_navigation_cannot_reuse_an_evicted_future_copy ... ok
2026-10-06T09:49:15.9504811Z test grid::cache_regressions::clear_scale_roundtrip_settings_and_retirement_reject_held_decodes ... ok
2026-10-06T09:49:15.9555725Z test grid::cache_regressions::receive_maintains_idle_cache_and_counts_missing_thumbnails ... ok
2026-10-06T09:49:15.9614757Z test image_cache::tests::actual_qt_pending_estimate_uses_full_unknown_resolution_fallback ... ok
2026-10-06T09:49:16.0024551Z test image_cache::retirement_tests::retired_pending_renderer_completes_external_source_without_repopulating_owner ... ok
2026-10-06T09:49:16.0190495Z test image_cache::tests::changed_resolution_replaces_cached_source_without_invalidating_external_presentation ... ok
2026-10-06T09:49:16.0453435Z test image_cache::tests::current_render_uses_ready_shared_pixels_but_never_waits_on_a_held_warm_renderer ... ok
2026-10-06T09:49:16.0498034Z test image_cache::tests::held_failed_old_renderer_cleanup_does_not_remove_successor_and_excluded_images_redraw ... ok
2026-10-06T09:49:16.0822599Z test image_cache::tests::late_old_icc_decode_cannot_replace_new_renderer_or_revive_retired_admission ... ok
2026-10-06T09:49:16.0826051Z test image_cache::tests::pending_owner_validity_does_not_hold_the_renderer_lock_against_current_lookup ... ok
2026-10-06T09:49:16.0832745Z test import_window::tests::typed_paths_lose_their_quotes_and_spaces ... ok
2026-10-06T09:49:16.0834820Z test options_gui_colours::tests::clipboard_hex_acceptance_matches_actual_qt_cases ... ok
2026-10-06T09:49:16.1149676Z test image_cache::tests::shared_pending_decode_has_one_estimate_and_access_updates_loaded_bytes ... ok
2026-10-06T09:49:16.1446481Z test options_media_views::tests::media_children_retire_stale_callbacks_and_stage_only_current_apply ... ok
2026-10-06T09:49:16.1447869Z test page::tests::closing_asks_while_importing_and_when_full_if_the_option_says ... ok
2026-10-06T09:49:16.1448509Z test playback::tests::a_file_plays_through_and_may_stop_at_its_end ... ok
2026-10-06T09:49:16.1449114Z test playback::tests::finite_gif_loop_metadata_reaches_the_existing_mpv_player ... ok
2026-10-06T09:49:16.1452003Z test popups::tests::a_popup_shows_as_the_reference_s ... ok
2026-10-06T09:49:16.1465735Z test popups::tests::actual_qt_action_visibility_labels_and_question_cutoff_replay ... ok
2026-10-06T09:49:16.1475274Z test popups::tests::long_text_shows_its_start ... ok
2026-10-06T09:49:16.1482046Z test popups::tests::popup_download_precision_replays_actual_network_control_output ... ok
2026-10-06T09:49:16.1484280Z test popups::tests::ten_show_and_the_line_counts_them_all ... ok
2026-10-06T09:49:16.1740062Z test options_media_views::tests::options_apply_waits_for_current_media_child_to_close ... ok
2026-10-06T09:49:16.1745458Z test preview_window::worker_tests::idle_preview_workers_do_not_retain_the_store ... ok
2026-10-06T09:49:16.1748981Z test quick_export_directory::tests::explicit_empty_home_wins_and_account_lookup_only_runs_for_absent_home ... ok
2026-10-06T09:49:16.1749679Z test session_autosave::pointer_tests::native_motion_targets_one_window_and_releases_dead_viewers ... ok
2026-10-06T09:49:16.1750174Z test slideshow::tests::a_slideshow_moves_on_once_its_period_has_passed ... ok
2026-10-06T09:49:16.1750822Z test slideshow::tests::custom_periods_read_as_the_reference_reads_them ... ok
2026-10-06T09:49:16.1751295Z test slideshow::tests::files_with_durations_bend_the_period ... ok
2026-10-06T09:49:16.1751733Z test slideshow::tests::the_menu_offers_what_the_slideshow_can_do ... ok
2026-10-06T09:49:16.1752183Z test slideshow::tests::the_special_periods_as_the_reference_bends_them ... ok
2026-10-06T09:49:16.2015120Z test preview_window::worker_tests::retiring_pool_drops_queued_decoder_and_releases_running_store_after_decode ... ok
2026-10-06T09:49:16.2034183Z test tests::file_urls_are_escaped ... ok
2026-10-06T09:49:16.2064270Z test thumbnail_menu::tests::rearranging_moves_as_the_reference_s_lists_do ... ok
2026-10-06T09:49:16.2065248Z test thumbnail_menu::tests::the_rearrange_menu_offers_what_would_move ... ok
2026-10-06T09:49:16.2065938Z test thumbnail_menu::tests::the_urls_menu_lays_out_classes_as_the_reference_s ... ok
2026-10-06T09:49:16.2066455Z test thumbnail_menu::tests::urls_show_as_the_reference_shows_them ... ok
2026-10-06T09:49:16.2066984Z test thumbnails::tests::a_thumbnail_dpr_makes_them_show_smaller ... ok
2026-10-06T09:49:16.2078581Z test thumbnails::tests::a_thumbnail_turned_sideways_is_the_right_size ... ok
2026-10-06T09:49:16.2079299Z test thumbnails::tests::thumbnails_are_resampled_only_when_the_screen_needs_it ... ok
2026-10-06T09:49:16.2079996Z test thumbnails::tests::thumbnails_show_at_their_own_size_in_the_screens_pixels ... ok
2026-10-06T09:49:16.2465415Z test tag_sync_review_window::tests::retained_predecessors_cannot_remember_refresh_or_close_the_current_review ... ok
2026-10-06T09:49:16.2794640Z test vacuum_review_window::tests::closed_predecessor_cannot_close_or_vacuum_successor_or_another_store ... ok
2026-10-06T09:49:16.3499785Z test vacuum_review_window::tests::real_menu_main_hide_rebind_exit_and_last_bound_clone_retire_only_their_child ... ok
2026-10-06T09:49:16.4685388Z test vacuum_review_window::tests::visible_pending_eligible_confirmation_declines_and_runs_real_vacuum_once ... ok
2026-10-06T09:49:16.5736025Z test viewer_closing::tests::unowned_and_destroyed_originals_only_deliver_debug_to_a_live_main_owner ... ok
2026-10-06T09:49:16.5739952Z test viewer_menu::tests::the_volume_menu_follows_the_mutes ... ok
2026-10-06T09:49:16.5742953Z test viewer_menu::tests::zooms_read_as_the_reference_writes_them ... ok
2026-10-06T09:49:16.6051468Z test viewer_prefetch::tests::a_saved_candidate_display_action_change_invalidates_the_captured_pass ... ok
2026-10-06T09:49:16.6330352Z test vacuum_review_window::tests::pending_main_exit_blocks_vacuum_then_decline_admits_the_same_question ... ok
2026-10-06T09:49:16.6636079Z test viewer_prefetch::tests::actual_static_image_display_capabilities_filter_each_recorded_candidate_action ... ok
2026-10-06T09:49:16.6665413Z test viewer_prefetch::tests::finished_notifications_resume_the_same_captured_navigation_generation ... ok
2026-10-06T09:49:16.6975643Z test viewer_prefetch::tests::held_worker_coalesces_latest_request_and_retirement_discards_queued_work ... ok
2026-10-06T09:49:16.7085320Z test viewer_prefetch::tests::real_uncached_equality_decode_repeats_on_owned_readiness_and_retire_stops_it ... ok
2026-10-06T09:49:16.7114549Z test watcher::tests::a_watcher_just_added_or_entered_again_says_so_for_a_while ... ok
2026-10-06T09:49:16.7115247Z test watcher::tests::a_watcher_pages_totals_and_close_question ... ok
2026-10-06T09:49:16.7144300Z test watcher::tests::a_watchers_row_and_box_as_the_reference_shows_them ... ok
2026-10-06T09:49:16.7165059Z test watcher::tests::a_watchers_status_as_the_reference_reckons_it ... ok
2026-10-06T09:49:16.7165845Z test watcher::tests::formatting_reaches_watcher_rows_status_and_checker_without_changing_work_state ... ok
2026-10-06T09:49:16.7734159Z test viewer_prefetch::tests::waiting_on_another_pending_renderer_holds_no_store_and_ends_on_owner_drop ... ok
2026-10-06T09:49:16.7764814Z test write_tag_history::tests::caret_and_undo_boundaries_keep_new_typing_separate ... ok
2026-10-06T09:49:16.7783902Z test write_tag_history::tests::delete_direction_is_a_command_boundary_but_repeated_delete_coalesces ... ok
2026-10-06T09:49:16.8269273Z test filter_window::colour_tests::live_pair_switch_preferences_and_painter_replay_qt_then_retire ... ok
2026-10-06T09:49:16.8270082Z test windows::tests::opening_observer_and_batched_files_share_the_same_owned_filter ... ok
2026-10-06T09:49:16.8337874Z test zoom::resource_tests::an_unavailable_worker_keeps_the_original_image_and_stops_polling ... ok
2026-10-06T09:49:16.8862429Z test write_tag_menu::tests::seeded_relationship_child_apply_refresh_and_owner_close_discard_stale_actions ... ok
2026-10-06T09:49:20.4615208Z test animation::tests::animation_loop_preference_reaches_decoded_frames_and_live_playthrough_limits ... ok
2026-10-06T09:49:20.4615916Z 
2026-10-06T09:49:20.4616373Z test result: ok. 91 passed; 0 failed; 1 ignored; 0 measured; 0 filtered out; finished in 5.98s
2026-10-06T09:49:20.4616835Z 
2026-10-06T09:49:20.4679540Z [1m[92m     Running[0m unittests src/main.rs (target/debug/deps/hydrus_gui-46598ab616ae78bb)
2026-10-06T09:49:20.4701999Z 
2026-10-06T09:49:20.4702096Z running 2 tests
2026-10-06T09:49:20.4952026Z test tests::opening_a_new_store_holds_the_gui_lease ... ok
2026-10-06T09:49:21.4735228Z test tests::a_second_client_cannot_restore_or_consume_a_pending_request ... ok
2026-10-06T09:49:21.4735584Z 
2026-10-06T09:49:21.4735966Z test result: ok. 2 passed; 0 failed; 0 ignored; 0 measured; 0 filtered out; finished in 1.00s
2026-10-06T09:49:21.4736355Z 
2026-10-06T09:49:21.4745845Z [1m[92m     Running[0m tests/gui/main.rs (target/debug/deps/gui-fba538084af2929d)
2026-10-06T09:49:21.4842795Z 
2026-10-06T09:49:21.4843003Z running 697 tests
2026-10-06T09:49:21.6702117Z test active_predicates::dropping_hidden_components_releases_a_populated_editor_without_cancel_cycle ... ok
2026-10-06T09:49:21.7207410Z Slint: long callback/instantiation chain detected
2026-10-06T09:49:21.8201418Z test active_predicates::captured_menu_and_populated_child_cannot_edit_hidden_replaced_rebound_or_dropped_owners ... ok
2026-10-06T09:49:21.8455566Z test about::help_about_opens_the_about_window ... ok
2026-10-06T09:49:21.8932988Z test active_predicates::hidden_or_parent_reconciles_actual_system_and_nested_child_cancellation ... ok
2026-10-06T09:49:21.9599979Z test active_predicates::actual_existing_size_cancel_unchanged_and_edit_reach_reference_query_counts ... ok
2026-10-06T09:49:22.0641067Z test active_predicates::inherited_routes_refuse_hidden_question_child_page_and_retired_main_owners ... ok
2026-10-06T09:49:22.1255996Z test active_predicates::mixed_apply_is_atomic_and_hidden_cancel_rebind_preserve_all_original_terms ... ok
2026-10-06T09:49:22.1332107Z test active_predicates::mixed_same_family_panels_reopen_distinct_supplied_values_and_apply_both ... ok
2026-10-06T09:49:22.3044839Z test active_predicates::retained_or_system_child_does_not_keep_the_or_or_main_component_alive ... ok
2026-10-06T09:49:22.3055211Z test active_predicates::retained_populated_or_hidden_page_rebind_and_destroyed_main_cannot_publish ... ok
2026-10-06T09:49:22.4735563Z test active_predicates::populated_or_and_start_or_replay_all_ten_actual_qt_apply_cancel_shapes ... ok
2026-10-06T09:49:22.4971294Z Slint: long callback/instantiation chain detected
2026-10-06T09:49:22.8881541Z test active_predicates::real_inherited_menus_publish_exact_qt_clipboard_text_and_open_owned_pages ... ok
2026-10-06T09:49:22.9220812Z test animation_start::constructor_cancel_hidden_and_retired_controls_then_real_next_media_initial_seek ... ok
2026-10-06T09:49:23.1692533Z test archive_delete::the_archive_delete_filter_keeps_and_deletes ... ok
2026-10-06T09:49:23.4232700Z test api_update_toasts::real_checkbox_cancel_reopen_hidden_retired_and_concurrent_width_merge ... ok
2026-10-06T09:49:23.5585331Z test archive_delete_policies::retained_finish_cannot_write_after_its_main_owner_is_dropped ... ok
2026-10-06T09:49:23.6035088Z test api_update_toasts::actual_api_jobs_render_expire_and_preserve_retired_gui_incarnation ... ok
2026-10-06T09:49:23.7863667Z test archive_delete_policies::saved_all_domains_single_choice_and_forget_question_are_owned_across_rebind ... ok
2026-10-06T09:49:23.8309614Z test archive_delete_policies::staged_options_cancel_save_hidden_callbacks_and_reopen_reach_next_finish ... ok
2026-10-06T09:49:24.0635389Z test archive_repair::database_repair_has_owned_scan_population_questions_and_updates_real_media_on_reopen ... ok
2026-10-06T09:49:24.3699865Z test auto_resolution_review::a_failed_denial_keeps_pending_pairs_and_reports_the_error ... ok
2026-10-06T09:49:24.5200063Z test archive_delete_policies::actual_multiple_choices_refuse_early_commit_then_delete_only_selected_domain ... ok
2026-10-06T09:49:24.5715174Z test auto_resolution_preview::a_rules_pairs_are_previewed ... ok
2026-10-06T09:49:24.6528500Z test auto_resolution_review::a_pending_pair_is_approved_in_the_duplicate_filter ... ok
2026-10-06T09:49:25.0805121Z test auto_resolution_rules::a_rules_searches_location_is_chosen ... ok
2026-10-06T09:49:25.1066280Z test auto_resolution_review::pairs_are_approved_denied_and_undone_as_the_reference_does ... ok
2026-10-06T09:49:25.2554973Z test auto_resolution_rules::rules_are_added_edited_deleted_and_written ... ok
2026-10-06T09:49:25.2773976Z test autocomplete_tabs::literal_batches_and_empty_activation_preserve_typed_tags_query_and_or_history ... ok
2026-10-06T09:49:25.3878745Z test client_api_admin::cancellation_nested_ownership_permissions_and_key_validation ... ok
2026-10-06T09:49:25.4035261Z test client_api_admin::sorted_selection_crud_copy_base_url_persistence_and_stale_apply ... ok
2026-10-06T09:49:25.4901025Z test client_api_admin::supported_service_listener_fields_stage_cancel_and_persist ... ok
2026-10-06T09:49:25.5552197Z test client_exit::cancel_hidden_answer_and_accepted_close_respect_the_live_main_binding ... ok
2026-10-06T09:49:25.6675176Z test clipboard_urls::changes_route_to_open_importers_without_switching_pages ... ok
2026-10-06T09:49:25.7046129Z test clipboard_urls::clipboard_failure_is_a_global_message_and_toggling_retries_it ... ok
2026-10-06T09:49:25.7225411Z test autocomplete_tabs::read_batches_favourite_questions_write_drafts_and_owner_boundaries_replay_qt ... ok
2026-10-06T09:49:25.8456884Z test clipboard_urls::empty_nested_notebooks_select_their_first_child_and_keep_both_destinations_inside ... ok
2026-10-06T09:49:25.8958764Z test collect::a_page_opened_from_a_collected_page_collects_as_it_did ... ok
2026-10-06T09:49:25.9054289Z test clipboard_urls::independent_menu_switches_persist_on_reopen ... ok
2026-10-06T09:49:25.9917518Z test collect::a_session_page_keeps_how_it_collects ... ok
2026-10-06T09:49:26.0357732Z test collect::restoring_and_refreshing_searches_preserves_absent_and_explicit_collect_settings ... ok
2026-10-06T09:49:26.1095014Z test command_palette::asynchronous_calculator_ignores_page_threshold_and_activation_keeps_owner_open ... ok
2026-10-06T09:49:26.2250792Z test collect::the_collect_control_collects_the_page ... ok
2026-10-06T09:49:26.3575720Z test command_palette::ctrl_p_async_palette_launches_real_pages_favourites_and_main_menu_actions ... ok
2026-10-06T09:49:26.4150352Z test command_palette::media_provider_uses_the_actual_thumbnail_dispatcher_and_rejects_a_changed_page ... ok
2026-10-06T09:49:26.4336924Z test command_palette::palette_reopen_rejects_stale_callbacks_and_removed_providers_do_not_return ... ok
2026-10-06T09:49:26.4959167Z test command_palette::persisted_unicode_thresholds_reach_the_async_palette_after_reopening ... ok
2026-10-06T09:49:26.5025651Z test command_palette::saved_favourite_current_page_policy_and_provider_order_reach_a_reopened_palette ... ok
2026-10-06T09:49:26.6615807Z test database_maintenance::cancelled_dialog_callbacks_release_store_and_owner_before_thread_exit ... ok
2026-10-06T09:49:26.9091565Z test database_maintenance::current_service_choice_repairs_real_mappings_once_and_releases_previous_question ... ok
2026-10-06T09:49:27.1616393Z test database_maintenance::hidden_parent_rebind_last_bound_and_accepted_exit_retire_decisions ... ok
2026-10-06T09:49:28.0084361Z test database_maintenance::no_cancel_x_and_hidden_questions_cannot_write_or_displace_a_successor ... ok
2026-10-06T09:49:28.0366273Z test database_maintenance::cancelled_hidden_and_replaced_initial_or_service_choices_are_terminal ... ok
2026-10-06T09:49:28.1782686Z test debug_delayed_pages::background_delivery_preserves_the_open_choosers_frozen_notebook_and_anchor ... ok
2026-10-06T09:49:28.2449555Z test debug_delayed_pages::cancel_exit_preserves_query_but_accepted_exit_rebind_and_owner_drop_retire_requests ... ok
2026-10-06T09:49:28.4425981Z test debug_delayed_pages::pages_share_popup_deadlines_without_dropping_pruning_or_publication ... ok
2026-10-06T09:49:29.0096244Z test debug_delayed_popup::actual_menu_overlapping_deadlines_hidden_progress_store_reopen_and_rendered_cards ... ok
2026-10-06T09:49:29.1522350Z test debug_delayed_popup::long_text_updates_and_dismissal_do_not_starve_a_pending_delayed_popup ... ok
2026-10-06T09:49:29.3476150Z test debug_delayed_popup::pending_delayed_jobs_retire_permanently_on_accepted_exit_rebind_and_owner_destruction ... ok
2026-10-06T09:49:29.5251495Z test debug_delayed_pages::menu_snapshot_overlapping_hidden_delivery_current_notebook_and_real_query ... ok
2026-10-06T09:49:30.1664366Z test debug_fetch::hidden_children_close_cancel_rebind_final_bound_drop_and_main_drop_retire_owned_work ... ok
2026-10-06T09:49:30.6632930Z test collect::pages_collect_as_the_reference_s_pages_collect ... ok
2026-10-06T09:49:30.8032998Z test debug_fetch::ordinary_get_waits_for_saved_bandwidth_rules_and_popup_stop_cancels_before_any_http ... ok
2026-10-06T09:49:31.0690037Z test debug_fetch::overlapping_held_jobs_popup_stop_error_and_cancelled_save_have_real_consumers ... ok
2026-10-06T09:49:31.2035061Z test debug_long_popup::cloned_bound_keeps_deadlines_until_the_final_bound_owner_drops ... ok
2026-10-06T09:49:31.2513252Z test debug_long_popup::actual_menu_and_toaster_replay_every_recorded_deadline_and_durable_string ... ok
2026-10-06T09:49:31.3592887Z test debug_long_popup::dismissal_prunes_future_title_jobs_before_any_deadline_and_overlapping_runs_remain_owned ... ok
2026-10-06T09:49:31.4171340Z test debug_long_popup::hidden_launch_exit_cancel_rebind_bound_drop_and_main_destruction_have_distinct_lifetimes ... ok
2026-10-06T09:49:31.5122371Z Slint: long callback/instantiation chain detected
2026-10-06T09:49:31.5416271Z Slint: long callback/instantiation chain detected
2026-10-06T09:49:31.5924880Z Slint: long callback/instantiation chain detected
2026-10-06T09:49:31.6305011Z test debug_session_reload::hidden_new_launch_cancelled_exit_rebind_and_shared_final_drop_ownership ... ok
2026-10-06T09:49:31.6853406Z test debug_session_reload::actual_menu_snapshot_restores_order_resets_selection_and_keeps_closed_originals ... ok
2026-10-06T09:49:31.8470642Z test debug_session_reload::importer_logs_restore_with_new_queue_identity_and_paused_closed_owner ... ok
2026-10-06T09:49:31.9675497Z test downloader_definitions::domain_mask_modes_tester_and_selectable_previews_apply_cancel_and_reopen ... ok
2026-10-06T09:49:32.0126193Z test downloader_definitions::class_rules_apply_snapshot_roundtrip_and_cancel_safety ... ok
2026-10-06T09:49:32.0600656Z test downloader_definitions::full_domain_mask_owned_entries_questions_and_favourites_reach_persisted_consumers ... ok
2026-10-06T09:49:32.1324836Z test downloader_definitions::lifecycle_string_descendants_cancel_without_orphaning_definition_drafts ... ok
2026-10-06T09:49:32.1329218Z test debug_fetch::actual_menu_binary_save_decoded_clipboard_forget_cookie_headers_and_dismiss_deadline ... ok
2026-10-06T09:49:32.2057502Z test downloader_definitions::lifecycle_native_fields_disable_typing_until_child_closes ... ok
2026-10-06T09:49:32.2316590Z test downloader_display::questions_cancel_apply_reopen_sort_selection_and_render ... ok
2026-10-06T09:49:32.2795158Z test downloader_interchange::class_list_buttons_preserve_export_format_and_owner_cancel ... ok
2026-10-06T09:49:32.3247475Z test downloader_interchange::closing_a_sibling_definition_list_keeps_the_owning_import_open ... ok
2026-10-06T09:49:32.3495055Z test downloader_interchange::dropping_the_final_exchange_owner_hides_and_invalidates_a_retained_window_handle ... ok
2026-10-06T09:49:32.3790471Z test downloader_interchange::export_text_is_selectable_read_only_and_png_accepts_a_bare_relative_path ... ok
2026-10-06T09:49:32.4125304Z test downloader_definitions::single_nested_generators_roundtrip_delete_and_cancel ... ok
2026-10-06T09:49:32.4154852Z test downloader_interchange::formula_buttons_keep_imported_auxiliary_through_child_apply ... ok
2026-10-06T09:49:32.5646885Z test downloader_interchange::package_reviews_real_png_cancel_and_invalid_input_before_atomic_apply ... ok
2026-10-06T09:49:32.6119021Z test downloader_interchange::mixed_registered_login_package_reviews_png_selects_dependencies_and_reopens_saved_scripts ... ok
2026-10-06T09:49:32.6462898Z test downloader_interchange::parser_list_import_and_export_buttons_stage_until_owner_apply ... ok
2026-10-06T09:49:32.7554416Z test downloader_lists::a_gallery_pages_list_acts_on_its_selection_as_the_references ... ok
2026-10-06T09:49:32.7971492Z test downloader_lists::a_watcher_pages_list_acts_on_its_selection_as_the_references ... ok
2026-10-06T09:49:33.7392258Z test downloader_update_times::real_options_constructor_cancel_normalization_save_reopen_and_retained_cancel ... ok
2026-10-06T09:49:33.9978091Z test downloader_update_times::gallery_owned_timer_reads_rows_at_deadline_keeps_live_details_and_retires ... ok
2026-10-06T09:49:34.4716149Z test downloader_display::saved_choices_reach_existing_gallery_and_open_viewer ... ok
2026-10-06T09:49:34.9104189Z test duplicate_filter::decisions_wait_for_the_end_of_the_batch_and_can_be_undone ... ok
2026-10-06T09:49:34.9375825Z test duplicate_filter::duplicates_pages_kept_by_an_earlier_import_still_open ... ok
2026-10-06T09:49:35.0373416Z test downloader_update_times::watcher_owned_timer_reads_rows_at_deadline_keeps_live_details_and_retires ... ok
2026-10-06T09:49:35.4425166Z test duplicate_filter::group_mode_keeps_to_one_group ... ok
2026-10-06T09:49:35.5082320Z test duplicate_colours::options_replay_cancel_retired_apply_bounds_and_persisted_reopen ... ok
2026-10-06T09:49:35.6165184Z test duplicate_filter::small_batches_commit_themselves_until_no_pairs_are_left ... ok
2026-10-06T09:49:35.9295353Z test duplicate_filter::the_file_shown_is_the_one_decided_on ... ok
2026-10-06T09:49:36.1176363Z test duplicate_filter::viewing_statistics_switch_controls_actual_pair_navigation_and_cancelled_close ... ok
2026-10-06T09:49:36.2825373Z test duplicate_filter::the_filter_opens_from_a_duplicates_page_and_compares_the_pair ... ok
2026-10-06T09:49:36.5584362Z test duplicates_progress::actual_checkbox_relabels_visible_preparation_without_changing_work_and_future_pages_reopen_policy ... ok
2026-10-06T09:49:36.5643961Z test duplicates_page::the_sidebar_tabs_show_and_change_the_search_and_the_rules ... ok
2026-10-06T09:49:36.6927685Z test edit_subscription::advanced_quality_menu_reads_saved_logs_and_current_media_without_applying_drafts ... ok
2026-10-06T09:49:36.7983709Z test edit_subscription::the_dialog_edits_a_subscription_and_the_list_writes_it ... ok
2026-10-06T09:49:36.9035003Z test existing_tags_filter::existing_tag_filter_dialog_stages_enables_persists_and_retires_with_its_importer_owner ... ok
2026-10-06T09:49:37.0725015Z test export_files::export_files_menu_window_previews_confirmation_and_worker ... ok
2026-10-06T09:49:37.1476582Z test embedded_metadata::metadata_opens_from_thumbnails_and_viewer_and_copies_raw_values ... ok
2026-10-06T09:49:37.1884813Z test export_files::selected_export_tag_sidebar_copies_launches_native_pages_persists_favourites_and_closes ... ok
2026-10-06T09:49:37.2653547Z test export_files::shared_pattern_shortcuts_copy_without_editing_and_guard_closed_owners ... ok
2026-10-06T09:49:37.4476974Z test external_calls::actual_command_parameter_queue_buttons_keys_cancel_and_saved_argument_consumer ... ok
2026-10-06T09:49:37.4662463Z test external_calls::command_clipboard_exact_review_raw_rows_clean_copy_errors_and_owner_retirement ... ok
2026-10-06T09:49:37.5207214Z test external_calls::callable_command_child_apply_cancel_parent_staging_reopen_and_retired_owner ... ok
2026-10-06T09:49:37.6165992Z test external_calls::duplicate_warning_decline_keeps_unsorted_unselected_prefix_accept_finishes_and_retired_question_cannot_append ... ok
2026-10-06T09:49:37.6434184Z test external_calls::imported_reference_calls_review_cancel_and_saved_process_test_consumer ... ok
2026-10-06T09:49:37.7855184Z test external_calls::list_duplicate_defaults_delete_capture_and_options_persistence ... ok
2026-10-06T09:49:37.8291957Z test external_calls::reopened_saved_process_uses_real_editor_inputs_and_owned_test_call_worker ... ok
2026-10-06T09:49:37.9542719Z test external_calls::simple_delete_includes_os_launch_rows_but_cancel_and_closed_owner_do_not_change_saved_calls ... ok
2026-10-06T09:49:38.0294585Z test external_calls::parameter_queue_reverse_edit_and_real_key_origin_histories_match_actual_qt ... ok
2026-10-06T09:49:38.0705524Z test favourites::a_favourite_s_collect_collects_the_page ... ok
2026-10-06T09:49:38.0971992Z test favourite_search_editor::favourite_domain_sort_collect_and_autocomplete_widgets_reach_saved_searches ... ok
2026-10-06T09:49:38.1782298Z test favourites::searches_are_saved_and_added_as_the_reference_saves_and_adds_them ... ok
2026-10-06T09:49:38.1822877Z test favourites::a_favourite_search_loads_into_the_page ... ok
2026-10-06T09:49:38.2709212Z test favourites::the_dialogs_save_edit_and_delete_searches ... ok
2026-10-06T09:49:38.2873377Z test favourites::the_edit_dialog_asks_before_overwriting_as_the_reference_s ... ok
2026-10-06T09:49:38.2993089Z test favourites::the_edit_dialog_gives_back_what_the_reference_s_does ... ok
2026-10-06T09:49:38.3898881Z test favourites::the_manage_dialog_lists_them_as_the_reference_s ... ok
2026-10-06T09:49:38.3914494Z test favourites::the_star_button_s_menu_is_the_reference_s ... ok
2026-10-06T09:49:38.4302947Z test ffmpeg_timeout::retained_importer_tools_do_not_retain_their_isolated_store ... ok
2026-10-06T09:49:38.6260926Z test ffmpeg_timeout::visible_timeout_draft_survives_hidden_edits_and_reaches_the_live_reader ... ok
2026-10-06T09:49:38.9881838Z test file_history::history_frame_consumes_times_filters_and_ranges_without_touching_main_query_or_retired_owner ... ok
2026-10-06T09:49:39.1055563Z test file_log::advanced_object_export_and_renormalisation_confirm_before_collapsing_later_duplicates ... ok
2026-10-06T09:49:39.2207342Z test file_log::clipboard_import_persists_deduplicates_and_handles_empty_or_missing_text ... ok
2026-10-06T09:49:39.3452489Z test file_log::selected_url_search_opens_a_local_or_search_and_reaches_matching_files ... ok
2026-10-06T09:49:39.4838392Z test file_log::source_png_dialogs_cancel_validate_import_export_and_close_with_the_log ... ok
2026-10-06T09:49:39.6553335Z test file_log::the_file_log_lists_a_queues_files_and_acts_on_them ... ok
2026-10-06T09:49:39.8116480Z test ffmpeg_timeout::real_options_cancel_hidden_retired_save_reopen_bounds_and_independent_field ... ok
2026-10-06T09:49:39.8197836Z test file_maintenance_current::actual_missing_file_integrity_runner_hands_useful_url_to_the_owned_named_import_queue ... ok
2026-10-06T09:49:39.9236763Z test file_maintenance_current::named_redownload_preserves_current_and_reuses_named_page_instead_of_unrelated_url_importer ... ok
2026-10-06T09:49:40.0488616Z test file_maintenance_current::pending_exit_decline_and_accepted_exit_are_owned_boundaries_for_review_callbacks ... ok
2026-10-06T09:49:40.2244872Z test file_maintenance_current::captured_clear_while_force_waits_is_serviced_before_the_next_physical_batch ... ok
2026-10-06T09:49:40.3513234Z test file_maintenance_current::real_menu_selected_work_future_clear_and_owned_stale_callbacks ... ok
2026-10-06T09:49:40.4970102Z test file_maintenance_current::reopened_review_refetches_counts_without_inheriting_the_closed_selection ... ok
2026-10-06T09:49:40.6066279Z test file_maintenance_current::real_popup_cancel_while_pass_waits_for_shared_lease_preserves_every_queued_file ... ok
2026-10-06T09:49:40.8314799Z test file_view_removal::live_trash_policy_uses_actual_membership_and_move_menu_only_removes_source ... ok
2026-10-06T09:49:40.9177971Z test animation::animations_play_in_the_viewer_with_the_client_s_own_player ... ok
2026-10-06T09:49:41.0234372Z test file_view_removal::mixed_already_trash_advanced_choice_and_locked_physical_noop_retain_unaffected_rows ... ok
2026-10-06T09:49:41.1071631Z test file_view_removal::filter_accept_forget_resume_switch_and_closed_source_never_target_successor ... ok
2026-10-06T09:49:41.2824789Z test file_view_removal::viewer_deletion_never_prunes_an_externally_retained_forgotten_source_or_successor ... ok
2026-10-06T09:49:41.3324662Z test file_view_removal::retained_delete_and_transfer_children_cannot_mutate_a_rebound_main_window ... ok
2026-10-06T09:49:41.4399491Z test filename_rules::attached_regex_menus_copy_without_edits_and_favourites_commit_independently ... ok
2026-10-06T09:49:41.5733324Z test filename_rules::real_lists_replay_reference_and_save_folder_consumers_without_stale_callbacks ... ok
2026-10-06T09:49:41.6125334Z test filename_simple::folder_tag_child_is_staged_reopens_and_is_cancelled_with_its_owner ... ok
2026-10-06T09:49:41.7789780Z test filesize_predicate::hidden_cancelled_rebound_and_accepted_closed_main_cannot_accept_a_retained_size_draft ... ok
2026-10-06T09:49:41.8665010Z test filename_simple::real_simple_actions_replay_selection_paste_and_removal_then_reach_manual_import_seeds ... ok
2026-10-06T09:49:42.2305865Z test folder_manager_lifecycle::draft_is_read_after_worker_commit_and_read_failure_releases_the_request ... ok
2026-10-06T09:49:42.3029222Z test filesize_predicate::real_radio_keys_and_all_units_reach_the_search_consumer ... ok
2026-10-06T09:49:42.4322829Z test folder_manager_lifecycle::failed_folder_commit_closes_owners_and_releases_the_lease_without_partial_writes ... ok
2026-10-06T09:49:42.5758569Z test file_view_removal::options_match_actual_qt_dependency_apply_cancel_reopen_and_retired_callbacks ... ok
2026-10-06T09:49:42.7055042Z test folders::an_import_folders_filename_tagging_is_added_edited_and_deleted ... ok
2026-10-06T09:49:42.8807254Z test folders::export_folders_are_added_edited_and_written ... ok
2026-10-06T09:49:43.0124712Z test folders::folder_paths_are_picked_with_browse ... ok
2026-10-06T09:49:43.0847866Z test folder_manager_lifecycle::wait_cancel_window_close_and_live_pause_changes_release_only_the_transient_request ... ok
2026-10-06T09:49:43.2477693Z test folders::import_folders_are_added_edited_and_written ... ok
2026-10-06T09:49:43.2908240Z test force_filetype::a_file_is_forced_to_another_filetype_and_back ... ok
2026-10-06T09:49:43.4023160Z test force_idle::hidden_prompt_cancel_rebind_close_and_final_binding_clone_retire_override ... ok
2026-10-06T09:49:43.4532577Z test folder_manager_lifecycle::replay_reference_pause_wait_apply_cancel_and_original_pause_restoration ... ok
2026-10-06T09:49:43.5164976Z test force_idle::forced_idle_admits_real_trash_and_physical_passes_at_unchanged_deadlines ... ok
2026-10-06T09:49:43.5944296Z test formula_editors::formula_editors_bulk_edit_sequences_and_cancelled_children_unlock_parent ... ok
2026-10-06T09:49:43.6063487Z test force_idle::real_menu_checked_states_controller_matrix_activity_and_autosave_consumer ... ok
2026-10-06T09:49:43.6446746Z test formula_editors::formula_editors_cancel_children_and_edit_context_formulae ... ok
2026-10-06T09:49:43.7996569Z test formula_editors::formula_editors_json_sidecar_formula_is_saved_with_import_folder ... ok
2026-10-06T09:49:43.8195545Z test formula_editors::formula_editors_html_rules_validation_processing_and_screenshot ... ok
2026-10-06T09:49:43.8698595Z test formula_editors::formula_editors_sidecar_json_child_applies_to_source_only_on_acceptance ... ok
2026-10-06T09:49:43.9886470Z test formula_editors::formula_editors_simple_downloader_list_saves_cancel_and_unique_names ... ok
2026-10-06T09:49:43.9916529Z test formula_editors::lifecycle_formula_parent_keeps_rule_address_stable ... ok
2026-10-06T09:49:44.1036808Z test formula_editors::lifecycle_string_editors_cancel_descendants_and_reopen ... ok
2026-10-06T09:49:44.2036455Z test formula_editors::recursive_owner_cancel_invalidates_every_depth_and_retained_handle ... ok
2026-10-06T09:49:44.2135625Z test formula_editors::recursive_nested_children_preview_transformed_examples_and_save ... ok
2026-10-06T09:49:44.3345514Z test formula_editors::recursive_second_formula_can_select_every_transformed_example ... ok
2026-10-06T09:49:44.3489808Z test formula_editors::recursive_zipper_queue_matches_reference_and_blocks_parent_mutations ... ok
2026-10-06T09:49:44.4573020Z test formula_editors::zipper_components_exchange_appends_only_formulae_and_exports_selection ... ok
2026-10-06T09:49:44.5264890Z test formula_editors::scalar_formula_controls_preview_processing_cancel_and_save ... ok
2026-10-06T09:49:44.6975405Z test gallery_source::actual_widget_replays_reference_groups_cancels_and_empty_warnings ... ok
2026-10-06T09:49:44.7325701Z test ffmpeg_timeout::already_open_importer_captures_old_deadline_saved_apply_changes_next_call_and_no_store_cycle ... ok
2026-10-06T09:49:44.9854023Z test gallery_source::options_source_child_is_staged_cancel_safe_and_reaches_page_and_subscription ... ok
2026-10-06T09:49:45.0136256Z test frame_locations::frame_options_table_child_staging_and_saved_viewer_geometry_match_reference ... ok
2026-10-06T09:49:45.2176187Z test gui_colours::help_warning_hidden_acknowledgement_toggle_rebind_and_final_bound_drop_are_owned ... ok
2026-10-06T09:49:45.3774643Z test gui_colours::saved_palette_change_during_real_row_fade_discards_old_brushes_without_redecoding ... ok
2026-10-06T09:49:46.0007292Z test gui_colours::fresh_local_membership_live_roles_and_existing_owned_windows_paint_without_palette_changes ... ok
2026-10-06T09:49:46.3075231Z test hash_predicate::all_types_signs_and_empty_hashes_publish_the_recorded_queries ... ok
2026-10-06T09:49:46.5766762Z test hash_predicate::cleanup_replaces_real_typed_text_and_owns_warning_acknowledgement ... ok
2026-10-06T09:49:46.7821185Z test headless_lifetime::completed_bound_menus_release_their_pages_rows_and_workers_before_thread_exit ... ok
2026-10-06T09:49:46.9135408Z test headless_lifetime::explicit_ui_scope_teardown_releases_bound_workers_before_thread_exit ... ok
2026-10-06T09:49:47.0354897Z test headless_lifetime::last_collector_hides_visible_components_and_releases_callbacks_and_store ... ok
2026-10-06T09:49:47.5004935Z test gui_format::staged_controls_reopen_and_reach_real_log_rows_and_page_size_status ... ok
2026-10-06T09:49:48.1765171Z test formula_editors::formula_fetch_decodes_real_documents_updates_preview_and_discards_closed_owner_results ... ok
2026-10-06T09:49:48.5810672Z test hidden_page_preview::closed_live_canvas_survives_unclose_but_forget_retires_even_retained_search_owner ... ok
2026-10-06T09:49:48.8555550Z test hidden_page_preview::actual_qt_owned_hide_roundtrip_preserves_both_page_intervals_and_normal_restore ... ok
2026-10-06T09:49:49.3020343Z test hidden_page_preview::normal_pending_page_return_retries_with_return_time_and_rejects_obsolete_reply ... ok
2026-10-06T09:49:49.5226467Z test hidden_page_preview::displaced_global_hide_request_retries_original_time_with_two_workers_and_one_queue ... ok
2026-10-06T09:49:50.8885968Z test hidden_page_preview::pending_hidden_decode_is_page_owned_and_same_key_successor_retires_snapshots_and_replies ... ok
2026-10-06T09:49:51.2817206Z test gui_colours::real_options_stage_all_roles_cancel_hidden_inputs_and_retire_owned_picker ... ok
2026-10-06T09:49:51.3115394Z test hidden_page_preview::snapshot_eviction_redecodes_owned_identity_without_restarting_hidden_intervals ... ok
2026-10-06T09:49:51.6595336Z test hidden_page_preview::same_monitor_persisted_same_keys_fresh_pages_drop_frames_and_reject_late_old_generation ... ok
2026-10-06T09:49:51.7455133Z test idle_timeout_options::unchanged_options_acceptance_normalises_raw_seconds_and_changes_the_existing_live_gate ... ok
2026-10-06T09:49:52.1174403Z test idle_timeout_options::staged_timeouts_change_live_browsing_mouse_api_and_autosave_gates_only_after_apply ... ok
2026-10-06T09:49:52.1385357Z test image_cache::speed_memory_helpers_own_wrapped_space_at_preferred_and_capture_sizes ... FAILED
2026-10-06T09:49:52.4675275Z test image_colour::paused_animation_keeps_accepted_frame_index_and_pixels_on_icc_notification ... ok
2026-10-06T09:49:52.6123229Z test image_cache::real_saved_policy_preserves_current_media_and_intervals_then_retires_final_bound_owner ... ok
2026-10-06T09:49:52.7585690Z test import_files::files_and_folders_picked_are_reviewed ... ok
2026-10-06T09:49:52.9581874Z test import_files::files_are_imported_with_the_sidecars_tab_routers ... ok
2026-10-06T09:49:53.0725168Z test import_files::files_are_imported_with_the_tags_filename_tagging_gives_them ... ok
2026-10-06T09:49:53.1251406Z test image_colour::actual_saved_icc_updates_preview_viewer_tiles_and_archive_without_resetting_owned_state ... ok
2026-10-06T09:49:53.3104947Z test import_files::files_given_are_reviewed_then_imported ... ok
2026-10-06T09:49:53.3325016Z test import_folder_log::unsaved_folder_has_owned_empty_log_and_owner_closure_discards_pending_cache ... ok
2026-10-06T09:49:53.5505245Z test image_colour::held_old_colour_reply_cannot_replace_current_or_rebound_canvas_and_ineligible_preview_stays_empty ... ok
2026-10-06T09:49:53.6158405Z test import_options::a_highlighted_searchs_own_file_limit_and_import_options_are_edited ... ok
2026-10-06T09:49:53.6831020Z test import_options::a_gallery_pages_import_options_are_edited_for_its_new_searches ... ok
2026-10-06T09:49:53.7735079Z test import_options::a_url_downloaders_import_options_are_edited ... ok
2026-10-06T09:49:53.8972727Z test import_options::favourites_popup_replays_real_dialogs_persists_and_invalidates_children ... ok
2026-10-06T09:49:53.9101006Z test import_options::an_import_folders_import_options_are_edited_and_written ... ok
2026-10-06T09:49:53.9887202Z test import_options::options_profiles_share_the_parent_draft_without_persisting_children ... ok
2026-10-06T09:49:54.0635404Z test import_folder_log::copied_cache_replays_reference_child_apply_cancel_and_folder_cancel_then_manager_commit ... ok
2026-10-06T09:49:54.1775723Z test import_options::shared_overwrite_drafts_close_cleanly_and_clipboard_reaches_real_importer ... ok
2026-10-06T09:49:54.3160437Z test import_options_panel::applied_defaults_url_overrides_profiles_and_simple_preference_reach_consumers ... ok
2026-10-06T09:49:54.3960412Z test import_options_panel::options_drafts_replay_clear_reset_simple_mode_and_cancel_without_store_changes ... ok
2026-10-06T09:49:54.5009759Z test importer_list_menu::a_gallery_lists_menu_acts_on_the_pressed_search ... ok
2026-10-06T09:49:54.5081004Z test importer_list_menu::a_watcher_lists_menu_copies_the_pressed_watchers_url ... ok
2026-10-06T09:49:54.5745561Z test importer_list_menu::closed_log_renormalisation_menu_requires_confirmation ... ok
2026-10-06T09:49:54.7378025Z test importer_list_menu::closed_search_log_exchange_retains_real_questions_and_png_children ... ok
2026-10-06T09:49:54.7531030Z Slint: long callback/instantiation chain detected
2026-10-06T09:49:54.8025606Z test info_lines::info_lines_are_the_reference_s ... ok
2026-10-06T09:49:54.8905448Z test import_work_slots::actual_importing_controls_cancel_apply_reopen_and_ignore_retired_edits ... ok
2026-10-06T09:49:55.0665109Z test info_lines::the_archive_delete_filter_shows_the_top_line_too ... ok
2026-10-06T09:49:55.1875295Z test list_drag::dragging_across_rows_selects_them ... ok
2026-10-06T09:49:55.2746747Z test incremental_tagging::real_incremental_child_replays_cancel_apply_memory_and_blocks_parent_mutations ... ok
2026-10-06T09:49:55.2905816Z test info_lines::the_viewer_shows_the_top_line_near_its_top ... ok
2026-10-06T09:49:55.5305896Z test local_transfer::actual_thumbnail_transfer_menu_captures_selection_and_checks_parent_identity ... ok
2026-10-06T09:49:55.6605266Z test local_transfer::native_transfer_yes_no_cancel_and_stale_window_cannot_write ... ok
2026-10-06T09:49:55.7332324Z test login_script_controls::script_information_error_help_and_retired_children_replay_actual_qt ... ok
2026-10-06T09:49:55.7357239Z test login_workflows::credential_entry_masks_password_and_replays_reference_invalid_confirmation ... ok
2026-10-06T09:49:56.1320165Z test local_transfer::staged_options_apply_cancel_reopen_and_retired_successor_callbacks ... ok
2026-10-06T09:49:56.8794145Z test login_workflows::domain_cookie_reset_is_confirmed_immediate_and_survives_parent_cancel ... ok
2026-10-06T09:49:56.9312561Z test login_workflows::domain_menu_credentials_stage_activation_and_persist_only_at_parent_apply ... ok
2026-10-06T09:49:57.1416646Z test login_workflows::embedded_step_cookie_actions_replay_qt_and_retire_matchers_with_the_owner ... ok
2026-10-06T09:49:57.1992530Z test login_workflows::example_domain_stages_match_reference_final_cancel_and_preserve_parent_transaction ... ok
2026-10-06T09:49:57.2491559Z test login_workflows::login_exchange_reviews_without_mutating_then_parent_apply_persists_unique_scripts ... ok
2026-10-06T09:49:58.1364613Z test login_workflows::native_domain_prompts_replay_reference_add_change_delete_and_apply_consumers ... ok
2026-10-06T09:49:58.2215059Z test login_workflows::network_login_scripts_menu_reaches_persisted_editor ... ok
2026-10-06T09:49:58.2625607Z test login_workflows::parent_cancel_discards_pending_domain_description_credentials_and_delete ... ok
2026-10-06T09:49:59.3468520Z test login_workflows::reopened_domain_manager_monitors_and_cancels_actual_engine_owned_demand_process ... ok
2026-10-06T09:49:59.4066037Z test login_workflows::result_review_replays_real_qt_fields_unicode_preview_full_copy_and_stale_close ... ok
2026-10-06T09:49:59.4545657Z test login_workflows::script_definition_matcher_child_stages_until_parent_apply_and_cancel_discards ... ok
2026-10-06T09:49:59.9381806Z test login_workflows::delayed_manual_completion_cannot_overwrite_a_successor_login_outcome ... ok
2026-10-06T09:50:00.1034044Z test login_workflows::script_step_content_preview_apply_and_parent_cancel_are_owned_and_restricted ... ok
2026-10-06T09:50:00.1345157Z test login_script_controls::actual_login_cog_targets_isolated_http_request_and_drops_stale_command ... ok
2026-10-06T09:50:00.2062558Z test login_workflows::sequential_cookie_matchers_replay_reference_titles_defaults_cancel_and_distinct_rows ... ok
2026-10-06T09:50:02.5161544Z test login_workflows::shared_cookie_list_owns_matchers_and_stages_both_script_and_step_consumers ... ok
2026-10-06T09:50:03.8532610Z test login_workflows::script_editor_runs_real_http_with_fresh_cookies_and_reviews_without_saving ... ok
2026-10-06T09:50:03.8957813Z test login_workflows::step_argument_prompts_replay_reference_questions_defaults_cancel_and_stale_owner ... ok
2026-10-06T09:50:03.9727793Z test login_workflows::step_shows_three_reference_argument_lists_with_independent_selection_and_pinned_footer ... ok
2026-10-06T09:50:04.2974154Z test login_workflows::domain_login_confirmation_saves_then_real_http_persists_session_and_outcome ... ok
2026-10-06T09:50:04.4426140Z test login_workflows::script_test_domain_prompt_replays_memory_cancel_clear_timing_and_real_http ... ok
2026-10-06T09:50:04.4498589Z test main_identity::actual_middle_press_uses_canonical_tag_location_defaults_and_saved_activation ... ok
2026-10-06T09:50:04.5837418Z test main_shortcuts::ctrl_page_up_and_down_move_along_the_pages ... ok
2026-10-06T09:50:04.5955364Z Slint: long callback/instantiation chain detected
2026-10-06T09:50:04.6348145Z test main_identity::raw_name_apply_cancel_and_title_refresh_are_scoped_to_the_current_main_binding ... ok
2026-10-06T09:50:04.6634847Z Slint: long callback/instantiation chain detected
2026-10-06T09:50:04.6846526Z test main_identity::stale_file_hidden_closed_reshown_and_rebound_viewers_cannot_launch ... ok
2026-10-06T09:50:04.7369007Z test main_shortcuts::f5_and_ctrl_i ... ok
2026-10-06T09:50:04.8277995Z test manage_notes::notes_are_added_edited_and_deleted_as_the_reference_does ... ok
2026-10-06T09:50:04.8605182Z test manage_ratings::ratings_are_set_copied_pasted_and_applied_as_the_reference_does ... ok
2026-10-06T09:50:04.9714027Z Slint: long callback/instantiation chain detected
2026-10-06T09:50:05.1207008Z test manage_tags::switching_from_empty_service_restores_the_only_suggestion_page ... ok
2026-10-06T09:50:05.3644442Z test manage_tags::most_used_panels_filter_only_add_broadcast_and_retire_closed_consumers ... ok
2026-10-06T09:50:05.4151105Z test manage_tags::tags_are_added_and_removed_as_the_reference_does ... ok
2026-10-06T09:50:05.4980693Z Slint: long callback/instantiation chain detected
2026-10-06T09:50:05.5399156Z Slint: long callback/instantiation chain detected
2026-10-06T09:50:05.5956725Z test manage_tag_counts::thumbnail_dialog_replays_deleted_counts_and_retained_callbacks_cannot_mutate_reopened_owner ... ok
2026-10-06T09:50:05.5992934Z test manage_tags_sort::hidden_main_cannot_launch_or_reshow_child_but_visible_viewer_keeps_its_own_route ... ok
2026-10-06T09:50:05.7958048Z Slint: long callback/instantiation chain detected
2026-10-06T09:50:05.8205104Z test manage_tags_sort::rebind_and_accepted_exit_retire_visible_sort_children_and_old_viewer_launcher ... ok
2026-10-06T09:50:05.9043638Z test manage_tags_sort::main_selection_and_viewer_current_file_use_distinct_defaults_and_live_dialog_keeps_its_sort ... ok
2026-10-06T09:50:06.0314336Z test manage_urls::urls_are_added_removed_and_edited_as_the_reference_does ... ok
2026-10-06T09:50:06.0462828Z test manage_tags_sort::native_options_stage_cancel_save_reopen_and_reject_retired_sender ... ok
2026-10-06T09:50:06.0650773Z test manage_times::times_are_edited_added_and_applied_as_the_reference_does ... ok
2026-10-06T09:50:06.1995982Z test media_actions::confirmation_policy_matches_recorded_actionable_domains_and_counts ... ok
2026-10-06T09:50:06.2622855Z test media_actions::closing_viewer_discards_advanced_deletion_and_reopening_recalls_applied_choice ... ok
2026-10-06T09:50:06.3376728Z test media_shortcuts::alt_and_the_arrows_rearrange_the_selected_thumbnails ... ok
2026-10-06T09:50:06.4082253Z test media_shortcuts::ctrl_c_copies_the_files_themselves ... ok
2026-10-06T09:50:06.4480502Z test media_actions::the_viewer_s_shortcuts_archive_inbox_and_delete ... ok
2026-10-06T09:50:06.5266874Z test media_shortcuts::ctrl_r_and_ctrl_e ... ok
2026-10-06T09:50:06.5916656Z test media_sort::the_sort_control_offers_namespace_and_rating_sorts ... ok
2026-10-06T09:50:06.6392200Z test login_workflows::step_argument_draft_rejects_duplicates_stages_cancel_and_reaches_actual_http ... ok
2026-10-06T09:50:06.6491231Z test media_sort::the_sort_options_come_across_from_hydrus ... ok
2026-10-06T09:50:06.7863577Z test menu_bar::boot_pause_menu_saves_preference_and_preserves_live_resume ... ok
2026-10-06T09:50:06.8286199Z test menu_bar::keys_open_and_move_through_the_menus ... ok
2026-10-06T09:50:06.8344937Z test menu_bar::clear_and_load_replaces_the_pages_with_a_session ... ok
2026-10-06T09:50:06.9805017Z test menu_bar::sessions_are_saved_from_the_pages_menu ... ok
2026-10-06T09:50:07.0625374Z test menu_bar::the_bar_s_menus_open_and_do_what_they_say ... ok
2026-10-06T09:50:07.2605025Z test media_sort::pages_sort_as_the_reference_s_pages_sort ... ok
2026-10-06T09:50:07.5038004Z test menu_bar::the_pointer_opens_menus_and_chooses_from_them ... ok
2026-10-06T09:50:11.8814215Z test menu_choice_wheel::options_staging_saved_policy_bubbling_and_retired_roots_are_owned ... ok
2026-10-06T09:50:15.2496431Z test menu_choice_wheel::manual_export_tag_choices_read_live_policy_and_publish_real_sidebar_rows ... ok
2026-10-06T09:50:18.3170150Z test menu_choice_wheel::open_manage_tags_reads_live_policy_and_keeps_recorded_type_orders_and_real_rows ... ok
2026-10-06T09:50:18.8564905Z test merge_options::a_rules_custom_merge_options_are_edited ... ok
2026-10-06T09:50:19.4127829Z test merge_options::the_default_merge_options_are_edited_and_written ... ok
2026-10-06T09:50:19.9485422Z test merge_options::the_duplicate_filters_custom_action_merges_by_its_own_options ... ok
2026-10-06T09:50:19.9544532Z test mpv::a_video_plays_into_frames_at_the_size_asked ... ok
2026-10-06T09:50:21.1194692Z test namespace_colours::actual_namespace_questions_cancel_retired_owners_reopen_and_live_colours_replay_qt ... ok
2026-10-06T09:50:21.3482978Z test namespace_sorts::applied_scheme_reopens_and_drives_real_ordered_media_and_new_collect_namespace ... ok
2026-10-06T09:50:21.6044547Z test namespace_sorts::queue_replays_real_questions_selection_cancel_and_parent_apply_isolation ... ok
2026-10-06T09:50:22.0865104Z test network_data::bandwidth_filters_chart_multiselect_delete_cancel_live_reset_and_saved_age ... ok
2026-10-06T09:50:22.9656059Z test network_data::bandwidth_history_columns_sort_detail_and_default_kind_routing ... ok
2026-10-06T09:50:23.5205795Z test network_data::bandwidth_rules_cancel_apply_reopen_and_render ... ok
2026-10-06T09:50:23.8785117Z test network_data::jobs_live_progress_commands_and_offline_expiry ... ok
2026-10-06T09:50:24.2365709Z test network_job_control::auto_policy_belongs_to_page_control_and_retires_when_page_closes ... ok
2026-10-06T09:50:24.5955787Z test network_job_control::current_jobs_cog_retries_uses_rules_and_retains_finished_error ... ok
2026-10-06T09:50:25.5086431Z test network_job_control::page_cog_rules_cancel_apply_and_error_owner_boundary ... ok
2026-10-06T09:50:28.3011095Z test menu_choice_wheel::wheel_protocol_emits_single_choice_and_empty_consumes_without_selection ... ok
2026-10-06T09:50:28.3082713Z test network_job_control::retained_error_close_cannot_close_replacement_or_reopened_owner ... ok
2026-10-06T09:50:28.3576913Z test network_sessions::applied_widgets_change_existing_engines_outgoing_requests ... ok
2026-10-06T09:50:32.0083391Z test network_job_control::page_override_reaches_live_engine_and_auto_policy_reaches_next_request ... ok
2026-10-06T09:50:33.3816311Z test network_sessions::automatic_header_dialog_approval_denial_later_and_stale_callbacks ... ok
2026-10-06T09:50:33.3971016Z test network_sessions::automatic_header_answers_reach_an_existing_engine_request ... ok
2026-10-06T09:50:33.4708801Z test network_sessions::cookie_exchange_widgets_confirm_filter_cancel_import_export_and_report_errors ... ok
2026-10-06T09:50:33.5234737Z test network_sessions::dropping_final_owner_cancels_open_drafts_and_invalidates_child_callbacks ... ok
2026-10-06T09:50:33.5570150Z test network_sessions::browse_create_edit_cancel_apply_and_clear ... ok
2026-10-06T09:50:33.6114981Z test network_sessions::headers_validate_duplicate_delete_cancel_reopen_and_persist ... ok
2026-10-06T09:50:33.6935344Z test menu_choice_wheel::real_media_type_wheels_reach_main_and_staged_options_including_unoffered_current ... ok
2026-10-06T09:50:33.8502158Z test normal_time_maintenance::dropped_binding_retires_retained_control_and_wakes_its_real_held_wait ... ok
2026-10-06T09:50:33.9621310Z test normal_time_maintenance::rebind_wakes_previous_pass_and_preserves_queued_pair_for_current_owner ... ok
2026-10-06T09:50:34.0080442Z test normal_time_maintenance::normal_time_apply_reaches_waiting_consumer_and_terminal_owner_wakes_without_successor ... ok
2026-10-06T09:50:34.1415110Z Slint: long callback/instantiation chain detected
2026-10-06T09:50:34.2366165Z test notebook_new_page::insertion_option_imports_rejects_invalid_cancels_and_changes_real_chooser_consumer ... ok
2026-10-06T09:50:34.2429623Z test normal_time_maintenance::unchecked_normal_flags_block_real_workers_but_current_live_idle_admits_both ... ok
2026-10-06T09:50:34.4085832Z test notebook_new_page::nested_chooser_freezes_parent_and_anchor_and_cancel_clears_pending_position ... ok
2026-10-06T09:50:34.5713671Z test notebook_refresh::advanced_weight_counts_repeated_media_and_both_seed_logs_and_copies_exact_label ... ok
2026-10-06T09:50:34.6058294Z test normal_time_maintenance::staged_controls_cancel_reopen_hidden_retired_and_peer_merge ... ok
2026-10-06T09:50:34.6173357Z test notebook_new_page::popup_new_page_and_here_replay_real_reference_order_selection_and_cancellation ... ok
2026-10-06T09:50:34.7539002Z test notebook_refresh::notebook_refresh_resumes_initialized_descendants_and_preserves_background_selection ... ok
2026-10-06T09:50:34.8638968Z test notebook_sessions::notebook_session_copies_preserve_media_and_independent_importer_state ... ok
2026-10-06T09:50:34.9922758Z test notebook_sessions::clicked_notebook_saving_replays_names_overwrite_invalid_and_cancellation ... ok
2026-10-06T09:50:35.1521764Z test open_externally::live_local_membership_restore_reaches_the_same_launcher_after_store_reopen ... ok
2026-10-06T09:50:35.4919970Z test open_externally::options_routes_replay_qt_owned_choosers_cancel_order_apply_reopen_and_retirement ... ok
2026-10-06T09:50:35.5737300Z test notes_preferences::options_cog_cursor_copy_and_live_hover_replay_with_owned_cancel_and_reopen ... ok
2026-10-06T09:50:35.6855225Z test open_externally::saved_registered_vectors_feed_actual_main_live_viewer_and_url_pipeline ... ok
2026-10-06T09:50:35.7205542Z Slint: long callback/instantiation chain detected
2026-10-06T09:50:35.7795728Z test open_externally::saved_routes_reach_main_and_live_viewer_os_fallback_and_missing_owned_notice ... ok
2026-10-06T09:50:35.8873645Z test open_externally::shortcut_and_routing_children_exclude_each_other_and_cancel_staged_changes ... ok
2026-10-06T09:50:36.0415193Z test options_window::advanced_deletion_queue_stages_custom_reason_cancel_and_real_consumer ... ok
2026-10-06T09:50:36.0873013Z test options_window::applied_session_backup_count_controls_the_next_save ... ok
2026-10-06T09:50:36.3935116Z test options_window::cancelled_closing_options_and_stale_viewers_cannot_redirect_the_live_owner ... ok
2026-10-06T09:50:36.5229106Z test notebook_tree::real_tree_mouse_and_keys_replay_cursor_activation_and_preserved_child_expansion ... ok
2026-10-06T09:50:36.6594993Z Slint: long callback/instantiation chain detected
2026-10-06T09:50:36.7465279Z test options_window::banner_options_match_qt_drafts_and_refresh_cached_thumbnails_and_open_viewer ... ok
2026-10-06T09:50:37.0220863Z test options_window::command_palette_options_stage_queue_changes_and_persist_only_on_apply ... ok
2026-10-06T09:50:37.0841544Z test options_window::canvas_options_apply_to_the_open_viewer_and_cancel_discards_the_draft ... ok
2026-10-06T09:50:37.4527662Z test options_window::default_export_directory_browse_apply_cancel_and_manual_open_use_shared_preference ... ok
2026-10-06T09:50:37.6228537Z test options_window::cursor_timeout_reaches_native_motion_timer_focus_and_actual_popup_lifecycle ... ok
2026-10-06T09:50:37.7939101Z test options_window::default_local_location_child_draft_drives_blank_pages_and_tag_fallback ... ok
2026-10-06T09:50:37.8869850Z test options_window::default_search_service_option_changes_new_pages_and_missing_keys_fall_back ... ok
2026-10-06T09:50:37.8884397Z test options_window::eye_menu_mixed_root_boundaries_match_the_recorded_menu_and_real_declaration_order ... ok
2026-10-06T09:50:38.1585278Z test options_window::favourite_tags_child_replays_reference_and_waits_for_parent_apply ... ok
2026-10-06T09:50:38.5295438Z test options_window::files_trash_confirmations_are_staged_reopened_and_consumed ... ok
2026-10-06T09:50:38.6445337Z test options_window::closing_preferences_reach_frozen_page_selection_and_native_main_activation ... ok
2026-10-06T09:50:38.8105772Z test options_window::eye_menu_collapse_options_stage_reopen_and_rebuild_the_existing_browser_viewer ... ok
2026-10-06T09:50:39.0805497Z test options_window::gui_identity_and_exit_confirmation_reach_the_main_window ... ok
2026-10-06T09:50:39.7984282Z test options_window::hash_prefix_option_reaches_selected_and_focused_clipboard_hashes ... ok
2026-10-06T09:50:40.4943381Z test options_window::hover_options_apply_to_actual_mouseover_panels_and_passive_index_text ... ok
2026-10-06T09:50:40.8796319Z test options_window::implicit_limit_options_reach_queries_and_limited_sort_refresh ... ok
2026-10-06T09:50:41.7357750Z test menu_choice_wheel::physical_media_order_changes_results_and_native_pointer_still_opens_and_chooses ... ok
2026-10-06T09:50:41.9251932Z test options_window::notebook_focus_option_changes_the_next_tab_close ... ok
2026-10-06T09:50:42.1215049Z test options_window::options_remember_navigation_and_apply_search_placement ... ok
2026-10-06T09:50:42.6225499Z test options_window::hover_zoom_and_loop_options_reach_owned_viewers_and_survive_cancel_and_reopen ... ok
2026-10-06T09:50:43.0699853Z test options_window::most_used_child_stages_each_service_cancels_descendants_and_persists_options ... FAILED
2026-10-06T09:50:43.7765165Z test options_window::pointer_options_change_real_drag_acceptance_and_cursor_transitions ... ok
2026-10-06T09:50:43.9667256Z test options_window::regex_favourites_open_from_options_and_keep_parent_transaction ... ok
2026-10-06T09:50:44.1225742Z Slint: long callback/instantiation chain detected
2026-10-06T09:50:44.5919933Z test options_window::read_list_sizes_and_float_policy_reach_rendered_new_pages ... ok
2026-10-06T09:50:44.6615970Z test options_window::related_weight_drafts_cancel_reopen_and_re_rank_an_already_open_service_panel ... ok
2026-10-06T09:50:44.7911125Z test options_window::removed_default_service_falls_back_in_options_and_waits_for_apply ... ok
2026-10-06T09:50:45.0485520Z test options_window::search_defaults_apply_to_new_pages_and_the_real_autocomplete ... ok
2026-10-06T09:50:45.1676224Z test options_window::focus_options_reach_native_activity_and_actual_mouseover_gates ... ok
2026-10-06T09:50:45.3662755Z test options_window::sleep_options_apply_to_the_network_consumer_and_cancel_drafts ... ok
2026-10-06T09:50:45.6511042Z test options_window::resize_and_seek_options_reach_the_native_viewer_geometry ... ok
2026-10-06T09:50:45.6841632Z test options_window::subscription_concurrency_options_replay_bounds_parent_apply_cancel_and_reopen ... ok
2026-10-06T09:50:45.8243165Z test options_window::subscription_failure_limit_options_replay_qt_values_apply_cancel_and_reopen ... ok
2026-10-06T09:50:45.8589101Z test options_window::the_checker_options_buttons_edit_the_default_checker_options ... ok
2026-10-06T09:50:45.9565395Z test options_window::tag_dialog_service_dropdown_tracks_remember_checkbox_and_parent_transaction ... ok
2026-10-06T09:50:46.0113960Z test options_window::the_default_collect_is_chosen_as_a_pages_collect ... ok
2026-10-06T09:50:46.0559999Z test options_window::the_default_sorts_are_chosen_as_a_pages_sort ... ok
2026-10-06T09:50:46.1448729Z test options_window::the_default_tag_sorts_are_chosen ... ok
2026-10-06T09:50:46.2435970Z test options_window::the_thumbnail_rating_options_redraw_the_grid ... ok
2026-10-06T09:50:46.2868857Z test options_window::the_options_window_applies_its_changes ... ok
2026-10-06T09:50:46.6329474Z test options_window::the_thumbnails_border_and_margin_lay_out_the_grid ... ok
2026-10-06T09:50:46.7172220Z test options_window::thumbnails_take_the_size_the_options_give_them ... ok
2026-10-06T09:50:47.4221897Z test options_window::viewing_menu_preferences_apply_to_real_menu_lines_and_cancel_preserves_them ... ok
2026-10-06T09:50:47.5625225Z test or_connector::actual_options_raw_connector_preserves_live_or_label_colour_query_and_retired_owner ... ok
2026-10-06T09:50:47.7265559Z test page_navigation_options::applied_controls_reopen_and_drive_history_and_search_focus ... ok
2026-10-06T09:50:47.7934903Z test page_navigation_options::real_close_questions_cancel_and_undo_preserve_nested_trees_and_session_exemption ... ok
2026-10-06T09:50:48.0845307Z test options_window::viewing_timing_options_reach_real_viewer_and_archive_filter_lifetimes ... ok
2026-10-06T09:50:48.2333260Z test page_scroll::a_page_shown_again_is_scrolled_as_it_was_left ... ok
2026-10-06T09:50:48.2916193Z test parser_editors::canceled_stale_nested_windows_and_invalid_fields_never_overwrite ... ok
2026-10-06T09:50:48.3543231Z test page_chooser_options::checkbox_drafts_cancel_apply_reopen_and_choose_exact_reference_locations ... ok
2026-10-06T09:50:48.4082012Z test parser_editors::deletion_confirmation_is_modal_and_removes_only_its_snapshotted_keys ... ok
2026-10-06T09:50:48.9428576Z test options_window::passive_background_options_paint_independent_copies_behind_opaque_media ... ok
2026-10-06T09:50:48.9785009Z test parser_editors::link_apply_rejects_a_class_changed_to_a_file_in_another_editor ... ok
2026-10-06T09:50:49.0386826Z test parser_editors::links_auto_fill_and_api_review_reproduce_reference_and_preserve_installed_consumers ... ok
2026-10-06T09:50:49.0846079Z test parser_editors::multiple_examples_restore_sources_and_propagate_converted_selected_child_data ... ok
2026-10-06T09:50:49.1283577Z test parser_editors::namespace_control_is_disabled_without_losing_its_saved_text ... ok
2026-10-06T09:50:49.1317395Z test parser_editors::content_test_panel_fetches_raw_data_and_hands_it_to_its_formula ... ok
2026-10-06T09:50:49.1838299Z test parser_editors::owned_parser_picker_and_clear_questions_replay_reference_and_reach_live_resolver ... ok
2026-10-06T09:50:49.3281187Z test parser_editors::native_page_content_apply_roundtrip_preserves_subsidiary_and_formula ... ok
2026-10-06T09:50:49.6240541Z test page_navigation_options::switching_to_each_importer_focuses_its_actual_query_or_url_text_input ... ok
2026-10-06T09:50:49.6814156Z test parser_editors::recursive_formula_edits_reach_saved_page_parser_and_consumer ... ok
2026-10-06T09:50:49.7909296Z test parser_editors::recursive_subsidiary_creation_is_staged_and_owner_cancels_descendants ... ok
2026-10-06T09:50:49.8244484Z test parser_editors::reusable_content_kinds_remap_restricted_choices_and_preserve_login_context ... ok
2026-10-06T09:50:49.8691710Z test parser_editors::sorted_parser_rows_and_sparse_link_rows_select_the_visible_definition ... ok
2026-10-06T09:50:49.9378537Z test parser_editors::subsidiary_edits_preserve_nested_page_identity_and_cancel_metadata_without_prompt ... ok
2026-10-06T09:50:49.9868266Z test parser_editors::subsidiary_export_uses_owned_reference_png_parameters_and_discards_stale_export ... ok
2026-10-06T09:50:50.1147104Z test parser_editors::subsidiary_queue_exchange_is_staged_preserves_wrappers_and_reaches_saved_parser ... ok
2026-10-06T09:50:50.1552135Z test parser_editors::raw_content_preview_preserves_clipboard_context_and_detects_fetched_png_bytes ... ok
2026-10-06T09:50:50.2398481Z test parser_editors::subsidiary_separator_uses_converted_data_preserves_newlines_and_saves ... ok
2026-10-06T09:50:50.2775381Z test parser_editors::url_class_links_are_staged_cancel_safe_and_refresh_capability ... ok
2026-10-06T09:50:50.4575559Z test parser_editors::timestamp_content_has_only_source_choice_and_persists_real_parsed_metadata ... ok
2026-10-06T09:50:50.5920725Z test physical_delete_delay::actual_fields_cancel_raw_apply_reopen_hidden_retired_and_rebind_ownership ... ok
2026-10-06T09:50:51.0314681Z test parser_editors::fetched_page_examples_use_actual_network_headers_cookies_context_and_child_converter ... ok
2026-10-06T09:50:51.1322383Z test popup_freeze::real_options_cancel_reopen_concurrent_fields_hidden_and_retired_children_do_not_write ... ok
2026-10-06T09:50:51.2450243Z test popup_job_actions::accepted_close_and_rebinding_retire_queued_calls_even_with_retained_windows_and_bindings ... ok
2026-10-06T09:50:51.4101832Z test popup_job_actions::clipboard_and_repeatable_current_callable_reach_real_native_controls_and_store_effects ... ok
2026-10-06T09:50:51.5108480Z test popup_job_actions::cloned_bound_keeps_popup_actions_live_until_its_last_owner_drops ... ok
2026-10-06T09:50:51.8722225Z test popup_freeze::hidden_rebind_and_accepted_close_retire_ui_only_and_never_admit_to_a_successor ... ok
2026-10-06T09:50:51.9835472Z test popup_job_actions::removed_question_tokens_and_retired_producers_cannot_answer_successors ... ok
2026-10-06T09:50:52.1264885Z test parser_editors::page_fetch_error_menu_retains_completed_failure_and_clears_at_next_request ... ok
2026-10-06T09:50:52.2427572Z test popup_job_actions::yes_and_no_dismiss_the_popup_and_reach_the_retained_producer_once ... ok
2026-10-06T09:50:52.4014397Z test popup_job_actions::long_question_and_action_controls_render_with_fixed_and_narrow_popup_caps ... ok
2026-10-06T09:50:52.6785773Z test popup_freeze::queued_jobs_expire_and_change_under_frozen_cards_then_restore_and_live_false_resume ... ok
2026-10-06T09:50:53.0968963Z Slint: long callback/instantiation chain detected
2026-10-06T09:50:53.2880959Z test popups::popups_show_at_the_bottom_right_and_their_buttons_work ... ok
2026-10-06T09:50:53.4135004Z test popup_width::pending_eleventh_card_snapshots_on_admission_and_row_removal_keeps_old_policies ... ok
2026-10-06T09:50:53.4345101Z test predicate_editors::each_change_to_a_panel_makes_what_the_reference_s_makes ... ok
2026-10-06T09:50:53.5344490Z test predicate_editors::each_editor_is_the_reference_s ... ok
2026-10-06T09:50:53.6060722Z test predicate_editors::imported_predicate_defaults_reach_panels_and_reset_never_resurrects_legacy_values ... ok
2026-10-06T09:50:53.7581890Z test predicate_editors::native_viewtime_milliseconds_survive_accept_recent_reopen_and_cancel ... ok
2026-10-06T09:50:53.8675866Z test predicate_editors::panels_set_in_several_ways_make_what_the_reference_s_make ... ok
2026-10-06T09:50:54.0365058Z test predicate_editors::predicate_star_save_and_reset_survive_cancel_and_reach_future_searches ... ok
2026-10-06T09:50:54.1639113Z test predicate_editors::regex_star_save_is_immediate_but_acceptance_checks_and_viewtime_keeps_milliseconds ... ok
2026-10-06T09:50:54.3060430Z test predicate_editors::the_editor_window_adds_what_it_makes_to_the_search ... ok
2026-10-06T09:50:54.4715795Z test predicate_editors::the_editor_window_shows_what_trees_and_buttons_change ... ok
2026-10-06T09:50:54.6101682Z test predicate_editors::the_empty_search_box_offers_the_reference_s_system_predicates ... ok
2026-10-06T09:50:54.7266412Z test predicate_editors::more_suggestions_than_fit_scroll_rather_than_spill_over ... ok
2026-10-06T09:50:54.8485481Z test predicate_history::recorded_global_history_reaches_visible_locked_restored_and_empty_pages ... ok
2026-10-06T09:50:54.8678184Z test predicate_history::undo_retains_populated_locked_media_badge_and_raw_menu_labels ... ok
2026-10-06T09:50:55.2645818Z test preview_default_zoom::held_raster_acceptance_samples_saved_preview_policy_without_restart_or_prohibited_admission ... ok
2026-10-06T09:50:55.7465145Z test popup_width::options_cancel_apply_successor_stale_callbacks_and_real_popup_geometry ... ok
2026-10-06T09:50:55.7595054Z test preview_viewing::native_page_generation_same_file_restore_and_late_decode_cannot_publish_to_successor ... ok
2026-10-06T09:50:55.8845214Z Slint: long callback/instantiation chain detected
2026-10-06T09:50:55.8954800Z Slint: long callback/instantiation chain detected
2026-10-06T09:50:56.3043547Z test preview_viewing::native_preview_minimum_cap_before_minimum_none_limits_and_inactive_finish ... ok
2026-10-06T09:50:56.3949018Z Slint: long callback/instantiation chain detected
2026-10-06T09:50:56.4898877Z test preview_viewing::preview_display_replays_qt_page_splitter_active_clear_close_and_successor_ownership ... ok
2026-10-06T09:50:56.6078525Z Slint: long callback/instantiation chain detected
2026-10-06T09:50:56.6855178Z Slint: long callback/instantiation chain detected
2026-10-06T09:50:56.7971307Z test preview_default_zoom::real_options_cancel_reopen_six_modes_paint_clipped_geometry_and_preserve_current_on_save ... ok
2026-10-06T09:50:56.9316962Z Slint: long callback/instantiation chain detected
2026-10-06T09:50:57.0431561Z test preview_viewing::preview_workers_bound_slow_decodes_and_coalesce_the_latest_owned_target ... ok
2026-10-06T09:50:57.0674467Z Slint: long callback/instantiation chain detected
2026-10-06T09:50:57.1525274Z Slint: long callback/instantiation chain detected
2026-10-06T09:50:57.2536714Z test preview_viewing::rejected_preview_decode_never_counts_a_thumbnail_selection_or_loading_placeholder ... ok
2026-10-06T09:50:57.3555452Z test preview_viewing::preview_rejects_actual_reference_nonlocal_invalid_resolution_and_do_not_show_statuses ... ok
2026-10-06T09:50:57.5353232Z test quick_export_directory::hidden_rebound_closed_and_reentrant_resolver_owners_cannot_launch_or_create ... ok
2026-10-06T09:50:57.5443243Z test preview_viewing::saved_preview_options_reach_open_display_duration_cap_cancel_and_confirmed_client_exit ... ok
2026-10-06T09:50:57.6422749Z test quick_export_directory::actual_file_menu_replays_saved_paths_fallback_errors_cancel_and_reopen ... ok
2026-10-06T09:50:57.9010824Z test radio_return::gui_options_cancel_hidden_stale_apply_save_reopen_and_live_existing_editor ... ok
2026-10-06T09:50:58.5793215Z test radio_return::actual_advanced_delete_action_reason_defaults_and_retained_owners_follow_live_policy ... ok
2026-10-06T09:50:58.7430606Z test rating_sizes::sizes_replay_owned_options_and_reach_dialog_and_service_examples_after_reopen ... ok
2026-10-06T09:50:58.7431579Z test ratings::clicks_along_stars_set_them_as_the_reference_s_do ... ok
2026-10-06T09:50:58.9075496Z test ratings::a_file_s_ratings_are_set_by_clicks ... ok
2026-10-06T09:50:58.9213498Z test read_autocomplete::literal_parent_activation_children_removal_and_negative_restore_match_qt ... ok
2026-10-06T09:50:59.2466399Z test read_autocomplete::real_page_tabs_apply_caps_keep_zero_count_descendants_and_restore_context ... ok
2026-10-06T09:50:59.3955361Z test radio_return::all_recorded_filesize_hash_groups_accept_with_live_policy_and_preserve_multiline_consumption ... ok
2026-10-06T09:50:59.4836026Z test read_or::actual_basic_and_advanced_children_apply_cancel_reopen_and_reject_stale_owners ... ok
2026-10-06T09:50:59.5314883Z test read_or::native_or_keys_replay_drafts_and_commit_real_query_without_saving_cancelled_terms ... ok
2026-10-06T09:50:59.6810265Z test regex_favourites::failed_last_conversion_write_keeps_the_child_and_parent_draft_open ... ok
2026-10-06T09:50:59.6985370Z test recent_predicates::the_editor_window_keeps_and_shows_recent_predicates ... ok
2026-10-06T09:50:59.7335647Z test regex_favourites::favourite_window_stages_advisory_invalid_rows_and_cancels_retained_handles ... ok
2026-10-06T09:50:59.8545064Z test regex_favourites::last_conversion_child_acceptance_survives_parent_cancel_and_fresh_slots ... ok
2026-10-06T09:50:59.8936861Z test regex_favourites::matcher_favourite_popup_copies_refreshes_and_owns_persisted_management ... ok
2026-10-06T09:50:59.9846784Z test regex_favourites::matcher_favourites_manager_saves_global_choices_and_parent_cancel_closes_it ... ok
2026-10-06T09:51:00.0195696Z test regex_favourites::shared_regex_menus_copy_without_changing_text ... ok
2026-10-06T09:51:00.0315565Z test related_weight_table::owned_weight_headers_and_table_switches_replay_qt_without_changing_cancelled_settings ... ok
2026-10-06T09:51:00.1633137Z test scanbar::a_file_that_plays_seeks_by_its_bar_and_by_key ... ok
2026-10-06T09:51:00.1649679Z test scanbar::configured_nub_width_seeks_the_recorded_animation_frames ... ok
2026-10-06T09:51:00.1650396Z test scanbar::the_bar_shows_and_seeks_as_the_reference_s_does ... ok
2026-10-06T09:51:00.2615253Z test search_domains::new_search_pages_search_the_default_tag_service ... ok
2026-10-06T09:51:00.2754623Z test read_or::system_children_gate_immediate_durable_actions_on_hidden_switched_and_locked_owners ... ok
2026-10-06T09:51:00.3229338Z test regex_options_editor::real_options_saved_input_chooser_crud_cancel_apply_and_retired_owners_match_qt ... ok
2026-10-06T09:51:00.3764109Z test search_domains::the_domain_buttons_are_the_references ... ok
2026-10-06T09:51:00.4318720Z test search_domains::the_domain_buttons_change_what_the_page_searches ... ok
2026-10-06T09:51:00.5283540Z test search_lock::a_saved_session_keeps_the_lock ... ok
2026-10-06T09:51:00.5387561Z test search_lock::a_page_opened_on_files_is_locked_to_them ... ok
2026-10-06T09:51:00.5612473Z test search_lock::locking_a_search_asks_first ... ok
2026-10-06T09:51:00.7066809Z test search_lock::the_open_menu_s_pages_are_the_reference_s ... ok
2026-10-06T09:51:00.7745127Z test search_log::exchange_confirmations_png_objects_and_owner_cancel_reach_the_persisted_queue ... ok
2026-10-06T09:51:00.7775709Z test search_log::the_search_log_lists_a_queues_pages_and_acts_on_them ... ok
2026-10-06T09:51:00.9034655Z Slint: long callback/instantiation chain detected
2026-10-06T09:51:00.9196427Z test search_page::system_predicate_counts_are_for_the_page_s_file_domain ... ok
2026-10-06T09:51:00.9215228Z test search_page::predicates_are_entered_as_the_reference_s_list_takes_them ... ok
2026-10-06T09:51:01.0696704Z test search_page::tags_are_shown_as_the_user_has_them_shown ... ok
2026-10-06T09:51:01.1941985Z Slint: long callback/instantiation chain detected
2026-10-06T09:51:01.1986780Z Slint: long callback/instantiation chain detected
2026-10-06T09:51:01.2340133Z Slint: long callback/instantiation chain detected
2026-10-06T09:51:01.2779347Z test selected_deletion_records::hidden_stale_page_rebound_and_accepted_exit_cannot_clear_captured_records ... ok
2026-10-06T09:51:01.2966016Z test selected_deletion_records::actual_menu_and_answer_replay_clear_only_captured_records_and_enable_reimport ... ok
2026-10-06T09:51:01.4421384Z test selected_deletion_records::tab_roundtrip_permanently_invalidates_menu_and_answer_and_advanced_child_blocks_dispatch ... ok
2026-10-06T09:51:01.5071275Z test services_editor::deleting_relation_source_refreshes_open_viewer_and_locked_selection ... ok
2026-10-06T09:51:01.6925255Z test services_editor::live_rating_examples_stage_only_configuration_and_retire_cancelled_owners ... ok
2026-10-06T09:51:01.8423490Z test search_page::a_search_page_finds_files_and_shows_their_thumbnails ... ok
2026-10-06T09:51:01.8545549Z test services_editor::one_star_rating_preview_replays_four_samples_and_preserves_saved_normalization ... ok
2026-10-06T09:51:02.0736302Z test services_review::deleted_record_review_needs_both_answers_and_reopens_with_import_consumer_changed ... ok
2026-10-06T09:51:02.1090126Z test services_editor::staged_rating_config_applies_and_cancel_writes_nothing ... ok
2026-10-06T09:51:02.2815198Z test services_review::replacing_review_cancels_pending_deleted_clear_and_retained_owner_cannot_write ... ok
2026-10-06T09:51:02.4577722Z test services_review::services_menu_opens_review_and_refreshes ... ok
2026-10-06T09:51:02.5213920Z test popup_width::real_cards_follow_qt_min_max_fixed_gauge_and_wrapped_text_boundaries ... ok
2026-10-06T09:51:02.6276608Z test services_review::local_bulk_review_replays_confirmations_store_changes_and_reopens ... ok
2026-10-06T09:51:02.6895191Z test session::a_double_click_on_a_tab_rows_empty_space_chooses_a_page_for_it ... ok
2026-10-06T09:51:02.7147442Z test session::a_gallery_downloader_page_shows_and_controls_its_searches ... ok
2026-10-06T09:51:02.8007286Z test session::a_local_import_page_shows_and_controls_its_import ... ok
2026-10-06T09:51:02.8401925Z test session::a_saved_session_appends_as_a_page_of_pages ... ok
2026-10-06T09:51:02.9177459Z test session::a_url_downloader_page_shows_and_controls_its_queue ... ok
2026-10-06T09:51:02.9865556Z test session::bulk_tab_close_matches_reference_and_undo_restores_nested_positions ... ok
2026-10-06T09:51:02.9908650Z test session::a_watcher_downloader_page_shows_and_controls_its_watchers ... ok
2026-10-06T09:51:03.1295073Z test session::collapse_empty_nested_notebook_has_no_hash_lock_and_one_replacement ... ok
2026-10-06T09:51:03.1415322Z test session::chooser_new_notebook_name_preference_matches_reference_and_persists ... ok
2026-10-06T09:51:03.1416160Z test session::downloader_backup_and_freshest_load_survive_source_queue_deletion ... ok
2026-10-06T09:51:03.3077536Z test session::historical_session_append_restores_independent_tree_files_and_selection ... ok
2026-10-06T09:51:03.3494047Z test session::pages_open_and_close_as_the_reference_does ... ok
2026-10-06T09:51:03.4344964Z test session::queues_of_pages_left_closed_go_when_the_client_opens ... ok
2026-10-06T09:51:03.5195140Z test session::rename_tab_uses_frozen_key_and_cancellation_preserves_name ... ok
2026-10-06T09:51:03.6024956Z test session::duplicate_and_collapse_menus_replay_real_ordered_media_and_cancellation ... ok
2026-10-06T09:51:03.6485594Z test session::send_down_keeps_nested_selection_and_open_search_objects ... ok
2026-10-06T09:51:03.7222153Z test session::tab_close_focus_settings_and_context_navigation_reach_consumers ... ok
2026-10-06T09:51:03.7661679Z test session::tab_menu_pages_lists_the_clicked_notebooks_media_pages_as_the_reference_does ... ok
2026-10-06T09:51:03.8266686Z test session::send_down_and_rename_prompts_match_reference_including_cancellation ... ok
2026-10-06T09:51:03.8921123Z test session::tab_reordering_keeps_nested_notebooks_and_shown_leaf ... ok
2026-10-06T09:51:03.9403653Z test session::tab_popup_bulk_close_cancellation_and_acceptance_are_wired ... ok
2026-10-06T09:51:03.9515028Z test session::tab_size_sort_sums_open_nested_media_and_keeps_stable_ties ... ok
2026-10-06T09:51:04.0558483Z Slint: long callback/instantiation chain detected
2026-10-06T09:51:04.1648626Z test session::the_pages_are_kept_for_the_client_api_and_do_what_it_asks ... ok
2026-10-06T09:51:04.1675563Z test session_autosave::application_focus_observer_preserves_transient_none_and_identifies_other_windows ... ok
2026-10-06T09:51:04.3960733Z test session_autosave::applied_idle_and_period_controls_drive_real_archives_with_unchanged_suppression ... ok
2026-10-06T09:51:04.3962340Z test session_autosave::actual_key_and_pointer_events_reset_idle_and_other_startup_stops_autosave ... ok
2026-10-06T09:51:04.5301828Z test session::the_last_session_opens_as_it_was_left ... ok
2026-10-06T09:51:04.5315166Z test session_autosave::native_focus_registry_delivers_to_owned_callback_once_and_releases_dead_viewers ... ok
2026-10-06T09:51:04.5495334Z test session_autosave::auxiliary_native_window_events_reset_only_input_idle_and_preserve_autosave_retry ... ok
2026-10-06T09:51:04.6797737Z test session_autosave::non_page_api_activity_marker_drives_idle_retry_and_expiry_after_reopen ... ok
2026-10-06T09:51:04.7132837Z test session_startup::bad_shutdown_recovery_replays_real_yes_no_close_timeout_and_blank_bypasses ... ok
2026-10-06T09:51:04.8103576Z test session_startup::named_startup_restores_ordered_media_selection_and_independent_importer_snapshot ... ok
2026-10-06T09:51:04.8117702Z test session_startup::running_marker_survives_interrupted_boot_and_clears_only_explicit_clean_finish ... ok
2026-10-06T09:51:04.8174088Z test session_startup::recovery_keeps_displayed_name_if_preferences_change_and_clean_startup_skips_question ... ok
2026-10-06T09:51:04.9705350Z test session_autosave::applied_size_warning_creates_exact_popup_once_and_resets_only_at_new_boot ... ok
2026-10-06T09:51:05.0025275Z test session_startup::startup_replays_real_blank_missing_last_and_named_trees_and_initial_schedule ... ok
2026-10-06T09:51:05.0156361Z test session_startup::startup_dropdown_cancels_invalid_choice_and_applies_frozen_named_session_selection ... ok
2026-10-06T09:51:05.0775442Z test set_password::cancelled_and_closed_password_owners_cannot_clear_or_replace_the_lock ... ok
2026-10-06T09:51:05.0892824Z test set_password::hidden_replaced_and_dropped_password_slots_cannot_mutate_a_successor ... ok
2026-10-06T09:51:05.0944908Z test set_password::actual_password_dialogs_persist_the_six_recorded_outcomes ... ok
2026-10-06T09:51:05.3089194Z test shortcut_capture::command_and_set_cancel_reject_stale_children_and_preserve_successor_drafts ... ok
2026-10-06T09:51:05.3089890Z test shortcut_capture::accepted_main_close_retires_saved_shortcuts_even_after_show_and_fresh_binding_reopens ... ok
2026-10-06T09:51:05.3114625Z test shortcut_capture::raw_backend_key_location_and_modifier_identity_reach_the_same_capture_contract ... ok
2026-10-06T09:51:05.5389767Z test shortcut_capture::keyboard_capture_applies_through_owned_set_then_options_and_saved_main_executor ... ok
2026-10-06T09:51:05.5947903Z test shortcut_capture::saved_mouse_and_keyboard_captures_feed_existing_viewer_navigation_and_guard_closed_owners ... ok
2026-10-06T09:51:05.9165243Z test sidebar_context_cogs::default_collect_cog_stages_cancels_reopens_and_rejects_retired_menu_actions ... ok
2026-10-06T09:51:06.0387546Z Slint: long callback/instantiation chain detected
2026-10-06T09:51:06.1174597Z test sibling_connector::persisted_custom_empty_and_unicode_connectors_render_without_changing_tags ... ok
2026-10-06T09:51:06.5124925Z Slint: long callback/instantiation chain detected
2026-10-06T09:51:06.6409084Z test sidebar_context_cogs::sidebar_actions_replay_all_service_display_and_unmatched_media_outputs ... ok
2026-10-06T09:51:06.6821732Z test services_editor::numerical_examples_drag_and_fraction_text_use_the_whole_widget_hit_area ... ok
2026-10-06T09:51:06.9960867Z test sibling_colours::options_cancel_retired_apply_reopen_and_all_segmented_native_consumers ... ok
2026-10-06T09:51:07.4665192Z test sidebar_layout::live_hide_setting_keeps_accepted_preview_refuses_replacements_and_collapse_retains_selection ... ok
2026-10-06T09:51:07.7197030Z test sidecars::a_routers_processing_is_edited_in_the_string_processor_editor ... ok
2026-10-06T09:51:07.7492709Z test sidebar_layout::rebind_retires_preview_under_predecessor_splitter_before_successor_hides_it ... ok
2026-10-06T09:51:07.9164604Z test sidecars::a_sidecars_filename_conversion_is_edited_in_the_converter_editor ... ok
2026-10-06T09:51:07.9241178Z test sidecars::an_export_folders_sidecars_come_from_the_templates ... ok
2026-10-06T09:51:08.0557745Z test sidecars::closing_manual_export_discards_its_pending_router_exchange ... ok
2026-10-06T09:51:08.0725091Z test sidecars::date_conversion_fields_preview_and_cancel_reach_the_converter ... ok
2026-10-06T09:51:08.1280171Z test sidecars::an_import_folders_sidecars_are_edited_and_written ... ok
2026-10-06T09:51:08.3225275Z test sidecars::json_object_names_use_staged_text_children_and_saved_router_worker ... ok
2026-10-06T09:51:08.4239909Z test sidecars::processing_exchange_reviews_append_and_parent_cancel_invalidates_children ... ok
2026-10-06T09:51:08.6246600Z test sidecars::router_examples_follow_reference_source_tabs_and_processor_children_without_exports ... ok
2026-10-06T09:51:08.7359993Z test sidecars::router_import_child_obeys_hidden_cancel_replacement_and_dropped_owner ... ok
2026-10-06T09:51:08.7364442Z test sidecars::export_folder_query_examples_refresh_media_and_reach_source_children ... ok
2026-10-06T09:51:08.9184947Z test sidecars::router_png_child_has_recorded_parameters_and_closes_with_its_queue_owner ... ok
2026-10-06T09:51:09.0055235Z test sidecars::router_import_replays_permitted_subsets_and_ordered_png_failures ... ok
2026-10-06T09:51:09.1278458Z test sidecars::router_queue_exchange_is_staged_context_checked_and_reaches_manual_export ... ok
2026-10-06T09:51:09.2840212Z test simple_downloader::a_simple_downloader_page_queues_pages_with_its_formula ... ok
2026-10-06T09:51:09.8856831Z test slideshow::a_slideshow_moving_on_leaves_the_menu_and_questions_with_their_file ... ok
2026-10-06T09:51:09.9036081Z test slideshow::files_with_durations_bend_the_period_as_the_reference_s ... ok
2026-10-06T09:51:09.9194472Z test slideshow::the_slideshow_menu_is_the_reference_s ... ok
2026-10-06T09:51:12.0612215Z test slideshow::a_slideshow_runs_in_the_viewer_from_its_menu ... ok
2026-10-06T09:51:12.1799227Z test status_bar::a_search_page_says_why_it_is_empty ... ok
2026-10-06T09:51:12.3426887Z test sidebar_layout::pressed_old_handle_cannot_resize_same_key_successor_binding_or_same_session_reload ... ok
2026-10-06T09:51:12.4836235Z test status_bar::the_status_bar_is_the_reference_s ... ok
2026-10-06T09:51:12.4837216Z test still::rendering_cuts_out_the_part_and_resizes_it ... ok
2026-10-06T09:51:12.4837943Z test still::the_part_showing_is_resized_to_the_pixels_it_covers ... ok
2026-10-06T09:51:12.5132215Z test sort_cog::owned_cogs_stage_cancel_reopen_and_feed_independent_default_and_fallback_keys ... ok
2026-10-06T09:51:12.6465349Z test subscriptions::actual_subscription_list_transport_choices_dispatch_frozen_packages_and_guard_owners ... ok
2026-10-06T09:51:12.8154983Z test subscriptions::closing_subscription_merge_owner_discards_pending_and_completed_drafts ... ok
2026-10-06T09:51:12.8304024Z test subscriptions::add_uses_a_separate_gallery_list_then_the_editor ... ok
2026-10-06T09:51:12.9744487Z test subscriptions::direct_import_picker_and_pending_notices_are_invalid_after_owner_cancel ... ok
2026-10-06T09:51:13.0993199Z test subscriptions::direct_missing_history_acceptance_uses_empty_owned_queues_and_dismissal_continues ... ok
2026-10-06T09:51:13.3078819Z test subscriptions::favourites_load_selected_subscriptions_and_custom_overwrite_obeys_owner_lifetime ... ok
2026-10-06T09:51:13.4175973Z test status_bar::the_main_window_says_what_the_network_has_read_and_what_is_paused ... ok
2026-10-06T09:51:13.5725587Z test subscriptions::full_subscription_exchange_is_staged_cancellable_and_reopens_with_complete_histories ... ok
2026-10-06T09:51:13.7355225Z test subscriptions::merging_separating_and_resetting_are_written_on_apply ... ok
2026-10-06T09:51:13.7828164Z test subscriptions::legacy_subscription_clipboard_import_reaches_saved_query_settings_and_full_histories ... ok
2026-10-06T09:51:13.9169145Z test subscriptions::subscription_exchange_file_menus_load_selected_packages_and_cancel_invalid_batches ... ok
2026-10-06T09:51:14.0785385Z test subscriptions::subscription_missing_history_asks_original_question_before_staging_or_persisting ... ok
2026-10-06T09:51:14.3105946Z test subscriptions::subscription_option_clipboard_edits_stay_staged_and_closed_owners_cannot_apply ... ok
2026-10-06T09:51:14.5345415Z test subscriptions::direct_import_menus_replay_qt_type_warnings_file_prefixes_and_missing_rejection ... ok
2026-10-06T09:51:14.6919264Z test subscriptions::the_dialog_lists_the_subscriptions_and_changes_them_on_apply ... ok
2026-10-06T09:51:14.7973217Z test subscriptions::subscription_reset_and_retries_refresh_persisted_export_caches_and_forget_file_hashes ... ok
2026-10-06T09:51:14.9325588Z test subscriptions_dedupe::duplicate_queries_are_deduplicated_and_written_on_apply ... ok
2026-10-06T09:51:14.9636794Z test subscriptions_duplicate::a_duplicate_is_written_with_its_file_logs ... ok
2026-10-06T09:51:15.0971768Z test subscriptions_separate::some_queries_are_separated_and_written_on_apply ... ok
2026-10-06T09:51:15.5951901Z test subscriptions::subscription_merge_stages_all_groups_and_preserves_query_histories ... ok
2026-10-06T09:51:15.7207989Z test system_or_activation::actual_main_and_basic_system_acceptance_preserves_shift_and_reaches_consumers ... ok
2026-10-06T09:51:16.3955790Z test tab_drag::real_wheel_replays_qt_selection_and_staged_scroll_overflow_without_changing_session ... ok
2026-10-06T09:51:17.6484533Z test sidebar_layout::real_drag_menu_saved_defaults_per_page_reopen_restore_options_and_exit_ownership ... ok
2026-10-06T09:51:20.7250512Z test tab_presentation::selected_glyph_measurement_triggers_elision_at_the_actual_near_fit_boundary ... ok
2026-10-06T09:51:20.7445910Z test tab_presentation::apply_cancel_reopen_and_four_sides_preserve_real_nested_selection_and_full_names ... ok
2026-10-06T09:51:20.9597670Z test tag_dialog_preferences::expanded_parent_rows_keep_colour_and_activate_their_originating_tag ... ok
2026-10-06T09:51:20.9995200Z test tag_dialog_defaults::remembered_tag_service_survives_native_cancel_without_saving_staged_tags ... ok
2026-10-06T09:51:21.4321114Z test tag_display::dialogs_cancel_nested_editors_persist_and_refresh_locked_pages_and_viewer ... ok
2026-10-06T09:51:21.4864203Z test tag_filter_favourites::blacklist_extra_panels_and_all_four_paste_controls_follow_the_recording ... ok
2026-10-06T09:51:21.6297885Z test tag_filter_favourites::shared_favourites_exchange_and_cancel_preserve_the_owner_and_persist_on_reopen ... ok
2026-10-06T09:51:22.4167477Z test tag_dialog_preferences::options_apply_cancel_reopen_and_rendered_tag_service_topologies ... ok
2026-10-06T09:51:22.6125565Z test tag_list_display_types::sidebar_and_viewer_opening_modes_are_independent_after_gui_apply ... ok
2026-10-06T09:51:22.7815315Z test tag_migration::an_open_filter_child_cannot_broaden_a_confirmed_delete ... ok
2026-10-06T09:51:23.0295249Z test tag_migration::archive_controls_inspect_reject_wrong_pair_types_and_freeze_confirmed_paths ... ok
2026-10-06T09:51:23.0475102Z test tag_list_display_types::options_apply_cancel_new_sidebar_and_viewer_replay_raw_display_and_filters ... ok
2026-10-06T09:51:23.2523990Z test tag_migration::cancellation_allows_immediate_popup_dismissal_then_publishes_cleanup ... ok
2026-10-06T09:51:23.2665221Z test tag_migration::closing_settings_retains_the_published_job_until_completion ... ok
2026-10-06T09:51:23.4033691Z test tag_migration::global_tags_menu_opens_unrestricted_migration_and_can_reopen_after_cancel ... ok
2026-10-06T09:51:23.6586950Z test tag_migration::manage_tags_launches_selected_scope_and_refreshes_after_background_delete ... ok
2026-10-06T09:51:23.6772248Z test tag_migration::progress_popup_renders_the_recorded_paused_state ... ok
2026-10-06T09:51:23.8329785Z test tag_migration::service_review_opens_migration_with_reference_questions_and_renders ... ok
2026-10-06T09:51:24.1805770Z test tag_namespace_order::hidden_stale_rebound_and_accepted_close_children_cannot_stage_or_save ... ok
2026-10-06T09:51:24.6456708Z test tag_namespace_order::real_queue_matches_all_reference_prompts_and_parent_transactions ... ok
2026-10-06T09:51:24.8392693Z test tag_namespace_order::saved_order_reaches_the_real_sidebar_tag_sort ... ok
2026-10-06T09:51:25.1489368Z test tag_relationships::dialogs_stage_cancel_apply_questions_and_update_display ... ok
2026-10-06T09:51:25.1890656Z test tab_presentation::recorded_hide_gate_retains_live_hierarchy_access_and_elision_changes_actual_paint ... ok
2026-10-06T09:51:25.3378650Z Slint: long callback/instantiation chain detected
2026-10-06T09:51:25.3537692Z test thumbnail_appearance::browse_uses_typed_draft_seed_and_hidden_appearance_controls_cannot_stage ... ok
2026-10-06T09:51:25.3650421Z test thumbnail_appearance::blurhash_real_metadata_default_invalid_disable_and_owned_cache_policy ... ok
2026-10-06T09:51:25.5581958Z test thumbnail_appearance::default_new_page_small_nonuniform_background_has_exact_unscaled_extent_on_resize ... ok
2026-10-06T09:51:25.8537654Z test thumbnail_appearance::exit_cancel_preserves_nonempty_background_and_accepted_exit_permanently_clears_it ... ok
2026-10-06T09:51:25.8703379Z test thumbnail_appearance::old_page_cached_scroll_revisit_is_instant_and_fresh_decode_rearms_fade ... ok
2026-10-06T09:51:26.1847578Z test thumbnail_appearance::staged_browse_cancel_apply_new_page_policy_and_permanent_owner_retirement ... ok
2026-10-06T09:51:26.4006713Z test thumbnail_appearance::real_main_selection_whole_cell_render_midpoint_finish_hide_and_retire ... ok
2026-10-06T09:51:26.5096264Z test thumbnail_appearance::whole_cell_snapshots_exact_default_threshold_interruptions_and_cached_revisit ... ok
2026-10-06T09:51:26.6527885Z test thumbnail_appearance::unscaled_background_clips_oversized_pixels_and_stays_fixed_on_scroll_and_clear ... ok
2026-10-06T09:51:26.7595336Z Slint: long callback/instantiation chain detected
2026-10-06T09:51:26.7642926Z test thumbnail_icons::a_collection_s_banners_say_what_all_its_files_do ... ok
2026-10-06T09:51:26.8756674Z Slint: long callback/instantiation chain detected
2026-10-06T09:51:26.8791979Z test thumbnail_icons::the_banners_are_the_references ... ok
2026-10-06T09:51:26.9975249Z test thumbnail_icons::the_banners_obey_the_single_file_tag_display_filter ... ok
2026-10-06T09:51:27.0631988Z test thumbnail_cache::staged_exact_byte_units_timeout_policy_clear_reopen_and_incarnation_retirement ... ok
2026-10-06T09:51:27.0935103Z test tag_migration::completed_popup_remains_visible_until_past_its_three_second_deadline ... ok
2026-10-06T09:51:27.1076201Z test thumbnail_icons::the_banners_show_pending_tags ... ok
2026-10-06T09:51:27.2427316Z test thumbnail_icons::the_grid_draws_each_thumbnail_s_icons ... ok
2026-10-06T09:51:27.2565216Z test thumbnail_icons::the_icons_are_the_references ... ok
2026-10-06T09:51:27.4898665Z test thumbnail_menu::the_menu_is_the_reference_s ... ok
2026-10-06T09:51:27.5055376Z test thumbnail_menu::the_urls_menu_opens_pages_of_a_url_and_asks_before_opening_several ... ok
2026-10-06T09:51:27.5355202Z test thumbnail_menu::a_right_click_shows_the_menu_and_its_entries_act ... ok
2026-10-06T09:51:27.6375089Z Slint: long callback/instantiation chain detected
2026-10-06T09:51:27.6865061Z Slint: long callback/instantiation chain detected
2026-10-06T09:51:27.6964632Z test thumbnail_preview_selection::live_store_collection_gate_uses_all_members_and_preserves_zero_duration_distinction ... ok
2026-10-06T09:51:27.9434950Z test thumbnail_ratings::the_grid_draws_each_thumbnail_s_ratings ... ok
2026-10-06T09:51:28.1065507Z test thumbnail_ratings::the_grid_draws_ratings_as_the_options_say ... ok
2026-10-06T09:51:36.7015466Z test thumbnail_preview_selection::staged_controls_reach_pointer_range_key_preview_and_permanent_owner_retirement ... ok
2026-10-06T09:51:37.3620302Z test thumbnail_selection::several_thumbnails_are_selected_and_acted_on ... ok
2026-10-06T09:51:37.3845047Z test unlock::only_the_password_unlocks_the_client ... ok
2026-10-06T09:51:37.5317581Z test unselected_tag_cap::changing_sort_recomputes_the_capped_prefix ... ok
2026-10-06T09:51:38.0192177Z test tab_drag::real_pointer_drag_replays_shift_chase_hover_transfer_disable_and_cancel_with_ordered_media ... ok
2026-10-06T09:51:38.7656584Z test viewer_drag::actual_pointer_drags_replay_qt_and_options_refresh_cancel_and_reopen ... ok
2026-10-06T09:51:39.6108395Z test viewer_drag::two_visible_viewers_read_saved_preferences_and_keep_independent_live_lifetimes ... ok
2026-10-06T09:51:39.8869556Z test viewer_menu::a_right_click_shows_the_viewer_s_menu_and_its_entries_act ... ok
2026-10-06T09:51:40.0433593Z test unselected_tag_cap::real_options_apply_cancel_reopen_counts_sorted_items_and_uncapped_selection ... ok
2026-10-06T09:51:40.0817263Z test viewer_menu::the_viewer_s_menu_is_the_reference_s ... ok
2026-10-06T09:51:40.2558466Z test viewer_prefetch::archive_delete_uses_saved_neighbour_counts_and_retains_current_media_after_warm_readiness ... ok
2026-10-06T09:51:40.6502069Z test viewer_prefetch::actual_duplicate_filter_uses_the_same_saved_percentage_for_future_images_without_replacing_current ... ok
2026-10-06T09:51:40.8437646Z test viewer_prefetch::options_cancel_hidden_modal_save_reopen_and_live_hidden_viewer_warming_leave_current_pixels_unchanged ... ok
2026-10-06T09:51:41.0747166Z test viewer_top_frame::the_viewer_s_top_hover_frame ... ok
2026-10-06T09:51:41.2199551Z test viewer_window::closing_an_older_viewer_releases_its_canvas_without_closing_its_successor ... ok
2026-10-06T09:51:41.3798442Z test viewer_window::the_viewer_opens_fullscreen_and_f_switches ... ok
2026-10-06T09:51:41.4067694Z test thumbnail_selection::borders_and_margins_lay_the_grid_out ... ok
2026-10-06T09:51:41.4535254Z test viewing_maintenance::closing_and_dropping_the_question_releases_its_timer_owner ... ok
2026-10-06T09:51:41.5651300Z test viewing_maintenance::real_menu_clear_and_cull_read_live_rules_preserve_declines_and_reopen ... ok
2026-10-06T09:51:41.6278223Z test viewing_maintenance::retired_hidden_and_successor_owners_cannot_clear_or_cull_current_records ... ok
2026-10-06T09:51:41.6325144Z test viewer_window::the_viewer_s_browsing_shortcuts ... ok
2026-10-06T09:51:41.7979266Z test watcher_checker::the_watcher_pages_checker_options_buttons ... ok
2026-10-06T09:51:41.8990729Z test volume::the_viewer_s_volume_control ... ok
2026-10-06T09:51:42.0497437Z test write_autocomplete::batch_context_menu_copies_and_launches_real_and_or_each_and_duplicate_pages ... ok
2026-10-06T09:51:42.1675312Z test write_autocomplete::detached_write_tag_child_commits_once_and_discards_closed_owner_answers ... ok
2026-10-06T09:51:42.4335488Z test write_autocomplete::favourite_children_tabs_and_applied_cap_feed_manage_tags_and_import_tag_child ... ok
2026-10-06T09:51:42.5900649Z test write_autocomplete::import_whitelist_child_unlocks_on_cancel_and_closes_with_its_parent ... ok
2026-10-06T09:51:42.6189874Z test viewer_tag_wheel::long_tag_hover_scrolls_before_policy_gated_real_navigation_and_zoom ... ok
2026-10-06T09:51:42.8885218Z test write_autocomplete::normal_paste_replays_cursor_selection_and_accepted_tags_preserve_the_draft ... ok
2026-10-06T09:51:42.9315476Z test window_rescue::staged_options_cancel_reopen_and_live_owned_opening_consumer_match_qt ... ok
2026-10-06T09:51:43.0405115Z test write_autocomplete::keyboard_result_selection_copy_and_native_text_copy_use_their_own_focus ... ok
2026-10-06T09:51:43.0875394Z test write_autocomplete::regeneration_question_repairs_counts_only_on_yes_and_invalidates_on_cancel ... ok
2026-10-06T09:51:43.1976401Z test write_autocomplete::paste_confirmation_skip_and_list_height_are_consumed_by_manage_tags ... ok
2026-10-06T09:51:43.2188366Z test write_autocomplete::relationship_autocomplete_preserves_service_drafts_and_cancels_paste_with_owner ... ok
2026-10-06T09:51:43.3705463Z test write_autocomplete::shared_tag_menu_favourites_questions_copy_launch_and_owner_lifetime ... ok
2026-10-06T09:51:43.4735857Z test write_autocomplete::selected_batches_stage_in_shared_dialogs_and_closed_owners_ignore_callbacks ... ok
2026-10-06T09:51:43.5761455Z test write_autocomplete::replacement_history_replays_real_keys_typing_undo_redo_and_independent_owners ... ok
2026-10-06T09:51:43.5773003Z test zoom::a_file_dragged_away_is_rescued_when_zoomed ... ok
2026-10-06T09:51:43.5781831Z test zoom::configurable_top_hover_zoom_cycles_match_real_qt_positions ... ok
2026-10-06T09:51:43.5794454Z test zoom::resizing_preserves_or_recenters_the_recorded_zoom_and_pan ... ok
2026-10-06T09:51:43.5805837Z test zoom::switching_files_keeps_the_zoom_as_the_duplicate_filter_does ... ok
2026-10-06T09:51:43.6083288Z test write_autocomplete::write_domain_buttons_query_counts_and_own_cancelled_location_child ... ok
2026-10-06T09:51:43.6100117Z test zoom::video_renders_at_the_size_shown_up_to_twice_the_window ... ok
2026-10-06T09:51:43.6102396Z test zoom::zooming_steps_about_the_pointer_and_switches ... ok
2026-10-06T09:51:43.6103388Z test zoom::zooming_to_max_is_as_the_reference_s ... ok
2026-10-06T09:51:43.6103939Z test zoom::zooms_follow_the_settings ... ok
2026-10-06T09:51:43.6169470Z test write_autocomplete::tag_menu_launches_native_search_and_duplicate_pages_with_recorded_predicates ... ok
2026-10-06T09:51:43.8709679Z test zoom::the_viewer_and_the_archive_delete_filter_zoom_and_pan ... ok
2026-10-06T09:51:48.3244042Z test thumbnail_navigation::owned_options_replay_cancel_save_reopen_and_real_keyboard_wheel_consumers ... ok
2026-10-06T09:51:48.3250575Z 
2026-10-06T09:51:48.3250661Z failures:
2026-10-06T09:51:48.3250770Z 
2026-10-06T09:51:48.3251051Z ---- image_cache::speed_memory_helpers_own_wrapped_space_at_preferred_and_capture_sizes stdout ----
2026-10-06T09:51:48.3251401Z 
2026-10-06T09:51:48.3251845Z thread 'image_cache::speed_memory_helpers_own_wrapped_space_at_preferred_and_capture_sizes' (10916) panicked at crates/hydrus-gui/tests/gui/image_cache.rs:462:17:
2026-10-06T09:51:48.3252804Z caption/control rectangles must leave positive vertical space: MenuChoiceFrame { h: 30.0, w: 400.0, x: 488.0, y: 296.0 } then MenuChoiceFrame { h: 14.0, w: 652.0, x: 236.0, y: 324.0 } at 900x640
2026-10-06T09:51:48.3253266Z note: run with `RUST_BACKTRACE=1` environment variable to display a backtrace
2026-10-06T09:51:48.3253439Z 
2026-10-06T09:51:48.3253619Z ---- options_window::most_used_child_stages_each_service_cancels_descendants_and_persists_options stdout ----
2026-10-06T09:51:48.3254053Z 
2026-10-06T09:51:48.3254529Z thread 'options_window::most_used_child_stages_each_service_cancels_descendants_and_persists_options' (12498) panicked at crates/hydrus-gui/tests/gui/options_window.rs:123:9:
2026-10-06T09:51:48.3255032Z most-used editor label did not settle: selected="my tags", displayed="downloader tags"
2026-10-06T09:51:48.3255221Z 
2026-10-06T09:51:48.3255223Z 
2026-10-06T09:51:48.3255274Z failures:
2026-10-06T09:51:48.3255474Z     image_cache::speed_memory_helpers_own_wrapped_space_at_preferred_and_capture_sizes
2026-10-06T09:51:48.3256040Z     options_window::most_used_child_stages_each_service_cancels_descendants_and_persists_options
2026-10-06T09:51:48.3256241Z 
2026-10-06T09:51:48.3256403Z test result: FAILED. 695 passed; 2 failed; 0 ignored; 0 measured; 0 filtered out; finished in 146.84s
2026-10-06T09:51:48.3256606Z 
2026-10-06T09:51:48.4168843Z [1m[91merror[0m: test failed, to rerun pass `-p hydrus-gui --test gui`
2026-10-06T09:51:48.4169414Z [1m[92m     Running[0m unittests src/lib.rs (target/debug/deps/hydrus_gui_model-853ad77814c06543)
2026-10-06T09:51:48.4173098Z 
2026-10-06T09:51:48.4173162Z running 39 tests
2026-10-06T09:51:48.4176282Z test duplicate_filter::tests::deletion_reasons_read_as_the_reference_writes_them ... ok
2026-10-06T09:51:48.4176904Z test favourites::tests::names_are_made_unique_as_the_reference_makes_them ... ok
2026-10-06T09:51:48.4179954Z test list_selection::tests::a_selection_follows_its_items ... ok
2026-10-06T09:51:48.4180635Z test list_selection::tests::clicks_select_as_qt_s_extended_selection ... ok
2026-10-06T09:51:48.4181220Z test main_menu::tests::a_disabled_menu_does_not_open ... ok
2026-10-06T09:51:48.4181684Z test main_menu::tests::advanced_mode_offers_to_nudge_subscriptions ... ok
2026-10-06T09:51:48.4182657Z test main_menu::tests::entries_hydrus_rs_cannot_do_are_not_usable ... ok
2026-10-06T09:51:48.4183102Z test main_menu::tests::clicking_an_entry_chooses_it_unless_it_cannot_be ... ok
2026-10-06T09:51:48.4183543Z test main_menu::tests::closed_pages_are_offered_latest_first ... ok
2026-10-06T09:51:48.4187111Z test main_menu::tests::hovering_opens_submenus_beside_their_entries ... ok
2026-10-06T09:51:48.4187709Z test main_menu::tests::keys_move_through_the_menus ... ok
2026-10-06T09:51:48.4188246Z test main_menu::tests::mnemonics_open_the_bar_s_menus ... ok
2026-10-06T09:51:48.4188859Z test main_menu::tests::saved_sessions_of_its_own_can_be_saved_over_and_deleted ... ok
2026-10-06T09:51:48.4189311Z test main_menu::tests::separators_show_as_qt_shows_them ... ok
2026-10-06T09:51:48.4194448Z test main_menu::tests::several_folders_get_a_check_all_and_one_does_not ... ok
2026-10-06T09:51:48.4194988Z test main_menu::tests::the_history_is_numbered_latest_first_and_kept_to_twenty ... ok
2026-10-06T09:51:48.4195509Z test main_menu::tests::the_pending_menu_lists_repositories_with_content_a_to_z ... ok
2026-10-06T09:51:48.4964976Z test options::tests::only_the_options_changed_are_set ... ok
2026-10-06T09:51:48.4965521Z test options::tests::thumbnail_rating_sizes_go_up_to_the_thumbnails_width ... ok
2026-10-06T09:51:48.4966035Z test options::tests::times_show_as_the_references_fields ... ok
2026-10-06T09:51:48.4966517Z test options::tests::the_search_finds_options_by_their_labels_and_boxes ... ok
2026-10-06T09:51:48.4968179Z test options::tests::the_editor_edits_the_page_shown ... ok
2026-10-06T09:51:48.5466955Z test options::tests::values_that_cant_be_had_are_left_saying_why ... ok
2026-10-06T09:51:48.5583654Z test page_chooser::tests::menus_lead_to_pages_as_in_the_reference ... ok
2026-10-06T09:51:48.5584912Z test options::tests::times_rates_and_text_that_may_be_none_are_edited ... ok
2026-10-06T09:51:48.5851476Z test predicate_editors::defaults::tests::namespace_shortcuts_and_empty_results_follow_the_actual_star_menu ... ok
2026-10-06T09:51:48.6085542Z test page_chooser::tests::file_domains_are_offered_by_name ... ok
2026-10-06T09:51:48.6383204Z test predicate_editors::defaults::tests::star_regex_save_skips_accept_validation_like_the_actual_reference ... ok
2026-10-06T09:51:48.6384518Z test predicate_editors::special::tests::hashes_are_read_as_the_reference_reads_them ... ok
2026-10-06T09:51:48.6385260Z test predicate_editors::special::tests::lines_are_summed_up_as_the_reference_sums_them ... ok
2026-10-06T09:51:48.6385911Z test predicate_editors::tests::a_date_is_read_as_typed ... ok
2026-10-06T09:51:48.6386564Z test predicate_editors::tests::rating_is_offered_with_a_rating_service_and_the_rest_everywhere ... ok
2026-10-06T09:51:48.6387272Z test predicate_editors::tests::time_fields_split_a_span_into_its_units ... ok
2026-10-06T09:51:48.6388243Z test sort::tests::choices_are_named_and_ordered_as_the_reference_orders_them ... ok
2026-10-06T09:51:48.6395011Z test status::bandwidth_tests::only_what_is_read_while_the_client_is_open_counts ... ok
2026-10-06T09:51:48.6395962Z test status::bandwidth_tests::the_network_part_reads_as_the_reference_s ... ok
2026-10-06T09:51:48.6497720Z test predicate_editors::defaults::tests::service_keys_and_fractional_viewtime_survive_reordered_contexts_and_reopening ... ok
2026-10-06T09:51:48.9904780Z test predicate_editors::defaults::tests::comparability_replays_all_reference_subtypes_and_rating_services ... ok
2026-10-06T09:51:49.5997639Z test predicate_editors::defaults::tests::all_recorded_panel_families_restore_typed_defaults_and_explicit_inputs ... ok
2026-10-06T09:51:49.5998097Z 
2026-10-06T09:51:49.5998325Z test result: ok. 39 passed; 0 failed; 0 ignored; 0 measured; 0 filtered out; finished in 1.18s
2026-10-06T09:51:49.5998608Z 
2026-10-06T09:51:49.6021333Z [1m[92m     Running[0m tests/model/main.rs (target/debug/deps/model-6a4c3e05d83a2a67)
2026-10-06T09:51:49.6050938Z 
2026-10-06T09:51:49.6051307Z running 525 tests
2026-10-06T09:51:49.6102098Z test about::the_about_window_says_what_the_references_does ... ok
2026-10-06T09:51:49.6123489Z test active_predicates::actual_qt_inherited_copy_payloads_and_page_routes_match_all_recorded_selections ... ok
2026-10-06T09:51:49.6129130Z test active_predicates::actual_qt_commands_preserve_inverse_add_vs_ctrl_toggle_and_exact_result_sets ... ok
2026-10-06T09:51:49.6202433Z test active_predicates::supplied_size_and_limit_reopen_exact_values_despite_saved_creation_defaults ... ok
2026-10-06T09:51:49.6210639Z test active_predicates::mixed_controls_replay_real_qt_values_row_order_cancel_and_parser_vetoes ... ok
2026-10-06T09:51:49.8348985Z test api_update_toasts::all_recorded_apply_cancel_reopen_cases_and_concurrent_width_survive ... ok
2026-10-06T09:51:49.8497025Z test archive_delete_policies::real_independent_controls_cancel_reopen_merge_and_retained_legacy_native_precedence ... ok
2026-10-06T09:51:49.9263628Z test animation_start::recorded_raw_constructor_cancel_unchanged_apply_reopen_and_scoped_merge ... ok
2026-10-06T09:51:49.9314007Z test archive_repair::captured_scan_preserves_intervening_edits_and_cancellation_rolls_back_content_transaction ... ok
2026-10-06T09:51:49.9354924Z test auto_resolution_exchange::exported_rules_import_again ... ok
2026-10-06T09:51:49.9418550Z test auto_resolution_exchange::the_reference_s_serialised_rules_import ... ok
2026-10-06T09:51:49.9419332Z test auto_resolution_review::approving_and_denying_report_progress_as_the_reference_s ... ok
2026-10-06T09:51:50.0265763Z test archive_delete_policies::replaced_domain_identity_rejects_entire_commit_before_archiving_kept_files ... ok
2026-10-06T09:51:50.0315491Z test auto_resolution_rules::a_new_rule_searches_as_the_references_add_does ... ok
2026-10-06T09:51:50.0329932Z test auto_resolution_rules::add_offers_the_references_comparators ... ok
2026-10-06T09:51:50.0377115Z test auto_resolution_rules::rules_rows_and_comparators_are_the_references ... ok
2026-10-06T09:51:50.1182282Z test archive_repair::exact_global_scan_questions_population_writes_and_reopened_times_match_reference ... ok
2026-10-06T09:51:50.1385977Z test auto_resolution_review::each_rules_tabs_list_its_pairs_as_the_reference ... ok
2026-10-06T09:51:50.1453589Z test checker_options::edits_change_the_editor_as_the_references ... ok
2026-10-06T09:51:50.1454564Z test checker_options::ok_asks_as_the_references_does ... ok
2026-10-06T09:51:50.1454930Z test checker_options::ok_raises_times_below_their_least ... ok
2026-10-06T09:51:50.2027037Z test autocomplete_tabs::literal_favourite_rows_remain_selected_as_tags_until_explicitly_deselected ... ok
2026-10-06T09:51:50.2074891Z test checker_options::the_editor_opens_as_the_references ... ok
2026-10-06T09:51:50.2081283Z test checker_options::the_reasonable_defaults_are_the_references ... ok
2026-10-06T09:51:50.2101481Z test client_api_admin::browser_url_uses_reported_listener_over_cli_overridden_service_settings ... ok
2026-10-06T09:51:50.2758358Z test client_api_admin::listener_settings_preserve_unrelated_services_and_imported_flags ... ok
2026-10-06T09:51:50.3340742Z test client_api_admin::reference_rows_permissions_questions_and_duplicates ... ok
2026-10-06T09:51:50.3364782Z test checker_options::the_downloading_page_edits_the_default_checker_options ... ok
2026-10-06T09:51:50.3436464Z test clipboard_urls::changed_text_switches_and_url_policy_match_the_reference ... ok
2026-10-06T09:51:50.3454919Z test command_palette::calculator_matches_qt_precedence_integer_types_errors_and_special_values ... ok
2026-10-06T09:51:50.3468006Z test command_palette::defaults_and_provider_queue_match_the_qt_options_editor ... ok
2026-10-06T09:51:50.3745837Z test autocomplete_tabs::read_and_write_selection_replay_the_same_qt_tabs_and_persist_only_accepted_edits ... ok
2026-10-06T09:51:50.3780336Z test command_palette::late_workers_cannot_repopulate_a_new_query_or_closed_owner ... ok
2026-10-06T09:51:50.3781610Z test command_palette::providers_match_real_qt_order_limits_and_thresholds ... ok
2026-10-06T09:51:50.3795430Z test command_palette::unicode_casefold_expands_before_provider_and_menu_thresholds ... ok
2026-10-06T09:51:50.3886437Z test client_api_admin::staged_keys_cancel_persist_collision_and_stale_apply ... ok
2026-10-06T09:51:50.4051092Z test command_palette::each_live_provider_policy_reaches_its_results_and_preferences_persist ... ok
2026-10-06T09:51:50.4080587Z test database_backup::questions_name_the_paths_as_the_reference_does ... ok
2026-10-06T09:51:50.4092031Z test database_backup::the_menu_follows_the_backup_location_and_storage ... ok
2026-10-06T09:51:50.4092794Z test database_locations::rows_and_buttons_follow_the_reference ... ok
2026-10-06T09:51:50.4963478Z test archive_delete_policies::actual_qt_domain_alternatives_priorities_delay_and_selected_transaction ... ok
2026-10-06T09:51:50.5316410Z test content_undo::archiving_can_be_undone_and_redone_from_the_menu ... ok
2026-10-06T09:51:50.5317233Z test database_maintenance::the_menus_enable_the_jobs_hydrus_rs_runs ... ok
2026-10-06T09:51:50.5344518Z test datetime_editor::the_date_time_editor_works_as_the_references_does ... ok
2026-10-06T09:51:50.5345312Z test debug_actions::modal_countdown_and_env_dump_read_as_the_reference_s ... ok
2026-10-06T09:51:50.5346132Z test debug_actions::some_popups_are_the_reference_s_less_its_callbacks ... ok
2026-10-06T09:51:50.5877155Z test content_undo::tag_changes_name_their_service ... ok
2026-10-06T09:51:50.6032478Z test database_maintenance::questions_buttons_and_service_choices_are_the_reference_s ... ok
2026-10-06T09:51:50.7556813Z test delete_files::mixed_existing_reasons_match_qt_preserve_each_file_and_do_not_replace_last_reason ... ok
2026-10-06T09:51:50.7682005Z test delete_files::clean_delete_preserves_locked_files_and_remembered_fields_merge_with_options ... ok
2026-10-06T09:51:50.7688361Z test delete_files::reason_queue_matches_recorded_cancel_empty_duplicate_movement_and_delete ... ok
2026-10-06T09:51:50.7715380Z test downloader_definitions::domain_mask_queue_replays_staged_crud_and_insertion_order ... ok
2026-10-06T09:51:50.7769991Z test downloader_definitions::domain_mode_and_independent_tester_replay_reference_and_preserve_disabled_values ... ok
2026-10-06T09:51:50.8389807Z test downloader_definitions::drafts_preserve_identity_links_and_current_unrelated_settings ... ok
2026-10-06T09:51:50.8413922Z test downloader_definitions::editor_controls_change_matching_normalisation_and_validate_pagination ... ok
2026-10-06T09:51:50.8848220Z test downloader_definitions::generator_copies_nested_repair_and_delete_are_staged ... ok
2026-10-06T09:51:50.8849967Z test downloader_definitions::invalid_examples_and_defaults_cannot_be_committed ... ok
2026-10-06T09:51:50.9424391Z test downloader_definitions::previews_use_native_encoding_options_and_nested_columns_sort_by_count ... ok
2026-10-06T09:51:51.0073229Z test downloader_definitions::reference_rows_previews_and_vetoes_are_replayed ... ok
2026-10-06T09:51:51.0152121Z test downloader_definitions::selectable_preview_values_use_recorded_api_referral_and_gallery_consumers ... ok
2026-10-06T09:51:51.0160223Z test downloader_display::displayed_url_labels_filters_order_and_cap_replay_reference ... ok
2026-10-06T09:51:51.0164244Z test downloader_display::replay_actual_tri_state_questions_and_rows ... ok
2026-10-06T09:51:51.0761508Z test downloader_display::save_merges_only_edited_keys_and_preserves_concurrent_definitions ... ok
2026-10-06T09:51:51.0778346Z test downloader_interchange::an_api_pair_source_yields_to_its_eligible_target_during_parser_linking ... ok
2026-10-06T09:51:51.0782754Z test downloader_interchange::duplicate_class_relinks_the_runtime_winner_instead_of_the_first_equivalent_row ... ok
2026-10-06T09:51:51.1350663Z test downloader_interchange::imported_class_and_parser_link_reaches_the_live_registry ... ok
2026-10-06T09:51:51.2160559Z test downloader_interchange::mixed_login_cancel_malformed_and_stale_scripts_never_partially_save_downloaders ... ok
2026-10-06T09:51:51.2890712Z test downloader_interchange::mixed_login_import_replays_qt_duplicates_links_and_saved_consumer_without_exporting_credentials ... ok
2026-10-06T09:51:51.2938812Z test delete_files::physical_only_dialog_remembers_builtin_and_custom_service_keys_like_qt ... ok
2026-10-06T09:51:51.3303450Z test downloader_interchange::reference_duplicate_rules_remap_nested_members_and_keep_auxiliary_context ... ok
2026-10-06T09:51:51.3976617Z test downloader_interchange::package_invalid_and_cancelled_staging_do_not_mutate_store_and_stale_apply_rolls_back ... ok
2026-10-06T09:51:51.4053338Z test delete_files::advanced_reasons_match_actual_qt_defaults_existing_and_remembered_selection ... ok
2026-10-06T09:51:51.4100833Z test downloader_update_times::strict_deadlines_ratios_minimum_fallback_saved_changes_and_forcing_match_qt ... ok
2026-10-06T09:51:51.4174847Z test downloader_interchange::scoped_list_import_is_atomic_and_parser_save_preserves_original_context ... ok
2026-10-06T09:51:51.4176130Z test duplicate_colours::qcolor_rounding_and_independent_transparency_replay_actual_canvas_outputs ... ok
2026-10-06T09:51:51.5438146Z test duplicates_filtering::counts_and_random_groups_read_the_basic_client ... ok
2026-10-06T09:51:51.5443550Z test duplicates_filtering::edits_and_texts_follow_the_reference ... ok
2026-10-06T09:51:51.6775669Z test duplicates_filtering::resync_drops_pairs_of_files_out_of_local_storage ... ok
2026-10-06T09:51:51.6794798Z test duplicates_page::the_auto_resolution_rules_rows_are_the_references ... ok
2026-10-06T09:51:51.6795556Z test duplicates_page::the_preparation_tab_says_what_the_references_does ... ok
2026-10-06T09:51:51.7063949Z test duplicate_colours::options_keep_saved_zero_on_cancel_then_normalise_on_apply_and_preserve_concurrent_background ... ok
2026-10-06T09:51:51.7084615Z test edit_subscription::the_dialog_opens_as_the_references ... ok
2026-10-06T09:51:51.7106189Z test edit_subscription::the_query_buttons_act_as_the_references ... ok
2026-10-06T09:51:51.7108504Z test embedded_metadata::basics_and_png_instruction_match_the_reference ... ok
2026-10-06T09:51:51.7111367Z test embedded_metadata::exif_sort_selection_and_raw_copy_match_the_reference ... ok
2026-10-06T09:51:51.7117401Z test existing_tags_filter::existing_filter_acceptance_enables_only_the_captured_service_and_round_trips ... ok
2026-10-06T09:51:51.7159329Z test downloader_update_times::exact_constructor_fields_unchanged_apply_cancel_legacy_and_concurrent_field_merge ... ok
2026-10-06T09:51:51.7740511Z test duplicates_progress::qt_staging_persistence_and_scoped_save_drive_strict_caught_up_preparation_labels ... ok
2026-10-06T09:51:51.8786782Z test export_files::cancellation_and_missing_sources_never_trash_partial_exports ... ok
2026-10-06T09:51:51.9054328Z test export_files::copies_overwrite_existing_files_and_route_metadata ... ok
2026-10-06T09:51:51.9072090Z test export_files::shared_pattern_menu_copies_recorded_phrases_including_its_heading ... ok
2026-10-06T09:51:51.9094995Z test export_files::preview_and_confirmations_match_reference_panel ... ok
2026-10-06T09:51:52.0579540Z test export_files::selected_export_tags_counts_sort_selection_and_copy_match_actual_panel ... ok
2026-10-06T09:51:52.0616069Z test external_calls::actual_defaults_menu_routes_preserve_prior_selection_and_generate_unique_named_keys ... ok
2026-10-06T09:51:52.0620843Z test external_calls::actual_qt_sort_tie_break_casefold_and_duplicate_selection_routes ... ok
2026-10-06T09:51:52.0630655Z test external_calls::actual_reference_substitution_validation_and_argument_cleaning ... ok
2026-10-06T09:51:52.0655252Z test external_calls::cancelling_the_owner_terminates_and_reaps_its_started_direct_child ... ok
2026-10-06T09:51:52.0694349Z test external_calls::command_clipboard_review_and_cleaned_example_match_actual_qt ... ok
2026-10-06T09:51:52.0719192Z test external_calls::command_parameter_queue_selection_reorder_and_keyboard_match_actual_qt ... ok
2026-10-06T09:51:52.0722221Z test external_calls::command_queue_reverse_edit_and_keyboard_origins_match_actual_qt ... ok
2026-10-06T09:51:52.0723253Z test external_calls::duplicate_import_warnings_match_python_repr_and_all_size_boundaries ... ok
2026-10-06T09:51:52.0724355Z test external_calls::list_acceptance_retains_edit_key_and_selection_but_regenerates_import_and_duplicate_keys ... ok
2026-10-06T09:51:52.0799820Z test export_files::symlinks_existing_links_and_hardlinks_preserve_source_content ... ok
2026-10-06T09:51:52.0918486Z test export_files::sidecar_failure_blocks_trash_even_after_copy_and_success_trashes ... ok
2026-10-06T09:51:52.1277707Z test external_calls::saved_call_executes_owned_harmless_process_with_exact_single_argument_and_no_shell_interpretation ... ok
2026-10-06T09:51:52.2037188Z test favourite_search_editor::favourite_controls_replay_reference_domain_sort_collect_and_predicate_values ... ok
2026-10-06T09:51:52.2039844Z test file_history::dropping_worker_cancels_inflight_read_and_never_runs_pending_read ... ok
2026-10-06T09:51:52.2464800Z test ffmpeg_timeout::qt_options_cancel_bounds_reopen_and_concurrent_changes ... ok
2026-10-06T09:51:52.2468527Z test file_history::owned_worker_runs_only_latest_queued_query_and_discards_cancelled_closed_results ... ok
2026-10-06T09:51:52.2479415Z test file_log::clipboard_source_batches_match_actual_reference_imports ... ok
2026-10-06T09:51:52.2817029Z test file_log::renormalisation_collapses_later_duplicates_and_preserves_first_progress_and_metadata ... ok
2026-10-06T09:51:52.2820524Z test file_log::selected_import_objects_match_full_reference_clipboard_bytes ... ok
2026-10-06T09:51:52.2828561Z test file_log::selected_urls_are_one_exact_match_or_container ... ok
2026-10-06T09:51:52.2909316Z test file_log::source_png_carriers_import_actual_qt_exports_and_render_custom_headers ... ok
2026-10-06T09:51:52.2920546Z test file_log::the_file_log_is_the_references ... ok
2026-10-06T09:51:52.2930080Z test file_maintenance_current::recorded_counts_selection_due_gate_and_numeric_sort_use_typed_identity ... ok
2026-10-06T09:51:52.3188900Z test file_history::global_and_filtered_series_ranges_visibility_refresh_and_cancel_match_actual_chart ... ok
2026-10-06T09:51:52.3189920Z test file_maintenance_new::the_tab_says_what_the_reference_does ... ok
2026-10-06T09:51:52.3190488Z test file_relationships::a_file_alone_offers_only_a_search_reset ... ok
2026-10-06T09:51:52.3194706Z test file_relationships::a_grouped_file_shows_its_group_and_what_can_be_undone ... ok
2026-10-06T09:51:52.4155218Z test file_maintenance_new::chosen_files_get_the_job_queued ... ok
2026-10-06T09:51:52.4286098Z test file_relationships::setting_and_undoing_relationships_reaches_the_store ... ok
2026-10-06T09:51:52.5440962Z test file_view_removal::filter_content_pruning_reports_only_domain_departures_after_intervening_trash ... ok
2026-10-06T09:51:52.6947682Z test file_view_removal::filter_removal_matches_recorded_commit_gates_and_skipped_return_file ... ok
2026-10-06T09:51:52.7107358Z test filename_rules::advanced_lists_children_and_filename_consumers_match_real_reference ... ok
2026-10-06T09:51:52.7128431Z test filename_rules::both_original_regex_buttons_offer_the_recorded_help_components_and_favourites ... ok
2026-10-06T09:51:52.7128857Z test filename_rules::child_identity_is_frozen_and_unrelated_callbacks_preserve_it ... ok
2026-10-06T09:51:52.8270541Z test filename_simple::additive_entry_and_selected_union_replay_real_simple_panel_without_spreading_untouched_tags ... ok
2026-10-06T09:51:52.8276443Z test filename_simple::native_path_backend_matches_actual_reference_rebasing_and_mixed_separator_tags ... ok
2026-10-06T09:51:52.8325361Z test filename_tagging::rows_and_values_are_the_references ... ok
2026-10-06T09:51:52.8325988Z test filename_tagging::single_tags_are_shown_and_removed_for_the_selection ... ok
2026-10-06T09:51:52.8329799Z test filename_tagging::typed_regexes_and_quick_namespaces_are_checked ... ok
2026-10-06T09:51:52.8340037Z test filesize_predicate::choices_bounds_and_explicit_reopening_match_qt ... ok
2026-10-06T09:51:52.8344355Z test filetype_tree::groups_tick_their_filetypes_and_give_back_specific_ones ... ok
2026-10-06T09:51:52.8797963Z test folder_runs::named_then_all_folders_are_flagged_to_run ... ok
2026-10-06T09:51:52.9306785Z test file_view_removal::actual_qt_media_list_trash_move_and_physical_pruning_matrix ... ok
2026-10-06T09:51:52.9319145Z test folders::the_export_folder_dialog_is_the_references ... ok
2026-10-06T09:51:52.9328430Z test folders::the_import_folder_dialog_is_the_references ... ok
2026-10-06T09:51:52.9329945Z test folders::the_lists_name_what_they_add_and_edit_uniquely ... ok
2026-10-06T09:51:52.9333630Z test folders::the_lists_rows_are_the_references ... ok
2026-10-06T09:51:52.9346329Z test force_filetype::the_force_filetypes_dialog_is_the_reference_s ... ok
2026-10-06T09:51:52.9359415Z test force_idle::actual_toggle_checks_and_real_worker_entry_matrix ... ok
2026-10-06T09:51:52.9360011Z test formula_editors::fetched_documents_replay_reference_success_error_and_cancellation_context ... ok
2026-10-06T09:51:52.9374459Z test formula_editors::formula_editor_bulk_name_conflicts_match_reference ... ok
2026-10-06T09:51:52.9375347Z test formula_editors::formula_editor_controls_and_parses_match_reference ... ok
2026-10-06T09:51:52.9385438Z test formula_editors::formula_editor_rule_queue_matches_reference_actions ... ok
2026-10-06T09:51:52.9386500Z test formula_editors::formula_editor_type_and_named_list_actions_match_reference ... ok
2026-10-06T09:51:52.9387638Z test formula_editors::formula_editor_type_changes_use_fresh_defaults_and_preserve_separated_content ... ok
2026-10-06T09:51:52.9388483Z test formula_editors::formula_editors_preserve_other_kinds_and_inactive_rule_settings ... ok
2026-10-06T09:51:52.9391537Z test formula_editors::multiple_test_documents_retain_edits_sources_and_selected_child_order ... ok
2026-10-06T09:51:52.9399487Z test formula_editors::recursive_formula_fields_and_transformed_child_data_match_reference ... ok
2026-10-06T09:51:52.9403869Z test formula_editors::scalar_formula_controls_match_reference ... ok
2026-10-06T09:51:52.9414390Z test formula_editors::six_kind_chooser_defaults_match_reference ... ok
2026-10-06T09:51:52.9415615Z test formula_editors::zipper_member_queue_and_substitution_match_reference ... ok
2026-10-06T09:51:52.9445320Z test frame_locations::frame_table_defaults_cells_and_selected_actions_match_actual_qt ... ok
2026-10-06T09:51:52.9922760Z test folders::export_folder_examples_use_recorded_queries_limits_and_media_contexts ... ok
2026-10-06T09:51:53.0013329Z test frame_locations::named_geometry_transactions_preserve_peer_frames_and_latest_viewer_save_preference ... ok
2026-10-06T09:51:53.0045055Z test gallery_source::captions_and_installed_parser_functionality_match_real_reference ... ok
2026-10-06T09:51:53.0064501Z test gallery_source::key_wins_over_conflicting_name_and_cycles_are_bounded ... ok
2026-10-06T09:51:53.0135094Z test gallery_source::two_stage_choices_selection_cancellation_and_empty_warning_match_reference ... ok
2026-10-06T09:51:53.1412426Z test frame_locations::settings_keep_unknown_rows_and_merge_unedited_runtime_geometry ... ok
2026-10-06T09:51:53.1725329Z test gui_colours::all_twenty_six_rgb_roles_and_independent_tabs_stage_cancel_apply_and_reopen_like_qt ... ok
2026-10-06T09:51:53.3138703Z test gui_colours::staged_role_changes_merge_with_live_help_switch_and_other_saved_rgb_roles ... ok
2026-10-06T09:51:53.3165815Z test gui_colours::old_imported_store_keeps_retained_legacy_rgb_until_native_values_take_precedence ... ok
2026-10-06T09:51:53.3194882Z test gui_format::recorded_current_local_offsets_and_ancient_boundaries_match_python ... ok
2026-10-06T09:51:53.3214975Z test gui_format::recorded_summaries_previews_expiry_and_scheduling_variants_reach_existing_models ... ok
2026-10-06T09:51:53.4691564Z test gui_format::precision_reaches_existing_import_png_network_and_service_displays ... ok
2026-10-06T09:51:53.4743452Z test hash_predicate::cleanup_and_explicit_values_match_real_qt ... ok
2026-10-06T09:51:53.5918530Z test how_boned::the_basic_client_s_statistics_read_as_the_reference_s ... ok
2026-10-06T09:51:53.6351768Z test idle_timeout_options::edited_idle_thresholds_merge_without_overwriting_live_unrelated_preferences ... ok
2026-10-06T09:51:53.6454162Z test gui_format::staged_bounds_cancel_save_reopen_and_real_log_columns_match_qt ... ok
2026-10-06T09:51:53.7101693Z test idle_timeout_options::noneable_timeout_controls_replay_qt_defaults_floor_bounds_retention_and_reopen ... ok
2026-10-06T09:51:53.7116399Z test idle_timeout_options::implicit_idle_normalisation_preserves_newer_fields_and_explicit_edits_still_apply ... ok
2026-10-06T09:51:53.7122541Z test idle_timeout_options::saved_timeout_choices_replay_strict_qt_boot_activity_and_ignore_gates ... ok
2026-10-06T09:51:53.7161032Z test image_cache::actual_byte_timeout_and_percentage_controls_match_the_recording ... ok
2026-10-06T09:51:53.8033890Z test database_maintenance::accepted_runs_send_the_reference_s_popups ... ok
2026-10-06T09:51:53.8059089Z test image_cache::actual_pending_rgb_rgba_touch_admission_soft_overflow_policy_and_expiry ... ok
2026-10-06T09:51:53.8440381Z test image_cache::untouched_normalized_controls_preserve_concurrent_fields_but_explicit_edits_win ... ok
2026-10-06T09:51:53.8539575Z test image_cache::actual_legacy_native_wins_changed_fields_and_raw_control_values_survive_reopen ... ok
2026-10-06T09:51:53.8558076Z test import_options_editor::caller_defaults_lists_and_fallback_labels_match_real_reference_editors ... ok
2026-10-06T09:51:53.8570045Z test import_options_editor::defaults_editor_uses_parent_stack_and_retains_hidden_custom_kinds ... ok
2026-10-06T09:51:53.8583939Z test import_options_editor::each_kinds_summary_is_the_references ... ok
2026-10-06T09:51:53.8585632Z test import_options_editor::text_fields_read_and_write_lists_and_renames ... ok
2026-10-06T09:51:53.8596479Z test import_options_editor::the_editors_lists_are_the_references ... ok
2026-10-06T09:51:53.8621036Z test import_options_overwrite::favourite_add_rename_and_delete_preserve_reference_names_and_other_defaults ... ok
2026-10-06T09:51:53.8642459Z test import_options_overwrite::shared_overwrite_presets_and_manual_default_match_real_dialog ... ok
2026-10-06T09:51:53.8646527Z test import_options_panel::sorted_selection_frozen_clear_and_profile_identity_are_independent ... ok
2026-10-06T09:51:53.8726074Z test import_options_panel::three_lists_and_staged_actions_replay_the_reference ... ok
2026-10-06T09:51:53.9174566Z test import_work_slots::loaded_out_of_range_controls_normalize_only_on_unchanged_apply ... ok
2026-10-06T09:51:53.9176487Z test import_work_slots::missing_and_raw_legacy_keys_preserve_independent_defaults ... ok
2026-10-06T09:51:53.9443225Z test image_colour::qt_icc_checkbox_cancel_saved_reopen_preserves_concurrent_viewer_rules ... ok
2026-10-06T09:51:53.9444312Z test importer_menu::an_importers_own_presentation_is_named_and_not_offered_again ... ok
2026-10-06T09:51:53.9450085Z test importer_menu::presentation_summaries_are_the_references ... ok
2026-10-06T09:51:53.9456255Z test importer_menu::the_list_menus_are_the_references ... ok
2026-10-06T09:51:53.9571200Z test idle_timeout_options::raw_imported_seconds_normalise_only_on_unchanged_acceptance_as_qt_does ... ok
2026-10-06T09:51:54.0154083Z test import_work_slots::reference_controls_stay_staged_and_saved_limits_survive_reopening ... ok
2026-10-06T09:51:54.0876011Z test incremental_tagging::actual_qt_initial_clamps_and_long_decimal_previews_preserve_safe_native_inference ... ok
2026-10-06T09:51:54.1157533Z test incremental_tagging::actual_child_defaults_conflicts_reverse_pairs_and_nested_cancellation_replay ... ok
2026-10-06T09:51:54.1843372Z test incremental_tagging::add_then_remove_retains_the_reference_deleted_mapping_in_private_preview ... ok
2026-10-06T09:51:54.1855183Z test local_import_dialog::parsing_shows_its_progress_and_can_be_paused_and_stopped ... ok
2026-10-06T09:51:54.1879214Z test local_import_dialog::the_list_is_the_references ... ok
2026-10-06T09:51:54.2245175Z test incremental_tagging::initial_start_uses_actual_unicode_decimal_sorting_and_ignores_negative_subtags ... ok
2026-10-06T09:51:54.3640662Z test local_transfer::deleted_destination_restores_timestamp_and_stale_source_cannot_move ... ok
2026-10-06T09:51:54.3705870Z test local_transfer::actual_qt_options_defaults_drafts_and_field_scoped_save ... ok
2026-10-06T09:51:54.4588825Z test legacy_seed_caches::upgraded_historical_histories_reach_native_counts_restore_and_reopen_intact ... ok
2026-10-06T09:51:54.4593887Z test login_script_controls::script_cog_matches_qt_login_context_and_rejects_replaced_requests ... ok
2026-10-06T09:51:54.4617982Z test login_workflows::cookie_requirements_match_real_qt_pair_edits_cancel_and_duplicate_looking_keys ... ok
2026-10-06T09:51:54.4637453Z test login_workflows::credentials_match_reference_display_order_status_and_confirmation ... ok
2026-10-06T09:51:54.4724813Z test login_workflows::domain_add_change_and_delete_replay_all_recorded_prompt_chains ... ok
2026-10-06T09:51:54.5161814Z test local_transfer::stale_destination_membership_and_reused_service_id_never_retarget_a_question ... ok
2026-10-06T09:51:54.5216306Z test login_workflows::domain_credentials_replay_reference_validity_activation_cancel_and_delay_reset ... ok
2026-10-06T09:51:54.5226853Z test login_workflows::embedded_step_cookie_list_replays_sorted_pair_actions_and_confirmed_bulk_delete ... ok
2026-10-06T09:51:54.5250564Z test login_workflows::example_domains_replay_reference_defaults_duplicate_errors_and_final_cancel_acceptance ... ok
2026-10-06T09:51:54.5252316Z test login_workflows::domain_apply_preserves_concurrent_script_edits_and_rejects_domain_conflicts ... ok
2026-10-06T09:51:54.5253983Z test login_workflows::login_domain_rows_replay_cookie_expiry_and_pretty_delay_reference ... ok
2026-10-06T09:51:54.5272185Z test login_workflows::login_step_content_replays_reference_unique_import_cancel_sort_and_request_cleanup ... ok
2026-10-06T09:51:54.5284701Z test login_workflows::preserved_credentials_load_then_native_save_controls_domain_warnings ... ok
2026-10-06T09:51:54.5289527Z test login_workflows::request_arguments_replay_real_qt_rename_duplicates_blank_values_and_cancel ... ok
2026-10-06T09:51:54.5304521Z test login_workflows::three_argument_lists_keep_independent_extended_selection_and_bulk_deletion ... ok
2026-10-06T09:51:54.5309911Z test login_workflows::scripts_import_rename_and_delete_keep_reference_name_and_key_rules ... ok
2026-10-06T09:51:54.5787268Z test main_identity::implicit_name_normalisation_and_other_fields_preserve_concurrent_updates ... ok
2026-10-06T09:51:54.7368594Z test main_identity::constructor_cancel_unchanged_apply_and_reopen_match_raw_qt_names ... ok
2026-10-06T09:51:54.8019288Z test main_menu::import_and_export_folders_are_offered_to_run_now ... ok
2026-10-06T09:51:54.8550000Z test main_menu::repositories_add_their_pages_and_pending_menu ... ok
2026-10-06T09:51:54.8550816Z test manage_notes::copies_as_python_writes_json ... ok
2026-10-06T09:51:54.8551349Z test manage_notes::notes_dialog_steps_as_the_reference ... ok
2026-10-06T09:51:54.8551866Z test manage_notes::the_menu_counts_the_focused_files_notes ... ok
2026-10-06T09:51:54.8930381Z test main_menu::the_menu_bar_is_the_reference_s ... ok
2026-10-06T09:51:55.0932512Z test manage_tag_counts::deleted_counts_status_rows_and_global_toggle_replay_apply_cancel_and_reopen ... ok
2026-10-06T09:51:55.1528329Z test ffmpeg_timeout::already_open_import_review_uses_live_store_deadline_for_real_metadata_detection ... ok
2026-10-06T09:51:55.2829157Z test manage_tags_sort::independent_defaults_stage_cancel_apply_reopen_and_merge_only_changed_context ... ok
2026-10-06T09:51:55.3705404Z test manage_tags_sort::open_service_tabs_keep_local_sort_after_options_change_and_new_dialog_reads_default ... ok
2026-10-06T09:51:55.3735227Z test media_view_options::delete_spares_classes_and_add_copies_the_class ... ok
2026-10-06T09:51:55.3735921Z test media_view_options::rows_addable_types_and_editor_choices_are_the_reference_s ... ok
2026-10-06T09:51:55.4567979Z test manage_tags_sort::sibling_sort_uses_raw_tags_when_storage_sibling_information_is_disabled ... ok
2026-10-06T09:51:55.4625622Z test menu_choice_wheel::signed_wrap_and_empty_single_choice_signals_match_actual_qt ... ok
2026-10-06T09:51:55.5223280Z test menu_choice_wheel::simple_options_sort_retains_the_recorded_text_and_count_orders ... ok
2026-10-06T09:51:55.5298226Z test menu_choice_wheel::real_media_type_flat_order_unknown_current_and_matching_order_labels_match_qt ... ok
2026-10-06T09:51:55.6024717Z test menu_choice_wheel::staged_setting_saves_only_its_key_and_unchanged_draft_preserves_live_value ... ok
2026-10-06T09:51:55.6826930Z test merge_options_editor::the_editor_edits_merge_options_as_the_reference_does ... ok
2026-10-06T09:51:55.6833062Z test namespace_colours::edit_recolours_each_selected_entry_in_place ... ok
2026-10-06T09:51:55.7989433Z test manage_tags_sort::both_contexts_replay_all_real_sort_types_orders_siblings_and_groupings ... ok
2026-10-06T09:51:55.8051264Z test namespace_colours::sorted_add_keeps_qt_positional_range_anchor_then_delete_resets_it ... ok
2026-10-06T09:51:55.8054624Z test namespace_sorts::duplicate_ids_and_frozen_edits_survive_selection_changes_cancel_and_removal ... ok
2026-10-06T09:51:55.8055908Z test namespace_sorts::replay_actual_queue_add_edit_escaped_names_views_moves_and_delete_answers ... ok
2026-10-06T09:51:55.8605512Z test merge_summaries::merges_are_summarised_as_the_reference ... ok
2026-10-06T09:51:55.8893842Z test network_data::drafts_preserve_unrelated_edits_and_reject_changed_defaults ... ok
2026-10-06T09:51:55.9110817Z test network_data::fresh_live_usage_wins_until_the_daemon_heartbeat_expires ... ok
2026-10-06T09:51:55.9124933Z test network_data::replay_qt_bandwidth_rows_rules_and_questions ... ok
2026-10-06T09:51:55.9126148Z test network_job_control::cog_replays_actual_qt_context_submenu_and_phase_actions ... ok
2026-10-06T09:51:55.9127013Z test network_job_control::control_auto_policy_targets_future_requests_and_owner_clears_error_once ... ok
2026-10-06T09:51:55.9355833Z test namespace_colours::qt_namespace_add_normalization_protected_mixed_delete_and_options_cancel_reopen ... ok
2026-10-06T09:51:55.9640484Z test network_data::reference_bandwidth_age_rule_filters_months_and_history_deletion ... ok
2026-10-06T09:51:55.9776103Z test network_sessions::automatic_header_questions_replay_reference_deduplicate_and_reject_changed_payloads ... ok
2026-10-06T09:51:55.9950204Z test network_sessions::cleared_session_draft_preserves_a_later_request_cookie ... ok
2026-10-06T09:51:56.0202978Z test network_sessions::cookie_exchange_replays_reference_fields_questions_and_collisions ... ok
2026-10-06T09:51:56.0398134Z test network_sessions::detached_cookie_drafts_preserve_attributes_merge_and_reject_conflicts_atomically ... ok
2026-10-06T09:51:56.0451862Z test network_sessions::header_case_groups_delete_exact_rows_and_reject_concurrent_variant_insertions ... ok
2026-10-06T09:51:56.0455292Z test network_sessions::reference_rows_validation_and_confirmation ... ok
2026-10-06T09:51:56.0700247Z test network_sessions::headers_merge_unrelated_writes_and_cancel_and_reject_same_key_changes ... ok
2026-10-06T09:51:56.0993332Z test network_sessions::malformed_cookie_batches_never_partially_change_the_draft_and_browser_routes_silos ... ok
2026-10-06T09:51:56.1005896Z test open_externally::actual_qt_registered_choices_queue_order_and_protected_mime_rows ... ok
2026-10-06T09:51:56.1016395Z test open_externally::configured_empty_specific_and_missing_call_never_fall_through_custom_route ... ok
2026-10-06T09:51:56.1609732Z test open_externally::washing_renames_deduplicates_removes_missing_without_name_remap_and_persists ... ok
2026-10-06T09:51:56.2056039Z test options_dialog::advanced_network_ranges_and_clamps_match_the_reference ... ok
2026-10-06T09:51:56.2125829Z test local_transfer::recorded_copy_strict_and_merge_questions_drive_real_memberships ... ok
2026-10-06T09:51:56.2250632Z test normal_time_maintenance::recorded_flags_cancel_apply_reopen_and_live_peer_preservation ... ok
2026-10-06T09:51:56.2505527Z test options_dialog::application_names_and_exit_switch_apply_as_the_reference_does ... ok
2026-10-06T09:51:56.2836055Z test notes_preferences::actual_cog_copy_variants_and_options_persistence_replay ... ok
2026-10-06T09:51:56.2955204Z test options_dialog::export_default_directory_matches_recorded_blank_literal_and_portable_paths ... ok
2026-10-06T09:51:56.3760736Z test options_dialog::cursor_autohide_control_matches_reference_default_bounds_and_none ... ok
2026-10-06T09:51:56.3857167Z test options_dialog::closing_controls_stage_all_reference_preferences_without_persisting ... ok
2026-10-06T09:51:56.4448876Z test options_dialog::file_search_boolean_controls_replay_reference_defaults_and_staged_edits ... ok
2026-10-06T09:51:56.4521150Z test options_dialog::eye_menu_preferences_follow_all_reference_combinations_without_saving_detached_edits ... ok
2026-10-06T09:51:56.5235302Z test options_dialog::hash_prefix_control_matches_reference_default_and_checkbox ... ok
2026-10-06T09:51:56.5310489Z test options_dialog::file_search_limit_controls_stage_and_clamp_reference_values ... ok
2026-10-06T09:51:56.5930582Z test options_dialog::notebook_navigation_preferences_match_recorded_controls ... ok
2026-10-06T09:51:56.5945314Z test options_dialog::local_location_option_matches_reference_and_keeps_child_changes_staged ... ok
2026-10-06T09:51:56.6525397Z test options_dialog::remembered_options_pages_and_auxiliary_search_match_the_reference ... ok
2026-10-06T09:51:56.6544879Z test options_dialog::regex_favourites_child_edits_wait_for_parent_apply ... ok
2026-10-06T09:51:56.6839700Z test options_dialog::passive_background_controls_match_reference_and_stage_independent_copies ... ok
2026-10-06T09:51:56.6942966Z test options_dialog::read_presentation_controls_match_reference_ranges_and_staged_values ... ok
2026-10-06T09:51:56.6999216Z test options_dialog::reopening_numeric_options_clamps_saved_advanced_values ... ok
2026-10-06T09:51:56.8105733Z test options_dialog::removed_service_choices_clamp_drafts_and_service_names_are_searchable ... ok
2026-10-06T09:51:56.8215967Z test options_dialog::session_backup_count_matches_recorded_control_and_clamps ... ok
2026-10-06T09:51:56.8755550Z test options_dialog::subscription_file_failure_limit_replays_qt_noneable_states_in_parent_transaction ... ok
2026-10-06T09:51:56.8907502Z test options_dialog::subscription_concurrency_replays_recorded_clamps_and_committed_parent_states ... ok
2026-10-06T09:51:56.9477932Z test options_dialog::the_options_search_offers_what_the_references_does ... ok
2026-10-06T09:51:56.9535685Z test options_dialog::system_sleep_controls_match_reference_and_clamp ... ok
2026-10-06T09:51:56.9602067Z test options_dialog::tag_service_controls_match_reference_and_remember_interlock ... ok
2026-10-06T09:51:57.0171959Z test options_dialog::the_options_pages_are_the_references ... ok
2026-10-06T09:51:57.0886613Z test options_dialog::the_thumbnail_rating_sizes_go_up_to_the_thumbnails_width ... ok
2026-10-06T09:51:57.1145064Z test options_dialog::viewer_canvas_controls_match_reference_and_stage_bounded_values ... ok
2026-10-06T09:51:57.1146083Z test options_dialog::viewer_focus_controls_stage_independent_reference_policies ... ok
2026-10-06T09:51:57.1620400Z test options_dialog::viewer_hover_controls_replay_reference_enabled_states ... ok
2026-10-06T09:51:57.1621472Z test orphan_files::the_popup_says_what_was_cleared ... ok
2026-10-06T09:51:57.2572978Z test options_dialog::viewer_pointer_controls_stage_the_reference_drag_preferences ... ok
2026-10-06T09:51:57.2645162Z test or_connector::qt_raw_blank_newline_cancel_reopen_and_live_namespace_changes_remain_isolated ... ok
2026-10-06T09:51:57.2777690Z test options_dialog::zoom_switch_and_animation_loop_controls_match_reference_and_stage_changes ... ok
2026-10-06T09:51:57.2780930Z test page_layout::qt_live_sizes_saved_hidden_positions_and_signed_legacy_bounds ... ok
2026-10-06T09:51:57.2788674Z test page_navigation_options::history_limit_replays_actual_menu_without_discarding_backing_history ... ok
2026-10-06T09:51:57.3268677Z test page_layout::hide_draft_cancel_apply_reopen_preserves_concurrent_saved_sizes_and_exit_switch ... ok
2026-10-06T09:51:57.3295748Z test page_tree::cursor_expansion_and_activation_replay_actual_frame_tree ... ok
2026-10-06T09:51:57.3307562Z test page_tree::stable_keys_survive_reorder_rename_and_closed_cursor_without_stale_activation ... ok
2026-10-06T09:51:57.3311719Z test parser_editors::any_namespace_toggle_retains_the_disabled_namespace ... ok
2026-10-06T09:51:57.3339352Z test parser_editors::auto_fill_reference_owner_leaves_candidates_unapplied_and_reviews_api_pairs ... ok
2026-10-06T09:51:57.3583016Z test page_chooser_options::all_flag_combinations_replay_real_service_order_layout_and_choices ... ok
2026-10-06T09:51:57.3584564Z test parser_editors::content_change_keeps_unsupported_formula_and_note_newlines ... ok
2026-10-06T09:51:57.4112589Z test page_chooser_options::legacy_checkbox_defaults_are_imported_and_top_choices_remain_independent ... ok
2026-10-06T09:51:57.4126854Z test parser_editors::per_class_parser_choices_replay_matching_groups_and_validate_stable_keys ... ok
2026-10-06T09:51:57.4141983Z test parser_editors::recorded_content_kinds_and_runtime_previews ... ok
2026-10-06T09:51:57.4174779Z test parser_editors::recorded_recursive_subsidiaries_preserve_context_documents_and_runtime_outputs ... ok
2026-10-06T09:51:57.4193569Z test parser_editors::recorded_subsidiary_queue_import_and_duplicate_preserve_keys_and_select_new_rows ... ok
2026-10-06T09:51:57.4199381Z test parser_editors::test_context_rejects_invalid_duplicate_and_reserved_variables ... ok
2026-10-06T09:51:57.4213686Z test parser_editors::native_parser_save_preserves_other_settings_and_rejects_stale_edits ... ok
2026-10-06T09:51:57.4214453Z test parser_test_data::fetched_media_detection_tracks_example_selection_and_clears_on_text_changes ... ok
2026-10-06T09:51:57.4265082Z test parser_editors::timestamp_editor_normalises_recorded_source_choice_and_preserves_converted_metadata ... ok
2026-10-06T09:51:57.4355719Z test page_navigation_options::imported_defaults_and_options_limits_replay_reference_spinbox_clamping ... ok
2026-10-06T09:51:57.4556562Z test parser_test_data::typed_png_summary_and_header_keep_the_recorded_object_package ... ok
2026-10-06T09:51:57.4603494Z test popup_freeze::real_qt_hidden_and_minimized_states_do_not_use_focus_and_unknown_is_explicit ... ok
2026-10-06T09:51:57.4787730Z test parser_test_data::recorded_raw_data_previews_match_without_changing_the_parser_document ... ok
2026-10-06T09:51:57.5301583Z test popup_width::legacy_raw_integers_and_independent_edited_fields_are_preserved ... ok
2026-10-06T09:51:57.5446779Z test popup_freeze::staged_cancel_save_reopen_and_concurrent_popup_fields_are_preserved ... ok
2026-10-06T09:51:57.5491651Z test predicate_history::actual_histories_replay_toggles_recency_cross_page_or_and_clear ... ok
2026-10-06T09:51:57.5516002Z test predicate_history::refused_inputs_reordering_and_stale_history_commands_do_not_mutate_recency ... ok
2026-10-06T09:51:57.5795158Z test parser_editors::changed_links_revalidate_current_class_capability_and_rollback_atomically ... ok
2026-10-06T09:51:57.5905206Z test preview_default_zoom::exact_real_preview_geometry_uses_preview_rules_and_keeps_full_viewer_zooms ... ok
2026-10-06T09:51:57.7240809Z test physical_delete_delay::real_constructor_cancel_acceptance_reopen_fields_and_concurrent_policy_replacement ... ok
2026-10-06T09:51:57.7255923Z test quick_export_directory::actual_file_submenu_enables_and_selects_quick_export_directory ... ok
2026-10-06T09:51:57.7279009Z test preview_default_zoom::actual_qt_choices_staged_cancel_save_reopen_and_independent_viewer_policy ... ok
2026-10-06T09:51:57.7437917Z test popup_width::qt_bounds_staging_cancel_loaded_normalisation_and_durable_reopen ... ok
2026-10-06T09:51:57.7591738Z test preview_default_zoom::retained_legacy_fallback_and_native_wins_survive_store_reopen ... ok
2026-10-06T09:51:57.8854847Z test ratings_editor::a_middle_click_count_sets_an_inc_dec_control_and_nothing_else ... ok
2026-10-06T09:51:57.9105128Z test ratings_editor::the_manage_ratings_dialog_works_as_the_references_does ... ok
2026-10-06T09:51:57.9216570Z test radio_return::cancelled_staging_changed_save_and_unchanged_concurrent_apply_match_actual_options ... ok
2026-10-06T09:51:58.0119854Z test recent_predicates::each_editor_shows_its_pages_recent_predicates ... ok
2026-10-06T09:51:58.0436411Z test recent_predicates::predicates_have_the_reference_s_type_numbers ... ok
2026-10-06T09:51:58.0456049Z test regex_favourites::favourite_rows_and_input_boundaries_match_real_qt ... ok
2026-10-06T09:51:58.0484833Z test regex_favourites::legacy_favourites_load_until_native_values_including_empty_are_saved ... ok
2026-10-06T09:51:58.0505173Z test regex_favourites::matcher_favourite_menu_matches_actual_qt_actions_and_copy_payloads ... ok
2026-10-06T09:51:58.0539907Z test regex_favourites::readonly_row_input_menu_uses_saved_pairs_without_recursive_management ... ok
2026-10-06T09:51:58.0540667Z test regex_favourites::regex_clipboard_components_match_real_qt ... ok
2026-10-06T09:51:58.0590841Z test recent_predicates::recent_predicates_are_kept_as_the_reference_keeps_them ... ok
2026-10-06T09:51:58.0597038Z test related_weights::folded_header_sorts_add_selection_and_independent_tables_match_actual_qt ... ok
2026-10-06T09:51:58.0641085Z test related_weights::namespace_questions_and_detached_tables_match_actual_qt ... ok
2026-10-06T09:51:58.1075273Z test rating_sizes::four_sizes_replay_qt_ranges_fractional_values_cancel_and_reopen ... ok
2026-10-06T09:51:58.1234622Z test recent_predicates::the_reference_s_recent_predicates_come_across ... ok
2026-10-06T09:51:58.1255132Z test related_weights::search_and_result_weights_change_actual_qt_cosine_ranking_separately ... ok
2026-10-06T09:51:58.1260309Z test search_log::exchange_questions_replay_actual_reference_answers_and_complete_objects ... ok
2026-10-06T09:51:58.1284460Z test search_log::the_search_log_is_the_references ... ok
2026-10-06T09:51:58.1324500Z test search_or::advanced_boolean_preview_replays_all_operators_escapes_and_real_validation ... ok
2026-10-06T09:51:58.1354445Z test search_or::staged_or_replays_actual_read_broadcasts_rewind_cancel_and_single_unwrap ... ok
2026-10-06T09:51:58.2152621Z test related_weights::binary64_result_rounding_and_sibling_contexts_replay_the_actual_db ... ok
2026-10-06T09:51:58.2256688Z test related_weights::options_acceptance_merges_only_weights_and_preserves_live_unrelated_preferences ... ok
2026-10-06T09:51:58.2274270Z test selection::selecting_thumbnails_is_the_reference_s ... ok
2026-10-06T09:51:58.2847097Z test services_editor::cancel_name_collision_and_apply_publish_snapshot ... ok
2026-10-06T09:51:58.3239605Z test selected_deletion_records::captured_clearable_records_match_actual_reference_changes_during_question ... ok
2026-10-06T09:51:58.3254089Z test related_weights::real_service_mappings_replay_recorded_ranks_and_never_cross_service ... ok
2026-10-06T09:51:58.3256945Z test services_editor::numerical_example_one_star_retains_live_conversion_but_saves_normalized_scale ... ok
2026-10-06T09:51:58.3263675Z test services_editor::numerical_settings_normalize_as_reference ... ok
2026-10-06T09:51:58.3294560Z test services_editor::rating_example_whole_widget_pointer_routes_replay_qt ... ok
2026-10-06T09:51:58.3536428Z test services_editor::deletion_reconciles_deleted_union_and_display_counts ... ok
2026-10-06T09:51:58.3776727Z test services_editor::nonempty_domain_race_rejects_and_rolls_back_all_edits ... ok
2026-10-06T09:51:58.4074933Z test selected_deletion_records::real_writer_later_batch_error_preserves_first_commit_and_remaining_records ... ok
2026-10-06T09:51:58.4077494Z test services_review::deleted_record_double_confirmation_matches_reference ... ok
2026-10-06T09:51:58.4336767Z test services_editor::writer_rechecks_last_domain_and_rating_limits ... ok
2026-10-06T09:51:58.4482200Z test services_editor::rating_examples_replay_qt_samples_live_configuration_and_no_saved_values ... ok
2026-10-06T09:51:58.4492146Z test session_lifecycle::autosave_replays_idle_retries_period_changes_and_stopping_for_other_startup ... ok
2026-10-06T09:51:58.4493447Z test session_lifecycle::idle_requires_boot_user_mouse_and_api_timeouts_and_enabled_normal_work ... ok
2026-10-06T09:51:58.4495540Z test session_lifecycle::real_auxiliary_dialog_mouse_and_api_actions_update_independent_idle_timers ... ok
2026-10-06T09:51:58.4498767Z test session_lifecycle::recovery_question_matches_real_startup_dialog_labels_message_and_auto_yes_time ... ok
2026-10-06T09:51:58.4500325Z test session_lifecycle::size_warning_replays_real_threshold_seed_weight_disabled_and_one_boot_latch ... ok
2026-10-06T09:51:58.4503499Z test session_saving::backup_menu_labels_match_the_reference ... ok
2026-10-06T09:51:58.4511353Z test session_saving::clear_and_load_asks_as_the_references_does ... ok
2026-10-06T09:51:58.4517419Z test session_saving::saving_sessions_asks_and_saves_as_the_reference ... ok
2026-10-06T09:51:58.4518139Z test session_weight::the_report_weighs_files_as_one_and_urls_as_twenty ... ok
2026-10-06T09:51:58.4520249Z test set_password::scripted_answers_ask_and_save_as_the_reference ... ok
2026-10-06T09:51:58.4557158Z test shortcut_capture::actual_qt_keyboard_and_mouse_controls_replay_exact_values_text_and_modes ... ok
2026-10-06T09:51:58.4578219Z test shortcut_capture::saved_keypad_policy_preserves_digits_and_resolves_non_number_alternates ... ok
2026-10-06T09:51:58.4817461Z test services_editor::reference_rows_guards_and_defaults ... ok
2026-10-06T09:51:58.5230868Z test services_review::local_bulk_actions_match_recorded_confirmations_and_reject_wrong_service ... ok
2026-10-06T09:51:58.5231465Z test shortcut_content::the_editor_builds_and_reads_back_commands ... ok
2026-10-06T09:51:58.5322259Z test shortcut_sets::a_new_client_has_the_reference_s_default_sets ... ok
2026-10-06T09:51:58.5329636Z test shortcut_sets::custom_sets_are_named_apart_deleted_and_defaults_restored ... ok
2026-10-06T09:51:58.5330742Z test shortcut_sets::names_order_and_descriptions_are_the_reference_s ... ok
2026-10-06T09:51:58.5331339Z test shutdown_work::shutdown_work_runs_asks_or_skips_as_the_reference_decides ... ok
2026-10-06T09:51:58.5765122Z test services_review::review_matches_reference_statistics ... ok
2026-10-06T09:51:58.6144461Z test shutdown_work::the_work_analyzes_the_due_tables_and_registers_itself ... ok
2026-10-06T09:51:58.6205443Z test shortcut_content::a_tag_is_added_then_flipped_off ... ok
2026-10-06T09:51:58.6420436Z test shortcut_content::ratings_set_flip_and_step ... ok
2026-10-06T09:51:58.6773021Z test sidecar_descriptions::routers_are_described_as_the_reference_describes_them ... ok
2026-10-06T09:51:58.7280326Z test sibling_colours::qt_collapsed_parent_suffix_keeps_its_own_fade_and_ideal_trailing_colour ... ok
2026-10-06T09:51:58.7295235Z test sidecar_editors::json_object_name_queue_replays_literal_reference_rows_and_exporter_values ... ok
2026-10-06T09:51:58.7301191Z test sidecar_editors::recorded_router_queue_restrictions_veto_wrong_direction_and_sources ... ok
2026-10-06T09:51:58.8114878Z test sidecar_editors::recorded_router_tables_and_child_strings_use_real_sidecars_and_read_only_media ... ok
2026-10-06T09:51:58.8787077Z test sidecar_editors::the_sidecar_editors_show_and_edit_as_the_reference_does ... ok
2026-10-06T09:51:58.8836858Z test sibling_connector::connector_options_replay_stage_cancel_apply_and_live_consumers ... ok
2026-10-06T09:51:58.8967981Z test sidecar_previews::each_files_sidecars_are_shown_as_the_reference_shows_them ... ok
2026-10-06T09:51:58.9028225Z test string_converter_editor::date_controls_and_live_preview_follow_real_qt_accept_cancel_and_reorder ... ok
2026-10-06T09:51:58.9054854Z test string_converter_editor::last_conversion_loads_reference_options_then_native_override ... ok
2026-10-06T09:51:58.9132507Z test string_converter_editor::the_string_converter_editor_works_as_the_references_does ... ok
2026-10-06T09:51:58.9159914Z test string_match_editor::the_string_match_editor_works_as_the_references_does ... ok
2026-10-06T09:51:58.9194902Z test string_processor_editor::processor_exchange_appends_reference_steps_and_rejects_invalid_data_atomically ... ok
2026-10-06T09:51:58.9233455Z test string_processor_editor::the_string_processor_editor_works_as_the_references_does ... ok
2026-10-06T09:51:58.9264793Z test string_tag_filter_tests::a_tag_filter_step_tests_its_example_as_the_references_does ... ok
2026-10-06T09:51:59.0035467Z test subscription_exchange::draft_log_changes_export_exact_reference_counts_examples_and_complete_histories ... ok
2026-10-06T09:51:59.0085028Z test subscription_exchange::missing_history_question_matches_actual_qt_message_title_and_decisions ... ok
2026-10-06T09:51:59.0329947Z test sort_cog::actual_sidebar_availability_and_independent_collect_service_checks ... ok
2026-10-06T09:51:59.0362512Z test subscription_exchange::unsupported_seed_runtime_data_leaves_the_entire_owner_draft_unchanged ... ok
2026-10-06T09:51:59.0383686Z test subscription_import_options::subscription_paste_modes_and_clear_match_recorded_reference_outputs ... ok
2026-10-06T09:51:59.0475664Z test sort_cog::menus_replay_service_order_separators_views_checks_and_full_context_preservation ... ok
2026-10-06T09:51:59.0481530Z test subscriptions_buttons::batch_merge_reserves_names_after_absorption_and_keeps_successor_edits ... ok
2026-10-06T09:51:59.0707963Z test subscriptions_buttons::the_other_buttons_act_as_the_references ... ok
2026-10-06T09:51:59.0708811Z test subscription_exchange::staged_full_subscription_import_resolves_names_and_persists_both_histories ... ok
2026-10-06T09:51:59.0754245Z test subscriptions_dedupe::deduplicate_asks_and_dedupes_as_the_reference ... ok
2026-10-06T09:51:59.0764574Z test subscriptions_list::the_list_sorts_by_the_column_chosen ... ok
2026-10-06T09:51:59.0794633Z test subscriptions_list::the_dialogs_buttons_act_as_the_references ... ok
2026-10-06T09:51:59.0803522Z test subscriptions_list::the_lists_rows_are_the_references ... ok
2026-10-06T09:51:59.0817812Z test system_or_activation::actual_system_activation_replays_shift_cancel_drafts_and_outer_acceptance ... ok
2026-10-06T09:51:59.0842802Z test tab_context::menus_expose_six_sorts_and_only_possible_moves ... ok
2026-10-06T09:51:59.0874603Z test tab_context::notebook_session_submenus_match_actual_tab_popup_reserved_name_rules ... ok
2026-10-06T09:51:59.0897886Z test tab_context::dynamic_close_select_move_and_sort_menus_match_real_reference ... ok
2026-10-06T09:51:59.0924405Z test tab_context::sorts_and_moves_match_the_reference ... ok
2026-10-06T09:51:59.0929698Z test tab_drag::drag_threshold_disabled_and_cancel_are_owned_and_deterministic ... ok
2026-10-06T09:51:59.0949315Z test tab_drag::real_drop_order_and_independent_shift_decisions_preserve_the_source_object ... ok
2026-10-06T09:51:59.1909539Z test sibling_colours::qt_sibling_colours_stage_cancel_apply_reopen_and_all_live_model_runs ... ok
2026-10-06T09:51:59.1932668Z test tab_presentation::middle_names_replay_actual_qt_paint_without_changing_stored_names ... ok
2026-10-06T09:51:59.2034437Z test tag_banner::detached_banner_drafts_match_actual_qt_queue_and_live_preview ... ok
2026-10-06T09:51:59.2237285Z test subscription_quality::durable_logs_and_current_file_states_match_reference_quality_outputs ... ok
2026-10-06T09:51:59.2258730Z test tag_banner::unicode_decimal_chunk_order_and_live_preview_match_actual_qt ... ok
2026-10-06T09:51:59.2852231Z test tag_banner::option_banner_children_stage_by_original_target_and_save_only_with_parent ... ok
2026-10-06T09:51:59.2957485Z test tab_drag::independent_drag_preferences_replay_exact_qt_options_cancel_save_and_reopen ... ok
2026-10-06T09:51:59.4494272Z test tag_dialog_defaults::tag_service_defaults_and_immediate_memory_replay_reference_dialogs ... ok
2026-10-06T09:51:59.4701017Z test tag_dialog_preferences::options_defaults_stage_cancel_apply_and_preserve_autocomplete_preferences ... ok
2026-10-06T09:51:59.5434237Z test tag_display::deleting_the_last_applied_source_preserves_disabled_self_rules ... ok
2026-10-06T09:51:59.5947077Z test tag_display::staged_interlocks_match_reference ... ok
2026-10-06T09:51:59.5954543Z test tag_display::widget_options_gate_gui_queries_only ... ok
2026-10-06T09:51:59.7004153Z test tag_display::queues_disable_reorder_reopen_counts_daemon_and_clear_filter ... ok
2026-10-06T09:51:59.7052132Z test tag_filter_editor::the_editor_shows_and_edits_a_filter_as_the_reference_does ... ok
2026-10-06T09:51:59.7552909Z test tag_dialog_preferences::storage_rows_and_service_topologies_replay_all_reference_combinations ... ok
2026-10-06T09:51:59.7558820Z test tag_filter_favourites::reference_bulk_paste_and_extra_blacklist_panels_keep_rule_and_test_semantics ... ok
2026-10-06T09:51:59.7680954Z test tag_filter_favourites::concurrent_favourite_saves_merge_and_invalid_exchange_cannot_change_settings ... ok
2026-10-06T09:51:59.7833684Z test tag_display::write_autocomplete_uses_override_or_launcher_domain_and_rejects_tag_locations ... ok
2026-10-06T09:51:59.8301041Z test tag_migration::archive_inspection_choices_cancellation_and_count_summaries_match_qt ... ok
2026-10-06T09:51:59.8301468Z test tag_migration::migration_popup_speed_and_phase_text_replay_actual_qt_outputs ... ok
2026-10-06T09:51:59.8304925Z test tag_filter_favourites::reference_favourite_workflow_preserves_cancelled_drafts_and_saves_immediately ... ok
2026-10-06T09:51:59.8632658Z test tab_presentation::legacy_defaults_and_staged_controls_replay_actual_options_then_reopen ... ok
2026-10-06T09:51:59.8834999Z test tag_migration::reference_choices_and_second_confirmation ... ok
2026-10-06T09:51:59.9508812Z test tag_migration::pair_summary_replays_equal_asymmetric_and_equal_text_distinct_filters ... ok
2026-10-06T09:52:00.0222681Z test tag_namespace_order::namespace_changes_merge_with_concurrent_presentation_edits_and_unchanged_list ... ok
2026-10-06T09:52:00.0233390Z test tag_namespace_order::raw_allow_blank_queue_actions_and_all_tag_sorts_match_qt ... ok
2026-10-06T09:52:00.0611117Z test tag_migration::reference_database_pending_outcomes ... ok
2026-10-06T09:52:00.0926846Z test tag_relationships::apply_republishes_graphs_and_counts_atomically_and_rolls_back_errors ... ok
2026-10-06T09:52:00.0945338Z test tag_list_display_types::exact_choices_stage_cancel_apply_reopen_and_preserve_old_payload_defaults ... ok
2026-10-06T09:52:00.1190143Z test tag_relationships::changes_refresh_other_services_applying_the_source ... ok
2026-10-06T09:52:00.1518858Z test tag_relationships::per_service_inputs_cancel_import_and_selection ... ok
2026-10-06T09:52:00.1519693Z test tag_relationships::invalid_batch_graphs_are_reported_and_leave_valid_relationships_untouched ... ok
2026-10-06T09:52:00.1520708Z test tag_suggestions::broadcast_keeps_selected_tag_identity_but_switching_services_retires_selection ... ok
2026-10-06T09:52:00.2127460Z test tag_relationships::repository_changes_keep_reasons_and_rescinds_across_reopen ... ok
2026-10-06T09:52:00.2238575Z test tag_migration::reference_database_pair_filters_and_destinations ... ok
2026-10-06T09:52:00.2769135Z test tag_sync_review::a_service_counts_its_rules ... ok
2026-10-06T09:52:00.2774655Z test tag_sync_review::the_status_follows_the_sync_switches ... ok
2026-10-06T09:52:00.3555748Z test tag_relationships::reference_rows_questions_conflicts_and_loops ... ok
2026-10-06T09:52:00.3557934Z test thumbnail_cache::byte_amount_unit_decomposition_matches_real_qt_controls ... ok
2026-10-06T09:52:00.3570551Z test thumbnail_cache::byte_lru_soft_overflow_timeout_touch_policy_and_clear_match_actual_reference ... ok
2026-10-06T09:52:00.4194905Z test tag_suggestions::most_used_options_merge_per_service_and_reach_filtered_add_only_media ... ok
2026-10-06T09:52:00.4960061Z test thumbnail_cache::independent_options_edits_merge_with_a_newer_saved_timeout ... ok
2026-10-06T09:52:00.4969845Z test thumbnail_maintenance::jobs_are_in_the_reference_s_order_with_its_words ... ok
2026-10-06T09:52:00.4974429Z test thumbnail_maintenance::questions_follow_the_selection_size ... ok
2026-10-06T09:52:00.4978262Z test thumbnail_navigation::exact_visibility_boundaries_and_rate_ties_negative_zero_and_errors_match_qt ... ok
2026-10-06T09:52:00.4981091Z test thumbnail_navigation::optional_last_hit_origin_preserves_actual_ranges_focus_and_repeated_navigation ... ok
2026-10-06T09:52:00.5248638Z test tag_suggestions::layout_and_default_choices_replay_all_recorded_available_pages_without_eager_writes ... ok
2026-10-06T09:52:00.5585201Z test thumbnail_cache::raw_timeout_is_preserved_until_its_minute_fields_are_edited ... ok
2026-10-06T09:52:00.5675115Z test thumbnail_appearance::actual_defaults_cancel_raw_paths_reopen_and_current_field_merge ... ok
2026-10-06T09:52:00.5704899Z test thumbnail_preview_selection::all_qt_modifier_ranges_focus_anchor_ghost_and_keyboard_publications ... ok
2026-10-06T09:52:00.5734609Z test thumbnail_ratings::a_counter_is_as_wide_as_the_reference_s ... ok
2026-10-06T09:52:00.5735325Z test thumbnail_ratings::a_fraction_is_written_as_the_reference_writes_it ... ok
2026-10-06T09:52:00.5737261Z test thumbnail_preview_selection::exact_singleton_zero_and_collection_aggregate_duration_eligibility ... ok
2026-10-06T09:52:00.7705513Z test thumbnail_ratings::numerical_ratings_shapes_are_placed_as_the_reference_s_are ... ok
2026-10-06T09:52:00.7745116Z test thumbnail_ratings::ratings_of_a_kind_share_a_row ... ok
2026-10-06T09:52:00.7794286Z test times_editor::a_file_modified_time_before_1980_stays_off_a_windows_disk ... ok
2026-10-06T09:52:00.7814999Z test times_editor::the_manage_times_dialog_works_as_the_references_does ... ok
2026-10-06T09:52:01.0040124Z test unselected_tag_cap::recorded_bounds_none_zero_cancel_and_saved_preferences ... ok
2026-10-06T09:52:01.0095009Z test urls_editor::the_manage_urls_dialog_works_as_the_references_does ... ok
2026-10-06T09:52:01.0095768Z test vacuum_review::a_row_says_size_free_space_and_readiness ... ok
2026-10-06T09:52:01.0104720Z test vacuum_review::estimates_read_as_the_reference_s ... ok
2026-10-06T09:52:01.0134900Z test viewer_closing::closing_actions_match_real_reference_notification_order ... ok
2026-10-06T09:52:01.0140304Z test viewer_cursor::actual_cursor_checks_match_reference_clock_focus_menu_and_motion ... ok
2026-10-06T09:52:01.0840571Z test thumbnail_navigation::staged_exact_controls_import_cancel_invalid_rate_save_and_reopen_match_qt ... ok
2026-10-06T09:52:01.0872000Z test viewer_drag::anchored_and_touch_overridden_drags_replay_actual_qt_threshold_and_warps ... ok
2026-10-06T09:52:01.0933694Z test viewer_prefetch::actual_atomic_finished_only_flush_preserves_all_entries_on_failure ... ok
2026-10-06T09:52:01.0940650Z test viewer_drag::anchor_options_remain_drafts_until_apply_and_survive_reopen ... ok
2026-10-06T09:52:01.1019038Z test viewer_prefetch::all_actual_circular_next_first_neighbour_orders_and_controls ... ok
2026-10-06T09:52:01.1024910Z test viewer_prefetch::actual_pending_loaded_recounts_equality_unknown_and_one_miss_passes ... ok
2026-10-06T09:52:01.1046663Z test viewer_shortcut_menu::custom_sets_flip_on_and_off_in_order ... ok
2026-10-06T09:52:01.1850620Z test viewer_prefetch::legacy_native_wins_and_normalized_passive_apply_preserves_concurrent_fields ... ok
2026-10-06T09:52:01.1877168Z test viewer_tag_wheel::parent_wheel_gates_replay_actual_qt_boundaries_and_directions ... ok
2026-10-06T09:52:01.1907319Z test viewer_tag_wheel::four_policy_choices_stage_cancel_save_and_reopen_with_reference_labels ... ok
2026-10-06T09:52:01.2398631Z test thumbnail_ratings::the_ratings_over_thumbnails_are_the_references ... ok
2026-10-06T09:52:01.2466227Z test viewing_maintenance::cull_reads_current_rules_and_a_preview_validation_failure_preserves_media_rows ... ok
2026-10-06T09:52:01.2467295Z test viewing_statistics::completed_view_policy_matches_real_manager_caps_minima_durations_and_filter_switches ... ok
2026-10-06T09:52:01.2506272Z test viewing_statistics::preview_timed_policy_matches_actual_manager_and_keeps_its_own_canvas_category ... ok
2026-10-06T09:52:01.3106471Z test thumbnail_preview_selection::actual_defaults_disabled_values_cancel_reopen_and_edited_field_merge ... ok
2026-10-06T09:52:01.3477521Z test viewing_statistics::preview_options_replay_actual_none_bounds_conversion_and_cancelled_parent ... ok
2026-10-06T09:52:01.3777734Z test viewing_statistics::timing_controls_replay_qt_bounds_none_and_millisecond_conversion ... ok
2026-10-06T09:52:01.3889924Z test viewing_maintenance::reference_clear_cull_questions_rules_errors_and_real_reopened_media_match ... ok
2026-10-06T09:52:01.3891569Z test window_rescue::actual_visibility_corner_order_fuzzy_tests_and_fallback_match_qt ... ok
2026-10-06T09:52:01.4205230Z test viewing_statistics::viewing_menu_controls_match_qt_and_preserve_the_parent_draft ... ok
2026-10-06T09:52:01.4887937Z test viewing_statistics::tracker_counts_once_on_change_or_close_reads_live_policy_and_preserves_latest_start ... ok
2026-10-06T09:52:01.5608485Z test viewtime_milliseconds::editor_and_imported_predicates_match_reference_millisecond_queries ... ok
2026-10-06T09:52:01.5822227Z test write_autocomplete::children_limit_option_matches_reference_and_persists_only_accepted_drafts ... ok
2026-10-06T09:52:01.6745310Z test write_autocomplete::clipboard_additions_keep_existing_text_and_result_selection ... ok
2026-10-06T09:52:01.7345251Z test window_rescue::staged_bounds_import_cancel_persistence_and_reopen_match_actual_qt ... ok
2026-10-06T09:52:01.7920053Z test write_autocomplete::detached_import_tag_lists_replay_reference_and_never_mutate_caller ... ok
2026-10-06T09:52:01.8299621Z test write_autocomplete::exact_rows_counts_domains_decorations_and_first_selection_match_reference ... ok
2026-10-06T09:52:01.8456424Z test write_autocomplete::favourite_and_count_ordered_children_tabs_replay_reference_caps_and_context ... ok
2026-10-06T09:52:01.9535372Z test write_autocomplete::favourite_options_replay_add_only_choices_and_parent_transaction ... ok
2026-10-06T09:52:02.0170269Z test write_autocomplete::paste_questions_skip_and_add_only_staging_follow_reference ... ok
2026-10-06T09:52:02.0441574Z test write_autocomplete::read_favourite_and_children_tabs_replay_real_qt_lists_and_context_changes ... ok
2026-10-06T09:52:02.0755513Z test write_autocomplete::recorded_logical_selection_ranges_parent_hits_and_batch_activation ... ok
2026-10-06T09:52:02.1332123Z test write_autocomplete::relationship_inputs_replay_real_add_only_paste_and_opposite_side_removal ... ok
2026-10-06T09:52:02.2430451Z test write_autocomplete::seeded_relationship_editors_replay_service_defaults_memory_and_cancel ... ok
2026-10-06T09:52:02.2515280Z test write_autocomplete::six_write_options_replay_recorded_defaults_and_stay_staged_until_apply ... ok
2026-10-06T09:52:02.2741835Z test write_autocomplete::tag_menu_copy_decorations_favourites_and_launch_replay_real_qt_actions ... ok
2026-10-06T09:52:02.2820157Z test write_autocomplete::write_domain_menus_and_interlocks_replay_reference_without_persisting_options ... ok
2026-10-06T09:52:02.2844385Z 
2026-10-06T09:52:02.2845228Z test result: ok. 525 passed; 0 failed; 0 ignored; 0 measured; 0 filtered out; finished in 12.68s
2026-10-06T09:52:02.2845637Z 
2026-10-06T09:52:02.2890296Z [1m[92m     Running[0m unittests src/lib.rs (target/debug/deps/hydrus_import-d090caef246773ad)
2026-10-06T09:52:02.2907592Z 
2026-10-06T09:52:02.2907922Z running 6 tests
2026-10-06T09:52:02.2912936Z test failure_identity_tests::missing_ffmpeg_data_keeps_its_reference_exception_identity ... ok
2026-10-06T09:52:02.2917362Z test paths::tests::nice_permission_bits_keep_to_the_umask ... ok
2026-10-06T09:52:02.2920057Z test status::tests::times_read_like_the_reference ... ok
2026-10-06T09:52:02.2923545Z test paths::tests::sidecars_are_told_apart_from_files ... ok
2026-10-06T09:52:02.2926214Z test paths::tests::conflicting_names_get_numbers ... ok
2026-10-06T09:52:02.3416467Z test formatting_tests::saved_figures_replay_all_reference_rejections_and_critical_drive_pause ... ok
2026-10-06T09:52:02.3416905Z 
2026-10-06T09:52:02.3417161Z test result: ok. 6 passed; 0 failed; 0 ignored; 0 measured; 0 filtered out; finished in 0.05s
2026-10-06T09:52:02.3417748Z 
2026-10-06T09:52:02.3424815Z [1m[92m     Running[0m tests/file_handling.rs (target/debug/deps/file_handling-7eb5c45ea94205cc)
2026-10-06T09:52:02.3447688Z 
2026-10-06T09:52:02.3447998Z running 1 test
2026-10-06T09:52:02.4053470Z test an_importer_applies_the_store_s_file_handling ... ok
2026-10-06T09:52:02.4054132Z 
2026-10-06T09:52:02.4054501Z test result: ok. 1 passed; 0 failed; 0 ignored; 0 measured; 0 filtered out; finished in 0.06s
2026-10-06T09:52:02.4054921Z 
2026-10-06T09:52:02.4068619Z [1m[92m     Running[0m tests/file_maintenance.rs (target/debug/deps/file_maintenance-fa0e8559b51601c5)
2026-10-06T09:52:02.4092934Z 
2026-10-06T09:52:02.4093069Z running 8 tests
2026-10-06T09:52:02.5953577Z test ordinary_contended_pass_defers_without_waiting_or_consuming_jobs ... ok
2026-10-06T09:52:02.6555272Z test cancellation_from_pre_job_hook_finishes_current_file_then_preserves_next ... ok
2026-10-06T09:52:02.6735224Z test controlled_runner_cancels_after_one_committed_file_without_consuming_the_next ... ok
2026-10-06T09:52:02.8301592Z test pre_job_hook_precedes_work_and_clear_runs_between_fetched_batches ... ok
2026-10-06T09:52:03.0375037Z test selected_runner_keeps_lease_budget_and_cancellation_boundaries ... ok
2026-10-06T09:52:03.0713002Z test selected_immediate_work_skips_global_backlog_before_limit_and_commits_only_selection ... ok
2026-10-06T09:52:03.0954445Z test damaged_files_are_dealt_with_as_the_reference_does ... ok
2026-10-06T09:52:03.5577554Z test queued_jobs_come_across_and_put_back_what_they_regenerate ... ok
2026-10-06T09:52:03.5577789Z 
2026-10-06T09:52:03.5577958Z test result: ok. 8 passed; 0 failed; 0 ignored; 0 measured; 0 filtered out; finished in 1.15s
2026-10-06T09:52:03.5578183Z 
2026-10-06T09:52:03.5612893Z [1m[92m     Running[0m tests/image_colour.rs (target/debug/deps/image_colour-3b8cb4b2bc6c4399)
2026-10-06T09:52:03.5638960Z 
2026-10-06T09:52:03.5639141Z running 1 test
2026-10-06T09:52:03.6477214Z test actual_import_pixels_and_generated_thumbnails_follow_saved_policy_without_recreating_importer ... ok
2026-10-06T09:52:03.6477775Z 
2026-10-06T09:52:03.6478451Z test result: ok. 1 passed; 0 failed; 0 ignored; 0 measured; 0 filtered out; finished in 0.08s
2026-10-06T09:52:03.6478813Z 
2026-10-06T09:52:03.6488675Z [1m[92m     Running[0m tests/import.rs (target/debug/deps/import-c37cbe5109d20abc)
2026-10-06T09:52:03.6509635Z 
2026-10-06T09:52:03.6509831Z running 9 tests
2026-10-06T09:52:03.7146746Z test decompression_bombs_are_vetoed_when_the_options_say_so ... ok
2026-10-06T09:52:03.7274255Z test a_failed_copy_into_storage_pauses_the_importers ... ok
2026-10-06T09:52:03.7438058Z test a_new_file_with_no_import_destination_is_vetoed ... ok
2026-10-06T09:52:03.7574228Z test a_missing_thumbnail_is_made_again_from_its_file ... ok
2026-10-06T09:52:03.8123367Z test imports_record_xmp_iptc_and_software_flags ... ok
2026-10-06T09:52:03.8238132Z test reimports_report_what_the_client_knows ... ok
2026-10-06T09:52:03.8634637Z test rules_veto_and_bad_files_error ... ok
2026-10-06T09:52:03.9142663Z test saved_precision_reaches_actual_import_rejection_without_importing_or_changing_rules ... ok
2026-10-06T09:52:04.1488754Z test imports_match_what_the_reference_records ... ok
2026-10-06T09:52:04.1489058Z 
2026-10-06T09:52:04.1489482Z test result: ok. 9 passed; 0 failed; 0 ignored; 0 measured; 0 filtered out; finished in 0.50s
2026-10-06T09:52:04.1489792Z 
2026-10-06T09:52:04.1518843Z [1m[92m     Running[0m tests/similar_files.rs (target/debug/deps/similar_files-3598e24401ada691)
2026-10-06T09:52:04.1539331Z 
2026-10-06T09:52:04.1539493Z running 1 test
2026-10-06T09:52:04.4611889Z test the_search_finds_what_the_reference_found ... ok
2026-10-06T09:52:04.4612088Z 
2026-10-06T09:52:04.4612247Z test result: ok. 1 passed; 0 failed; 0 ignored; 0 measured; 0 filtered out; finished in 0.31s
2026-10-06T09:52:04.4612442Z 
2026-10-06T09:52:04.4620758Z [1m[92m     Running[0m unittests src/lib.rs (target/debug/deps/hydrus_legacy-3094baf4d54f7dda)
2026-10-06T09:52:04.4633858Z 
2026-10-06T09:52:04.4634301Z running 34 tests
2026-10-06T09:52:04.4638402Z test db::tests::uri_escaping ... ok
2026-10-06T09:52:04.4664568Z test objects::client_api::tests::v1_permissions_upgrade ... ok
2026-10-06T09:52:04.4758310Z test objects::client_options::tests::the_default_downloader_comes_across ... ok
2026-10-06T09:52:04.4759296Z test objects::client_options::tests::the_new_client_defaults_decode ... ok
2026-10-06T09:52:04.4855815Z test objects::client_options::tests::custom_defaults_keep_supported_records_and_preserve_unknown_raw_options ... ok
2026-10-06T09:52:04.4874714Z test objects::client_options::tests::the_recent_predicates_come_across ... ok
2026-10-06T09:52:04.4904559Z test objects::client_options::tests::the_slideshow_options_come_across ... ok
2026-10-06T09:52:04.4915137Z test objects::client_options::tests::the_tab_name_options_come_across ... ok
2026-10-06T09:52:04.4916473Z test objects::client_options::tests::the_thumbnail_rating_options_come_across ... ok
2026-10-06T09:52:04.4916973Z test objects::legacy_options::tests::anchors_and_aliases ... ok
2026-10-06T09:52:04.4917380Z test objects::legacy_options::tests::defaults_fill_missing_keys ... ok
2026-10-06T09:52:04.4917782Z test objects::legacy_options::tests::pyyaml_scalars ... ok
2026-10-06T09:52:04.4918150Z test objects::legacy_options::tests::tags_and_null_keys ... ok
2026-10-06T09:52:04.4918524Z test objects::logins::tests::reads_which_domains_log_in ... ok
2026-10-06T09:52:04.4918879Z test objects::services::tests::legacy_paused_flag ... ok
2026-10-06T09:52:04.4919300Z test objects::services::tests::missing_settings_take_reference_defaults ... ok
2026-10-06T09:52:04.4919775Z test objects::services::tests::star_conversions_match_reference_formulas ... ok
2026-10-06T09:52:04.4920231Z test objects::client_options::tests::the_volumes_and_mutes_come_across ... ok
2026-10-06T09:52:04.4920701Z test objects::sidecars::tests::old_routers_are_upgraded_as_the_reference_does ... ok
2026-10-06T09:52:04.4921115Z test objects::sort::tests::media_sort_upgrades ... ok
2026-10-06T09:52:04.4921477Z test objects::tag_display::tests::autocomplete_v1_upgrade ... ok
2026-10-06T09:52:04.4921842Z test objects::tag_display::tests::manager_versions ... ok
2026-10-06T09:52:04.4922222Z test objects::tag_filter::tests::later_rules_replace_earlier_ones ... ok
2026-10-06T09:52:04.4922634Z test objects::tag_filter::tests::exceptions_beat_blanket_rules ... ok
2026-10-06T09:52:04.4923006Z test objects::tag_filter::tests::namespace_rules ... ok
2026-10-06T09:52:04.4923312Z test paths::tests::prefix_nesting ... ok
2026-10-06T09:52:04.4923583Z test paths::tests::portable_paths ... ok
2026-10-06T09:52:04.4923995Z test serialisable::tests::container_upgrades ... ok
2026-10-06T09:52:04.4924333Z test serialisable::tests::dictionary_meta_encoding ... ok
2026-10-06T09:52:04.4924720Z test serialisable::tests::irregular_containers_are_kept_verbatim ... ok
2026-10-06T09:52:04.4925132Z test serialisable::tests::named_objects_and_bytes_dicts ... ok
2026-10-06T09:52:04.4925526Z test serialisable::types::tests::table_is_sorted_and_unique ... ok
2026-10-06T09:52:04.4940233Z test objects::client_options::tests::whether_a_full_downloader_page_asks_before_closing_comes_across ... ok
2026-10-06T09:52:04.5162605Z test db::tests::the_connection_refuses_every_write ... ok
2026-10-06T09:52:04.5162812Z 
2026-10-06T09:52:04.5162972Z test result: ok. 34 passed; 0 failed; 0 ignored; 0 measured; 0 filtered out; finished in 0.05s
2026-10-06T09:52:04.5163173Z 
2026-10-06T09:52:04.5168704Z [1m[92m     Running[0m tests/access.rs (target/debug/deps/access-8dbfbdc473eae410)
2026-10-06T09:52:04.5182188Z 
2026-10-06T09:52:04.5182270Z running 8 tests
2026-10-06T09:52:04.5895054Z test per_service_readers_check_the_service ... ok
2026-10-06T09:52:04.5904486Z test pagination_does_not_change_results ... ok
2026-10-06T09:52:04.5918698Z test read_only_directory_falls_back_to_immutable ... ok
2026-10-06T09:52:04.5919237Z test immutable_mode_creates_nothing ... ok
2026-10-06T09:52:04.6573867Z test rejects_directories_that_are_not_databases ... ok
2026-10-06T09:52:04.6700384Z test reading_never_modifies_the_database_files ... ok
2026-10-06T09:52:04.6921927Z test reads_alongside_a_running_writer ... ok
2026-10-06T09:52:04.7433240Z test rejects_other_versions_with_advice ... ok
2026-10-06T09:52:04.7436154Z 
2026-10-06T09:52:04.7436435Z test result: ok. 8 passed; 0 failed; 0 ignored; 0 measured; 0 filtered out; finished in 0.23s
2026-10-06T09:52:04.7436752Z 
2026-10-06T09:52:04.7445569Z [1m[92m     Running[0m tests/auto_resolution.rs (target/debug/deps/auto_resolution-7b722590bb8b71d5)
2026-10-06T09:52:04.7457128Z 
2026-10-06T09:52:04.7457268Z running 1 test
2026-10-06T09:52:04.7584130Z test stored_rules_decode_to_what_the_reference_holds ... ok
2026-10-06T09:52:04.7584480Z 
2026-10-06T09:52:04.7584663Z test result: ok. 1 passed; 0 failed; 0 ignored; 0 measured; 0 filtered out; finished in 0.01s
2026-10-06T09:52:04.7584861Z 
2026-10-06T09:52:04.7587758Z [1m[92m     Running[0m tests/bandwidth.rs (target/debug/deps/bandwidth-13b58b6b9408de48)
2026-10-06T09:52:04.7599210Z 
2026-10-06T09:52:04.7599310Z running 2 tests
2026-10-06T09:52:04.7602920Z test version_1_contexts_kept_domains_and_subscriptions_as_hex ... ok
2026-10-06T09:52:04.8175930Z test bandwidth_rules_and_usage_read_as_the_reference_reads_them ... ok
2026-10-06T09:52:04.8176141Z 
2026-10-06T09:52:04.8176292Z test result: ok. 2 passed; 0 failed; 0 ignored; 0 measured; 0 filtered out; finished in 0.06s
2026-10-06T09:52:04.8176486Z 
2026-10-06T09:52:04.8200381Z [1m[92m     Running[0m tests/formulas.rs (target/debug/deps/formulas-6d44362f3445da09)
2026-10-06T09:52:04.8215380Z 
2026-10-06T09:52:04.8215525Z running 1 test
2026-10-06T09:52:05.0579636Z test formulas_parse_like_the_reference ... ok
2026-10-06T09:52:05.0579956Z 
2026-10-06T09:52:05.0580312Z test result: ok. 1 passed; 0 failed; 0 ignored; 0 measured; 0 filtered out; finished in 0.24s
2026-10-06T09:52:05.0580707Z 
2026-10-06T09:52:05.0608414Z [1m[92m     Running[0m tests/gugs.rs (target/debug/deps/gugs-0aaf82d014fdd778)
2026-10-06T09:52:05.0620362Z 
2026-10-06T09:52:05.0620500Z running 2 tests
2026-10-06T09:52:05.0978831Z test gugs_make_urls_like_the_reference ... ok
2026-10-06T09:52:05.1068024Z test domain_managers_convert_and_nested_gugs_find_theirs ... ok
2026-10-06T09:52:05.1068260Z 
2026-10-06T09:52:05.1068411Z test result: ok. 2 passed; 0 failed; 0 ignored; 0 measured; 0 filtered out; finished in 0.04s
2026-10-06T09:52:05.1068600Z 
2026-10-06T09:52:05.1069866Z [1m[92m     Running[0m tests/gui_sessions.rs (target/debug/deps/gui_sessions-975eb3a820520409)
2026-10-06T09:52:05.1081773Z 
2026-10-06T09:52:05.1081941Z running 3 tests
2026-10-06T09:52:05.1520121Z test sessions_read_as_the_reference_reads_them ... ok
2026-10-06T09:52:05.2376712Z test pages_read_as_the_reference_reads_them ... ok
2026-10-06T09:52:05.2379885Z test downloaders_read_as_the_reference_reads_them ... ok
2026-10-06T09:52:05.2380116Z 
2026-10-06T09:52:05.2380408Z test result: ok. 3 passed; 0 failed; 0 ignored; 0 measured; 0 filtered out; finished in 0.13s
2026-10-06T09:52:05.2380773Z 
2026-10-06T09:52:05.2381949Z [1m[92m     Running[0m tests/import_options.rs (target/debug/deps/import_options-823e9a18be0817ef)
2026-10-06T09:52:05.2394249Z 
2026-10-06T09:52:05.2394387Z running 2 tests
2026-10-06T09:52:05.3062168Z test the_default_manager_is_ours ... ok
2026-10-06T09:52:05.4625236Z test managers_layer_like_the_reference ... ok
2026-10-06T09:52:05.4625489Z 
2026-10-06T09:52:05.4625955Z test result: ok. 2 passed; 0 failed; 0 ignored; 0 measured; 0 filtered out; finished in 0.22s
2026-10-06T09:52:05.4626156Z 
2026-10-06T09:52:05.4629850Z [1m[92m     Running[0m tests/objects.rs (target/debug/deps/objects-b86663f18a77dfb8)
2026-10-06T09:52:05.4643325Z 
2026-10-06T09:52:05.4643423Z running 12 tests
2026-10-06T09:52:05.5394934Z test client_api_permissions_match_the_reference ... ok
2026-10-06T09:52:05.5406996Z test file_paths_match_the_reference ... ok
2026-10-06T09:52:05.5424453Z test client_options_match_what_the_api_reports ... ok
2026-10-06T09:52:05.5438003Z test json_formatting_matches_python ... ok
2026-10-06T09:52:05.5456540Z test every_stored_object_round_trips_byte_for_byte ... ok
2026-10-06T09:52:05.5495529Z test serialisable_type_table_matches_the_reference ... ok
2026-10-06T09:52:05.5534598Z test pickled_cookie_jars_read_like_python ... ok
2026-10-06T09:52:05.5564691Z test missing_service_settings_take_reference_defaults ... ok
2026-10-06T09:52:05.5970792Z test upgrades_match_the_reference ... ok
2026-10-06T09:52:05.6078985Z test legacy_options_match_what_the_api_reports ... ok
2026-10-06T09:52:05.6125938Z test services_match_the_reference ... ok
2026-10-06T09:52:05.6139474Z test tag_display_and_favourite_searches_match_the_reference ... ok
2026-10-06T09:52:05.6139753Z 
2026-10-06T09:52:05.6139953Z test result: ok. 12 passed; 0 failed; 0 ignored; 0 measured; 0 filtered out; finished in 0.15s
2026-10-06T09:52:05.6140153Z 
2026-10-06T09:52:05.6147654Z [1m[92m     Running[0m tests/page_parsers.rs (target/debug/deps/page_parsers-24972a684f8db59c)
2026-10-06T09:52:05.6162093Z 
2026-10-06T09:52:05.6162180Z running 1 test
2026-10-06T09:52:06.0521484Z test page_parsers_parse_like_the_reference ... ok
2026-10-06T09:52:06.0521750Z 
2026-10-06T09:52:06.0521903Z test result: ok. 1 passed; 0 failed; 0 ignored; 0 measured; 0 filtered out; finished in 0.44s
2026-10-06T09:52:06.0522097Z 
2026-10-06T09:52:06.0555802Z [1m[92m     Running[0m tests/sidecars.rs (target/debug/deps/sidecars-5313fe583a99ada0)
2026-10-06T09:52:06.0570565Z 
2026-10-06T09:52:06.0570664Z running 1 test
2026-10-06T09:52:06.2219727Z test routers_work_like_the_reference ... ok
2026-10-06T09:52:06.2219990Z 
2026-10-06T09:52:06.2220231Z test result: ok. 1 passed; 0 failed; 0 ignored; 0 measured; 0 filtered out; finished in 0.16s
2026-10-06T09:52:06.2220541Z 
2026-10-06T09:52:06.2228086Z [1m[92m     Running[0m tests/simple_formulae.rs (target/debug/deps/simple_formulae-8fe6d9976863d4a6)
2026-10-06T09:52:06.2242425Z 
2026-10-06T09:52:06.2242523Z running 1 test
2026-10-06T09:52:06.2253286Z test simple_formulae_find_what_the_references_find ... ok
2026-10-06T09:52:06.2253510Z 
2026-10-06T09:52:06.2253836Z test result: ok. 1 passed; 0 failed; 0 ignored; 0 measured; 0 filtered out; finished in 0.00s
2026-10-06T09:52:06.2254139Z 
2026-10-06T09:52:06.2256640Z [1m[92m     Running[0m tests/string_descriptions.rs (target/debug/deps/string_descriptions-2b362e35aedc630e)
2026-10-06T09:52:06.2266145Z 
2026-10-06T09:52:06.2266231Z running 1 test
2026-10-06T09:52:06.2379271Z test processors_and_their_steps_describe_themselves_as_the_reference_does ... ok
2026-10-06T09:52:06.2379572Z 
2026-10-06T09:52:06.2379791Z test result: ok. 1 passed; 0 failed; 0 ignored; 0 measured; 0 filtered out; finished in 0.01s
2026-10-06T09:52:06.2380090Z 
2026-10-06T09:52:06.2382753Z [1m[92m     Running[0m tests/string_processing.rs (target/debug/deps/string_processing-7f68fa1fe2c0c89a)
2026-10-06T09:52:06.2396747Z 
2026-10-06T09:52:06.2396846Z running 1 test
2026-10-06T09:52:06.2911388Z test processors_process_like_the_reference ... ok
2026-10-06T09:52:06.2911554Z 
2026-10-06T09:52:06.2911707Z test result: ok. 1 passed; 0 failed; 0 ignored; 0 measured; 0 filtered out; finished in 0.05s
2026-10-06T09:52:06.2911904Z 
2026-10-06T09:52:06.2914905Z [1m[92m     Running[0m tests/subscriptions.rs (target/debug/deps/subscriptions-eecf7b77363a3730)
2026-10-06T09:52:06.2926319Z 
2026-10-06T09:52:06.2926416Z running 5 tests
2026-10-06T09:52:06.3404898Z test histories_compact_as_the_reference_compacts_them ... ok
2026-10-06T09:52:06.3415156Z test query_logs_hold_their_seeds_in_order ... ok
2026-10-06T09:52:06.3431880Z test seeds_of_every_version_read_as_the_reference_reads_them ... ok
2026-10-06T09:52:06.3838047Z test checks_are_timed_as_the_reference_times_them ... ok
2026-10-06T09:52:06.3904163Z test subscriptions_read_as_the_reference_reads_them ... ok
2026-10-06T09:52:06.3904434Z 
2026-10-06T09:52:06.3904663Z test result: ok. 5 passed; 0 failed; 0 ignored; 0 measured; 0 filtered out; finished in 0.10s
2026-10-06T09:52:06.3905348Z 
2026-10-06T09:52:06.3927685Z [1m[92m     Running[0m tests/tables.rs (target/debug/deps/tables-d235914d50c28085)
2026-10-06T09:52:06.3940742Z 
2026-10-06T09:52:06.3940843Z running 3 tests
2026-10-06T09:52:06.4503623Z test tag_text_matches_definitions ... ok
2026-10-06T09:52:06.4610210Z test every_table_is_classified ... ok
2026-10-06T09:52:06.4713050Z test every_primary_table_matches_the_reference ... ok
2026-10-06T09:52:06.4713282Z 
2026-10-06T09:52:06.4713555Z test result: ok. 3 passed; 0 failed; 0 ignored; 0 measured; 0 filtered out; finished in 0.08s
2026-10-06T09:52:06.4713972Z 
2026-10-06T09:52:06.4721874Z [1m[92m     Running[0m tests/tag_summaries.rs (target/debug/deps/tag_summaries-f6e6b3107c951fc5)
2026-10-06T09:52:06.4733436Z 
2026-10-06T09:52:06.4733572Z running 1 test
2026-10-06T09:52:06.4773019Z test generators_read_and_summarise_as_the_reference_s ... ok
2026-10-06T09:52:06.4773253Z 
2026-10-06T09:52:06.4773492Z test result: ok. 1 passed; 0 failed; 0 ignored; 0 measured; 0 filtered out; finished in 0.00s
2026-10-06T09:52:06.4773708Z 
2026-10-06T09:52:06.4776159Z [1m[92m     Running[0m tests/url_classes.rs (target/debug/deps/url_classes-2e42857e5ccd2d16)
2026-10-06T09:52:06.4789922Z 
2026-10-06T09:52:06.4790024Z running 1 test
2026-10-06T09:52:06.5334485Z test url_classes_page_and_refer_like_the_reference ... ok
2026-10-06T09:52:06.5334772Z 
2026-10-06T09:52:06.5334944Z test result: ok. 1 passed; 0 failed; 0 ignored; 0 measured; 0 filtered out; finished in 0.05s
2026-10-06T09:52:06.5335159Z 
2026-10-06T09:52:06.5341564Z [1m[92m     Running[0m tests/viewer_zoom.rs (target/debug/deps/viewer_zoom-8e001f565af33c3e)
2026-10-06T09:52:06.5353496Z 
2026-10-06T09:52:06.5353620Z running 2 tests
2026-10-06T09:52:06.5356222Z test zoom_steps_go_through_the_regular_zooms_and_canvas_fit ... ok
2026-10-06T09:52:06.5511819Z test zooms_are_the_references ... ok
2026-10-06T09:52:06.5511985Z 
2026-10-06T09:52:06.5512317Z test result: ok. 2 passed; 0 failed; 0 ignored; 0 measured; 0 filtered out; finished in 0.02s
2026-10-06T09:52:06.5512615Z 
2026-10-06T09:52:06.5516899Z [1m[92m     Running[0m unittests src/lib.rs (target/debug/deps/hydrus_media-bd3fce438491f1bd)
2026-10-06T09:52:06.5531344Z 
2026-10-06T09:52:06.5531438Z running 67 tests
2026-10-06T09:52:06.5571300Z test animation::tests::frames_are_found_by_time ... ok
2026-10-06T09:52:06.5579224Z test animation::tests::ugoiras_play_with_their_timings_and_loop ... ok
2026-10-06T09:52:06.5579763Z test blurhash::tests::base83_encoding ... ok
2026-10-06T09:52:06.5586087Z test blurhash::tests::flat_colours_match_reference ... ok
2026-10-06T09:52:06.5586634Z test animation::tests::frames_are_seeked_to ... ok
2026-10-06T09:52:06.5587091Z test detect::tests::header_rules ... ok
2026-10-06T09:52:06.5587743Z test blurhash::tests::recovery_pixels_and_invalid_inputs_match_actual_reference_decoder ... ok
2026-10-06T09:52:06.5588322Z test encode::tests::jpeg_drops_alpha ... ok
2026-10-06T09:52:06.5588750Z test encode::tests::png_round_trips_exactly ... ok
2026-10-06T09:52:06.5589214Z test encode::tests::webp_is_lossless ... ok
2026-10-06T09:52:06.5589696Z test encode::tests::animations_keep_their_frames_and_merge_repeats ... ok
2026-10-06T09:52:06.5601563Z test animation::tests::stored_loop_counts_match_real_qt_animation_metadata ... ok
2026-10-06T09:52:06.5607290Z test ffmpeg::parse::tests::frame_counts_and_mappings ... ok
2026-10-06T09:52:06.5616576Z test animation::tests::animated_webp_plays_and_loops ... ok
2026-10-06T09:52:06.5625230Z test ffmpeg::parse::tests::stupid_fps_values_are_dropped ... ok
2026-10-06T09:52:06.5629553Z test ffmpeg::parse::tests::parses_a_typical_mp4 ... ok
2026-10-06T09:52:06.5629948Z test formats::apng::tests::detects_actl_near_the_top_only ... ok
2026-10-06T09:52:06.5630381Z test formats::apng::tests::durations ... ok
2026-10-06T09:52:06.5630799Z test formats::archive::tests::dirname_matches_posixpath ... ok
2026-10-06T09:52:06.5631151Z test formats::archive::tests::ugoira_json_validation ... ok
2026-10-06T09:52:06.5631571Z test formats::gif::tests::grey_ramp_palette_is_not_needed ... ok
2026-10-06T09:52:06.5632863Z test formats::ole::tests::property_parsing ... ok
2026-10-06T09:52:06.5633585Z test formats::pdf::tests::text_strings_decode ... ok
2026-10-06T09:52:06.5634095Z test formats::pdf::tests::words_are_counted_like_the_reference ... ok
2026-10-06T09:52:06.5635160Z test formats::pdn::tests::base64 ... ok
2026-10-06T09:52:06.5635483Z test formats::svg::tests::sizes ... ok
2026-10-06T09:52:06.5635787Z test formats::update::tests::lz4_fallback ... ok
2026-10-06T09:52:06.5646498Z test formats::isobmff::tests::finds_the_alpha_plane_of_heif_and_avif_images ... ok
2026-10-06T09:52:06.5646968Z test formats::update::tests::recognises_updates ... ok
2026-10-06T09:52:06.5647385Z test formats::webp::tests::chunk_walk_handles_padding_and_truncation ... ok
2026-10-06T09:52:06.5647900Z test formats::webp::tests::opaque_reader_preserves_payload_duration_disposal_and_file_bytes_across_seeks ... ok
2026-10-06T09:52:06.5648284Z test hashes::tests::known_vectors ... ok
2026-10-06T09:52:06.5698337Z test hashes::tests::streaming_matches_one_shot ... ok
2026-10-06T09:52:06.5699728Z test imaging::cv::tests::flat_images_stay_flat ... ok
2026-10-06T09:52:06.5700097Z test imaging::cv::tests::grey_weights ... ok
2026-10-06T09:52:06.5701692Z test imaging::cv::tests::identity_and_shapes ... ok
2026-10-06T09:52:06.5702076Z test imaging::cvx::tests::kernels_sum_to_one ... ok
2026-10-06T09:52:06.5702963Z test imaging::cvx::tests::reflect_101 ... ok
2026-10-06T09:52:06.5703483Z test imaging::decode::tests::png_bit_unpacking ... ok
2026-10-06T09:52:06.5704475Z test imaging::decode::tests::sniffing ... ok
2026-10-06T09:52:06.5704835Z test imaging::exif::tests::garbage_is_empty ... ok
2026-10-06T09:52:06.5705331Z test imaging::exif::tests::reads_orientation_both_endians ... ok
2026-10-06T09:52:06.5708715Z test imaging::exif::tests::xmp_orientation_fallback ... ok
2026-10-06T09:52:06.5709645Z test imaging::icc::tests::generated_profile_is_loadable ... ok
2026-10-06T09:52:06.5729984Z test imaging::icc::tests::srgb_to_srgb_is_near_identity ... ok
2026-10-06T09:52:06.5731277Z test imaging::icc::tests::untransformable_modes_are_left_alone ... ok
2026-10-06T09:52:06.5731737Z test imaging::metadata::tests::iptc_blocks ... ok
2026-10-06T09:52:06.5732328Z test imaging::metadata::tests::software_comments ... ok
2026-10-06T09:52:06.5732886Z test imaging::metadata::tests::xmp_packets ... ok
2026-10-06T09:52:06.5733307Z test imaging::pil::tests::cmyk_conversion_matches_pillow_formula ... ok
2026-10-06T09:52:06.5734144Z test imaging::pil::tests::transposes_match_pil ... ok
2026-10-06T09:52:06.5736035Z test imaging::resample::tests::coefficients_sum_to_one_in_fixed_point ... ok
2026-10-06T09:52:06.5739161Z test imaging::resample::tests::flat_images_stay_flat ... ok
2026-10-06T09:52:06.5743892Z test imaging::tests::useful_alpha_needs_enough_interesting_pixels ... ok
2026-10-06T09:52:06.5744304Z test mimes::tests::groups_match_reference_implementation ... ok
2026-10-06T09:52:06.5744714Z test mimes::tests::image_extensions ... ok
2026-10-06T09:52:06.5745819Z test phash::tests::flat_image_is_blank ... ok
2026-10-06T09:52:06.5746639Z test text::tests::human_sort_orders_numbers_by_value ... ok
2026-10-06T09:52:06.5747204Z test text::tests::json_detection ... ok
2026-10-06T09:52:06.5747907Z test text::tests::splitlines_matches_python ... ok
2026-10-06T09:52:06.5811774Z test thumbnail::tests::default_thumbnails_have_the_target_size ... ok
2026-10-06T09:52:06.5812155Z test thumbnail::tests::resolution_examples ... ok
2026-10-06T09:52:06.5812852Z test tools::tests::software_comments ... ok
2026-10-06T09:52:06.5813179Z test tools::tests::video_frame_index ... ok
2026-10-06T09:52:06.6307484Z test formats::webp::tests::alpha_bearing_and_incomplete_or_contradictory_containers_are_not_rewritten ... ok
2026-10-06T09:52:06.6426444Z test ffmpeg::deadline_tests::version_deadline_is_captured_once_and_explicit_fixed_configuration_wins ... ok
2026-10-06T09:52:07.5630765Z test ffmpeg::deadline_tests::actual_metadata_timeout_kills_and_reaps_the_admitted_child ... ok
2026-10-06T09:52:07.5631022Z 
2026-10-06T09:52:07.5631175Z test result: ok. 67 passed; 0 failed; 0 ignored; 0 measured; 0 filtered out; finished in 1.01s
2026-10-06T09:52:07.5631395Z 
2026-10-06T09:52:07.5638515Z [1m[92m     Running[0m tests/embedded_metadata.rs (target/debug/deps/embedded_metadata-d24c5ee0af276b87)
2026-10-06T09:52:07.5650532Z 
2026-10-06T09:52:07.5650615Z running 3 tests
2026-10-06T09:52:07.5653908Z test the_window_reads_only_the_reference_s_supported_types ... ok
2026-10-06T09:52:07.5665310Z test pdf_document_fields_match_the_reference ... ok
2026-10-06T09:52:07.6187878Z test the_window_shows_what_the_reference_shows ... ok
2026-10-06T09:52:07.6188143Z 
2026-10-06T09:52:07.6188380Z test result: ok. 3 passed; 0 failed; 0 ignored; 0 measured; 0 filtered out; finished in 0.05s
2026-10-06T09:52:07.6188681Z 
2026-10-06T09:52:07.6195216Z [1m[92m     Running[0m tests/file_handling.rs (target/debug/deps/file_handling-36d98b51feac7ea0)
2026-10-06T09:52:07.6212278Z 
2026-10-06T09:52:07.6212380Z running 1 test
2026-10-06T09:52:08.3443364Z test file_handling_options_match_the_reference ... ok
2026-10-06T09:52:08.3443574Z 
2026-10-06T09:52:08.3443839Z test result: ok. 1 passed; 0 failed; 0 ignored; 0 measured; 0 filtered out; finished in 0.72s
2026-10-06T09:52:08.3444038Z 
2026-10-06T09:52:08.3450384Z [1m[92m     Running[0m tests/image_colour.rs (target/debug/deps/image_colour-c47c41cb418f0502)
2026-10-06T09:52:08.3469287Z 
2026-10-06T09:52:08.3469421Z running 3 tests
2026-10-06T09:52:08.3500597Z test alpha_bearing_animation_retains_existing_blend_disposal_pixels_and_durations ... ok
2026-10-06T09:52:08.3538612Z test native_owned_animation_policy_changes_future_frames_without_resetting_position ... ok
2026-10-06T09:52:08.4624649Z test embedded_policy_preserves_gamma_fallback_and_real_png_jpeg_webp_pixels ... ok
2026-10-06T09:52:08.4624996Z 
2026-10-06T09:52:08.4625253Z test result: ok. 3 passed; 0 failed; 0 ignored; 0 measured; 0 filtered out; finished in 0.12s
2026-10-06T09:52:08.4625548Z 
2026-10-06T09:52:08.4635530Z [1m[92m     Running[0m tests/metadata_flags.rs (target/debug/deps/metadata_flags-8d5dd8dbc41d1ac4)
2026-10-06T09:52:08.4652111Z 
2026-10-06T09:52:08.4652204Z running 1 test
2026-10-06T09:52:12.3081513Z test flags_match_the_reference ... ok
2026-10-06T09:52:12.3081765Z 
2026-10-06T09:52:12.3082002Z test result: ok. 1 passed; 0 failed; 0 ignored; 0 measured; 0 filtered out; finished in 3.84s
2026-10-06T09:52:12.3082306Z 
2026-10-06T09:52:12.3088623Z [1m[92m     Running[0m tests/reference_parity.rs (target/debug/deps/reference_parity-f134eba7808c4061)
2026-10-06T09:52:12.3107386Z 
2026-10-06T09:52:12.3107486Z running 3 tests
2026-10-06T09:52:12.3355312Z test thumbnail_resolutions_match_reference ... ok
2026-10-06T09:52:12.4775086Z test opencv_ports_are_bit_exact ... ok
2026-10-06T09:52:15.2612258Z test corpus_matches_reference ... ok
2026-10-06T09:52:15.2612559Z 
2026-10-06T09:52:15.2612803Z test result: ok. 3 passed; 0 failed; 0 ignored; 0 measured; 0 filtered out; finished in 2.95s
2026-10-06T09:52:15.2613119Z 
2026-10-06T09:52:15.2637982Z [1m[92m     Running[0m tests/visual_data.rs (target/debug/deps/visual_data-30bd27312fe64de6)
2026-10-06T09:52:15.2651699Z 
2026-10-06T09:52:15.2652028Z running 6 tests
2026-10-06T09:52:15.2791487Z test gaussian_blur_of_8_bit_images_is_exact ... ok
2026-10-06T09:52:15.2834546Z test jpeg_quality_matches ... ok
2026-10-06T09:52:15.2848041Z test float_blur_and_resize_are_exact ... ok
2026-10-06T09:52:15.3949535Z test rgb_to_lab_is_exact_for_every_colour ... ok
2026-10-06T09:52:15.4310480Z test area_resizes_of_8_bit_images_are_exact ... ok
2026-10-06T09:52:41.3260323Z test image_summaries_and_verdicts_match ... ok
2026-10-06T09:52:41.3260510Z 
2026-10-06T09:52:41.3260673Z test result: ok. 6 passed; 0 failed; 0 ignored; 0 measured; 0 filtered out; finished in 26.06s
2026-10-06T09:52:41.3260874Z 
2026-10-06T09:52:41.3290516Z [1m[92m     Running[0m unittests src/lib.rs (target/debug/deps/hydrus_net-31aa30c7a8a47120)
2026-10-06T09:52:41.3308347Z 
2026-10-06T09:52:41.3308438Z running 14 tests
2026-10-06T09:52:41.3316169Z test engine::reload_tests::automatic_control_override_has_strict_five_second_boundary_and_sticks ... ok
2026-10-06T09:52:41.3317597Z test cookies::tests::sends_matching_cookies_longest_path_first ... ok
2026-10-06T09:52:41.3317975Z test cookies::tests::reads_set_cookie_like_cookiejar ... ok
2026-10-06T09:52:41.3542336Z test engine::reload_tests::connection_retry_skip_is_consumed_once_and_unrelated_wakes_do_not_skip ... ok
2026-10-06T09:52:41.3545163Z test engine::reload_tests::independent_auto_override_owners_do_not_disable_each_other ... ok
2026-10-06T09:52:41.3546685Z test engine::reload_tests::job_speed_samples_the_current_second_and_expires_at_rollover ... ok
2026-10-06T09:52:41.3862888Z test engine::reload_tests::changed_options_are_picked_up ... ok
2026-10-06T09:52:41.3967760Z test engine::reload_tests::options_unchanged_keep_their_slots ... ok
2026-10-06T09:52:41.4109944Z test engine::reload_tests::formatting_refresh_wakes_a_pending_gallery_label_and_preserves_its_token_and_job ... ok
2026-10-06T09:52:41.4127605Z test engine::reload_tests::formatting_refresh_keeps_a_bandwidth_wait_and_its_usage_and_cancel_reason ... ok
2026-10-06T09:52:41.4130153Z test text::tests::decodes_by_header_then_utf8_then_meta_then_guess ... ok
2026-10-06T09:52:41.4424024Z test engine::reload_tests::runtime_domain_scrub_wakes_a_registered_domain_gate_and_preserves_unrelated_errors ... ok
2026-10-06T09:52:41.4671580Z test engine::reload_tests::sleep_detection_obeys_threshold_delay_and_disabled_pending_wait ... ok
2026-10-06T09:52:41.4886145Z test engine::reload_tests::saved_formatting_replays_actual_backend_waits_and_reopens_without_changing_rules ... ok
2026-10-06T09:52:41.4886586Z 
2026-10-06T09:52:41.4886819Z test result: ok. 14 passed; 0 failed; 0 ignored; 0 measured; 0 filtered out; finished in 0.16s
2026-10-06T09:52:41.4887658Z 
2026-10-06T09:52:41.4898835Z [1m[92m     Running[0m tests/engine.rs (target/debug/deps/engine-4c413740794f1a1e)
2026-10-06T09:52:41.4917864Z 
2026-10-06T09:52:41.4917957Z running 25 tests
2026-10-06T09:52:41.7728638Z test a_job_ends_as_the_references_do_and_has_a_speed ... ok
2026-10-06T09:52:42.5738292Z test a_domain_with_several_serious_errors_waits ... ok
2026-10-06T09:52:42.7024911Z test cancels ... ok
2026-10-06T09:52:42.7710667Z test deleting_history_discards_stale_flushes_resets_live_limits_and_wakes_waiters ... ok
2026-10-06T09:52:42.9021435Z test disabling_sleep_detection_reloads_and_releases_pending_requests ... ok
2026-10-06T09:52:42.9503140Z test gives_up_on_redirect_loops_and_dead_servers ... ok
2026-10-06T09:52:43.8114346Z test boot_pause_blocks_real_requests_and_resume_does_not_reset_the_preference ... ok
2026-10-06T09:52:43.8391465Z test keeps_cookies_through_redirects ... ok
2026-10-06T09:52:45.0177755Z test independent_engines_add_new_usage_without_replacing_each_other_or_double_counting ... ok
2026-10-06T09:52:45.0480831Z test requests_go_through_the_clients_proxy ... ok
2026-10-06T09:52:45.8675218Z test nothing_goes_out_while_all_new_network_traffic_is_paused ... ok
2026-10-06T09:52:45.8933132Z test resumes_files_with_ranged_requests ... ok
2026-10-06T09:52:45.9340733Z test runtime_cog_connection_override_releases_only_the_current_retry ... ok
2026-10-06T09:52:45.9964164Z test runtime_cog_gallery_override_does_not_release_other_gallery_waiters ... ok
2026-10-06T09:52:46.0385530Z test runtime_cog_server_retry_domain_scrub_and_retained_error ... ok
2026-10-06T09:52:46.0744301Z test requests_wait_a_little_after_the_computer_wakes ... ok
2026-10-06T09:52:46.0804980Z test runtime_live_transfer_progress_and_usage_precede_the_durable_save ... ok
2026-10-06T09:52:46.1500047Z test runtime_override_releases_a_live_bandwidth_wait_and_counts_usage ... ok
2026-10-06T09:52:46.1738087Z test runtime_registry_cancellation_ipc_and_dropped_fetch ... ok
2026-10-06T09:52:46.1899237Z test saved_byte_precision_reaches_both_real_overlength_errors_after_reload ... ok
2026-10-06T09:52:46.2070838Z test sends_the_clients_headers ... ok
2026-10-06T09:52:46.2236167Z test statuses_become_errors_or_retries ... ok
2026-10-06T09:52:46.2371551Z test url_class_overrides_and_no_range_for_posts ... ok
2026-10-06T09:52:46.5710009Z test a_header_awaiting_approval_holds_its_requests ... ok
2026-10-06T09:52:48.0993222Z test bandwidth_rules_space_out_requests_and_count_their_data ... ok
2026-10-06T09:52:48.0993439Z 
2026-10-06T09:52:48.0993589Z test result: ok. 25 passed; 0 failed; 0 ignored; 0 measured; 0 filtered out; finished in 6.61s
2026-10-06T09:52:48.0994004Z 
2026-10-06T09:52:48.1013630Z [1m[92m     Running[0m tests/login.rs (target/debug/deps/login-9fe43b6f2745fbae)
2026-10-06T09:52:48.1032148Z 
2026-10-06T09:52:48.1032249Z running 14 tests
2026-10-06T09:52:48.1984751Z test cancellation_stops_an_active_request_and_keeps_partial_results ... ok
2026-10-06T09:52:48.2040522Z test abandoned_unpolled_login_worker_releases_metadata_and_the_shared_admission_gate ... ok
2026-10-06T09:52:48.2425511Z test confirmed_login_reset_reaches_an_existing_http_engine_and_keeps_other_sessions ... ok
2026-10-06T09:52:48.2837410Z test completed_step_is_delivered_before_later_http_and_survives_wait_cancellation ... ok
2026-10-06T09:52:48.2856379Z test final_outcomes_guard_script_identity_and_preserve_domain_preferences ... ok
2026-10-06T09:52:48.4779531Z test demand_eligibility_replays_actual_reference_domains_cookies_errors_and_key_fallback ... ok
2026-10-06T09:52:48.5695773Z test global_process_cancel_uses_its_owner_id_and_persists_reference_delay_without_a_second_step ... ok
2026-10-06T09:52:48.5984973Z test invalid_demand_waits_for_ordinary_jobs_and_cancels_subscription_with_recorded_note ... ok
2026-10-06T09:52:48.7796406Z test real_http_steps_replay_reference_tokens_cookie_checks_veto_401_and_cancel ... ok
2026-10-06T09:52:48.7801731Z test request_plan_replaces_www_and_orders_static_credentials_then_temporary_values ... ok
2026-10-06T09:52:48.8056959Z test shared_login_session_state_replays_required_cookie_expiry_and_reset ... ok
2026-10-06T09:52:50.1954745Z test automatic_demand_replays_reference_http_and_reuses_one_connection_slot ... ok
2026-10-06T09:52:50.2601367Z test cancelled_trigger_keeps_reference_global_login_alive_for_another_engine ... ok
2026-10-06T09:52:52.3663367Z test forced_manual_login_serializes_demand_across_independently_opened_engines ... ok
2026-10-06T09:52:52.3663642Z 
2026-10-06T09:52:52.3664025Z test result: ok. 14 passed; 0 failed; 0 ignored; 0 measured; 0 filtered out; finished in 4.26s
2026-10-06T09:52:52.3664232Z 
2026-10-06T09:52:52.3686130Z [1m[92m     Running[0m unittests src/lib.rs (target/debug/deps/hydrus_parse-ce28cf332abaefc7)
2026-10-06T09:52:52.3699634Z 
2026-10-06T09:52:52.3699727Z running 6 tests
2026-10-06T09:52:52.3702809Z test sidecar::tests::json_sidecars_nest_rows_into_existing_objects ... ok
2026-10-06T09:52:52.3703223Z test sidecar::tests::notes_round_trip_through_rows ... ok
2026-10-06T09:52:52.3703609Z test sidecar::tests::sidecar_paths_are_named_like_the_reference ... ok
2026-10-06T09:52:52.3704108Z test text::tests::lines_split_like_python ... ok
2026-10-06T09:52:52.3704319Z test text::unescape_tests::notes_are_tidied ... ok
2026-10-06T09:52:52.3725801Z test folders::tests::filename_tags_come_from_the_path_like_the_reference ... ok
2026-10-06T09:52:52.3726104Z 
2026-10-06T09:52:52.3726327Z test result: ok. 6 passed; 0 failed; 0 ignored; 0 measured; 0 filtered out; finished in 0.00s
2026-10-06T09:52:52.3726557Z 
2026-10-06T09:52:52.3729496Z [1m[92m     Running[0m unittests src/lib.rs (target/debug/deps/hydrus_search-bb7040635a246e1a)
2026-10-06T09:52:52.3746300Z 
2026-10-06T09:52:52.3746396Z running 57 tests
2026-10-06T09:52:52.3750006Z test entry::tests::counters_are_known_by_key_and_by_name_in_any_case ... ok
2026-10-06T09:52:52.3751757Z test entry::tests::ratings_by_key_sort_by_their_service_s_name ... ok
2026-10-06T09:52:52.3761185Z test exec::numbers::tests::counts_match_the_reference_lambda ... ok
2026-10-06T09:52:52.3761928Z test exec::numbers::tests::exclusions_and_edges ... ok
2026-10-06T09:52:52.3764725Z test api::tests::negation_wildcards_and_namespaces ... ok
2026-10-06T09:52:52.3768918Z test exec::sort::tests::a_page_s_ties_keep_its_order_and_its_files_without_values_its_default ... ok
2026-10-06T09:52:52.3770037Z test exec::sort::tests::colour_keys_match_the_reference ... ok
2026-10-06T09:52:52.3770429Z test exec::numbers::tests::open_ranges_are_strict ... ok
2026-10-06T09:52:52.3770855Z test exec::sort::tests::ties_keep_id_order_in_both_directions ... ok
2026-10-06T09:52:52.3771264Z test exec::tags::tests::like_follows_sqlite ... ok
2026-10-06T09:52:52.3784479Z test exec::tags::tests::matching_uses_the_searchable_form ... ok
2026-10-06T09:52:52.3814435Z test exec::tags::tests::patterns_follow_the_reference_modes ... ok
2026-10-06T09:52:52.3814899Z test exec::tags::tests::successors_bound_prefix_ranges ... ok
2026-10-06T09:52:52.3815303Z test exec::sort::tests::sort_codes_match_the_reference ... ok
2026-10-06T09:52:52.3844682Z test api::tests::rejects_bad_input ... ok
2026-10-06T09:52:52.3845109Z test api::tests::documented_example ... ok
2026-10-06T09:52:52.4410674Z test exec::tests::a_page_s_fallback_sort_orders_its_sort_s_ties ... ok
2026-10-06T09:52:52.4420004Z test exec::tests::import_time_sorts_agree_whether_probed_or_from_the_cached_order ... ok
2026-10-06T09:52:52.4424261Z test exec::tests::limits_apply_after_sorting ... ok
2026-10-06T09:52:52.4460184Z test exec::tests::constructed_predicates_without_text_syntax_work ... ok
2026-10-06T09:52:52.4773299Z test exec::tests::every_term_is_understood_by_the_model ... ok
2026-10-06T09:52:52.4972903Z test exec::tests::saved_collect_tag_domains_group_files_as_the_reference_does ... ok
2026-10-06T09:52:52.6715891Z test exec::tests::searches_see_added_tags_as_the_reference_did ... ok
2026-10-06T09:52:52.8321384Z test exec::tests::searches_see_file_lifecycle_changes_as_the_reference_did ... ok
2026-10-06T09:52:52.8344739Z test exec::time::tests::ages_subtract_days_then_months_with_clamping ... ok
2026-10-06T09:52:52.8345379Z test exec::time::tests::dates_are_local_days ... ok
2026-10-06T09:52:52.8345781Z test exec::time::tests::today_is_the_local_date ... ok
2026-10-06T09:52:52.8346157Z test filetype_tests::tests::complete_classes_are_summarised ... ok
2026-10-06T09:52:52.9564969Z test filetype_tests::tests::filetype_words_match_reference_implementation ... ok
2026-10-06T09:52:52.9583685Z test filetype_tests::tests::general_classes_match_reference_implementation ... ok
2026-10-06T09:52:52.9604827Z test filetype_tests::tests::partial_classes_stay_specific ... ok
2026-10-06T09:52:52.9616555Z test filetype_tests::tests::searchable_mimes_match_reference_implementation ... ok
2026-10-06T09:52:52.9619509Z test media::tests::number_tests_treat_missing_values_like_the_reference ... ok
2026-10-06T09:52:52.9620105Z test media::tests::wildcards_match_whole_tags ... ok
2026-10-06T09:52:52.9620538Z test parse::date::tests::ages ... ok
2026-10-06T09:52:52.9620934Z test parse::date::tests::dates ... ok
2026-10-06T09:52:52.9622811Z test parse::date::tests::operator_words ... ok
2026-10-06T09:52:52.9623567Z test parse::names::tests::every_pattern_compiles ... ok
2026-10-06T09:52:52.9627040Z test parse::names::tests::order_decides_between_overlapping_names ... ok
2026-10-06T09:52:52.9628001Z test parse::rating::tests::advanced_selections ... ok
2026-10-06T09:52:52.9628810Z test parse::rating::tests::like_ignores_operators ... ok
2026-10-06T09:52:52.9634349Z test parse::rating::tests::operator_is_found_before_the_value ... ok
2026-10-06T09:52:52.9637855Z test parse::tag_advanced::tests::empty_tags_are_rejected ... ok
2026-10-06T09:52:52.9638843Z test parse::tag_advanced::tests::splits_on_the_first_unquoted_colon ... ok
2026-10-06T09:52:52.9659396Z test parse::tag_advanced::tests::status_words_match_reference_implementation ... ok
2026-10-06T09:52:52.9660510Z test parse::text::tests::maps_lowercase_slices_back_to_the_original ... ok
2026-10-06T09:52:52.9669620Z test parse::text::tests::parses_unicode_decimal_digits_like_python ... ok
2026-10-06T09:52:52.9670546Z test parse::text::tests::rejects_non_system_text ... ok
2026-10-06T09:52:52.9671025Z test parse::text::tests::strips_python_whitespace ... ok
2026-10-06T09:52:52.9671487Z test parse::text::tests::widens_whitespace_classes ... ok
2026-10-06T09:52:52.9680152Z test parse::values::tests::durations ... ok
2026-10-06T09:52:52.9681596Z test parse::values::tests::filetype_lists ... ok
2026-10-06T09:52:52.9682088Z test parse::values::tests::numbers_allow_commas_and_has ... ok
2026-10-06T09:52:52.9682639Z test parse::values::tests::size_units_match_the_first_spelling ... ok
2026-10-06T09:52:52.9762909Z test exec::tests::executor_agrees_with_the_naive_model ... ok
2026-10-06T09:52:53.2390692Z test exec::tests::owned_sort_contexts_replay_default_fallback_cogs_for_files_and_collections ... ok
2026-10-06T09:52:53.9836816Z test exec::tests::pages_collect_as_the_reference_s_pages_collect ... ok
2026-10-06T09:52:53.9837137Z 
2026-10-06T09:52:53.9837401Z test result: ok. 57 passed; 0 failed; 0 ignored; 0 measured; 0 filtered out; finished in 1.61s
2026-10-06T09:52:53.9837707Z 
2026-10-06T09:52:53.9862742Z [1m[92m     Running[0m tests/file_search_options.rs (target/debug/deps/file_search_options-7dfbab109fee8dc2)
2026-10-06T09:52:53.9880728Z 
2026-10-06T09:52:53.9880811Z running 2 tests
2026-10-06T09:52:53.9889787Z test database_sort_eligibility_matches_each_reference_system_sort_and_location ... ok
2026-10-06T09:52:54.0771223Z test implicit_limit_and_explicit_override_match_reference_database_queries ... ok
2026-10-06T09:52:54.0771572Z 
2026-10-06T09:52:54.0771839Z test result: ok. 2 passed; 0 failed; 0 ignored; 0 measured; 0 filtered out; finished in 0.09s
2026-10-06T09:52:54.0772138Z 
2026-10-06T09:52:54.0779593Z [1m[92m     Running[0m tests/media_tests.rs (target/debug/deps/media_tests-12a3071611c745b2)
2026-10-06T09:52:54.0798428Z 
2026-10-06T09:52:54.0798588Z running 2 tests
2026-10-06T09:52:54.1876138Z test comparable_values_match_the_reference ... ok
2026-10-06T09:52:54.2203533Z test predicates_match_the_same_files_as_in_the_reference ... ok
2026-10-06T09:52:54.2204761Z 
2026-10-06T09:52:54.2204999Z test result: ok. 2 passed; 0 failed; 0 ignored; 0 measured; 0 filtered out; finished in 0.14s
2026-10-06T09:52:54.2205299Z 
2026-10-06T09:52:54.2221175Z [1m[92m     Running[0m tests/predicate_entry.rs (target/debug/deps/predicate_entry-625643ad65e60ad2)
2026-10-06T09:52:54.2234636Z 
2026-10-06T09:52:54.2234758Z running 3 tests
2026-10-06T09:52:54.2252138Z test the_order_is_by_the_stored_text_whatever_is_shown ... ok
2026-10-06T09:52:54.2315744Z test entering_predicates_leaves_what_the_reference_s_list_does ... ok
2026-10-06T09:52:54.2327656Z test each_predicate_s_inverse_is_the_reference_s ... ok
2026-10-06T09:52:54.2327876Z 
2026-10-06T09:52:54.2328101Z test result: ok. 3 passed; 0 failed; 0 ignored; 0 measured; 0 filtered out; finished in 0.01s
2026-10-06T09:52:54.2328400Z 
2026-10-06T09:52:54.2334406Z [1m[92m     Running[0m tests/predicate_text.rs (target/debug/deps/predicate_text-bd1a1afbf4841553)
2026-10-06T09:52:54.2347257Z 
2026-10-06T09:52:54.2347361Z running 3 tests
2026-10-06T09:52:54.2655658Z test predicates_the_reference_s_editors_make_are_read_and_written_as_its_own ... ok
2026-10-06T09:52:54.3428296Z test api_searches_are_written_as_the_reference_writes_them ... ok
2026-10-06T09:52:54.3646003Z test predicates_are_written_as_the_reference_writes_them ... ok
2026-10-06T09:52:54.3646285Z 
2026-10-06T09:52:54.3646436Z test result: ok. 3 passed; 0 failed; 0 ignored; 0 measured; 0 filtered out; finished in 0.13s
2026-10-06T09:52:54.3646629Z 
2026-10-06T09:52:54.3694871Z [1m[92m     Running[0m tests/reference_parity.rs (target/debug/deps/reference_parity-370682ac60228639)
2026-10-06T09:52:54.3707945Z 
2026-10-06T09:52:54.3708060Z running 3 tests
2026-10-06T09:52:54.4679790Z test api_searches_match_the_reference ... ok
2026-10-06T09:52:54.5719128Z test stored_predicates_decode_to_what_the_reference_parsed ... ok
2026-10-06T09:52:54.6625672Z test system_predicates_match_the_reference ... ok
2026-10-06T09:52:54.6625938Z 
2026-10-06T09:52:54.6626273Z test result: ok. 3 passed; 0 failed; 0 ignored; 0 measured; 0 filtered out; finished in 0.29s
2026-10-06T09:52:54.6626577Z 
2026-10-06T09:52:54.6691428Z [1m[92m     Running[0m tests/robustness.rs (target/debug/deps/robustness-3ee94afd225f06ab)
2026-10-06T09:52:54.6704384Z 
2026-10-06T09:52:54.6704479Z running 4 tests
2026-10-06T09:52:54.7075945Z test errors_name_the_input ... ok
2026-10-06T09:52:54.7361642Z test long_inputs_are_fast ... ok
2026-10-06T09:52:54.7884378Z test never_panics_on_predicate_like_text ... ok
2026-10-06T09:52:54.8737690Z test never_panics_on_arbitrary_text ... ok
2026-10-06T09:52:54.8737941Z 
2026-10-06T09:52:54.8738179Z test result: ok. 4 passed; 0 failed; 0 ignored; 0 measured; 0 filtered out; finished in 0.20s
2026-10-06T09:52:54.8738472Z 
2026-10-06T09:52:54.8750577Z [1m[92m     Running[0m unittests src/lib.rs (target/debug/deps/hydrus_store-90aa2f83d0721915)
2026-10-06T09:52:54.8769968Z 
2026-10-06T09:52:54.8770060Z running 252 tests
2026-10-06T09:52:54.8794504Z test autocomplete::input::tests::parses_like_the_reference ... ok
2026-10-06T09:52:54.8814478Z test autocomplete::input::tests::rules_open_up_fetch_alls ... ok
2026-10-06T09:52:54.8815194Z test autocomplete::pattern::tests::like_is_sqlite_like ... ok
2026-10-06T09:52:54.8815704Z test autocomplete::pattern::tests::phrases_tokenise_like_fts4 ... ok
2026-10-06T09:52:54.8816128Z test autocomplete::pattern::tests::plans_follow_the_reference ... ok
2026-10-06T09:52:54.8816640Z test api_activity::tests::marker_replaces_atomically_reopens_and_rejects_malformed_data ... ok
2026-10-06T09:52:54.8817169Z test autocomplete::search::tests::counts_merge_and_render_like_the_reference ... ok
2026-10-06T09:52:54.8817636Z test autocomplete::pattern::tests::result_filter_matches_word_starts ... ok
2026-10-06T09:52:54.8818093Z test autocomplete::search::tests::upper_bounds_cover_exactly_the_prefix ... ok
2026-10-06T09:52:54.8829476Z test backup::tests::a_failed_restore_copy_preserves_the_database_sidecars_media_and_request ... ok
2026-10-06T09:52:54.8840409Z test backup::tests::a_mirror_copies_changes_and_drops_surplus ... ok
2026-10-06T09:52:54.8841125Z test backup::tests::a_missing_backup_retains_the_request_and_original_database ... ok
2026-10-06T09:52:54.8844734Z test backup::tests::an_active_server_prevents_restore_without_consuming_the_request ... ok
2026-10-06T09:52:54.8849685Z test backup::tests::cancellation_during_mirroring_preserves_uncopied_and_surplus_files ... ok
2026-10-06T09:52:54.9411068Z test backup::tests::cancelled_backup_does_not_report_success_or_touch_destination ... ok
2026-10-06T09:52:54.9416521Z test backup::tests::restore_rejects_a_symlink_to_the_store ... ok
2026-10-06T09:52:54.9417347Z test backup::tests::restore_rejects_the_store_itself_before_writing_a_request_or_database ... ok
2026-10-06T09:52:54.9657385Z test animation_start::tests::actual_yaml_upgrade_native_override_reopen_and_invalid_values ... ok
2026-10-06T09:52:54.9745270Z test backup::tests::a_backup_restores_over_a_changed_store ... ok
2026-10-06T09:52:54.9746678Z test api_update_toasts::tests::retained_enabled_options_native_override_reopen_corruption_and_exact_expiry ... ok
2026-10-06T09:52:54.9967028Z test conn::tests::effects_run_only_after_successful_commit ... ok
2026-10-06T09:52:55.0048048Z test conn::tests::failed_write_rolls_back_only_itself ... ok
2026-10-06T09:52:55.0052319Z test conn::tests::readers_see_consistent_snapshots_while_writing ... ok
2026-10-06T09:52:55.0220988Z test content::tests::a_forced_filetype_keeps_the_detected_one_and_is_undone ... ok
2026-10-06T09:52:55.0277940Z test conn::tests::the_writer_empties_the_log_every_quarter_hour ... ok
2026-10-06T09:52:55.0311194Z test conn::tests::write_then_read ... ok
2026-10-06T09:52:55.0336833Z test content::tests::deleting_from_one_of_two_local_domains_does_not_trash ... ok
2026-10-06T09:52:55.0488470Z test content::tests::file_info_round_trips ... ok
2026-10-06T09:52:55.0550405Z test content::tests::import_trash_undelete_and_purge ... ok
2026-10-06T09:52:55.0715620Z test content::tests::mapping_state_machine ... ok
2026-10-06T09:52:55.0982576Z test content::tests::service_bulk_trash_respects_lock_and_restores_all_former_domains ... ok
2026-10-06T09:52:55.1215563Z test content::tests::service_deleted_record_clear_keeps_trash_history_and_physical_queue ... ok
2026-10-06T09:52:55.1435578Z test content::tests::the_delete_lock_keeps_archived_files_from_going_for_good ... ok
2026-10-06T09:52:55.2345374Z test content::tests::service_bulk_rating_scopes_keep_trash_and_other_services ... ok
2026-10-06T09:52:55.2816416Z test conn::tests::a_pause_empties_the_log_and_holds_work_until_dropped ... ok
2026-10-06T09:52:55.2817096Z test db_maintenance::tests::per_service_table_names ... ok
2026-10-06T09:52:55.2817974Z test display::tests::first_sibling_pair_wins_and_cycles_are_dropped ... ok
2026-10-06T09:52:55.2884885Z test db_maintenance::tests::basic_jobs_find_nothing_and_regeneration_keeps_counts ... ok
2026-10-06T09:52:55.2891289Z test display::tests::parent_loops_are_dropped ... ok
2026-10-06T09:52:55.2891955Z test display::tests::parents_close_transitively_through_ideals ... ok
2026-10-06T09:52:55.2892688Z test display::tests::rules_count_as_the_reference_s_lookup_rows ... ok
2026-10-06T09:52:55.2893223Z test display::tests::sibling_chains_resolve_to_the_end ... ok
2026-10-06T09:52:55.3236548Z test domains::tests::a_read_sees_the_domain_as_its_snapshot_has_it ... ok
2026-10-06T09:52:55.3637690Z test domains::tests::import_order_is_by_time_then_id_and_follows_writes ... ok
2026-10-06T09:52:55.3677126Z test duplicates::auto::tests::the_references_suggested_rules_are_all_read ... ok
2026-10-06T09:52:55.3696648Z test db_maintenance::tests::inconsistent_mappings_and_orphans_are_repaired ... ok
2026-10-06T09:52:55.3726388Z test display::tests::graph_invariants ... ok
2026-10-06T09:52:55.3978996Z test duplicates::cache::tests::cached_pairs_follow_writes_and_only_readers_fill_the_cache ... ok
2026-10-06T09:52:55.4679684Z test duplicates_progress::tests::real_saved_disabled_legacy_policy_backfills_native_override_and_reopens ... ok
2026-10-06T09:52:55.4832090Z test ffmpeg_policy::tests::actual_legacy_saved_policy_backfill_native_override_and_poll_adapter ... ok
2026-10-06T09:52:55.5005302Z test file_maintenance::tests::captured_cancel_clears_due_and_future_types_and_keeps_unselected_work ... ok
2026-10-06T09:52:55.5011216Z test file_maintenance::tests::file_work_lease_is_shared_by_independent_owners_and_released_on_drop ... ok
2026-10-06T09:52:55.5015353Z test file_maintenance::tests::job_types_keep_the_reference_s_codes ... ok
2026-10-06T09:52:55.5208150Z test file_maintenance::tests::selected_admission_precedes_batch_limit_and_preserves_due_type_rules ... ok
2026-10-06T09:52:55.5235722Z test folder_activity::tests::abandoned_request_and_old_marker_files_do_not_pause_another_kind ... ok
2026-10-06T09:52:55.5236840Z test folder_activity::tests::request_interrupts_work_waits_for_release_and_rejects_new_work ... ok
2026-10-06T09:52:55.5249781Z test ffmpeg_policy::tests::reader_from_a_borrowed_store_is_live_and_does_not_retain_its_owner ... ok
2026-10-06T09:52:55.5448608Z test duplicates::merge::tests::only_whitelisted_notes_merge_under_their_new_names ... ok
2026-10-06T09:52:55.5852415Z test gallery::tests::a_page_makes_a_search_per_query_with_its_settings ... ok
2026-10-06T09:52:55.5885884Z test folder_activity::tests::transient_pause_preserves_original_and_live_user_pause_preferences ... ok
2026-10-06T09:52:55.5960769Z test gallery::tests::no_downloader_or_no_urls_makes_nothing ... ok
2026-10-06T09:52:55.6505979Z test gallery::tests::queries_merge_and_repeats_are_skipped_as_the_page_says ... ok
2026-10-06T09:52:55.6524469Z test granularity::tests::estimating_a_folder_ignores_non_ascii_names ... ok
2026-10-06T09:52:55.6726532Z test granularity::tests::cancellation_restores_moved_files_to_their_original_locations ... ok
2026-10-06T09:52:55.7443952Z test granularity::tests::failed_publication_restores_exact_split_locations ... ok
2026-10-06T09:52:55.7654291Z test granularity::tests::merged_prefix_records_the_actual_destination_across_locations ... ok
2026-10-06T09:52:55.7659573Z test idle_state::tests::only_a_fresh_idle_marker_is_idle ... ok
2026-10-06T09:52:55.7660371Z test idle_state::tests::pace_follows_the_time_and_caps_the_rest ... ok
2026-10-06T09:52:55.8645044Z test image_colour::tests::real_saved_disabled_legacy_policy_backfills_native_override_and_reopens ... ok
2026-10-06T09:52:55.9405067Z test import::decode::tests::a_clients_simple_downloader_formulae_come_across ... ok
2026-10-06T09:52:56.0264778Z test import::decode::tests::a_new_clients_checker_timings_are_our_defaults ... ok
2026-10-06T09:52:56.0972804Z test import::decode::tests::a_new_clients_headers_are_our_defaults ... ok
2026-10-06T09:52:56.1738826Z test import::decode::tests::a_new_clients_import_options_and_downloaders_convert ... ok
2026-10-06T09:52:56.2505310Z test granularity::tests::the_store_records_its_new_folders ... ok
2026-10-06T09:52:56.2514712Z test import::decode::tests::a_new_clients_merge_options_are_our_defaults ... ok
2026-10-06T09:52:56.2765319Z test import::decode::tests::auto_resolution_rules_convert ... ok
2026-10-06T09:52:56.3765854Z test import::decode::tests::api_update_toasts_import_present_and_absent_client_options ... ok
2026-10-06T09:52:56.3825533Z test import::decode::tests::browser_eye_menu_preferences_migrate_independently ... ok
2026-10-06T09:52:56.4951653Z test import::decode::tests::command_palette_preferences_migrate_defaults_and_nondefault_provider_policies ... ok
2026-10-06T09:52:56.5153542Z test import::decode::tests::clipboard_monitor_switches_convert_independently ... ok
2026-10-06T09:52:56.5284764Z test import::decode::tests::custom_merge_options_convert ... ok
2026-10-06T09:52:56.5585121Z test import::decode::tests::downloader_pages_own_state_converts ... ok
2026-10-06T09:52:56.6268295Z test import::decode::tests::cursor_autohide_import_preserves_timeout_and_do_not_hide ... ok
2026-10-06T09:52:56.7640749Z test import::decode::tests::downloader_update_time_import_preserves_raw_fields_and_reopens ... ok
2026-10-06T09:52:56.8709869Z test import::decode::tests::export_default_directory_import_resolves_recorded_portable_paths ... ok
2026-10-06T09:52:56.9854935Z test import::decode::tests::file_search_defaults_convert_user_values ... ok
2026-10-06T09:52:57.1265231Z test import::decode::tests::file_view_removal_imports_legacy_and_typed_flags_independently ... ok
2026-10-06T09:52:57.1455484Z test import::decode::tests::duplicate_colours_import_none_zero_and_explicit_preferences_then_reopen ... ok
2026-10-06T09:52:57.3355438Z test import::decode::tests::four_note_preferences_import_and_survive_reopen ... ok
2026-10-06T09:52:57.3827898Z test import::decode::tests::idle_timeout_import_preserves_seconds_none_and_missing_defaults ... ok
2026-10-06T09:52:57.4555850Z test import::decode::tests::image_cache_size_raw_timeout_and_future_admission_import_independently ... ok
2026-10-06T09:52:57.5303101Z test import::decode::tests::importing_work_slots_decode_five_legacy_keys_and_persist_native_limits ... ok
2026-10-06T09:52:57.6304958Z test import::decode::tests::local_transfer_confirmations_decode_both_legacy_booleans ... ok
2026-10-06T09:52:57.7035748Z test import::decode::tests::main_identity_import_preserves_raw_name_and_saved_tag_activation ... ok
2026-10-06T09:52:57.7428504Z test import::decode::tests::maintenance_gates_import_present_and_absent_client_options ... ok
2026-10-06T09:52:57.7934180Z test import::decode::tests::manage_tags_live_display_and_incremental_fields_import ... ok
2026-10-06T09:52:57.8705566Z test import::decode::tests::manage_tags_sort_contexts_import_siblings_independently_of_sidebar_sorts ... ok
2026-10-06T09:52:57.8787573Z test import::decode::tests::namespace_colours_convert ... ok
2026-10-06T09:52:57.8814628Z test import::decode::tests::page_sort_import_preserves_its_independent_full_tag_context ... ok
2026-10-06T09:52:57.9934943Z test import::decode::tests::passive_background_options_import_each_draw_key ... ok
2026-10-06T09:52:58.0885377Z test import::decode::tests::network_boot_preference_converts_without_changing_live_pause ... ok
2026-10-06T09:52:58.1225476Z test import::decode::tests::physical_delete_import_preserves_present_delay_and_defaults_without_client_options ... ok
2026-10-06T09:52:58.3063428Z test import::decode::tests::preview_and_dialog_rating_sizes_import_exact_fractional_preferences ... ok
2026-10-06T09:52:58.4127993Z test import::decode::tests::real_client_ffmpeg_timeout_is_imported_without_clamping ... ok
2026-10-06T09:52:58.6155311Z test import::decode::tests::recorded_custom_predicate_defaults_import_with_typed_units_and_keys ... ok
2026-10-06T09:52:58.6533678Z test content::tests::incremental_counts_equal_rebuild ... ok
2026-10-06T09:52:58.7206253Z test import::decode::tests::saving_the_page_sort_on_change_converts ... ok
2026-10-06T09:52:58.7685096Z test import::decode::tests::popup_width_imports_raw_reference_preferences_and_reopens_them ... ok
2026-10-06T09:52:58.7941931Z test import::decode::tests::sibling_connector_colours_import_retains_none_empty_and_raw_names ... ok
2026-10-06T09:52:58.7994723Z test import::decode::tests::shortcut_capture_policies_import_defaults_and_nondefault_values ... ok
2026-10-06T09:52:58.8709122Z test import::decode::tests::subscription_concurrency_imports_nondefault_number ... ok
2026-10-06T09:52:58.9226749Z test import::decode::tests::suggested_layout_and_unavailable_default_pages_migrate_without_losing_choices ... ok
2026-10-06T09:52:58.9257328Z test import::decode::tests::tag_display_filters_convert ... ok
2026-10-06T09:52:58.9481949Z test import::decode::tests::subscription_file_failure_threshold_imports_none_and_number ... ok
2026-10-06T09:52:58.9779520Z test import::decode::tests::tag_dialog_defaults_import_independently_of_autocomplete_defaults ... ok
2026-10-06T09:52:58.9976009Z test import::decode::tests::tag_list_opening_modes_import_independently_and_ignore_unknown_codes ... ok
2026-10-06T09:52:59.0116264Z test import::decode::tests::tag_presentation_converts ... ok
2026-10-06T09:52:59.1028991Z test import::decode::tests::the_lock_password_converts ... ok
2026-10-06T09:52:59.1255834Z test import::decode::tests::the_search_defaults_convert ... ok
2026-10-06T09:52:59.1445064Z test import::decode::tests::the_tag_summaries_convert ... ok
2026-10-06T09:52:59.2406564Z test import::decode::tests::the_thumbnail_border_and_margin_convert ... ok
2026-10-06T09:52:59.2536287Z test import::decode::tests::unselected_tag_limit_import_preserves_zero_none_and_presentation ... ok
2026-10-06T09:52:59.2567575Z test import::decode::tests::thumbnail_cache_size_and_raw_timeout_import_as_independent_typed_preferences ... ok
2026-10-06T09:52:59.3994917Z test import::decode::tests::viewer_closing_options_import_each_independent_preference ... ok
2026-10-06T09:52:59.4036745Z test import::decode::tests::viewer_focus_options_import_independent_mouseover_gates ... ok
2026-10-06T09:52:59.4064663Z test import::decode::tests::viewer_canvas_options_convert_user_values ... ok
2026-10-06T09:52:59.5345092Z test import::decode::tests::viewer_pointer_options_import_both_drag_preferences ... ok
2026-10-06T09:52:59.5401096Z test import::decode::tests::viewer_hover_options_migrate_disable_keys_as_enabled_controls ... ok
2026-10-06T09:52:59.5997673Z test import::decode::tests::viewer_playback_import_keeps_zoom_command_and_loop_policy ... ok
2026-10-06T09:52:59.6760656Z test import::decode::tests::viewing_menu_preferences_import_the_display_style_and_canvas_ticks ... ok
2026-10-06T09:52:59.7234952Z test import::decode::tests::viewer_tag_wheel_imports_all_four_reference_policy_codes ... ok
2026-10-06T09:52:59.7905287Z test import::network_tests::copies_the_mpv_conf ... ok
2026-10-06T09:52:59.8145311Z test import::network_tests::a_named_startup_session_keeps_hydrus_s_last_session_apart ... ok
2026-10-06T09:52:59.9218531Z test import::network_tests::downloader_pages_own_state_comes_back_for_earlier_imports ... ok
2026-10-06T09:52:59.9749018Z test import::network_tests::imports_local_import_pages_from_the_last_session ... ok
2026-10-06T09:52:59.9804847Z test import::network_tests::imports_downloader_pages_from_the_last_session ... ok
2026-10-06T09:53:00.0976100Z test import::network_tests::imports_search_pages_from_the_last_session ... ok
2026-10-06T09:53:00.1095397Z test import::network_tests::imports_session_cookies ... ok
2026-10-06T09:53:00.1190584Z test granularity::tests::a_folder_goes_to_three_and_back ... ok
2026-10-06T09:53:00.1205027Z test import::tests::any_reference_install_counts_match ... ignored, needs HYDRUS_REFERENCE_DB
2026-10-06T09:53:00.1974222Z test import::network_tests::imports_subscriptions_with_their_histories ... ok
2026-10-06T09:53:00.2154955Z test import::tests::a_default_install_keeps_the_default_bandwidth_rules ... ok
2026-10-06T09:53:00.2325234Z test import::tests::decodes_the_basic_fixture_settings ... ok
2026-10-06T09:53:00.2704377Z test import::network_tests::other_saved_sessions_come_across_without_running_their_downloaders ... ok
2026-10-06T09:53:00.2734925Z test import::tests::import_options_that_run_programs_are_reported ... ok
2026-10-06T09:53:00.3062680Z test import::tests::imports_the_basic_fixture ... ok
2026-10-06T09:53:00.3295194Z test import::tests::rebuilt_counts_match_the_reference_caches ... ok
2026-10-06T09:53:00.3473170Z test import::tests::the_global_pause_switches_come_across ... ok
2026-10-06T09:53:00.3474600Z test live::tests::a_status_shows_its_first_line ... ok
2026-10-06T09:53:00.3565609Z test live::tests::cancels_are_taken_once_and_nudge_the_queue ... ok
2026-10-06T09:53:00.3658363Z test live::tests::live_state_is_kept_replaced_and_cleared ... ok
2026-10-06T09:53:00.3669756Z test live::tests::only_changes_are_published ... ok
2026-10-06T09:53:00.3865282Z test import::tests::the_network_options_come_across ... ok
2026-10-06T09:53:00.4301323Z test import::tests::the_trash_limits_come_across ... ok
2026-10-06T09:53:00.4675385Z test login_runtime::tests::crashed_process_metadata_cannot_block_or_cancel_the_next_lease ... ok
2026-10-06T09:53:00.4694917Z test import::tests::refuses_to_overwrite_or_import_the_wrong_version ... ok
2026-10-06T09:53:00.4784858Z test login_runtime::tests::separate_store_owners_serialize_cancel_and_retire_only_the_reviewed_login ... ok
2026-10-06T09:53:00.6802666Z test maintenance::tests::cancelled_owned_wait_releases_writer_and_never_admits_a_successor_pair ... ok
2026-10-06T09:53:00.7360635Z test maintenance::tests::missing_file_still_waits_after_its_thumbnail_and_queue_commit ... ok
2026-10-06T09:53:00.7503017Z test maintenance::tests::captured_wait_follows_committed_pairs_including_last_and_allows_live_readd ... ok
2026-10-06T09:53:00.8043115Z test maintenance::tests::never_deletes_media_shared_with_another_install ... ok
2026-10-06T09:53:00.9114696Z test maintenance::tests::pair_failure_keeps_its_queue_and_previous_pair_commit_and_does_not_wait ... ok
2026-10-06T09:53:00.9216357Z test maintenance::tests::rebuilding_the_caches_gives_the_same_caches ... ok
2026-10-06T09:53:01.0859309Z test maintenance::tests::retained_local_queue_cleanup_does_not_wait_or_remove_physical_paths ... ok
2026-10-06T09:53:01.0921684Z test maintenance::tests::selected_tag_regeneration_repairs_connected_counts_without_changing_primary_data ... ok
2026-10-06T09:53:01.0989359Z test master::tests::interning_is_idempotent_and_reversible ... ok
2026-10-06T09:53:01.1064983Z test master::tests::new_subtags_are_indexed_for_autocomplete ... ok
2026-10-06T09:53:01.1065797Z test master::tests::url_domains_match_urlparse_netloc ... ok
2026-10-06T09:53:01.1371323Z test maintenance_gates::tests::retained_client_options_native_wins_reopen_and_corruption ... ok
2026-10-06T09:53:01.1942725Z test media::tests::counts_tags_as_each_file_has_them ... ok
2026-10-06T09:53:01.2181076Z test media::tests::hidden_tags_are_left_out_of_the_counts ... ok
2026-10-06T09:53:01.2810868Z test menu_choice_wheel::tests::actual_saved_false_legacy_fallback_native_override_and_durable_reopen ... ok
2026-10-06T09:53:01.2881352Z test media::tests::loads_the_fixture ... ok
2026-10-06T09:53:01.2909775Z test network::login_tests::a_login_covers_its_domain_and_subdomains ... ok
2026-10-06T09:53:01.2942193Z test network::tests::cookies_list_in_jar_order ... ok
2026-10-06T09:53:01.2998525Z test network::tests::headers_keep_what_is_not_given ... ok
2026-10-06T09:53:01.3024017Z test network::tests::sessions_are_per_registrable_domain ... ok
2026-10-06T09:53:01.3411788Z test orphan_files::tests::strays_are_found_and_moved_and_kept_files_stay ... ok
2026-10-06T09:53:01.3525361Z test maintenance::tests::leaves_claimed_files_queued ... ok
2026-10-06T09:53:01.3527690Z test paths::tests::copies_keep_permissions_unless_told_not_to ... ok
2026-10-06T09:53:01.3924616Z test page_layout::tests::imported_yaml_signed_sizes_exit_switch_and_native_override_survive_reopen ... ok
2026-10-06T09:53:01.3967338Z test or_connector::tests::real_qt_serialised_raw_connector_backfills_and_native_override_survives_reopen ... ok
2026-10-06T09:53:01.3980907Z test popup_actions::tests::answer_survives_dismissal_and_old_owner_cannot_consume_or_retire_successor ... ok
2026-10-06T09:53:01.4111660Z test popup_actions::tests::gui_retirement_drops_unconsumed_calls_but_preserves_committed_answers ... ok
2026-10-06T09:53:01.4129951Z test popup_actions::tests::pre_action_schema_upgrades_and_restart_forgets_ephemeral_handlers_but_keeps_clipboard ... ok
2026-10-06T09:53:01.4166223Z test physical_delete::tests::recorded_retained_options_native_override_constructor_and_reopen ... ok
2026-10-06T09:53:01.4211586Z test popups::tests::mergable_files_with_the_same_label_join_one_popup ... ok
2026-10-06T09:53:01.4274121Z test popups::tests::popups_queue_oldest_first_until_dismissed ... ok
2026-10-06T09:53:01.4343998Z test queues::tests::a_pages_queue_waits_while_closed_and_goes_with_it ... ok
2026-10-06T09:53:01.4401438Z test queues::tests::a_queues_page_shows_the_files_its_seeds_brought_in_order ... ok
2026-10-06T09:53:01.4484339Z test queues::tests::deleted_queue_identity_is_not_recycled_and_late_seed_updates_ignore_successors ... ok
2026-10-06T09:53:01.4603168Z test queues::tests::nudges_are_taken_once_each ... ok
2026-10-06T09:53:01.4656467Z test queues::tests::file_log_drafts_isolate_mutations_and_restore_complete_metadata_in_order ... ok
2026-10-06T09:53:01.4736591Z test queues::tests::seeds_dedupe_order_and_retry ... ok
2026-10-06T09:53:01.4780639Z test queues::tests::urls_typed_into_a_page_are_handed_over_once_in_order ... ok
2026-10-06T09:53:01.4781320Z test reference_options::tests::unset_values_read_as_their_defaults ... ok
2026-10-06T09:53:01.4824453Z test schema::tests::migrations_apply_cleanly_and_are_idempotent ... ok
2026-10-06T09:53:01.4825703Z test schema::tests::refuses_newer_schema ... ok
2026-10-06T09:53:01.4832088Z test popup_freeze::tests::actual_saved_true_legacy_native_override_and_durable_reopen ... ok
2026-10-06T09:53:01.4832964Z test services::tests::colours_serialise_as_hex ... ok
2026-10-06T09:53:01.4977572Z test schema::tests::tag_service_tables_round_trip ... ok
2026-10-06T09:53:01.4985113Z test services::tests::numerical_stars_match_reference_rounding ... ok
2026-10-06T09:53:01.4996586Z test services::tests::default_services_round_trip ... ok
2026-10-06T09:53:01.5115100Z test session_backups::importer_tests::historical_importers_restore_independent_settings_and_seed_logs ... ok
2026-10-06T09:53:01.5146113Z test session_backups::queue_kind_tests::every_native_page_importer_restores_its_auxiliary_state_and_both_logs ... ok
2026-10-06T09:53:01.5230214Z test session_backups::tests::automatic_last_session_hash_replays_real_unchanged_suppression_and_history ... ok
2026-10-06T09:53:01.5285890Z test session_backups::tests::imported_previous_media_is_independent_and_deletion_clears_backups ... ok
2026-10-06T09:53:01.5353442Z test session_backups::tests::rolling_timestamps_match_the_reference_including_clock_reversal ... ok
2026-10-06T09:53:01.5381071Z test maintenance::tests::purges_files_that_left_local_storage ... ok
2026-10-06T09:53:01.5399696Z test session_reload::tests::committed_reload_slot_is_independent_and_cleanup_keeps_active_media ... ok
2026-10-06T09:53:01.5560416Z test sessions::tests::commands_queue_for_the_gui_or_change_the_session ... ok
2026-10-06T09:53:01.5576634Z test radio_return::tests::actual_saved_false_legacy_fallback_native_override_and_durable_reopen ... ok
2026-10-06T09:53:01.5577372Z test sessions::tests::media_viewers_are_kept_in_order ... ok
2026-10-06T09:53:01.5577952Z test similar::tests::scale ... ignored, a timing, not a check
2026-10-06T09:53:01.5578535Z test similar::tests::flat_colours_are_blank ... ok
2026-10-06T09:53:01.5598217Z test sessions::tests::saving_keeps_the_top_key_the_page_shown_and_selections ... ok
2026-10-06T09:53:01.5601239Z test storage::tests::a_location_without_its_folders_is_missing ... ok
2026-10-06T09:53:01.5614553Z test storage::tests::paths_follow_the_reference_layout ... ok
2026-10-06T09:53:01.5649072Z test sessions::tests::sessions_keep_their_pages_and_files ... ok
2026-10-06T09:53:01.5652218Z test storage_locations::tests::shares_follow_weights_and_limits ... ok
2026-10-06T09:53:01.6095521Z test similar::tests::the_index_finds_exactly_what_checking_everything_finds ... ok
2026-10-06T09:53:01.6286392Z test store::tests::content_writes_use_foreign_relation_graphs_before_the_next_poll ... ok
2026-10-06T09:53:01.6774731Z test store::tests::new_store_has_default_services ... ok
2026-10-06T09:53:01.6885864Z test store::tests::independent_stores_notice_committed_snapshot_changes_without_refresh_loops ... ok
2026-10-06T09:53:01.7158822Z test similar::tests::the_search_finds_the_pairs_the_reference_found ... ok
2026-10-06T09:53:01.7383246Z test store::tests::snapshots_refresh_only_after_commit ... ok
2026-10-06T09:53:01.7530010Z test tag_display::tests::a_service_s_tags_pass_its_filter_and_all_known_tags ... ok
2026-10-06T09:53:01.7572363Z test store::tests::pre_existing_queue_without_sequence_keeps_its_retired_identity_after_upgrade ... ok
2026-10-06T09:53:01.7994925Z test tag_editing::tests::older_preferences_get_write_defaults_and_tab_memory_preserves_them ... ok
2026-10-06T09:53:01.7996730Z test text::tests::integers_follow_python_isdecimal ... ok
2026-10-06T09:53:01.7997259Z test text::tests::searchable_forms ... ok
2026-10-06T09:53:01.7997704Z test text::tests::tokenises_like_fts4_simple ... ok
2026-10-06T09:53:01.8028214Z test tag_editing::tests::manage_tags_preferences_are_backward_compatible_and_independent ... ok
2026-10-06T09:53:01.8406760Z test synth::tests::a_small_library_has_consistent_counts ... ok
2026-10-06T09:53:01.8640974Z test thumbnail_appearance::tests::retained_actual_options_upgrade_native_override_and_reopen ... ok
2026-10-06T09:53:01.9882112Z test transfer::tests::in_place_marks_the_media_as_shared ... ok
2026-10-06T09:53:02.0988262Z test transfer::tests::refuses_an_existing_destination ... ok
2026-10-06T09:53:02.2374196Z test trash::tests::an_oversized_trash_loses_its_oldest_files_eight_at_a_time ... ok
2026-10-06T09:53:02.3801823Z test trash::tests::cancelled_writer_admission_leaves_trash_and_physical_queue_untouched ... ok
2026-10-06T09:53:02.4391190Z test transfer::tests::hardlink_copy_and_move_give_the_store_its_own_media ... ok
2026-10-06T09:53:02.5148368Z test trash::tests::files_trashed_too_long_ago_are_deleted_for_good ... ok
2026-10-06T09:53:02.5681907Z test trash::tests::no_limits_leave_the_trash_alone ... ok
2026-10-06T09:53:02.6702478Z test trash::tests::the_delete_lock_keeps_archived_files_in_the_trash ... ok
2026-10-06T09:53:02.6718405Z test undo::tests::undo_and_redo_step_through_the_log_and_new_changes_cut_it ... ok
2026-10-06T09:53:02.6719246Z test vacuum::tests::room_is_checked_as_the_reference_checks ... ok
2026-10-06T09:53:02.7164888Z test trash::tests::the_size_limit_goes_first_then_the_age_limit ... ok
2026-10-06T09:53:02.7873137Z test vacuum::tests::vacuuming_frees_pages_and_is_recorded ... ok
2026-10-06T09:53:02.7938779Z test watchers::tests::a_page_watches_each_thread_once_with_its_own_options ... ok
2026-10-06T09:53:02.8316993Z test watchers::tests::checking_now_and_pausing_checking ... ok
2026-10-06T09:53:02.8386798Z test watchers::tests::setting_a_watchers_checker_options ... ok
2026-10-06T09:53:02.9489877Z test transfer::tests::each_drive_s_media_stays_on_it ... ok
2026-10-06T09:53:03.0658272Z test storage_locations::tests::a_second_location_takes_half_and_thumbnails_follow ... ok
2026-10-06T09:53:03.0658539Z 
2026-10-06T09:53:03.0658704Z test result: ok. 250 passed; 0 failed; 2 ignored; 0 measured; 0 filtered out; finished in 8.19s
2026-10-06T09:53:03.0658904Z 
2026-10-06T09:53:03.0688176Z [1m[92m     Running[0m tests/import_status.rs (target/debug/deps/import_status-30c9defafff09d5d)
2026-10-06T09:53:03.0699327Z 
2026-10-06T09:53:03.0699429Z running 3 tests
2026-10-06T09:53:03.0719541Z test owned_precision_replays_actual_network_job_controls_without_changing_gauges_or_cancellation ... ok
2026-10-06T09:53:03.1000096Z test downloads_lines_say_what_the_references_network_job_control_says ... ok
2026-10-06T09:53:03.1039415Z test file_and_search_logs_say_what_the_reference_says ... ok
2026-10-06T09:53:03.1039682Z 
2026-10-06T09:53:03.1039905Z test result: ok. 3 passed; 0 failed; 0 ignored; 0 measured; 0 filtered out; finished in 0.03s
2026-10-06T09:53:03.1040130Z 
2026-10-06T09:53:03.1055654Z [1m[92m     Running[0m tests/metadata_jobs.rs (target/debug/deps/metadata_jobs-38d1cc1e4ad14953)
2026-10-06T09:53:03.1071627Z 
2026-10-06T09:53:03.1071717Z running 1 test
2026-10-06T09:53:03.3432138Z test actual_qt_worker_inputs_replay_files_cancellation_progress_and_copy_cleanup ... ok
2026-10-06T09:53:03.3432393Z 
2026-10-06T09:53:03.3432546Z test result: ok. 1 passed; 0 failed; 0 ignored; 0 measured; 0 filtered out; finished in 0.24s
2026-10-06T09:53:03.3432741Z 
2026-10-06T09:53:03.3439317Z [1m[92m     Running[0m tests/tag_migration.rs (target/debug/deps/tag_migration-ea2504f2d53ddb7c)
2026-10-06T09:53:03.3455887Z 
2026-10-06T09:53:03.3456017Z running 15 tests
2026-10-06T09:53:03.4296020Z test archive_validation_rejects_wrong_types_and_unsupported_hashes_before_import ... ok
2026-10-06T09:53:03.4370692Z test cancellation_is_a_durable_prefix_and_incremental_counts_match_rebuild ... ok
2026-10-06T09:53:03.4806154Z test archive_exports_preserve_metadata_merge_and_cancelled_committed_prefix ... ok
2026-10-06T09:53:03.4838649Z test overlapping_migration_is_rejected_without_waiting_for_a_reader ... ok
2026-10-06T09:53:03.5039249Z test pair_count_gates_observe_reference_concurrent_mapping_changes_between_batches ... ok
2026-10-06T09:53:03.5584531Z test pair_migration_publishes_graph_and_rebuilt_counts ... ok
2026-10-06T09:53:03.7016761Z test pair_count_gates_replay_real_current_pending_and_terminal_ideal_counts ... ok
2026-10-06T09:53:03.7675923Z test registry_changes_stop_the_next_batch_and_keep_committed_prefix ... ok
2026-10-06T09:53:03.7827453Z test published_job_events_match_reference_phases_and_committed_prefixes ... ok
2026-10-06T09:53:03.8278829Z test repository_union_deduplicates_and_petition_reason_is_persisted ... ok
2026-10-06T09:53:03.8316063Z test same_service_delete_and_clear_never_skip_mutated_source_rows ... ok
2026-10-06T09:53:03.8746748Z test selected_files_and_filters_are_applied_before_destination_changes ... ok
2026-10-06T09:53:03.8818619Z test source_snapshot_excludes_later_inserts_and_retains_later_removed_rows ... ok
2026-10-06T09:53:03.8995403Z test pause_waits_after_commit_resume_continues_and_cancel_wakes_without_next_batch ... ok
2026-10-06T09:53:04.9151828Z test actual_python_archives_import_convert_scope_filter_and_reopen ... ok
2026-10-06T09:53:04.9152155Z 
2026-10-06T09:53:04.9152493Z test result: ok. 15 passed; 0 failed; 0 ignored; 0 measured; 0 filtered out; finished in 1.57s
2026-10-06T09:53:04.9152840Z 
2026-10-06T09:53:04.9168903Z [1m[92m     Running[0m unittests src/lib.rs (target/debug/deps/hydrus_testkit-d4be0a6c0204d9c1)
2026-10-06T09:53:04.9180714Z 
2026-10-06T09:53:04.9180952Z running 3 tests
2026-10-06T09:53:04.9234127Z 
2026-10-06T09:53:04.9234569Z running 1 test
2026-10-06T09:53:04.9234870Z test tests::runtime_fixture_override ... ok
2026-10-06T09:53:04.9235103Z 
2026-10-06T09:53:04.9235364Z test result: ok. 1 passed; 0 failed; 0 ignored; 0 measured; 2 filtered out; finished in 0.00s
2026-10-06T09:53:04.9235910Z 
2026-10-06T09:53:04.9236025Z test tests::runtime_fixture_override ... ok
2026-10-06T09:53:04.9684207Z test tests::basic_fixture_extracts_with_empty_subfolders ... ok
2026-10-06T09:53:05.0103065Z test tests::each_call_gets_its_own_copy ... ok
2026-10-06T09:53:05.0103334Z 
2026-10-06T09:53:05.0103806Z test result: ok. 3 passed; 0 failed; 0 ignored; 0 measured; 0 filtered out; finished in 0.09s
2026-10-06T09:53:05.0104185Z 
2026-10-06T09:53:05.0107070Z [1m[92m     Running[0m unittests src/main.rs (target/debug/deps/xtask-3d9b93e5759a9504)
2026-10-06T09:53:05.0120952Z 
2026-10-06T09:53:05.0121158Z running 0 tests
2026-10-06T09:53:05.0121331Z 
2026-10-06T09:53:05.0121642Z test result: ok. 0 passed; 0 failed; 0 ignored; 0 measured; 0 filtered out; finished in 0.00s
2026-10-06T09:53:05.0121886Z 
2026-10-06T09:53:05.0123302Z [1m[92m   Doc-tests[0m hydrus_api
2026-10-06T09:53:05.1656824Z 
2026-10-06T09:53:05.1657433Z running 0 tests
2026-10-06T09:53:05.1666804Z 
2026-10-06T09:53:05.1667231Z test result: ok. 0 passed; 0 failed; 0 ignored; 0 measured; 0 filtered out; finished in 0.00s
2026-10-06T09:53:05.1667713Z 
2026-10-06T09:53:05.1683119Z [1m[92m   Doc-tests[0m hydrus_core
2026-10-06T09:53:05.6140856Z 
2026-10-06T09:53:05.6141375Z running 0 tests
2026-10-06T09:53:05.6141549Z 
2026-10-06T09:53:05.6141731Z test result: ok. 0 passed; 0 failed; 0 ignored; 0 measured; 0 filtered out; finished in 0.00s
2026-10-06T09:53:05.6141935Z 
2026-10-06T09:53:05.6163638Z [1m[92m   Doc-tests[0m hydrus_download
2026-10-06T09:53:05.7362922Z 
2026-10-06T09:53:05.7363524Z running 0 tests
2026-10-06T09:53:05.7363931Z 
2026-10-06T09:53:05.7364212Z test result: ok. 0 passed; 0 failed; 0 ignored; 0 measured; 0 filtered out; finished in 0.00s
2026-10-06T09:53:05.7364528Z 
2026-10-06T09:53:05.7387232Z [1m[92m   Doc-tests[0m hydrus_downloader_exchange
2026-10-06T09:53:05.8058692Z 
2026-10-06T09:53:05.8059232Z running 0 tests
2026-10-06T09:53:05.8059430Z 
2026-10-06T09:53:05.8059614Z test result: ok. 0 passed; 0 failed; 0 ignored; 0 measured; 0 filtered out; finished in 0.00s
2026-10-06T09:53:05.8059813Z 
2026-10-06T09:53:05.8079407Z [1m[92m   Doc-tests[0m hydrus_duplicates
2026-10-06T09:53:05.8508444Z 
2026-10-06T09:53:05.8508932Z running 0 tests
2026-10-06T09:53:05.8509090Z 
2026-10-06T09:53:05.8509269Z test result: ok. 0 passed; 0 failed; 0 ignored; 0 measured; 0 filtered out; finished in 0.00s
2026-10-06T09:53:05.8509464Z 
2026-10-06T09:53:05.8528773Z [1m[92m   Doc-tests[0m hydrus_gui
2026-10-06T09:53:06.4621697Z 
2026-10-06T09:53:06.4622270Z running 0 tests
2026-10-06T09:53:06.4622470Z 
2026-10-06T09:53:06.4622850Z test result: ok. 0 passed; 0 failed; 0 ignored; 0 measured; 0 filtered out; finished in 0.00s
2026-10-06T09:53:06.4623250Z 
2026-10-06T09:53:06.4652019Z [1m[92m   Doc-tests[0m hydrus_gui_model
2026-10-06T09:53:06.9111579Z 
2026-10-06T09:53:06.9112088Z running 0 tests
2026-10-06T09:53:06.9112241Z 
2026-10-06T09:53:06.9112462Z test result: ok. 0 passed; 0 failed; 0 ignored; 0 measured; 0 filtered out; finished in 0.00s
2026-10-06T09:53:06.9112659Z 
2026-10-06T09:53:06.9134844Z [1m[92m   Doc-tests[0m hydrus_import
2026-10-06T09:53:06.9701316Z 
2026-10-06T09:53:06.9701775Z running 0 tests
2026-10-06T09:53:06.9701925Z 
2026-10-06T09:53:06.9702102Z test result: ok. 0 passed; 0 failed; 0 ignored; 0 measured; 0 filtered out; finished in 0.00s
2026-10-06T09:53:06.9702294Z 
2026-10-06T09:53:06.9721779Z [1m[92m   Doc-tests[0m hydrus_legacy
2026-10-06T09:53:07.3056980Z 
2026-10-06T09:53:07.3057521Z running 1 test
2026-10-06T09:53:07.3058402Z test crates/hydrus-legacy/src/lib.rs - (line 27) - compile ... ok
2026-10-06T09:53:07.3058725Z 
2026-10-06T09:53:07.3058949Z test result: ok. 1 passed; 0 failed; 0 ignored; 0 measured; 0 filtered out; finished in 0.00s
2026-10-06T09:53:07.3059211Z 
2026-10-06T09:53:07.3085252Z all doctests ran in 0.21s; merged doctests compilation took 0.21s
2026-10-06T09:53:07.3106734Z [1m[92m   Doc-tests[0m hydrus_media
2026-10-06T09:53:07.6974364Z 
2026-10-06T09:53:07.6974914Z running 1 test
2026-10-06T09:53:07.6975334Z test crates/hydrus-media/src/lib.rs - (line 10) - compile ... ok
2026-10-06T09:53:07.6975557Z 
2026-10-06T09:53:07.6975780Z test result: ok. 1 passed; 0 failed; 0 ignored; 0 measured; 0 filtered out; finished in 0.00s
2026-10-06T09:53:07.6975974Z 
2026-10-06T09:53:07.7001559Z all doctests ran in 0.27s; merged doctests compilation took 0.26s
2026-10-06T09:53:07.7023195Z [1m[92m   Doc-tests[0m hydrus_net
2026-10-06T09:53:07.7683459Z 
2026-10-06T09:53:07.7684167Z running 0 tests
2026-10-06T09:53:07.7684353Z 
2026-10-06T09:53:07.7684651Z test result: ok. 0 passed; 0 failed; 0 ignored; 0 measured; 0 filtered out; finished in 0.00s
2026-10-06T09:53:07.7684856Z 
2026-10-06T09:53:07.7705662Z [1m[92m   Doc-tests[0m hydrus_parse
2026-10-06T09:53:07.8876935Z 
2026-10-06T09:53:07.8877424Z running 0 tests
2026-10-06T09:53:07.8877611Z 
2026-10-06T09:53:07.8877804Z test result: ok. 0 passed; 0 failed; 0 ignored; 0 measured; 0 filtered out; finished in 0.00s
2026-10-06T09:53:07.8878036Z 
2026-10-06T09:53:07.8894761Z [1m[92m   Doc-tests[0m hydrus_search
2026-10-06T09:53:07.9722693Z 
2026-10-06T09:53:07.9723211Z running 0 tests
2026-10-06T09:53:07.9723383Z 
2026-10-06T09:53:07.9723562Z test result: ok. 0 passed; 0 failed; 0 ignored; 0 measured; 0 filtered out; finished in 0.00s
2026-10-06T09:53:07.9723933Z 
2026-10-06T09:53:07.9739917Z [1m[92m   Doc-tests[0m hydrus_store
2026-10-06T09:53:08.5374008Z 
2026-10-06T09:53:08.5374513Z running 0 tests
2026-10-06T09:53:08.5374657Z 
2026-10-06T09:53:08.5374865Z test result: ok. 0 passed; 0 failed; 0 ignored; 0 measured; 0 filtered out; finished in 0.00s
2026-10-06T09:53:08.5375060Z 
2026-10-06T09:53:08.5395712Z [1m[92m   Doc-tests[0m hydrus_testkit
2026-10-06T09:53:08.5572355Z 
2026-10-06T09:53:08.5572955Z running 0 tests
2026-10-06T09:53:08.5573130Z 
2026-10-06T09:53:08.5573301Z test result: ok. 0 passed; 0 failed; 0 ignored; 0 measured; 0 filtered out; finished in 0.00s
2026-10-06T09:53:08.5573532Z 
2026-10-06T09:53:08.5829485Z [1m[91merror[0m: 1 target failed:
2026-10-06T09:53:08.5829765Z     `-p hydrus-gui --test gui`
2026-10-06T09:53:08.6293658Z ##[error]Process completed with exit code 101.
2026-10-06T09:53:08.6888569Z ##[group]Run actions/upload-artifact@v4
2026-10-06T09:53:08.6888756Z with:
2026-10-06T09:53:08.6888886Z   name: test-diagnostics-37443398472-1
2026-10-06T09:53:08.6889719Z   path: /tmp/hydrus-tests.log
2026-10-06T09:53:08.6889890Z   if-no-files-found: ignore
2026-10-06T09:53:08.6890031Z   retention-days: 3
2026-10-06T09:53:08.6890162Z   compression-level: 6
2026-10-06T09:53:08.6890293Z   overwrite: false
2026-10-06T09:53:08.6890424Z   include-hidden-files: false
2026-10-06T09:53:08.6890566Z env:
2026-10-06T09:53:08.6890682Z   CARGO_TERM_COLOR: always
2026-10-06T09:53:08.6890829Z   RUSTFLAGS: -D warnings
2026-10-06T09:53:08.6890968Z   CARGO_HOME: /home/runner/.cargo
2026-10-06T09:53:08.6891119Z   CARGO_INCREMENTAL: 0
2026-10-06T09:53:08.6891263Z   CACHE_ON_FAILURE: true
2026-10-06T09:53:08.6891395Z ##[endgroup]
2026-10-06T09:53:08.9492064Z (node:22412) [DEP0040] DeprecationWarning: The `punycode` module is deprecated. Please use a userland alternative instead.
2026-10-06T09:53:08.9492568Z (Use `node --trace-deprecation ...` to show where the warning was created)
2026-10-06T09:53:08.9527138Z With the provided path, there will be 1 file uploaded
2026-10-06T09:53:08.9530283Z Artifact name is valid!
2026-10-06T09:53:08.9530707Z Root directory input is valid!
2026-10-06T09:53:09.2115019Z Beginning upload of artifact content to blob storage
2026-10-06T09:53:09.2342666Z (node:22412) [DEP0169] DeprecationWarning: `url.parse()` behavior is not standardized and prone to errors that have security implications. Use the WHATWG URL API instead. CVEs are not issued for `url.parse()` vulnerabilities.
2026-10-06T09:53:09.4143066Z Uploaded bytes 52943
2026-10-06T09:53:09.4523397Z Finished uploading artifact content to blob storage!
2026-10-06T09:53:09.4524144Z SHA256 digest of uploaded artifact zip is 9915f0b1161a2d9de6907a94816c980262e002e68fbe22a8da4cc96622fa66ef
2026-10-06T09:53:09.4525133Z Finalizing artifact upload
2026-10-06T09:53:09.6824213Z Artifact test-diagnostics-37443398472-1.zip successfully finalized. Artifact ID 11403445586
2026-10-06T09:53:09.6824767Z Artifact test-diagnostics-37443398472-1 has been successfully uploaded! Final size is 52943 bytes. Artifact ID is 11403445586
2026-10-06T09:53:09.6829401Z Artifact download URL: https://github.com/jkendall327/hydrus-mine/actions/runs/37443398472/artifacts/11403445586
2026-10-06T09:53:09.6966672Z ##[group]Run actions/upload-artifact@v4
2026-10-06T09:53:09.6966849Z with:
2026-10-06T09:53:09.6966987Z   name: native-gui-renders-37443398472-1
2026-10-06T09:53:09.6967159Z   path: target/tmp/*.png
2026-10-06T09:53:09.6967308Z   if-no-files-found: ignore
2026-10-06T09:53:09.6967452Z   retention-days: 3
2026-10-06T09:53:09.6967586Z   compression-level: 6
2026-10-06T09:53:09.6967722Z   overwrite: false
2026-10-06T09:53:09.6967871Z   include-hidden-files: false
2026-10-06T09:53:09.6968019Z env:
2026-10-06T09:53:09.6968139Z   CARGO_TERM_COLOR: always
2026-10-06T09:53:09.6968283Z   RUSTFLAGS: -D warnings
2026-10-06T09:53:09.6968429Z   CARGO_HOME: /home/runner/.cargo
2026-10-06T09:53:09.6968585Z   CARGO_INCREMENTAL: 0
2026-10-06T09:53:09.6968719Z   CACHE_ON_FAILURE: true
2026-10-06T09:53:09.6968854Z ##[endgroup]
2026-10-06T09:53:09.8101823Z (node:22424) [DEP0040] DeprecationWarning: The `punycode` module is deprecated. Please use a userland alternative instead.
2026-10-06T09:53:09.8102412Z (Use `node --trace-deprecation ...` to show where the warning was created)
2026-10-06T09:53:09.8329043Z With the provided path, there will be 265 files uploaded
2026-10-06T09:53:09.8333442Z Artifact name is valid!
2026-10-06T09:53:09.8334087Z Root directory input is valid!
2026-10-06T09:53:10.0926577Z Beginning upload of artifact content to blob storage
2026-10-06T09:53:10.3392059Z (node:22424) [DEP0169] DeprecationWarning: `url.parse()` behavior is not standardized and prone to errors that have security implications. Use the WHATWG URL API instead. CVEs are not issued for `url.parse()` vulnerabilities.
2026-10-06T09:53:10.8651872Z Uploaded bytes 8388608
2026-10-06T09:53:11.0532780Z Uploaded bytes 14387163
2026-10-06T09:53:11.0939243Z Finished uploading artifact content to blob storage!
2026-10-06T09:53:11.0939829Z SHA256 digest of uploaded artifact zip is 63b3036e7639c84c35df68ccaafe753715a68d62356f9d704b1990da00c6fe2a
2026-10-06T09:53:11.0940348Z Finalizing artifact upload
2026-10-06T09:53:11.3109587Z Artifact native-gui-renders-37443398472-1.zip successfully finalized. Artifact ID 11403540441
2026-10-06T09:53:11.3110309Z Artifact native-gui-renders-37443398472-1 has been successfully uploaded! Final size is 14387163 bytes. Artifact ID is 11403540441
2026-10-06T09:53:11.3114207Z Artifact download URL: https://github.com/jkendall327/hydrus-mine/actions/runs/37443398472/artifacts/11403540441
2026-10-06T09:53:11.3297977Z ##[group]Run python .github/scripts/workspace_artifact_cache.py stage
2026-10-06T09:53:11.3298488Z [36;1mpython .github/scripts/workspace_artifact_cache.py stage[0m
2026-10-06T09:53:11.4022828Z shell: /usr/bin/bash --noprofile --norc -e -o pipefail {0}
2026-10-06T09:53:11.4023053Z env:
2026-10-06T09:53:11.4023198Z   CARGO_TERM_COLOR: always
2026-10-06T09:53:11.4023351Z   RUSTFLAGS: -D warnings
2026-10-06T09:53:11.4023506Z   CARGO_HOME: /home/runner/.cargo
2026-10-06T09:53:11.4023667Z   CARGO_INCREMENTAL: 0
2026-10-06T09:53:11.4023955Z   CACHE_ON_FAILURE: true
2026-10-06T09:53:11.4024099Z ##[endgroup]
2026-10-06T09:53:14.4892685Z Workspace library snapshot candidate: 292 artifact files plus input ledger, 2196345458 bytes (limit 4294967296).
2026-10-06T09:53:14.5324008Z ##[group]Run actions/cache/save@v4
2026-10-06T09:53:14.5324195Z with:
2026-10-06T09:53:14.5324331Z   path: .ci-workspace-artifacts
2026-10-06T09:53:14.5324658Z   key: hydrus-ws-v1-check-Linux-X64-252b098a77719d57189cd7f0-115d5532a0fa0fe9a937a23b556dfd3aed965175-37443398472-1
2026-10-06T09:53:14.5325163Z   enableCrossOsArchive: false
2026-10-06T09:53:14.5325315Z env:
2026-10-06T09:53:14.5325437Z   CARGO_TERM_COLOR: always
2026-10-06T09:53:14.5325591Z   RUSTFLAGS: -D warnings
2026-10-06T09:53:14.5325741Z   CARGO_HOME: /home/runner/.cargo
2026-10-06T09:53:14.5325897Z   CARGO_INCREMENTAL: 0
2026-10-06T09:53:14.5326036Z   CACHE_ON_FAILURE: true
2026-10-06T09:53:14.5326174Z ##[endgroup]
2026-10-06T09:53:14.7484950Z (node:22445) [DEP0040] DeprecationWarning: The `punycode` module is deprecated. Please use a userland alternative instead.
2026-10-06T09:53:14.7485845Z (Use `node --trace-deprecation ...` to show where the warning was created)
2026-10-06T09:53:14.8357287Z [command]/usr/bin/tar --posix -cf cache.tzst --exclude cache.tzst -P -C /home/runner/work/hydrus-mine/hydrus-mine --files-from manifest.txt --use-compress-program zstdmt
2026-10-06T09:53:17.0531619Z (node:22445) [DEP0169] DeprecationWarning: `url.parse()` behavior is not standardized and prone to errors that have security implications. Use the WHATWG URL API instead. CVEs are not issued for `url.parse()` vulnerabilities.
2026-10-06T09:53:18.0479792Z Sent 8953815 of 344498135 (2.6%), 8.5 MBs/sec
2026-10-06T09:53:18.7472629Z Sent 344498135 of 344498135 (100.0%), 192.9 MBs/sec
2026-10-06T09:53:18.9053493Z Cache saved with key: hydrus-ws-v1-check-Linux-X64-252b098a77719d57189cd7f0-115d5532a0fa0fe9a937a23b556dfd3aed965175-37443398472-1
2026-10-06T09:53:19.0306483Z Post job cleanup.
2026-10-06T09:53:19.1238106Z Cache up-to-date.
2026-10-06T09:53:19.1382243Z Post job cleanup.
2026-10-06T09:53:19.1988410Z [command]/usr/bin/git version
2026-10-06T09:53:19.2020628Z git version 2.55.0
2026-10-06T09:53:19.2044070Z Temporarily overriding HOME='/home/runner/work/_temp/8869761d-ec1c-4e7c-ae1b-8ec3c873dbc7' before making global git config changes
2026-10-06T09:53:19.2045141Z Adding repository directory to the temporary git global config as a safe directory
2026-10-06T09:53:19.2047506Z [command]/usr/bin/git config --global --add safe.directory /home/runner/work/hydrus-mine/hydrus-mine
2026-10-06T09:53:19.2080320Z [command]/usr/bin/git config --local --name-only --get-regexp core\.sshCommand
2026-10-06T09:53:19.2109420Z [command]/usr/bin/git submodule foreach --recursive sh -c "git config --local --name-only --get-regexp 'core\.sshCommand' && git config --local --unset-all 'core.sshCommand' || :"
2026-10-06T09:53:19.2360547Z [command]/usr/bin/git config --local --name-only --get-regexp http\.https\:\/\/github\.com\/\.extraheader
2026-10-06T09:53:19.2384733Z http.https://github.com/.extraheader
2026-10-06T09:53:19.2392796Z [command]/usr/bin/git config --local --unset-all http.https://github.com/.extraheader
2026-10-06T09:53:19.2425742Z [command]/usr/bin/git submodule foreach --recursive sh -c "git config --local --name-only --get-regexp 'http\.https\:\/\/github\.com\/\.extraheader' && git config --local --unset-all 'http.https://github.com/.extraheader' || :"
2026-10-06T09:53:19.2607079Z [command]/usr/bin/git config --local --name-only --get-regexp ^includeIf\.gitdir:
2026-10-06T09:53:19.2634698Z [command]/usr/bin/git submodule foreach --recursive git config --local --show-origin --name-only --get-regexp remote.origin.url
2026-10-06T09:53:19.2950556Z Cleaning up orphan processes
2026-10-06T09:53:19.3365136Z ##[warning]Node.js 20 is deprecated. The following actions target Node.js 20 but are being forced to run on Node.js 24: actions/cache/restore@v4, actions/cache/save@v4, actions/checkout@v4, actions/upload-artifact@v4. For more information see: https://github.blog/changelog/2025-09-19-deprecation-of-node-20-on-github-actions-runners/

