2026-10-07T21:59:15.1354017Z Current runner version: '2.337.0'
2026-10-07T21:59:15.1371451Z ##[group]Runner Image Provisioner
2026-10-07T21:59:15.1371994Z Hosted Compute Agent
2026-10-07T21:59:15.1372431Z Version: 20260901.588
2026-10-07T21:59:15.1372856Z Commit: f88ec8081b781fac6c440065ac7ff9e710ce3d0b
2026-10-07T21:59:15.1373282Z Build Date: 2026-09-01T19:56:44Z
2026-10-07T21:59:15.1373777Z Worker ID: {ea448bed-3414-4793-b7d4-f5bcc490396b}
2026-10-07T21:59:15.1374357Z Azure Region: centralus
2026-10-07T21:59:15.1374744Z ##[endgroup]
2026-10-07T21:59:15.1375774Z ##[group]Operating System
2026-10-07T21:59:15.1376135Z Ubuntu
2026-10-07T21:59:15.1376516Z 24.04.5
2026-10-07T21:59:15.1376836Z LTS
2026-10-07T21:59:15.1377176Z ##[endgroup]
2026-10-07T21:59:15.1377557Z ##[group]Runner Image
2026-10-07T21:59:15.1377919Z Image: ubuntu-24.04
2026-10-07T21:59:15.1378327Z Version: 20260927.320.1
2026-10-07T21:59:15.1379063Z Included Software: https://github.com/actions/runner-images/blob/ubuntu24/20260927.320/images/ubuntu/Ubuntu2404-Readme.md
2026-10-07T21:59:15.1380033Z Image Release: https://github.com/actions/runner-images/releases/tag/ubuntu24%2F20260927.320
2026-10-07T21:59:15.1380601Z ##[endgroup]
2026-10-07T21:59:15.1381363Z ##[group]GITHUB_TOKEN Permissions
2026-10-07T21:59:15.1382535Z Contents: read
2026-10-07T21:59:15.1382977Z Metadata: read
2026-10-07T21:59:15.1383317Z Packages: read
2026-10-07T21:59:15.1383685Z ##[endgroup]
2026-10-07T21:59:15.1385138Z Secret source: Actions
2026-10-07T21:59:15.1385780Z Cache mode: write
2026-10-07T21:59:15.1386214Z Prepare workflow directory
2026-10-07T21:59:15.1637303Z Prepare all required actions
2026-10-07T21:59:15.1668833Z Getting action download info
2026-10-07T21:59:15.4207535Z Download action repository 'actions/checkout@v4' (SHA:11d5960a326750d5838078e36cf38b85af677262)
2026-10-07T21:59:15.5210244Z Download action repository 'dtolnay/rust-toolchain@master' (SHA:7e38f4b43b4db5c8dd498af069a4f6196df1d067)
2026-10-07T21:59:15.6963240Z Download action repository 'Swatinem/rust-cache@v2' (SHA:6323deb102c322ba6fcbdcafc7e3dddab59af2b6)
2026-10-07T21:59:16.1857397Z Download action repository 'actions/cache@v4' (SHA:0057852bfaa89a56745cba8c7296529d2fc39830)
2026-10-07T21:59:16.3047918Z Download action repository 'actions/upload-artifact@v4' (SHA:ea165f8d65b6e75b540449e92b4886f43607fa02)
2026-10-07T21:59:16.8891464Z Complete job name: check
2026-10-07T21:59:17.1949114Z ##[group]Run actions/checkout@v4
2026-10-07T21:59:17.1949872Z with:
2026-10-07T21:59:17.1950400Z   repository: jkendall327/hydrus-mine
2026-10-07T21:59:17.1955485Z   token: ***
2026-10-07T21:59:17.1955987Z   ssh-strict: true
2026-10-07T21:59:17.1956501Z   ssh-user: git
2026-10-07T21:59:17.1957032Z   persist-credentials: true
2026-10-07T21:59:17.1957604Z   clean: true
2026-10-07T21:59:17.1958141Z   sparse-checkout-cone-mode: true
2026-10-07T21:59:17.1958762Z   fetch-depth: 1
2026-10-07T21:59:17.1959287Z   fetch-tags: false
2026-10-07T21:59:17.1959811Z   show-progress: true
2026-10-07T21:59:17.1960344Z   lfs: false
2026-10-07T21:59:17.1960828Z   submodules: false
2026-10-07T21:59:17.1961390Z   set-safe-directory: true
2026-10-07T21:59:17.1962004Z   allow-unsafe-pr-checkout: false
2026-10-07T21:59:17.1962703Z env:
2026-10-07T21:59:17.1963182Z   CARGO_TERM_COLOR: always
2026-10-07T21:59:17.1963777Z   RUSTFLAGS: -D warnings
2026-10-07T21:59:17.1964393Z ##[endgroup]
2026-10-07T21:59:17.2686766Z Syncing repository: jkendall327/hydrus-mine
2026-10-07T21:59:17.2688398Z ##[group]Getting Git version info
2026-10-07T21:59:17.2689230Z Working directory is '/home/runner/work/hydrus-mine/hydrus-mine'
2026-10-07T21:59:17.2690473Z [command]/usr/bin/git version
2026-10-07T21:59:17.2743262Z git version 2.55.0
2026-10-07T21:59:17.2756569Z ##[endgroup]
2026-10-07T21:59:17.2767512Z Temporarily overriding HOME='/home/runner/work/_temp/f254bc3a-fff5-4cf9-ae94-6264e1795824' before making global git config changes
2026-10-07T21:59:17.2770157Z Adding repository directory to the temporary git global config as a safe directory
2026-10-07T21:59:17.2772657Z [command]/usr/bin/git config --global --add safe.directory /home/runner/work/hydrus-mine/hydrus-mine
2026-10-07T21:59:17.2878857Z Deleting the contents of '/home/runner/work/hydrus-mine/hydrus-mine'
2026-10-07T21:59:17.2881568Z ##[group]Initializing the repository
2026-10-07T21:59:17.2890512Z [command]/usr/bin/git init /home/runner/work/hydrus-mine/hydrus-mine
2026-10-07T21:59:17.4180739Z hint: Using 'master' as the name for the initial branch. This default branch name
2026-10-07T21:59:17.4182665Z hint: will change to "main" in Git 3.0. To configure the initial branch name
2026-10-07T21:59:17.4184455Z hint: to use in all of your new repositories, which will suppress this warning,
2026-10-07T21:59:17.4185780Z hint: call:
2026-10-07T21:59:17.4186491Z hint:
2026-10-07T21:59:17.4187405Z hint: 	git config --global init.defaultBranch <name>
2026-10-07T21:59:17.4188470Z hint:
2026-10-07T21:59:17.4189487Z hint: Names commonly chosen instead of 'master' are 'main', 'trunk' and
2026-10-07T21:59:17.4191187Z hint: 'development'. The just-created branch can be renamed via this command:
2026-10-07T21:59:17.4192514Z hint:
2026-10-07T21:59:17.4193243Z hint: 	git branch -m <name>
2026-10-07T21:59:17.4194163Z hint:
2026-10-07T21:59:17.4195281Z hint: Disable this message with "git config set advice.defaultBranchName false"
2026-10-07T21:59:17.4197148Z Initialized empty Git repository in /home/runner/work/hydrus-mine/hydrus-mine/.git/
2026-10-07T21:59:17.4200173Z [command]/usr/bin/git remote add origin https://github.com/jkendall327/hydrus-mine
2026-10-07T21:59:17.5299375Z ##[endgroup]
2026-10-07T21:59:17.5300684Z ##[group]Disabling automatic garbage collection
2026-10-07T21:59:17.5301866Z [command]/usr/bin/git config --local gc.auto 0
2026-10-07T21:59:17.5594882Z ##[endgroup]
2026-10-07T21:59:17.5602869Z ##[group]Setting up auth
2026-10-07T21:59:17.5604486Z [command]/usr/bin/git config --local --name-only --get-regexp core\.sshCommand
2026-10-07T21:59:17.5630564Z [command]/usr/bin/git submodule foreach --recursive sh -c "git config --local --name-only --get-regexp 'core\.sshCommand' && git config --local --unset-all 'core.sshCommand' || :"
2026-10-07T21:59:17.6022514Z [command]/usr/bin/git config --local --name-only --get-regexp http\.https\:\/\/github\.com\/\.extraheader
2026-10-07T21:59:17.6045779Z [command]/usr/bin/git submodule foreach --recursive sh -c "git config --local --name-only --get-regexp 'http\.https\:\/\/github\.com\/\.extraheader' && git config --local --unset-all 'http.https://github.com/.extraheader' || :"
2026-10-07T21:59:17.6226489Z [command]/usr/bin/git config --local --name-only --get-regexp ^includeIf\.gitdir:
2026-10-07T21:59:17.6244196Z [command]/usr/bin/git submodule foreach --recursive git config --local --show-origin --name-only --get-regexp remote.origin.url
2026-10-07T21:59:17.6422966Z [command]/usr/bin/git config --local http.https://github.com/.extraheader AUTHORIZATION: basic ***
2026-10-07T21:59:17.6784837Z ##[endgroup]
2026-10-07T21:59:17.6786336Z ##[group]Fetching the repository
2026-10-07T21:59:17.6794006Z [command]/usr/bin/git -c protocol.version=2 fetch --no-tags --prune --no-recurse-submodules --depth=1 origin +d77d369bc1af4a8622a86a78c243de0d3c6717bd:refs/remotes/origin/codex/validation-runner
2026-10-07T21:59:32.0695745Z From https://github.com/jkendall327/hydrus-mine
2026-10-07T21:59:32.0696345Z  * [new ref]         d77d369bc1af4a8622a86a78c243de0d3c6717bd -> origin/codex/validation-runner
2026-10-07T21:59:32.0698452Z ##[endgroup]
2026-10-07T21:59:32.0698876Z ##[group]Determining the checkout info
2026-10-07T21:59:32.0704270Z ##[endgroup]
2026-10-07T21:59:32.0710736Z [command]/usr/bin/git sparse-checkout disable
2026-10-07T21:59:32.0744685Z [command]/usr/bin/git config --local --unset-all extensions.worktreeConfig
2026-10-07T21:59:32.0765932Z ##[group]Checking out the ref
2026-10-07T21:59:32.0768447Z [command]/usr/bin/git checkout --progress --force -B codex/validation-runner refs/remotes/origin/codex/validation-runner
2026-10-07T21:59:32.9716035Z Switched to a new branch 'codex/validation-runner'
2026-10-07T21:59:32.9718239Z branch 'codex/validation-runner' set up to track 'origin/codex/validation-runner'.
2026-10-07T21:59:32.9779694Z ##[endgroup]
2026-10-07T21:59:32.9818634Z [command]/usr/bin/git log -1 --format=%H
2026-10-07T21:59:32.9837571Z d77d369bc1af4a8622a86a78c243de0d3c6717bd
2026-10-07T21:59:33.0066055Z ##[group]Run dtolnay/rust-toolchain@master
2026-10-07T21:59:33.0066247Z with:
2026-10-07T21:59:33.0066358Z   toolchain: 1.94
2026-10-07T21:59:33.0066485Z   components: rustfmt, clippy
2026-10-07T21:59:33.0066617Z env:
2026-10-07T21:59:33.0066725Z   CARGO_TERM_COLOR: always
2026-10-07T21:59:33.0066858Z   RUSTFLAGS: -D warnings
2026-10-07T21:59:33.0066980Z ##[endgroup]
2026-10-07T21:59:33.0107902Z ##[start-action display=Parse toolchain version;id=__dtolnay_rust-toolchain.parse]
2026-10-07T21:59:33.0143087Z ##[group]Run if [[ -z $toolchain ]]; then
2026-10-07T21:59:33.0143318Z [36;1mif [[ -z $toolchain ]]; then[0m
2026-10-07T21:59:33.0143617Z [36;1m  # GitHub does not enforce `required: true` inputs itself. https://github.com/actions/runner/issues/1070[0m
2026-10-07T21:59:33.0144180Z [36;1m  echo "'toolchain' is a required input" >&2[0m
2026-10-07T21:59:33.0144354Z [36;1m  exit 1[0m
2026-10-07T21:59:33.0144575Z [36;1melif [[ $toolchain =~ ^stable' '[0-9]+' '(year|month|week|day)s?' 'ago$ ]]; then[0m
2026-10-07T21:59:33.0144821Z [36;1m  if [[ Linux == macOS ]]; then[0m
2026-10-07T21:59:33.0145150Z [36;1m    echo "toolchain=1.$((($(date -v-$(sed 's/stable \([0-9]*\) \(.\).*/\1\2/' <<< $toolchain) +%s)/60/60/24-16569)/7/6))" >> $GITHUB_OUTPUT[0m
2026-10-07T21:59:33.0145423Z [36;1m  else[0m
2026-10-07T21:59:33.0145646Z [36;1m    echo "toolchain=1.$((($(date --date "${toolchain#stable }" +%s)/60/60/24-16569)/7/6))" >> $GITHUB_OUTPUT[0m
2026-10-07T21:59:33.0145889Z [36;1m  fi[0m
2026-10-07T21:59:33.0146062Z [36;1melif [[ $toolchain =~ ^stable' 'minus' '[0-9]+' 'releases?$ ]]; then[0m
2026-10-07T21:59:33.0146351Z [36;1m  echo "toolchain=1.$((($(date +%s)/60/60/24-16569)/7/6-${toolchain//[^0-9]/}))" >> $GITHUB_OUTPUT[0m
2026-10-07T21:59:33.0146603Z [36;1melif [[ $toolchain =~ ^1\.[0-9]+$ ]]; then[0m
2026-10-07T21:59:33.0146883Z [36;1m  echo "toolchain=1.$((i=${toolchain#1.}, c=($(date +%s)/60/60/24-16569)/7/6, i+9*i*(10*i<=c)+90*i*(100*i<=c)))" >> $GITHUB_OUTPUT[0m
2026-10-07T21:59:33.0147147Z [36;1melse[0m
2026-10-07T21:59:33.0147284Z [36;1m  echo "toolchain=$toolchain" >> $GITHUB_OUTPUT[0m
2026-10-07T21:59:33.0147447Z [36;1mfi[0m
2026-10-07T21:59:33.0368711Z shell: /usr/bin/bash --noprofile --norc -e -o pipefail {0}
2026-10-07T21:59:33.0368910Z env:
2026-10-07T21:59:33.0369030Z   CARGO_TERM_COLOR: always
2026-10-07T21:59:33.0369163Z   RUSTFLAGS: -D warnings
2026-10-07T21:59:33.0369285Z   toolchain: 1.94
2026-10-07T21:59:33.0369398Z ##[endgroup]
2026-10-07T21:59:33.0477739Z ##[end-action id=__dtolnay_rust-toolchain.parse;outcome=success;conclusion=success;duration_ms=36]
2026-10-07T21:59:33.0484856Z ##[start-action display=Construct rustup command line;id=__dtolnay_rust-toolchain.flags]
2026-10-07T21:59:33.0541398Z ##[group]Run echo "targets=$(for t in ${targets//,/ }; do echo -n ' --target' $t; done)" >> $GITHUB_OUTPUT
2026-10-07T21:59:33.0541754Z [36;1mecho "targets=$(for t in ${targets//,/ }; do echo -n ' --target' $t; done)" >> $GITHUB_OUTPUT[0m
2026-10-07T21:59:33.0542098Z [36;1mecho "components=$(for c in ${components//,/ }; do echo -n ' --component' $c; done)" >> $GITHUB_OUTPUT[0m
2026-10-07T21:59:33.0542357Z [36;1mecho "downgrade=" >> $GITHUB_OUTPUT[0m
2026-10-07T21:59:33.0587312Z shell: /usr/bin/bash --noprofile --norc -e -o pipefail {0}
2026-10-07T21:59:33.0587489Z env:
2026-10-07T21:59:33.0587605Z   CARGO_TERM_COLOR: always
2026-10-07T21:59:33.0587733Z   RUSTFLAGS: -D warnings
2026-10-07T21:59:33.0587854Z   targets: 
2026-10-07T21:59:33.0587965Z   components: rustfmt, clippy
2026-10-07T21:59:33.0588097Z ##[endgroup]
2026-10-07T21:59:33.0655069Z ##[end-action id=__dtolnay_rust-toolchain.flags;outcome=success;conclusion=success;duration_ms=16]
2026-10-07T21:59:33.0656353Z ##[start-action display=Set $CARGO_HOME;id=__dtolnay_rust-toolchain.__run]
2026-10-07T21:59:33.0669663Z ##[group]Run echo CARGO_HOME=${CARGO_HOME:-"$HOME/.cargo"} >> $GITHUB_ENV
2026-10-07T21:59:33.0669923Z [36;1mecho CARGO_HOME=${CARGO_HOME:-"$HOME/.cargo"} >> $GITHUB_ENV[0m
2026-10-07T21:59:33.0713307Z shell: /usr/bin/bash --noprofile --norc -e -o pipefail {0}
2026-10-07T21:59:33.0713488Z env:
2026-10-07T21:59:33.0713602Z   CARGO_TERM_COLOR: always
2026-10-07T21:59:33.0713735Z   RUSTFLAGS: -D warnings
2026-10-07T21:59:33.0714008Z ##[endgroup]
2026-10-07T21:59:33.0797787Z ##[end-action id=__dtolnay_rust-toolchain.__run;outcome=success;conclusion=success;duration_ms=14]
2026-10-07T21:59:33.0799056Z ##[start-action display=Install rustup if needed;id=__dtolnay_rust-toolchain.__run_2]
2026-10-07T21:59:33.0815223Z ##[group]Run if ! command -v rustup &>/dev/null; then
2026-10-07T21:59:33.0815434Z [36;1mif ! command -v rustup &>/dev/null; then[0m
2026-10-07T21:59:33.0815847Z [36;1m  curl --proto '=https' --tlsv1.2 --retry 10 --retry-connrefused --location --silent --show-error --fail https://sh.rustup.rs | sh -s -- --default-toolchain none -y[0m
2026-10-07T21:59:33.0816302Z [36;1m  echo "$CARGO_HOME/bin" >> $GITHUB_PATH[0m
2026-10-07T21:59:33.0816473Z [36;1mfi[0m
2026-10-07T21:59:33.0858841Z shell: /usr/bin/bash --noprofile --norc -e -o pipefail {0}
2026-10-07T21:59:33.0859022Z env:
2026-10-07T21:59:33.0859135Z   CARGO_TERM_COLOR: always
2026-10-07T21:59:33.0859290Z   RUSTFLAGS: -D warnings
2026-10-07T21:59:33.0859428Z   CARGO_HOME: /home/runner/.cargo
2026-10-07T21:59:33.0859565Z ##[endgroup]
2026-10-07T21:59:33.0918877Z ##[end-action id=__dtolnay_rust-toolchain.__run_2;outcome=success;conclusion=success;duration_ms=11]
2026-10-07T21:59:33.0920181Z ##[start-action display=Install rustup if needed on windows;id=__dtolnay_rust-toolchain.__run_3]
2026-10-07T21:59:33.0924037Z ##[end-action id=__dtolnay_rust-toolchain.__run_3;outcome=skipped;conclusion=skipped;duration_ms=0]
2026-10-07T21:59:33.0930525Z ##[start-action display=rustup toolchain install 1.94;id=__dtolnay_rust-toolchain.__run_4]
2026-10-07T21:59:33.0943286Z ##[group]Run log=$(mktemp)
2026-10-07T21:59:33.0943447Z [36;1mlog=$(mktemp)[0m
2026-10-07T21:59:33.0943582Z [36;1mtrap 'rm -f "$log"' EXIT[0m
2026-10-07T21:59:33.0943746Z [36;1mfor attempt in 1 2 3 4 5; do[0m
2026-10-07T21:59:33.0944301Z [36;1m  if rustup toolchain install 1.94 --component rustfmt --component clippy --profile minimal --no-self-update --force-non-host 2>&1 | tee "$log"; then[0m
2026-10-07T21:59:33.0944640Z [36;1m    break[0m
2026-10-07T21:59:33.0944753Z [36;1m  else[0m
2026-10-07T21:59:33.0944865Z [36;1m    status=$?[0m
2026-10-07T21:59:33.0944985Z [36;1m  fi[0m
2026-10-07T21:59:33.0945152Z [36;1m  if [[ $attempt == 5 ]] || ! grep -Fq 'checksum failed for ' "$log" \[0m
2026-10-07T21:59:33.0945457Z [36;1m      || ! grep -Fq 'this is likely due to an ongoing update of the official release server' "$log"; then[0m
2026-10-07T21:59:33.0945705Z [36;1m    exit "$status"[0m
2026-10-07T21:59:33.0945834Z [36;1m  fi[0m
2026-10-07T21:59:33.0946031Z [36;1m  echo "Retrying rustup toolchain install in 30 seconds (retry $attempt of 4)" >&2[0m
2026-10-07T21:59:33.0946258Z [36;1m  sleep 30[0m
2026-10-07T21:59:33.0946374Z [36;1mdone[0m
2026-10-07T21:59:33.0989546Z shell: /usr/bin/bash --noprofile --norc -e -o pipefail {0}
2026-10-07T21:59:33.0989728Z env:
2026-10-07T21:59:33.0989840Z   CARGO_TERM_COLOR: always
2026-10-07T21:59:33.0989973Z   RUSTFLAGS: -D warnings
2026-10-07T21:59:33.0990110Z   CARGO_HOME: /home/runner/.cargo
2026-10-07T21:59:33.0990257Z   RUSTUP_PERMIT_COPY_RENAME: 1
2026-10-07T21:59:33.0990392Z ##[endgroup]
2026-10-07T21:59:33.1444059Z info: syncing channel updates for 1.94-x86_64-unknown-linux-gnu
2026-10-07T21:59:33.3325064Z info: latest update on 2026-03-26 for version 1.94.1 (e408947bf 2026-03-25)
2026-10-07T21:59:33.3325456Z info: downloading 5 components
2026-10-07T21:59:40.4144717Z 
2026-10-07T21:59:40.4204783Z   1.94-x86_64-unknown-linux-gnu installed - rustc 1.94.1 (e408947bf 2026-03-25)
2026-10-07T21:59:40.4205276Z 
2026-10-07T21:59:40.4478895Z ##[end-action id=__dtolnay_rust-toolchain.__run_4;outcome=success;conclusion=success;duration_ms=7354]
2026-10-07T21:59:40.4483994Z ##[start-action display=rustup default 1.94;id=__dtolnay_rust-toolchain.__run_5]
2026-10-07T21:59:40.4953006Z ##[group]Run rustup default 1.94 --force-non-host
2026-10-07T21:59:40.4953226Z [36;1mrustup default 1.94 --force-non-host[0m
2026-10-07T21:59:40.5003009Z shell: /usr/bin/bash --noprofile --norc -e -o pipefail {0}
2026-10-07T21:59:40.5003191Z env:
2026-10-07T21:59:40.5003306Z   CARGO_TERM_COLOR: always
2026-10-07T21:59:40.5003434Z   RUSTFLAGS: -D warnings
2026-10-07T21:59:40.5003566Z   CARGO_HOME: /home/runner/.cargo
2026-10-07T21:59:40.5003704Z ##[endgroup]
2026-10-07T21:59:40.5296252Z info: using existing install for 1.94-x86_64-unknown-linux-gnu
2026-10-07T21:59:40.6664830Z info: default toolchain set to 1.94-x86_64-unknown-linux-gnu
2026-10-07T21:59:40.6665065Z 
2026-10-07T21:59:40.6722373Z   1.94-x86_64-unknown-linux-gnu unchanged - rustc 1.94.1 (e408947bf 2026-03-25)
2026-10-07T21:59:40.6722656Z 
2026-10-07T21:59:40.6723125Z info: note that the toolchain '1.94-x86_64-unknown-linux-gnu' is currently in use (overridden by '/home/runner/work/hydrus-mine/hydrus-mine/rust-toolchain.toml')
2026-10-07T21:59:40.6745653Z ##[end-action id=__dtolnay_rust-toolchain.__run_5;outcome=success;conclusion=success;duration_ms=226]
2026-10-07T21:59:40.6747472Z ##[start-action display=Create cachekey;id=__dtolnay_rust-toolchain.rustc-version]
2026-10-07T21:59:40.7860295Z ##[group]Run DATE=$(rustc +1.94 --version --verbose | sed -ne 's/^commit-date: \(20[0-9][0-9]\)-\([01][0-9]\)-\([0-3][0-9]\)$/\1\2\3/p')
2026-10-07T21:59:40.7860756Z [36;1mDATE=$(rustc +1.94 --version --verbose | sed -ne 's/^commit-date: \(20[0-9][0-9]\)-\([01][0-9]\)-\([0-3][0-9]\)$/\1\2\3/p')[0m
2026-10-07T21:59:40.7861094Z [36;1mHASH=$(rustc +1.94 --version --verbose | sed -ne 's/^commit-hash: //p')[0m
2026-10-07T21:59:40.7861361Z [36;1mecho "cachekey=$(echo $DATE$HASH | head -c12)" >> $GITHUB_OUTPUT[0m
2026-10-07T21:59:40.7912379Z shell: /usr/bin/bash --noprofile --norc -e -o pipefail {0}
2026-10-07T21:59:40.7912561Z env:
2026-10-07T21:59:40.7912676Z   CARGO_TERM_COLOR: always
2026-10-07T21:59:40.7912823Z   RUSTFLAGS: -D warnings
2026-10-07T21:59:40.7912954Z   CARGO_HOME: /home/runner/.cargo
2026-10-07T21:59:40.7913093Z ##[endgroup]
2026-10-07T21:59:40.8270463Z ##[end-action id=__dtolnay_rust-toolchain.rustc-version;outcome=success;conclusion=success;duration_ms=152]
2026-10-07T21:59:40.8272397Z ##[start-action display=Disable incremental compilation;id=__dtolnay_rust-toolchain.__run_6]
2026-10-07T21:59:40.8354616Z ##[group]Run if [ -z "${CARGO_INCREMENTAL+set}" ]; then
2026-10-07T21:59:40.8354837Z [36;1mif [ -z "${CARGO_INCREMENTAL+set}" ]; then[0m
2026-10-07T21:59:40.8355023Z [36;1m  echo CARGO_INCREMENTAL=0 >> $GITHUB_ENV[0m
2026-10-07T21:59:40.8355184Z [36;1mfi[0m
2026-10-07T21:59:40.8405572Z shell: /usr/bin/bash --noprofile --norc -e -o pipefail {0}
2026-10-07T21:59:40.8405765Z env:
2026-10-07T21:59:40.8405877Z   CARGO_TERM_COLOR: always
2026-10-07T21:59:40.8406007Z   RUSTFLAGS: -D warnings
2026-10-07T21:59:40.8406139Z   CARGO_HOME: /home/runner/.cargo
2026-10-07T21:59:40.8406290Z ##[endgroup]
2026-10-07T21:59:40.8467961Z ##[end-action id=__dtolnay_rust-toolchain.__run_6;outcome=success;conclusion=success;duration_ms=19]
2026-10-07T21:59:40.8469156Z ##[start-action display=Enable colors in Cargo output;id=__dtolnay_rust-toolchain.__run_7]
2026-10-07T21:59:40.8855233Z ##[group]Run if [ -z "${CARGO_TERM_COLOR+set}" ]; then
2026-10-07T21:59:40.8855539Z [36;1mif [ -z "${CARGO_TERM_COLOR+set}" ]; then[0m
2026-10-07T21:59:40.8855818Z [36;1m  echo CARGO_TERM_COLOR=always >> $GITHUB_ENV[0m
2026-10-07T21:59:40.8856066Z [36;1mfi[0m
2026-10-07T21:59:40.8898811Z shell: /usr/bin/bash --noprofile --norc -e -o pipefail {0}
2026-10-07T21:59:40.8898996Z env:
2026-10-07T21:59:40.8899106Z   CARGO_TERM_COLOR: always
2026-10-07T21:59:40.8899366Z   RUSTFLAGS: -D warnings
2026-10-07T21:59:40.8899498Z   CARGO_HOME: /home/runner/.cargo
2026-10-07T21:59:40.8899638Z   CARGO_INCREMENTAL: 0
2026-10-07T21:59:40.8899760Z ##[endgroup]
2026-10-07T21:59:40.8968288Z ##[end-action id=__dtolnay_rust-toolchain.__run_7;outcome=success;conclusion=success;duration_ms=49]
2026-10-07T21:59:40.8969533Z ##[start-action display=Enable Cargo sparse registry;id=__dtolnay_rust-toolchain.__run_8]
2026-10-07T21:59:40.9154424Z ##[group]Run # implemented in 1.66, stabilized in 1.68, made default in 1.70
2026-10-07T21:59:40.9154720Z [36;1m# implemented in 1.66, stabilized in 1.68, made default in 1.70[0m
2026-10-07T21:59:40.9155102Z [36;1mif [ -z "${CARGO_REGISTRIES_CRATES_IO_PROTOCOL+set}" -o -f "/home/runner/work/_temp"/.implicit_cargo_registries_crates_io_protocol ]; then[0m
2026-10-07T21:59:40.9155484Z [36;1m  if rustc +1.94 --version --verbose | grep -q '^release: 1\.6[89]\.'; then[0m
2026-10-07T21:59:40.9155792Z [36;1m    touch "/home/runner/work/_temp"/.implicit_cargo_registries_crates_io_protocol || true[0m
2026-10-07T21:59:40.9156098Z [36;1m    echo CARGO_REGISTRIES_CRATES_IO_PROTOCOL=sparse >> $GITHUB_ENV[0m
2026-10-07T21:59:40.9156361Z [36;1m  elif rustc +1.94 --version --verbose | grep -q '^release: 1\.6[67]\.'; then[0m
2026-10-07T21:59:40.9156661Z [36;1m    touch "/home/runner/work/_temp"/.implicit_cargo_registries_crates_io_protocol || true[0m
2026-10-07T21:59:40.9156942Z [36;1m    echo CARGO_REGISTRIES_CRATES_IO_PROTOCOL=git >> $GITHUB_ENV[0m
2026-10-07T21:59:40.9157130Z [36;1m  fi[0m
2026-10-07T21:59:40.9157236Z [36;1mfi[0m
2026-10-07T21:59:40.9200148Z shell: /usr/bin/bash --noprofile --norc -e -o pipefail {0}
2026-10-07T21:59:40.9200326Z env:
2026-10-07T21:59:40.9200435Z   CARGO_TERM_COLOR: always
2026-10-07T21:59:40.9200565Z   RUSTFLAGS: -D warnings
2026-10-07T21:59:40.9200699Z   CARGO_HOME: /home/runner/.cargo
2026-10-07T21:59:40.9200838Z   CARGO_INCREMENTAL: 0
2026-10-07T21:59:40.9200957Z ##[endgroup]
2026-10-07T21:59:41.0065867Z ##[end-action id=__dtolnay_rust-toolchain.__run_8;outcome=success;conclusion=success;duration_ms=109]
2026-10-07T21:59:41.0068297Z ##[start-action display=Work around spurious network errors in curl 8.0;id=__dtolnay_rust-toolchain.__run_9]
2026-10-07T21:59:41.0173607Z ##[group]Run # https://rust-lang.zulipchat.com/#narrow/stream/246057-t-cargo/topic/timeout.20investigation
2026-10-07T21:59:41.0174251Z [36;1m# https://rust-lang.zulipchat.com/#narrow/stream/246057-t-cargo/topic/timeout.20investigation[0m
2026-10-07T21:59:41.0174579Z [36;1mif rustc +1.94 --version --verbose | grep -q '^release: 1\.7[01]\.'; then[0m
2026-10-07T21:59:41.0174824Z [36;1m  echo CARGO_HTTP_MULTIPLEXING=false >> $GITHUB_ENV[0m
2026-10-07T21:59:41.0175001Z [36;1mfi[0m
2026-10-07T21:59:41.0226023Z shell: /usr/bin/bash --noprofile --norc -e -o pipefail {0}
2026-10-07T21:59:41.0226211Z env:
2026-10-07T21:59:41.0226327Z   CARGO_TERM_COLOR: always
2026-10-07T21:59:41.0226461Z   RUSTFLAGS: -D warnings
2026-10-07T21:59:41.0226594Z   CARGO_HOME: /home/runner/.cargo
2026-10-07T21:59:41.0226740Z   CARGO_INCREMENTAL: 0
2026-10-07T21:59:41.0226860Z ##[endgroup]
2026-10-07T21:59:41.0478348Z ##[end-action id=__dtolnay_rust-toolchain.__run_9;outcome=success;conclusion=success;duration_ms=40]
2026-10-07T21:59:41.0481535Z ##[start-action display=rustc +1.94 --version --verbose;id=__dtolnay_rust-toolchain.__run_10]
2026-10-07T21:59:41.0758260Z ##[group]Run rustc +1.94 --version --verbose
2026-10-07T21:59:41.0758459Z [36;1mrustc +1.94 --version --verbose[0m
2026-10-07T21:59:41.0806354Z shell: /usr/bin/bash --noprofile --norc -e -o pipefail {0}
2026-10-07T21:59:41.0806541Z env:
2026-10-07T21:59:41.0806653Z   CARGO_TERM_COLOR: always
2026-10-07T21:59:41.0806782Z   RUSTFLAGS: -D warnings
2026-10-07T21:59:41.0806915Z   CARGO_HOME: /home/runner/.cargo
2026-10-07T21:59:41.0807052Z   CARGO_INCREMENTAL: 0
2026-10-07T21:59:41.0807170Z ##[endgroup]
2026-10-07T21:59:41.0959565Z rustc 1.94.1 (e408947bf 2026-03-25)
2026-10-07T21:59:41.0959853Z binary: rustc
2026-10-07T21:59:41.0960336Z commit-hash: e408947bfd200af42db322daf0fadfe7e26d3bd1
2026-10-07T21:59:41.0960590Z commit-date: 2026-03-25
2026-10-07T21:59:41.0960724Z host: x86_64-unknown-linux-gnu
2026-10-07T21:59:41.0960856Z release: 1.94.1
2026-10-07T21:59:41.0961102Z LLVM version: 21.1.8
2026-10-07T21:59:41.0973528Z ##[end-action id=__dtolnay_rust-toolchain.__run_10;outcome=success;conclusion=success;duration_ms=49]
2026-10-07T21:59:41.1267439Z ##[group]Run Swatinem/rust-cache@v2
2026-10-07T21:59:41.1267591Z with:
2026-10-07T21:59:41.1267707Z   cache-on-failure: true
2026-10-07T21:59:41.1267842Z   cache-workspace-crates: false
2026-10-07T21:59:41.1267979Z   prefix-key: v0-rust
2026-10-07T21:59:41.1268099Z   add-job-id-key: true
2026-10-07T21:59:41.1268232Z   add-rust-environment-hash-key: true
2026-10-07T21:59:41.1268382Z   cache-targets: true
2026-10-07T21:59:41.1268503Z   cache-all-crates: false
2026-10-07T21:59:41.1268624Z   save-if: true
2026-10-07T21:59:41.1268740Z   cache-provider: github
2026-10-07T21:59:41.1268863Z   cache-bin: true
2026-10-07T21:59:41.1268983Z   lookup-only: false
2026-10-07T21:59:41.1269097Z   cmd-format: {0}
2026-10-07T21:59:41.1269205Z env:
2026-10-07T21:59:41.1269312Z   CARGO_TERM_COLOR: always
2026-10-07T21:59:41.1269478Z   RUSTFLAGS: -D warnings
2026-10-07T21:59:41.1269607Z   CARGO_HOME: /home/runner/.cargo
2026-10-07T21:59:41.1269742Z   CARGO_INCREMENTAL: 0
2026-10-07T21:59:41.1269882Z ##[endgroup]
2026-10-07T21:59:41.6675208Z ##[group]Cache Configuration
2026-10-07T21:59:41.6675548Z Cache Provider:
2026-10-07T21:59:41.6675717Z     github
2026-10-07T21:59:41.6675883Z Workspaces:
2026-10-07T21:59:41.6676063Z     /home/runner/work/hydrus-mine/hydrus-mine
2026-10-07T21:59:41.6676225Z Cache Paths:
2026-10-07T21:59:41.6676343Z     /home/runner/.cargo/bin
2026-10-07T21:59:41.6676484Z     /home/runner/.cargo/.crates.toml
2026-10-07T21:59:41.6676700Z     /home/runner/.cargo/.crates2.json
2026-10-07T21:59:41.6676935Z     /home/runner/.cargo/registry
2026-10-07T21:59:41.6677146Z     /home/runner/.cargo/git
2026-10-07T21:59:41.6677411Z     /home/runner/work/hydrus-mine/hydrus-mine/target
2026-10-07T21:59:41.6677618Z Restore Key:
2026-10-07T21:59:41.6677782Z     v0-rust-check-Linux-x64-6601efbe
2026-10-07T21:59:41.6677990Z Cache Key:
2026-10-07T21:59:41.6678167Z     v0-rust-check-Linux-x64-6601efbe-115c7281
2026-10-07T21:59:41.6678326Z .. Prefix:
2026-10-07T21:59:41.6678445Z   - v0-rust-check-Linux-x64
2026-10-07T21:59:41.6678594Z .. Environment considered:
2026-10-07T21:59:41.6678723Z   - Rust Versions:
2026-10-07T21:59:41.6678990Z     - 1.94.1 x86_64-unknown-linux-gnu e408947bfd200af42db322daf0fadfe7e26d3bd1
2026-10-07T21:59:41.6679259Z     - 1.98.1 x86_64-unknown-linux-gnu 48a229ceaefd4985c50990b14116b6d856af0985
2026-10-07T21:59:41.6679452Z   - CARGO_HOME
2026-10-07T21:59:41.6679565Z   - CARGO_INCREMENTAL
2026-10-07T21:59:41.6679684Z   - CARGO_TERM_COLOR
2026-10-07T21:59:41.6679800Z   - RUSTFLAGS
2026-10-07T21:59:41.6679910Z .. Lockfiles considered:
2026-10-07T21:59:41.6680082Z   - /home/runner/work/hydrus-mine/hydrus-mine/.cargo/config.toml
2026-10-07T21:59:41.6680427Z   - /home/runner/work/hydrus-mine/hydrus-mine/Cargo.lock
2026-10-07T21:59:41.6680656Z   - /home/runner/work/hydrus-mine/hydrus-mine/crates/hydrus-api/Cargo.toml
2026-10-07T21:59:41.6680954Z   - /home/runner/work/hydrus-mine/hydrus-mine/crates/hydrus-cli/Cargo.toml
2026-10-07T21:59:41.6681216Z   - /home/runner/work/hydrus-mine/hydrus-mine/crates/hydrus-core/Cargo.toml
2026-10-07T21:59:41.6681478Z   - /home/runner/work/hydrus-mine/hydrus-mine/crates/hydrus-download/Cargo.toml
2026-10-07T21:59:41.6681773Z   - /home/runner/work/hydrus-mine/hydrus-mine/crates/hydrus-downloader-exchange/Cargo.toml
2026-10-07T21:59:41.6682077Z   - /home/runner/work/hydrus-mine/hydrus-mine/crates/hydrus-duplicates/Cargo.toml
2026-10-07T21:59:41.6682354Z   - /home/runner/work/hydrus-mine/hydrus-mine/crates/hydrus-gui-model/Cargo.toml
2026-10-07T21:59:41.6682619Z   - /home/runner/work/hydrus-mine/hydrus-mine/crates/hydrus-gui-ui/Cargo.toml
2026-10-07T21:59:41.6682873Z   - /home/runner/work/hydrus-mine/hydrus-mine/crates/hydrus-gui/Cargo.toml
2026-10-07T21:59:41.6683389Z   - /home/runner/work/hydrus-mine/hydrus-mine/crates/hydrus-import/Cargo.toml
2026-10-07T21:59:41.6683648Z   - /home/runner/work/hydrus-mine/hydrus-mine/crates/hydrus-legacy/Cargo.toml
2026-10-07T21:59:41.6683993Z   - /home/runner/work/hydrus-mine/hydrus-mine/crates/hydrus-media/Cargo.toml
2026-10-07T21:59:41.6684431Z   - /home/runner/work/hydrus-mine/hydrus-mine/crates/hydrus-net/Cargo.toml
2026-10-07T21:59:41.6684687Z   - /home/runner/work/hydrus-mine/hydrus-mine/crates/hydrus-parse/Cargo.toml
2026-10-07T21:59:41.6684949Z   - /home/runner/work/hydrus-mine/hydrus-mine/crates/hydrus-search/Cargo.toml
2026-10-07T21:59:41.6685205Z   - /home/runner/work/hydrus-mine/hydrus-mine/crates/hydrus-store/Cargo.toml
2026-10-07T21:59:41.6685465Z   - /home/runner/work/hydrus-mine/hydrus-mine/crates/hydrus-testkit/Cargo.toml
2026-10-07T21:59:41.6685714Z   - /home/runner/work/hydrus-mine/hydrus-mine/rust-toolchain.toml
2026-10-07T21:59:41.6685942Z   - /home/runner/work/hydrus-mine/hydrus-mine/xtask/Cargo.toml
2026-10-07T21:59:41.6686322Z ##[endgroup]
2026-10-07T21:59:41.6686388Z 
2026-10-07T21:59:41.6686441Z ... Restoring cache ...
2026-10-07T21:59:41.8275329Z Cache hit for restore-key: v0-rust-check-Linux-x64-6601efbe-0ea5e1be
2026-10-07T21:59:42.9765085Z Received 104857600 of 835123788 (12.6%), 99.9 MBs/sec
2026-10-07T21:59:43.9796578Z Received 264241152 of 835123788 (31.6%), 125.8 MBs/sec
2026-10-07T21:59:44.9774876Z Received 411041792 of 835123788 (49.2%), 130.5 MBs/sec
2026-10-07T21:59:45.9771671Z Received 566231040 of 835123788 (67.8%), 134.9 MBs/sec
2026-10-07T21:59:46.9810027Z Received 738197504 of 835123788 (88.4%), 140.7 MBs/sec
2026-10-07T21:59:47.6595873Z Received 835123788 of 835123788 (100.0%), 140.1 MBs/sec
2026-10-07T21:59:47.6596226Z Cache Size: ~796 MB (835123788 B)
2026-10-07T21:59:47.6670397Z [command]/usr/bin/tar -xf /home/runner/work/_temp/ef9270ed-ce3a-4418-95ad-47004ae5d57f/cache.tzst -P -C /home/runner/work/hydrus-mine/hydrus-mine --use-compress-program unzstd
2026-10-07T21:59:56.2527316Z Cache restored successfully
2026-10-07T21:59:56.2867949Z Restored from cache key "v0-rust-check-Linux-x64-6601efbe-0ea5e1be" full match: false.
2026-10-07T21:59:56.5463595Z ##[group]Run python -m unittest discover -s .github/scripts/tests -v
2026-10-07T21:59:56.5464095Z [36;1mpython -m unittest discover -s .github/scripts/tests -v[0m
2026-10-07T21:59:56.5513694Z shell: /usr/bin/bash -e {0}
2026-10-07T21:59:56.5513903Z env:
2026-10-07T21:59:56.5514017Z   CARGO_TERM_COLOR: always
2026-10-07T21:59:56.5514150Z   RUSTFLAGS: -D warnings
2026-10-07T21:59:56.5514283Z   CARGO_HOME: /home/runner/.cargo
2026-10-07T21:59:56.5514426Z   CARGO_INCREMENTAL: 0
2026-10-07T21:59:56.5514546Z   CACHE_ON_FAILURE: true
2026-10-07T21:59:56.5514668Z ##[endgroup]
2026-10-07T21:59:57.4029741Z test_added_deleted_build_or_neighbouring_docs_input_still_rejects_before_stamp (test_publication_input_ledger.PublicationInputs.test_added_deleted_build_or_neighbouring_docs_input_still_rejects_before_stamp) ... ok
2026-10-07T21:59:57.5076892Z test_excluded_paths_still_reject_unsafe_index_entries_and_total_count (test_publication_input_ledger.PublicationInputs.test_excluded_paths_still_reject_unsafe_index_entries_and_total_count) ... ok
2026-10-07T21:59:57.6162539Z test_previous_full_repository_ledger_version_is_not_accepted (test_publication_input_ledger.PublicationInputs.test_previous_full_repository_ledger_version_is_not_accepted) ... ok
2026-10-07T21:59:57.8922380Z test_publication_add_change_delete_preserves_build_reuse_without_stamping_evidence (test_publication_input_ledger.PublicationInputs.test_publication_add_change_delete_preserves_build_reuse_without_stamping_evidence) ... ok
2026-10-07T21:59:58.0344553Z test_added_or_deleted_inputs_reject (test_workspace_artifact_cache.RestoreSafety.test_added_or_deleted_inputs_reject) ... ok
2026-10-07T21:59:58.0814928Z test_backdated_changed_input_rejected_before_any_stamp (test_workspace_artifact_cache.RestoreSafety.test_backdated_changed_input_rejected_before_any_stamp) ... ok
2026-10-07T21:59:58.0924446Z test_baseline_write_failure_rolls_back_successful_restore_and_blocks (test_workspace_artifact_cache.RestoreSafety.test_baseline_write_failure_rolls_back_successful_restore_and_blocks) ... ok
2026-10-07T21:59:58.1269724Z test_cargo_config_env_target_injections_rejected (test_workspace_artifact_cache.RestoreSafety.test_cargo_config_env_target_injections_rejected) ... ok
2026-10-07T21:59:58.1382301Z test_changed_external_input_remains_newer_than_cached_artifacts (test_workspace_artifact_cache.RestoreSafety.test_changed_external_input_remains_newer_than_cached_artifacts) ... ok
2026-10-07T21:59:58.1475780Z test_copy_failure_changes_no_source_mtime_and_purges_mixed_target (test_workspace_artifact_cache.RestoreSafety.test_copy_failure_changes_no_source_mtime_and_purges_mixed_target) ... ok
2026-10-07T21:59:58.1642179Z test_environment_target_or_build_layout_rejected (test_workspace_artifact_cache.RestoreSafety.test_environment_target_or_build_layout_rejected) ... ok
2026-10-07T21:59:58.1740548Z test_healthy_restore_copies_before_stamping_and_invalidates_test_bin_units (test_workspace_artifact_cache.RestoreSafety.test_healthy_restore_copies_before_stamping_and_invalidates_test_bin_units) ... ok
2026-10-07T21:59:58.1853563Z test_missing_incompatible_or_failed_cache_extraction_is_normal_fallback (test_workspace_artifact_cache.RestoreSafety.test_missing_incompatible_or_failed_cache_extraction_is_normal_fallback) ... ok
2026-10-07T21:59:58.1922222Z test_partial_snapshot_missing_artifact_rejected (test_workspace_artifact_cache.RestoreSafety.test_partial_snapshot_missing_artifact_rejected) ... ok
2026-10-07T21:59:58.2023282Z test_partial_stamp_failure_restores_every_mtime_and_purges_target (test_workspace_artifact_cache.RestoreSafety.test_partial_stamp_failure_restores_every_mtime_and_purges_target) ... ok
2026-10-07T21:59:58.2436104Z test_root_ancestor_default_and_explicit_home_cargo_layout_configs_rejected (test_workspace_artifact_cache.RestoreSafety.test_root_ancestor_default_and_explicit_home_cargo_layout_configs_rejected) ... ok
2026-10-07T21:59:58.2480406Z test_safe_input_path_rejects_escape_and_windows_aliases (test_workspace_artifact_cache.RestoreSafety.test_safe_input_path_rejects_escape_and_windows_aliases) ... ok
2026-10-07T21:59:58.2656970Z test_snapshot_inventory_size_count_traversal_and_duplicate_rejected (test_workspace_artifact_cache.RestoreSafety.test_snapshot_inventory_size_count_traversal_and_duplicate_rejected) ... ok
2026-10-07T21:59:58.2725966Z test_snapshot_nonregular_file_rejected_without_opening (test_workspace_artifact_cache.RestoreSafety.test_snapshot_nonregular_file_rejected_without_opening) ... ok
2026-10-07T21:59:58.2797226Z test_snapshot_symlink_rejected (test_workspace_artifact_cache.RestoreSafety.test_snapshot_symlink_rejected) ... ok
2026-10-07T21:59:58.2993634Z test_target_debug_deps_build_and_deep_destination_symlinks_rejected (test_workspace_artifact_cache.RestoreSafety.test_target_debug_deps_build_and_deep_destination_symlinks_rejected) ... ok
2026-10-07T21:59:58.3074485Z test_unrecoverable_rollback_never_claims_safe (test_workspace_artifact_cache.RestoreSafety.test_unrecoverable_rollback_never_claims_safe) ... ok
2026-10-07T21:59:58.3148730Z test_unrecoverable_target_purge_never_claims_safe (test_workspace_artifact_cache.RestoreSafety.test_unrecoverable_target_purge_never_claims_safe) ... ok
2026-10-07T21:59:58.3194679Z test_workflow_compile_gate_allows_disabled_key_failure_and_safe_miss (test_workspace_artifact_cache.RestoreSafety.test_workflow_compile_gate_allows_disabled_key_failure_and_safe_miss) ... ok
2026-10-07T21:59:58.3240958Z test_workflow_fails_closed_and_gates_non_cancelled_compilation (test_workspace_artifact_cache.RestoreSafety.test_workflow_fails_closed_and_gates_non_cancelled_compilation) ... ok
2026-10-07T21:59:58.3241505Z 
2026-10-07T21:59:58.3241643Z ----------------------------------------------------------------------
2026-10-07T21:59:58.3241932Z Ran 25 tests in 1.563s
2026-10-07T21:59:58.3242190Z 
2026-10-07T21:59:58.3242261Z OK
2026-10-07T21:59:58.3369703Z ##[group]Run python .github/scripts/workspace_artifact_cache.py key
2026-10-07T21:59:58.3369980Z [36;1mpython .github/scripts/workspace_artifact_cache.py key[0m
2026-10-07T21:59:58.3421221Z shell: /usr/bin/bash --noprofile --norc -e -o pipefail {0}
2026-10-07T21:59:58.3421405Z env:
2026-10-07T21:59:58.3421521Z   CARGO_TERM_COLOR: always
2026-10-07T21:59:58.3421658Z   RUSTFLAGS: -D warnings
2026-10-07T21:59:58.3421796Z   CARGO_HOME: /home/runner/.cargo
2026-10-07T21:59:58.3421939Z   CARGO_INCREMENTAL: 0
2026-10-07T21:59:58.3422062Z   CACHE_ON_FAILURE: true
2026-10-07T21:59:58.3422188Z ##[endgroup]
2026-10-07T21:59:58.4456794Z Workspace restore prefix: hydrus-ws-v1-check-Linux-X64-32e5c06fe0e4cb32c838747d-
2026-10-07T21:59:58.4561737Z ##[group]Run actions/cache/restore@v4
2026-10-07T21:59:58.4561990Z with:
2026-10-07T21:59:58.4562180Z   path: .ci-workspace-artifacts
2026-10-07T21:59:58.4562693Z   key: hydrus-ws-v1-check-Linux-X64-32e5c06fe0e4cb32c838747d-d77d369bc1af4a8622a86a78c243de0d3c6717bd-37693164411-1
2026-10-07T21:59:58.4563330Z   restore-keys: hydrus-ws-v1-check-Linux-X64-32e5c06fe0e4cb32c838747d-
2026-10-07T21:59:58.4563682Z   enableCrossOsArchive: false
2026-10-07T21:59:58.4564077Z   fail-on-cache-miss: false
2026-10-07T21:59:58.4564280Z   lookup-only: false
2026-10-07T21:59:58.4564483Z env:
2026-10-07T21:59:58.4564648Z   CARGO_TERM_COLOR: always
2026-10-07T21:59:58.4564859Z   RUSTFLAGS: -D warnings
2026-10-07T21:59:58.4565069Z   CARGO_HOME: /home/runner/.cargo
2026-10-07T21:59:58.4565298Z   CARGO_INCREMENTAL: 0
2026-10-07T21:59:58.4565498Z   CACHE_ON_FAILURE: true
2026-10-07T21:59:58.4565699Z ##[endgroup]
2026-10-07T21:59:58.5215589Z (node:2271) [DEP0040] DeprecationWarning: The `punycode` module is deprecated. Please use a userland alternative instead.
2026-10-07T21:59:58.5216211Z (Use `node --trace-deprecation ...` to show where the warning was created)
2026-10-07T21:59:58.6697881Z Cache not found for input keys: hydrus-ws-v1-check-Linux-X64-32e5c06fe0e4cb32c838747d-d77d369bc1af4a8622a86a78c243de0d3c6717bd-37693164411-1, hydrus-ws-v1-check-Linux-X64-32e5c06fe0e4cb32c838747d-
2026-10-07T21:59:58.6772995Z ##[group]Run python .github/scripts/workspace_artifact_cache.py restore
2026-10-07T21:59:58.6773279Z [36;1mpython .github/scripts/workspace_artifact_cache.py restore[0m
2026-10-07T21:59:58.6821864Z shell: /usr/bin/bash --noprofile --norc -e -o pipefail {0}
2026-10-07T21:59:58.6822039Z env:
2026-10-07T21:59:58.6822153Z   CARGO_TERM_COLOR: always
2026-10-07T21:59:58.6822284Z   RUSTFLAGS: -D warnings
2026-10-07T21:59:58.6822419Z   CARGO_HOME: /home/runner/.cargo
2026-10-07T21:59:58.6822557Z   CARGO_INCREMENTAL: 0
2026-10-07T21:59:58.6822676Z   CACHE_ON_FAILURE: true
2026-10-07T21:59:58.6822812Z   WORKSPACE_CACHE_RESTORE_OUTCOME: success
2026-10-07T21:59:58.6822963Z ##[endgroup]
2026-10-07T21:59:59.4342934Z No workspace library snapshot restored; dependency cache remains usable.
2026-10-07T21:59:59.4434280Z ##[group]Run # Azure's Ubuntu mirror stalled repeated full-validation downloads.
2026-10-07T21:59:59.4434605Z [36;1m# Azure's Ubuntu mirror stalled repeated full-validation downloads.[0m
2026-10-07T21:59:59.4434862Z [36;1m# Handle both direct URLs and the runner's mirror-list indirection.[0m
2026-10-07T21:59:59.4435113Z [36;1m# Keep Ubuntu's signed packages, using the primary archive mirror.[0m
2026-10-07T21:59:59.4435317Z [36;1msudo sed -i \[0m
2026-10-07T21:59:59.4435490Z [36;1m  -e 's|azure\.archive\.ubuntu\.com|archive.ubuntu.com|g' \[0m
2026-10-07T21:59:59.4435778Z [36;1m  -e 's|mirror+file:/etc/apt/apt-mirrors\.txt|http://archive.ubuntu.com/ubuntu|g' \[0m
2026-10-07T21:59:59.4436026Z [36;1m  /etc/apt/sources.list.d/ubuntu.sources[0m
2026-10-07T21:59:59.4436258Z [36;1msudo apt-get -o Acquire::Retries=3 -o Acquire::http::Timeout=30 update[0m
2026-10-07T21:59:59.4436627Z [36;1msudo apt-get -o Acquire::Retries=3 -o Acquire::http::Timeout=30 install -y ffmpeg fontconfig libfontconfig1-dev fonts-noto-cjk[0m
2026-10-07T21:59:59.4437053Z [36;1mfc-match ':lang=ja'[0m
2026-10-07T21:59:59.4486893Z shell: /usr/bin/bash -e {0}
2026-10-07T21:59:59.4487029Z env:
2026-10-07T21:59:59.4487142Z   CARGO_TERM_COLOR: always
2026-10-07T21:59:59.4487275Z   RUSTFLAGS: -D warnings
2026-10-07T21:59:59.4487409Z   CARGO_HOME: /home/runner/.cargo
2026-10-07T21:59:59.4487549Z   CARGO_INCREMENTAL: 0
2026-10-07T21:59:59.4487674Z   CACHE_ON_FAILURE: true
2026-10-07T21:59:59.4487798Z ##[endgroup]
2026-10-07T21:59:59.7662454Z Get:1 https://packages.microsoft.com/ubuntu/24.04/prod noble InRelease [3600 B]
2026-10-07T21:59:59.8337088Z Get:2 https://packages.microsoft.com/ubuntu/24.04/prod noble/main armhf Packages [12.6 kB]
2026-10-07T21:59:59.8422762Z Get:3 https://packages.microsoft.com/ubuntu/24.04/prod noble/main amd64 Packages [519 kB]
2026-10-07T21:59:59.8659551Z Get:4 https://packages.microsoft.com/ubuntu/24.04/prod noble/main arm64 Packages [463 kB]
2026-10-07T21:59:59.9139840Z Get:5 http://archive.ubuntu.com/ubuntu noble InRelease [256 kB]
2026-10-07T22:00:00.6971508Z Get:6 http://archive.ubuntu.com/ubuntu noble-updates InRelease [126 kB]
2026-10-07T22:00:00.8868106Z Get:7 http://archive.ubuntu.com/ubuntu noble-backports InRelease [126 kB]
2026-10-07T22:00:01.0769791Z Get:8 http://archive.ubuntu.com/ubuntu noble-security InRelease [126 kB]
2026-10-07T22:00:01.2677914Z Get:9 http://archive.ubuntu.com/ubuntu noble/main amd64 Packages [1401 kB]
2026-10-07T22:00:01.8944285Z Get:10 http://archive.ubuntu.com/ubuntu noble/main Translation-en [513 kB]
2026-10-07T22:00:02.0791206Z Get:11 http://archive.ubuntu.com/ubuntu noble/main amd64 Components [464 kB]
2026-10-07T22:00:02.2595543Z Get:12 http://archive.ubuntu.com/ubuntu noble/main amd64 c-n-f Metadata [30.5 kB]
2026-10-07T22:00:02.3995010Z Get:13 http://archive.ubuntu.com/ubuntu noble/universe amd64 Packages [15.0 MB]
2026-10-07T22:00:03.3739493Z Get:14 http://archive.ubuntu.com/ubuntu noble/universe Translation-en [5982 kB]
2026-10-07T22:00:03.5755322Z Get:15 http://archive.ubuntu.com/ubuntu noble/universe amd64 Components [3871 kB]
2026-10-07T22:00:03.7858235Z Get:16 http://archive.ubuntu.com/ubuntu noble/universe amd64 c-n-f Metadata [301 kB]
2026-10-07T22:00:04.0158584Z Get:17 http://archive.ubuntu.com/ubuntu noble/restricted amd64 Packages [93.9 kB]
2026-10-07T22:00:04.2452435Z Get:18 http://archive.ubuntu.com/ubuntu noble/restricted Translation-en [18.7 kB]
2026-10-07T22:00:04.4558461Z Get:19 http://archive.ubuntu.com/ubuntu noble/restricted amd64 c-n-f Metadata [416 B]
2026-10-07T22:00:04.6665149Z Get:20 http://archive.ubuntu.com/ubuntu noble/multiverse amd64 Packages [269 kB]
2026-10-07T22:00:05.0746297Z Get:21 http://archive.ubuntu.com/ubuntu noble/multiverse Translation-en [118 kB]
2026-10-07T22:00:05.3225382Z Get:22 http://archive.ubuntu.com/ubuntu noble/multiverse amd64 Components [35.0 kB]
2026-10-07T22:00:05.6186406Z Get:23 http://archive.ubuntu.com/ubuntu noble/multiverse amd64 c-n-f Metadata [8328 B]
2026-10-07T22:00:05.7541648Z Get:24 http://archive.ubuntu.com/ubuntu noble-updates/main amd64 Packages [1375 kB]
2026-10-07T22:00:17.7587587Z Get:25 http://archive.ubuntu.com/ubuntu noble-updates/main Translation-en [306 kB]
2026-10-07T22:00:18.3748845Z Get:26 http://archive.ubuntu.com/ubuntu noble-updates/main amd64 Components [181 kB]
2026-10-07T22:00:18.5276606Z Get:27 http://archive.ubuntu.com/ubuntu noble-updates/main amd64 c-n-f Metadata [17.7 kB]
2026-10-07T22:00:18.6471244Z Get:28 http://archive.ubuntu.com/ubuntu noble-updates/universe amd64 Packages [1702 kB]
2026-10-07T22:00:19.1178035Z Get:29 http://archive.ubuntu.com/ubuntu noble-updates/universe Translation-en [341 kB]
2026-10-07T22:00:19.2345953Z Get:30 http://archive.ubuntu.com/ubuntu noble-updates/universe amd64 Components [388 kB]
2026-10-07T22:00:19.3520042Z Get:31 http://archive.ubuntu.com/ubuntu noble-updates/universe amd64 c-n-f Metadata [34.9 kB]
2026-10-07T22:00:19.4543050Z Get:32 http://archive.ubuntu.com/ubuntu noble-updates/restricted amd64 Packages [1730 kB]
2026-10-07T22:00:19.6789776Z Get:33 http://archive.ubuntu.com/ubuntu noble-updates/restricted Translation-en [396 kB]
2026-10-07T22:00:19.7895475Z Get:34 http://archive.ubuntu.com/ubuntu noble-updates/restricted amd64 Components [212 B]
2026-10-07T22:00:19.8895559Z Get:35 http://archive.ubuntu.com/ubuntu noble-updates/restricted amd64 c-n-f Metadata [456 B]
2026-10-07T22:00:19.9900777Z Get:36 http://archive.ubuntu.com/ubuntu noble-updates/multiverse amd64 Packages [45.7 kB]
2026-10-07T22:00:20.0901856Z Get:37 http://archive.ubuntu.com/ubuntu noble-updates/multiverse Translation-en [13.3 kB]
2026-10-07T22:00:20.1899688Z Get:38 http://archive.ubuntu.com/ubuntu noble-updates/multiverse amd64 Components [940 B]
2026-10-07T22:00:20.4303371Z Get:39 http://archive.ubuntu.com/ubuntu noble-updates/multiverse amd64 c-n-f Metadata [656 B]
2026-10-07T22:00:20.5308376Z Get:40 http://archive.ubuntu.com/ubuntu noble-backports/main amd64 Packages [40.6 kB]
2026-10-07T22:00:20.6316319Z Get:41 http://archive.ubuntu.com/ubuntu noble-backports/main Translation-en [9172 B]
2026-10-07T22:00:20.7319860Z Get:42 http://archive.ubuntu.com/ubuntu noble-backports/main amd64 Components [5752 B]
2026-10-07T22:00:20.8314955Z Get:43 http://archive.ubuntu.com/ubuntu noble-backports/main amd64 c-n-f Metadata [368 B]
2026-10-07T22:00:20.9315432Z Get:44 http://archive.ubuntu.com/ubuntu noble-backports/universe amd64 Packages [31.0 kB]
2026-10-07T22:00:21.0330442Z Get:45 http://archive.ubuntu.com/ubuntu noble-backports/universe Translation-en [18.6 kB]
2026-10-07T22:00:21.1344257Z Get:46 http://archive.ubuntu.com/ubuntu noble-backports/universe amd64 Components [12.6 kB]
2026-10-07T22:00:21.2368562Z Get:47 http://archive.ubuntu.com/ubuntu noble-backports/universe amd64 c-n-f Metadata [1588 B]
2026-10-07T22:00:21.3369548Z Get:48 http://archive.ubuntu.com/ubuntu noble-backports/restricted amd64 Components [212 B]
2026-10-07T22:00:21.4370471Z Get:49 http://archive.ubuntu.com/ubuntu noble-backports/restricted amd64 c-n-f Metadata [116 B]
2026-10-07T22:00:21.5369099Z Get:50 http://archive.ubuntu.com/ubuntu noble-backports/multiverse amd64 Packages [748 B]
2026-10-07T22:00:21.6366441Z Get:51 http://archive.ubuntu.com/ubuntu noble-backports/multiverse Translation-en [340 B]
2026-10-07T22:00:21.7364464Z Get:52 http://archive.ubuntu.com/ubuntu noble-backports/multiverse amd64 Components [212 B]
2026-10-07T22:00:21.9763542Z Get:53 http://archive.ubuntu.com/ubuntu noble-backports/multiverse amd64 c-n-f Metadata [116 B]
2026-10-07T22:00:22.0771048Z Get:54 http://archive.ubuntu.com/ubuntu noble-security/main amd64 Packages [1073 kB]
2026-10-07T22:00:22.2080883Z Get:55 http://archive.ubuntu.com/ubuntu noble-security/main Translation-en [223 kB]
2026-10-07T22:00:22.3134056Z Get:56 http://archive.ubuntu.com/ubuntu noble-security/main amd64 Components [46.4 kB]
2026-10-07T22:00:22.4152227Z Get:57 http://archive.ubuntu.com/ubuntu noble-security/main amd64 c-n-f Metadata [11.9 kB]
2026-10-07T22:00:22.5151009Z Get:58 http://archive.ubuntu.com/ubuntu noble-security/universe amd64 Packages [1218 kB]
2026-10-07T22:00:22.6490124Z Get:59 http://archive.ubuntu.com/ubuntu noble-security/universe Translation-en [245 kB]
2026-10-07T22:00:22.7547400Z Get:60 http://archive.ubuntu.com/ubuntu noble-security/universe amd64 Components [76.3 kB]
2026-10-07T22:00:22.8564114Z Get:61 http://archive.ubuntu.com/ubuntu noble-security/universe amd64 c-n-f Metadata [24.2 kB]
2026-10-07T22:00:22.9596478Z Get:62 http://archive.ubuntu.com/ubuntu noble-security/restricted amd64 Packages [1566 kB]
2026-10-07T22:00:23.1019081Z Get:63 http://archive.ubuntu.com/ubuntu noble-security/restricted Translation-en [361 kB]
2026-10-07T22:00:23.2122190Z Get:64 http://archive.ubuntu.com/ubuntu noble-security/restricted amd64 Components [212 B]
2026-10-07T22:00:23.3131002Z Get:65 http://archive.ubuntu.com/ubuntu noble-security/restricted amd64 c-n-f Metadata [444 B]
2026-10-07T22:00:23.4128414Z Get:66 http://archive.ubuntu.com/ubuntu noble-security/multiverse amd64 Packages [40.3 kB]
2026-10-07T22:00:23.5132744Z Get:67 http://archive.ubuntu.com/ubuntu noble-security/multiverse Translation-en [11.6 kB]
2026-10-07T22:00:23.7535644Z Get:68 http://archive.ubuntu.com/ubuntu noble-security/multiverse amd64 Components [208 B]
2026-10-07T22:00:23.8549631Z Get:69 http://archive.ubuntu.com/ubuntu noble-security/multiverse amd64 c-n-f Metadata [468 B]
2026-10-07T22:00:27.6349211Z Fetched 41.3 MB in 24s (1697 kB/s)
2026-10-07T22:00:28.1448660Z Reading package lists...
2026-10-07T22:00:28.1695174Z Reading package lists...
2026-10-07T22:00:28.3202826Z Building dependency tree...
2026-10-07T22:00:28.3208749Z Reading state information...
2026-10-07T22:00:28.4368078Z fontconfig is already the newest version (2.15.0-1.1ubuntu2).
2026-10-07T22:00:28.4368369Z fontconfig set to manually installed.
2026-10-07T22:00:28.4368645Z The following additional packages will be installed:
2026-10-07T22:00:28.4368998Z   bzip2-doc i965-va-driver intel-media-va-driver libaacs0 libass9 libasyncns0
2026-10-07T22:00:28.4369440Z   libavc1394-0 libavcodec60 libavdevice60 libavfilter9 libavformat60
2026-10-07T22:00:28.4369859Z   libavutil58 libbdplus0 libblas3 libbluray2 libbrotli-dev libbs2b0 libbz2-dev
2026-10-07T22:00:28.4370298Z   libcaca0 libcdio-cdda2t64 libcdio-paranoia2t64 libcdio19t64 libchromaprint1
2026-10-07T22:00:28.4370690Z   libcjson1 libcodec2-1.2 libdav1d7 libdc1394-25 libdecor-0-0
2026-10-07T22:00:28.4371049Z   libdecor-0-plugin-1-gtk libflac12t64 libflite1 libfontconfig-dev
2026-10-07T22:00:28.4371452Z   libfreetype-dev libfreetype6 libgbm1 libgl1-mesa-dri libglx-mesa0 libgme0
2026-10-07T22:00:28.4374710Z   libgsm1 libhwy1t64 libiec61883-0 libigdgmm12 libjack-jackd2-0 libjxl0.7
2026-10-07T22:00:28.4375279Z   liblapack3 liblilv-0-0 libmbedcrypto7t64 libmp3lame0 libmpg123-0t64
2026-10-07T22:00:28.4375902Z   libmysofa1 libopenal-data libopenal1 libopenmpt0t64 libopus0 libplacebo338
2026-10-07T22:00:28.4376481Z   libpng-dev libpng-tools libpocketsphinx3 libpostproc57 libpulse0 librav1e0
2026-10-07T22:00:28.4377265Z   libraw1394-11 librist4 librsvg2-2 librsvg2-common librubberband2
2026-10-07T22:00:28.4377800Z   libsamplerate0 libsdl2-2.0-0 libserd-0-0 libshine3 libsndfile1 libsndio7.0
2026-10-07T22:00:28.4378337Z   libsord-0-0 libsoxr0 libspeex1 libsphinxbase3t64 libsratom-0-0
2026-10-07T22:00:28.4378895Z   libsrt1.5-gnutls libssh-gcrypt-4 libsvtav1enc1d1 libswresample4 libswscale7
2026-10-07T22:00:28.4379470Z   libtheora0 libtwolame0 libudfread0 libunibreak5 libva-drm2 libva-x11-2
2026-10-07T22:00:28.4379996Z   libva2 libvdpau1 libvidstab1.1 libvorbisenc2 libvpl2 libvpx9 libx264-164
2026-10-07T22:00:28.4380417Z   libx265-199 libxcb-shape0 libxv1 libxvidcore4 libzimg2 libzix-0-0
2026-10-07T22:00:28.4380791Z   libzvbi-common libzvbi0t64 mesa-libgallium mesa-va-drivers
2026-10-07T22:00:28.4381121Z   mesa-vdpau-drivers ocl-icd-libopencl1 pocketsphinx-en-us uuid-dev
2026-10-07T22:00:28.4381363Z   va-driver-all vdpau-driver-all
2026-10-07T22:00:28.4381514Z Suggested packages:
2026-10-07T22:00:28.4382038Z   ffmpeg-doc fonts-noto-cjk-extra i965-va-driver-shaders libcuda1 libnvcuvid1
2026-10-07T22:00:28.4382340Z   libnvidia-encode1 libbluray-bdj freetype2-doc jackd2 libportaudio2
2026-10-07T22:00:28.4382635Z   opus-tools pulseaudio libraw1394-doc librsvg2-bin serdi sndiod sordi speex
2026-10-07T22:00:28.4382882Z   opencl-icd libvdpau-va-gl1
2026-10-07T22:00:28.4918375Z The following NEW packages will be installed:
2026-10-07T22:00:28.4918906Z   bzip2-doc ffmpeg fonts-noto-cjk i965-va-driver intel-media-va-driver
2026-10-07T22:00:28.4919356Z   libaacs0 libass9 libasyncns0 libavc1394-0 libavcodec60 libavdevice60
2026-10-07T22:00:28.4919611Z   libavfilter9 libavformat60 libavutil58 libbdplus0 libblas3 libbluray2
2026-10-07T22:00:28.4919956Z   libbrotli-dev libbs2b0 libbz2-dev libcaca0 libcdio-cdda2t64
2026-10-07T22:00:28.4920322Z   libcdio-paranoia2t64 libcdio19t64 libchromaprint1 libcjson1 libcodec2-1.2
2026-10-07T22:00:28.4920723Z   libdav1d7 libdc1394-25 libdecor-0-0 libdecor-0-plugin-1-gtk libflac12t64
2026-10-07T22:00:28.4921026Z   libflite1 libfontconfig-dev libfontconfig1-dev libfreetype-dev libgme0
2026-10-07T22:00:28.4921606Z   libgsm1 libhwy1t64 libiec61883-0 libigdgmm12 libjack-jackd2-0 libjxl0.7
2026-10-07T22:00:28.4921854Z   liblapack3 liblilv-0-0 libmbedcrypto7t64 libmp3lame0 libmpg123-0t64
2026-10-07T22:00:28.4922113Z   libmysofa1 libopenal-data libopenal1 libopenmpt0t64 libopus0 libplacebo338
2026-10-07T22:00:28.4922464Z   libpng-dev libpng-tools libpocketsphinx3 libpostproc57 libpulse0 librav1e0
2026-10-07T22:00:28.4922905Z   libraw1394-11 librist4 librsvg2-2 librsvg2-common librubberband2
2026-10-07T22:00:28.4923370Z   libsamplerate0 libsdl2-2.0-0 libserd-0-0 libshine3 libsndfile1 libsndio7.0
2026-10-07T22:00:28.4923775Z   libsord-0-0 libsoxr0 libspeex1 libsphinxbase3t64 libsratom-0-0
2026-10-07T22:00:28.4924315Z   libsrt1.5-gnutls libssh-gcrypt-4 libsvtav1enc1d1 libswresample4 libswscale7
2026-10-07T22:00:28.4924735Z   libtheora0 libtwolame0 libudfread0 libunibreak5 libva-drm2 libva-x11-2
2026-10-07T22:00:28.4925246Z   libva2 libvdpau1 libvidstab1.1 libvorbisenc2 libvpl2 libvpx9 libx264-164
2026-10-07T22:00:28.4925649Z   libx265-199 libxcb-shape0 libxv1 libxvidcore4 libzimg2 libzix-0-0
2026-10-07T22:00:28.4926021Z   libzvbi-common libzvbi0t64 mesa-va-drivers mesa-vdpau-drivers
2026-10-07T22:00:28.4926395Z   ocl-icd-libopencl1 pocketsphinx-en-us uuid-dev va-driver-all
2026-10-07T22:00:28.4926704Z   vdpau-driver-all
2026-10-07T22:00:28.4931981Z The following packages will be upgraded:
2026-10-07T22:00:28.4936896Z   libfreetype6 libgbm1 libgl1-mesa-dri libglx-mesa0 mesa-libgallium
2026-10-07T22:00:28.7472840Z 5 upgraded, 109 newly installed, 0 to remove and 25 not upgraded.
2026-10-07T22:00:28.7473132Z Need to get 169 MB of archives.
2026-10-07T22:00:28.7473328Z After this operation, 326 MB of additional disk space will be used.
2026-10-07T22:00:28.7473670Z Get:1 http://archive.ubuntu.com/ubuntu noble-updates/main amd64 bzip2-doc all 1.0.8-5.1ubuntu0.1 [499 kB]
2026-10-07T22:00:29.6471663Z Get:2 http://archive.ubuntu.com/ubuntu noble-updates/universe amd64 libva2 amd64 2.20.0-2ubuntu0.2 [66.4 kB]
2026-10-07T22:00:29.8773666Z Get:3 http://archive.ubuntu.com/ubuntu noble-updates/universe amd64 libva-drm2 amd64 2.20.0-2ubuntu0.2 [7124 B]
2026-10-07T22:00:30.0461370Z Get:4 http://archive.ubuntu.com/ubuntu noble-updates/universe amd64 libva-x11-2 amd64 2.20.0-2ubuntu0.2 [12.0 kB]
2026-10-07T22:00:30.2302528Z Get:5 http://archive.ubuntu.com/ubuntu noble/main amd64 libvdpau1 amd64 1.5-2build1 [27.8 kB]
2026-10-07T22:00:30.4414716Z Get:6 http://archive.ubuntu.com/ubuntu noble/universe amd64 libvpl2 amd64 2023.3.0-1build1 [99.8 kB]
2026-10-07T22:00:30.6263467Z Get:7 http://archive.ubuntu.com/ubuntu noble/universe amd64 ocl-icd-libopencl1 amd64 2.3.2-1build1 [38.5 kB]
2026-10-07T22:00:30.7362551Z Get:8 http://archive.ubuntu.com/ubuntu noble/universe amd64 libavutil58 amd64 7:6.1.1-3ubuntu5 [401 kB]
2026-10-07T22:00:30.9652228Z Get:9 http://archive.ubuntu.com/ubuntu noble/universe amd64 libcodec2-1.2 amd64 1.2.0-2build1 [8998 kB]
2026-10-07T22:00:33.7049442Z Get:10 http://archive.ubuntu.com/ubuntu noble/universe amd64 libdav1d7 amd64 1.4.1-1build1 [604 kB]
2026-10-07T22:00:33.9949063Z Get:11 http://archive.ubuntu.com/ubuntu noble/universe amd64 libgsm1 amd64 1.0.22-1build1 [27.8 kB]
2026-10-07T22:00:34.1257212Z Get:12 http://archive.ubuntu.com/ubuntu noble/universe amd64 libhwy1t64 amd64 1.0.7-8.1build1 [584 kB]
2026-10-07T22:00:34.4688594Z Get:13 http://archive.ubuntu.com/ubuntu noble-updates/universe amd64 libjxl0.7 amd64 0.7.0-10.2ubuntu6.1 [1001 kB]
2026-10-07T22:00:35.0650133Z Get:14 http://archive.ubuntu.com/ubuntu noble/main amd64 libmp3lame0 amd64 3.100-6build1 [142 kB]
2026-10-07T22:00:35.2420749Z Get:15 http://archive.ubuntu.com/ubuntu noble/main amd64 libopus0 amd64 1.4-1build1 [208 kB]
2026-10-07T22:00:35.4263979Z Get:16 http://archive.ubuntu.com/ubuntu noble/universe amd64 librav1e0 amd64 0.7.1-2 [1022 kB]
2026-10-07T22:00:36.0461498Z Get:17 http://archive.ubuntu.com/ubuntu noble-updates/main amd64 librsvg2-2 amd64 2.58.0+dfsg-1ubuntu0.1 [2141 kB]
2026-10-07T22:00:37.4627816Z Get:18 http://archive.ubuntu.com/ubuntu noble/universe amd64 libshine3 amd64 3.1.1-2build1 [23.2 kB]
2026-10-07T22:00:37.5789838Z Get:19 http://archive.ubuntu.com/ubuntu noble-updates/main amd64 libspeex1 amd64 1.2.1-2ubuntu2.24.04.1 [59.6 kB]
2026-10-07T22:00:37.7174692Z Get:20 http://archive.ubuntu.com/ubuntu noble/universe amd64 libsvtav1enc1d1 amd64 1.7.0+dfsg-2build1 [2425 kB]
2026-10-07T22:00:40.1355001Z Get:21 http://archive.ubuntu.com/ubuntu noble/universe amd64 libsoxr0 amd64 0.1.3-4build3 [80.0 kB]
2026-10-07T22:00:40.4782845Z Get:22 http://archive.ubuntu.com/ubuntu noble/universe amd64 libswresample4 amd64 7:6.1.1-3ubuntu5 [63.8 kB]
2026-10-07T22:00:40.5942590Z Get:23 http://archive.ubuntu.com/ubuntu noble/main amd64 libtheora0 amd64 1.1.1+dfsg.1-16.1build3 [211 kB]
2026-10-07T22:00:41.1024973Z Get:24 http://archive.ubuntu.com/ubuntu noble/main amd64 libtwolame0 amd64 0.4.0-2build3 [52.3 kB]
2026-10-07T22:00:41.2069509Z Get:25 http://archive.ubuntu.com/ubuntu noble/main amd64 libvorbisenc2 amd64 1.3.7-1build3 [80.8 kB]
2026-10-07T22:00:41.3576211Z Get:26 http://archive.ubuntu.com/ubuntu noble-updates/main amd64 libvpx9 amd64 1.14.0-1ubuntu2.3 [1143 kB]
2026-10-07T22:00:42.6855002Z Get:27 http://archive.ubuntu.com/ubuntu noble/universe amd64 libx264-164 amd64 2:0.164.3108+git31e19f9-1 [604 kB]
2026-10-07T22:00:43.4722792Z Get:28 http://archive.ubuntu.com/ubuntu noble/universe amd64 libx265-199 amd64 3.5-2build1 [1226 kB]
2026-10-07T22:00:44.7040144Z Get:29 http://archive.ubuntu.com/ubuntu noble/universe amd64 libxvidcore4 amd64 2:1.3.7-1build1 [219 kB]
2026-10-07T22:00:44.9337425Z Get:30 http://archive.ubuntu.com/ubuntu noble/universe amd64 libzvbi-common all 0.2.42-2 [42.4 kB]
2026-10-07T22:00:45.0075859Z Get:31 http://archive.ubuntu.com/ubuntu noble/universe amd64 libzvbi0t64 amd64 0.2.42-2 [261 kB]
2026-10-07T22:00:45.2949533Z Get:32 http://archive.ubuntu.com/ubuntu noble/universe amd64 libavcodec60 amd64 7:6.1.1-3ubuntu5 [5851 kB]
2026-10-07T22:00:49.1040976Z Get:33 http://archive.ubuntu.com/ubuntu noble/main amd64 libraw1394-11 amd64 2.1.2-2build3 [26.2 kB]
2026-10-07T22:00:49.2088364Z Get:34 http://archive.ubuntu.com/ubuntu noble/main amd64 libavc1394-0 amd64 0.5.4-5build3 [15.4 kB]
2026-10-07T22:00:49.3202623Z Get:35 http://archive.ubuntu.com/ubuntu noble-updates/main amd64 libfreetype6 amd64 2.13.2+dfsg-1ubuntu0.2 [403 kB]
2026-10-07T22:00:49.7520036Z Get:36 http://archive.ubuntu.com/ubuntu noble/universe amd64 libunibreak5 amd64 5.1-2build1 [25.0 kB]
2026-10-07T22:00:49.8305666Z Get:37 http://archive.ubuntu.com/ubuntu noble/universe amd64 libass9 amd64 1:0.17.1-2build1 [104 kB]
2026-10-07T22:00:49.9599814Z Get:38 http://archive.ubuntu.com/ubuntu noble/universe amd64 libudfread0 amd64 1.1.2-1build1 [19.0 kB]
2026-10-07T22:00:50.0499223Z Get:39 http://archive.ubuntu.com/ubuntu noble/universe amd64 libbluray2 amd64 1:1.3.4-1build1 [159 kB]
2026-10-07T22:00:50.2392664Z Get:40 http://archive.ubuntu.com/ubuntu noble/universe amd64 libchromaprint1 amd64 1.5.1-5 [30.5 kB]
2026-10-07T22:00:50.3389308Z Get:41 http://archive.ubuntu.com/ubuntu noble/universe amd64 libgme0 amd64 0.6.3-7build1 [134 kB]
2026-10-07T22:00:50.4850595Z Get:42 http://archive.ubuntu.com/ubuntu noble-updates/main amd64 libmpg123-0t64 amd64 1.32.5-1ubuntu1.1 [169 kB]
2026-10-07T22:00:50.7027513Z Get:43 http://archive.ubuntu.com/ubuntu noble/universe amd64 libopenmpt0t64 amd64 0.7.3-1.1build3 [647 kB]
2026-10-07T22:00:51.2995807Z Get:44 http://archive.ubuntu.com/ubuntu noble/universe amd64 libcjson1 amd64 1.7.17-1 [24.8 kB]
2026-10-07T22:00:51.3548891Z Get:45 http://archive.ubuntu.com/ubuntu noble/universe amd64 libmbedcrypto7t64 amd64 2.28.8-1 [209 kB]
2026-10-07T22:00:51.5417825Z Get:46 http://archive.ubuntu.com/ubuntu noble/universe amd64 librist4 amd64 0.2.10+dfsg-2 [74.9 kB]
2026-10-07T22:00:51.6648006Z Get:47 http://archive.ubuntu.com/ubuntu noble/universe amd64 libsrt1.5-gnutls amd64 1.5.3-1build2 [316 kB]
2026-10-07T22:00:51.9250895Z Get:48 http://archive.ubuntu.com/ubuntu noble-updates/main amd64 libssh-gcrypt-4 amd64 0.10.6-2ubuntu0.5 [226 kB]
2026-10-07T22:00:52.1604037Z Get:49 http://archive.ubuntu.com/ubuntu noble/universe amd64 libavformat60 amd64 7:6.1.1-3ubuntu5 [1153 kB]
2026-10-07T22:00:52.9772350Z Get:50 http://archive.ubuntu.com/ubuntu noble/universe amd64 libbs2b0 amd64 3.1.0+dfsg-7build1 [10.6 kB]
2026-10-07T22:00:53.0203040Z Get:51 http://archive.ubuntu.com/ubuntu noble/universe amd64 libflite1 amd64 2.2-6build3 [13.6 MB]
2026-10-07T22:00:58.7717312Z Get:52 http://archive.ubuntu.com/ubuntu noble/universe amd64 libserd-0-0 amd64 0.32.2-1 [43.6 kB]
2026-10-07T22:00:58.8979368Z Get:53 http://archive.ubuntu.com/ubuntu noble/universe amd64 libzix-0-0 amd64 0.4.2-2build1 [23.6 kB]
2026-10-07T22:00:59.0278498Z Get:54 http://archive.ubuntu.com/ubuntu noble/universe amd64 libsord-0-0 amd64 0.16.16-2build1 [15.8 kB]
2026-10-07T22:00:59.1039413Z Get:55 http://archive.ubuntu.com/ubuntu noble/universe amd64 libsratom-0-0 amd64 0.6.16-1build1 [17.3 kB]
2026-10-07T22:00:59.1821168Z Get:56 http://archive.ubuntu.com/ubuntu noble/universe amd64 liblilv-0-0 amd64 0.24.22-1build1 [41.0 kB]
2026-10-07T22:00:59.2455954Z Get:57 http://archive.ubuntu.com/ubuntu noble/universe amd64 libmysofa1 amd64 1.3.2+dfsg-2ubuntu2 [1158 kB]
2026-10-07T22:00:59.8199017Z Get:58 http://archive.ubuntu.com/ubuntu noble/universe amd64 libplacebo338 amd64 6.338.2-2build1 [2654 kB]
2026-10-07T22:01:00.9328524Z Get:59 http://archive.ubuntu.com/ubuntu noble-updates/main amd64 libblas3 amd64 3.12.0-3build1.1 [238 kB]
2026-10-07T22:01:01.1346679Z Get:60 http://archive.ubuntu.com/ubuntu noble-updates/main amd64 liblapack3 amd64 3.12.0-3build1.1 [2646 kB]
2026-10-07T22:01:02.1010455Z Get:61 http://archive.ubuntu.com/ubuntu noble/main amd64 libasyncns0 amd64 0.8-6build4 [11.3 kB]
2026-10-07T22:01:02.1377546Z Get:62 http://archive.ubuntu.com/ubuntu noble/main amd64 libflac12t64 amd64 1.4.3+ds-2.1ubuntu2 [197 kB]
2026-10-07T22:01:02.3259957Z Get:63 http://archive.ubuntu.com/ubuntu noble-updates/main amd64 libsndfile1 amd64 1.2.2-1ubuntu5.24.04.1 [209 kB]
2026-10-07T22:01:02.4527267Z Get:64 http://archive.ubuntu.com/ubuntu noble-updates/main amd64 libpulse0 amd64 1:16.1+dfsg1-2ubuntu10.1 [292 kB]
2026-10-07T22:01:02.6042280Z Get:65 http://archive.ubuntu.com/ubuntu noble/universe amd64 libsphinxbase3t64 amd64 0.8+5prealpha+1-17build2 [126 kB]
2026-10-07T22:01:02.6969541Z Get:66 http://archive.ubuntu.com/ubuntu noble/universe amd64 libpocketsphinx3 amd64 0.8.0+real5prealpha+1-15ubuntu5 [133 kB]
2026-10-07T22:01:02.8077937Z Get:67 http://archive.ubuntu.com/ubuntu noble/universe amd64 libpostproc57 amd64 7:6.1.1-3ubuntu5 [49.9 kB]
2026-10-07T22:01:02.8719086Z Get:68 http://archive.ubuntu.com/ubuntu noble/main amd64 libsamplerate0 amd64 0.2.2-4build1 [1344 kB]
2026-10-07T22:01:03.3373074Z Get:69 http://archive.ubuntu.com/ubuntu noble/universe amd64 librubberband2 amd64 3.3.0+dfsg-2build1 [130 kB]
2026-10-07T22:01:03.4110314Z Get:70 http://archive.ubuntu.com/ubuntu noble/universe amd64 libswscale7 amd64 7:6.1.1-3ubuntu5 [193 kB]
2026-10-07T22:01:03.5094886Z Get:71 http://archive.ubuntu.com/ubuntu noble/universe amd64 libvidstab1.1 amd64 1.1.0-2build1 [38.5 kB]
2026-10-07T22:01:03.5661415Z Get:72 http://archive.ubuntu.com/ubuntu noble/universe amd64 libzimg2 amd64 3.0.5+ds1-1build1 [254 kB]
2026-10-07T22:01:03.6627061Z Get:73 http://archive.ubuntu.com/ubuntu noble/universe amd64 libavfilter9 amd64 7:6.1.1-3ubuntu5 [4235 kB]
2026-10-07T22:01:04.3062517Z Get:74 http://archive.ubuntu.com/ubuntu noble-updates/main amd64 libcaca0 amd64 0.99.beta20-4ubuntu0.2 [209 kB]
2026-10-07T22:01:04.3647230Z Get:75 http://archive.ubuntu.com/ubuntu noble-updates/main amd64 libcdio19t64 amd64 2.1.0-4.1ubuntu1.2 [62.4 kB]
2026-10-07T22:01:04.4016866Z Get:76 http://archive.ubuntu.com/ubuntu noble/main amd64 libcdio-cdda2t64 amd64 10.2+2.0.1-1.1build2 [16.5 kB]
2026-10-07T22:01:04.4351609Z Get:77 http://archive.ubuntu.com/ubuntu noble/main amd64 libcdio-paranoia2t64 amd64 10.2+2.0.1-1.1build2 [16.6 kB]
2026-10-07T22:01:04.4685888Z Get:78 http://archive.ubuntu.com/ubuntu noble/universe amd64 libdc1394-25 amd64 2.2.6-4build1 [90.1 kB]
2026-10-07T22:01:04.5085732Z Get:79 http://archive.ubuntu.com/ubuntu noble/main amd64 libiec61883-0 amd64 1.2.0-6build1 [24.5 kB]
2026-10-07T22:01:04.5420115Z Get:80 http://archive.ubuntu.com/ubuntu noble/main amd64 libjack-jackd2-0 amd64 1.9.21~dfsg-3ubuntu3 [289 kB]
2026-10-07T22:01:04.6827288Z Get:81 http://archive.ubuntu.com/ubuntu noble/universe amd64 libopenal-data all 1:1.23.1-4build1 [161 kB]
2026-10-07T22:01:04.7341903Z Get:82 http://archive.ubuntu.com/ubuntu noble/universe amd64 libsndio7.0 amd64 1.9.0-0.3build3 [29.6 kB]
2026-10-07T22:01:04.7684707Z Get:83 http://archive.ubuntu.com/ubuntu noble/universe amd64 libopenal1 amd64 1:1.23.1-4build1 [540 kB]
2026-10-07T22:01:04.8575732Z Get:84 http://archive.ubuntu.com/ubuntu noble/main amd64 libdecor-0-0 amd64 0.2.2-1build2 [16.5 kB]
2026-10-07T22:01:04.8913334Z Get:85 http://archive.ubuntu.com/ubuntu noble-updates/main amd64 libgl1-mesa-dri amd64 25.2.8-0ubuntu0.24.04.4 [38.0 kB]
2026-10-07T22:01:04.9268031Z Get:86 http://archive.ubuntu.com/ubuntu noble-updates/main amd64 libglx-mesa0 amd64 25.2.8-0ubuntu0.24.04.4 [110 kB]
2026-10-07T22:01:04.9723398Z Get:87 http://archive.ubuntu.com/ubuntu noble-updates/main amd64 libgbm1 amd64 25.2.8-0ubuntu0.24.04.4 [34.2 kB]
2026-10-07T22:01:05.0089850Z Get:88 http://archive.ubuntu.com/ubuntu noble-updates/main amd64 mesa-libgallium amd64 25.2.8-0ubuntu0.24.04.4 [10.8 MB]
2026-10-07T22:01:05.4511396Z Get:89 http://archive.ubuntu.com/ubuntu noble-updates/main amd64 libsdl2-2.0-0 amd64 2.30.0+dfsg-1ubuntu3.1 [686 kB]
2026-10-07T22:01:05.4981921Z Get:90 http://archive.ubuntu.com/ubuntu noble/main amd64 libxcb-shape0 amd64 1.15-1ubuntu2 [6100 B]
2026-10-07T22:01:05.5306184Z Get:91 http://archive.ubuntu.com/ubuntu noble/main amd64 libxv1 amd64 2:1.0.11-1.1build1 [10.7 kB]
2026-10-07T22:01:05.5630997Z Get:92 http://archive.ubuntu.com/ubuntu noble/universe amd64 libavdevice60 amd64 7:6.1.1-3ubuntu5 [82.3 kB]
2026-10-07T22:01:05.5969702Z Get:93 http://archive.ubuntu.com/ubuntu noble/universe amd64 ffmpeg amd64 7:6.1.1-3ubuntu5 [1879 kB]
2026-10-07T22:01:05.6673671Z Get:94 http://archive.ubuntu.com/ubuntu noble/main amd64 fonts-noto-cjk all 1:20230817+repack1-3 [61.2 MB]
2026-10-07T22:01:06.4884637Z Get:95 http://archive.ubuntu.com/ubuntu noble-updates/universe amd64 libigdgmm12 amd64 22.3.17+ds1-1ubuntu1 [145 kB]
2026-10-07T22:01:06.5211515Z Get:96 http://archive.ubuntu.com/ubuntu noble-updates/universe amd64 intel-media-va-driver amd64 24.1.0+dfsg1-1ubuntu0.2 [3163 kB]
2026-10-07T22:01:06.5754569Z Get:97 http://archive.ubuntu.com/ubuntu noble/universe amd64 libaacs0 amd64 0.11.1-2build1 [62.9 kB]
2026-10-07T22:01:06.6082368Z Get:98 http://archive.ubuntu.com/ubuntu noble/universe amd64 libbdplus0 amd64 0.2.0-3build1 [52.2 kB]
2026-10-07T22:01:06.6406906Z Get:99 http://archive.ubuntu.com/ubuntu noble/main amd64 libbrotli-dev amd64 1.1.0-2build2 [353 kB]
2026-10-07T22:01:06.7480836Z Get:100 http://archive.ubuntu.com/ubuntu noble-updates/main amd64 libbz2-dev amd64 1.0.8-5.1ubuntu0.1 [33.6 kB]
2026-10-07T22:01:06.7805373Z Get:101 http://archive.ubuntu.com/ubuntu noble/main amd64 libdecor-0-plugin-1-gtk amd64 0.2.2-1build2 [22.2 kB]
2026-10-07T22:01:06.8129231Z Get:102 http://archive.ubuntu.com/ubuntu noble-updates/main amd64 libpng-dev amd64 1.6.43-5ubuntu0.6 [265 kB]
2026-10-07T22:01:06.8465216Z Get:103 http://archive.ubuntu.com/ubuntu noble-updates/main amd64 libfreetype-dev amd64 2.13.2+dfsg-1ubuntu0.2 [574 kB]
2026-10-07T22:01:06.8867151Z Get:104 http://archive.ubuntu.com/ubuntu noble-updates/main amd64 uuid-dev amd64 2.39.3-9ubuntu6.6 [33.5 kB]
2026-10-07T22:01:06.9190482Z Get:105 http://archive.ubuntu.com/ubuntu noble/main amd64 libfontconfig-dev amd64 2.15.0-1.1ubuntu2 [161 kB]
2026-10-07T22:01:07.2002806Z Get:106 http://archive.ubuntu.com/ubuntu noble/main amd64 libfontconfig1-dev amd64 2.15.0-1.1ubuntu2 [1840 B]
2026-10-07T22:01:07.3325868Z Get:107 http://archive.ubuntu.com/ubuntu noble-updates/main amd64 libpng-tools amd64 1.6.43-5ubuntu0.6 [28.5 kB]
2026-10-07T22:01:07.6730584Z Get:108 http://archive.ubuntu.com/ubuntu noble-updates/main amd64 librsvg2-common amd64 2.58.0+dfsg-1ubuntu0.1 [11.8 kB]
2026-10-07T22:01:07.8732855Z Get:109 http://archive.ubuntu.com/ubuntu noble-updates/universe amd64 mesa-va-drivers amd64 25.2.8-0ubuntu0.24.04.4 [6778 B]
2026-10-07T22:01:08.0016681Z Get:110 http://archive.ubuntu.com/ubuntu noble-updates/main amd64 mesa-vdpau-drivers amd64 25.2.8-0ubuntu0.24.04.4 [23.4 kB]
2026-10-07T22:01:08.3068183Z Get:111 http://archive.ubuntu.com/ubuntu noble-updates/universe amd64 i965-va-driver amd64 2.4.1+dfsg1-1ubuntu0.2 [332 kB]
2026-10-07T22:01:08.7964055Z Get:112 http://archive.ubuntu.com/ubuntu noble-updates/universe amd64 va-driver-all amd64 2.20.0-2ubuntu0.2 [5014 B]
2026-10-07T22:01:08.8309248Z Get:113 http://archive.ubuntu.com/ubuntu noble/main amd64 vdpau-driver-all amd64 1.5-2build1 [4414 B]
2026-10-07T22:01:08.8667879Z Get:114 http://archive.ubuntu.com/ubuntu noble/universe amd64 pocketsphinx-en-us all 0.8.0+real5prealpha+1-15ubuntu5 [27.4 MB]
2026-10-07T22:01:11.6589425Z Fetched 169 MB in 43s (3930 kB/s)
2026-10-07T22:01:11.6761545Z Selecting previously unselected package bzip2-doc.
2026-10-07T22:01:11.7021199Z (Reading database ... 
2026-10-07T22:01:11.7021621Z (Reading database ... 5%
2026-10-07T22:01:11.7022003Z (Reading database ... 10%
2026-10-07T22:01:11.7022229Z (Reading database ... 15%
2026-10-07T22:01:11.7022434Z (Reading database ... 20%
2026-10-07T22:01:11.7022572Z (Reading database ... 25%
2026-10-07T22:01:11.7022701Z (Reading database ... 30%
2026-10-07T22:01:11.7022829Z (Reading database ... 35%
2026-10-07T22:01:11.7022958Z (Reading database ... 40%
2026-10-07T22:01:11.7023083Z (Reading database ... 45%
2026-10-07T22:01:11.7023210Z (Reading database ... 50%
2026-10-07T22:01:11.7081225Z (Reading database ... 55%
2026-10-07T22:01:11.7790404Z (Reading database ... 60%
2026-10-07T22:01:11.9846086Z (Reading database ... 65%
2026-10-07T22:01:12.1743512Z (Reading database ... 70%
2026-10-07T22:01:12.3769236Z (Reading database ... 75%
2026-10-07T22:01:12.4811983Z (Reading database ... 80%
2026-10-07T22:01:12.6319453Z (Reading database ... 85%
2026-10-07T22:01:12.7677767Z (Reading database ... 90%
2026-10-07T22:01:12.8851332Z (Reading database ... 95%
2026-10-07T22:01:12.8851562Z (Reading database ... 100%
2026-10-07T22:01:12.8851774Z (Reading database ... 202296 files and directories currently installed.)
2026-10-07T22:01:12.8887642Z Preparing to unpack .../000-bzip2-doc_1.0.8-5.1ubuntu0.1_all.deb ...
2026-10-07T22:01:12.8904523Z Unpacking bzip2-doc (1.0.8-5.1ubuntu0.1) ...
2026-10-07T22:01:12.9106508Z Selecting previously unselected package libva2:amd64.
2026-10-07T22:01:12.9201301Z Preparing to unpack .../001-libva2_2.20.0-2ubuntu0.2_amd64.deb ...
2026-10-07T22:01:12.9212829Z Unpacking libva2:amd64 (2.20.0-2ubuntu0.2) ...
2026-10-07T22:01:12.9376434Z Selecting previously unselected package libva-drm2:amd64.
2026-10-07T22:01:12.9471273Z Preparing to unpack .../002-libva-drm2_2.20.0-2ubuntu0.2_amd64.deb ...
2026-10-07T22:01:12.9477730Z Unpacking libva-drm2:amd64 (2.20.0-2ubuntu0.2) ...
2026-10-07T22:01:12.9633742Z Selecting previously unselected package libva-x11-2:amd64.
2026-10-07T22:01:12.9727141Z Preparing to unpack .../003-libva-x11-2_2.20.0-2ubuntu0.2_amd64.deb ...
2026-10-07T22:01:12.9732643Z Unpacking libva-x11-2:amd64 (2.20.0-2ubuntu0.2) ...
2026-10-07T22:01:12.9986502Z Selecting previously unselected package libvdpau1:amd64.
2026-10-07T22:01:13.0079581Z Preparing to unpack .../004-libvdpau1_1.5-2build1_amd64.deb ...
2026-10-07T22:01:13.0085445Z Unpacking libvdpau1:amd64 (1.5-2build1) ...
2026-10-07T22:01:13.0248157Z Selecting previously unselected package libvpl2.
2026-10-07T22:01:13.0341503Z Preparing to unpack .../005-libvpl2_2023.3.0-1build1_amd64.deb ...
2026-10-07T22:01:13.0347028Z Unpacking libvpl2 (2023.3.0-1build1) ...
2026-10-07T22:01:13.0513480Z Selecting previously unselected package ocl-icd-libopencl1:amd64.
2026-10-07T22:01:13.0610884Z Preparing to unpack .../006-ocl-icd-libopencl1_2.3.2-1build1_amd64.deb ...
2026-10-07T22:01:13.0616358Z Unpacking ocl-icd-libopencl1:amd64 (2.3.2-1build1) ...
2026-10-07T22:01:13.0802960Z Selecting previously unselected package libavutil58:amd64.
2026-10-07T22:01:13.0893578Z Preparing to unpack .../007-libavutil58_7%3a6.1.1-3ubuntu5_amd64.deb ...
2026-10-07T22:01:13.0899029Z Unpacking libavutil58:amd64 (7:6.1.1-3ubuntu5) ...
2026-10-07T22:01:13.1086061Z Selecting previously unselected package libcodec2-1.2:amd64.
2026-10-07T22:01:13.1176666Z Preparing to unpack .../008-libcodec2-1.2_1.2.0-2build1_amd64.deb ...
2026-10-07T22:01:13.1181747Z Unpacking libcodec2-1.2:amd64 (1.2.0-2build1) ...
2026-10-07T22:01:13.2498990Z Selecting previously unselected package libdav1d7:amd64.
2026-10-07T22:01:13.2595203Z Preparing to unpack .../009-libdav1d7_1.4.1-1build1_amd64.deb ...
2026-10-07T22:01:13.2600129Z Unpacking libdav1d7:amd64 (1.4.1-1build1) ...
2026-10-07T22:01:13.2800449Z Selecting previously unselected package libgsm1:amd64.
2026-10-07T22:01:13.2895976Z Preparing to unpack .../010-libgsm1_1.0.22-1build1_amd64.deb ...
2026-10-07T22:01:13.2902532Z Unpacking libgsm1:amd64 (1.0.22-1build1) ...
2026-10-07T22:01:13.3107307Z Selecting previously unselected package libhwy1t64:amd64.
2026-10-07T22:01:13.3201759Z Preparing to unpack .../011-libhwy1t64_1.0.7-8.1build1_amd64.deb ...
2026-10-07T22:01:13.3207648Z Unpacking libhwy1t64:amd64 (1.0.7-8.1build1) ...
2026-10-07T22:01:13.3511631Z Selecting previously unselected package libjxl0.7:amd64.
2026-10-07T22:01:13.3607430Z Preparing to unpack .../012-libjxl0.7_0.7.0-10.2ubuntu6.1_amd64.deb ...
2026-10-07T22:01:13.3662908Z Unpacking libjxl0.7:amd64 (0.7.0-10.2ubuntu6.1) ...
2026-10-07T22:01:13.4009709Z Selecting previously unselected package libmp3lame0:amd64.
2026-10-07T22:01:13.4108784Z Preparing to unpack .../013-libmp3lame0_3.100-6build1_amd64.deb ...
2026-10-07T22:01:13.4114226Z Unpacking libmp3lame0:amd64 (3.100-6build1) ...
2026-10-07T22:01:13.4285069Z Selecting previously unselected package libopus0:amd64.
2026-10-07T22:01:13.4377598Z Preparing to unpack .../014-libopus0_1.4-1build1_amd64.deb ...
2026-10-07T22:01:13.4383380Z Unpacking libopus0:amd64 (1.4-1build1) ...
2026-10-07T22:01:13.4551059Z Selecting previously unselected package librav1e0:amd64.
2026-10-07T22:01:13.4643715Z Preparing to unpack .../015-librav1e0_0.7.1-2_amd64.deb ...
2026-10-07T22:01:13.4649345Z Unpacking librav1e0:amd64 (0.7.1-2) ...
2026-10-07T22:01:13.5100764Z Selecting previously unselected package librsvg2-2:amd64.
2026-10-07T22:01:13.5195421Z Preparing to unpack .../016-librsvg2-2_2.58.0+dfsg-1ubuntu0.1_amd64.deb ...
2026-10-07T22:01:13.5201448Z Unpacking librsvg2-2:amd64 (2.58.0+dfsg-1ubuntu0.1) ...
2026-10-07T22:01:13.5800168Z Selecting previously unselected package libshine3:amd64.
2026-10-07T22:01:13.5895468Z Preparing to unpack .../017-libshine3_3.1.1-2build1_amd64.deb ...
2026-10-07T22:01:13.5900958Z Unpacking libshine3:amd64 (3.1.1-2build1) ...
2026-10-07T22:01:13.6058372Z Selecting previously unselected package libspeex1:amd64.
2026-10-07T22:01:13.6154775Z Preparing to unpack .../018-libspeex1_1.2.1-2ubuntu2.24.04.1_amd64.deb ...
2026-10-07T22:01:13.6160326Z Unpacking libspeex1:amd64 (1.2.1-2ubuntu2.24.04.1) ...
2026-10-07T22:01:13.6429272Z Selecting previously unselected package libsvtav1enc1d1:amd64.
2026-10-07T22:01:13.6524260Z Preparing to unpack .../019-libsvtav1enc1d1_1.7.0+dfsg-2build1_amd64.deb ...
2026-10-07T22:01:13.6530060Z Unpacking libsvtav1enc1d1:amd64 (1.7.0+dfsg-2build1) ...
2026-10-07T22:01:13.7121418Z Selecting previously unselected package libsoxr0:amd64.
2026-10-07T22:01:13.7215755Z Preparing to unpack .../020-libsoxr0_0.1.3-4build3_amd64.deb ...
2026-10-07T22:01:13.7221314Z Unpacking libsoxr0:amd64 (0.1.3-4build3) ...
2026-10-07T22:01:13.7386119Z Selecting previously unselected package libswresample4:amd64.
2026-10-07T22:01:13.7478742Z Preparing to unpack .../021-libswresample4_7%3a6.1.1-3ubuntu5_amd64.deb ...
2026-10-07T22:01:13.7484630Z Unpacking libswresample4:amd64 (7:6.1.1-3ubuntu5) ...
2026-10-07T22:01:13.7797041Z Selecting previously unselected package libtheora0:amd64.
2026-10-07T22:01:13.7890738Z Preparing to unpack .../022-libtheora0_1.1.1+dfsg.1-16.1build3_amd64.deb ...
2026-10-07T22:01:13.7896021Z Unpacking libtheora0:amd64 (1.1.1+dfsg.1-16.1build3) ...
2026-10-07T22:01:13.8073061Z Selecting previously unselected package libtwolame0:amd64.
2026-10-07T22:01:13.8165027Z Preparing to unpack .../023-libtwolame0_0.4.0-2build3_amd64.deb ...
2026-10-07T22:01:13.8171064Z Unpacking libtwolame0:amd64 (0.4.0-2build3) ...
2026-10-07T22:01:13.8334259Z Selecting previously unselected package libvorbisenc2:amd64.
2026-10-07T22:01:13.8426926Z Preparing to unpack .../024-libvorbisenc2_1.3.7-1build3_amd64.deb ...
2026-10-07T22:01:13.8432273Z Unpacking libvorbisenc2:amd64 (1.3.7-1build3) ...
2026-10-07T22:01:13.8602830Z Selecting previously unselected package libvpx9:amd64.
2026-10-07T22:01:13.8694936Z Preparing to unpack .../025-libvpx9_1.14.0-1ubuntu2.3_amd64.deb ...
2026-10-07T22:01:13.8700585Z Unpacking libvpx9:amd64 (1.14.0-1ubuntu2.3) ...
2026-10-07T22:01:13.9021567Z Selecting previously unselected package libx264-164:amd64.
2026-10-07T22:01:13.9116478Z Preparing to unpack .../026-libx264-164_2%3a0.164.3108+git31e19f9-1_amd64.deb ...
2026-10-07T22:01:13.9122372Z Unpacking libx264-164:amd64 (2:0.164.3108+git31e19f9-1) ...
2026-10-07T22:01:13.9417757Z Selecting previously unselected package libx265-199:amd64.
2026-10-07T22:01:13.9509727Z Preparing to unpack .../027-libx265-199_3.5-2build1_amd64.deb ...
2026-10-07T22:01:13.9515162Z Unpacking libx265-199:amd64 (3.5-2build1) ...
2026-10-07T22:01:14.0937621Z Selecting previously unselected package libxvidcore4:amd64.
2026-10-07T22:01:14.1032859Z Preparing to unpack .../028-libxvidcore4_2%3a1.3.7-1build1_amd64.deb ...
2026-10-07T22:01:14.1039386Z Unpacking libxvidcore4:amd64 (2:1.3.7-1build1) ...
2026-10-07T22:01:14.1213395Z Selecting previously unselected package libzvbi-common.
2026-10-07T22:01:14.1309412Z Preparing to unpack .../029-libzvbi-common_0.2.42-2_all.deb ...
2026-10-07T22:01:14.1315048Z Unpacking libzvbi-common (0.2.42-2) ...
2026-10-07T22:01:14.2567445Z Selecting previously unselected package libzvbi0t64:amd64.
2026-10-07T22:01:14.2662621Z Preparing to unpack .../030-libzvbi0t64_0.2.42-2_amd64.deb ...
2026-10-07T22:01:14.2668664Z Unpacking libzvbi0t64:amd64 (0.2.42-2) ...
2026-10-07T22:01:14.2858714Z Selecting previously unselected package libavcodec60:amd64.
2026-10-07T22:01:14.2955606Z Preparing to unpack .../031-libavcodec60_7%3a6.1.1-3ubuntu5_amd64.deb ...
2026-10-07T22:01:14.2961399Z Unpacking libavcodec60:amd64 (7:6.1.1-3ubuntu5) ...
2026-10-07T22:01:14.4336373Z Selecting previously unselected package libraw1394-11:amd64.
2026-10-07T22:01:14.4432782Z Preparing to unpack .../032-libraw1394-11_2.1.2-2build3_amd64.deb ...
2026-10-07T22:01:14.4439193Z Unpacking libraw1394-11:amd64 (2.1.2-2build3) ...
2026-10-07T22:01:14.4610959Z Selecting previously unselected package libavc1394-0:amd64.
2026-10-07T22:01:14.4708073Z Preparing to unpack .../033-libavc1394-0_0.5.4-5build3_amd64.deb ...
2026-10-07T22:01:14.4713363Z Unpacking libavc1394-0:amd64 (0.5.4-5build3) ...
2026-10-07T22:01:14.4981402Z Preparing to unpack .../034-libfreetype6_2.13.2+dfsg-1ubuntu0.2_amd64.deb ...
2026-10-07T22:01:14.5000134Z Unpacking libfreetype6:amd64 (2.13.2+dfsg-1ubuntu0.2) over (2.13.2+dfsg-1ubuntu0.1) ...
2026-10-07T22:01:14.5214635Z Selecting previously unselected package libunibreak5:amd64.
2026-10-07T22:01:14.5314145Z Preparing to unpack .../035-libunibreak5_5.1-2build1_amd64.deb ...
2026-10-07T22:01:14.5320502Z Unpacking libunibreak5:amd64 (5.1-2build1) ...
2026-10-07T22:01:14.5493924Z Selecting previously unselected package libass9:amd64.
2026-10-07T22:01:14.5592148Z Preparing to unpack .../036-libass9_1%3a0.17.1-2build1_amd64.deb ...
2026-10-07T22:01:14.5598572Z Unpacking libass9:amd64 (1:0.17.1-2build1) ...
2026-10-07T22:01:14.5897172Z Selecting previously unselected package libudfread0:amd64.
2026-10-07T22:01:14.5994688Z Preparing to unpack .../037-libudfread0_1.1.2-1build1_amd64.deb ...
2026-10-07T22:01:14.6000969Z Unpacking libudfread0:amd64 (1.1.2-1build1) ...
2026-10-07T22:01:14.6180173Z Selecting previously unselected package libbluray2:amd64.
2026-10-07T22:01:14.6277822Z Preparing to unpack .../038-libbluray2_1%3a1.3.4-1build1_amd64.deb ...
2026-10-07T22:01:14.6284082Z Unpacking libbluray2:amd64 (1:1.3.4-1build1) ...
2026-10-07T22:01:14.6466781Z Selecting previously unselected package libchromaprint1:amd64.
2026-10-07T22:01:14.6564697Z Preparing to unpack .../039-libchromaprint1_1.5.1-5_amd64.deb ...
2026-10-07T22:01:14.6571317Z Unpacking libchromaprint1:amd64 (1.5.1-5) ...
2026-10-07T22:01:14.6746892Z Selecting previously unselected package libgme0:amd64.
2026-10-07T22:01:14.6843885Z Preparing to unpack .../040-libgme0_0.6.3-7build1_amd64.deb ...
2026-10-07T22:01:14.6850189Z Unpacking libgme0:amd64 (0.6.3-7build1) ...
2026-10-07T22:01:14.7028184Z Selecting previously unselected package libmpg123-0t64:amd64.
2026-10-07T22:01:14.7124333Z Preparing to unpack .../041-libmpg123-0t64_1.32.5-1ubuntu1.1_amd64.deb ...
2026-10-07T22:01:14.7130184Z Unpacking libmpg123-0t64:amd64 (1.32.5-1ubuntu1.1) ...
2026-10-07T22:01:14.7315738Z Selecting previously unselected package libopenmpt0t64:amd64.
2026-10-07T22:01:14.7413554Z Preparing to unpack .../042-libopenmpt0t64_0.7.3-1.1build3_amd64.deb ...
2026-10-07T22:01:14.7419683Z Unpacking libopenmpt0t64:amd64 (0.7.3-1.1build3) ...
2026-10-07T22:01:14.7641172Z Selecting previously unselected package libcjson1:amd64.
2026-10-07T22:01:14.7739783Z Preparing to unpack .../043-libcjson1_1.7.17-1_amd64.deb ...
2026-10-07T22:01:14.7745219Z Unpacking libcjson1:amd64 (1.7.17-1) ...
2026-10-07T22:01:14.7919402Z Selecting previously unselected package libmbedcrypto7t64:amd64.
2026-10-07T22:01:14.8016284Z Preparing to unpack .../044-libmbedcrypto7t64_2.28.8-1_amd64.deb ...
2026-10-07T22:01:14.8022257Z Unpacking libmbedcrypto7t64:amd64 (2.28.8-1) ...
2026-10-07T22:01:14.8204971Z Selecting previously unselected package librist4:amd64.
2026-10-07T22:01:14.8301472Z Preparing to unpack .../045-librist4_0.2.10+dfsg-2_amd64.deb ...
2026-10-07T22:01:14.8413959Z Unpacking librist4:amd64 (0.2.10+dfsg-2) ...
2026-10-07T22:01:14.8579547Z Selecting previously unselected package libsrt1.5-gnutls:amd64.
2026-10-07T22:01:14.8677061Z Preparing to unpack .../046-libsrt1.5-gnutls_1.5.3-1build2_amd64.deb ...
2026-10-07T22:01:14.8683401Z Unpacking libsrt1.5-gnutls:amd64 (1.5.3-1build2) ...
2026-10-07T22:01:14.8870331Z Selecting previously unselected package libssh-gcrypt-4:amd64.
2026-10-07T22:01:14.8967938Z Preparing to unpack .../047-libssh-gcrypt-4_0.10.6-2ubuntu0.5_amd64.deb ...
2026-10-07T22:01:14.8973563Z Unpacking libssh-gcrypt-4:amd64 (0.10.6-2ubuntu0.5) ...
2026-10-07T22:01:14.9155707Z Selecting previously unselected package libavformat60:amd64.
2026-10-07T22:01:14.9252827Z Preparing to unpack .../048-libavformat60_7%3a6.1.1-3ubuntu5_amd64.deb ...
2026-10-07T22:01:14.9258924Z Unpacking libavformat60:amd64 (7:6.1.1-3ubuntu5) ...
2026-10-07T22:01:14.9544835Z Selecting previously unselected package libbs2b0:amd64.
2026-10-07T22:01:14.9641707Z Preparing to unpack .../049-libbs2b0_3.1.0+dfsg-7build1_amd64.deb ...
2026-10-07T22:01:14.9646915Z Unpacking libbs2b0:amd64 (3.1.0+dfsg-7build1) ...
2026-10-07T22:01:14.9830067Z Selecting previously unselected package libflite1:amd64.
2026-10-07T22:01:14.9925669Z Preparing to unpack .../050-libflite1_2.2-6build3_amd64.deb ...
2026-10-07T22:01:14.9931237Z Unpacking libflite1:amd64 (2.2-6build3) ...
2026-10-07T22:01:15.1663416Z Selecting previously unselected package libserd-0-0:amd64.
2026-10-07T22:01:15.1760381Z Preparing to unpack .../051-libserd-0-0_0.32.2-1_amd64.deb ...
2026-10-07T22:01:15.1767288Z Unpacking libserd-0-0:amd64 (0.32.2-1) ...
2026-10-07T22:01:15.1940987Z Selecting previously unselected package libzix-0-0:amd64.
2026-10-07T22:01:15.2037351Z Preparing to unpack .../052-libzix-0-0_0.4.2-2build1_amd64.deb ...
2026-10-07T22:01:15.2044181Z Unpacking libzix-0-0:amd64 (0.4.2-2build1) ...
2026-10-07T22:01:15.2214049Z Selecting previously unselected package libsord-0-0:amd64.
2026-10-07T22:01:15.2308529Z Preparing to unpack .../053-libsord-0-0_0.16.16-2build1_amd64.deb ...
2026-10-07T22:01:15.2314330Z Unpacking libsord-0-0:amd64 (0.16.16-2build1) ...
2026-10-07T22:01:15.2477098Z Selecting previously unselected package libsratom-0-0:amd64.
2026-10-07T22:01:15.2571582Z Preparing to unpack .../054-libsratom-0-0_0.6.16-1build1_amd64.deb ...
2026-10-07T22:01:15.2577617Z Unpacking libsratom-0-0:amd64 (0.6.16-1build1) ...
2026-10-07T22:01:15.2740037Z Selecting previously unselected package liblilv-0-0:amd64.
2026-10-07T22:01:15.2834474Z Preparing to unpack .../055-liblilv-0-0_0.24.22-1build1_amd64.deb ...
2026-10-07T22:01:15.2840519Z Unpacking liblilv-0-0:amd64 (0.24.22-1build1) ...
2026-10-07T22:01:15.3000681Z Selecting previously unselected package libmysofa1:amd64.
2026-10-07T22:01:15.3093610Z Preparing to unpack .../056-libmysofa1_1.3.2+dfsg-2ubuntu2_amd64.deb ...
2026-10-07T22:01:15.3099327Z Unpacking libmysofa1:amd64 (1.3.2+dfsg-2ubuntu2) ...
2026-10-07T22:01:15.3284885Z Selecting previously unselected package libplacebo338:amd64.
2026-10-07T22:01:15.3377223Z Preparing to unpack .../057-libplacebo338_6.338.2-2build1_amd64.deb ...
2026-10-07T22:01:15.3383239Z Unpacking libplacebo338:amd64 (6.338.2-2build1) ...
2026-10-07T22:01:15.4361831Z Selecting previously unselected package libblas3:amd64.
2026-10-07T22:01:15.4458810Z Preparing to unpack .../058-libblas3_3.12.0-3build1.1_amd64.deb ...
2026-10-07T22:01:15.4483437Z Unpacking libblas3:amd64 (3.12.0-3build1.1) ...
2026-10-07T22:01:15.4671239Z Selecting previously unselected package liblapack3:amd64.
2026-10-07T22:01:15.4765060Z Preparing to unpack .../059-liblapack3_3.12.0-3build1.1_amd64.deb ...
2026-10-07T22:01:15.4789071Z Unpacking liblapack3:amd64 (3.12.0-3build1.1) ...
2026-10-07T22:01:15.5362412Z Selecting previously unselected package libasyncns0:amd64.
2026-10-07T22:01:15.5458647Z Preparing to unpack .../060-libasyncns0_0.8-6build4_amd64.deb ...
2026-10-07T22:01:15.5463912Z Unpacking libasyncns0:amd64 (0.8-6build4) ...
2026-10-07T22:01:15.5629156Z Selecting previously unselected package libflac12t64:amd64.
2026-10-07T22:01:15.5725664Z Preparing to unpack .../061-libflac12t64_1.4.3+ds-2.1ubuntu2_amd64.deb ...
2026-10-07T22:01:15.5731462Z Unpacking libflac12t64:amd64 (1.4.3+ds-2.1ubuntu2) ...
2026-10-07T22:01:15.5911850Z Selecting previously unselected package libsndfile1:amd64.
2026-10-07T22:01:15.6008608Z Preparing to unpack .../062-libsndfile1_1.2.2-1ubuntu5.24.04.1_amd64.deb ...
2026-10-07T22:01:15.6014890Z Unpacking libsndfile1:amd64 (1.2.2-1ubuntu5.24.04.1) ...
2026-10-07T22:01:15.6209174Z Selecting previously unselected package libpulse0:amd64.
2026-10-07T22:01:15.6304954Z Preparing to unpack .../063-libpulse0_1%3a16.1+dfsg1-2ubuntu10.1_amd64.deb ...
2026-10-07T22:01:15.6356922Z Unpacking libpulse0:amd64 (1:16.1+dfsg1-2ubuntu10.1) ...
2026-10-07T22:01:15.6574968Z Selecting previously unselected package libsphinxbase3t64:amd64.
2026-10-07T22:01:15.6669318Z Preparing to unpack .../064-libsphinxbase3t64_0.8+5prealpha+1-17build2_amd64.deb ...
2026-10-07T22:01:15.6832923Z Unpacking libsphinxbase3t64:amd64 (0.8+5prealpha+1-17build2) ...
2026-10-07T22:01:15.7012927Z Selecting previously unselected package libpocketsphinx3:amd64.
2026-10-07T22:01:15.7108487Z Preparing to unpack .../065-libpocketsphinx3_0.8.0+real5prealpha+1-15ubuntu5_amd64.deb ...
2026-10-07T22:01:15.7114680Z Unpacking libpocketsphinx3:amd64 (0.8.0+real5prealpha+1-15ubuntu5) ...
2026-10-07T22:01:15.7285035Z Selecting previously unselected package libpostproc57:amd64.
2026-10-07T22:01:15.7378389Z Preparing to unpack .../066-libpostproc57_7%3a6.1.1-3ubuntu5_amd64.deb ...
2026-10-07T22:01:15.7384951Z Unpacking libpostproc57:amd64 (7:6.1.1-3ubuntu5) ...
2026-10-07T22:01:15.7548442Z Selecting previously unselected package libsamplerate0:amd64.
2026-10-07T22:01:15.7640550Z Preparing to unpack .../067-libsamplerate0_0.2.2-4build1_amd64.deb ...
2026-10-07T22:01:15.7646880Z Unpacking libsamplerate0:amd64 (0.2.2-4build1) ...
2026-10-07T22:01:15.7841690Z Selecting previously unselected package librubberband2:amd64.
2026-10-07T22:01:15.7933568Z Preparing to unpack .../068-librubberband2_3.3.0+dfsg-2build1_amd64.deb ...
2026-10-07T22:01:15.7939597Z Unpacking librubberband2:amd64 (3.3.0+dfsg-2build1) ...
2026-10-07T22:01:15.8109475Z Selecting previously unselected package libswscale7:amd64.
2026-10-07T22:01:15.8200657Z Preparing to unpack .../069-libswscale7_7%3a6.1.1-3ubuntu5_amd64.deb ...
2026-10-07T22:01:15.8206914Z Unpacking libswscale7:amd64 (7:6.1.1-3ubuntu5) ...
2026-10-07T22:01:15.8376192Z Selecting previously unselected package libvidstab1.1:amd64.
2026-10-07T22:01:15.8466053Z Preparing to unpack .../070-libvidstab1.1_1.1.0-2build1_amd64.deb ...
2026-10-07T22:01:15.8471595Z Unpacking libvidstab1.1:amd64 (1.1.0-2build1) ...
2026-10-07T22:01:15.8630314Z Selecting previously unselected package libzimg2:amd64.
2026-10-07T22:01:15.8720381Z Preparing to unpack .../071-libzimg2_3.0.5+ds1-1build1_amd64.deb ...
2026-10-07T22:01:15.8726778Z Unpacking libzimg2:amd64 (3.0.5+ds1-1build1) ...
2026-10-07T22:01:15.8905001Z Selecting previously unselected package libavfilter9:amd64.
2026-10-07T22:01:15.8993472Z Preparing to unpack .../072-libavfilter9_7%3a6.1.1-3ubuntu5_amd64.deb ...
2026-10-07T22:01:15.8999813Z Unpacking libavfilter9:amd64 (7:6.1.1-3ubuntu5) ...
2026-10-07T22:01:16.0214367Z Selecting previously unselected package libcaca0:amd64.
2026-10-07T22:01:16.0309818Z Preparing to unpack .../073-libcaca0_0.99.beta20-4ubuntu0.2_amd64.deb ...
2026-10-07T22:01:16.0315347Z Unpacking libcaca0:amd64 (0.99.beta20-4ubuntu0.2) ...
2026-10-07T22:01:16.0506614Z Selecting previously unselected package libcdio19t64:amd64.
2026-10-07T22:01:16.0601893Z Preparing to unpack .../074-libcdio19t64_2.1.0-4.1ubuntu1.2_amd64.deb ...
2026-10-07T22:01:16.0608265Z Unpacking libcdio19t64:amd64 (2.1.0-4.1ubuntu1.2) ...
2026-10-07T22:01:16.0772177Z Selecting previously unselected package libcdio-cdda2t64:amd64.
2026-10-07T22:01:16.0862998Z Preparing to unpack .../075-libcdio-cdda2t64_10.2+2.0.1-1.1build2_amd64.deb ...
2026-10-07T22:01:16.0869035Z Unpacking libcdio-cdda2t64:amd64 (10.2+2.0.1-1.1build2) ...
2026-10-07T22:01:16.1024906Z Selecting previously unselected package libcdio-paranoia2t64:amd64.
2026-10-07T22:01:16.1112485Z Preparing to unpack .../076-libcdio-paranoia2t64_10.2+2.0.1-1.1build2_amd64.deb ...
2026-10-07T22:01:16.1118026Z Unpacking libcdio-paranoia2t64:amd64 (10.2+2.0.1-1.1build2) ...
2026-10-07T22:01:16.1271443Z Selecting previously unselected package libdc1394-25:amd64.
2026-10-07T22:01:16.1357341Z Preparing to unpack .../077-libdc1394-25_2.2.6-4build1_amd64.deb ...
2026-10-07T22:01:16.1363021Z Unpacking libdc1394-25:amd64 (2.2.6-4build1) ...
2026-10-07T22:01:16.1532637Z Selecting previously unselected package libiec61883-0:amd64.
2026-10-07T22:01:16.1622149Z Preparing to unpack .../078-libiec61883-0_1.2.0-6build1_amd64.deb ...
2026-10-07T22:01:16.1628342Z Unpacking libiec61883-0:amd64 (1.2.0-6build1) ...
2026-10-07T22:01:16.1841180Z Selecting previously unselected package libjack-jackd2-0:amd64.
2026-10-07T22:01:16.1928758Z Preparing to unpack .../079-libjack-jackd2-0_1.9.21~dfsg-3ubuntu3_amd64.deb ...
2026-10-07T22:01:16.2042572Z Unpacking libjack-jackd2-0:amd64 (1.9.21~dfsg-3ubuntu3) ...
2026-10-07T22:01:16.2251773Z Selecting previously unselected package libopenal-data.
2026-10-07T22:01:16.2341338Z Preparing to unpack .../080-libopenal-data_1%3a1.23.1-4build1_all.deb ...
2026-10-07T22:01:16.2347612Z Unpacking libopenal-data (1:1.23.1-4build1) ...
2026-10-07T22:01:16.2558690Z Selecting previously unselected package libsndio7.0:amd64.
2026-10-07T22:01:16.2653497Z Preparing to unpack .../081-libsndio7.0_1.9.0-0.3build3_amd64.deb ...
2026-10-07T22:01:16.2660046Z Unpacking libsndio7.0:amd64 (1.9.0-0.3build3) ...
2026-10-07T22:01:16.3254251Z Selecting previously unselected package libopenal1:amd64.
2026-10-07T22:01:16.3350587Z Preparing to unpack .../082-libopenal1_1%3a1.23.1-4build1_amd64.deb ...
2026-10-07T22:01:16.3356661Z Unpacking libopenal1:amd64 (1:1.23.1-4build1) ...
2026-10-07T22:01:16.3554572Z Selecting previously unselected package libdecor-0-0:amd64.
2026-10-07T22:01:16.3650988Z Preparing to unpack .../083-libdecor-0-0_0.2.2-1build2_amd64.deb ...
2026-10-07T22:01:16.3656669Z Unpacking libdecor-0-0:amd64 (0.2.2-1build2) ...
2026-10-07T22:01:16.3920405Z Preparing to unpack .../084-libgl1-mesa-dri_25.2.8-0ubuntu0.24.04.4_amd64.deb ...
2026-10-07T22:01:16.4035958Z Unpacking libgl1-mesa-dri:amd64 (25.2.8-0ubuntu0.24.04.4) over (25.2.8-0ubuntu0.24.04.2) ...
2026-10-07T22:01:16.4435458Z Preparing to unpack .../085-libglx-mesa0_25.2.8-0ubuntu0.24.04.4_amd64.deb ...
2026-10-07T22:01:16.4451832Z Unpacking libglx-mesa0:amd64 (25.2.8-0ubuntu0.24.04.4) over (25.2.8-0ubuntu0.24.04.2) ...
2026-10-07T22:01:16.4894724Z Preparing to unpack .../086-libgbm1_25.2.8-0ubuntu0.24.04.4_amd64.deb ...
2026-10-07T22:01:16.4910347Z Unpacking libgbm1:amd64 (25.2.8-0ubuntu0.24.04.4) over (25.2.8-0ubuntu0.24.04.2) ...
2026-10-07T22:01:16.5205241Z Preparing to unpack .../087-mesa-libgallium_25.2.8-0ubuntu0.24.04.4_amd64.deb ...
2026-10-07T22:01:16.5221005Z Unpacking mesa-libgallium:amd64 (25.2.8-0ubuntu0.24.04.4) over (25.2.8-0ubuntu0.24.04.2) ...
2026-10-07T22:01:16.8511951Z Selecting previously unselected package libsdl2-2.0-0:amd64.
2026-10-07T22:01:16.8608500Z Preparing to unpack .../088-libsdl2-2.0-0_2.30.0+dfsg-1ubuntu3.1_amd64.deb ...
2026-10-07T22:01:16.8614811Z Unpacking libsdl2-2.0-0:amd64 (2.30.0+dfsg-1ubuntu3.1) ...
2026-10-07T22:01:16.8888759Z Selecting previously unselected package libxcb-shape0:amd64.
2026-10-07T22:01:16.8984363Z Preparing to unpack .../089-libxcb-shape0_1.15-1ubuntu2_amd64.deb ...
2026-10-07T22:01:16.8992212Z Unpacking libxcb-shape0:amd64 (1.15-1ubuntu2) ...
2026-10-07T22:01:16.9157284Z Selecting previously unselected package libxv1:amd64.
2026-10-07T22:01:16.9254734Z Preparing to unpack .../090-libxv1_2%3a1.0.11-1.1build1_amd64.deb ...
2026-10-07T22:01:16.9261343Z Unpacking libxv1:amd64 (2:1.0.11-1.1build1) ...
2026-10-07T22:01:16.9430814Z Selecting previously unselected package libavdevice60:amd64.
2026-10-07T22:01:16.9527371Z Preparing to unpack .../091-libavdevice60_7%3a6.1.1-3ubuntu5_amd64.deb ...
2026-10-07T22:01:16.9532775Z Unpacking libavdevice60:amd64 (7:6.1.1-3ubuntu5) ...
2026-10-07T22:01:16.9696002Z Selecting previously unselected package ffmpeg.
2026-10-07T22:01:16.9790565Z Preparing to unpack .../092-ffmpeg_7%3a6.1.1-3ubuntu5_amd64.deb ...
2026-10-07T22:01:16.9796156Z Unpacking ffmpeg (7:6.1.1-3ubuntu5) ...
2026-10-07T22:01:17.0102151Z Selecting previously unselected package fonts-noto-cjk.
2026-10-07T22:01:17.0196313Z Preparing to unpack .../093-fonts-noto-cjk_1%3a20230817+repack1-3_all.deb ...
2026-10-07T22:01:17.0244144Z Unpacking fonts-noto-cjk (1:20230817+repack1-3) ...
2026-10-07T22:01:17.7012068Z Selecting previously unselected package libigdgmm12:amd64.
2026-10-07T22:01:17.7106329Z Preparing to unpack .../094-libigdgmm12_22.3.17+ds1-1ubuntu1_amd64.deb ...
2026-10-07T22:01:17.7112382Z Unpacking libigdgmm12:amd64 (22.3.17+ds1-1ubuntu1) ...
2026-10-07T22:01:17.7291373Z Selecting previously unselected package intel-media-va-driver:amd64.
2026-10-07T22:01:17.7387165Z Preparing to unpack .../095-intel-media-va-driver_24.1.0+dfsg1-1ubuntu0.2_amd64.deb ...
2026-10-07T22:01:17.7392828Z Unpacking intel-media-va-driver:amd64 (24.1.0+dfsg1-1ubuntu0.2) ...
2026-10-07T22:01:17.8409075Z Selecting previously unselected package libaacs0:amd64.
2026-10-07T22:01:17.8502923Z Preparing to unpack .../096-libaacs0_0.11.1-2build1_amd64.deb ...
2026-10-07T22:01:17.8509356Z Unpacking libaacs0:amd64 (0.11.1-2build1) ...
2026-10-07T22:01:17.8684246Z Selecting previously unselected package libbdplus0:amd64.
2026-10-07T22:01:17.8778865Z Preparing to unpack .../097-libbdplus0_0.2.0-3build1_amd64.deb ...
2026-10-07T22:01:17.8785288Z Unpacking libbdplus0:amd64 (0.2.0-3build1) ...
2026-10-07T22:01:17.8949745Z Selecting previously unselected package libbrotli-dev:amd64.
2026-10-07T22:01:17.9043602Z Preparing to unpack .../098-libbrotli-dev_1.1.0-2build2_amd64.deb ...
2026-10-07T22:01:17.9049128Z Unpacking libbrotli-dev:amd64 (1.1.0-2build2) ...
2026-10-07T22:01:17.9251040Z Selecting previously unselected package libbz2-dev:amd64.
2026-10-07T22:01:17.9344373Z Preparing to unpack .../099-libbz2-dev_1.0.8-5.1ubuntu0.1_amd64.deb ...
2026-10-07T22:01:17.9474403Z Unpacking libbz2-dev:amd64 (1.0.8-5.1ubuntu0.1) ...
2026-10-07T22:01:17.9632020Z Selecting previously unselected package libdecor-0-plugin-1-gtk:amd64.
2026-10-07T22:01:17.9726193Z Preparing to unpack .../100-libdecor-0-plugin-1-gtk_0.2.2-1build2_amd64.deb ...
2026-10-07T22:01:17.9730991Z Unpacking libdecor-0-plugin-1-gtk:amd64 (0.2.2-1build2) ...
2026-10-07T22:01:17.9885094Z Selecting previously unselected package libpng-dev:amd64.
2026-10-07T22:01:17.9977609Z Preparing to unpack .../101-libpng-dev_1.6.43-5ubuntu0.6_amd64.deb ...
2026-10-07T22:01:17.9984380Z Unpacking libpng-dev:amd64 (1.6.43-5ubuntu0.6) ...
2026-10-07T22:01:18.0201225Z Selecting previously unselected package libfreetype-dev:amd64.
2026-10-07T22:01:18.0294718Z Preparing to unpack .../102-libfreetype-dev_2.13.2+dfsg-1ubuntu0.2_amd64.deb ...
2026-10-07T22:01:18.0299412Z Unpacking libfreetype-dev:amd64 (2.13.2+dfsg-1ubuntu0.2) ...
2026-10-07T22:01:18.0542028Z Selecting previously unselected package uuid-dev:amd64.
2026-10-07T22:01:18.0638614Z Preparing to unpack .../103-uuid-dev_2.39.3-9ubuntu6.6_amd64.deb ...
2026-10-07T22:01:18.0645183Z Unpacking uuid-dev:amd64 (2.39.3-9ubuntu6.6) ...
2026-10-07T22:01:18.0853285Z Selecting previously unselected package libfontconfig-dev:amd64.
2026-10-07T22:01:18.0952773Z Preparing to unpack .../104-libfontconfig-dev_2.15.0-1.1ubuntu2_amd64.deb ...
2026-10-07T22:01:18.0958509Z Unpacking libfontconfig-dev:amd64 (2.15.0-1.1ubuntu2) ...
2026-10-07T22:01:18.1147241Z Selecting previously unselected package libfontconfig1-dev:amd64.
2026-10-07T22:01:18.1242115Z Preparing to unpack .../105-libfontconfig1-dev_2.15.0-1.1ubuntu2_amd64.deb ...
2026-10-07T22:01:18.1247566Z Unpacking libfontconfig1-dev:amd64 (2.15.0-1.1ubuntu2) ...
2026-10-07T22:01:18.1399623Z Selecting previously unselected package libpng-tools.
2026-10-07T22:01:18.1495329Z Preparing to unpack .../106-libpng-tools_1.6.43-5ubuntu0.6_amd64.deb ...
2026-10-07T22:01:18.1502759Z Unpacking libpng-tools (1.6.43-5ubuntu0.6) ...
2026-10-07T22:01:18.1663281Z Selecting previously unselected package librsvg2-common:amd64.
2026-10-07T22:01:18.1758595Z Preparing to unpack .../107-librsvg2-common_2.58.0+dfsg-1ubuntu0.1_amd64.deb ...
2026-10-07T22:01:18.1764321Z Unpacking librsvg2-common:amd64 (2.58.0+dfsg-1ubuntu0.1) ...
2026-10-07T22:01:18.1990050Z Selecting previously unselected package mesa-va-drivers:amd64.
2026-10-07T22:01:18.2087071Z Preparing to unpack .../108-mesa-va-drivers_25.2.8-0ubuntu0.24.04.4_amd64.deb ...
2026-10-07T22:01:18.2092440Z Unpacking mesa-va-drivers:amd64 (25.2.8-0ubuntu0.24.04.4) ...
2026-10-07T22:01:18.2261526Z Selecting previously unselected package mesa-vdpau-drivers:amd64.
2026-10-07T22:01:18.2358226Z Preparing to unpack .../109-mesa-vdpau-drivers_25.2.8-0ubuntu0.24.04.4_amd64.deb ...
2026-10-07T22:01:18.2363354Z Unpacking mesa-vdpau-drivers:amd64 (25.2.8-0ubuntu0.24.04.4) ...
2026-10-07T22:01:18.2540799Z Selecting previously unselected package i965-va-driver:amd64.
2026-10-07T22:01:18.2636817Z Preparing to unpack .../110-i965-va-driver_2.4.1+dfsg1-1ubuntu0.2_amd64.deb ...
2026-10-07T22:01:18.2642276Z Unpacking i965-va-driver:amd64 (2.4.1+dfsg1-1ubuntu0.2) ...
2026-10-07T22:01:18.2846991Z Selecting previously unselected package va-driver-all:amd64.
2026-10-07T22:01:18.2943107Z Preparing to unpack .../111-va-driver-all_2.20.0-2ubuntu0.2_amd64.deb ...
2026-10-07T22:01:18.2949058Z Unpacking va-driver-all:amd64 (2.20.0-2ubuntu0.2) ...
2026-10-07T22:01:18.3109464Z Selecting previously unselected package vdpau-driver-all:amd64.
2026-10-07T22:01:18.3206733Z Preparing to unpack .../112-vdpau-driver-all_1.5-2build1_amd64.deb ...
2026-10-07T22:01:18.3212413Z Unpacking vdpau-driver-all:amd64 (1.5-2build1) ...
2026-10-07T22:01:18.3376537Z Selecting previously unselected package pocketsphinx-en-us.
2026-10-07T22:01:18.3474502Z Preparing to unpack .../113-pocketsphinx-en-us_0.8.0+real5prealpha+1-15ubuntu5_all.deb ...
2026-10-07T22:01:18.3481788Z Unpacking pocketsphinx-en-us (0.8.0+real5prealpha+1-15ubuntu5) ...
2026-10-07T22:01:18.6538639Z Setting up libgme0:amd64 (0.6.3-7build1) ...
2026-10-07T22:01:18.6597915Z Setting up libchromaprint1:amd64 (1.5.1-5) ...
2026-10-07T22:01:18.6648635Z Setting up libssh-gcrypt-4:amd64 (0.10.6-2ubuntu0.5) ...
2026-10-07T22:01:18.6713439Z Setting up libhwy1t64:amd64 (1.0.7-8.1build1) ...
2026-10-07T22:01:18.6763765Z Setting up libudfread0:amd64 (1.1.2-1build1) ...
2026-10-07T22:01:18.6809900Z Setting up bzip2-doc (1.0.8-5.1ubuntu0.1) ...
2026-10-07T22:01:18.6860192Z Setting up mesa-libgallium:amd64 (25.2.8-0ubuntu0.24.04.4) ...
2026-10-07T22:01:18.6903602Z Setting up libraw1394-11:amd64 (2.1.2-2build3) ...
2026-10-07T22:01:18.6948480Z Setting up libspeex1:amd64 (1.2.1-2ubuntu2.24.04.1) ...
2026-10-07T22:01:18.6963249Z Setting up libshine3:amd64 (3.1.1-2build1) ...
2026-10-07T22:01:18.6978104Z Setting up libcaca0:amd64 (0.99.beta20-4ubuntu0.2) ...
2026-10-07T22:01:18.6996623Z Setting up libvpl2 (2023.3.0-1build1) ...
2026-10-07T22:01:18.7015997Z Setting up libx264-164:amd64 (2:0.164.3108+git31e19f9-1) ...
2026-10-07T22:01:18.7034994Z Setting up libtwolame0:amd64 (0.4.0-2build3) ...
2026-10-07T22:01:18.7050355Z Setting up libmbedcrypto7t64:amd64 (2.28.8-1) ...
2026-10-07T22:01:18.7066219Z Setting up libgbm1:amd64 (25.2.8-0ubuntu0.24.04.4) ...
2026-10-07T22:01:18.7084027Z Setting up libpng-tools (1.6.43-5ubuntu0.6) ...
2026-10-07T22:01:18.7100203Z Setting up libgsm1:amd64 (1.0.22-1build1) ...
2026-10-07T22:01:18.7115052Z Setting up libsoxr0:amd64 (0.1.3-4build3) ...
2026-10-07T22:01:18.7134020Z Setting up libzix-0-0:amd64 (0.4.2-2build1) ...
2026-10-07T22:01:18.7148930Z Setting up libcodec2-1.2:amd64 (1.2.0-2build1) ...
2026-10-07T22:01:18.7167185Z Setting up fonts-noto-cjk (1:20230817+repack1-3) ...
2026-10-07T22:01:18.7392429Z Setting up libgl1-mesa-dri:amd64 (25.2.8-0ubuntu0.24.04.4) ...
2026-10-07T22:01:18.7450693Z Setting up libpng-dev:amd64 (1.6.43-5ubuntu0.6) ...
2026-10-07T22:01:18.7469083Z Setting up libmysofa1:amd64 (1.3.2+dfsg-2ubuntu2) ...
2026-10-07T22:01:18.7484596Z Setting up libxcb-shape0:amd64 (1.15-1ubuntu2) ...
2026-10-07T22:01:18.7503124Z Setting up libcdio19t64:amd64 (2.1.0-4.1ubuntu1.2) ...
2026-10-07T22:01:18.7518942Z Setting up libsvtav1enc1d1:amd64 (1.7.0+dfsg-2build1) ...
2026-10-07T22:01:18.7535296Z Setting up libigdgmm12:amd64 (22.3.17+ds1-1ubuntu1) ...
2026-10-07T22:01:18.7552033Z Setting up libmpg123-0t64:amd64 (1.32.5-1ubuntu1.1) ...
2026-10-07T22:01:18.7566559Z Setting up libcjson1:amd64 (1.7.17-1) ...
2026-10-07T22:01:18.7582689Z Setting up libxvidcore4:amd64 (2:1.3.7-1build1) ...
2026-10-07T22:01:18.7601249Z Setting up librav1e0:amd64 (0.7.1-2) ...
2026-10-07T22:01:18.7618262Z Setting up libcdio-cdda2t64:amd64 (10.2+2.0.1-1.1build2) ...
2026-10-07T22:01:18.7634911Z Setting up librist4:amd64 (0.2.10+dfsg-2) ...
2026-10-07T22:01:18.7649882Z Setting up librsvg2-2:amd64 (2.58.0+dfsg-1ubuntu0.1) ...
2026-10-07T22:01:18.7663432Z Setting up libblas3:amd64 (3.12.0-3build1.1) ...
2026-10-07T22:01:18.7711173Z update-alternatives: using /usr/lib/x86_64-linux-gnu/blas/libblas.so.3 to provide /usr/lib/x86_64-linux-gnu/libblas.so.3 (libblas.so.3-x86_64-linux-gnu) in auto mode
2026-10-07T22:01:18.7724460Z Setting up libplacebo338:amd64 (6.338.2-2build1) ...
2026-10-07T22:01:18.7739889Z Setting up libva2:amd64 (2.20.0-2ubuntu0.2) ...
2026-10-07T22:01:18.7757984Z Setting up libfreetype6:amd64 (2.13.2+dfsg-1ubuntu0.2) ...
2026-10-07T22:01:18.7773173Z Setting up uuid-dev:amd64 (2.39.3-9ubuntu6.6) ...
2026-10-07T22:01:18.7793356Z Setting up libopus0:amd64 (1.4-1build1) ...
2026-10-07T22:01:18.7809747Z Setting up libcdio-paranoia2t64:amd64 (10.2+2.0.1-1.1build2) ...
2026-10-07T22:01:18.7826234Z Setting up libdc1394-25:amd64 (2.2.6-4build1) ...
2026-10-07T22:01:18.7843898Z Setting up intel-media-va-driver:amd64 (24.1.0+dfsg1-1ubuntu0.2) ...
2026-10-07T22:01:18.7859065Z Setting up libxv1:amd64 (2:1.0.11-1.1build1) ...
2026-10-07T22:01:18.7876570Z Setting up libunibreak5:amd64 (5.1-2build1) ...
2026-10-07T22:01:18.7891079Z Setting up libaacs0:amd64 (0.11.1-2build1) ...
2026-10-07T22:01:18.7906660Z Setting up libjxl0.7:amd64 (0.7.0-10.2ubuntu6.1) ...
2026-10-07T22:01:18.7923015Z Setting up librsvg2-common:amd64 (2.58.0+dfsg-1ubuntu0.1) ...
2026-10-07T22:01:18.7967310Z Setting up pocketsphinx-en-us (0.8.0+real5prealpha+1-15ubuntu5) ...
2026-10-07T22:01:18.7982900Z Setting up libx265-199:amd64 (3.5-2build1) ...
2026-10-07T22:01:18.7998235Z Setting up libsndio7.0:amd64 (1.9.0-0.3build3) ...
2026-10-07T22:01:18.8012585Z Setting up libbdplus0:amd64 (0.2.0-3build1) ...
2026-10-07T22:01:18.8028478Z Setting up libvidstab1.1:amd64 (1.1.0-2build1) ...
2026-10-07T22:01:18.8044731Z Setting up libvpx9:amd64 (1.14.0-1ubuntu2.3) ...
2026-10-07T22:01:18.8058596Z Setting up libsrt1.5-gnutls:amd64 (1.5.3-1build2) ...
2026-10-07T22:01:18.8076063Z Setting up libflite1:amd64 (2.2-6build3) ...
2026-10-07T22:01:18.8093073Z Setting up libdav1d7:amd64 (1.4.1-1build1) ...
2026-10-07T22:01:18.8109481Z Setting up libva-drm2:amd64 (2.20.0-2ubuntu0.2) ...
2026-10-07T22:01:18.8124532Z Setting up ocl-icd-libopencl1:amd64 (2.3.2-1build1) ...
2026-10-07T22:01:18.8139960Z Setting up libasyncns0:amd64 (0.8-6build4) ...
2026-10-07T22:01:18.8156915Z Setting up libvdpau1:amd64 (1.5-2build1) ...
2026-10-07T22:01:18.8176986Z Setting up libbs2b0:amd64 (3.1.0+dfsg-7build1) ...
2026-10-07T22:01:18.8194629Z Setting up libtheora0:amd64 (1.1.1+dfsg.1-16.1build3) ...
2026-10-07T22:01:18.8212111Z Setting up libdecor-0-0:amd64 (0.2.2-1build2) ...
2026-10-07T22:01:18.8229376Z Setting up libzimg2:amd64 (3.0.5+ds1-1build1) ...
2026-10-07T22:01:18.8247027Z Setting up libopenal-data (1:1.23.1-4build1) ...
2026-10-07T22:01:18.8268867Z Setting up libflac12t64:amd64 (1.4.3+ds-2.1ubuntu2) ...
2026-10-07T22:01:18.8289448Z Setting up mesa-va-drivers:amd64 (25.2.8-0ubuntu0.24.04.4) ...
2026-10-07T22:01:18.8304125Z Setting up libbluray2:amd64 (1:1.3.4-1build1) ...
2026-10-07T22:01:18.8319816Z Setting up libsamplerate0:amd64 (0.2.2-4build1) ...
2026-10-07T22:01:18.8336509Z Setting up libva-x11-2:amd64 (2.20.0-2ubuntu0.2) ...
2026-10-07T22:01:18.8351017Z Setting up libdecor-0-plugin-1-gtk:amd64 (0.2.2-1build2) ...
2026-10-07T22:01:18.8365875Z Setting up libopenmpt0t64:amd64 (0.7.3-1.1build3) ...
2026-10-07T22:01:18.8384542Z Setting up libbrotli-dev:amd64 (1.1.0-2build2) ...
2026-10-07T22:01:18.8401954Z Setting up libzvbi-common (0.2.42-2) ...
2026-10-07T22:01:18.8417362Z Setting up libmp3lame0:amd64 (3.100-6build1) ...
2026-10-07T22:01:18.8434958Z Setting up i965-va-driver:amd64 (2.4.1+dfsg1-1ubuntu0.2) ...
2026-10-07T22:01:18.8450403Z Setting up libvorbisenc2:amd64 (1.3.7-1build3) ...
2026-10-07T22:01:18.8466218Z Setting up libiec61883-0:amd64 (1.2.0-6build1) ...
2026-10-07T22:01:18.8483194Z Setting up libserd-0-0:amd64 (0.32.2-1) ...
2026-10-07T22:01:18.8498343Z Setting up libbz2-dev:amd64 (1.0.8-5.1ubuntu0.1) ...
2026-10-07T22:01:18.8860224Z Setting up libavc1394-0:amd64 (0.5.4-5build3) ...
2026-10-07T22:01:18.8874984Z Setting up mesa-vdpau-drivers:amd64 (25.2.8-0ubuntu0.24.04.4) ...
2026-10-07T22:01:18.8894217Z Setting up liblapack3:amd64 (3.12.0-3build1.1) ...
2026-10-07T22:01:18.8942158Z update-alternatives: using /usr/lib/x86_64-linux-gnu/lapack/liblapack.so.3 to provide /usr/lib/x86_64-linux-gnu/liblapack.so.3 (liblapack.so.3-x86_64-linux-gnu) in auto mode
2026-10-07T22:01:18.8955113Z Setting up libglx-mesa0:amd64 (25.2.8-0ubuntu0.24.04.4) ...
2026-10-07T22:01:18.8971099Z Setting up libzvbi0t64:amd64 (0.2.42-2) ...
2026-10-07T22:01:18.8987532Z Setting up libavutil58:amd64 (7:6.1.1-3ubuntu5) ...
2026-10-07T22:01:18.9007828Z Setting up libopenal1:amd64 (1:1.23.1-4build1) ...
2026-10-07T22:01:18.9025638Z Setting up libfreetype-dev:amd64 (2.13.2+dfsg-1ubuntu0.2) ...
2026-10-07T22:01:18.9042428Z Setting up libass9:amd64 (1:0.17.1-2build1) ...
2026-10-07T22:01:18.9056239Z Setting up libswresample4:amd64 (7:6.1.1-3ubuntu5) ...
2026-10-07T22:01:18.9073435Z Setting up va-driver-all:amd64 (2.20.0-2ubuntu0.2) ...
2026-10-07T22:01:18.9091588Z Setting up libavcodec60:amd64 (7:6.1.1-3ubuntu5) ...
2026-10-07T22:01:18.9106355Z Setting up librubberband2:amd64 (3.3.0+dfsg-2build1) ...
2026-10-07T22:01:18.9123261Z Setting up libjack-jackd2-0:amd64 (1.9.21~dfsg-3ubuntu3) ...
2026-10-07T22:01:18.9139364Z Setting up vdpau-driver-all:amd64 (1.5-2build1) ...
2026-10-07T22:01:18.9152916Z Setting up libsord-0-0:amd64 (0.16.16-2build1) ...
2026-10-07T22:01:18.9168931Z Setting up libpostproc57:amd64 (7:6.1.1-3ubuntu5) ...
2026-10-07T22:01:18.9182380Z Setting up libsratom-0-0:amd64 (0.6.16-1build1) ...
2026-10-07T22:01:18.9200110Z Setting up libsndfile1:amd64 (1.2.2-1ubuntu5.24.04.1) ...
2026-10-07T22:01:18.9214860Z Setting up liblilv-0-0:amd64 (0.24.22-1build1) ...
2026-10-07T22:01:18.9228859Z Setting up libswscale7:amd64 (7:6.1.1-3ubuntu5) ...
2026-10-07T22:01:18.9244512Z Setting up libpulse0:amd64 (1:16.1+dfsg1-2ubuntu10.1) ...
2026-10-07T22:01:18.9302910Z Setting up libfontconfig-dev:amd64 (2.15.0-1.1ubuntu2) ...
2026-10-07T22:01:18.9322542Z Setting up libavformat60:amd64 (7:6.1.1-3ubuntu5) ...
2026-10-07T22:01:18.9340858Z Setting up libsphinxbase3t64:amd64 (0.8+5prealpha+1-17build2) ...
2026-10-07T22:01:18.9354417Z Setting up libsdl2-2.0-0:amd64 (2.30.0+dfsg-1ubuntu3.1) ...
2026-10-07T22:01:18.9369690Z Setting up libfontconfig1-dev:amd64 (2.15.0-1.1ubuntu2) ...
2026-10-07T22:01:18.9383657Z Setting up libpocketsphinx3:amd64 (0.8.0+real5prealpha+1-15ubuntu5) ...
2026-10-07T22:01:18.9400692Z Setting up libavfilter9:amd64 (7:6.1.1-3ubuntu5) ...
2026-10-07T22:01:18.9416517Z Setting up libavdevice60:amd64 (7:6.1.1-3ubuntu5) ...
2026-10-07T22:01:18.9430745Z Setting up ffmpeg (7:6.1.1-3ubuntu5) ...
2026-10-07T22:01:18.9450563Z Processing triggers for fontconfig (2.15.0-1.1ubuntu2) ...
2026-10-07T22:01:18.9992835Z Processing triggers for libc-bin (2.39-0ubuntu8.9) ...
2026-10-07T22:01:19.1852987Z Processing triggers for man-db (2.12.0-4build2) ...
2026-10-07T22:01:19.1874118Z Not building database; man-db/auto-update is not 'true'.
2026-10-07T22:01:19.1887839Z Processing triggers for libgdk-pixbuf-2.0-0:amd64 (2.42.10+dfsg-3ubuntu3.3) ...
2026-10-07T22:01:19.2096651Z Processing triggers for install-info (7.1-3build2) ...
2026-10-07T22:01:19.7578676Z 
2026-10-07T22:01:19.7579176Z Running kernel seems to be up-to-date.
2026-10-07T22:01:19.7579361Z 
2026-10-07T22:01:19.7579419Z Restarting services...
2026-10-07T22:01:19.7646288Z  systemctl restart php8.3-fpm.service
2026-10-07T22:01:19.8449936Z 
2026-10-07T22:01:19.8451384Z No containers need to be restarted.
2026-10-07T22:01:19.8451571Z 
2026-10-07T22:01:19.8451771Z No user sessions are running outdated binaries.
2026-10-07T22:01:19.8452000Z 
2026-10-07T22:01:19.8452248Z No VM guests are running outdated hypervisor (qemu) binaries on this host.
2026-10-07T22:01:20.5421727Z NotoSansCJK-Regular.ttc: "Noto Sans CJK JP" "Regular"
2026-10-07T22:01:20.5447074Z ##[group]Run cargo fmt --all --check
2026-10-07T22:01:20.5447260Z [36;1mcargo fmt --all --check[0m
2026-10-07T22:01:20.5496426Z shell: /usr/bin/bash -e {0}
2026-10-07T22:01:20.5496562Z env:
2026-10-07T22:01:20.5496674Z   CARGO_TERM_COLOR: always
2026-10-07T22:01:20.5496818Z   RUSTFLAGS: -D warnings
2026-10-07T22:01:20.5496955Z   CARGO_HOME: /home/runner/.cargo
2026-10-07T22:01:20.5497100Z   CARGO_INCREMENTAL: 0
2026-10-07T22:01:20.5497224Z   CACHE_ON_FAILURE: true
2026-10-07T22:01:20.5497348Z ##[endgroup]
2026-10-07T22:01:24.2830410Z ##[group]Run python3 -m unittest discover -s scripts -p test_gui_test_artifact.py
2026-10-07T22:01:24.2830749Z [36;1mpython3 -m unittest discover -s scripts -p test_gui_test_artifact.py[0m
2026-10-07T22:01:24.2880765Z shell: /usr/bin/bash -e {0}
2026-10-07T22:01:24.2880911Z env:
2026-10-07T22:01:24.2881026Z   CARGO_TERM_COLOR: always
2026-10-07T22:01:24.2881165Z   RUSTFLAGS: -D warnings
2026-10-07T22:01:24.2881301Z   CARGO_HOME: /home/runner/.cargo
2026-10-07T22:01:24.2881443Z   CARGO_INCREMENTAL: 0
2026-10-07T22:01:24.2881568Z   CACHE_ON_FAILURE: true
2026-10-07T22:01:24.2881695Z ##[endgroup]
2026-10-07T22:01:24.4021297Z ..............
2026-10-07T22:01:24.4021656Z ----------------------------------------------------------------------
2026-10-07T22:01:24.4022275Z Ran 14 tests in 0.057s
2026-10-07T22:01:24.4022396Z 
2026-10-07T22:01:24.4022467Z OK
2026-10-07T22:01:24.4183013Z ##[group]Run set -o pipefail
2026-10-07T22:01:24.4183297Z [36;1mset -o pipefail[0m
2026-10-07T22:01:24.4183694Z [36;1mcargo clippy --workspace --all-targets --locked --keep-going 2>&1 | tee /tmp/hydrus-clippy.log[0m
2026-10-07T22:01:24.4239399Z shell: /usr/bin/bash -e {0}
2026-10-07T22:01:24.4239553Z env:
2026-10-07T22:01:24.4239673Z   CARGO_TERM_COLOR: always
2026-10-07T22:01:24.4239816Z   RUSTFLAGS: -D warnings
2026-10-07T22:01:24.4239955Z   CARGO_HOME: /home/runner/.cargo
2026-10-07T22:01:24.4240100Z   CARGO_INCREMENTAL: 0
2026-10-07T22:01:24.4240225Z   CACHE_ON_FAILURE: true
2026-10-07T22:01:24.4240351Z   CARGO_BUILD_JOBS: 1
2026-10-07T22:01:24.4240471Z ##[endgroup]
2026-10-07T22:01:24.5975160Z [1m[92m    Updating[0m crates.io index
2026-10-07T22:01:26.7875715Z [1m[92m    Checking[0m hydrus-core v0.1.0 (/home/runner/work/hydrus-mine/hydrus-mine/crates/hydrus-core)
2026-10-07T22:01:30.0853398Z [1m[92m    Checking[0m hydrus-parse v0.1.0 (/home/runner/work/hydrus-mine/hydrus-mine/crates/hydrus-parse)
2026-10-07T22:01:30.9522520Z [1m[92m    Checking[0m hydrus-legacy v0.1.0 (/home/runner/work/hydrus-mine/hydrus-mine/crates/hydrus-legacy)
2026-10-07T22:01:32.2859138Z [1m[92m    Checking[0m hydrus-testkit v0.1.0 (/home/runner/work/hydrus-mine/hydrus-mine/crates/hydrus-testkit)
2026-10-07T22:01:32.3221391Z [1m[92m    Checking[0m hydrus-store v0.1.0 (/home/runner/work/hydrus-mine/hydrus-mine/crates/hydrus-store)
2026-10-07T22:01:37.2834939Z [1m[92m    Checking[0m hydrus-media v0.1.0 (/home/runner/work/hydrus-mine/hydrus-mine/crates/hydrus-media)
2026-10-07T22:01:38.4054761Z [1m[92m    Checking[0m hydrus-search v0.1.0 (/home/runner/work/hydrus-mine/hydrus-mine/crates/hydrus-search)
2026-10-07T22:01:39.1769656Z [1m[92m    Checking[0m hydrus-import v0.1.0 (/home/runner/work/hydrus-mine/hydrus-mine/crates/hydrus-import)
2026-10-07T22:01:39.4848365Z [1m[92m    Checking[0m hydrus-net v0.1.0 (/home/runner/work/hydrus-mine/hydrus-mine/crates/hydrus-net)
2026-10-07T22:01:39.9949868Z [1m[92m    Checking[0m hydrus-download v0.1.0 (/home/runner/work/hydrus-mine/hydrus-mine/crates/hydrus-download)
2026-10-07T22:01:41.0037403Z [1m[92m    Checking[0m hydrus-duplicates v0.1.0 (/home/runner/work/hydrus-mine/hydrus-mine/crates/hydrus-duplicates)
2026-10-07T22:01:41.2027321Z [1m[92m    Checking[0m hydrus-downloader-exchange v0.1.0 (/home/runner/work/hydrus-mine/hydrus-mine/crates/hydrus-downloader-exchange)
2026-10-07T22:01:41.5899701Z [1m[92m    Checking[0m hydrus-api v0.1.0 (/home/runner/work/hydrus-mine/hydrus-mine/crates/hydrus-api)
2026-10-07T22:01:42.8381110Z [1m[92m   Compiling[0m hydrus-gui-ui v0.1.0 (/home/runner/work/hydrus-mine/hydrus-mine/crates/hydrus-gui-ui)
2026-10-07T22:01:48.5558219Z [1m[92m    Checking[0m hydrus-gui-model v0.1.0 (/home/runner/work/hydrus-mine/hydrus-mine/crates/hydrus-gui-model)
2026-10-07T22:06:56.8637989Z [1m[92m    Checking[0m hydrus-gui v0.1.0 (/home/runner/work/hydrus-mine/hydrus-mine/crates/hydrus-gui)
2026-10-07T22:07:14.4211349Z [1m[92m    Checking[0m hydrus-cli v0.1.0 (/home/runner/work/hydrus-mine/hydrus-mine/crates/hydrus-cli)
2026-10-07T22:07:40.9095499Z [1m[92m    Checking[0m xtask v0.1.0 (/home/runner/work/hydrus-mine/hydrus-mine/xtask)
2026-10-07T22:08:00.3282755Z [1m[92m    Finished[0m `dev` profile [unoptimized + debuginfo] target(s) in 6m 35s
2026-10-07T22:08:00.4124393Z ##[group]Run actions/upload-artifact@v4
2026-10-07T22:08:00.4124566Z with:
2026-10-07T22:08:00.4124695Z   name: clippy-diagnostics-37693164411-1
2026-10-07T22:08:00.4124863Z   path: /tmp/hydrus-clippy.log
2026-10-07T22:08:00.4125008Z   if-no-files-found: ignore
2026-10-07T22:08:00.4125140Z   retention-days: 3
2026-10-07T22:08:00.4125261Z   compression-level: 6
2026-10-07T22:08:00.4125386Z   overwrite: false
2026-10-07T22:08:00.4125509Z   include-hidden-files: false
2026-10-07T22:08:00.4125645Z env:
2026-10-07T22:08:00.4125903Z   CARGO_TERM_COLOR: always
2026-10-07T22:08:00.4126040Z   RUSTFLAGS: -D warnings
2026-10-07T22:08:00.4126173Z   CARGO_HOME: /home/runner/.cargo
2026-10-07T22:08:00.4126312Z   CARGO_INCREMENTAL: 0
2026-10-07T22:08:00.4126438Z   CACHE_ON_FAILURE: true
2026-10-07T22:08:00.4126563Z ##[endgroup]
2026-10-07T22:08:00.6597936Z (node:4584) [DEP0040] DeprecationWarning: The `punycode` module is deprecated. Please use a userland alternative instead.
2026-10-07T22:08:00.6598644Z (Use `node --trace-deprecation ...` to show where the warning was created)
2026-10-07T22:08:00.6631990Z With the provided path, there will be 1 file uploaded
2026-10-07T22:08:00.6635239Z Artifact name is valid!
2026-10-07T22:08:00.6635659Z Root directory input is valid!
2026-10-07T22:08:00.9356362Z Beginning upload of artifact content to blob storage
2026-10-07T22:08:00.9515091Z (node:4584) [DEP0169] DeprecationWarning: `url.parse()` behavior is not standardized and prone to errors that have security implications. Use the WHATWG URL API instead. CVEs are not issued for `url.parse()` vulnerabilities.
2026-10-07T22:08:01.1121259Z Uploaded bytes 475
2026-10-07T22:08:01.1615429Z Finished uploading artifact content to blob storage!
2026-10-07T22:08:01.1616614Z SHA256 digest of uploaded artifact zip is 1a1a444f400b39ab6c675ab4134cf2c2e121c32f81f215bd7208e4b07263c728
2026-10-07T22:08:01.1620015Z Finalizing artifact upload
2026-10-07T22:08:01.3958341Z Artifact clippy-diagnostics-37693164411-1.zip successfully finalized. Artifact ID 11514138726
2026-10-07T22:08:01.3959159Z Artifact clippy-diagnostics-37693164411-1 has been successfully uploaded! Final size is 475 bytes. Artifact ID is 11514138726
2026-10-07T22:08:01.3963766Z Artifact download URL: https://github.com/jkendall327/hydrus-mine/actions/runs/37693164411/artifacts/11514138726
2026-10-07T22:08:01.4083475Z ##[group]Run set -o pipefail
2026-10-07T22:08:01.4083651Z [36;1mset -o pipefail[0m
2026-10-07T22:08:01.4083943Z [36;1mmkdir -p target/tmp[0m
2026-10-07T22:08:01.4084299Z [36;1mcargo test --workspace --locked --no-fail-fast 2>&1 | tee /tmp/hydrus-tests.log[0m
2026-10-07T22:08:01.4191265Z shell: /usr/bin/bash -e {0}
2026-10-07T22:08:01.4191412Z env:
2026-10-07T22:08:01.4191534Z   CARGO_TERM_COLOR: always
2026-10-07T22:08:01.4191674Z   RUSTFLAGS: -D warnings
2026-10-07T22:08:01.4191813Z   CARGO_HOME: /home/runner/.cargo
2026-10-07T22:08:01.4191963Z   CARGO_INCREMENTAL: 0
2026-10-07T22:08:01.4192090Z   CACHE_ON_FAILURE: true
2026-10-07T22:08:01.4192220Z   CARGO_BUILD_JOBS: 1
2026-10-07T22:08:01.4192431Z   HYDRUS_INTERCHANGE_SCREENSHOTS: /home/runner/work/hydrus-mine/hydrus-mine/target/tmp
2026-10-07T22:08:01.4192668Z ##[endgroup]
2026-10-07T22:08:02.1966312Z [1m[92m   Compiling[0m hydrus-core v0.1.0 (/home/runner/work/hydrus-mine/hydrus-mine/crates/hydrus-core)
2026-10-07T22:08:06.9651175Z [1m[92m   Compiling[0m hydrus-parse v0.1.0 (/home/runner/work/hydrus-mine/hydrus-mine/crates/hydrus-parse)
2026-10-07T22:08:08.3630581Z [1m[92m   Compiling[0m hydrus-legacy v0.1.0 (/home/runner/work/hydrus-mine/hydrus-mine/crates/hydrus-legacy)
2026-10-07T22:08:12.4035591Z [1m[92m   Compiling[0m hydrus-testkit v0.1.0 (/home/runner/work/hydrus-mine/hydrus-mine/crates/hydrus-testkit)
2026-10-07T22:08:12.5188896Z [1m[92m   Compiling[0m hydrus-store v0.1.0 (/home/runner/work/hydrus-mine/hydrus-mine/crates/hydrus-store)
2026-10-07T22:08:25.0502857Z [1m[92m   Compiling[0m hydrus-media v0.1.0 (/home/runner/work/hydrus-mine/hydrus-mine/crates/hydrus-media)
2026-10-07T22:08:48.5854079Z [1m[92m   Compiling[0m hydrus-search v0.1.0 (/home/runner/work/hydrus-mine/hydrus-mine/crates/hydrus-search)
2026-10-07T22:08:50.8121097Z [1m[92m   Compiling[0m hydrus-import v0.1.0 (/home/runner/work/hydrus-mine/hydrus-mine/crates/hydrus-import)
2026-10-07T22:08:51.5645252Z [1m[92m   Compiling[0m hydrus-net v0.1.0 (/home/runner/work/hydrus-mine/hydrus-mine/crates/hydrus-net)
2026-10-07T22:08:52.9241833Z [1m[92m   Compiling[0m hydrus-download v0.1.0 (/home/runner/work/hydrus-mine/hydrus-mine/crates/hydrus-download)
2026-10-07T22:08:55.6925924Z [1m[92m   Compiling[0m hydrus-duplicates v0.1.0 (/home/runner/work/hydrus-mine/hydrus-mine/crates/hydrus-duplicates)
2026-10-07T22:08:56.1823682Z [1m[92m   Compiling[0m hydrus-downloader-exchange v0.1.0 (/home/runner/work/hydrus-mine/hydrus-mine/crates/hydrus-downloader-exchange)
2026-10-07T22:08:57.2099080Z [1m[92m   Compiling[0m hydrus-api v0.1.0 (/home/runner/work/hydrus-mine/hydrus-mine/crates/hydrus-api)
2026-10-07T22:09:03.2994415Z [1m[92m   Compiling[0m hydrus-gui-ui v0.1.0 (/home/runner/work/hydrus-mine/hydrus-mine/crates/hydrus-gui-ui)
2026-10-07T22:09:03.9901051Z [1m[92m   Compiling[0m hydrus-gui-model v0.1.0 (/home/runner/work/hydrus-mine/hydrus-mine/crates/hydrus-gui-model)
2026-10-07T22:13:05.1531718Z [1m[92m   Compiling[0m hydrus-gui v0.1.0 (/home/runner/work/hydrus-mine/hydrus-mine/crates/hydrus-gui)
2026-10-07T22:13:30.9396322Z [1m[92m   Compiling[0m hydrus-cli v0.1.0 (/home/runner/work/hydrus-mine/hydrus-mine/crates/hydrus-cli)
2026-10-07T22:15:23.0950688Z [1m[92m   Compiling[0m xtask v0.1.0 (/home/runner/work/hydrus-mine/hydrus-mine/xtask)
2026-10-07T22:16:58.5501394Z [1m[92m    Finished[0m `test` profile [unoptimized + debuginfo] target(s) in 8m 57s
2026-10-07T22:16:59.5547798Z [1m[92m     Running[0m unittests src/lib.rs (target/debug/deps/hydrus_api-6491b1f57d45a925)
2026-10-07T22:16:59.5556182Z 
2026-10-07T22:16:59.5556261Z running 3 tests
2026-10-07T22:16:59.5620470Z test params::tests::bad_query_values_are_400s ... ok
2026-10-07T22:16:59.5620763Z test params::tests::json_bodies_convert_byte_params ... ok
2026-10-07T22:16:59.5621002Z test params::tests::query_values_are_typed_by_name ... ok
2026-10-07T22:16:59.5621137Z 
2026-10-07T22:16:59.5622888Z test result: ok. 3 passed; 0 failed; 0 ignored; 0 measured; 0 filtered out; finished in 0.00s
2026-10-07T22:16:59.5623087Z 
2026-10-07T22:16:59.5623402Z [1m[92m     Running[0m tests/activity.rs (target/debug/deps/activity-2f74d8120c007233)
2026-10-07T22:16:59.5623595Z 
2026-10-07T22:16:59.5623649Z running 1 test
2026-10-07T22:16:59.6451572Z test rejected_and_read_requests_publish_activity_while_locked_without_waiting_on_sqlite ... ok
2026-10-07T22:16:59.6451947Z 
2026-10-07T22:16:59.6452170Z test result: ok. 1 passed; 0 failed; 0 ignored; 0 measured; 0 filtered out; finished in 0.09s
2026-10-07T22:16:59.6452469Z 
2026-10-07T22:16:59.6463324Z [1m[92m     Running[0m tests/add_url.rs (target/debug/deps/add_url-800f2cc699b68c2e)
2026-10-07T22:16:59.6493079Z 
2026-10-07T22:16:59.6493252Z running 2 tests
2026-10-07T22:16:59.7781833Z test watchable_urls_start_watchers ... ok
2026-10-07T22:16:59.7813242Z test urls_go_to_named_queues_with_their_tags ... ok
2026-10-07T22:16:59.7813479Z 
2026-10-07T22:16:59.7862904Z test result: ok. 2 passed; 0 failed; 0 ignored; 0 measured; 0 filtered out; finished in 0.13s
2026-10-07T22:16:59.7863620Z 
2026-10-07T22:16:59.7864566Z [1m[92m     Running[0m tests/api_keys.rs (target/debug/deps/api_keys-c8c57f21b27246c2)
2026-10-07T22:16:59.7881589Z 
2026-10-07T22:16:59.7882719Z running 3 tests
2026-10-07T22:16:59.8521619Z test edits_and_revocation_apply_to_existing_keys_and_sessions_immediately ... ok
2026-10-07T22:16:59.8551368Z test a_requested_key_works_once_accepted ... ok
2026-10-07T22:16:59.8567302Z test permission_revision_check_does_not_block_database_unlock ... ok
2026-10-07T22:16:59.8567578Z 
2026-10-07T22:16:59.8567800Z test result: ok. 3 passed; 0 failed; 0 ignored; 0 measured; 0 filtered out; finished in 0.07s
2026-10-07T22:16:59.8568095Z 
2026-10-07T22:16:59.8580009Z [1m[92m     Running[0m tests/api_update_toasts.rs (target/debug/deps/api_update_toasts-1d9eefaa53d2faf3)
2026-10-07T22:16:59.8605603Z 
2026-10-07T22:16:59.8605700Z running 1 test
2026-10-07T22:16:59.9955853Z test real_cookie_header_requests_replay_qt_jobs_noops_errors_and_backend_values ... ok
2026-10-07T22:16:59.9956202Z 
2026-10-07T22:16:59.9956417Z test result: ok. 1 passed; 0 failed; 0 ignored; 0 measured; 0 filtered out; finished in 0.13s
2026-10-07T22:16:59.9956956Z 
2026-10-07T22:16:59.9966928Z [1m[92m     Running[0m tests/client_options.rs (target/debug/deps/client_options-c69f4b43ba8bb0f1)
2026-10-07T22:16:59.9994347Z 
2026-10-07T22:16:59.9994444Z running 1 test
2026-10-07T22:17:00.0346143Z test a_new_store_reports_a_new_clients_options ... ok
2026-10-07T22:17:00.0349732Z 
2026-10-07T22:17:00.0352061Z test result: ok. 1 passed; 0 failed; 0 ignored; 0 measured; 0 filtered out; finished in 0.04s
2026-10-07T22:17:00.0352455Z 
2026-10-07T22:17:00.0357044Z [1m[92m     Running[0m tests/conformance.rs (target/debug/deps/conformance-a2b837da22ab61d4)
2026-10-07T22:17:00.0384125Z 
2026-10-07T22:17:00.0384312Z running 1 test
2026-10-07T22:17:08.2611605Z test replay_recorded_scenarios ... ok
2026-10-07T22:17:08.2611823Z 
2026-10-07T22:17:08.2612141Z test result: ok. 1 passed; 0 failed; 0 ignored; 0 measured; 0 filtered out; finished in 8.22s
2026-10-07T22:17:08.2614735Z 
2026-10-07T22:17:08.2625279Z [1m[92m     Running[0m tests/delete_lock.rs (target/debug/deps/delete_lock-2462647e8c2c977b)
2026-10-07T22:17:08.2648976Z 
2026-10-07T22:17:08.2651306Z running 1 test
2026-10-07T22:17:10.7094624Z test the_delete_lock_matches_the_reference ... ok
2026-10-07T22:17:10.7095036Z 
2026-10-07T22:17:10.7095304Z test result: ok. 1 passed; 0 failed; 0 ignored; 0 measured; 0 filtered out; finished in 2.44s
2026-10-07T22:17:10.7097624Z 
2026-10-07T22:17:10.7104982Z [1m[92m     Running[0m tests/duplicate_merges.rs (target/debug/deps/duplicate_merges-4f5fdee61013e70b)
2026-10-07T22:17:10.7135436Z 
2026-10-07T22:17:10.7135664Z running 1 test
2026-10-07T22:17:11.7607157Z test merges_match_the_reference_database ... ok
2026-10-07T22:17:11.7607560Z 
2026-10-07T22:17:11.7609534Z test result: ok. 1 passed; 0 failed; 0 ignored; 0 measured; 0 filtered out; finished in 1.05s
2026-10-07T22:17:11.7610212Z 
2026-10-07T22:17:11.7622746Z [1m[92m     Running[0m tests/oracle_downloads.rs (target/debug/deps/oracle_downloads-786afc00e03b0f69)
2026-10-07T22:17:11.7650341Z 
2026-10-07T22:17:11.7650518Z running 1 test
2026-10-07T22:17:50.2343173Z test the_downloader_does_what_the_reference_did ... ok
2026-10-07T22:17:50.2345763Z 
2026-10-07T22:17:50.2346034Z test result: ok. 1 passed; 0 failed; 0 ignored; 0 measured; 0 filtered out; finished in 38.47s
2026-10-07T22:17:50.2348149Z 
2026-10-07T22:17:50.2364204Z [1m[92m     Running[0m tests/pages.rs (target/debug/deps/pages-7cfa37476cea956a)
2026-10-07T22:17:50.2390679Z 
2026-10-07T22:17:50.2390854Z running 7 tests
2026-10-07T22:17:50.4685228Z test a_store_without_pages_has_a_top_notebook_that_keeps_its_key ... ok
2026-10-07T22:17:50.4697100Z test a_pages_selection_is_reported ... ok
2026-10-07T22:17:50.4726866Z test a_url_pages_importer_is_described_as_the_references ... ok
2026-10-07T22:17:50.4786931Z test gallery_and_watcher_pages_importers_are_described_as_the_references ... ok
2026-10-07T22:17:50.6080265Z test media_viewers_are_the_open_clients ... ok
2026-10-07T22:17:50.6085248Z test the_selected_pages_lead_to_the_page_shown ... ok
2026-10-07T22:17:50.6103142Z test what_is_asked_waits_for_an_open_client ... ok
2026-10-07T22:17:50.6105478Z 
2026-10-07T22:17:50.6105670Z test result: ok. 7 passed; 0 failed; 0 ignored; 0 measured; 0 filtered out; finished in 0.37s
2026-10-07T22:17:50.6107776Z 
2026-10-07T22:17:50.6125789Z [1m[92m     Running[0m tests/popup_actions.rs (target/debug/deps/popup_actions-bddb1ddce4b64b4e)
2026-10-07T22:17:50.6152682Z 
2026-10-07T22:17:50.6152821Z running 1 test
2026-10-07T22:17:50.6480727Z test callable_dispatch_requires_permission_and_a_current_producer_and_reports_its_label ... ok
2026-10-07T22:17:50.6481160Z 
2026-10-07T22:17:50.6483312Z test result: ok. 1 passed; 0 failed; 0 ignored; 0 measured; 0 filtered out; finished in 0.03s
2026-10-07T22:17:50.6483695Z 
2026-10-07T22:17:50.6490203Z [1m[92m     Running[0m tests/rating_svg.rs (target/debug/deps/rating_svg-1a12785f54287bc2)
2026-10-07T22:17:50.6516504Z 
2026-10-07T22:17:50.6518615Z running 1 test
2026-10-07T22:17:50.7381198Z test rating_svgs_are_served_as_the_reference_serves_them ... ok
2026-10-07T22:17:50.7383773Z 
2026-10-07T22:17:50.7384161Z test result: ok. 1 passed; 0 failed; 0 ignored; 0 measured; 0 filtered out; finished in 0.09s
2026-10-07T22:17:50.7386528Z 
2026-10-07T22:17:50.7392504Z [1m[92m     Running[0m tests/render.rs (target/debug/deps/render-8d1e46a3c050b8c1)
2026-10-07T22:17:50.7421324Z 
2026-10-07T22:17:50.7421471Z running 2 tests
2026-10-07T22:17:50.9467830Z test ugoiras_render_as_the_reference_renders_them ... ok
2026-10-07T22:17:50.9954375Z test renders_match_the_reference ... ok
2026-10-07T22:17:50.9954687Z 
2026-10-07T22:17:50.9956931Z test result: ok. 2 passed; 0 failed; 0 ignored; 0 measured; 0 filtered out; finished in 0.25s
2026-10-07T22:17:50.9957260Z 
2026-10-07T22:17:50.9970737Z [1m[92m     Running[0m tests/url_class_search.rs (target/debug/deps/url_class_search-a64e57bd728760e3)
2026-10-07T22:17:50.9996948Z 
2026-10-07T22:17:50.9997059Z running 1 test
2026-10-07T22:17:51.1528992Z test url_class_searches_match_the_reference ... ok
2026-10-07T22:17:51.1531375Z 
2026-10-07T22:17:51.1531566Z test result: ok. 1 passed; 0 failed; 0 ignored; 0 measured; 0 filtered out; finished in 0.15s
2026-10-07T22:17:51.1531835Z 
2026-10-07T22:17:51.1544994Z [1m[92m     Running[0m unittests src/main.rs (target/debug/deps/hydrus-a98ffeefb679781a)
2026-10-07T22:17:51.1560165Z 
2026-10-07T22:17:51.1560309Z running 7 tests
2026-10-07T22:17:51.1570108Z test client_api_listener::tests::cli_overrides_and_unsupported_https_are_explicit ... ok
2026-10-07T22:17:51.2172618Z test physical_deletes::tests::dropping_owner_wakes_idle_task_and_releases_store_without_restart ... ok
2026-10-07T22:17:51.2174994Z test folder_wait::tests::manager_finishing_between_worker_and_wait_cannot_lose_its_wakeup ... ok
2026-10-07T22:17:51.2178088Z test tests::one_process_at_a_time_does_what_serve_does ... ok
2026-10-07T22:17:51.2356818Z test trash_maintenance::tests::dropping_owner_wakes_idle_task_and_releases_store_without_restart ... ok
2026-10-07T22:17:51.4172617Z test folder_wait::tests::an_already_seen_active_request_does_not_spin_the_scheduler ... ok
2026-10-07T22:17:55.2195219Z test folder_wait::tests::manager_acquisition_and_release_interrupt_the_real_scheduler_rest ... ok
2026-10-07T22:17:55.2195528Z 
2026-10-07T22:17:55.2198325Z test result: ok. 7 passed; 0 failed; 0 ignored; 0 measured; 0 filtered out; finished in 4.06s
2026-10-07T22:17:55.2198539Z 
2026-10-07T22:17:55.2207376Z [1m[92m     Running[0m tests/serve.rs (target/debug/deps/serve-76e300e8fadb762b)
2026-10-07T22:17:55.2222766Z 
2026-10-07T22:17:55.2254077Z running 10 tests
2026-10-07T22:17:56.0427744Z test attached_it_stops_when_its_input_closes ... ok
2026-10-07T22:17:57.5529573Z test a_client_api_that_cant_listen_stops_nothing_else ... ok
2026-10-07T22:17:57.5730897Z test a_download_is_published_as_it_goes_and_can_be_cancelled ... ok
2026-10-07T22:17:58.9128891Z test service_edits_reach_the_running_client_api_without_a_restart ... ok
2026-10-07T22:17:58.9265569Z test queues_another_process_nudges_are_worked_on_at_once ... ok
2026-10-07T22:18:01.0635214Z test changed_options_apply_without_a_restart ... ok
2026-10-07T22:18:01.0897359Z test unattached_it_runs_on_without_input ... ok
2026-10-07T22:18:02.2638976Z test client_api_listener_reconfigures_recovers_and_preserves_daemon_state ... ok
2026-10-07T22:18:03.2570569Z test urls_typed_into_a_page_are_added_and_a_closed_pages_queue_waits ... ok
2026-10-07T22:18:03.2744199Z test with_no_port_there_is_no_client_api ... ok
2026-10-07T22:18:03.2744435Z 
2026-10-07T22:18:03.2746486Z test result: ok. 10 passed; 0 failed; 0 ignored; 0 measured; 0 filtered out; finished in 8.05s
2026-10-07T22:18:03.2746835Z 
2026-10-07T22:18:03.2762560Z [1m[92m     Running[0m unittests src/lib.rs (target/debug/deps/hydrus_core-f9d70ba98334c7ca)
2026-10-07T22:18:03.2774890Z 
2026-10-07T22:18:03.2775068Z running 89 tests
2026-10-07T22:18:03.2777719Z test bandwidth::tests::calendar_buckets_are_utc ... ok
2026-10-07T22:18:03.2780137Z test bandwidth::tests::a_one_per_second_rule_waits_for_the_next_second ... ok
2026-10-07T22:18:03.2782884Z test bandwidth::tests::a_daily_limit_holds_until_usage_ages_out ... ok
2026-10-07T22:18:03.2785447Z test bandwidth::tests::gallery_tokens_space_out_each_site ... ok
2026-10-07T22:18:03.2788235Z test casefold::tests::the_table_is_sorted ... ok
2026-10-07T22:18:03.2791195Z test bandwidth::tests::specific_rules_replace_the_default ... ok
2026-10-07T22:18:03.2794536Z test casefold::tests::folds_as_python_does ... ok
2026-10-07T22:18:03.2804063Z test hash::tests::hex_round_trip ... ok
2026-10-07T22:18:03.2804485Z test hash::tests::perceptual_distance ... ok
2026-10-07T22:18:03.2809406Z test hash::tests::rejects_bad_hashes ... ok
2026-10-07T22:18:03.2811756Z test import_options::tests::layers_most_specific_first ... ok
2026-10-07T22:18:03.2814342Z test import_options::tests::presentation_shows_files_as_the_reference_s_does ... ok
2026-10-07T22:18:03.2816927Z test import_options::tests::vetoes_like_the_reference ... ok
2026-10-07T22:18:03.2819598Z test lock::tests::only_the_password_opens_a_lock ... ok
2026-10-07T22:18:03.2820218Z test media_viewer::tests::mpv_video_defaults_fit_the_canvas_and_keep_regular_zoom_steps ... ok
2026-10-07T22:18:03.2822956Z test mime::tests::serde_uses_integer_codes ... ok
2026-10-07T22:18:03.2825885Z test content::tests::timestamp_codes_match_reference_implementation ... ok
2026-10-07T22:18:03.2828692Z test content::tests::canvas_codes_match_reference_implementation ... ok
2026-10-07T22:18:03.2831206Z test numbers::tests::groups_thousands ... ok
2026-10-07T22:18:03.2833336Z test numbers::tests::percentages ... ok
2026-10-07T22:18:03.2836015Z test numbers::tests::sizes_read_like_the_reference ... ok
2026-10-07T22:18:03.2836541Z test mime::tests::table_matches_reference_implementation ... ok
2026-10-07T22:18:03.2840294Z test pages::tests::names_for_menus_have_their_counts_and_elide_in_the_middle ... ok
2026-10-07T22:18:03.2847275Z test pages::tests::a_session_round_trips_through_json ... ok
2026-10-07T22:18:03.2849673Z test pybytes::tests::base64_like_python ... ok
2026-10-07T22:18:03.2852477Z test pybytes::tests::hex_like_python ... ok
2026-10-07T22:18:03.2874597Z test pyhtml::tests::unescapes_like_python ... ok
2026-10-07T22:18:03.2875150Z test pages::tests::pages_have_the_references_page_types ... ok
2026-10-07T22:18:03.2880327Z test pyjson::tests::floats_round_trip_through_python_repr ... ok
2026-10-07T22:18:03.2880868Z test pyjson::tests::parses_what_python_accepts ... ok
2026-10-07T22:18:03.2883242Z test pyjson::tests::python_float_repr ... ok
2026-10-07T22:18:03.2886309Z test pyjson::tests::python_string_escapes ... ok
2026-10-07T22:18:03.2888862Z test pyjson::tests::rejects_what_python_rejects ... ok
2026-10-07T22:18:03.2892057Z test content::tests::codes_match_reference_implementation ... ok
2026-10-07T22:18:03.2894351Z test pyjson::tests::round_trips_reference_style_documents ... ok
2026-10-07T22:18:03.2897123Z test search::context::tests::defaults_match_the_client_api ... ok
2026-10-07T22:18:03.2899292Z test search::number::tests::number_tests_render_like_the_reference ... ok
2026-10-07T22:18:03.2904204Z test search::recent::mixed_tests::old_system_history_decodes_and_simple_edits_keep_newest_five_per_type ... ok
2026-10-07T22:18:03.2906689Z test search::recent::tests::pushed_predicates_are_kept_as_the_reference_keeps_them ... ok
2026-10-07T22:18:03.2909321Z test search::recent::tests::widths_and_heights_are_types_13_and_14 ... ok
2026-10-07T22:18:03.2911724Z test search::time::tests::renders_deltas ... ok
2026-10-07T22:18:03.2914289Z test search::time::tests::validates_dates ... ok
2026-10-07T22:18:03.2916827Z test service::tests::builtin_keys_render_readably ... ok
2026-10-07T22:18:03.2917332Z test search::context::tests::all_known_files_absorbs_other_domains ... ok
2026-10-07T22:18:03.2919804Z test sort::tests::matches_recorded_clean_tags_order ... ok
2026-10-07T22:18:03.2922485Z test sort::tests::numbers_sort_numerically_and_before_text ... ok
2026-10-07T22:18:03.2925242Z test sort::tests::unicode_decimal_chunks_precede_letters_but_keep_ascii_split_boundaries ... ok
2026-10-07T22:18:03.2927915Z test subscriptions::tests::checks_follow_file_velocity ... ok
2026-10-07T22:18:03.2930116Z test service::tests::table_matches_reference_implementation ... ok
2026-10-07T22:18:03.2938061Z test pyjson::tests::strings_round_trip ... ok
2026-10-07T22:18:03.2945263Z test tag::tests::combine_round_trips ... ok
2026-10-07T22:18:03.2965171Z test tag_filter::tests::specific_rules_win ... ok
2026-10-07T22:18:03.2967521Z test tag::tests::cleaning_is_idempotent ... ok
2026-10-07T22:18:03.2976632Z test tag_presentation::tests::decimals_are_python_s ... ok
2026-10-07T22:18:03.2980069Z test tag_presentation::tests::rows_take_their_namespace_s_colour ... ok
2026-10-07T22:18:03.2982355Z test tag_sort::tests::counts_sort_with_a_to_z_among_equals ... ok
2026-10-07T22:18:03.2985619Z test tag_sort::tests::the_default_groups_by_the_users_namespaces ... ok
2026-10-07T22:18:03.2986201Z test tag_summary::tests::the_defaults_summarise_as_their_examples_say ... ok
2026-10-07T22:18:03.2988690Z test thumbnail::tests::matches_recorded_thumbnail_sizes ... ok
2026-10-07T22:18:03.2991156Z test time::tests::conversions ... ok
2026-10-07T22:18:03.2994295Z test time::tests::durations_as_the_reference_words_them ... ok
2026-10-07T22:18:03.2996793Z test time::tests::scanbar_timestamps_as_the_reference_writes_them ... ok
2026-10-07T22:18:03.3005793Z test test_fixtures::versions_match_reference_implementation ... ok
2026-10-07T22:18:03.3008419Z test tag::tests::cleaning_matches_reference_implementation ... ok
2026-10-07T22:18:03.3024527Z test time::tests::spans_as_the_reference_words_them ... ok
2026-10-07T22:18:03.3044307Z test url::class::tests::url_types_serialise_as_codes ... ok
2026-10-07T22:18:03.3058473Z test url::functions::tests::components_encode_without_double_encoding ... ok
2026-10-07T22:18:03.3077173Z test url::functions::tests::queries_round_trip_in_order ... ok
2026-10-07T22:18:03.3079725Z test url::functions::tests::urls_encode_like_the_reference ... ok
2026-10-07T22:18:03.3082021Z test url::gug::tests::terms_are_encoded_for_where_they_go ... ok
2026-10-07T22:18:03.3086748Z test url::class::tests::classes_match_and_normalise ... ok
2026-10-07T22:18:03.3090627Z test url::psl::tests::punycode_decodes ... ok
2026-10-07T22:18:03.3091077Z test url::pyurl::tests::joins_like_python ... ok
2026-10-07T22:18:03.3093361Z test url::pyurl::tests::quotes_like_python ... ok
2026-10-07T22:18:03.3095663Z test url::pyurl::tests::splits_like_python ... ok
2026-10-07T22:18:03.3098132Z test url::pyurl::urljoin_tests::joins_like_python ... ok
2026-10-07T22:18:03.3100373Z test url::registry::tests::known_urls_are_classified ... ok
2026-10-07T22:18:03.3103286Z test url::registry::tests::unknown_urls_are_just_encoded ... ok
2026-10-07T22:18:03.3105808Z test url::string_dates::tests::date_conversions_match_direct_reference_execution ... ok
2026-10-07T22:18:03.3108377Z test url::string_dates::tests::local_encode_uses_current_offset_and_naive_timezone_fields ... ok
2026-10-07T22:18:03.3109106Z test url::string_dates::tests::local_names_and_dst_boundaries_match_recorded_reference_platform ... ok
2026-10-07T22:18:03.3112309Z test url::strings::tests::converts_like_the_reference ... ok
2026-10-07T22:18:03.3114612Z test url::strings::tests::matches_like_the_reference ... ok
2026-10-07T22:18:03.3116776Z test url::strings::tests::processes_pipelines ... ok
2026-10-07T22:18:03.3119079Z test watchers::tests::a_new_watcher_checks_at_once_and_a_quiet_thread_dies ... ok
2026-10-07T22:18:03.3121626Z test windows::tests::a_saved_frame_keeps_what_it_remembers ... ok
2026-10-07T22:18:03.3137599Z test url::functions::tests::www_is_removed_from_subdomains_only ... ok
2026-10-07T22:18:03.3213765Z test notes::tests::merges_like_the_reference ... ok
2026-10-07T22:18:03.3383592Z test url::psl::tests::matches_the_reference ... ok
2026-10-07T22:18:03.3386278Z 
2026-10-07T22:18:03.3386460Z test result: ok. 89 passed; 0 failed; 0 ignored; 0 measured; 0 filtered out; finished in 0.06s
2026-10-07T22:18:03.3389297Z 
2026-10-07T22:18:03.3391070Z [1m[92m     Running[0m tests/bandwidth.rs (target/debug/deps/bandwidth-3c01215f483d22ff)
2026-10-07T22:18:03.3402199Z 
2026-10-07T22:18:03.3402307Z running 2 tests
2026-10-07T22:18:03.4263050Z test the_manager_starts_requests_as_the_reference_does ... ok
2026-10-07T22:18:03.4271711Z test trackers_count_and_rules_judge_as_the_reference_does ... ok
2026-10-07T22:18:03.4271985Z 
2026-10-07T22:18:03.4274070Z test result: ok. 2 passed; 0 failed; 0 ignored; 0 measured; 0 filtered out; finished in 0.09s
2026-10-07T22:18:03.4274399Z 
2026-10-07T22:18:03.4274902Z [1m[92m     Running[0m tests/string_steps.rs (target/debug/deps/string_steps-dc4bf33c1d3cd7c7)
2026-10-07T22:18:03.4285533Z 
2026-10-07T22:18:03.4285807Z running 1 test
2026-10-07T22:18:03.4288293Z test a_tag_filter_step_stored_without_its_example_still_loads ... ok
2026-10-07T22:18:03.4291387Z 
2026-10-07T22:18:03.4291592Z test result: ok. 1 passed; 0 failed; 0 ignored; 0 measured; 0 filtered out; finished in 0.00s
2026-10-07T22:18:03.4291856Z 
2026-10-07T22:18:03.4294101Z [1m[92m     Running[0m tests/tab_names.rs (target/debug/deps/tab_names-756fb4aab8a976f6)
2026-10-07T22:18:03.4299943Z 
2026-10-07T22:18:03.4302025Z running 2 tests
2026-10-07T22:18:03.4538572Z test a_new_clients_settings_are_the_references ... ok
2026-10-07T22:18:03.4556290Z test tabs_are_named_as_the_reference_names_them ... ok
2026-10-07T22:18:03.4558797Z 
2026-10-07T22:18:03.4559007Z test result: ok. 2 passed; 0 failed; 0 ignored; 0 measured; 0 filtered out; finished in 0.03s
2026-10-07T22:18:03.4561107Z 
2026-10-07T22:18:03.4562936Z [1m[92m     Running[0m tests/tag_rendering.rs (target/debug/deps/tag_rendering-0820c890978258d1)
2026-10-07T22:18:03.4572520Z 
2026-10-07T22:18:03.4572701Z running 1 test
2026-10-07T22:18:03.4581129Z test tags_render_as_the_reference_renders_them ... ok
2026-10-07T22:18:03.4583463Z 
2026-10-07T22:18:03.4583676Z test result: ok. 1 passed; 0 failed; 0 ignored; 0 measured; 0 filtered out; finished in 0.00s
2026-10-07T22:18:03.4584058Z 
2026-10-07T22:18:03.4586228Z [1m[92m     Running[0m tests/watcher_checker.rs (target/debug/deps/watcher_checker-d834b887e760c8d7)
2026-10-07T22:18:03.4590171Z 
2026-10-07T22:18:03.4592284Z running 2 tests
2026-10-07T22:18:03.4594276Z test the_same_checker_options_change_nothing ... ok
2026-10-07T22:18:03.4599506Z test checker_options_set_on_a_watcher_act_as_the_references ... ok
2026-10-07T22:18:03.4599850Z 
2026-10-07T22:18:03.4602304Z test result: ok. 2 passed; 0 failed; 0 ignored; 0 measured; 0 filtered out; finished in 0.00s
2026-10-07T22:18:03.4602559Z 
2026-10-07T22:18:03.4602832Z [1m[92m     Running[0m unittests src/lib.rs (target/debug/deps/hydrus_download-719e6038deb07182)
2026-10-07T22:18:03.4614087Z 
2026-10-07T22:18:03.4614337Z running 16 tests
2026-10-07T22:18:03.4619071Z test folders::tests::integers_parse_as_python_parses_them ... ok
2026-10-07T22:18:03.4621521Z test export::tests::paths_normalise_as_python_normalises_them ... ok
2026-10-07T22:18:03.5248305Z test popups::tests::completed_deadline_survives_producer_drop_and_uses_strict_stored_boundary ... ok
2026-10-07T22:18:03.5258323Z test popups::tests::a_working_popup_says_what_its_downloads_importer_says_after_a_prefix ... ok
2026-10-07T22:18:03.5593708Z test popups::tests::concurrent_pollers_cannot_overtake_a_reentrant_callable_removal ... ok
2026-10-07T22:18:03.5609283Z test popups::tests::current_callable_is_reentrant_and_removal_invalidates_later_queued_calls ... ok
2026-10-07T22:18:03.5925212Z test popups::tests::gui_retirement_during_the_first_callable_invalidates_later_claimed_calls ... ok
2026-10-07T22:18:03.5955315Z test seeds::timestamp_editor_tests::recorded_saved_timestamp_parser_and_date_conversion_reach_actual_file_seeds ... ok
2026-10-07T22:18:03.6325188Z test subscriptions::tests::manager_admission_replays_reference_due_pause_live_limits_and_single_flight ... ok
2026-10-07T22:18:03.6332302Z test subscriptions::tests::outer_typed_exception_budget_replays_recorded_classes_and_reset ... ok
2026-10-07T22:18:03.6334967Z test subscriptions::tests::presented_files_are_labelled_as_the_reference_labels_them ... ok
2026-10-07T22:18:03.6337927Z test work_slots::tests::capacities_keep_running_counts_across_reference_lower_raise_and_release ... ok
2026-10-07T22:18:03.6340701Z test work_slots::tests::independent_categories_and_aborted_owners_release_only_their_permit ... ok
2026-10-07T22:18:03.7780193Z test popups::tests::a_working_popup_keeps_the_store_up_to_date_and_hears_a_cancel ... ok
2026-10-07T22:18:03.8480901Z test popups::tests::finished_callable_dispatches_between_independent_store_handles_and_releases_its_owner ... ok
2026-10-07T22:18:04.2805123Z test popups::tests::a_callable_added_after_finish_restarts_the_single_weak_poller ... ok
2026-10-07T22:18:04.2805398Z 
2026-10-07T22:18:04.2807374Z test result: ok. 16 passed; 0 failed; 0 ignored; 0 measured; 0 filtered out; finished in 0.82s
2026-10-07T22:18:04.2807633Z 
2026-10-07T22:18:04.2820330Z [1m[92m     Running[0m tests/export_folder.rs (target/debug/deps/export_folder-fd9119514f499d37)
2026-10-07T22:18:04.2853705Z 
2026-10-07T22:18:04.2854281Z running 1 test
2026-10-07T22:18:04.4165216Z test export_folders_do_what_the_reference_did ... ok
2026-10-07T22:18:04.4165461Z 
2026-10-07T22:18:04.4165689Z test result: ok. 1 passed; 0 failed; 0 ignored; 0 measured; 0 filtered out; finished in 0.13s
2026-10-07T22:18:04.4168365Z 
2026-10-07T22:18:04.4171836Z [1m[92m     Running[0m tests/folder_activity.rs (target/debug/deps/folder_activity-1953ae6de1ce1590)
2026-10-07T22:18:04.4195500Z 
2026-10-07T22:18:04.4195682Z running 2 tests
2026-10-07T22:18:04.4468097Z test successful_manager_apply_resets_due_cache_but_cancel_does_not ... ok
2026-10-07T22:18:04.5005407Z test active_import_finishes_its_commit_before_the_manager_reads_and_stops_before_next_seed ... ok
2026-10-07T22:18:04.5005714Z 
2026-10-07T22:18:04.5007879Z test result: ok. 2 passed; 0 failed; 0 ignored; 0 measured; 0 filtered out; finished in 0.08s
2026-10-07T22:18:04.5008151Z 
2026-10-07T22:18:04.5015465Z [1m[92m     Running[0m tests/import_folder.rs (target/debug/deps/import_folder-9facbabf5cc68cea)
2026-10-07T22:18:04.5036343Z 
2026-10-07T22:18:04.5036501Z running 1 test
2026-10-07T22:18:04.9287659Z test an_import_folder_does_what_the_reference_did ... ok
2026-10-07T22:18:04.9289906Z 
2026-10-07T22:18:04.9290155Z test result: ok. 1 passed; 0 failed; 0 ignored; 0 measured; 0 filtered out; finished in 0.43s
2026-10-07T22:18:04.9290495Z 
2026-10-07T22:18:04.9300445Z [1m[92m     Running[0m tests/local_import.rs (target/debug/deps/local_import-562283ad56ca1cb7)
2026-10-07T22:18:04.9321615Z 
2026-10-07T22:18:04.9324057Z running 2 tests
2026-10-07T22:18:05.1847892Z test saved_existing_tag_filter_reaches_real_file_importer_for_parsed_and_additional_tags ... ok
2026-10-07T22:18:05.3322304Z test a_local_import_imports_its_files ... ok
2026-10-07T22:18:05.3322560Z 
2026-10-07T22:18:05.3325899Z test result: ok. 2 passed; 0 failed; 0 ignored; 0 measured; 0 filtered out; finished in 0.40s
2026-10-07T22:18:05.3326164Z 
2026-10-07T22:18:05.3340418Z [1m[92m     Running[0m tests/simple_downloader.rs (target/debug/deps/simple_downloader-b96d8144d503307d)
2026-10-07T22:18:05.3361372Z 
2026-10-07T22:18:05.3363610Z running 1 test
2026-10-07T22:18:11.4111730Z test a_simple_downloader_parses_its_pages_for_files ... ok
2026-10-07T22:18:11.4113983Z 
2026-10-07T22:18:11.4114193Z test result: ok. 1 passed; 0 failed; 0 ignored; 0 measured; 0 filtered out; finished in 6.07s
2026-10-07T22:18:11.4114412Z 
2026-10-07T22:18:11.4125675Z [1m[92m     Running[0m tests/subscriptions.rs (target/debug/deps/subscriptions-add8ba1c743d82c6)
2026-10-07T22:18:11.4147501Z 
2026-10-07T22:18:11.4150703Z running 11 tests
2026-10-07T22:18:11.5015311Z test a_subscription_with_no_import_destination_waits_out_its_error_delay ... ok
2026-10-07T22:18:11.5376965Z test a_subscription_without_its_downloader_pauses ... ok
2026-10-07T22:18:11.5856151Z test a_subscription_syncs_catches_up_and_downloads ... ok
2026-10-07T22:18:12.9087998Z test a_subscription_shows_what_it_does_in_a_popup_which_can_cancel_it ... ok
2026-10-07T22:18:14.6296221Z test handled_http_and_missing_file_failures_do_not_spend_the_outer_error_budget ... ok
2026-10-07T22:18:16.0781697Z test a_subscription_stops_when_its_bandwidth_runs_out ... ok
2026-10-07T22:18:16.6188531Z test subscription_runner_bounds_real_http_overlap_and_reloads_live_limit ... ok
2026-10-07T22:18:16.6926417Z test subscriptions_wait_while_paused_globally ... ok
2026-10-07T22:18:17.1459926Z test subscription_runner_cancels_selected_peer_and_joins_all_on_shutdown ... ok
2026-10-07T22:18:21.6390492Z test escaped_query_tag_errors_count_across_queries_delay_persist_and_reset_next_run ... ok
2026-10-07T22:18:27.9805903Z test none_disables_abandonment_for_real_escaped_store_failures ... ok
2026-10-07T22:18:27.9808217Z 
2026-10-07T22:18:27.9808574Z test result: ok. 11 passed; 0 failed; 0 ignored; 0 measured; 0 filtered out; finished in 16.57s
2026-10-07T22:18:27.9810872Z 
2026-10-07T22:18:27.9834721Z [1m[92m     Running[0m tests/url_queue.rs (target/debug/deps/url_queue-4cfc93f519303c85)
2026-10-07T22:18:27.9859436Z 
2026-10-07T22:18:27.9861978Z running 11 tests
2026-10-07T22:18:28.0982817Z test a_refusal_from_a_site_hydrus_logged_in_to_says_why ... ok
2026-10-07T22:18:28.1027979Z test a_queue_with_no_import_destination_pauses_its_files ... ok
2026-10-07T22:18:28.1935894Z test existing_downloader_uses_edited_parser_and_new_link_after_reload ... ok
2026-10-07T22:18:28.2135064Z test a_gallery_url_in_a_url_queue_queues_its_posts ... ok
2026-10-07T22:18:28.2958625Z test missing_files_download_again_in_their_own_queue ... ok
2026-10-07T22:18:28.4428171Z test a_url_queue_downloads_posts_and_files ... ok
2026-10-07T22:18:29.2480251Z test files_import_while_later_gallery_pages_are_read ... ok
2026-10-07T22:18:29.3828577Z test running_gallery_searches_pick_up_capacity_growth_and_release_on_error ... ok
2026-10-07T22:18:29.8758295Z test queues_wait_while_their_downloads_are_paused_globally ... ok
2026-10-07T22:18:30.3477020Z test running_file_queues_keep_limits_when_lowered_and_release_on_cancel_or_owner_close ... ok
2026-10-07T22:18:31.2205095Z test a_file_that_fails_does_not_hold_up_the_rest_of_its_queue ... ok
2026-10-07T22:18:31.2207270Z 
2026-10-07T22:18:31.2207487Z test result: ok. 11 passed; 0 failed; 0 ignored; 0 measured; 0 filtered out; finished in 3.23s
2026-10-07T22:18:31.2209606Z 
2026-10-07T22:18:31.2231495Z [1m[92m     Running[0m tests/watchers.rs (target/debug/deps/watchers-4e881ee2f9ba51c0)
2026-10-07T22:18:31.2253703Z 
2026-10-07T22:18:31.2253965Z running 2 tests
2026-10-07T22:18:31.5580415Z test watcher_checks_share_their_own_live_capacity_and_owner_close_releases_it ... ok
2026-10-07T22:18:31.5710155Z test a_watcher_follows_a_thread_until_it_404s ... ok
2026-10-07T22:18:31.5710395Z 
2026-10-07T22:18:31.5712437Z test result: ok. 2 passed; 0 failed; 0 ignored; 0 measured; 0 filtered out; finished in 0.35s
2026-10-07T22:18:31.5712697Z 
2026-10-07T22:18:31.5725625Z [1m[92m     Running[0m unittests src/lib.rs (target/debug/deps/hydrus_downloader_exchange-387aa4339aba58a5)
2026-10-07T22:18:31.5734372Z 
2026-10-07T22:18:31.5736398Z running 0 tests
2026-10-07T22:18:31.5736659Z 
2026-10-07T22:18:31.5738617Z test result: ok. 0 passed; 0 failed; 0 ignored; 0 measured; 0 filtered out; finished in 0.00s
2026-10-07T22:18:31.5738841Z 
2026-10-07T22:18:31.5739182Z [1m[92m     Running[0m tests/external_calls.rs (target/debug/deps/external_calls-db71cefa47fd1380)
2026-10-07T22:18:31.5744941Z 
2026-10-07T22:18:31.5745073Z running 2 tests
2026-10-07T22:18:31.5755476Z test import_rejects_wrong_classes_and_mixed_invalid_packages_before_staging_any_call ... ok
2026-10-07T22:18:31.5764050Z test actual_qt_callable_exports_and_manager_round_trip_without_losing_identity_or_process_options ... ok
2026-10-07T22:18:31.5764362Z 
2026-10-07T22:18:31.5767499Z test result: ok. 2 passed; 0 failed; 0 ignored; 0 measured; 0 filtered out; finished in 0.00s
2026-10-07T22:18:31.5767884Z 
2026-10-07T22:18:31.5769931Z [1m[92m     Running[0m tests/import_options.rs (target/debug/deps/import_options-7b4903190ee4496d)
2026-10-07T22:18:31.5775812Z 
2026-10-07T22:18:31.5777695Z running 2 tests
2026-10-07T22:18:31.5799959Z test wrong_objects_and_future_versions_are_rejected ... ok
2026-10-07T22:18:31.5825607Z test recorded_containers_round_trip_all_native_fields_and_pngs ... ok
2026-10-07T22:18:31.5827977Z 
2026-10-07T22:18:31.5828214Z test result: ok. 2 passed; 0 failed; 0 ignored; 0 measured; 0 filtered out; finished in 0.00s
2026-10-07T22:18:31.5830389Z 
2026-10-07T22:18:31.5830846Z [1m[92m     Running[0m tests/interchange.rs (target/debug/deps/interchange-7c501c96060a5a65)
2026-10-07T22:18:31.5840061Z 
2026-10-07T22:18:31.5844244Z running 12 tests
2026-10-07T22:18:31.5886870Z test malformed_old_versions_return_errors_before_any_package_can_be_staged ... ok
2026-10-07T22:18:31.5934172Z test formula_metadata_survives_native_serialization_and_edits_take_precedence ... ok
2026-10-07T22:18:31.5934965Z test date_conversions_keep_reference_codes_through_definition_exchange ... ok
2026-10-07T22:18:31.5954181Z test old_plain_json_png_is_still_importable ... ok
2026-10-07T22:18:31.5984231Z test authored_static_formulas_roundtrip ... ok
2026-10-07T22:18:31.6034416Z test older_formats_upgrade_or_reject_without_partial_packages ... ok
2026-10-07T22:18:31.6133460Z test registered_mixed_login_package_preserves_json_png_rules_and_rejects_partial_decoding ... ok
2026-10-07T22:18:31.6147369Z test selected_processing_steps_match_qt_clipboard_and_png_exports ... ok
2026-10-07T22:18:31.6215592Z test subsidiary_contexts_follow_stable_page_keys_when_children_are_sorted_and_renamed ... ok
2026-10-07T22:18:31.6275076Z test malformed_png_and_compression_never_allocate_unbounded_data ... ok
2026-10-07T22:18:31.6310342Z test reference_json_and_real_png_roundtrip_without_losing_subsidiary_or_editor_data ... ok
2026-10-07T22:18:31.7864649Z test maximum_documented_definition_count_roundtrips_and_the_next_one_is_rejected ... ok
2026-10-07T22:18:31.7864936Z 
2026-10-07T22:18:31.7865153Z test result: ok. 12 passed; 0 failed; 0 ignored; 0 measured; 0 filtered out; finished in 0.20s
2026-10-07T22:18:31.7867576Z 
2026-10-07T22:18:31.7875937Z [1m[92m     Running[0m tests/logins.rs (target/debug/deps/logins-6694205e2d660d71)
2026-10-07T22:18:31.7888456Z 
2026-10-07T22:18:31.7888630Z running 3 tests
2026-10-07T22:18:31.7919125Z test native_veto_default_matcher_uses_python_constructor_empty_match_value ... ok
2026-10-07T22:18:31.7930177Z test login_validation_matches_python_and_rejects_mixed_packages_atomically ... ok
2026-10-07T22:18:31.7939669Z test login_scripts_preserve_reference_fields_and_upgrade_cookie_names ... ok
2026-10-07T22:18:31.7939907Z 
2026-10-07T22:18:31.7941983Z test result: ok. 3 passed; 0 failed; 0 ignored; 0 measured; 0 filtered out; finished in 0.00s
2026-10-07T22:18:31.7942322Z 
2026-10-07T22:18:31.7942638Z [1m[92m     Running[0m tests/routers.rs (target/debug/deps/routers-02bff1b84c1c63a6)
2026-10-07T22:18:31.7950526Z 
2026-10-07T22:18:31.7950692Z running 3 tests
2026-10-07T22:18:31.7993002Z test router_exchange_rejects_incompatible_or_lossy_packages_atomically ... ok
2026-10-07T22:18:31.8043630Z test recorded_router_queues_preserve_editor_fields_and_reference_png ... ok
2026-10-07T22:18:31.8046517Z test inspected_packages_preserve_routers_with_recognised_other_objects ... ok
2026-10-07T22:18:31.8046771Z 
2026-10-07T22:18:31.8048733Z test result: ok. 3 passed; 0 failed; 0 ignored; 0 measured; 0 filtered out; finished in 0.01s
2026-10-07T22:18:31.8049038Z 
2026-10-07T22:18:31.8053369Z [1m[92m     Running[0m tests/seed_caches.rs (target/debug/deps/seed_caches-26026f4ceba054aa)
2026-10-07T22:18:31.8065022Z 
2026-10-07T22:18:31.8067193Z running 2 tests
2026-10-07T22:18:31.8327369Z test unsafe_or_malformed_history_fails_explicitly_without_truncating_a_package ... ok
2026-10-07T22:18:31.8337133Z test historical_cache_versions_replay_exact_qt_history_headers_and_list_exports ... ok
2026-10-07T22:18:31.8339414Z 
2026-10-07T22:18:31.8339625Z test result: ok. 2 passed; 0 failed; 0 ignored; 0 measured; 0 filtered out; finished in 0.03s
2026-10-07T22:18:31.8342649Z 
2026-10-07T22:18:31.8343087Z [1m[92m     Running[0m tests/subscription_import.rs (target/debug/deps/subscription_import-b92417f73e019e86)
2026-10-07T22:18:31.8355080Z 
2026-10-07T22:18:31.8355256Z running 2 tests
2026-10-07T22:18:31.8446073Z test recorded_nested_packages_warn_after_preserving_complete_permitted_objects ... ok
2026-10-07T22:18:31.8471798Z test future_nested_objects_and_limits_fail_before_any_list_objects_are_returned ... ok
2026-10-07T22:18:31.8472212Z 
2026-10-07T22:18:31.8474184Z test result: ok. 2 passed; 0 failed; 0 ignored; 0 measured; 0 filtered out; finished in 0.01s
2026-10-07T22:18:31.8477597Z 
2026-10-07T22:18:31.8479971Z [1m[92m     Running[0m tests/subscriptions.rs (target/debug/deps/subscriptions-fbd358f0c7160a5e)
2026-10-07T22:18:31.8491973Z 
2026-10-07T22:18:31.8494370Z running 4 tests
2026-10-07T22:18:31.8570077Z test subscription_exchange_reports_missing_logs_and_rejects_invalid_packages_atomically ... ok
2026-10-07T22:18:31.8611376Z test malformed_and_unsupported_legacy_subscriptions_fail_without_reducing_history ... ok
2026-10-07T22:18:31.8628622Z test actual_subscription_clipboard_and_png_retain_settings_headers_and_both_histories ... ok
2026-10-07T22:18:31.8759479Z test actual_legacy_subscription_list_imports_match_converted_settings_histories_and_caches ... ok
2026-10-07T22:18:31.8761423Z 
2026-10-07T22:18:31.8761632Z test result: ok. 4 passed; 0 failed; 0 ignored; 0 measured; 0 filtered out; finished in 0.03s
2026-10-07T22:18:31.8763712Z 
2026-10-07T22:18:31.8768125Z [1m[92m     Running[0m tests/subsidiaries.rs (target/debug/deps/subsidiaries-4904721ab2dda0e0)
2026-10-07T22:18:31.8781601Z 
2026-10-07T22:18:31.8781730Z running 2 tests
2026-10-07T22:18:31.8808577Z test incompatible_or_unsupported_subsidiary_packages_are_rejected_before_staging ... ok
2026-10-07T22:18:31.8827133Z test real_reference_subsidiary_clipboard_and_png_preserve_recursive_wrappers ... ok
2026-10-07T22:18:31.8827496Z 
2026-10-07T22:18:31.8829583Z test result: ok. 2 passed; 0 failed; 0 ignored; 0 measured; 0 filtered out; finished in 0.00s
2026-10-07T22:18:31.8829971Z 
2026-10-07T22:18:31.8830322Z [1m[92m     Running[0m unittests src/lib.rs (target/debug/deps/hydrus_duplicates-f806fe1a8c0b0c26)
2026-10-07T22:18:31.8848323Z 
2026-10-07T22:18:31.8848563Z running 1 test
2026-10-07T22:18:34.9139093Z test content::timeout_tests::retained_store_content_reads_new_policy_before_real_psd_decode ... ok
2026-10-07T22:18:34.9141457Z 
2026-10-07T22:18:34.9141664Z test result: ok. 1 passed; 0 failed; 0 ignored; 0 measured; 0 filtered out; finished in 3.03s
2026-10-07T22:18:34.9143600Z 
2026-10-07T22:18:34.9147392Z [1m[92m     Running[0m tests/comparison_statements.rs (target/debug/deps/comparison_statements-97492e819404a905)
2026-10-07T22:18:34.9168659Z 
2026-10-07T22:18:34.9168932Z running 2 tests
2026-10-07T22:18:36.4777260Z test statements_about_the_basic_files_match ... ok
2026-10-07T22:18:46.8789783Z test statements_about_the_duplicate_families_match ... ok
2026-10-07T22:18:46.8792073Z 
2026-10-07T22:18:46.8792274Z test result: ok. 2 passed; 0 failed; 0 ignored; 0 measured; 0 filtered out; finished in 11.96s
2026-10-07T22:18:46.8794259Z 
2026-10-07T22:18:46.8815837Z [1m[92m     Running[0m tests/reference_run.rs (target/debug/deps/reference_run-2694956df5c27669)
2026-10-07T22:18:46.8837493Z 
2026-10-07T22:18:46.8837690Z running 2 tests
2026-10-07T22:18:46.9825126Z test a_migrated_database_keeps_the_rules_progress ... ok
2026-10-07T22:18:59.6522078Z test rules_do_what_the_reference_did ... ok
2026-10-07T22:18:59.6524705Z 
2026-10-07T22:18:59.6525013Z test result: ok. 2 passed; 0 failed; 0 ignored; 0 measured; 0 filtered out; finished in 12.77s
2026-10-07T22:18:59.6526983Z 
2026-10-07T22:18:59.6537886Z [1m[92m     Running[0m unittests src/lib.rs (target/debug/deps/hydrus_gui-0025b7611761cf6d)
2026-10-07T22:18:59.6615320Z 
2026-10-07T22:18:59.6615626Z running 92 tests
2026-10-07T22:18:59.7590213Z test animation::tests::ugoira_initial_timestamp_and_impossible_reader_request_release_on_stop ... ok
2026-10-07T22:18:59.7793266Z test animation::tests::saved_initial_seek_uses_previous_metadata_and_rejects_held_pre_seek_pixels ... ok
2026-10-07T22:18:59.8221898Z test client_exit::tests::a_retained_old_timer_and_close_callback_cannot_finish_the_new_question ... ok
2026-10-07T22:18:59.8732494Z test client_exit::tests::retired_maintenance_children_cannot_register_or_finish_successor_exit ... ok
2026-10-07T22:18:59.8736636Z test client_exit::tests::maintenance_cancel_and_native_close_abort_exit_but_no_and_timeout_continue_once ... ok
2026-10-07T22:18:59.8738885Z test daemon::tests::fake_daemon ... ignored, run by the other tests, as a daemon
2026-10-07T22:18:59.8812441Z 
2026-10-07T22:18:59.8814723Z running 1 test
2026-10-07T22:19:00.1965088Z test daemon::tests::kills_one_that_does_not_stop ... ok
2026-10-07T22:19:00.2042581Z 
2026-10-07T22:19:00.2042933Z running 1 test
2026-10-07T22:19:00.2174202Z .
2026-10-07T22:19:00.2176782Z test result: ok. 1 passed; 0 failed; 0 ignored; 0 measured; 91 filtered out; finished in 0.01s
2026-10-07T22:19:00.2177192Z 
2026-10-07T22:19:00.2374634Z test daemon::tests::leaves_one_started_on_its_own_and_takes_over_when_it_stops ... ok
2026-10-07T22:19:00.2376456Z test daemon::tests::says_so_when_there_is_no_program_to_start ... ok
2026-10-07T22:19:00.2378715Z test daemon::tests::says_why_the_daemon_or_its_client_api_isnt_running ... ok
2026-10-07T22:19:00.2451599Z 
2026-10-07T22:19:00.2451754Z running 1 test
2026-10-07T22:19:00.2658110Z 
2026-10-07T22:19:00.2658655Z running 1 test
2026-10-07T22:19:00.2790434Z test daemon::tests::says_why_its_own_failed_and_waits_to_be_asked_again ... ok
2026-10-07T22:19:00.2864429Z 
2026-10-07T22:19:00.2867192Z running 1 test
2026-10-07T22:19:00.2995953Z .
2026-10-07T22:19:00.2996761Z test result: ok. 1 passed; 0 failed; 0 ignored; 0 measured; 91 filtered out; finished in 0.01s
2026-10-07T22:19:00.3014331Z 
2026-10-07T22:19:00.3195598Z test daemon::tests::starts_one_while_none_runs_and_stops_it_on_closing ... ok
2026-10-07T22:19:00.3660977Z test file_maintenance_new::tests::native_accepted_add_queued_behind_writer_is_cancelled_by_tab_retirement ... ok
2026-10-07T22:19:00.7752718Z test file_maintenance_new::tests::native_small_add_after_close_or_final_bound_drop_cannot_write_but_fresh_add_can ... ok
2026-10-07T22:19:00.8575285Z test file_maintenance_new::tests::native_new_confirmation_close_hidden_replacement_and_reopen_reach_only_current_queue ... ok
2026-10-07T22:19:00.8600272Z test animation::tests::an_animation_plays_through_and_may_stop_at_its_end ... ok
2026-10-07T22:19:00.8644583Z test gallery::tests::a_searchs_row_as_the_reference_shows_it ... ok
2026-10-07T22:19:00.8647098Z test gallery::tests::a_searchs_status_as_the_reference_reckons_it ... ok
2026-10-07T22:19:00.8649805Z test gallery::tests::formatting_reaches_gallery_added_rows_without_changing_import_state ... ok
2026-10-07T22:19:00.8650442Z test gallery::tests::live_lines_as_the_reference_writes_them ... ok
2026-10-07T22:19:00.8654464Z test gallery::tests::the_downloaders_offered ... ok
2026-10-07T22:19:00.8656858Z test gallery::tests::the_list_sorts_by_each_column ... ok
2026-10-07T22:19:00.8657372Z test gallery::tests::the_pages_progress_and_close_question ... ok
2026-10-07T22:19:00.8660283Z test gallery::tests::the_pages_totals ... ok
2026-10-07T22:19:00.9725774Z test grid::cache_regressions::blurhash_apply_rejects_held_result_but_paint_only_changes_preserve_admission ... ok
2026-10-07T22:19:00.9823155Z test filter_window::image_cache_tests::current_pair_pixels_survive_cache_shrink_but_navigation_cannot_reuse_an_evicted_future_copy ... ok
2026-10-07T22:19:01.0649033Z test grid::cache_regressions::receive_maintains_idle_cache_and_counts_missing_thumbnails ... ok
2026-10-07T22:19:01.0698119Z test grid::cache_regressions::clear_scale_roundtrip_settings_and_retirement_reject_held_decodes ... ok
2026-10-07T22:19:01.0752978Z test image_cache::tests::actual_qt_pending_estimate_uses_full_unknown_resolution_fallback ... ok
2026-10-07T22:19:01.0968666Z test image_cache::retirement_tests::retired_pending_renderer_completes_external_source_without_repopulating_owner ... ok
2026-10-07T22:19:01.1050209Z test image_cache::tests::changed_resolution_replaces_cached_source_without_invalidating_external_presentation ... ok
2026-10-07T22:19:01.1242733Z test image_cache::tests::current_render_uses_ready_shared_pixels_but_never_waits_on_a_held_warm_renderer ... ok
2026-10-07T22:19:01.1362866Z test image_cache::tests::held_failed_old_renderer_cleanup_does_not_remove_successor_and_excluded_images_redraw ... ok
2026-10-07T22:19:01.1961600Z test image_cache::tests::late_old_icc_decode_cannot_replace_new_renderer_or_revive_retired_admission ... ok
2026-10-07T22:19:01.1962668Z test image_cache::tests::pending_owner_validity_does_not_hold_the_renderer_lock_against_current_lookup ... ok
2026-10-07T22:19:01.1963385Z test import_window::tests::typed_paths_lose_their_quotes_and_spaces ... ok
2026-10-07T22:19:01.1964174Z test options_gui_colours::tests::clipboard_hex_acceptance_matches_actual_qt_cases ... ok
2026-10-07T22:19:01.1964927Z test image_cache::tests::shared_pending_decode_has_one_estimate_and_access_updates_loaded_bytes ... ok
2026-10-07T22:19:01.2175042Z test options_media_views::tests::media_children_retire_stale_callbacks_and_stage_only_current_apply ... ok
2026-10-07T22:19:01.2175759Z test page::tests::closing_asks_while_importing_and_when_full_if_the_option_says ... ok
2026-10-07T22:19:01.2176493Z test playback::tests::a_file_plays_through_and_may_stop_at_its_end ... ok
2026-10-07T22:19:01.2177236Z test playback::tests::finite_gif_loop_metadata_reaches_the_existing_mpv_player ... ok
2026-10-07T22:19:01.2177730Z test popups::tests::a_popup_shows_as_the_reference_s ... ok
2026-10-07T22:19:01.2185341Z test popups::tests::actual_qt_action_visibility_labels_and_question_cutoff_replay ... ok
2026-10-07T22:19:01.2186291Z test popups::tests::long_text_shows_its_start ... ok
2026-10-07T22:19:01.2200767Z test popups::tests::popup_download_precision_replays_actual_network_control_output ... ok
2026-10-07T22:19:01.2201741Z test popups::tests::ten_show_and_the_line_counts_them_all ... ok
2026-10-07T22:19:01.2380818Z test options_media_views::tests::options_apply_waits_for_current_media_child_to_close ... ok
2026-10-07T22:19:01.2440205Z test preview_window::worker_tests::idle_preview_workers_do_not_retain_the_store ... ok
2026-10-07T22:19:01.2440894Z test quick_export_directory::tests::explicit_empty_home_wins_and_account_lookup_only_runs_for_absent_home ... ok
2026-10-07T22:19:01.2444126Z test session_autosave::pointer_tests::native_motion_targets_one_window_and_releases_dead_viewers ... ok
2026-10-07T22:19:01.2444829Z test slideshow::tests::a_slideshow_moves_on_once_its_period_has_passed ... ok
2026-10-07T22:19:01.2445589Z test slideshow::tests::custom_periods_read_as_the_reference_reads_them ... ok
2026-10-07T22:19:01.2446127Z test slideshow::tests::files_with_durations_bend_the_period ... ok
2026-10-07T22:19:01.2448899Z test slideshow::tests::the_menu_offers_what_the_slideshow_can_do ... ok
2026-10-07T22:19:01.2449515Z test slideshow::tests::the_special_periods_as_the_reference_bends_them ... ok
2026-10-07T22:19:01.2644710Z test preview_window::worker_tests::retiring_pool_drops_queued_decoder_and_releases_running_store_after_decode ... ok
2026-10-07T22:19:01.2645459Z test tests::file_urls_are_escaped ... ok
2026-10-07T22:19:01.2674305Z test thumbnail_menu::tests::rearranging_moves_as_the_reference_s_lists_do ... ok
2026-10-07T22:19:01.2704354Z test thumbnail_menu::tests::the_rearrange_menu_offers_what_would_move ... ok
2026-10-07T22:19:01.2705127Z test thumbnail_menu::tests::the_urls_menu_lays_out_classes_as_the_reference_s ... ok
2026-10-07T22:19:01.2705638Z test thumbnail_menu::tests::urls_show_as_the_reference_shows_them ... ok
2026-10-07T22:19:01.2706120Z test thumbnails::tests::a_thumbnail_dpr_makes_them_show_smaller ... ok
2026-10-07T22:19:01.2706576Z test thumbnails::tests::a_thumbnail_turned_sideways_is_the_right_size ... ok
2026-10-07T22:19:01.2707078Z test thumbnails::tests::thumbnails_are_resampled_only_when_the_screen_needs_it ... ok
2026-10-07T22:19:01.2707849Z test thumbnails::tests::thumbnails_show_at_their_own_size_in_the_screens_pixels ... ok
2026-10-07T22:19:01.3069168Z test tag_sync_review_window::tests::retained_predecessors_cannot_remember_refresh_or_close_the_current_review ... ok
2026-10-07T22:19:01.3297551Z test vacuum_review_window::tests::closed_predecessor_cannot_close_or_vacuum_successor_or_another_store ... ok
2026-10-07T22:19:01.3906716Z test vacuum_review_window::tests::real_menu_main_hide_rebind_exit_and_last_bound_clone_retire_only_their_child ... ok
2026-10-07T22:19:01.4821814Z test vacuum_review_window::tests::visible_pending_eligible_confirmation_declines_and_runs_real_vacuum_once ... ok
2026-10-07T22:19:01.5711109Z test viewer_closing::tests::unowned_and_destroyed_originals_only_deliver_debug_to_a_live_main_owner ... ok
2026-10-07T22:19:01.5711693Z test viewer_menu::tests::the_volume_menu_follows_the_mutes ... ok
2026-10-07T22:19:01.5711954Z test viewer_menu::tests::zooms_read_as_the_reference_writes_them ... ok
2026-10-07T22:19:01.5926088Z test viewer_prefetch::tests::a_saved_candidate_display_action_change_invalidates_the_captured_pass ... ok
2026-10-07T22:19:01.6275138Z test viewer_prefetch::tests::actual_static_image_display_capabilities_filter_each_recorded_candidate_action ... ok
2026-10-07T22:19:01.6501295Z test viewer_prefetch::tests::finished_notifications_resume_the_same_captured_navigation_generation ... ok
2026-10-07T22:19:01.6785809Z test viewer_prefetch::tests::held_worker_coalesces_latest_request_and_retirement_discards_queued_work ... ok
2026-10-07T22:19:01.6876908Z test vacuum_review_window::tests::pending_main_exit_blocks_vacuum_then_decline_admits_the_same_question ... ok
2026-10-07T22:19:01.7099095Z test viewer_prefetch::tests::real_uncached_equality_decode_repeats_on_owned_readiness_and_retire_stops_it ... ok
2026-10-07T22:19:01.7100918Z test watcher::tests::a_watcher_just_added_or_entered_again_says_so_for_a_while ... ok
2026-10-07T22:19:01.7101342Z test watcher::tests::a_watcher_pages_totals_and_close_question ... ok
2026-10-07T22:19:01.7101694Z test watcher::tests::a_watchers_row_and_box_as_the_reference_shows_them ... ok
2026-10-07T22:19:01.7103054Z test watcher::tests::a_watchers_status_as_the_reference_reckons_it ... ok
2026-10-07T22:19:01.7116659Z test watcher::tests::formatting_reaches_watcher_rows_status_and_checker_without_changing_work_state ... ok
2026-10-07T22:19:01.7624026Z test viewer_prefetch::tests::waiting_on_another_pending_renderer_holds_no_store_and_ends_on_owner_drop ... ok
2026-10-07T22:19:01.7644256Z test write_tag_history::tests::caret_and_undo_boundaries_keep_new_typing_separate ... ok
2026-10-07T22:19:01.7674387Z test write_tag_history::tests::delete_direction_is_a_command_boundary_but_repeated_delete_coalesces ... ok
2026-10-07T22:19:01.8288431Z test windows::tests::opening_observer_and_batched_files_share_the_same_owned_filter ... ok
2026-10-07T22:19:01.8402800Z test zoom::resource_tests::an_unavailable_worker_keeps_the_original_image_and_stops_polling ... ok
2026-10-07T22:19:01.8573304Z test write_tag_menu::tests::seeded_relationship_child_apply_refresh_and_owner_close_discard_stale_actions ... ok
2026-10-07T22:19:02.4082112Z test filter_window::colour_tests::live_pair_switch_preferences_and_painter_replay_qt_then_retire ... ok
2026-10-07T22:19:05.5680272Z test animation::tests::animation_loop_preference_reaches_decoded_frames_and_live_playthrough_limits ... ok
2026-10-07T22:19:05.5680682Z 
2026-10-07T22:19:05.5680889Z test result: ok. 91 passed; 0 failed; 1 ignored; 0 measured; 0 filtered out; finished in 5.91s
2026-10-07T22:19:05.5681165Z 
2026-10-07T22:19:05.5734544Z [1m[92m     Running[0m unittests src/main.rs (target/debug/deps/hydrus_gui-10ce3c4385604c0e)
2026-10-07T22:19:05.5754427Z 
2026-10-07T22:19:05.5754509Z running 2 tests
2026-10-07T22:19:05.5963332Z test tests::opening_a_new_store_holds_the_gui_lease ... ok
2026-10-07T22:19:06.5783285Z test tests::a_second_client_cannot_restore_or_consume_a_pending_request ... ok
2026-10-07T22:19:06.5783782Z 
2026-10-07T22:19:06.5784160Z test result: ok. 2 passed; 0 failed; 0 ignored; 0 measured; 0 filtered out; finished in 1.00s
2026-10-07T22:19:06.5784413Z 
2026-10-07T22:19:06.5789260Z [1m[92m     Running[0m tests/gui/main.rs (target/debug/deps/gui-4e017c3e58e508a5)
2026-10-07T22:19:06.5880929Z 
2026-10-07T22:19:06.5881286Z running 714 tests
2026-10-07T22:19:06.7985411Z Slint: long callback/instantiation chain detected
2026-10-07T22:19:06.8355582Z test active_predicates::destroyed_main_automatically_closes_existing_size_before_retained_handles_release ... ok
2026-10-07T22:19:06.8542544Z test active_predicates::captured_menu_and_populated_child_cannot_edit_hidden_replaced_rebound_or_dropped_owners ... ok
2026-10-07T22:19:06.9365529Z test about::help_about_opens_the_about_window ... ok
2026-10-07T22:19:06.9877535Z test active_predicates::actual_existing_size_cancel_unchanged_and_edit_reach_reference_query_counts ... ok
2026-10-07T22:19:07.0435546Z test active_predicates::dropping_hidden_components_releases_a_populated_editor_without_cancel_cycle ... ok
2026-10-07T22:19:07.0495791Z test active_predicates::hidden_or_parent_reconciles_actual_system_and_nested_child_cancellation ... ok
2026-10-07T22:19:07.1490582Z test active_predicates::inherited_routes_refuse_hidden_question_child_page_and_retired_main_owners ... ok
2026-10-07T22:19:07.2393219Z test active_predicates::mixed_same_family_panels_reopen_distinct_supplied_values_and_apply_both ... ok
2026-10-07T22:19:07.2420183Z test active_predicates::mixed_apply_is_atomic_and_hidden_cancel_rebind_preserve_all_original_terms ... ok
2026-10-07T22:19:07.4255777Z test active_predicates::retained_populated_or_hidden_page_rebind_and_destroyed_main_cannot_publish ... ok
2026-10-07T22:19:07.4296527Z test active_predicates::retained_or_system_child_does_not_keep_the_or_or_main_component_alive ... ok
2026-10-07T22:19:07.4812451Z test active_predicates::populated_or_and_start_or_replay_all_ten_actual_qt_apply_cancel_shapes ... ok
2026-10-07T22:19:07.5854919Z Slint: long callback/instantiation chain detected
2026-10-07T22:19:07.8537854Z test active_predicates::real_inherited_menus_publish_exact_qt_clipboard_text_and_open_owned_pages ... ok
2026-10-07T22:19:08.1261552Z test animation_start::constructor_cancel_hidden_and_retired_controls_then_real_next_media_initial_seek ... ok
2026-10-07T22:19:08.3293312Z test api_update_toasts::real_checkbox_cancel_reopen_hidden_retired_and_concurrent_width_merge ... ok
2026-10-07T22:19:08.3670398Z test archive_delete::the_archive_delete_filter_keeps_and_deletes ... ok
2026-10-07T22:19:08.4978168Z test archive_delete_policies::retained_finish_cannot_write_after_its_main_owner_is_dropped ... ok
2026-10-07T22:19:08.6135287Z test api_update_toasts::actual_api_jobs_render_expire_and_preserve_retired_gui_incarnation ... ok
2026-10-07T22:19:08.7112812Z test archive_delete_policies::saved_all_domains_single_choice_and_forget_question_are_owned_across_rebind ... ok
2026-10-07T22:19:08.8261157Z test archive_delete_policies::staged_options_cancel_save_hidden_callbacks_and_reopen_reach_next_finish ... ok
2026-10-07T22:19:09.0265141Z test archive_repair::cancel_after_commit_reports_success_and_refreshes_while_cancel_before_write_rolls_back ... ok
2026-10-07T22:19:09.2767524Z test archive_repair::database_repair_has_owned_scan_population_questions_and_updates_real_media_on_reopen ... ok
2026-10-07T22:19:09.6591073Z test archive_delete_policies::actual_multiple_choices_refuse_early_commit_then_delete_only_selected_domain ... ok
2026-10-07T22:19:09.9556429Z test auto_resolution_review::a_failed_denial_keeps_pending_pairs_and_reports_the_error ... ok
2026-10-07T22:19:09.9668825Z test auto_resolution_preview::a_rules_pairs_are_previewed ... ok
2026-10-07T22:19:10.1923657Z test auto_resolution_review::a_pending_pair_is_approved_in_the_duplicate_filter ... ok
2026-10-07T22:19:10.2875532Z test archive_repair::actual_archive_controls_wrap_scroll_and_apply_each_recorded_population ... ok
2026-10-07T22:19:10.4970581Z test auto_resolution_review::pairs_are_approved_denied_and_undone_as_the_reference_does ... ok
2026-10-07T22:19:10.6626431Z test autocomplete_tabs::literal_batches_and_empty_activation_preserve_typed_tags_query_and_or_history ... ok
2026-10-07T22:19:10.6680682Z test auto_resolution_rules::a_rules_searches_location_is_chosen ... ok
2026-10-07T22:19:10.7884362Z test client_api_admin::cancellation_nested_ownership_permissions_and_key_validation ... ok
2026-10-07T22:19:10.8441143Z test auto_resolution_rules::rules_are_added_edited_deleted_and_written ... ok
2026-10-07T22:19:10.8943045Z test client_api_admin::sorted_selection_crud_copy_base_url_persistence_and_stale_apply ... ok
2026-10-07T22:19:10.9443455Z test client_api_admin::supported_service_listener_fields_stage_cancel_and_persist ... ok
2026-10-07T22:19:11.0345262Z test client_exit::cancel_hidden_answer_and_accepted_close_respect_the_live_main_binding ... ok
2026-10-07T22:19:11.1056722Z test clipboard_urls::changes_route_to_open_importers_without_switching_pages ... ok
2026-10-07T22:19:11.1760723Z test clipboard_urls::clipboard_failure_is_a_global_message_and_toggling_retries_it ... ok
2026-10-07T22:19:11.2262045Z test autocomplete_tabs::read_batches_favourite_questions_write_drafts_and_owner_boundaries_replay_qt ... ok
2026-10-07T22:19:11.2679724Z test clipboard_urls::empty_nested_notebooks_select_their_first_child_and_keep_both_destinations_inside ... ok
2026-10-07T22:19:11.3359782Z test clipboard_urls::independent_menu_switches_persist_on_reopen ... ok
2026-10-07T22:19:11.3628589Z test collect::a_page_opened_from_a_collected_page_collects_as_it_did ... ok
2026-10-07T22:19:11.3985423Z test collect::a_session_page_keeps_how_it_collects ... ok
2026-10-07T22:19:11.4845362Z test collect::restoring_and_refreshing_searches_preserves_absent_and_explicit_collect_settings ... ok
2026-10-07T22:19:11.5438851Z test command_palette::asynchronous_calculator_ignores_page_threshold_and_activation_keeps_owner_open ... ok
2026-10-07T22:19:11.6076761Z test collect::the_collect_control_collects_the_page ... ok
2026-10-07T22:19:11.7599457Z test command_palette::media_provider_uses_the_actual_thumbnail_dispatcher_and_rejects_a_changed_page ... ok
2026-10-07T22:19:11.7766066Z test command_palette::ctrl_p_async_palette_launches_real_pages_favourites_and_main_menu_actions ... ok
2026-10-07T22:19:11.8184392Z test command_palette::palette_reopen_rejects_stale_callbacks_and_removed_providers_do_not_return ... ok
2026-10-07T22:19:11.8552478Z test command_palette::persisted_unicode_thresholds_reach_the_async_palette_after_reopening ... ok
2026-10-07T22:19:11.9017804Z test command_palette::saved_favourite_current_page_policy_and_provider_order_reach_a_reopened_palette ... ok
2026-10-07T22:19:12.0150843Z test database_maintenance::cancelled_dialog_callbacks_release_store_and_owner_before_thread_exit ... ok
2026-10-07T22:19:12.2509691Z test database_maintenance::current_service_choice_repairs_real_mappings_once_and_releases_previous_question ... ok
2026-10-07T22:19:12.4786193Z test database_maintenance::hidden_parent_rebind_last_bound_and_accepted_exit_retire_decisions ... ok
2026-10-07T22:19:13.2770825Z test database_maintenance::no_cancel_x_and_hidden_questions_cannot_write_or_displace_a_successor ... ok
2026-10-07T22:19:13.4065933Z test database_maintenance::cancelled_hidden_and_replaced_initial_or_service_choices_are_terminal ... ok
2026-10-07T22:19:13.4329655Z test debug_delayed_pages::background_delivery_preserves_the_open_choosers_frozen_notebook_and_anchor ... ok
2026-10-07T22:19:13.6325167Z test debug_delayed_pages::cancel_exit_preserves_query_but_accepted_exit_rebind_and_owner_drop_retire_requests ... ok
2026-10-07T22:19:13.7789017Z test debug_delayed_pages::pages_share_popup_deadlines_without_dropping_pruning_or_publication ... ok
2026-10-07T22:19:14.3665517Z test debug_delayed_popup::actual_menu_overlapping_deadlines_hidden_progress_store_reopen_and_rendered_cards ... ok
2026-10-07T22:19:14.5160835Z test debug_delayed_popup::long_text_updates_and_dismissal_do_not_starve_a_pending_delayed_popup ... ok
2026-10-07T22:19:14.6947509Z test debug_delayed_popup::pending_delayed_jobs_retire_permanently_on_accepted_exit_rebind_and_owner_destruction ... ok
2026-10-07T22:19:14.7459912Z test debug_delayed_pages::menu_snapshot_overlapping_hidden_delivery_current_notebook_and_real_query ... ok
2026-10-07T22:19:15.1907409Z test debug_fetch::hidden_children_close_cancel_rebind_final_bound_drop_and_main_drop_retire_owned_work ... ok
2026-10-07T22:19:15.6438005Z test collect::pages_collect_as_the_reference_s_pages_collect ... ok
2026-10-07T22:19:15.8173472Z test debug_fetch::ordinary_get_waits_for_saved_bandwidth_rules_and_popup_stop_cancels_before_any_http ... ok
2026-10-07T22:19:16.1415213Z test debug_fetch::overlapping_held_jobs_popup_stop_error_and_cancelled_save_have_real_consumers ... ok
2026-10-07T22:19:16.2315291Z test debug_long_popup::actual_menu_and_toaster_replay_every_recorded_deadline_and_durable_string ... ok
2026-10-07T22:19:16.2712326Z test debug_long_popup::cloned_bound_keeps_deadlines_until_the_final_bound_owner_drops ... ok
2026-10-07T22:19:16.3822075Z test debug_long_popup::dismissal_prunes_future_title_jobs_before_any_deadline_and_overlapping_runs_remain_owned ... ok
2026-10-07T22:19:16.4192177Z test debug_long_popup::hidden_launch_exit_cancel_rebind_bound_drop_and_main_destruction_have_distinct_lifetimes ... ok
2026-10-07T22:19:16.5105783Z Slint: long callback/instantiation chain detected
2026-10-07T22:19:16.5220106Z Slint: long callback/instantiation chain detected
2026-10-07T22:19:16.5495186Z Slint: long callback/instantiation chain detected
2026-10-07T22:19:16.5801742Z test debug_session_reload::hidden_new_launch_cancelled_exit_rebind_and_shared_final_drop_ownership ... ok
2026-10-07T22:19:16.7012150Z test debug_session_reload::actual_menu_snapshot_restores_order_resets_selection_and_keeps_closed_originals ... ok
2026-10-07T22:19:16.7405208Z test debug_session_reload::importer_logs_restore_with_new_queue_identity_and_paused_closed_owner ... ok
2026-10-07T22:19:16.8463398Z test downloader_definitions::domain_mask_modes_tester_and_selectable_previews_apply_cancel_and_reopen ... ok
2026-10-07T22:19:16.9248238Z test downloader_definitions::full_domain_mask_owned_entries_questions_and_favourites_reach_persisted_consumers ... ok
2026-10-07T22:19:17.0198161Z test downloader_definitions::class_rules_apply_snapshot_roundtrip_and_cancel_safety ... ok
2026-10-07T22:19:17.0765582Z test debug_fetch::actual_menu_binary_save_decoded_clipboard_forget_cookie_headers_and_dismiss_deadline ... ok
2026-10-07T22:19:17.0969327Z test downloader_definitions::lifecycle_string_descendants_cancel_without_orphaning_definition_drafts ... ok
2026-10-07T22:19:17.1690157Z test downloader_definitions::lifecycle_native_fields_disable_typing_until_child_closes ... ok
2026-10-07T22:19:17.1906789Z test downloader_display::questions_cancel_apply_reopen_sort_selection_and_render ... ok
2026-10-07T22:19:17.2342474Z test downloader_interchange::class_list_buttons_preserve_export_format_and_owner_cancel ... ok
2026-10-07T22:19:17.2834090Z test downloader_interchange::closing_a_sibling_definition_list_keeps_the_owning_import_open ... ok
2026-10-07T22:19:17.3057275Z test downloader_interchange::dropping_the_final_exchange_owner_hides_and_invalidates_a_retained_window_handle ... ok
2026-10-07T22:19:17.3625687Z test downloader_interchange::export_text_is_selectable_read_only_and_png_accepts_a_bare_relative_path ... ok
2026-10-07T22:19:17.3869715Z test downloader_definitions::single_nested_generators_roundtrip_delete_and_cancel ... ok
2026-10-07T22:19:17.4097867Z test downloader_interchange::formula_buttons_keep_imported_auxiliary_through_child_apply ... ok
2026-10-07T22:19:17.5565380Z test downloader_interchange::mixed_registered_login_package_reviews_png_selects_dependencies_and_reopens_saved_scripts ... ok
2026-10-07T22:19:17.5791844Z test downloader_interchange::package_reviews_real_png_cancel_and_invalid_input_before_atomic_apply ... ok
2026-10-07T22:19:17.6325210Z test downloader_interchange::parser_list_import_and_export_buttons_stage_until_owner_apply ... ok
2026-10-07T22:19:17.7224558Z test downloader_lists::a_gallery_pages_list_acts_on_its_selection_as_the_references ... ok
2026-10-07T22:19:17.8024714Z test downloader_lists::a_watcher_pages_list_acts_on_its_selection_as_the_references ... ok
2026-10-07T22:19:18.8035542Z test downloader_update_times::real_options_constructor_cancel_normalization_save_reopen_and_retained_cancel ... ok
2026-10-07T22:19:19.0048396Z test downloader_update_times::gallery_owned_timer_reads_rows_at_deadline_keeps_live_details_and_retires ... ok
2026-10-07T22:19:19.4763770Z test downloader_display::saved_choices_reach_existing_gallery_and_open_viewer ... ok
2026-10-07T22:19:19.9477163Z test duplicate_filter::decisions_wait_for_the_end_of_the_batch_and_can_be_undone ... ok
2026-10-07T22:19:19.9735736Z test duplicate_filter::duplicates_pages_kept_by_an_earlier_import_still_open ... ok
2026-10-07T22:19:20.1139083Z test downloader_update_times::watcher_owned_timer_reads_rows_at_deadline_keeps_live_details_and_retires ... ok
2026-10-07T22:19:20.4412284Z test duplicate_filter::group_mode_keeps_to_one_group ... ok
2026-10-07T22:19:20.6312991Z test duplicate_colours::options_replay_cancel_retired_apply_bounds_and_persisted_reopen ... ok
2026-10-07T22:19:20.7270224Z test duplicate_filter::small_batches_commit_themselves_until_no_pairs_are_left ... ok
2026-10-07T22:19:20.9345182Z test duplicate_filter::the_file_shown_is_the_one_decided_on ... ok
2026-10-07T22:19:21.2694976Z test duplicate_filter::viewing_statistics_switch_controls_actual_pair_navigation_and_cancelled_close ... ok
2026-10-07T22:19:21.4463463Z test duplicate_filter::the_filter_opens_from_a_duplicates_page_and_compares_the_pair ... ok
2026-10-07T22:19:21.5690434Z test duplicates_page::the_sidebar_tabs_show_and_change_the_search_and_the_rules ... ok
2026-10-07T22:19:21.7565499Z test duplicates_progress::actual_checkbox_relabels_visible_preparation_without_changing_work_and_future_pages_reopen_policy ... ok
2026-10-07T22:19:21.8121870Z test edit_subscription::advanced_quality_menu_reads_saved_logs_and_current_media_without_applying_drafts ... ok
2026-10-07T22:19:21.8138389Z test edit_subscription::the_dialog_edits_a_subscription_and_the_list_writes_it ... ok
2026-10-07T22:19:21.8206029Z test emoji_fonts::outline_fox_is_selected_without_replacing_platform_text_fallbacks ... ok
2026-10-07T22:19:22.0504606Z test existing_tags_filter::existing_tag_filter_dialog_stages_enables_persists_and_retires_with_its_importer_owner ... ok
2026-10-07T22:19:22.0676730Z test export_files::export_files_menu_window_previews_confirmation_and_worker ... ok
2026-10-07T22:19:22.2407568Z test export_files::shared_pattern_shortcuts_copy_without_editing_and_guard_closed_owners ... ok
2026-10-07T22:19:22.2774829Z test embedded_metadata::metadata_opens_from_thumbnails_and_viewer_and_copies_raw_values ... ok
2026-10-07T22:19:22.3018201Z test export_files::selected_export_tag_sidebar_copies_launches_native_pages_persists_favourites_and_closes ... ok
2026-10-07T22:19:22.6815666Z test external_calls::actual_command_parameter_queue_buttons_keys_cancel_and_saved_argument_consumer ... ok
2026-10-07T22:19:22.6912464Z test external_calls::callable_command_child_apply_cancel_parent_staging_reopen_and_retired_owner ... ok
2026-10-07T22:19:22.9244297Z test external_calls::command_clipboard_exact_review_raw_rows_clean_copy_errors_and_owner_retirement ... ok
2026-10-07T22:19:23.0966751Z test external_calls::imported_reference_calls_review_cancel_and_saved_process_test_consumer ... ok
2026-10-07T22:19:23.4725827Z test external_calls::list_duplicate_defaults_delete_capture_and_options_persistence ... ok
2026-10-07T22:19:23.5162756Z test external_calls::duplicate_warning_decline_keeps_unsorted_unselected_prefix_accept_finishes_and_retired_question_cannot_append ... ok
2026-10-07T22:19:23.7058204Z test external_calls::reopened_saved_process_uses_real_editor_inputs_and_owned_test_call_worker ... ok
2026-10-07T22:19:24.1071342Z test external_calls::simple_delete_includes_os_launch_rows_but_cancel_and_closed_owner_do_not_change_saved_calls ... ok
2026-10-07T22:19:24.1278232Z test external_calls::parameter_queue_reverse_edit_and_real_key_origin_histories_match_actual_qt ... ok
2026-10-07T22:19:24.2181101Z test favourites::a_favourite_s_collect_collects_the_page ... ok
2026-10-07T22:19:24.3412005Z test favourites::a_favourite_search_loads_into_the_page ... ok
2026-10-07T22:19:24.3696467Z test favourite_search_editor::favourite_domain_sort_collect_and_autocomplete_widgets_reach_saved_searches ... ok
2026-10-07T22:19:24.4496219Z test favourites::searches_are_saved_and_added_as_the_reference_saves_and_adds_them ... ok
2026-10-07T22:19:24.5060346Z test favourites::the_dialogs_save_edit_and_delete_searches ... ok
2026-10-07T22:19:24.5351300Z test favourites::the_edit_dialog_asks_before_overwriting_as_the_reference_s ... ok
2026-10-07T22:19:24.6038451Z test favourites::the_edit_dialog_gives_back_what_the_reference_s_does ... ok
2026-10-07T22:19:24.6135092Z test favourites::the_manage_dialog_lists_them_as_the_reference_s ... ok
2026-10-07T22:19:24.7180919Z test favourites::the_star_button_s_menu_is_the_reference_s ... ok
2026-10-07T22:19:26.0753033Z test ffmpeg_timeout::real_options_cancel_hidden_retired_save_reopen_bounds_and_independent_field ... ok
2026-10-07T22:19:26.1050586Z test animation::animations_play_in_the_viewer_with_the_client_s_own_player ... ok
2026-10-07T22:19:26.1061723Z test ffmpeg_timeout::retained_importer_tools_do_not_retain_their_isolated_store ... ok
2026-10-07T22:19:26.3153589Z test ffmpeg_timeout::visible_timeout_draft_survives_hidden_edits_and_reaches_the_live_reader ... ok
2026-10-07T22:19:26.4391324Z test file_log::advanced_object_export_and_renormalisation_confirm_before_collapsing_later_duplicates ... ok
2026-10-07T22:19:26.5269316Z test file_history::history_frame_consumes_times_filters_and_ranges_without_touching_main_query_or_retired_owner ... ok
2026-10-07T22:19:26.5553560Z test file_log::clipboard_import_persists_deduplicates_and_handles_empty_or_missing_text ... ok
2026-10-07T22:19:26.6657263Z test file_log::selected_url_search_opens_a_local_or_search_and_reaches_matching_files ... ok
2026-10-07T22:19:26.6951927Z test file_log::source_png_dialogs_cancel_validate_import_export_and_close_with_the_log ... ok
2026-10-07T22:19:26.8454508Z test external_calls::defaults_physical_menu_exact_choices_saved_reopen_and_retired_selector_are_owned ... ok
2026-10-07T22:19:26.8463197Z test file_log::the_file_log_lists_a_queues_files_and_acts_on_them ... ok
2026-10-07T22:19:26.8735860Z test file_maintenance_current::actual_missing_file_integrity_runner_hands_useful_url_to_the_owned_named_import_queue ... ok
2026-10-07T22:19:26.9689087Z test file_maintenance_current::named_redownload_preserves_current_and_reuses_named_page_instead_of_unrelated_url_importer ... ok
2026-10-07T22:19:27.0289137Z test file_maintenance_current::pending_exit_decline_and_accepted_exit_are_owned_boundaries_for_review_callbacks ... ok
2026-10-07T22:19:27.2284492Z test file_maintenance_current::real_menu_selected_work_future_clear_and_owned_stale_callbacks ... ok
2026-10-07T22:19:27.2650024Z test file_maintenance_current::captured_clear_while_force_waits_is_serviced_before_the_next_physical_batch ... ok
2026-10-07T22:19:27.3875507Z test file_maintenance_current::reopened_review_refetches_counts_without_inheriting_the_closed_selection ... ok
2026-10-07T22:19:27.3983329Z test file_maintenance_current::real_popup_cancel_while_pass_waits_for_shared_lease_preserves_every_queued_file ... ok
2026-10-07T22:19:27.5849285Z test file_view_removal::mixed_already_trash_advanced_choice_and_locked_physical_noop_retain_unaffected_rows ... ok
2026-10-07T22:19:27.6561167Z test file_view_removal::live_trash_policy_uses_actual_membership_and_move_menu_only_removes_source ... ok
2026-10-07T22:19:27.9468670Z test file_view_removal::retained_delete_and_transfer_children_cannot_mutate_a_rebound_main_window ... ok
2026-10-07T22:19:27.9547591Z test file_view_removal::filter_accept_forget_resume_switch_and_closed_source_never_target_successor ... ok
2026-10-07T22:19:28.0865299Z test file_view_removal::viewer_deletion_never_prunes_an_externally_retained_forgotten_source_or_successor ... ok
2026-10-07T22:19:28.1060707Z test filename_rules::attached_regex_menus_copy_without_edits_and_favourites_commit_independently ... ok
2026-10-07T22:19:28.2300502Z test filename_simple::folder_tag_child_is_staged_reopens_and_is_cancelled_with_its_owner ... ok
2026-10-07T22:19:28.3475274Z test filename_rules::real_lists_replay_reference_and_save_folder_consumers_without_stale_callbacks ... ok
2026-10-07T22:19:28.4588126Z test filename_simple::real_simple_actions_replay_selection_paste_and_removal_then_reach_manual_import_seeds ... ok
2026-10-07T22:19:28.5225342Z test filesize_predicate::destroyed_main_automatically_closes_new_size_while_bound_child_and_collector_survive ... ok
2026-10-07T22:19:28.9400234Z test filesize_predicate::only_final_bound_drop_retires_size_and_old_timers_cannot_retire_a_live_successor ... ok
2026-10-07T22:19:29.2284640Z test filesize_predicate::hidden_cancelled_rebound_and_accepted_closed_main_cannot_accept_a_retained_size_draft ... ok
2026-10-07T22:19:29.2609131Z test file_view_removal::options_match_actual_qt_dependency_apply_cancel_reopen_and_retired_callbacks ... ok
2026-10-07T22:19:29.2938157Z test filesize_predicate::real_radio_keys_and_all_units_reach_the_search_consumer ... ok
2026-10-07T22:19:29.3968535Z test folder_manager_lifecycle::failed_folder_commit_closes_owners_and_releases_the_lease_without_partial_writes ... ok
2026-10-07T22:19:29.5705526Z test folder_manager_lifecycle::draft_is_read_after_worker_commit_and_read_failure_releases_the_request ... ok
2026-10-07T22:19:29.6834114Z test folders::an_import_folders_filename_tagging_is_added_edited_and_deleted ... ok
2026-10-07T22:19:29.8456785Z test folders::export_folders_are_added_edited_and_written ... ok
2026-10-07T22:19:29.9552255Z test folders::folder_paths_are_picked_with_browse ... ok
2026-10-07T22:19:29.9984779Z test folder_manager_lifecycle::wait_cancel_window_close_and_live_pause_changes_release_only_the_transient_request ... ok
2026-10-07T22:19:30.1586592Z test force_filetype::a_file_is_forced_to_another_filetype_and_back ... ok
2026-10-07T22:19:30.1610128Z test folders::import_folders_are_added_edited_and_written ... ok
2026-10-07T22:19:30.2377235Z test force_idle::hidden_prompt_cancel_rebind_close_and_final_binding_clone_retire_override ... ok
2026-10-07T22:19:30.3435234Z test folder_manager_lifecycle::replay_reference_pause_wait_apply_cancel_and_original_pause_restoration ... ok
2026-10-07T22:19:30.3783778Z test force_idle::real_menu_checked_states_controller_matrix_activity_and_autosave_consumer ... ok
2026-10-07T22:19:30.3789511Z test force_idle::forced_idle_admits_real_trash_and_physical_passes_at_unchanged_deadlines ... ok
2026-10-07T22:19:30.4825711Z test formula_editors::formula_editors_bulk_edit_sequences_and_cancelled_children_unlock_parent ... ok
2026-10-07T22:19:30.4954999Z test formula_editors::formula_editors_cancel_children_and_edit_context_formulae ... ok
2026-10-07T22:19:30.5716249Z test formula_editors::formula_editors_html_rules_validation_processing_and_screenshot ... ok
2026-10-07T22:19:30.6231502Z test formula_editors::formula_editors_json_sidecar_formula_is_saved_with_import_folder ... ok
2026-10-07T22:19:30.6729498Z test formula_editors::formula_editors_sidecar_json_child_applies_to_source_only_on_acceptance ... ok
2026-10-07T22:19:30.7031568Z test formula_editors::formula_editors_simple_downloader_list_saves_cancel_and_unique_names ... ok
2026-10-07T22:19:30.7822205Z test formula_editors::lifecycle_formula_parent_keeps_rule_address_stable ... ok
2026-10-07T22:19:30.8143578Z test formula_editors::lifecycle_string_editors_cancel_descendants_and_reopen ... ok
2026-10-07T22:19:30.9070328Z test formula_editors::recursive_owner_cancel_invalidates_every_depth_and_retained_handle ... ok
2026-10-07T22:19:30.9375047Z test formula_editors::recursive_nested_children_preview_transformed_examples_and_save ... ok
2026-10-07T22:19:30.9982961Z test formula_editors::recursive_second_formula_can_select_every_transformed_example ... ok
2026-10-07T22:19:31.0392839Z test formula_editors::recursive_zipper_queue_matches_reference_and_blocks_parent_mutations ... ok
2026-10-07T22:19:31.0473013Z test ffmpeg_timeout::already_open_importer_captures_old_deadline_saved_apply_changes_next_call_and_no_store_cycle ... ok
2026-10-07T22:19:31.1692506Z test formula_editors::scalar_formula_controls_preview_processing_cancel_and_save ... ok
2026-10-07T22:19:31.1754814Z test formula_editors::zipper_components_exchange_appends_only_formulae_and_exports_selection ... ok
2026-10-07T22:19:31.3445347Z test gallery_source::actual_widget_replays_reference_groups_cancels_and_empty_warnings ... ok
2026-10-07T22:19:31.4774601Z test gallery_source::options_source_child_is_staged_cancel_safe_and_reaches_page_and_subscription ... ok
2026-10-07T22:19:31.5866108Z test frame_locations::frame_options_table_child_staging_and_saved_viewer_geometry_match_reference ... ok
2026-10-07T22:19:31.6778086Z test gui_colours::help_warning_hidden_acknowledgement_toggle_rebind_and_final_bound_drop_are_owned ... ok
2026-10-07T22:19:31.8232243Z test gui_colours::saved_palette_change_during_real_row_fade_discards_old_brushes_without_redecoding ... ok
2026-10-07T22:19:32.3015886Z test gui_colours::fresh_local_membership_live_roles_and_existing_owned_windows_paint_without_palette_changes ... ok
2026-10-07T22:19:32.4921486Z test hash_predicate::all_types_signs_and_empty_hashes_publish_the_recorded_queries ... ok
2026-10-07T22:19:33.0277828Z test hash_predicate::cleanup_replaces_real_typed_text_and_owns_warning_acknowledgement ... ok
2026-10-07T22:19:33.2451465Z test hash_predicate::main_death_and_final_bound_drop_automatically_close_recorded_cleanup_warning ... ok
2026-10-07T22:19:33.4056461Z test headless_lifetime::completed_bound_menus_release_their_pages_rows_and_workers_before_thread_exit ... ok
2026-10-07T22:19:33.5179968Z test headless_lifetime::explicit_ui_scope_teardown_releases_bound_workers_before_thread_exit ... ok
2026-10-07T22:19:33.6258952Z test headless_lifetime::last_collector_hides_visible_components_and_releases_callbacks_and_store ... ok
2026-10-07T22:19:33.6775214Z test gui_format::staged_controls_reopen_and_reach_real_log_rows_and_page_size_status ... ok
2026-10-07T22:19:34.6095875Z test hidden_page_preview::closed_live_canvas_survives_unclose_but_forget_retires_even_retained_search_owner ... ok
2026-10-07T22:19:35.0251421Z test hidden_page_preview::actual_qt_owned_hide_roundtrip_preserves_both_page_intervals_and_normal_restore ... ok
2026-10-07T22:19:35.0979979Z test formula_editors::formula_fetch_decodes_real_documents_updates_preview_and_discards_closed_owner_results ... ok
2026-10-07T22:19:35.5446722Z test hidden_page_preview::normal_pending_page_return_retries_with_return_time_and_rejects_obsolete_reply ... ok
2026-10-07T22:19:35.6015467Z test hidden_page_preview::displaced_global_hide_request_retries_original_time_with_two_workers_and_one_queue ... ok
2026-10-07T22:19:36.3785854Z test hidden_page_preview::pending_hidden_decode_is_page_owned_and_same_key_successor_retires_snapshots_and_replies ... ok
2026-10-07T22:19:36.9226221Z test gui_colours::real_options_stage_all_roles_cancel_hidden_inputs_and_retire_owned_picker ... ok
2026-10-07T22:19:36.9885259Z test hidden_page_preview::same_monitor_persisted_same_keys_fresh_pages_drop_frames_and_reject_late_old_generation ... ok
2026-10-07T22:19:37.0274683Z test hidden_page_preview::snapshot_eviction_redecodes_owned_identity_without_restarting_hidden_intervals ... ok
2026-10-07T22:19:37.3155206Z test idle_timeout_options::unchanged_options_acceptance_normalises_raw_seconds_and_changes_the_existing_live_gate ... ok
2026-10-07T22:19:37.7186272Z test idle_timeout_options::complete_idle_captions_and_actual_none_states_fit_opening_and_capture_sizes ... ok
2026-10-07T22:19:37.9825017Z test image_cache::real_saved_policy_preserves_current_media_and_intervals_then_retires_final_bound_owner ... ok
2026-10-07T22:19:38.1025160Z test idle_timeout_options::staged_timeouts_change_live_browsing_mouse_api_and_autosave_gates_only_after_apply ... ok
2026-10-07T22:19:38.3118052Z test image_colour::paused_animation_keeps_accepted_frame_index_and_pixels_on_icc_notification ... ok
2026-10-07T22:19:38.5187716Z test import_files::files_and_folders_picked_are_reviewed ... ok
2026-10-07T22:19:38.7974962Z test import_files::files_are_imported_with_the_sidecars_tab_routers ... ok
2026-10-07T22:19:38.8934399Z test image_colour::actual_saved_icc_updates_preview_viewer_tiles_and_archive_without_resetting_owned_state ... ok
2026-10-07T22:19:38.9982064Z test image_colour::held_old_colour_reply_cannot_replace_current_or_rebound_canvas_and_ineligible_preview_stays_empty ... ok
2026-10-07T22:19:39.0677327Z test import_files::files_are_imported_with_the_tags_filename_tagging_gives_them ... ok
2026-10-07T22:19:39.1785138Z test import_files::files_given_are_reviewed_then_imported ... ok
2026-10-07T22:19:39.2115000Z test import_folder_log::unsaved_folder_has_owned_empty_log_and_owner_closure_discards_pending_cache ... ok
2026-10-07T22:19:39.3812825Z test import_options::a_highlighted_searchs_own_file_limit_and_import_options_are_edited ... ok
2026-10-07T22:19:39.4819395Z test import_options::a_gallery_pages_import_options_are_edited_for_its_new_searches ... ok
2026-10-07T22:19:39.5346367Z test import_options::a_url_downloaders_import_options_are_edited ... ok
2026-10-07T22:19:39.6686152Z test import_options::favourites_popup_replays_real_dialogs_persists_and_invalidates_children ... ok
2026-10-07T22:19:39.6908877Z test image_cache::speed_memory_helpers_own_wrapped_space_at_preferred_and_capture_sizes ... ok
2026-10-07T22:19:39.7260807Z test import_options::an_import_folders_import_options_are_edited_and_written ... ok
2026-10-07T22:19:39.7794678Z test import_folder_log::copied_cache_replays_reference_child_apply_cancel_and_folder_cancel_then_manager_commit ... ok
2026-10-07T22:19:39.8155535Z test import_options::options_profiles_share_the_parent_draft_without_persisting_children ... ok
2026-10-07T22:19:39.9158666Z test import_options::shared_overwrite_drafts_close_cleanly_and_clipboard_reaches_real_importer ... ok
2026-10-07T22:19:39.9978342Z test import_options_panel::applied_defaults_url_overrides_profiles_and_simple_preference_reach_consumers ... ok
2026-10-07T22:19:40.0544677Z test import_options_panel::options_drafts_replay_clear_reset_simple_mode_and_cancel_without_store_changes ... ok
2026-10-07T22:19:40.0600550Z test importer_list_menu::a_gallery_lists_menu_acts_on_the_pressed_search ... ok
2026-10-07T22:19:40.1605565Z test importer_list_menu::a_watcher_lists_menu_copies_the_pressed_watchers_url ... ok
2026-10-07T22:19:40.2048244Z test importer_list_menu::closed_log_renormalisation_menu_requires_confirmation ... ok
2026-10-07T22:19:40.2321294Z test importer_list_menu::closed_search_log_exchange_retains_real_questions_and_png_children ... ok
2026-10-07T22:19:40.3175680Z Slint: long callback/instantiation chain detected
2026-10-07T22:19:40.3975640Z test info_lines::info_lines_are_the_reference_s ... ok
2026-10-07T22:19:40.5215936Z test info_lines::the_archive_delete_filter_shows_the_top_line_too ... ok
2026-10-07T22:19:40.5529218Z test import_work_slots::actual_importing_controls_cancel_apply_reopen_and_ignore_retired_edits ... ok
2026-10-07T22:19:40.6848482Z test incremental_tagging::real_incremental_child_replays_cancel_apply_memory_and_blocks_parent_mutations ... ok
2026-10-07T22:19:40.7555517Z test list_drag::dragging_across_rows_selects_them ... ok
2026-10-07T22:19:40.7747659Z test info_lines::the_viewer_shows_the_top_line_near_its_top ... ok
2026-10-07T22:19:40.8750943Z test local_transfer::actual_thumbnail_transfer_menu_captures_selection_and_checks_parent_identity ... ok
2026-10-07T22:19:40.9739935Z test local_transfer::native_transfer_yes_no_cancel_and_stale_window_cannot_write ... ok
2026-10-07T22:19:41.0243719Z test login_workflows::credential_entry_masks_password_and_replays_reference_invalid_confirmation ... ok
2026-10-07T22:19:41.0335745Z test login_script_controls::script_information_error_help_and_retired_children_replay_actual_qt ... ok
2026-10-07T22:19:41.4135514Z test local_transfer::staged_options_apply_cancel_reopen_and_retired_successor_callbacks ... ok
2026-10-07T22:19:42.1023131Z test login_workflows::domain_cookie_reset_is_confirmed_immediate_and_survives_parent_cancel ... ok
2026-10-07T22:19:42.1495005Z test login_workflows::domain_menu_credentials_stage_activation_and_persist_only_at_parent_apply ... ok
2026-10-07T22:19:42.3278950Z test login_workflows::embedded_step_cookie_actions_replay_qt_and_retire_matchers_with_the_owner ... ok
2026-10-07T22:19:42.3765471Z test login_workflows::example_domain_stages_match_reference_final_cancel_and_preserve_parent_transaction ... ok
2026-10-07T22:19:42.4113304Z test login_workflows::login_exchange_reviews_without_mutating_then_parent_apply_persists_unique_scripts ... ok
2026-10-07T22:19:43.1046672Z test login_workflows::native_domain_prompts_replay_reference_add_change_delete_and_apply_consumers ... ok
2026-10-07T22:19:43.1415737Z test login_workflows::network_login_scripts_menu_reaches_persisted_editor ... ok
2026-10-07T22:19:43.1779969Z test login_workflows::parent_cancel_discards_pending_domain_description_credentials_and_delete ... ok
2026-10-07T22:19:44.2576920Z test login_workflows::reopened_domain_manager_monitors_and_cancels_actual_engine_owned_demand_process ... ok
2026-10-07T22:19:44.3185721Z test login_workflows::result_review_replays_real_qt_fields_unicode_preview_full_copy_and_stale_close ... ok
2026-10-07T22:19:44.3583406Z test login_workflows::script_definition_matcher_child_stages_until_parent_apply_and_cancel_discards ... ok
2026-10-07T22:19:45.1174628Z test login_workflows::delayed_manual_completion_cannot_overwrite_a_successor_login_outcome ... ok
2026-10-07T22:19:45.2443460Z test login_workflows::script_step_content_preview_apply_and_parent_cancel_are_owned_and_restricted ... ok
2026-10-07T22:19:45.4208286Z test login_script_controls::actual_login_cog_targets_isolated_http_request_and_drops_stale_command ... ok
2026-10-07T22:19:45.4769916Z test login_workflows::sequential_cookie_matchers_replay_reference_titles_defaults_cancel_and_distinct_rows ... ok
2026-10-07T22:19:47.6042695Z test login_workflows::shared_cookie_list_owns_matchers_and_stages_both_script_and_step_consumers ... ok
2026-10-07T22:19:48.7370987Z test login_workflows::script_editor_runs_real_http_with_fresh_cookies_and_reviews_without_saving ... ok
2026-10-07T22:19:48.7789674Z test login_workflows::step_argument_prompts_replay_reference_questions_defaults_cancel_and_stale_owner ... ok
2026-10-07T22:19:48.8782220Z test login_workflows::step_shows_three_reference_argument_lists_with_independent_selection_and_pinned_footer ... ok
2026-10-07T22:19:49.3304829Z test main_identity::actual_middle_press_uses_canonical_tag_location_defaults_and_saved_activation ... ok
2026-10-07T22:19:49.4505258Z test login_workflows::script_test_domain_prompt_replays_memory_cancel_clear_timing_and_real_http ... ok
2026-10-07T22:19:49.5324198Z test login_workflows::domain_login_confirmation_saves_then_real_http_persists_session_and_outcome ... ok
2026-10-07T22:19:49.5658793Z Slint: long callback/instantiation chain detected
2026-10-07T22:19:49.6262658Z Slint: long callback/instantiation chain detected
2026-10-07T22:19:49.6275134Z test main_identity::raw_name_apply_cancel_and_title_refresh_are_scoped_to_the_current_main_binding ... ok
2026-10-07T22:19:49.6404793Z test main_shortcuts::ctrl_page_up_and_down_move_along_the_pages ... ok
2026-10-07T22:19:49.6484519Z test main_identity::stale_file_hidden_closed_reshown_and_rebound_viewers_cannot_launch ... ok
2026-10-07T22:19:49.7501357Z test main_shortcuts::f5_and_ctrl_i ... ok
2026-10-07T22:19:49.7904494Z test manage_ratings::ratings_are_set_copied_pasted_and_applied_as_the_reference_does ... ok
2026-10-07T22:19:49.8538378Z test manage_notes::notes_are_added_edited_and_deleted_as_the_reference_does ... ok
2026-10-07T22:19:49.9715854Z Slint: long callback/instantiation chain detected
2026-10-07T22:19:50.1011993Z test manage_tags::switching_from_empty_service_restores_the_only_suggestion_page ... ok
2026-10-07T22:19:50.3262071Z test manage_tags::tags_are_added_and_removed_as_the_reference_does ... ok
2026-10-07T22:19:50.4775380Z test manage_tags::most_used_panels_filter_only_add_broadcast_and_retire_closed_consumers ... ok
2026-10-07T22:19:50.5479267Z test manage_tag_counts::thumbnail_dialog_replays_deleted_counts_and_retained_callbacks_cannot_mutate_reopened_owner ... ok
2026-10-07T22:19:50.5867966Z Slint: long callback/instantiation chain detected
2026-10-07T22:19:50.6085492Z Slint: long callback/instantiation chain detected
2026-10-07T22:19:50.6490033Z test manage_tags_sort::hidden_main_cannot_launch_or_reshow_child_but_visible_viewer_keeps_its_own_route ... ok
2026-10-07T22:19:50.9156483Z test manage_tags_sort::main_selection_and_viewer_current_file_use_distinct_defaults_and_live_dialog_keeps_its_sort ... ok
2026-10-07T22:19:51.0444967Z Slint: long callback/instantiation chain detected
2026-10-07T22:19:51.0675334Z test manage_tags_sort::rebind_and_accepted_exit_retire_visible_sort_children_and_old_viewer_launcher ... ok
2026-10-07T22:19:51.0772746Z test manage_tags_sort::native_options_stage_cancel_save_reopen_and_reject_retired_sender ... ok
2026-10-07T22:19:51.2316070Z test manage_urls::urls_are_added_removed_and_edited_as_the_reference_does ... ok
2026-10-07T22:19:51.3101087Z test manage_times::times_are_edited_added_and_applied_as_the_reference_does ... ok
2026-10-07T22:19:51.4142184Z test media_actions::confirmation_policy_matches_recorded_actionable_domains_and_counts ... ok
2026-10-07T22:19:51.4272931Z test media_actions::closing_viewer_discards_advanced_deletion_and_reopening_recalls_applied_choice ... ok
2026-10-07T22:19:51.5348901Z test media_shortcuts::alt_and_the_arrows_rearrange_the_selected_thumbnails ... ok
2026-10-07T22:19:51.6800528Z test media_shortcuts::ctrl_c_copies_the_files_themselves ... ok
2026-10-07T22:19:51.6979475Z test media_actions::the_viewer_s_shortcuts_archive_inbox_and_delete ... ok
2026-10-07T22:19:51.7628593Z test login_workflows::step_argument_draft_rejects_duplicates_stages_cancel_and_reaches_actual_http ... ok
2026-10-07T22:19:51.8574947Z test media_shortcuts::ctrl_r_and_ctrl_e ... ok
2026-10-07T22:19:51.9291163Z test media_sort::the_sort_control_offers_namespace_and_rating_sorts ... ok
2026-10-07T22:19:51.9628978Z test media_sort::the_sort_options_come_across_from_hydrus ... ok
2026-10-07T22:19:52.0647737Z test manage_tags_sort::actual_sort_stacks_fit_their_rows_and_scroll_without_overlap_at_both_viewports ... ok
2026-10-07T22:19:52.1250007Z test menu_bar::boot_pause_menu_saves_preference_and_preserves_live_resume ... ok
2026-10-07T22:19:52.1390732Z test menu_bar::clear_and_load_replaces_the_pages_with_a_session ... ok
2026-10-07T22:19:52.2208639Z test menu_bar::keys_open_and_move_through_the_menus ... ok
2026-10-07T22:19:52.3270400Z test menu_bar::sessions_are_saved_from_the_pages_menu ... ok
2026-10-07T22:19:52.3755114Z test menu_bar::the_bar_s_menus_open_and_do_what_they_say ... ok
2026-10-07T22:19:52.5115311Z test media_sort::pages_sort_as_the_reference_s_pages_sort ... ok
2026-10-07T22:19:52.8695016Z test menu_bar::the_pointer_opens_menus_and_chooses_from_them ... ok
2026-10-07T22:19:57.7735064Z test menu_choice_wheel::options_staging_saved_policy_bubbling_and_retired_roots_are_owned ... ok
2026-10-07T22:20:00.3398004Z test menu_choice_wheel::manual_export_tag_choices_read_live_policy_and_publish_real_sidebar_rows ... ok
2026-10-07T22:20:03.2745603Z test menu_choice_wheel::open_manage_tags_reads_live_policy_and_keeps_recorded_type_orders_and_real_rows ... ok
2026-10-07T22:20:03.8005721Z test merge_options::a_rules_custom_merge_options_are_edited ... ok
2026-10-07T22:20:04.3463543Z test merge_options::the_default_merge_options_are_edited_and_written ... ok
2026-10-07T22:20:04.8215340Z test merge_options::the_duplicate_filters_custom_action_merges_by_its_own_options ... ok
2026-10-07T22:20:04.8269850Z test mpv::a_video_plays_into_frames_at_the_size_asked ... ok
2026-10-07T22:20:06.1175185Z test namespace_colours::actual_namespace_questions_cancel_retired_owners_reopen_and_live_colours_replay_qt ... ok
2026-10-07T22:20:06.6092084Z test namespace_colours::blank_native_add_apply_and_return_keep_entry_until_acknowledgement_and_parent_cancel ... ok
2026-10-07T22:20:06.8461310Z test namespace_sorts::applied_scheme_reopens_and_drives_real_ordered_media_and_new_collect_namespace ... ok
2026-10-07T22:20:07.1046296Z test namespace_sorts::queue_replays_real_questions_selection_cancel_and_parent_apply_isolation ... ok
2026-10-07T22:20:07.5823642Z test network_data::bandwidth_filters_chart_multiselect_delete_cancel_live_reset_and_saved_age ... ok
2026-10-07T22:20:08.4635792Z test network_data::bandwidth_history_columns_sort_detail_and_default_kind_routing ... ok
2026-10-07T22:20:09.0228098Z test network_data::bandwidth_rules_cancel_apply_reopen_and_render ... ok
2026-10-07T22:20:09.4745124Z test network_data::jobs_live_progress_commands_and_offline_expiry ... ok
2026-10-07T22:20:09.8305838Z test network_job_control::auto_policy_belongs_to_page_control_and_retires_when_page_closes ... ok
2026-10-07T22:20:10.1896301Z test network_job_control::current_jobs_cog_retries_uses_rules_and_retains_finished_error ... ok
2026-10-07T22:20:11.1124999Z test network_job_control::page_cog_rules_cancel_apply_and_error_owner_boundary ... ok
2026-10-07T22:20:14.0795625Z test menu_choice_wheel::wheel_protocol_emits_single_choice_and_empty_consumes_without_selection ... ok
2026-10-07T22:20:14.0874882Z test network_job_control::retained_error_close_cannot_close_replacement_or_reopened_owner ... ok
2026-10-07T22:20:14.1420751Z test network_sessions::applied_widgets_change_existing_engines_outgoing_requests ... ok
2026-10-07T22:20:17.6114392Z test network_job_control::page_override_reaches_live_engine_and_auto_policy_reaches_next_request ... ok
2026-10-07T22:20:18.9805278Z test network_sessions::automatic_header_dialog_approval_denial_later_and_stale_callbacks ... ok
2026-10-07T22:20:19.1702430Z test network_sessions::browse_create_edit_cancel_apply_and_clear ... ok
2026-10-07T22:20:19.1764807Z test network_sessions::automatic_header_answers_reach_an_existing_engine_request ... ok
2026-10-07T22:20:19.2375210Z test network_sessions::dropping_final_owner_cancels_open_drafts_and_invalidates_child_callbacks ... ok
2026-10-07T22:20:19.2582059Z test network_sessions::cookie_exchange_widgets_confirm_filter_cancel_import_export_and_report_errors ... ok
2026-10-07T22:20:19.3285288Z test network_sessions::headers_validate_duplicate_delete_cancel_reopen_and_persist ... ok
2026-10-07T22:20:19.5468877Z test normal_time_maintenance::dropped_binding_retires_retained_control_and_wakes_its_real_held_wait ... ok
2026-10-07T22:20:19.7209013Z test normal_time_maintenance::normal_time_apply_reaches_waiting_consumer_and_terminal_owner_wakes_without_successor ... ok
2026-10-07T22:20:19.8075379Z test normal_time_maintenance::rebind_wakes_previous_pass_and_preserves_queued_pair_for_current_owner ... ok
2026-10-07T22:20:19.9794308Z Slint: long callback/instantiation chain detected
2026-10-07T22:20:20.0694404Z test normal_time_maintenance::unchecked_normal_flags_block_real_workers_but_current_live_idle_admits_both ... ok
2026-10-07T22:20:20.3473229Z test notebook_new_page::insertion_option_imports_rejects_invalid_cancels_and_changes_real_chooser_consumer ... ok
2026-10-07T22:20:20.4994151Z test notebook_new_page::nested_chooser_freezes_parent_and_anchor_and_cancel_clears_pending_position ... ok
2026-10-07T22:20:20.5975189Z test normal_time_maintenance::staged_controls_cancel_reopen_hidden_retired_and_peer_merge ... ok
2026-10-07T22:20:20.7553467Z test notebook_refresh::advanced_weight_counts_repeated_media_and_both_seed_logs_and_copies_exact_label ... ok
2026-10-07T22:20:20.8639427Z test notebook_new_page::popup_new_page_and_here_replay_real_reference_order_selection_and_cancellation ... ok
2026-10-07T22:20:20.9282851Z test notebook_refresh::notebook_refresh_resumes_initialized_descendants_and_preserves_background_selection ... ok
2026-10-07T22:20:21.0826291Z test notebook_sessions::notebook_session_copies_preserve_media_and_independent_importer_state ... ok
2026-10-07T22:20:21.1334733Z test notebook_sessions::clicked_notebook_saving_replays_names_overwrite_invalid_and_cancellation ... ok
2026-10-07T22:20:21.2725319Z test menu_choice_wheel::real_media_type_wheels_reach_main_and_staged_options_including_unoffered_current ... ok
2026-10-07T22:20:21.8199929Z test notes_preferences::options_cog_cursor_copy_and_live_hover_replay_with_owned_cancel_and_reopen ... ok
2026-10-07T22:20:21.9280059Z test open_externally::file_queue_replays_all_nested_reference_states_and_live_children ... ok
2026-10-07T22:20:21.9625243Z test open_externally::live_local_membership_restore_reaches_the_same_launcher_after_store_reopen ... ok
2026-10-07T22:20:22.6175836Z test notebook_tree::real_tree_mouse_and_keys_replay_cursor_activation_and_preserved_child_expansion ... ok
2026-10-07T22:20:22.8785324Z test open_externally::outer_mime_mapping_reference_replay_saved_keys_delete_and_retired_children ... ok
2026-10-07T22:20:22.8965126Z test open_externally::saved_registered_vectors_feed_actual_main_live_viewer_and_url_pipeline ... ok
2026-10-07T22:20:23.0321007Z Slint: long callback/instantiation chain detected
2026-10-07T22:20:23.1255229Z test open_externally::saved_routes_reach_main_and_live_viewer_os_fallback_and_missing_owned_notice ... ok
2026-10-07T22:20:23.1423147Z test open_externally::shortcut_and_routing_children_exclude_each_other_and_cancel_staged_changes ... ok
2026-10-07T22:20:23.2566951Z test open_externally::options_routes_replay_qt_owned_choosers_cancel_order_apply_reopen_and_retirement ... ok
2026-10-07T22:20:23.3480492Z test options_window::applied_session_backup_count_controls_the_next_save ... ok
2026-10-07T22:20:23.3642588Z test menu_choice_wheel::physical_media_order_changes_results_and_native_pointer_still_opens_and_chooses ... ok
2026-10-07T22:20:23.4384872Z test options_window::advanced_deletion_queue_stages_custom_reason_cancel_and_real_consumer ... ok
2026-10-07T22:20:23.6055952Z Slint: long callback/instantiation chain detected
2026-10-07T22:20:23.6675327Z test options_window::cancelled_closing_options_and_stale_viewers_cannot_redirect_the_live_owner ... ok
2026-10-07T22:20:23.9495309Z test options_window::command_palette_options_stage_queue_changes_and_persist_only_on_apply ... ok
2026-10-07T22:20:23.9735556Z test options_window::banner_options_match_qt_drafts_and_refresh_cached_thumbnails_and_open_viewer ... ok
2026-10-07T22:20:24.1777636Z test options_window::canvas_options_apply_to_the_open_viewer_and_cancel_discards_the_draft ... ok
2026-10-07T22:20:24.4035119Z test options_window::default_export_directory_browse_apply_cancel_and_manual_open_use_shared_preference ... ok
2026-10-07T22:20:24.5295528Z test options_window::default_local_location_child_draft_drives_blank_pages_and_tag_fallback ... ok
2026-10-07T22:20:24.5325010Z test options_window::cursor_timeout_reaches_native_motion_timer_focus_and_actual_popup_lifecycle ... ok
2026-10-07T22:20:24.5341567Z test options_window::eye_menu_mixed_root_boundaries_match_the_recorded_menu_and_real_declaration_order ... ok
2026-10-07T22:20:24.7418623Z test options_window::default_search_service_option_changes_new_pages_and_missing_keys_fall_back ... ok
2026-10-07T22:20:24.8405243Z test options_window::favourite_tags_child_replays_reference_and_waits_for_parent_apply ... ok
2026-10-07T22:20:25.1315356Z test options_window::files_trash_confirmations_are_staged_reopened_and_consumed ... ok
2026-10-07T22:20:25.5456770Z test options_window::gui_identity_and_exit_confirmation_reach_the_main_window ... ok
2026-10-07T22:20:25.7350041Z test options_window::closing_preferences_reach_frozen_page_selection_and_native_main_activation ... ok
2026-10-07T22:20:26.6894175Z test options_window::hash_prefix_option_reaches_selected_and_focused_clipboard_hashes ... ok
2026-10-07T22:20:27.1265091Z test options_window::hover_options_apply_to_actual_mouseover_panels_and_passive_index_text ... ok
2026-10-07T22:20:27.4640009Z test options_window::implicit_limit_options_reach_queries_and_limited_sort_refresh ... ok
2026-10-07T22:20:28.1317634Z test options_window::most_used_child_stages_each_service_cancels_descendants_and_persists_options ... ok
2026-10-07T22:20:28.3486846Z test options_window::notebook_focus_option_changes_the_next_tab_close ... ok
2026-10-07T22:20:28.5693166Z test options_window::options_remember_navigation_and_apply_search_placement ... ok
2026-10-07T22:20:29.7085595Z test options_window::hover_zoom_and_loop_options_reach_owned_viewers_and_survive_cancel_and_reopen ... ok
2026-10-07T22:20:30.8924206Z test options_window::pointer_options_change_real_drag_acceptance_and_cursor_transitions ... ok
2026-10-07T22:20:31.7253524Z test options_window::focus_options_reach_native_activity_and_actual_mouseover_gates ... ok
2026-10-07T22:20:31.9276953Z test options_window::regex_favourites_open_from_options_and_keep_parent_transaction ... ok
2026-10-07T22:20:32.0975752Z Slint: long callback/instantiation chain detected
2026-10-07T22:20:32.3015341Z test options_window::read_list_sizes_and_float_policy_reach_rendered_new_pages ... ok
2026-10-07T22:20:32.5045756Z test options_window::removed_default_service_falls_back_in_options_and_waits_for_apply ... ok
2026-10-07T22:20:32.8115109Z test options_window::related_weight_drafts_cancel_reopen_and_re_rank_an_already_open_service_panel ... ok
2026-10-07T22:20:33.0775157Z test options_window::search_defaults_apply_to_new_pages_and_the_real_autocomplete ... ok
2026-10-07T22:20:33.3832869Z test options_window::sleep_options_apply_to_the_network_consumer_and_cancel_drafts ... ok
2026-10-07T22:20:33.5175308Z test options_window::resize_and_seek_options_reach_the_native_viewer_geometry ... ok
2026-10-07T22:20:33.9855731Z test options_window::subscription_concurrency_options_replay_bounds_parent_apply_cancel_and_reopen ... ok
2026-10-07T22:20:34.0000185Z test options_window::subscription_failure_limit_options_replay_qt_values_apply_cancel_and_reopen ... ok
2026-10-07T22:20:34.2034352Z test options_window::the_checker_options_buttons_edit_the_default_checker_options ... ok
2026-10-07T22:20:34.3105919Z test options_window::tag_dialog_service_dropdown_tracks_remember_checkbox_and_parent_transaction ... ok
2026-10-07T22:20:34.3295379Z test options_window::eye_menu_collapse_options_stage_reopen_and_rebuild_the_existing_browser_viewer ... ok
2026-10-07T22:20:34.4194451Z test options_window::the_default_collect_is_chosen_as_a_pages_collect ... ok
2026-10-07T22:20:34.5437519Z test options_window::the_default_tag_sorts_are_chosen ... ok
2026-10-07T22:20:34.5438999Z test options_window::the_default_sorts_are_chosen_as_a_pages_sort ... ok
2026-10-07T22:20:34.7354015Z test options_window::the_options_window_applies_its_changes ... ok
2026-10-07T22:20:34.7375549Z test options_window::the_thumbnail_rating_options_redraw_the_grid ... ok
2026-10-07T22:20:35.0215023Z test options_window::the_thumbnails_border_and_margin_lay_out_the_grid ... ok
2026-10-07T22:20:35.1835331Z test options_window::thumbnails_take_the_size_the_options_give_them ... ok
2026-10-07T22:20:35.8750728Z test options_window::viewing_menu_preferences_apply_to_real_menu_lines_and_cancel_preserves_them ... ok
2026-10-07T22:20:36.0806193Z test options_window::passive_background_options_paint_independent_copies_behind_opaque_media ... ok
2026-10-07T22:20:36.2161366Z test or_connector::actual_options_raw_connector_preserves_live_or_label_colour_query_and_retired_owner ... FAILED
2026-10-07T22:20:36.3015103Z test page_navigation_options::real_close_questions_cancel_and_undo_preserve_nested_trees_and_session_exemption ... ok
2026-10-07T22:20:36.3421085Z test page_navigation_options::applied_controls_reopen_and_drive_history_and_search_focus ... ok
2026-10-07T22:20:36.4922656Z test page_scroll::a_page_shown_again_is_scrolled_as_it_was_left ... ok
2026-10-07T22:20:36.5229022Z test options_window::viewing_timing_options_reach_real_viewer_and_archive_filter_lifetimes ... ok
2026-10-07T22:20:36.5620157Z test parser_editors::canceled_stale_nested_windows_and_invalid_fields_never_overwrite ... ok
2026-10-07T22:20:36.6101208Z test parser_editors::deletion_confirmation_is_modal_and_removes_only_its_snapshotted_keys ... ok
2026-10-07T22:20:37.0203580Z test page_chooser_options::checkbox_drafts_cancel_apply_reopen_and_choose_exact_reference_locations ... ok
2026-10-07T22:20:37.0582382Z test parser_editors::link_apply_rejects_a_class_changed_to_a_file_in_another_editor ... ok
2026-10-07T22:20:37.0738631Z test parser_editors::content_test_panel_fetches_raw_data_and_hands_it_to_its_formula ... ok
2026-10-07T22:20:37.1380049Z test parser_editors::multiple_examples_restore_sources_and_propagate_converted_selected_child_data ... ok
2026-10-07T22:20:37.1422752Z test parser_editors::links_auto_fill_and_api_review_reproduce_reference_and_preserve_installed_consumers ... ok
2026-10-07T22:20:37.1875504Z test parser_editors::namespace_control_is_disabled_without_losing_its_saved_text ... ok
2026-10-07T22:20:37.2489825Z test parser_editors::owned_parser_picker_and_clear_questions_replay_reference_and_reach_live_resolver ... ok
2026-10-07T22:20:37.3264481Z test parser_editors::native_page_content_apply_roundtrip_preserves_subsidiary_and_formula ... ok
2026-10-07T22:20:38.1228574Z test page_navigation_options::switching_to_each_importer_focuses_its_actual_query_or_url_text_input ... ok
2026-10-07T22:20:38.1635096Z test parser_editors::raw_content_preview_preserves_clipboard_context_and_detects_fetched_png_bytes ... ok
2026-10-07T22:20:38.1902725Z test parser_editors::recursive_formula_edits_reach_saved_page_parser_and_consumer ... ok
2026-10-07T22:20:38.2338194Z test parser_editors::reusable_content_kinds_remap_restricted_choices_and_preserve_login_context ... ok
2026-10-07T22:20:38.2799217Z test parser_editors::sorted_parser_rows_and_sparse_link_rows_select_the_visible_definition ... ok
2026-10-07T22:20:38.2963099Z test parser_editors::recursive_subsidiary_creation_is_staged_and_owner_cancels_descendants ... ok
2026-10-07T22:20:38.3378237Z test parser_editors::subsidiary_edits_preserve_nested_page_identity_and_cancel_metadata_without_prompt ... ok
2026-10-07T22:20:38.3533766Z test parser_editors::subsidiary_export_uses_owned_reference_png_parameters_and_discards_stale_export ... ok
2026-10-07T22:20:38.4629193Z test parser_editors::subsidiary_queue_exchange_is_staged_preserves_wrappers_and_reaches_saved_parser ... ok
2026-10-07T22:20:38.4732322Z test parser_editors::subsidiary_separator_uses_converted_data_preserves_newlines_and_saves ... ok
2026-10-07T22:20:38.5221392Z test parser_editors::url_class_links_are_staged_cancel_safe_and_refresh_capability ... ok
2026-10-07T22:20:38.8173541Z test parser_editors::timestamp_content_has_only_source_choice_and_persists_real_parsed_metadata ... ok
2026-10-07T22:20:38.9334039Z test physical_delete_delay::actual_fields_cancel_raw_apply_reopen_hidden_retired_and_rebind_ownership ... ok
2026-10-07T22:20:39.0255469Z test parser_editors::fetched_page_examples_use_actual_network_headers_cookies_context_and_child_converter ... ok
2026-10-07T22:20:39.1396884Z test popup_freeze::real_options_cancel_reopen_concurrent_fields_hidden_and_retired_children_do_not_write ... ok
2026-10-07T22:20:39.2527000Z test popup_job_actions::accepted_close_and_rebinding_retire_queued_calls_even_with_retained_windows_and_bindings ... ok
2026-10-07T22:20:39.4192277Z test popup_job_actions::clipboard_and_repeatable_current_callable_reach_real_native_controls_and_store_effects ... ok
2026-10-07T22:20:39.5218162Z test popup_job_actions::cloned_bound_keeps_popup_actions_live_until_its_last_owner_drops ... ok
2026-10-07T22:20:40.1042695Z test parser_editors::page_fetch_error_menu_retains_completed_failure_and_clears_at_next_request ... ok
2026-10-07T22:20:40.2110850Z test popup_job_actions::removed_question_tokens_and_retired_producers_cannot_answer_successors ... ok
2026-10-07T22:20:40.2357947Z test popup_freeze::hidden_rebind_and_accepted_close_retire_ui_only_and_never_admit_to_a_successor ... ok
2026-10-07T22:20:40.4408205Z test popup_job_actions::long_question_and_action_controls_render_with_fixed_and_narrow_popup_caps ... ok
2026-10-07T22:20:40.4466220Z test popup_job_actions::yes_and_no_dismiss_the_popup_and_reach_the_retained_producer_once ... ok
2026-10-07T22:20:41.0175218Z test popup_freeze::queued_jobs_expire_and_change_under_frozen_cards_then_restore_and_live_false_resume ... ok
2026-10-07T22:20:41.4155813Z Slint: long callback/instantiation chain detected
2026-10-07T22:20:41.5641052Z test popup_width::pending_eleventh_card_snapshots_on_admission_and_row_removal_keeps_old_policies ... ok
2026-10-07T22:20:41.6126708Z test popups::popups_show_at_the_bottom_right_and_their_buttons_work ... ok
2026-10-07T22:20:41.6898177Z test predicate_editors::each_change_to_a_panel_makes_what_the_reference_s_makes ... ok
2026-10-07T22:20:41.7164565Z test predicate_editors::each_editor_is_the_reference_s ... ok
2026-10-07T22:20:41.8331713Z test predicate_editors::imported_predicate_defaults_reach_panels_and_reset_never_resurrects_legacy_values ... ok
2026-10-07T22:20:41.9866596Z test predicate_editors::native_viewtime_milliseconds_survive_accept_recent_reopen_and_cancel ... ok
2026-10-07T22:20:42.0948092Z test predicate_editors::panels_set_in_several_ways_make_what_the_reference_s_make ... ok
2026-10-07T22:20:42.2751088Z test predicate_editors::predicate_star_save_and_reset_survive_cancel_and_reach_future_searches ... ok
2026-10-07T22:20:42.4421461Z test predicate_editors::regex_star_save_is_immediate_but_acceptance_checks_and_viewtime_keeps_milliseconds ... ok
2026-10-07T22:20:42.6187029Z test predicate_editors::the_editor_window_adds_what_it_makes_to_the_search ... ok
2026-10-07T22:20:42.7857876Z test predicate_editors::the_editor_window_shows_what_trees_and_buttons_change ... ok
2026-10-07T22:20:42.9115123Z test predicate_editors::more_suggestions_than_fit_scroll_rather_than_spill_over ... ok
2026-10-07T22:20:42.9205659Z test predicate_editors::the_empty_search_box_offers_the_reference_s_system_predicates ... ok
2026-10-07T22:20:43.0409569Z test predicate_history::undo_retains_populated_locked_media_badge_and_raw_menu_labels ... ok
2026-10-07T22:20:43.1074821Z test predicate_history::recorded_global_history_reaches_visible_locked_restored_and_empty_pages ... ok
2026-10-07T22:20:43.4896090Z test preview_default_zoom::held_raster_acceptance_samples_saved_preview_policy_without_restart_or_prohibited_admission ... ok
2026-10-07T22:20:43.8942051Z test popup_width::options_cancel_apply_successor_stale_callbacks_and_real_popup_geometry ... ok
2026-10-07T22:20:43.9856112Z test preview_viewing::native_page_generation_same_file_restore_and_late_decode_cannot_publish_to_successor ... ok
2026-10-07T22:20:44.0175445Z Slint: long callback/instantiation chain detected
2026-10-07T22:20:44.1119307Z Slint: long callback/instantiation chain detected
2026-10-07T22:20:44.3576755Z test preview_viewing::native_preview_minimum_cap_before_minimum_none_limits_and_inactive_finish ... ok
2026-10-07T22:20:44.4775099Z Slint: long callback/instantiation chain detected
2026-10-07T22:20:44.6505318Z test preview_viewing::preview_display_replays_qt_page_splitter_active_clear_close_and_successor_ownership ... ok
2026-10-07T22:20:44.7875044Z Slint: long callback/instantiation chain detected
2026-10-07T22:20:44.8512996Z Slint: long callback/instantiation chain detected
2026-10-07T22:20:45.2563034Z Slint: long callback/instantiation chain detected
2026-10-07T22:20:45.3164973Z test preview_viewing::preview_workers_bound_slow_decodes_and_coalesce_the_latest_owned_target ... ok
2026-10-07T22:20:45.3938702Z test preview_default_zoom::real_options_cancel_reopen_six_modes_paint_clipped_geometry_and_preserve_current_on_save ... ok
2026-10-07T22:20:45.4313420Z Slint: long callback/instantiation chain detected
2026-10-07T22:20:45.5042136Z Slint: long callback/instantiation chain detected
2026-10-07T22:20:45.5245330Z test preview_viewing::preview_rejects_actual_reference_nonlocal_invalid_resolution_and_do_not_show_statuses ... ok
2026-10-07T22:20:45.6955604Z test preview_viewing::rejected_preview_decode_never_counts_a_thumbnail_selection_or_loading_placeholder ... ok
2026-10-07T22:20:45.8595272Z test quick_export_directory::hidden_rebound_closed_and_reentrant_resolver_owners_cannot_launch_or_create ... ok
2026-10-07T22:20:45.9021897Z test quick_export_directory::actual_file_menu_replays_saved_paths_fallback_errors_cancel_and_reopen ... ok
2026-10-07T22:20:46.4865121Z test preview_viewing::saved_preview_options_reach_open_display_duration_cap_cancel_and_confirmed_client_exit ... ok
2026-10-07T22:20:46.8827284Z test radio_return::actual_advanced_delete_action_reason_defaults_and_retained_owners_follow_live_policy ... ok
2026-10-07T22:20:46.9599279Z test radio_return::gui_options_cancel_hidden_stale_apply_save_reopen_and_live_existing_editor ... ok
2026-10-07T22:20:47.3915253Z test radio_return::unforced_parent_default_accepts_live_but_final_bound_retirement_is_permanent ... ok
2026-10-07T22:20:47.7014363Z test ratings::a_file_s_ratings_are_set_by_clicks ... ok
2026-10-07T22:20:47.7015687Z test ratings::clicks_along_stars_set_them_as_the_reference_s_do ... ok
2026-10-07T22:20:47.7612126Z test rating_sizes::sizes_replay_owned_options_and_reach_dialog_and_service_examples_after_reopen ... ok
2026-10-07T22:20:47.8644710Z test radio_return::all_recorded_filesize_hash_groups_accept_with_live_policy_and_preserve_multiline_consumption ... ok
2026-10-07T22:20:47.9072470Z test read_autocomplete::literal_parent_activation_children_removal_and_negative_restore_match_qt ... ok
2026-10-07T22:20:48.1195381Z test read_autocomplete::real_page_tabs_apply_caps_keep_zero_count_descendants_and_restore_context ... ok
2026-10-07T22:20:48.2147757Z test read_or::native_or_keys_replay_drafts_and_commit_real_query_without_saving_cancelled_terms ... ok
2026-10-07T22:20:48.3732494Z test recent_predicates::the_editor_window_keeps_and_shows_recent_predicates ... ok
2026-10-07T22:20:48.4397726Z test read_or::actual_basic_and_advanced_children_apply_cancel_reopen_and_reject_stale_owners ... ok
2026-10-07T22:20:48.4906133Z test regex_favourites::favourite_window_stages_advisory_invalid_rows_and_cancels_retained_handles ... ok
2026-10-07T22:20:48.5025295Z test regex_favourites::failed_last_conversion_write_keeps_the_child_and_parent_draft_open ... ok
2026-10-07T22:20:48.6575197Z test regex_favourites::last_conversion_child_acceptance_survives_parent_cancel_and_fresh_slots ... ok
2026-10-07T22:20:48.6745165Z test regex_favourites::matcher_favourite_popup_copies_refreshes_and_owns_persisted_management ... ok
2026-10-07T22:20:48.8189062Z test regex_favourites::shared_regex_menus_copy_without_changing_text ... ok
2026-10-07T22:20:48.8287164Z test regex_favourites::matcher_favourites_manager_saves_global_choices_and_parent_cancel_closes_it ... ok
2026-10-07T22:20:48.8445183Z test related_weight_table::owned_weight_headers_and_table_switches_replay_qt_without_changing_cancelled_settings ... ok
2026-10-07T22:20:48.9846013Z test read_or::system_children_gate_immediate_durable_actions_on_hidden_switched_and_locked_owners ... ok
2026-10-07T22:20:48.9866077Z test scanbar::configured_nub_width_seeks_the_recorded_animation_frames ... ok
2026-10-07T22:20:48.9885120Z test scanbar::the_bar_shows_and_seeks_as_the_reference_s_does ... ok
2026-10-07T22:20:49.0448472Z test scanbar::a_file_that_plays_seeks_by_its_bar_and_by_key ... ok
2026-10-07T22:20:49.1222491Z test search_domains::new_search_pages_search_the_default_tag_service ... ok
2026-10-07T22:20:49.1426871Z test search_domains::the_domain_buttons_are_the_references ... ok
2026-10-07T22:20:49.1883708Z test regex_options_editor::real_options_saved_input_chooser_crud_cancel_apply_and_retired_owners_match_qt ... ok
2026-10-07T22:20:49.3007563Z test search_domains::the_domain_buttons_change_what_the_page_searches ... ok
2026-10-07T22:20:49.3380764Z test search_lock::a_saved_session_keeps_the_lock ... ok
2026-10-07T22:20:49.3586926Z test search_lock::a_page_opened_on_files_is_locked_to_them ... ok
2026-10-07T22:20:49.4512886Z test search_lock::locking_a_search_asks_first ... ok
2026-10-07T22:20:49.5011595Z test search_lock::the_open_menu_s_pages_are_the_reference_s ... ok
2026-10-07T22:20:49.5486393Z test search_log::exchange_confirmations_png_objects_and_owner_cancel_reach_the_persisted_queue ... ok
2026-10-07T22:20:49.6520451Z test search_log::the_search_log_lists_a_queues_pages_and_acts_on_them ... ok
2026-10-07T22:20:49.6545015Z Slint: long callback/instantiation chain detected
2026-10-07T22:20:49.6706226Z test search_page::predicates_are_entered_as_the_reference_s_list_takes_them ... ok
2026-10-07T22:20:49.7527328Z test search_page::system_predicate_counts_are_for_the_page_s_file_domain ... ok
2026-10-07T22:20:49.7972750Z test search_page::tags_are_shown_as_the_user_has_them_shown ... ok
2026-10-07T22:20:50.1214389Z test selected_deletion_records::actual_menu_and_answer_replay_clear_only_captured_records_and_enable_reimport ... ok
2026-10-07T22:20:50.2396086Z Slint: long callback/instantiation chain detected
2026-10-07T22:20:50.2445131Z Slint: long callback/instantiation chain detected
2026-10-07T22:20:50.2697169Z Slint: long callback/instantiation chain detected
2026-10-07T22:20:50.3296410Z test selected_deletion_records::hidden_stale_page_rebound_and_accepted_exit_cannot_clear_captured_records ... ok
2026-10-07T22:20:50.3785051Z test popup_width::real_cards_follow_qt_min_max_fixed_gauge_and_wrapped_text_boundaries ... ok
2026-10-07T22:20:50.5665309Z test selected_deletion_records::tab_roundtrip_permanently_invalidates_menu_and_answer_and_advanced_child_blocks_dispatch ... ok
2026-10-07T22:20:50.6214648Z test services_editor::deleting_relation_source_refreshes_open_viewer_and_locked_selection ... ok
2026-10-07T22:20:50.6828483Z test search_page::a_search_page_finds_files_and_shows_their_thumbnails ... ok
2026-10-07T22:20:50.8431647Z test services_editor::one_star_rating_preview_replays_four_samples_and_preserves_saved_normalization ... ok
2026-10-07T22:20:51.0806586Z test services_editor::staged_rating_config_applies_and_cancel_writes_nothing ... ok
2026-10-07T22:20:51.2782680Z test services_review::deleted_record_review_needs_both_answers_and_reopens_with_import_consumer_changed ... ok
2026-10-07T22:20:51.7595189Z test services_review::local_bulk_review_replays_confirmations_store_changes_and_reopens ... ok
2026-10-07T22:20:51.9295941Z test services_review::replacing_review_cancels_pending_deleted_clear_and_retained_owner_cannot_write ... ok
2026-10-07T22:20:51.9945238Z test services_editor::live_rating_examples_stage_only_configuration_and_retire_cancelled_owners ... ok
2026-10-07T22:20:52.1055337Z test services_review::services_menu_opens_review_and_refreshes ... ok
2026-10-07T22:20:52.2225185Z test session::a_double_click_on_a_tab_rows_empty_space_chooses_a_page_for_it ... ok
2026-10-07T22:20:52.2825117Z test session::a_gallery_downloader_page_shows_and_controls_its_searches ... ok
2026-10-07T22:20:52.3652104Z test session::a_local_import_page_shows_and_controls_its_import ... ok
2026-10-07T22:20:52.4175157Z test session::a_saved_session_appends_as_a_page_of_pages ... ok
2026-10-07T22:20:52.5508437Z test session::a_url_downloader_page_shows_and_controls_its_queue ... ok
2026-10-07T22:20:52.6085095Z test session::a_watcher_downloader_page_shows_and_controls_its_watchers ... ok
2026-10-07T22:20:52.6817540Z test session::bulk_tab_close_matches_reference_and_undo_restores_nested_positions ... ok
2026-10-07T22:20:52.8005232Z test session::chooser_new_notebook_name_preference_matches_reference_and_persists ... ok
2026-10-07T22:20:52.8075030Z test session::collapse_empty_nested_notebook_has_no_hash_lock_and_one_replacement ... ok
2026-10-07T22:20:52.9395181Z test session::downloader_backup_and_freshest_load_survive_source_queue_deletion ... ok
2026-10-07T22:20:52.9930805Z test selected_deletion_records::actual_question_buttons_keys_and_retired_press_clear_only_captured_records ... ok
2026-10-07T22:20:53.0676546Z test session::historical_session_append_restores_independent_tree_files_and_selection ... ok
2026-10-07T22:20:53.1600578Z test session::pages_open_and_close_as_the_reference_does ... ok
2026-10-07T22:20:53.1895595Z test session::queues_of_pages_left_closed_go_when_the_client_opens ... ok
2026-10-07T22:20:53.2299689Z test session::duplicate_and_collapse_menus_replay_real_ordered_media_and_cancellation ... ok
2026-10-07T22:20:53.3378605Z test session::rename_tab_uses_frozen_key_and_cancellation_preserves_name ... ok
2026-10-07T22:20:53.3576649Z test session::send_down_keeps_nested_selection_and_open_search_objects ... ok
2026-10-07T22:20:53.4732984Z test session::tab_close_focus_settings_and_context_navigation_reach_consumers ... ok
2026-10-07T22:20:53.4749373Z test session::tab_menu_pages_lists_the_clicked_notebooks_media_pages_as_the_reference_does ... ok
2026-10-07T22:20:53.5909281Z test session::send_down_and_rename_prompts_match_reference_including_cancellation ... ok
2026-10-07T22:20:53.6035563Z test session::tab_reordering_keeps_nested_notebooks_and_shown_leaf ... ok
2026-10-07T22:20:53.6890499Z test session::tab_popup_bulk_close_cancellation_and_acceptance_are_wired ... ok
2026-10-07T22:20:53.7235343Z test session::tab_size_sort_sums_open_nested_media_and_keeps_stable_ties ... ok
2026-10-07T22:20:53.7737178Z Slint: long callback/instantiation chain detected
2026-10-07T22:20:53.9062998Z test session::the_pages_are_kept_for_the_client_api_and_do_what_it_asks ... ok
2026-10-07T22:20:53.9094300Z test session_autosave::application_focus_observer_preserves_transient_none_and_identifies_other_windows ... ok
2026-10-07T22:20:54.1533574Z test session_autosave::actual_key_and_pointer_events_reset_idle_and_other_startup_stops_autosave ... ok
2026-10-07T22:20:54.1604828Z test session_autosave::applied_idle_and_period_controls_drive_real_archives_with_unchanged_suppression ... ok
2026-10-07T22:20:54.2652803Z test session::the_last_session_opens_as_it_was_left ... ok
2026-10-07T22:20:54.2683722Z test session_autosave::native_focus_registry_delivers_to_owned_callback_once_and_releases_dead_viewers ... ok
2026-10-07T22:20:54.3096086Z test session_autosave::auxiliary_native_window_events_reset_only_input_idle_and_preserve_autosave_retry ... ok
2026-10-07T22:20:54.4036732Z test session_autosave::non_page_api_activity_marker_drives_idle_retry_and_expiry_after_reopen ... ok
2026-10-07T22:20:54.4511402Z test session_startup::bad_shutdown_recovery_replays_real_yes_no_close_timeout_and_blank_bypasses ... ok
2026-10-07T22:20:54.5158312Z test session_startup::named_startup_restores_ordered_media_selection_and_independent_importer_snapshot ... ok
2026-10-07T22:20:54.5175101Z test session_startup::running_marker_survives_interrupted_boot_and_clears_only_explicit_clean_finish ... ok
2026-10-07T22:20:54.5882419Z test session_startup::recovery_keeps_displayed_name_if_preferences_change_and_clean_startup_skips_question ... ok
2026-10-07T22:20:54.7061362Z test session_autosave::applied_size_warning_creates_exact_popup_once_and_resets_only_at_new_boot ... ok
2026-10-07T22:20:54.7084335Z test session_startup::startup_dropdown_cancels_invalid_choice_and_applies_frozen_named_session_selection ... ok
2026-10-07T22:20:54.7765336Z test set_password::cancelled_and_closed_password_owners_cannot_clear_or_replace_the_lock ... ok
2026-10-07T22:20:54.7835121Z test session_startup::startup_replays_real_blank_missing_last_and_named_trees_and_initial_schedule ... ok
2026-10-07T22:20:54.8225723Z test set_password::actual_password_dialogs_persist_the_six_recorded_outcomes ... ok
2026-10-07T22:20:54.8575886Z test set_password::hidden_replaced_and_dropped_password_slots_cannot_mutate_a_successor ... ok
2026-10-07T22:20:54.9905660Z test shortcut_capture::accepted_main_close_retires_saved_shortcuts_even_after_show_and_fresh_binding_reopens ... ok
2026-10-07T22:20:54.9924928Z test shortcut_capture::raw_backend_key_location_and_modifier_identity_reach_the_same_capture_contract ... ok
2026-10-07T22:20:55.0205119Z test shortcut_capture::command_and_set_cancel_reject_stale_children_and_preserve_successor_drafts ... ok
2026-10-07T22:20:55.2625185Z test shortcut_capture::saved_mouse_and_keyboard_captures_feed_existing_viewer_navigation_and_guard_closed_owners ... ok
2026-10-07T22:20:55.3215226Z test shortcut_capture::keyboard_capture_applies_through_owned_set_then_options_and_saved_main_executor ... ok
2026-10-07T22:20:55.4463971Z Slint: long callback/instantiation chain detected
2026-10-07T22:20:55.8128012Z test services_editor::numerical_examples_drag_and_fraction_text_use_the_whole_widget_hit_area ... ok
2026-10-07T22:20:55.9235303Z test sibling_connector::persisted_custom_empty_and_unicode_connectors_render_without_changing_tags ... ok
2026-10-07T22:20:56.0337378Z Slint: long callback/instantiation chain detected
2026-10-07T22:20:56.1719091Z test sidebar_context_cogs::default_collect_cog_stages_cancels_reopens_and_rejects_retired_menu_actions ... ok
2026-10-07T22:20:56.5125168Z Slint: long callback/instantiation chain detected
2026-10-07T22:20:56.6240356Z test sidebar_context_cogs::sidebar_actions_replay_all_service_display_and_unmatched_media_outputs ... ok
2026-10-07T22:20:56.8197739Z test sibling_colours::options_cancel_retired_apply_reopen_and_all_segmented_native_consumers ... ok
2026-10-07T22:20:57.5778299Z test sidebar_layout::live_hide_setting_keeps_accepted_preview_refuses_replacements_and_collapse_retains_selection ... ok
2026-10-07T22:20:58.3092041Z test sidebar_layout::rebind_retires_preview_under_predecessor_splitter_before_successor_hides_it ... ok
2026-10-07T22:20:58.5424944Z test sidecars::a_routers_processing_is_edited_in_the_string_processor_editor ... ok
2026-10-07T22:20:58.6949010Z test sidecars::a_sidecars_filename_conversion_is_edited_in_the_converter_editor ... ok
2026-10-07T22:20:58.8475096Z test sidecars::an_export_folders_sidecars_come_from_the_templates ... ok
2026-10-07T22:20:59.0465093Z test sidecars::an_import_folders_sidecars_are_edited_and_written ... ok
2026-10-07T22:20:59.1732267Z test sidecars::closing_manual_export_discards_its_pending_router_exchange ... ok
2026-10-07T22:20:59.1898618Z test sidecars::date_conversion_fields_preview_and_cancel_reach_the_converter ... ok
2026-10-07T22:20:59.8318206Z test sidecars::export_folder_query_examples_refresh_media_and_reach_source_children ... ok
2026-10-07T22:21:00.0215405Z test sidecars::json_object_names_use_staged_text_children_and_saved_router_worker ... ok
2026-10-07T22:21:00.1374979Z test sidecars::processing_exchange_reviews_append_and_parent_cancel_invalidates_children ... ok
2026-10-07T22:21:00.3564976Z test sidecars::router_examples_follow_reference_source_tabs_and_processor_children_without_exports ... ok
2026-10-07T22:21:00.4865398Z test sidecars::router_import_child_obeys_hidden_cancel_replacement_and_dropped_owner ... ok
2026-10-07T22:21:00.7561355Z test sidecars::router_import_replays_permitted_subsets_and_ordered_png_failures ... ok
2026-10-07T22:21:00.9570666Z test sidecars::router_png_child_has_recorded_parameters_and_closes_with_its_queue_owner ... ok
2026-10-07T22:21:01.1575073Z test sidecars::router_queue_exchange_is_staged_context_checked_and_reaches_manual_export ... ok
2026-10-07T22:21:01.4125170Z test simple_downloader::a_simple_downloader_page_queues_pages_with_its_formula ... ok
2026-10-07T22:21:02.1966326Z test slideshow::a_slideshow_moving_on_leaves_the_menu_and_questions_with_their_file ... ok
2026-10-07T22:21:02.4745600Z test sidebar_context_cogs::actual_tag_display_menu_changes_modes_captures_checks_and_rejects_retired_view_actions ... ok
2026-10-07T22:21:02.4911772Z test slideshow::files_with_durations_bend_the_period_as_the_reference_s ... ok
2026-10-07T22:21:02.5061635Z test slideshow::the_slideshow_menu_is_the_reference_s ... ok
2026-10-07T22:21:02.6267506Z test sidebar_layout::pressed_old_handle_cannot_resize_same_key_successor_binding_or_same_session_reload ... ok
2026-10-07T22:21:02.7430555Z test status_bar::a_search_page_says_why_it_is_empty ... ok
2026-10-07T22:21:03.9678714Z test status_bar::the_main_window_says_what_the_network_has_read_and_what_is_paused ... ok
2026-10-07T22:21:04.1040424Z test status_bar::the_status_bar_is_the_reference_s ... ok
2026-10-07T22:21:04.1041453Z test still::rendering_cuts_out_the_part_and_resizes_it ... ok
2026-10-07T22:21:04.1042494Z test still::the_part_showing_is_resized_to_the_pixels_it_covers ... ok
2026-10-07T22:21:04.2512494Z test subscriptions::actual_subscription_list_transport_choices_dispatch_frozen_packages_and_guard_owners ... ok
2026-10-07T22:21:04.6552656Z test subscriptions::add_uses_a_separate_gallery_list_then_the_editor ... ok
2026-10-07T22:21:04.8335141Z test subscriptions::closing_subscription_merge_owner_discards_pending_and_completed_drafts ... ok
2026-10-07T22:21:05.0016748Z test slideshow::a_slideshow_runs_in_the_viewer_from_its_menu ... ok
2026-10-07T22:21:05.1581404Z test subscriptions::direct_import_picker_and_pending_notices_are_invalid_after_owner_cancel ... ok
2026-10-07T22:21:05.2702400Z test sort_cog::owned_cogs_stage_cancel_reopen_and_feed_independent_default_and_fallback_keys ... ok
2026-10-07T22:21:05.3227721Z test subscriptions::direct_missing_history_acceptance_uses_empty_owned_queues_and_dismissal_continues ... ok
2026-10-07T22:21:05.5256922Z test subscriptions::favourites_load_selected_subscriptions_and_custom_overwrite_obeys_owner_lifetime ... ok
2026-10-07T22:21:05.5956107Z test subscriptions::full_subscription_exchange_is_staged_cancellable_and_reopens_with_complete_histories ... ok
2026-10-07T22:21:05.7548841Z test subscriptions::merging_separating_and_resetting_are_written_on_apply ... ok
2026-10-07T22:21:05.8396734Z test subscriptions::legacy_subscription_clipboard_import_reaches_saved_query_settings_and_full_histories ... ok
2026-10-07T22:21:05.9295802Z test subscriptions::subscription_exchange_file_menus_load_selected_packages_and_cancel_invalid_batches ... ok
2026-10-07T22:21:06.1305334Z test subscriptions::subscription_missing_history_asks_original_question_before_staging_or_persisting ... ok
2026-10-07T22:21:06.3551909Z test subscriptions::subscription_option_clipboard_edits_stay_staged_and_closed_owners_cannot_apply ... ok
2026-10-07T22:21:06.5962596Z test subscriptions::direct_import_menus_replay_qt_type_warnings_file_prefixes_and_missing_rejection ... ok
2026-10-07T22:21:06.7544623Z test subscriptions::the_dialog_lists_the_subscriptions_and_changes_them_on_apply ... ok
2026-10-07T22:21:06.7958634Z test sidebar_layout::real_drag_menu_saved_defaults_per_page_reopen_restore_options_and_exit_ownership ... ok
2026-10-07T22:21:06.8545089Z test subscriptions::subscription_reset_and_retries_refresh_persisted_export_caches_and_forget_file_hashes ... ok
2026-10-07T22:21:06.9815032Z test subscriptions_dedupe::duplicate_queries_are_deduplicated_and_written_on_apply ... ok
2026-10-07T22:21:06.9892169Z test subscriptions_duplicate::a_duplicate_is_written_with_its_file_logs ... ok
2026-10-07T22:21:07.0759051Z test subscriptions_separate::some_queries_are_separated_and_written_on_apply ... ok
2026-10-07T22:21:07.7195200Z test subscriptions::subscription_merge_stages_all_groups_and_preserves_query_histories ... ok
2026-10-07T22:21:07.7966884Z test system_or_activation::actual_main_and_basic_system_acceptance_preserves_shift_and_reaches_consumers ... ok
2026-10-07T22:21:07.9912424Z test tab_drag::real_wheel_replays_qt_selection_and_staged_scroll_overflow_without_changing_session ... ok
2026-10-07T22:21:11.0015142Z test tab_presentation::selected_glyph_measurement_triggers_elision_at_the_actual_near_fit_boundary ... ok
2026-10-07T22:21:11.2444600Z test tag_dialog_defaults::remembered_tag_service_survives_native_cancel_without_saving_staged_tags ... ok
2026-10-07T22:21:11.4400834Z test tag_dialog_preferences::expanded_parent_rows_keep_colour_and_activate_their_originating_tag ... ok
2026-10-07T22:21:12.9525254Z test tag_dialog_preferences::options_apply_cancel_reopen_and_rendered_tag_service_topologies ... ok
2026-10-07T22:21:13.3799507Z test tag_display::dialogs_cancel_nested_editors_persist_and_refresh_locked_pages_and_viewer ... ok
2026-10-07T22:21:13.4335317Z test tag_filter_favourites::blacklist_extra_panels_and_all_four_paste_controls_follow_the_recording ... ok
2026-10-07T22:21:13.5660691Z test tag_filter_favourites::shared_favourites_exchange_and_cancel_preserve_the_owner_and_persist_on_reopen ... ok
2026-10-07T22:21:14.9965458Z test tab_presentation::apply_cancel_reopen_and_four_sides_preserve_real_nested_selection_and_full_names ... ok
2026-10-07T22:21:15.1418064Z test tag_list_display_types::options_apply_cancel_new_sidebar_and_viewer_replay_raw_display_and_filters ... ok
2026-10-07T22:21:15.3335160Z test tag_list_display_types::sidebar_and_viewer_opening_modes_are_independent_after_gui_apply ... ok
2026-10-07T22:21:15.3820254Z test tag_migration::an_open_filter_child_cannot_broaden_a_confirmed_delete ... ok
2026-10-07T22:21:15.5735301Z test tag_migration::archive_controls_inspect_reject_wrong_pair_types_and_freeze_confirmed_paths ... ok
2026-10-07T22:21:15.5766527Z test tag_migration::cancellation_allows_immediate_popup_dismissal_then_publishes_cleanup ... ok
2026-10-07T22:21:15.7985495Z test tag_migration::closing_settings_retains_the_published_job_until_completion ... ok
2026-10-07T22:21:15.9365769Z test tag_migration::global_tags_menu_opens_unrestricted_migration_and_can_reopen_after_cancel ... ok
2026-10-07T22:21:16.1976107Z test tag_migration::manage_tags_launches_selected_scope_and_refreshes_after_background_delete ... ok
2026-10-07T22:21:16.2165243Z test tag_migration::progress_popup_renders_the_recorded_paused_state ... ok
2026-10-07T22:21:16.3735690Z test tag_migration::service_review_opens_migration_with_reference_questions_and_renders ... ok
2026-10-07T22:21:16.7268230Z test tab_presentation::recorded_hide_gate_retains_live_hierarchy_access_and_elision_changes_actual_paint ... ok
2026-10-07T22:21:16.7494109Z test tag_namespace_order::hidden_stale_rebound_and_accepted_close_children_cannot_stage_or_save ... ok
2026-10-07T22:21:16.9710942Z test tag_namespace_order::saved_order_reaches_the_real_sidebar_tag_sort ... ok
2026-10-07T22:21:17.3536751Z test tag_relationships::dialogs_stage_cancel_apply_questions_and_update_display ... ok
2026-10-07T22:21:17.4840575Z test tag_namespace_order::real_queue_matches_all_reference_prompts_and_parent_transactions ... ok
2026-10-07T22:21:17.6931932Z test thumbnail_appearance::browse_uses_typed_draft_seed_and_hidden_appearance_controls_cannot_stage ... ok
2026-10-07T22:21:17.9625306Z test thumbnail_appearance::default_new_page_small_nonuniform_background_has_exact_unscaled_extent_on_resize ... ok
2026-10-07T22:21:18.1564101Z test thumbnail_appearance::blurhash_real_metadata_default_invalid_disable_and_owned_cache_policy ... ok
2026-10-07T22:21:18.4457034Z test thumbnail_appearance::exit_cancel_preserves_nonempty_background_and_accepted_exit_permanently_clears_it ... ok
2026-10-07T22:21:18.4458028Z test thumbnail_appearance::old_page_cached_scroll_revisit_is_instant_and_fresh_decode_rearms_fade ... ok
2026-10-07T22:21:18.9175710Z test thumbnail_appearance::real_main_selection_whole_cell_render_midpoint_finish_hide_and_retire ... ok
2026-10-07T22:21:18.9875180Z test thumbnail_appearance::qt_marker_background_has_exact_extent_in_old_and_default_new_owners ... ok
2026-10-07T22:21:19.1166107Z test tag_migration::completed_popup_remains_visible_until_past_its_three_second_deadline ... ok
2026-10-07T22:21:19.2255181Z test thumbnail_appearance::whole_cell_snapshots_exact_default_threshold_interruptions_and_cached_revisit ... ok
2026-10-07T22:21:19.3405377Z test thumbnail_appearance::staged_browse_cancel_apply_new_page_policy_and_permanent_owner_retirement ... ok
2026-10-07T22:21:19.4714910Z test thumbnail_icons::a_collection_s_banners_say_what_all_its_files_do ... ok
2026-10-07T22:21:19.5709114Z test thumbnail_icons::the_banners_are_the_references ... ok
2026-10-07T22:21:19.6197991Z test thumbnail_appearance::unscaled_background_clips_oversized_pixels_and_stays_fixed_on_scroll_and_clear ... ok
2026-10-07T22:21:19.6775121Z test thumbnail_icons::the_banners_obey_the_single_file_tag_display_filter ... ok
2026-10-07T22:21:19.7325395Z test thumbnail_icons::the_banners_show_pending_tags ... ok
2026-10-07T22:21:19.8224993Z test thumbnail_icons::the_grid_draws_each_thumbnail_s_icons ... ok
2026-10-07T22:21:19.8710369Z test thumbnail_icons::the_icons_are_the_references ... ok
2026-10-07T22:21:20.0745425Z test thumbnail_menu::the_menu_is_the_reference_s ... ok
2026-10-07T22:21:20.2447764Z test thumbnail_menu::the_urls_menu_opens_pages_of_a_url_and_asks_before_opening_several ... ok
2026-10-07T22:21:20.2515114Z test thumbnail_menu::a_right_click_shows_the_menu_and_its_entries_act ... ok
2026-10-07T22:21:20.3840506Z Slint: long callback/instantiation chain detected
2026-10-07T22:21:20.4174858Z test thumbnail_preview_selection::live_store_collection_gate_uses_all_members_and_preserves_zero_duration_distinction ... ok
2026-10-07T22:21:20.5595090Z Slint: long callback/instantiation chain detected
2026-10-07T22:21:21.0940655Z test thumbnail_cache::staged_exact_byte_units_timeout_policy_clear_reopen_and_incarnation_retirement ... ok
2026-10-07T22:21:21.3335643Z test thumbnail_ratings::the_grid_draws_each_thumbnail_s_ratings ... ok
2026-10-07T22:21:21.5010070Z test thumbnail_ratings::the_grid_draws_ratings_as_the_options_say ... ok
2026-10-07T22:21:28.2964158Z test tab_drag::real_pointer_drag_replays_shift_chase_hover_transfer_disable_and_cancel_with_ordered_media ... ok
2026-10-07T22:21:29.0796014Z test thumbnail_selection::several_thumbnails_are_selected_and_acted_on ... ok
2026-10-07T22:21:29.0985004Z test unlock::only_the_password_unlocks_the_client ... ok
2026-10-07T22:21:29.3121951Z test unselected_tag_cap::changing_sort_recomputes_the_capped_prefix ... ok
2026-10-07T22:21:29.9464094Z test thumbnail_preview_selection::staged_controls_reach_pointer_range_key_preview_and_permanent_owner_retirement ... ok
2026-10-07T22:21:30.7835233Z test viewer_drag::actual_pointer_drags_replay_qt_and_options_refresh_cancel_and_reopen ... ok
2026-10-07T22:21:31.5317270Z test viewer_drag::two_visible_viewers_read_saved_preferences_and_keep_independent_live_lifetimes ... ok
2026-10-07T22:21:31.7886713Z test viewer_menu::a_right_click_shows_the_viewer_s_menu_and_its_entries_act ... ok
2026-10-07T22:21:31.9347330Z test viewer_menu::the_viewer_s_menu_is_the_reference_s ... ok
2026-10-07T22:21:31.9480284Z test unselected_tag_cap::real_options_apply_cancel_reopen_counts_sorted_items_and_uncapped_selection ... ok
2026-10-07T22:21:32.1220275Z test viewer_prefetch::archive_delete_uses_saved_neighbour_counts_and_retains_current_media_after_warm_readiness ... ok
2026-10-07T22:21:32.7378436Z test viewer_prefetch::actual_duplicate_filter_uses_the_same_saved_percentage_for_future_images_without_replacing_current ... ok
2026-10-07T22:21:32.8136083Z test viewer_prefetch::options_cancel_hidden_modal_save_reopen_and_live_hidden_viewer_warming_leave_current_pixels_unchanged ... ok
2026-10-07T22:21:33.0806704Z test viewer_top_frame::the_viewer_s_top_hover_frame ... ok
2026-10-07T22:21:33.2582806Z test viewer_window::closing_an_older_viewer_releases_its_canvas_without_closing_its_successor ... ok
2026-10-07T22:21:33.4530235Z test viewer_window::the_viewer_opens_fullscreen_and_f_switches ... ok
2026-10-07T22:21:33.7241278Z test viewer_window::the_viewer_s_browsing_shortcuts ... ok
2026-10-07T22:21:33.7637429Z test viewing_maintenance::closing_and_dropping_the_question_releases_its_timer_owner ... ok
2026-10-07T22:21:33.8958315Z test viewing_maintenance::real_menu_clear_and_cull_read_live_rules_preserve_declines_and_reopen ... ok
2026-10-07T22:21:33.9401163Z test viewing_maintenance::retired_hidden_and_successor_owners_cannot_clear_or_cull_current_records ... ok
2026-10-07T22:21:34.1954992Z test volume::the_viewer_s_volume_control ... ok
2026-10-07T22:21:34.3413128Z test watcher_checker::the_watcher_pages_checker_options_buttons ... ok
2026-10-07T22:21:34.3497192Z test thumbnail_selection::borders_and_margins_lay_the_grid_out ... ok
2026-10-07T22:21:34.5062557Z test write_autocomplete::batch_context_menu_copies_and_launches_real_and_or_each_and_duplicate_pages ... ok
2026-10-07T22:21:34.6240276Z test write_autocomplete::detached_write_tag_child_commits_once_and_discards_closed_owner_answers ... ok
2026-10-07T22:21:34.9217007Z test write_autocomplete::favourite_children_tabs_and_applied_cap_feed_manage_tags_and_import_tag_child ... ok
2026-10-07T22:21:34.9236392Z test viewer_tag_wheel::long_tag_hover_scrolls_before_policy_gated_real_navigation_and_zoom ... ok
2026-10-07T22:21:35.1115119Z test write_autocomplete::import_whitelist_child_unlocks_on_cancel_and_closes_with_its_parent ... ok
2026-10-07T22:21:35.3445273Z test write_autocomplete::normal_paste_replays_cursor_selection_and_accepted_tags_preserve_the_draft ... ok
2026-10-07T22:21:35.3765174Z test write_autocomplete::keyboard_result_selection_copy_and_native_text_copy_use_their_own_focus ... ok
2026-10-07T22:21:35.5194939Z test write_autocomplete::regeneration_question_repairs_counts_only_on_yes_and_invalidates_on_cancel ... ok
2026-10-07T22:21:35.6165312Z test window_rescue::staged_options_cancel_reopen_and_live_owned_opening_consumer_match_qt ... ok
2026-10-07T22:21:35.6336087Z test write_autocomplete::paste_confirmation_skip_and_list_height_are_consumed_by_manage_tags ... ok
2026-10-07T22:21:35.7118619Z test write_autocomplete::relationship_autocomplete_preserves_service_drafts_and_cancels_paste_with_owner ... ok
2026-10-07T22:21:35.8612889Z test write_autocomplete::shared_tag_menu_favourites_questions_copy_launch_and_owner_lifetime ... ok
2026-10-07T22:21:35.8834595Z test write_autocomplete::selected_batches_stage_in_shared_dialogs_and_closed_owners_ignore_callbacks ... ok
2026-10-07T22:21:36.0215517Z test write_autocomplete::tag_menu_launches_native_search_and_duplicate_pages_with_recorded_predicates ... ok
2026-10-07T22:21:36.0226892Z test zoom::a_file_dragged_away_is_rescued_when_zoomed ... ok
2026-10-07T22:21:36.0251167Z test zoom::configurable_top_hover_zoom_cycles_match_real_qt_positions ... ok
2026-10-07T22:21:36.0273324Z test zoom::resizing_preserves_or_recenters_the_recorded_zoom_and_pan ... ok
2026-10-07T22:21:36.0276069Z test zoom::switching_files_keeps_the_zoom_as_the_duplicate_filter_does ... ok
2026-10-07T22:21:36.0276862Z test write_autocomplete::write_domain_buttons_query_counts_and_own_cancelled_location_child ... ok
2026-10-07T22:21:36.0277638Z test zoom::video_renders_at_the_size_shown_up_to_twice_the_window ... ok
2026-10-07T22:21:36.0278495Z test zoom::zooming_steps_about_the_pointer_and_switches ... ok
2026-10-07T22:21:36.0279153Z test zoom::zooming_to_max_is_as_the_reference_s ... ok
2026-10-07T22:21:36.0279654Z test zoom::zooms_follow_the_settings ... ok
2026-10-07T22:21:36.0631679Z test write_autocomplete::replacement_history_replays_real_keys_typing_undo_redo_and_independent_owners ... ok
2026-10-07T22:21:36.3393500Z test zoom::the_viewer_and_the_archive_delete_filter_zoom_and_pan ... ok
2026-10-07T22:21:41.7430507Z test thumbnail_navigation::owned_options_replay_cancel_save_reopen_and_real_keyboard_wheel_consumers ... ok
2026-10-07T22:21:41.7437191Z 
2026-10-07T22:21:41.7437288Z failures:
2026-10-07T22:21:41.7437398Z 
2026-10-07T22:21:41.7437715Z ---- or_connector::actual_options_raw_connector_preserves_live_or_label_colour_query_and_retired_owner stdout ----
2026-10-07T22:21:41.7437945Z 
2026-10-07T22:21:41.7438265Z thread 'or_connector::actual_options_raw_connector_preserves_live_or_label_colour_query_and_retired_owner' (12946) panicked at crates/hydrus-gui/tests/gui/or_connector.rs:64:9:
2026-10-07T22:21:41.7438731Z or-connector-fox-reopened-native.png: the saved fox must paint visible glyph ink
2026-10-07T22:21:41.7439029Z note: run with `RUST_BACKTRACE=1` environment variable to display a backtrace
2026-10-07T22:21:41.7439204Z 
2026-10-07T22:21:41.7439206Z 
2026-10-07T22:21:41.7439253Z failures:
2026-10-07T22:21:41.7439466Z     or_connector::actual_options_raw_connector_preserves_live_or_label_colour_query_and_retired_owner
2026-10-07T22:21:41.7439667Z 
2026-10-07T22:21:41.7439817Z test result: FAILED. 713 passed; 1 failed; 0 ignored; 0 measured; 0 filtered out; finished in 155.15s
2026-10-07T22:21:41.7440012Z 
2026-10-07T22:21:41.8370858Z [1m[91merror[0m: test failed, to rerun pass `-p hydrus-gui --test gui`
2026-10-07T22:21:41.8371512Z [1m[92m     Running[0m unittests src/lib.rs (target/debug/deps/hydrus_gui_model-853ad77814c06543)
2026-10-07T22:21:41.8381274Z 
2026-10-07T22:21:41.8381393Z running 39 tests
2026-10-07T22:21:41.8384313Z test duplicate_filter::tests::deletion_reasons_read_as_the_reference_writes_them ... ok
2026-10-07T22:21:41.8384895Z test favourites::tests::names_are_made_unique_as_the_reference_makes_them ... ok
2026-10-07T22:21:41.8385696Z test list_selection::tests::a_selection_follows_its_items ... ok
2026-10-07T22:21:41.8386214Z test list_selection::tests::clicks_select_as_qt_s_extended_selection ... ok
2026-10-07T22:21:41.8395053Z test main_menu::tests::advanced_mode_offers_to_nudge_subscriptions ... ok
2026-10-07T22:21:41.8395499Z test main_menu::tests::closed_pages_are_offered_latest_first ... ok
2026-10-07T22:21:41.8395871Z test main_menu::tests::a_disabled_menu_does_not_open ... ok
2026-10-07T22:21:41.8396268Z test main_menu::tests::clicking_an_entry_chooses_it_unless_it_cannot_be ... ok
2026-10-07T22:21:41.8396690Z test main_menu::tests::entries_hydrus_rs_cannot_do_are_not_usable ... ok
2026-10-07T22:21:41.8397095Z test main_menu::tests::hovering_opens_submenus_beside_their_entries ... ok
2026-10-07T22:21:41.8397493Z test main_menu::tests::keys_move_through_the_menus ... ok
2026-10-07T22:21:41.8397833Z test main_menu::tests::separators_show_as_qt_shows_them ... ok
2026-10-07T22:21:41.8398185Z test main_menu::tests::mnemonics_open_the_bar_s_menus ... ok
2026-10-07T22:21:41.8398581Z test main_menu::tests::several_folders_get_a_check_all_and_one_does_not ... ok
2026-10-07T22:21:41.8399036Z test main_menu::tests::saved_sessions_of_its_own_can_be_saved_over_and_deleted ... ok
2026-10-07T22:21:41.8399508Z test main_menu::tests::the_pending_menu_lists_repositories_with_content_a_to_z ... ok
2026-10-07T22:21:41.8399892Z test main_menu::tests::the_history_is_numbered_latest_first_and_kept_to_twenty ... ok
2026-10-07T22:21:41.9040085Z test options::tests::thumbnail_rating_sizes_go_up_to_the_thumbnails_width ... ok
2026-10-07T22:21:41.9102917Z test options::tests::only_the_options_changed_are_set ... ok
2026-10-07T22:21:41.9103737Z test options::tests::times_show_as_the_references_fields ... ok
2026-10-07T22:21:41.9117174Z test options::tests::the_search_finds_options_by_their_labels_and_boxes ... ok
2026-10-07T22:21:41.9124488Z test options::tests::the_editor_edits_the_page_shown ... ok
2026-10-07T22:21:41.9508973Z test options::tests::values_that_cant_be_had_are_left_saying_why ... ok
2026-10-07T22:21:41.9652544Z test page_chooser::tests::menus_lead_to_pages_as_in_the_reference ... ok
2026-10-07T22:21:41.9664563Z test options::tests::times_rates_and_text_that_may_be_none_are_edited ... ok
2026-10-07T22:21:41.9921584Z test predicate_editors::defaults::tests::namespace_shortcuts_and_empty_results_follow_the_actual_star_menu ... ok
2026-10-07T22:21:42.0370179Z test page_chooser::tests::file_domains_are_offered_by_name ... ok
2026-10-07T22:21:42.0600588Z test predicate_editors::defaults::tests::star_regex_save_skips_accept_validation_like_the_actual_reference ... ok
2026-10-07T22:21:42.0614740Z test predicate_editors::special::tests::hashes_are_read_as_the_reference_reads_them ... ok
2026-10-07T22:21:42.0616720Z test predicate_editors::special::tests::lines_are_summed_up_as_the_reference_sums_them ... ok
2026-10-07T22:21:42.0617303Z test predicate_editors::tests::a_date_is_read_as_typed ... ok
2026-10-07T22:21:42.0617899Z test predicate_editors::defaults::tests::service_keys_and_fractional_viewtime_survive_reordered_contexts_and_reopening ... ok
2026-10-07T22:21:42.0618662Z test predicate_editors::tests::rating_is_offered_with_a_rating_service_and_the_rest_everywhere ... ok
2026-10-07T22:21:42.0619071Z test predicate_editors::tests::time_fields_split_a_span_into_its_units ... ok
2026-10-07T22:21:42.0619404Z test sort::tests::choices_are_named_and_ordered_as_the_reference_orders_them ... ok
2026-10-07T22:21:42.0619750Z test status::bandwidth_tests::only_what_is_read_while_the_client_is_open_counts ... ok
2026-10-07T22:21:42.0620097Z test status::bandwidth_tests::the_network_part_reads_as_the_reference_s ... ok
2026-10-07T22:21:42.3805555Z test predicate_editors::defaults::tests::comparability_replays_all_reference_subtypes_and_rating_services ... ok
2026-10-07T22:21:42.9172221Z test predicate_editors::defaults::tests::all_recorded_panel_families_restore_typed_defaults_and_explicit_inputs ... ok
2026-10-07T22:21:42.9172641Z 
2026-10-07T22:21:42.9173235Z test result: ok. 39 passed; 0 failed; 0 ignored; 0 measured; 0 filtered out; finished in 1.08s
2026-10-07T22:21:42.9173525Z 
2026-10-07T22:21:42.9191487Z [1m[92m     Running[0m tests/model/main.rs (target/debug/deps/model-6a4c3e05d83a2a67)
2026-10-07T22:21:42.9221212Z 
2026-10-07T22:21:42.9221292Z running 525 tests
2026-10-07T22:21:42.9254604Z test about::the_about_window_says_what_the_references_does ... ok
2026-10-07T22:21:42.9272595Z test active_predicates::actual_qt_inherited_copy_payloads_and_page_routes_match_all_recorded_selections ... ok
2026-10-07T22:21:42.9288393Z test active_predicates::actual_qt_commands_preserve_inverse_add_vs_ctrl_toggle_and_exact_result_sets ... ok
2026-10-07T22:21:42.9345149Z test active_predicates::supplied_size_and_limit_reopen_exact_values_despite_saved_creation_defaults ... ok
2026-10-07T22:21:42.9346139Z test active_predicates::mixed_controls_replay_real_qt_values_row_order_cancel_and_parser_vetoes ... ok
2026-10-07T22:21:43.1126597Z test api_update_toasts::all_recorded_apply_cancel_reopen_cases_and_concurrent_width_survive ... ok
2026-10-07T22:21:43.1551648Z test archive_delete_policies::real_independent_controls_cancel_reopen_merge_and_retained_legacy_native_precedence ... ok
2026-10-07T22:21:43.2016546Z test animation_start::recorded_raw_constructor_cancel_unchanged_apply_reopen_and_scoped_merge ... ok
2026-10-07T22:21:43.2270945Z test archive_repair::captured_scan_preserves_intervening_edits_and_cancellation_rolls_back_content_transaction ... ok
2026-10-07T22:21:43.2271697Z test auto_resolution_exchange::exported_rules_import_again ... ok
2026-10-07T22:21:43.2342027Z test auto_resolution_exchange::the_reference_s_serialised_rules_import ... ok
2026-10-07T22:21:43.2343041Z test auto_resolution_review::approving_and_denying_report_progress_as_the_reference_s ... ok
2026-10-07T22:21:43.2653619Z test archive_delete_policies::replaced_domain_identity_rejects_entire_commit_before_archiving_kept_files ... ok
2026-10-07T22:21:43.2684353Z test auto_resolution_rules::a_new_rule_searches_as_the_references_add_does ... ok
2026-10-07T22:21:43.2716131Z test auto_resolution_rules::add_offers_the_references_comparators ... ok
2026-10-07T22:21:43.2754733Z test auto_resolution_rules::rules_rows_and_comparators_are_the_references ... ok
2026-10-07T22:21:43.3337058Z test archive_repair::exact_global_scan_questions_population_writes_and_reopened_times_match_reference ... ok
2026-10-07T22:21:43.3836320Z test auto_resolution_review::each_rules_tabs_list_its_pairs_as_the_reference ... ok
2026-10-07T22:21:43.3857393Z test checker_options::edits_change_the_editor_as_the_references ... ok
2026-10-07T22:21:43.3894672Z test checker_options::ok_asks_as_the_references_does ... ok
2026-10-07T22:21:43.3895101Z test checker_options::ok_raises_times_below_their_least ... ok
2026-10-07T22:21:43.4331395Z test autocomplete_tabs::literal_favourite_rows_remain_selected_as_tags_until_explicitly_deselected ... ok
2026-10-07T22:21:43.4375254Z test checker_options::the_editor_opens_as_the_references ... ok
2026-10-07T22:21:43.4382441Z test checker_options::the_reasonable_defaults_are_the_references ... ok
2026-10-07T22:21:43.4382994Z test client_api_admin::browser_url_uses_reported_listener_over_cli_overridden_service_settings ... ok
2026-10-07T22:21:43.4895980Z test client_api_admin::listener_settings_preserve_unrelated_services_and_imported_flags ... ok
2026-10-07T22:21:43.5353959Z test autocomplete_tabs::read_and_write_selection_replay_the_same_qt_tabs_and_persist_only_accepted_edits ... ok
2026-10-07T22:21:43.5440636Z test client_api_admin::reference_rows_permissions_questions_and_duplicates ... ok
2026-10-07T22:21:43.5496470Z test clipboard_urls::changed_text_switches_and_url_policy_match_the_reference ... ok
2026-10-07T22:21:43.5513725Z test command_palette::calculator_matches_qt_precedence_integer_types_errors_and_special_values ... ok
2026-10-07T22:21:43.5514599Z test command_palette::defaults_and_provider_queue_match_the_qt_options_editor ... ok
2026-10-07T22:21:43.5562327Z test checker_options::the_downloading_page_edits_the_default_checker_options ... ok
2026-10-07T22:21:43.5563368Z test command_palette::late_workers_cannot_repopulate_a_new_query_or_closed_owner ... ok
2026-10-07T22:21:43.5579193Z test command_palette::providers_match_real_qt_order_limits_and_thresholds ... ok
2026-10-07T22:21:43.5590269Z test command_palette::unicode_casefold_expands_before_provider_and_menu_thresholds ... ok
2026-10-07T22:21:43.5972791Z test client_api_admin::staged_keys_cancel_persist_collision_and_stale_apply ... ok
2026-10-07T22:21:43.5994037Z test command_palette::each_live_provider_policy_reaches_its_results_and_preferences_persist ... ok
2026-10-07T22:21:43.5998248Z test database_backup::questions_name_the_paths_as_the_reference_does ... ok
2026-10-07T22:21:43.5998879Z test database_backup::the_menu_follows_the_backup_location_and_storage ... ok
2026-10-07T22:21:43.6000409Z test database_locations::rows_and_buttons_follow_the_reference ... ok
2026-10-07T22:21:43.7026689Z test content_undo::archiving_can_be_undone_and_redone_from_the_menu ... ok
2026-10-07T22:21:43.7473688Z test content_undo::tag_changes_name_their_service ... ok
2026-10-07T22:21:43.7477272Z test database_maintenance::the_menus_enable_the_jobs_hydrus_rs_runs ... ok
2026-10-07T22:21:43.7486678Z test datetime_editor::the_date_time_editor_works_as_the_references_does ... ok
2026-10-07T22:21:43.7488478Z test debug_actions::modal_countdown_and_env_dump_read_as_the_reference_s ... ok
2026-10-07T22:21:43.7494426Z test debug_actions::some_popups_are_the_reference_s_less_its_callbacks ... ok
2026-10-07T22:21:43.7590073Z test archive_delete_policies::actual_qt_domain_alternatives_priorities_delay_and_selected_transaction ... ok
2026-10-07T22:21:43.8204765Z test database_maintenance::questions_buttons_and_service_choices_are_the_reference_s ... ok
2026-10-07T22:21:43.9347206Z test delete_files::clean_delete_preserves_locked_files_and_remembered_fields_merge_with_options ... ok
2026-10-07T22:21:43.9452927Z test delete_files::mixed_existing_reasons_match_qt_preserve_each_file_and_do_not_replace_last_reason ... ok
2026-10-07T22:21:43.9474770Z test delete_files::reason_queue_matches_recorded_cancel_empty_duplicate_movement_and_delete ... ok
2026-10-07T22:21:43.9504531Z test downloader_definitions::domain_mask_queue_replays_staged_crud_and_insertion_order ... ok
2026-10-07T22:21:43.9531472Z test downloader_definitions::domain_mode_and_independent_tester_replay_reference_and_preserve_disabled_values ... ok
2026-10-07T22:21:44.0186216Z test downloader_definitions::drafts_preserve_identity_links_and_current_unrelated_settings ... ok
2026-10-07T22:21:44.0204277Z test downloader_definitions::editor_controls_change_matching_normalisation_and_validate_pagination ... ok
2026-10-07T22:21:44.0845142Z test downloader_definitions::generator_copies_nested_repair_and_delete_are_staged ... ok
2026-10-07T22:21:44.0851963Z test downloader_definitions::invalid_examples_and_defaults_cannot_be_committed ... ok
2026-10-07T22:21:44.1341977Z test downloader_definitions::previews_use_native_encoding_options_and_nested_columns_sort_by_count ... ok
2026-10-07T22:21:44.1890012Z test downloader_definitions::reference_rows_previews_and_vetoes_are_replayed ... ok
2026-10-07T22:21:44.1949853Z test downloader_definitions::selectable_preview_values_use_recorded_api_referral_and_gallery_consumers ... ok
2026-10-07T22:21:44.1965014Z test downloader_display::displayed_url_labels_filters_order_and_cap_replay_reference ... ok
2026-10-07T22:21:44.1966529Z test downloader_display::replay_actual_tri_state_questions_and_rows ... ok
2026-10-07T22:21:44.2539560Z test downloader_display::save_merges_only_edited_keys_and_preserves_concurrent_definitions ... ok
2026-10-07T22:21:44.2565583Z test downloader_interchange::an_api_pair_source_yields_to_its_eligible_target_during_parser_linking ... ok
2026-10-07T22:21:44.2566640Z test downloader_interchange::duplicate_class_relinks_the_runtime_winner_instead_of_the_first_equivalent_row ... ok
2026-10-07T22:21:44.3041037Z test downloader_interchange::imported_class_and_parser_link_reaches_the_live_registry ... ok
2026-10-07T22:21:44.3695893Z test downloader_interchange::mixed_login_cancel_malformed_and_stale_scripts_never_partially_save_downloaders ... ok
2026-10-07T22:21:44.4570091Z test downloader_interchange::mixed_login_import_replays_qt_duplicates_links_and_saved_consumer_without_exporting_credentials ... ok
2026-10-07T22:21:44.5683045Z test delete_files::physical_only_dialog_remembers_builtin_and_custom_service_keys_like_qt ... ok
2026-10-07T22:21:44.5787748Z test downloader_interchange::package_invalid_and_cancelled_staging_do_not_mutate_store_and_stale_apply_rolls_back ... ok
2026-10-07T22:21:44.6142648Z test downloader_interchange::reference_duplicate_rules_remap_nested_members_and_keep_auxiliary_context ... ok
2026-10-07T22:21:44.6422437Z test delete_files::advanced_reasons_match_actual_qt_defaults_existing_and_remembered_selection ... ok
2026-10-07T22:21:44.6478726Z test downloader_update_times::strict_deadlines_ratios_minimum_fallback_saved_changes_and_forcing_match_qt ... ok
2026-10-07T22:21:44.6673973Z test downloader_interchange::scoped_list_import_is_atomic_and_parser_save_preserves_original_context ... ok
2026-10-07T22:21:44.6705506Z test duplicate_colours::qcolor_rounding_and_independent_transparency_replay_actual_canvas_outputs ... ok
2026-10-07T22:21:44.8131592Z test duplicates_filtering::counts_and_random_groups_read_the_basic_client ... ok
2026-10-07T22:21:44.8144781Z test duplicates_filtering::edits_and_texts_follow_the_reference ... ok
2026-10-07T22:21:44.9289904Z test downloader_update_times::exact_constructor_fields_unchanged_apply_cancel_legacy_and_concurrent_field_merge ... ok
2026-10-07T22:21:44.9296259Z test duplicates_page::the_auto_resolution_rules_rows_are_the_references ... ok
2026-10-07T22:21:44.9301481Z test duplicates_page::the_preparation_tab_says_what_the_references_does ... ok
2026-10-07T22:21:44.9489517Z test duplicate_colours::options_keep_saved_zero_on_cancel_then_normalise_on_apply_and_preserve_concurrent_background ... ok
2026-10-07T22:21:44.9556145Z test edit_subscription::the_dialog_opens_as_the_references ... ok
2026-10-07T22:21:44.9584786Z test edit_subscription::the_query_buttons_act_as_the_references ... ok
2026-10-07T22:21:44.9589069Z test embedded_metadata::basics_and_png_instruction_match_the_reference ... ok
2026-10-07T22:21:44.9591542Z test embedded_metadata::exif_sort_selection_and_raw_copy_match_the_reference ... ok
2026-10-07T22:21:44.9599051Z test existing_tags_filter::existing_filter_acceptance_enables_only_the_captured_service_and_round_trips ... ok
2026-10-07T22:21:44.9681400Z test duplicates_filtering::resync_drops_pairs_of_files_out_of_local_storage ... ok
2026-10-07T22:21:45.0298360Z test duplicates_progress::qt_staging_persistence_and_scoped_save_drive_strict_caught_up_preparation_labels ... ok
2026-10-07T22:21:45.1325622Z test export_files::cancellation_and_missing_sources_never_trash_partial_exports ... ok
2026-10-07T22:21:45.1825199Z test export_files::preview_and_confirmations_match_reference_panel ... ok
2026-10-07T22:21:45.1844355Z test export_files::shared_pattern_menu_copies_recorded_phrases_including_its_heading ... ok
2026-10-07T22:21:45.1854845Z test export_files::copies_overwrite_existing_files_and_route_metadata ... ok
2026-10-07T22:21:45.2729071Z test export_files::selected_export_tags_counts_sort_selection_and_copy_match_actual_panel ... ok
2026-10-07T22:21:45.2753346Z test external_calls::actual_defaults_menu_routes_preserve_prior_selection_and_generate_unique_named_keys ... ok
2026-10-07T22:21:45.2770993Z test external_calls::actual_qt_sort_tie_break_casefold_and_duplicate_selection_routes ... ok
2026-10-07T22:21:45.2781314Z test external_calls::actual_reference_substitution_validation_and_argument_cleaning ... ok
2026-10-07T22:21:45.2844331Z test external_calls::cancelling_the_owner_terminates_and_reaps_its_started_direct_child ... ok
2026-10-07T22:21:45.2868144Z test external_calls::command_clipboard_review_and_cleaned_example_match_actual_qt ... ok
2026-10-07T22:21:45.2898737Z test external_calls::command_parameter_queue_selection_reorder_and_keyboard_match_actual_qt ... ok
2026-10-07T22:21:45.2909781Z test external_calls::command_queue_reverse_edit_and_keyboard_origins_match_actual_qt ... ok
2026-10-07T22:21:45.2911695Z test external_calls::duplicate_import_warnings_match_python_repr_and_all_size_boundaries ... ok
2026-10-07T22:21:45.2912840Z test external_calls::list_acceptance_retains_edit_key_and_selection_but_regenerates_import_and_duplicate_keys ... ok
2026-10-07T22:21:45.3480276Z test export_files::sidecar_failure_blocks_trash_even_after_copy_and_success_trashes ... ok
2026-10-07T22:21:45.3582754Z test external_calls::saved_call_executes_owned_harmless_process_with_exact_single_argument_and_no_shell_interpretation ... ok
2026-10-07T22:21:45.3866859Z test export_files::symlinks_existing_links_and_hardlinks_preserve_source_content ... ok
2026-10-07T22:21:45.4883723Z test favourite_search_editor::favourite_controls_replay_reference_domain_sort_collect_and_predicate_values ... ok
2026-10-07T22:21:45.4906092Z test file_history::dropping_worker_cancels_inflight_read_and_never_runs_pending_read ... ok
2026-10-07T22:21:45.5215059Z test ffmpeg_timeout::qt_options_cancel_bounds_reopen_and_concurrent_changes ... ok
2026-10-07T22:21:45.5225644Z test file_history::owned_worker_runs_only_latest_queued_query_and_discards_cancelled_closed_results ... ok
2026-10-07T22:21:45.5226273Z test file_log::clipboard_source_batches_match_actual_reference_imports ... ok
2026-10-07T22:21:45.5606424Z test file_log::renormalisation_collapses_later_duplicates_and_preserves_first_progress_and_metadata ... ok
2026-10-07T22:21:45.5609811Z test file_log::selected_import_objects_match_full_reference_clipboard_bytes ... ok
2026-10-07T22:21:45.5610567Z test file_log::selected_urls_are_one_exact_match_or_container ... ok
2026-10-07T22:21:45.5734089Z test file_log::source_png_carriers_import_actual_qt_exports_and_render_custom_headers ... ok
2026-10-07T22:21:45.5735291Z test file_log::the_file_log_is_the_references ... ok
2026-10-07T22:21:45.5740151Z test file_maintenance_current::recorded_counts_selection_due_gate_and_numeric_sort_use_typed_identity ... ok
2026-10-07T22:21:45.5957665Z test file_history::global_and_filtered_series_ranges_visibility_refresh_and_cancel_match_actual_chart ... ok
2026-10-07T22:21:45.5960000Z test file_maintenance_new::the_tab_says_what_the_reference_does ... ok
2026-10-07T22:21:45.5960463Z test file_relationships::a_file_alone_offers_only_a_search_reset ... ok
2026-10-07T22:21:45.5960895Z test file_relationships::a_grouped_file_shows_its_group_and_what_can_be_undone ... ok
2026-10-07T22:21:45.6985066Z test file_maintenance_new::chosen_files_get_the_job_queued ... ok
2026-10-07T22:21:45.7137785Z test file_relationships::setting_and_undoing_relationships_reaches_the_store ... ok
2026-10-07T22:21:45.8387601Z test file_view_removal::filter_content_pruning_reports_only_domain_departures_after_intervening_trash ... ok
2026-10-07T22:21:45.9803773Z test file_view_removal::filter_removal_matches_recorded_commit_gates_and_skipped_return_file ... ok
2026-10-07T22:21:45.9968961Z test filename_rules::advanced_lists_children_and_filename_consumers_match_real_reference ... ok
2026-10-07T22:21:45.9995031Z test filename_rules::both_original_regex_buttons_offer_the_recorded_help_components_and_favourites ... ok
2026-10-07T22:21:45.9995450Z test filename_rules::child_identity_is_frozen_and_unrelated_callbacks_preserve_it ... ok
2026-10-07T22:21:46.1305532Z test filename_simple::additive_entry_and_selected_union_replay_real_simple_panel_without_spreading_untouched_tags ... ok
2026-10-07T22:21:46.1310648Z test filename_simple::native_path_backend_matches_actual_reference_rebasing_and_mixed_separator_tags ... ok
2026-10-07T22:21:46.1360902Z test filename_tagging::rows_and_values_are_the_references ... ok
2026-10-07T22:21:46.1363929Z test filename_tagging::single_tags_are_shown_and_removed_for_the_selection ... ok
2026-10-07T22:21:46.1366173Z test filename_tagging::typed_regexes_and_quick_namespaces_are_checked ... ok
2026-10-07T22:21:46.1380241Z test filesize_predicate::choices_bounds_and_explicit_reopening_match_qt ... ok
2026-10-07T22:21:46.1381464Z test filetype_tree::groups_tick_their_filetypes_and_give_back_specific_ones ... ok
2026-10-07T22:21:46.1754960Z test folder_runs::named_then_all_folders_are_flagged_to_run ... ok
2026-10-07T22:21:46.1778067Z test file_view_removal::actual_qt_media_list_trash_move_and_physical_pruning_matrix ... ok
2026-10-07T22:21:46.1788421Z test folders::the_export_folder_dialog_is_the_references ... ok
2026-10-07T22:21:46.1796222Z test folders::the_import_folder_dialog_is_the_references ... ok
2026-10-07T22:21:46.1798074Z test folders::the_lists_name_what_they_add_and_edit_uniquely ... ok
2026-10-07T22:21:46.1802103Z test folders::the_lists_rows_are_the_references ... ok
2026-10-07T22:21:46.1814589Z test force_filetype::the_force_filetypes_dialog_is_the_reference_s ... ok
2026-10-07T22:21:46.1818711Z test force_idle::actual_toggle_checks_and_real_worker_entry_matrix ... ok
2026-10-07T22:21:46.1822520Z test formula_editors::fetched_documents_replay_reference_success_error_and_cancellation_context ... ok
2026-10-07T22:21:46.1827532Z test formula_editors::formula_editor_bulk_name_conflicts_match_reference ... ok
2026-10-07T22:21:46.1840144Z test formula_editors::formula_editor_controls_and_parses_match_reference ... ok
2026-10-07T22:21:46.1840855Z test formula_editors::formula_editor_rule_queue_matches_reference_actions ... ok
2026-10-07T22:21:46.1846161Z test formula_editors::formula_editor_type_and_named_list_actions_match_reference ... ok
2026-10-07T22:21:46.1847229Z test formula_editors::formula_editor_type_changes_use_fresh_defaults_and_preserve_separated_content ... ok
2026-10-07T22:21:46.1854669Z test formula_editors::formula_editors_preserve_other_kinds_and_inactive_rule_settings ... ok
2026-10-07T22:21:46.1855982Z test formula_editors::multiple_test_documents_retain_edits_sources_and_selected_child_order ... ok
2026-10-07T22:21:46.1857926Z test formula_editors::recursive_formula_fields_and_transformed_child_data_match_reference ... ok
2026-10-07T22:21:46.1861890Z test formula_editors::scalar_formula_controls_match_reference ... ok
2026-10-07T22:21:46.1865789Z test formula_editors::six_kind_chooser_defaults_match_reference ... ok
2026-10-07T22:21:46.1872176Z test formula_editors::zipper_member_queue_and_substitution_match_reference ... ok
2026-10-07T22:21:46.1894439Z test frame_locations::frame_table_defaults_cells_and_selected_actions_match_actual_qt ... ok
2026-10-07T22:21:46.2346326Z test frame_locations::named_geometry_transactions_preserve_peer_frames_and_latest_viewer_save_preference ... ok
2026-10-07T22:21:46.2824747Z test folders::export_folder_examples_use_recorded_queries_limits_and_media_contexts ... ok
2026-10-07T22:21:46.2854422Z test gallery_source::captions_and_installed_parser_functionality_match_real_reference ... ok
2026-10-07T22:21:46.2878832Z test gallery_source::key_wins_over_conflicting_name_and_cycles_are_bounded ... ok
2026-10-07T22:21:46.2938620Z test gallery_source::two_stage_choices_selection_cancellation_and_empty_warning_match_reference ... ok
2026-10-07T22:21:46.3666158Z test frame_locations::settings_keep_unknown_rows_and_merge_unedited_runtime_geometry ... ok
2026-10-07T22:21:46.4590354Z test gui_colours::all_twenty_six_rgb_roles_and_independent_tabs_stage_cancel_apply_and_reopen_like_qt ... ok
2026-10-07T22:21:46.5056088Z test gui_colours::old_imported_store_keeps_retained_legacy_rgb_until_native_values_take_precedence ... ok
2026-10-07T22:21:46.5801893Z test gui_colours::staged_role_changes_merge_with_live_help_switch_and_other_saved_rgb_roles ... ok
2026-10-07T22:21:46.5815187Z test gui_format::recorded_current_local_offsets_and_ancient_boundaries_match_python ... ok
2026-10-07T22:21:46.5836756Z test gui_format::recorded_summaries_previews_expiry_and_scheduling_variants_reach_existing_models ... ok
2026-10-07T22:21:46.6265744Z test gui_format::precision_reaches_existing_import_png_network_and_service_displays ... ok
2026-10-07T22:21:46.6284856Z test hash_predicate::cleanup_and_explicit_values_match_real_qt ... ok
2026-10-07T22:21:46.7465480Z test how_boned::the_basic_client_s_statistics_read_as_the_reference_s ... ok
2026-10-07T22:21:46.7908159Z test idle_timeout_options::edited_idle_thresholds_merge_without_overwriting_live_unrelated_preferences ... ok
2026-10-07T22:21:46.8722330Z test idle_timeout_options::implicit_idle_normalisation_preserves_newer_fields_and_explicit_edits_still_apply ... ok
2026-10-07T22:21:46.8956307Z test gui_format::staged_bounds_cancel_save_reopen_and_real_log_columns_match_qt ... ok
2026-10-07T22:21:46.9524610Z test idle_timeout_options::noneable_timeout_controls_replay_qt_defaults_floor_bounds_retention_and_reopen ... ok
2026-10-07T22:21:46.9525356Z test idle_timeout_options::saved_timeout_choices_replay_strict_qt_boot_activity_and_ignore_gates ... ok
2026-10-07T22:21:46.9539105Z test image_cache::actual_byte_timeout_and_percentage_controls_match_the_recording ... ok
2026-10-07T22:21:47.0689997Z test database_maintenance::accepted_runs_send_the_reference_s_popups ... ok
2026-10-07T22:21:47.0727408Z test image_cache::actual_pending_rgb_rgba_touch_admission_soft_overflow_policy_and_expiry ... ok
2026-10-07T22:21:47.0840313Z test image_cache::actual_legacy_native_wins_changed_fields_and_raw_control_values_survive_reopen ... ok
2026-10-07T22:21:47.1192837Z test image_cache::untouched_normalized_controls_preserve_concurrent_fields_but_explicit_edits_win ... ok
2026-10-07T22:21:47.1212095Z test import_options_editor::caller_defaults_lists_and_fallback_labels_match_real_reference_editors ... ok
2026-10-07T22:21:47.1224687Z test import_options_editor::defaults_editor_uses_parent_stack_and_retains_hidden_custom_kinds ... ok
2026-10-07T22:21:47.1234761Z test import_options_editor::each_kinds_summary_is_the_references ... ok
2026-10-07T22:21:47.1235882Z test import_options_editor::text_fields_read_and_write_lists_and_renames ... ok
2026-10-07T22:21:47.1249160Z test import_options_editor::the_editors_lists_are_the_references ... ok
2026-10-07T22:21:47.1273159Z test import_options_overwrite::favourite_add_rename_and_delete_preserve_reference_names_and_other_defaults ... ok
2026-10-07T22:21:47.1298018Z test import_options_overwrite::shared_overwrite_presets_and_manual_default_match_real_dialog ... ok
2026-10-07T22:21:47.1305591Z test import_options_panel::sorted_selection_frozen_clear_and_profile_identity_are_independent ... ok
2026-10-07T22:21:47.1313117Z test idle_timeout_options::raw_imported_seconds_normalise_only_on_unchanged_acceptance_as_qt_does ... ok
2026-10-07T22:21:47.1401672Z test import_options_panel::three_lists_and_staged_actions_replay_the_reference ... ok
2026-10-07T22:21:47.1408087Z test import_work_slots::missing_and_raw_legacy_keys_preserve_independent_defaults ... ok
2026-10-07T22:21:47.1747027Z test import_work_slots::loaded_out_of_range_controls_normalize_only_on_unchanged_apply ... ok
2026-10-07T22:21:47.1748096Z test importer_menu::an_importers_own_presentation_is_named_and_not_offered_again ... ok
2026-10-07T22:21:47.1757906Z test importer_menu::presentation_summaries_are_the_references ... ok
2026-10-07T22:21:47.1758356Z test importer_menu::the_list_menus_are_the_references ... ok
2026-10-07T22:21:47.1806640Z test image_colour::qt_icc_checkbox_cancel_saved_reopen_preserves_concurrent_viewer_rules ... ok
2026-10-07T22:21:47.2209274Z test import_work_slots::reference_controls_stay_staged_and_saved_limits_survive_reopening ... ok
2026-10-07T22:21:47.3040218Z test incremental_tagging::actual_qt_initial_clamps_and_long_decimal_previews_preserve_safe_native_inference ... ok
2026-10-07T22:21:47.3544681Z test incremental_tagging::add_then_remove_retains_the_reference_deleted_mapping_in_private_preview ... ok
2026-10-07T22:21:47.3610188Z test incremental_tagging::actual_child_defaults_conflicts_reverse_pairs_and_nested_cancellation_replay ... ok
2026-10-07T22:21:47.3628307Z test local_import_dialog::parsing_shows_its_progress_and_can_be_paused_and_stopped ... ok
2026-10-07T22:21:47.3652957Z test local_import_dialog::the_list_is_the_references ... ok
2026-10-07T22:21:47.4186197Z test incremental_tagging::initial_start_uses_actual_unicode_decimal_sorting_and_ignores_negative_subtags ... ok
2026-10-07T22:21:47.5310337Z test local_transfer::actual_qt_options_defaults_drafts_and_field_scoped_save ... ok
2026-10-07T22:21:47.5479454Z test local_transfer::deleted_destination_restores_timestamp_and_stale_source_cannot_move ... ok
2026-10-07T22:21:47.6872230Z test local_transfer::stale_destination_membership_and_reused_service_id_never_retarget_a_question ... ok
2026-10-07T22:21:47.6891039Z test login_script_controls::script_cog_matches_qt_login_context_and_rejects_replaced_requests ... ok
2026-10-07T22:21:47.6910546Z test login_workflows::cookie_requirements_match_real_qt_pair_edits_cancel_and_duplicate_looking_keys ... ok
2026-10-07T22:21:47.6929696Z test login_workflows::credentials_match_reference_display_order_status_and_confirmation ... ok
2026-10-07T22:21:47.6955050Z test legacy_seed_caches::upgraded_historical_histories_reach_native_counts_restore_and_reopen_intact ... ok
2026-10-07T22:21:47.7002619Z test login_workflows::domain_add_change_and_delete_replay_all_recorded_prompt_chains ... ok
2026-10-07T22:21:47.7051762Z test login_workflows::domain_credentials_replay_reference_validity_activation_cancel_and_delay_reset ... ok
2026-10-07T22:21:47.7060358Z test login_workflows::embedded_step_cookie_list_replays_sorted_pair_actions_and_confirmed_bulk_delete ... ok
2026-10-07T22:21:47.7082094Z test login_workflows::example_domains_replay_reference_defaults_duplicate_errors_and_final_cancel_acceptance ... ok
2026-10-07T22:21:47.7086944Z test login_workflows::login_domain_rows_replay_cookie_expiry_and_pretty_delay_reference ... ok
2026-10-07T22:21:47.7104969Z test login_workflows::login_step_content_replays_reference_unique_import_cancel_sort_and_request_cleanup ... ok
2026-10-07T22:21:47.7137169Z test login_workflows::preserved_credentials_load_then_native_save_controls_domain_warnings ... ok
2026-10-07T22:21:47.7154675Z test login_workflows::request_arguments_replay_real_qt_rename_duplicates_blank_values_and_cancel ... ok
2026-10-07T22:21:47.7176409Z test login_workflows::scripts_import_rename_and_delete_keep_reference_name_and_key_rules ... ok
2026-10-07T22:21:47.7197008Z test login_workflows::three_argument_lists_keep_independent_extended_selection_and_bulk_deletion ... ok
2026-10-07T22:21:47.7350217Z test login_workflows::domain_apply_preserves_concurrent_script_edits_and_rejects_domain_conflicts ... ok
2026-10-07T22:21:47.7799990Z test main_identity::implicit_name_normalisation_and_other_fields_preserve_concurrent_updates ... ok
2026-10-07T22:21:47.9376068Z test main_identity::constructor_cancel_unchanged_apply_and_reopen_match_raw_qt_names ... ok
2026-10-07T22:21:47.9775634Z test main_menu::import_and_export_folders_are_offered_to_run_now ... ok
2026-10-07T22:21:48.0372397Z test main_menu::repositories_add_their_pages_and_pending_menu ... ok
2026-10-07T22:21:48.0374334Z test manage_notes::copies_as_python_writes_json ... ok
2026-10-07T22:21:48.0386613Z test manage_notes::notes_dialog_steps_as_the_reference ... ok
2026-10-07T22:21:48.0387399Z test manage_notes::the_menu_counts_the_focused_files_notes ... ok
2026-10-07T22:21:48.0904838Z test main_menu::the_menu_bar_is_the_reference_s ... ok
2026-10-07T22:21:48.2752452Z test manage_tag_counts::deleted_counts_status_rows_and_global_toggle_replay_apply_cancel_and_reopen ... ok
2026-10-07T22:21:48.4166672Z test ffmpeg_timeout::already_open_import_review_uses_live_store_deadline_for_real_metadata_detection ... ok
2026-10-07T22:21:48.4747172Z test manage_tags_sort::independent_defaults_stage_cancel_apply_reopen_and_merge_only_changed_context ... ok
2026-10-07T22:21:48.6441513Z test manage_tags_sort::sibling_sort_uses_raw_tags_when_storage_sibling_information_is_disabled ... ok
2026-10-07T22:21:48.6444971Z test media_view_options::delete_spares_classes_and_add_copies_the_class ... ok
2026-10-07T22:21:48.6470322Z test media_view_options::rows_addable_types_and_editor_choices_are_the_reference_s ... ok
2026-10-07T22:21:48.6568690Z test manage_tags_sort::open_service_tabs_keep_local_sort_after_options_change_and_new_dialog_reads_default ... ok
2026-10-07T22:21:48.6604924Z test menu_choice_wheel::signed_wrap_and_empty_single_choice_signals_match_actual_qt ... ok
2026-10-07T22:21:48.7177213Z test menu_choice_wheel::simple_options_sort_retains_the_recorded_text_and_count_orders ... ok
2026-10-07T22:21:48.7958357Z test menu_choice_wheel::staged_setting_saves_only_its_key_and_unchanged_draft_preserves_live_value ... ok
2026-10-07T22:21:48.7960375Z test menu_choice_wheel::real_media_type_flat_order_unknown_current_and_matching_order_labels_match_qt ... ok
2026-10-07T22:21:48.8528953Z test manage_tags_sort::both_contexts_replay_all_real_sort_types_orders_siblings_and_groupings ... ok
2026-10-07T22:21:48.8534439Z test namespace_colours::edit_recolours_each_selected_entry_in_place ... ok
2026-10-07T22:21:48.9305312Z test merge_options_editor::the_editor_edits_merge_options_as_the_reference_does ... ok
2026-10-07T22:21:48.9350753Z test namespace_colours::sorted_add_keeps_qt_positional_range_anchor_then_delete_resets_it ... ok
2026-10-07T22:21:48.9368651Z test namespace_sorts::duplicate_ids_and_frozen_edits_survive_selection_changes_cancel_and_removal ... ok
2026-10-07T22:21:48.9369333Z test namespace_sorts::replay_actual_queue_add_edit_escaped_names_views_moves_and_delete_answers ... ok
2026-10-07T22:21:49.0073394Z test network_data::drafts_preserve_unrelated_edits_and_reject_changed_defaults ... ok
2026-10-07T22:21:49.0555118Z test merge_summaries::merges_are_summarised_as_the_reference ... ok
2026-10-07T22:21:49.0557809Z test namespace_colours::qt_namespace_add_normalization_protected_mixed_delete_and_options_cancel_reopen ... ok
2026-10-07T22:21:49.0563733Z test network_data::replay_qt_bandwidth_rows_rules_and_questions ... ok
2026-10-07T22:21:49.0572121Z test network_job_control::cog_replays_actual_qt_context_submenu_and_phase_actions ... ok
2026-10-07T22:21:49.0586768Z test network_job_control::control_auto_policy_targets_future_requests_and_owner_clears_error_once ... ok
2026-10-07T22:21:49.0587763Z test network_data::fresh_live_usage_wins_until_the_daemon_heartbeat_expires ... ok
2026-10-07T22:21:49.1144741Z test network_sessions::automatic_header_questions_replay_reference_deduplicate_and_reject_changed_payloads ... ok
2026-10-07T22:21:49.1146939Z test network_data::reference_bandwidth_age_rule_filters_months_and_history_deletion ... ok
2026-10-07T22:21:49.1150038Z test network_sessions::cleared_session_draft_preserves_a_later_request_cookie ... ok
2026-10-07T22:21:49.1679418Z test network_sessions::cookie_exchange_replays_reference_fields_questions_and_collisions ... ok
2026-10-07T22:21:49.1779543Z test network_sessions::header_case_groups_delete_exact_rows_and_reject_concurrent_variant_insertions ... ok
2026-10-07T22:21:49.1865171Z test network_sessions::detached_cookie_drafts_preserve_attributes_merge_and_reject_conflicts_atomically ... ok
2026-10-07T22:21:49.1866881Z test network_sessions::reference_rows_validation_and_confirmation ... ok
2026-10-07T22:21:49.2220419Z test network_sessions::headers_merge_unrelated_writes_and_cancel_and_reject_same_key_changes ... ok
2026-10-07T22:21:49.2325218Z test network_sessions::malformed_cookie_batches_never_partially_change_the_draft_and_browser_routes_silos ... ok
2026-10-07T22:21:49.2327570Z test open_externally::actual_qt_registered_choices_queue_order_and_protected_mime_rows ... ok
2026-10-07T22:21:49.2340199Z test open_externally::configured_empty_specific_and_missing_call_never_fall_through_custom_route ... ok
2026-10-07T22:21:49.2546354Z test local_transfer::recorded_copy_strict_and_merge_questions_drive_real_memberships ... ok
2026-10-07T22:21:49.2953061Z test open_externally::washing_renames_deduplicates_removes_missing_without_name_remap_and_persists ... ok
2026-10-07T22:21:49.2998739Z test options_dialog::advanced_network_ranges_and_clamps_match_the_reference ... ok
2026-10-07T22:21:49.3460281Z test options_dialog::application_names_and_exit_switch_apply_as_the_reference_does ... ok
2026-10-07T22:21:49.3556012Z test normal_time_maintenance::recorded_flags_cancel_apply_reopen_and_live_peer_preservation ... ok
2026-10-07T22:21:49.4125128Z test options_dialog::export_default_directory_matches_recorded_blank_literal_and_portable_paths ... ok
2026-10-07T22:21:49.4268753Z test notes_preferences::actual_cog_copy_variants_and_options_persistence_replay ... ok
2026-10-07T22:21:49.4645510Z test options_dialog::closing_controls_stage_all_reference_preferences_without_persisting ... ok
2026-10-07T22:21:49.4966224Z test options_dialog::cursor_autohide_control_matches_reference_default_bounds_and_none ... ok
2026-10-07T22:21:49.5709754Z test options_dialog::eye_menu_preferences_follow_all_reference_combinations_without_saving_detached_edits ... ok
2026-10-07T22:21:49.5767909Z test options_dialog::file_search_boolean_controls_replay_reference_defaults_and_staged_edits ... ok
2026-10-07T22:21:49.6075118Z test options_dialog::file_search_limit_controls_stage_and_clamp_reference_values ... ok
2026-10-07T22:21:49.6494142Z test options_dialog::hash_prefix_control_matches_reference_default_and_checkbox ... ok
2026-10-07T22:21:49.7256423Z test options_dialog::notebook_navigation_preferences_match_recorded_controls ... ok
2026-10-07T22:21:49.7266879Z test options_dialog::local_location_option_matches_reference_and_keeps_child_changes_staged ... ok
2026-10-07T22:21:49.7723158Z test options_dialog::passive_background_controls_match_reference_and_stage_independent_copies ... ok
2026-10-07T22:21:49.7743604Z test options_dialog::regex_favourites_child_edits_wait_for_parent_apply ... ok
2026-10-07T22:21:49.7827813Z test options_dialog::remembered_options_pages_and_auxiliary_search_match_the_reference ... ok
2026-10-07T22:21:49.7860946Z test options_dialog::read_presentation_controls_match_reference_ranges_and_staged_values ... ok
2026-10-07T22:21:49.8176273Z test options_dialog::reopening_numeric_options_clamps_saved_advanced_values ... ok
2026-10-07T22:21:49.9306052Z test options_dialog::removed_service_choices_clamp_drafts_and_service_names_are_searchable ... ok
2026-10-07T22:21:49.9325193Z test options_dialog::session_backup_count_matches_recorded_control_and_clamps ... ok
2026-10-07T22:21:49.9820966Z test options_dialog::subscription_file_failure_limit_replays_qt_noneable_states_in_parent_transaction ... ok
2026-10-07T22:21:49.9964487Z test options_dialog::subscription_concurrency_replays_recorded_clamps_and_committed_parent_states ... ok
2026-10-07T22:21:50.0505491Z test options_dialog::the_options_search_offers_what_the_references_does ... ok
2026-10-07T22:21:50.0615341Z test options_dialog::system_sleep_controls_match_reference_and_clamp ... ok
2026-10-07T22:21:50.0784958Z test options_dialog::tag_service_controls_match_reference_and_remember_interlock ... ok
2026-10-07T22:21:50.1284163Z test options_dialog::the_options_pages_are_the_references ... ok
2026-10-07T22:21:50.2103391Z test options_dialog::viewer_canvas_controls_match_reference_and_stage_bounded_values ... ok
2026-10-07T22:21:50.2165841Z test options_dialog::the_thumbnail_rating_sizes_go_up_to_the_thumbnails_width ... ok
2026-10-07T22:21:50.2216853Z test options_dialog::viewer_focus_controls_stage_independent_reference_policies ... ok
2026-10-07T22:21:50.2612774Z test options_dialog::viewer_hover_controls_replay_reference_enabled_states ... ok
2026-10-07T22:21:50.2639449Z test orphan_files::the_popup_says_what_was_cleared ... ok
2026-10-07T22:21:50.3845483Z test options_dialog::viewer_pointer_controls_stage_the_reference_drag_preferences ... ok
2026-10-07T22:21:50.3872380Z test options_dialog::zoom_switch_and_animation_loop_controls_match_reference_and_stage_changes ... ok
2026-10-07T22:21:50.3872834Z test or_connector::qt_raw_blank_newline_cancel_reopen_and_live_namespace_changes_remain_isolated ... ok
2026-10-07T22:21:50.3885405Z test page_layout::qt_live_sizes_saved_hidden_positions_and_signed_legacy_bounds ... ok
2026-10-07T22:21:50.3906243Z test page_navigation_options::history_limit_replays_actual_menu_without_discarding_backing_history ... ok
2026-10-07T22:21:50.4425352Z test page_layout::hide_draft_cancel_apply_reopen_preserves_concurrent_saved_sizes_and_exit_switch ... ok
2026-10-07T22:21:50.4437532Z test page_tree::cursor_expansion_and_activation_replay_actual_frame_tree ... ok
2026-10-07T22:21:50.4438854Z test page_tree::stable_keys_survive_reorder_rename_and_closed_cursor_without_stale_activation ... ok
2026-10-07T22:21:50.4439702Z test parser_editors::any_namespace_toggle_retains_the_disabled_namespace ... ok
2026-10-07T22:21:50.4477480Z test parser_editors::auto_fill_reference_owner_leaves_candidates_unapplied_and_reviews_api_pairs ... ok
2026-10-07T22:21:50.4678305Z test page_chooser_options::all_flag_combinations_replay_real_service_order_layout_and_choices ... ok
2026-10-07T22:21:50.4679106Z test parser_editors::content_change_keeps_unsupported_formula_and_note_newlines ... ok
2026-10-07T22:21:50.5290121Z test parser_editors::native_parser_save_preserves_other_settings_and_rejects_stale_edits ... ok
2026-10-07T22:21:50.5290939Z test parser_editors::per_class_parser_choices_replay_matching_groups_and_validate_stable_keys ... ok
2026-10-07T22:21:50.5314823Z test parser_editors::recorded_content_kinds_and_runtime_previews ... ok
2026-10-07T22:21:50.5334645Z test parser_editors::recorded_recursive_subsidiaries_preserve_context_documents_and_runtime_outputs ... ok
2026-10-07T22:21:50.5348070Z test parser_editors::recorded_subsidiary_queue_import_and_duplicate_preserve_keys_and_select_new_rows ... ok
2026-10-07T22:21:50.5350926Z test parser_editors::test_context_rejects_invalid_duplicate_and_reserved_variables ... ok
2026-10-07T22:21:50.5366603Z test parser_editors::timestamp_editor_normalises_recorded_source_choice_and_preserves_converted_metadata ... ok
2026-10-07T22:21:50.5374880Z test parser_test_data::fetched_media_detection_tracks_example_selection_and_clears_on_text_changes ... ok
2026-10-07T22:21:50.5445481Z test page_chooser_options::legacy_checkbox_defaults_are_imported_and_top_choices_remain_independent ... ok
2026-10-07T22:21:50.5474843Z test page_navigation_options::imported_defaults_and_options_limits_replay_reference_spinbox_clamping ... ok
2026-10-07T22:21:50.5870804Z test parser_test_data::typed_png_summary_and_header_keep_the_recorded_object_package ... ok
2026-10-07T22:21:50.5920819Z test popup_freeze::real_qt_hidden_and_minimized_states_do_not_use_focus_and_unknown_is_explicit ... ok
2026-10-07T22:21:50.5961379Z test parser_test_data::recorded_raw_data_previews_match_without_changing_the_parser_document ... ok
2026-10-07T22:21:50.6516904Z test popup_width::legacy_raw_integers_and_independent_edited_fields_are_preserved ... ok
2026-10-07T22:21:50.6726664Z test popup_freeze::staged_cancel_save_reopen_and_concurrent_popup_fields_are_preserved ... ok
2026-10-07T22:21:50.6775704Z test predicate_history::actual_histories_replay_toggles_recency_cross_page_or_and_clear ... ok
2026-10-07T22:21:50.6796030Z test predicate_history::refused_inputs_reordering_and_stale_history_commands_do_not_mutate_recency ... ok
2026-10-07T22:21:50.7115266Z test parser_editors::changed_links_revalidate_current_class_capability_and_rollback_atomically ... ok
2026-10-07T22:21:50.7205398Z test preview_default_zoom::exact_real_preview_geometry_uses_preview_rules_and_keeps_full_viewer_zooms ... ok
2026-10-07T22:21:50.8484159Z test physical_delete_delay::real_constructor_cancel_acceptance_reopen_fields_and_concurrent_policy_replacement ... ok
2026-10-07T22:21:50.8504344Z test quick_export_directory::actual_file_submenu_enables_and_selects_quick_export_directory ... ok
2026-10-07T22:21:50.8630041Z test preview_default_zoom::actual_qt_choices_staged_cancel_save_reopen_and_independent_viewer_policy ... ok
2026-10-07T22:21:50.8745148Z test preview_default_zoom::retained_legacy_fallback_and_native_wins_survive_store_reopen ... ok
2026-10-07T22:21:50.8896897Z test popup_width::qt_bounds_staging_cancel_loaded_normalisation_and_durable_reopen ... ok
2026-10-07T22:21:51.0162508Z test ratings_editor::a_middle_click_count_sets_an_inc_dec_control_and_nothing_else ... ok
2026-10-07T22:21:51.0375839Z test ratings_editor::the_manage_ratings_dialog_works_as_the_references_does ... ok
2026-10-07T22:21:51.0453750Z test radio_return::cancelled_staging_changed_save_and_unchanged_concurrent_apply_match_actual_options ... ok
2026-10-07T22:21:51.1706589Z test recent_predicates::each_editor_shows_its_pages_recent_predicates ... ok
2026-10-07T22:21:51.1872535Z test recent_predicates::recent_predicates_are_kept_as_the_reference_keeps_them ... ok
2026-10-07T22:21:51.1876147Z test recent_predicates::predicates_have_the_reference_s_type_numbers ... ok
2026-10-07T22:21:51.1899791Z test regex_favourites::legacy_favourites_load_until_native_values_including_empty_are_saved ... ok
2026-10-07T22:21:51.1901035Z test regex_favourites::favourite_rows_and_input_boundaries_match_real_qt ... ok
2026-10-07T22:21:51.1902008Z test regex_favourites::matcher_favourite_menu_matches_actual_qt_actions_and_copy_payloads ... ok
2026-10-07T22:21:51.1902743Z test regex_favourites::readonly_row_input_menu_uses_saved_pairs_without_recursive_management ... ok
2026-10-07T22:21:51.1903504Z test regex_favourites::regex_clipboard_components_match_real_qt ... ok
2026-10-07T22:21:51.1910204Z test related_weights::folded_header_sorts_add_selection_and_independent_tables_match_actual_qt ... ok
2026-10-07T22:21:51.1944506Z test related_weights::namespace_questions_and_detached_tables_match_actual_qt ... ok
2026-10-07T22:21:51.2593308Z test rating_sizes::four_sizes_replay_qt_ranges_fractional_values_cancel_and_reopen ... ok
2026-10-07T22:21:51.2915252Z test recent_predicates::the_reference_s_recent_predicates_come_across ... ok
2026-10-07T22:21:51.2920607Z test related_weights::search_and_result_weights_change_actual_qt_cosine_ranking_separately ... ok
2026-10-07T22:21:51.2921319Z test search_log::exchange_questions_replay_actual_reference_answers_and_complete_objects ... ok
2026-10-07T22:21:51.2932369Z test search_log::the_search_log_is_the_references ... ok
2026-10-07T22:21:51.2966065Z test search_or::advanced_boolean_preview_replays_all_operators_escapes_and_real_validation ... ok
2026-10-07T22:21:51.2989951Z test search_or::staged_or_replays_actual_read_broadcasts_rewind_cancel_and_single_unwrap ... ok
2026-10-07T22:21:51.3505790Z test related_weights::binary64_result_rounding_and_sibling_contexts_replay_the_actual_db ... ok
2026-10-07T22:21:51.3632256Z test related_weights::options_acceptance_merges_only_weights_and_preserves_live_unrelated_preferences ... ok
2026-10-07T22:21:51.3644243Z test selection::selecting_thumbnails_is_the_reference_s ... ok
2026-10-07T22:21:51.4227573Z test services_editor::cancel_name_collision_and_apply_publish_snapshot ... ok
2026-10-07T22:21:51.4835501Z test related_weights::real_service_mappings_replay_recorded_ranks_and_never_cross_service ... ok
2026-10-07T22:21:51.4881334Z test selected_deletion_records::captured_clearable_records_match_actual_reference_changes_during_question ... ok
2026-10-07T22:21:51.4885136Z test services_editor::numerical_example_one_star_retains_live_conversion_but_saves_normalized_scale ... ok
2026-10-07T22:21:51.4889177Z test services_editor::numerical_settings_normalize_as_reference ... ok
2026-10-07T22:21:51.4901500Z test services_editor::rating_example_whole_widget_pointer_routes_replay_qt ... ok
2026-10-07T22:21:51.4965106Z test services_editor::deletion_reconciles_deleted_union_and_display_counts ... ok
2026-10-07T22:21:51.5386006Z test services_editor::nonempty_domain_race_rejects_and_rolls_back_all_edits ... ok
2026-10-07T22:21:51.5531659Z test selected_deletion_records::real_writer_later_batch_error_preserves_first_commit_and_remaining_records ... ok
2026-10-07T22:21:51.5547118Z test services_review::deleted_record_double_confirmation_matches_reference ... ok
2026-10-07T22:21:51.5844966Z test services_editor::writer_rechecks_last_domain_and_rating_limits ... ok
2026-10-07T22:21:51.6314461Z test services_editor::rating_examples_replay_qt_samples_live_configuration_and_no_saved_values ... ok
2026-10-07T22:21:51.6315158Z test services_editor::reference_rows_guards_and_defaults ... ok
2026-10-07T22:21:51.6315859Z test session_lifecycle::autosave_replays_idle_retries_period_changes_and_stopping_for_other_startup ... ok
2026-10-07T22:21:51.6317061Z test session_lifecycle::idle_requires_boot_user_mouse_and_api_timeouts_and_enabled_normal_work ... ok
2026-10-07T22:21:51.6320723Z test session_lifecycle::real_auxiliary_dialog_mouse_and_api_actions_update_independent_idle_timers ... ok
2026-10-07T22:21:51.6321464Z test session_lifecycle::recovery_question_matches_real_startup_dialog_labels_message_and_auto_yes_time ... ok
2026-10-07T22:21:51.6322159Z test session_lifecycle::size_warning_replays_real_threshold_seed_weight_disabled_and_one_boot_latch ... ok
2026-10-07T22:21:51.6326780Z test session_saving::backup_menu_labels_match_the_reference ... ok
2026-10-07T22:21:51.6330389Z test session_saving::saving_sessions_asks_and_saves_as_the_reference ... ok
2026-10-07T22:21:51.6345114Z test session_weight::the_report_weighs_files_as_one_and_urls_as_twenty ... ok
2026-10-07T22:21:51.6354292Z test session_saving::clear_and_load_asks_as_the_references_does ... ok
2026-10-07T22:21:51.6384424Z test set_password::scripted_answers_ask_and_save_as_the_reference ... ok
2026-10-07T22:21:51.6414555Z test shortcut_capture::saved_keypad_policy_preserves_digits_and_resolves_non_number_alternates ... ok
2026-10-07T22:21:51.6444451Z test shortcut_capture::actual_qt_keyboard_and_mouse_controls_replay_exact_values_text_and_modes ... ok
2026-10-07T22:21:51.6695469Z test services_review::local_bulk_actions_match_recorded_confirmations_and_reject_wrong_service ... ok
2026-10-07T22:21:51.6724471Z test shortcut_content::the_editor_builds_and_reads_back_commands ... ok
2026-10-07T22:21:51.6749524Z test shortcut_sets::a_new_client_has_the_reference_s_default_sets ... ok
2026-10-07T22:21:51.6785107Z test shortcut_sets::custom_sets_are_named_apart_deleted_and_defaults_restored ... ok
2026-10-07T22:21:51.6804913Z test shortcut_sets::names_order_and_descriptions_are_the_reference_s ... ok
2026-10-07T22:21:51.6829314Z test shutdown_work::shutdown_work_runs_asks_or_skips_as_the_reference_decides ... ok
2026-10-07T22:21:51.6915302Z test services_review::review_matches_reference_statistics ... ok
2026-10-07T22:21:51.7665218Z test shutdown_work::the_work_analyzes_the_due_tables_and_registers_itself ... ok
2026-10-07T22:21:51.7899382Z test shortcut_content::ratings_set_flip_and_step ... ok
2026-10-07T22:21:51.7916062Z test shortcut_content::a_tag_is_added_then_flipped_off ... ok
2026-10-07T22:21:51.8276030Z test sidecar_descriptions::routers_are_described_as_the_reference_describes_them ... ok
2026-10-07T22:21:51.8300752Z test sibling_colours::qt_collapsed_parent_suffix_keeps_its_own_fade_and_ideal_trailing_colour ... ok
2026-10-07T22:21:51.8321584Z test sidecar_editors::recorded_router_queue_restrictions_veto_wrong_direction_and_sources ... ok
2026-10-07T22:21:51.8766169Z test sidecar_editors::json_object_name_queue_replays_literal_reference_rows_and_exporter_values ... ok
2026-10-07T22:21:51.9133097Z test sidecar_editors::recorded_router_tables_and_child_strings_use_real_sidecars_and_read_only_media ... ok
2026-10-07T22:21:52.0005982Z test sidecar_editors::the_sidecar_editors_show_and_edit_as_the_reference_does ... ok
2026-10-07T22:21:52.0095648Z test sidecar_previews::each_files_sidecars_are_shown_as_the_reference_shows_them ... ok
2026-10-07T22:21:52.0833495Z test sibling_connector::connector_options_replay_stage_cancel_apply_and_live_consumers ... ok
2026-10-07T22:21:52.0885797Z test string_converter_editor::date_controls_and_live_preview_follow_real_qt_accept_cancel_and_reorder ... ok
2026-10-07T22:21:52.0912243Z test string_converter_editor::last_conversion_loads_reference_options_then_native_override ... ok
2026-10-07T22:21:52.0995106Z test string_converter_editor::the_string_converter_editor_works_as_the_references_does ... ok
2026-10-07T22:21:52.1025126Z test string_match_editor::the_string_match_editor_works_as_the_references_does ... ok
2026-10-07T22:21:52.1054828Z test string_processor_editor::processor_exchange_appends_reference_steps_and_rejects_invalid_data_atomically ... ok
2026-10-07T22:21:52.1104873Z test string_processor_editor::the_string_processor_editor_works_as_the_references_does ... ok
2026-10-07T22:21:52.1134870Z test string_tag_filter_tests::a_tag_filter_step_tests_its_example_as_the_references_does ... ok
2026-10-07T22:21:52.1578512Z test sort_cog::actual_sidebar_availability_and_independent_collect_service_checks ... ok
2026-10-07T22:21:52.1601085Z test subscription_exchange::missing_history_question_matches_actual_qt_message_title_and_decisions ... ok
2026-10-07T22:21:52.1639473Z test subscription_exchange::draft_log_changes_export_exact_reference_counts_examples_and_complete_histories ... ok
2026-10-07T22:21:52.1660030Z test subscription_exchange::unsupported_seed_runtime_data_leaves_the_entire_owner_draft_unchanged ... ok
2026-10-07T22:21:52.1715030Z test subscription_import_options::subscription_paste_modes_and_clear_match_recorded_reference_outputs ... ok
2026-10-07T22:21:52.2075428Z test sort_cog::menus_replay_service_order_separators_views_checks_and_full_context_preservation ... ok
2026-10-07T22:21:52.2076388Z test subscriptions_buttons::batch_merge_reserves_names_after_absorption_and_keeps_successor_edits ... ok
2026-10-07T22:21:52.2305047Z test subscription_exchange::staged_full_subscription_import_resolves_names_and_persists_both_histories ... ok
2026-10-07T22:21:52.2306141Z test subscriptions_buttons::the_other_buttons_act_as_the_references ... ok
2026-10-07T22:21:52.2334724Z test subscriptions_dedupe::deduplicate_asks_and_dedupes_as_the_reference ... ok
2026-10-07T22:21:52.2364647Z test subscriptions_list::the_list_sorts_by_the_column_chosen ... ok
2026-10-07T22:21:52.2384534Z test subscriptions_list::the_lists_rows_are_the_references ... ok
2026-10-07T22:21:52.2394852Z test system_or_activation::actual_system_activation_replays_shift_cancel_drafts_and_outer_acceptance ... ok
2026-10-07T22:21:52.2424634Z test tab_context::dynamic_close_select_move_and_sort_menus_match_real_reference ... ok
2026-10-07T22:21:52.2454540Z test tab_context::menus_expose_six_sorts_and_only_possible_moves ... ok
2026-10-07T22:21:52.2474625Z test subscriptions_list::the_dialogs_buttons_act_as_the_references ... ok
2026-10-07T22:21:52.2484364Z test tab_context::notebook_session_submenus_match_actual_tab_popup_reserved_name_rules ... ok
2026-10-07T22:21:52.2492692Z test tab_drag::drag_threshold_disabled_and_cancel_are_owned_and_deterministic ... ok
2026-10-07T22:21:52.2493624Z test tab_context::sorts_and_moves_match_the_reference ... ok
2026-10-07T22:21:52.2494427Z test tab_drag::real_drop_order_and_independent_shift_decisions_preserve_the_source_object ... ok
2026-10-07T22:21:52.3504954Z test subscription_quality::durable_logs_and_current_file_states_match_reference_quality_outputs ... ok
2026-10-07T22:21:52.3516211Z test tab_presentation::middle_names_replay_actual_qt_paint_without_changing_stored_names ... ok
2026-10-07T22:21:52.3632981Z test tag_banner::detached_banner_drafts_match_actual_qt_queue_and_live_preview ... ok
2026-10-07T22:21:52.3692252Z test sibling_colours::qt_sibling_colours_stage_cancel_apply_reopen_and_all_live_model_runs ... ok
2026-10-07T22:21:52.3730276Z test tag_banner::unicode_decimal_chunk_order_and_live_preview_match_actual_qt ... ok
2026-10-07T22:21:52.4244593Z test tag_banner::option_banner_children_stage_by_original_target_and_save_only_with_parent ... ok
2026-10-07T22:21:52.4274713Z test tab_drag::independent_drag_preferences_replay_exact_qt_options_cancel_save_and_reopen ... ok
2026-10-07T22:21:52.5442902Z test tag_dialog_defaults::tag_service_defaults_and_immediate_memory_replay_reference_dialogs ... ok
2026-10-07T22:21:52.6495932Z test tag_dialog_preferences::options_defaults_stage_cancel_apply_and_preserve_autocomplete_preferences ... ok
2026-10-07T22:21:52.6585631Z test tag_display::deleting_the_last_applied_source_preserves_disabled_self_rules ... ok
2026-10-07T22:21:52.7215133Z test tag_display::staged_interlocks_match_reference ... ok
2026-10-07T22:21:52.7222628Z test tag_display::widget_options_gate_gui_queries_only ... ok
2026-10-07T22:21:52.8731824Z test tag_display::queues_disable_reorder_reopen_counts_daemon_and_clear_filter ... ok
2026-10-07T22:21:52.8768486Z test tag_filter_editor::the_editor_shows_and_edits_a_filter_as_the_reference_does ... ok
2026-10-07T22:21:52.9092210Z test tag_dialog_preferences::storage_rows_and_service_topologies_replay_all_reference_combinations ... ok
2026-10-07T22:21:52.9108208Z test tag_filter_favourites::reference_bulk_paste_and_extra_blacklist_panels_keep_rule_and_test_semantics ... ok
2026-10-07T22:21:52.9264610Z test tag_display::write_autocomplete_uses_override_or_launcher_domain_and_rejects_tag_locations ... ok
2026-10-07T22:21:52.9428741Z test tag_filter_favourites::concurrent_favourite_saves_merge_and_invalid_exchange_cannot_change_settings ... ok
2026-10-07T22:21:52.9783679Z test tag_filter_favourites::reference_favourite_workflow_preserves_cancelled_drafts_and_saves_immediately ... ok
2026-10-07T22:21:52.9788790Z test tag_migration::migration_popup_speed_and_phase_text_replay_actual_qt_outputs ... ok
2026-10-07T22:21:53.0114841Z test tag_migration::archive_inspection_choices_cancellation_and_count_summaries_match_qt ... ok
2026-10-07T22:21:53.0776604Z test tag_migration::reference_choices_and_second_confirmation ... ok
2026-10-07T22:21:53.1116548Z test tab_presentation::legacy_defaults_and_staged_controls_replay_actual_options_then_reopen ... ok
2026-10-07T22:21:53.1195789Z test tag_migration::pair_summary_replays_equal_asymmetric_and_equal_text_distinct_filters ... ok
2026-10-07T22:21:53.2143754Z test tag_namespace_order::namespace_changes_merge_with_concurrent_presentation_edits_and_unchanged_list ... ok
2026-10-07T22:21:53.2174686Z test tag_namespace_order::raw_allow_blank_queue_actions_and_all_tag_sorts_match_qt ... ok
2026-10-07T22:21:53.2805331Z test tag_list_display_types::exact_choices_stage_cancel_apply_reopen_and_preserve_old_payload_defaults ... ok
2026-10-07T22:21:53.3000006Z test tag_relationships::apply_republishes_graphs_and_counts_atomically_and_rolls_back_errors ... ok
2026-10-07T22:21:53.3256675Z test tag_migration::reference_database_pending_outcomes ... ok
2026-10-07T22:21:53.3494499Z test tag_relationships::changes_refresh_other_services_applying_the_source ... ok
2026-10-07T22:21:53.3632872Z test tag_relationships::invalid_batch_graphs_are_reported_and_leave_valid_relationships_untouched ... ok
2026-10-07T22:21:53.4005073Z test tag_relationships::per_service_inputs_cancel_import_and_selection ... ok
2026-10-07T22:21:53.4007253Z test tag_suggestions::broadcast_keeps_selected_tag_identity_but_switching_services_retires_selection ... ok
2026-10-07T22:21:53.4549045Z test tag_relationships::repository_changes_keep_reasons_and_rescinds_across_reopen ... ok
2026-10-07T22:21:53.4817718Z test tag_migration::reference_database_pair_filters_and_destinations ... ok
2026-10-07T22:21:53.5460129Z test tag_sync_review::a_service_counts_its_rules ... ok
2026-10-07T22:21:53.5464805Z test tag_sync_review::the_status_follows_the_sync_switches ... ok
2026-10-07T22:21:53.6106579Z test tag_relationships::reference_rows_questions_conflicts_and_loops ... ok
2026-10-07T22:21:53.6134849Z test thumbnail_cache::byte_amount_unit_decomposition_matches_real_qt_controls ... ok
2026-10-07T22:21:53.6145486Z test thumbnail_cache::byte_lru_soft_overflow_timeout_touch_policy_and_clear_match_actual_reference ... ok
2026-10-07T22:21:53.6581967Z test tag_suggestions::most_used_options_merge_per_service_and_reach_filtered_add_only_media ... ok
2026-10-07T22:21:53.7572491Z test thumbnail_cache::independent_options_edits_merge_with_a_newer_saved_timeout ... ok
2026-10-07T22:21:53.7589576Z test thumbnail_maintenance::jobs_are_in_the_reference_s_order_with_its_words ... ok
2026-10-07T22:21:53.7606572Z test thumbnail_maintenance::questions_follow_the_selection_size ... ok
2026-10-07T22:21:53.7619652Z test thumbnail_navigation::exact_visibility_boundaries_and_rate_ties_negative_zero_and_errors_match_qt ... ok
2026-10-07T22:21:53.7620652Z test thumbnail_navigation::optional_last_hit_origin_preserves_actual_ranges_focus_and_repeated_navigation ... ok
2026-10-07T22:21:53.7904729Z test tag_suggestions::layout_and_default_choices_replay_all_recorded_available_pages_without_eager_writes ... ok
2026-10-07T22:21:53.8359064Z test thumbnail_cache::raw_timeout_is_preserved_until_its_minute_fields_are_edited ... ok
2026-10-07T22:21:53.8483287Z test thumbnail_preview_selection::all_qt_modifier_ranges_focus_anchor_ghost_and_keyboard_publications ... ok
2026-10-07T22:21:53.8585980Z test thumbnail_preview_selection::exact_singleton_zero_and_collection_aggregate_duration_eligibility ... ok
2026-10-07T22:21:53.8612420Z test thumbnail_ratings::a_counter_is_as_wide_as_the_reference_s ... ok
2026-10-07T22:21:53.8613160Z test thumbnail_ratings::a_fraction_is_written_as_the_reference_writes_it ... ok
2026-10-07T22:21:53.9048372Z test thumbnail_appearance::actual_defaults_cancel_raw_paths_reopen_and_current_field_merge ... ok
2026-10-07T22:21:54.0356791Z test thumbnail_ratings::numerical_ratings_shapes_are_placed_as_the_reference_s_are ... ok
2026-10-07T22:21:54.1065623Z test thumbnail_ratings::ratings_of_a_kind_share_a_row ... ok
2026-10-07T22:21:54.1067434Z test times_editor::a_file_modified_time_before_1980_stays_off_a_windows_disk ... ok
2026-10-07T22:21:54.1126165Z test times_editor::the_manage_times_dialog_works_as_the_references_does ... ok
2026-10-07T22:21:54.3295287Z test thumbnail_navigation::staged_exact_controls_import_cancel_invalid_rate_save_and_reopen_match_qt ... ok
2026-10-07T22:21:54.3325144Z test urls_editor::the_manage_urls_dialog_works_as_the_references_does ... ok
2026-10-07T22:21:54.3325998Z test vacuum_review::a_row_says_size_free_space_and_readiness ... ok
2026-10-07T22:21:54.3334601Z test vacuum_review::estimates_read_as_the_reference_s ... ok
2026-10-07T22:21:54.3335282Z test viewer_closing::closing_actions_match_real_reference_notification_order ... ok
2026-10-07T22:21:54.3354716Z test viewer_cursor::actual_cursor_checks_match_reference_clock_focus_menu_and_motion ... ok
2026-10-07T22:21:54.3399337Z test unselected_tag_cap::recorded_bounds_none_zero_cancel_and_saved_preferences ... ok
2026-10-07T22:21:54.3424406Z test viewer_drag::anchored_and_touch_overridden_drags_replay_actual_qt_threshold_and_warps ... ok
2026-10-07T22:21:54.3464716Z test viewer_prefetch::actual_atomic_finished_only_flush_preserves_all_entries_on_failure ... ok
2026-10-07T22:21:54.3514336Z test viewer_prefetch::actual_pending_loaded_recounts_equality_unknown_and_one_miss_passes ... ok
2026-10-07T22:21:54.3564564Z test viewer_prefetch::all_actual_circular_next_first_neighbour_orders_and_controls ... ok
2026-10-07T22:21:54.4122119Z test viewer_drag::anchor_options_remain_drafts_until_apply_and_survive_reopen ... ok
2026-10-07T22:21:54.4130987Z test viewer_shortcut_menu::custom_sets_flip_on_and_off_in_order ... ok
2026-10-07T22:21:54.4281970Z test viewer_prefetch::legacy_native_wins_and_normalized_passive_apply_preserves_concurrent_fields ... ok
2026-10-07T22:21:54.4294577Z test viewer_tag_wheel::parent_wheel_gates_replay_actual_qt_boundaries_and_directions ... ok
2026-10-07T22:21:54.4675290Z test thumbnail_ratings::the_ratings_over_thumbnails_are_the_references ... ok
2026-10-07T22:21:54.4821342Z test viewer_tag_wheel::four_policy_choices_stage_cancel_save_and_reopen_with_reference_labels ... ok
2026-10-07T22:21:54.4876439Z test viewing_statistics::completed_view_policy_matches_real_manager_caps_minima_durations_and_filter_switches ... ok
2026-10-07T22:21:54.4983229Z test viewing_maintenance::cull_reads_current_rules_and_a_preview_validation_failure_preserves_media_rows ... ok
2026-10-07T22:21:54.4995960Z test viewing_statistics::preview_timed_policy_matches_actual_manager_and_keeps_its_own_canvas_category ... ok
2026-10-07T22:21:54.5718630Z test viewing_statistics::preview_options_replay_actual_none_bounds_conversion_and_cancelled_parent ... ok
2026-10-07T22:21:54.5844011Z test thumbnail_preview_selection::actual_defaults_disabled_values_cancel_reopen_and_edited_field_merge ... ok
2026-10-07T22:21:54.6064818Z test viewing_statistics::timing_controls_replay_qt_bounds_none_and_millisecond_conversion ... ok
2026-10-07T22:21:54.6391221Z test viewing_maintenance::reference_clear_cull_questions_rules_errors_and_real_reopened_media_match ... ok
2026-10-07T22:21:54.6414799Z test window_rescue::actual_visibility_corner_order_fuzzy_tests_and_fallback_match_qt ... ok
2026-10-07T22:21:54.6585492Z test viewing_statistics::viewing_menu_controls_match_qt_and_preserve_the_parent_draft ... ok
2026-10-07T22:21:54.7382166Z test viewing_statistics::tracker_counts_once_on_change_or_close_reads_live_policy_and_preserves_latest_start ... ok
2026-10-07T22:21:54.8150886Z test write_autocomplete::children_limit_option_matches_reference_and_persists_only_accepted_drafts ... ok
2026-10-07T22:21:54.8195068Z test viewtime_milliseconds::editor_and_imported_predicates_match_reference_millisecond_queries ... ok
2026-10-07T22:21:54.9462777Z test write_autocomplete::clipboard_additions_keep_existing_text_and_result_selection ... ok
2026-10-07T22:21:54.9976391Z test write_autocomplete::detached_import_tag_lists_replay_reference_and_never_mutate_caller ... ok
2026-10-07T22:21:55.0076005Z test window_rescue::staged_bounds_import_cancel_persistence_and_reopen_match_actual_qt ... ok
2026-10-07T22:21:55.0548156Z test write_autocomplete::exact_rows_counts_domains_decorations_and_first_selection_match_reference ... ok
2026-10-07T22:21:55.0872148Z test write_autocomplete::favourite_and_count_ordered_children_tabs_replay_reference_caps_and_context ... ok
2026-10-07T22:21:55.2064774Z test write_autocomplete::paste_questions_skip_and_add_only_staging_follow_reference ... ok
2026-10-07T22:21:55.2367476Z test write_autocomplete::favourite_options_replay_add_only_choices_and_parent_transaction ... ok
2026-10-07T22:21:55.2546777Z test write_autocomplete::recorded_logical_selection_ranges_parent_hits_and_batch_activation ... ok
2026-10-07T22:21:55.2679592Z test write_autocomplete::read_favourite_and_children_tabs_replay_real_qt_lists_and_context_changes ... ok
2026-10-07T22:21:55.4138891Z test write_autocomplete::relationship_inputs_replay_real_add_only_paste_and_opposite_side_removal ... ok
2026-10-07T22:21:55.4448163Z test write_autocomplete::six_write_options_replay_recorded_defaults_and_stay_staged_until_apply ... ok
2026-10-07T22:21:55.4475931Z test write_autocomplete::seeded_relationship_editors_replay_service_defaults_memory_and_cancel ... ok
2026-10-07T22:21:55.4661071Z test write_autocomplete::tag_menu_copy_decorations_favourites_and_launch_replay_real_qt_actions ... ok
2026-10-07T22:21:55.5146102Z test write_autocomplete::write_domain_menus_and_interlocks_replay_reference_without_persisting_options ... ok
2026-10-07T22:21:55.5148022Z 
2026-10-07T22:21:55.5148329Z test result: ok. 525 passed; 0 failed; 0 ignored; 0 measured; 0 filtered out; finished in 12.59s
2026-10-07T22:21:55.5148666Z 
2026-10-07T22:21:55.5211714Z [1m[92m     Running[0m unittests src/lib.rs (target/debug/deps/hydrus_import-d090caef246773ad)
2026-10-07T22:21:55.5227821Z 
2026-10-07T22:21:55.5227972Z running 6 tests
2026-10-07T22:21:55.5240174Z test failure_identity_tests::missing_ffmpeg_data_keeps_its_reference_exception_identity ... ok
2026-10-07T22:21:55.5240716Z test paths::tests::sidecars_are_told_apart_from_files ... ok
2026-10-07T22:21:55.5241070Z test status::tests::times_read_like_the_reference ... ok
2026-10-07T22:21:55.5245897Z test paths::tests::conflicting_names_get_numbers ... ok
2026-10-07T22:21:55.5247051Z test paths::tests::nice_permission_bits_keep_to_the_umask ... ok
2026-10-07T22:21:55.5680427Z test formatting_tests::saved_figures_replay_all_reference_rejections_and_critical_drive_pause ... ok
2026-10-07T22:21:55.5680989Z 
2026-10-07T22:21:55.5681447Z test result: ok. 6 passed; 0 failed; 0 ignored; 0 measured; 0 filtered out; finished in 0.05s
2026-10-07T22:21:55.5681768Z 
2026-10-07T22:21:55.5689521Z [1m[92m     Running[0m tests/file_handling.rs (target/debug/deps/file_handling-7eb5c45ea94205cc)
2026-10-07T22:21:55.5710279Z 
2026-10-07T22:21:55.5710464Z running 1 test
2026-10-07T22:21:55.6223582Z test an_importer_applies_the_store_s_file_handling ... ok
2026-10-07T22:21:55.6224211Z 
2026-10-07T22:21:55.6224443Z test result: ok. 1 passed; 0 failed; 0 ignored; 0 measured; 0 filtered out; finished in 0.05s
2026-10-07T22:21:55.6224743Z 
2026-10-07T22:21:55.6233218Z [1m[92m     Running[0m tests/file_maintenance.rs (target/debug/deps/file_maintenance-fa0e8559b51601c5)
2026-10-07T22:21:55.6256234Z 
2026-10-07T22:21:55.6256390Z running 8 tests
2026-10-07T22:21:55.8045225Z test ordinary_contended_pass_defers_without_waiting_or_consuming_jobs ... ok
2026-10-07T22:21:55.9038712Z test controlled_runner_cancels_after_one_committed_file_without_consuming_the_next ... ok
2026-10-07T22:21:55.9088629Z test cancellation_from_pre_job_hook_finishes_current_file_then_preserves_next ... ok
2026-10-07T22:21:56.0230409Z test pre_job_hook_precedes_work_and_clear_runs_between_fetched_batches ... ok
2026-10-07T22:21:56.1822287Z test selected_runner_keeps_lease_budget_and_cancellation_boundaries ... ok
2026-10-07T22:21:56.2097421Z test damaged_files_are_dealt_with_as_the_reference_does ... ok
2026-10-07T22:21:56.2628463Z test selected_immediate_work_skips_global_backlog_before_limit_and_commits_only_selection ... ok
2026-10-07T22:21:56.7868710Z test queued_jobs_come_across_and_put_back_what_they_regenerate ... ok
2026-10-07T22:21:56.7868921Z 
2026-10-07T22:21:56.7869065Z test result: ok. 8 passed; 0 failed; 0 ignored; 0 measured; 0 filtered out; finished in 1.16s
2026-10-07T22:21:56.7869249Z 
2026-10-07T22:21:56.7892008Z [1m[92m     Running[0m tests/image_colour.rs (target/debug/deps/image_colour-3b8cb4b2bc6c4399)
2026-10-07T22:21:56.7913166Z 
2026-10-07T22:21:56.7913493Z running 1 test
2026-10-07T22:21:56.8630188Z test actual_import_pixels_and_generated_thumbnails_follow_saved_policy_without_recreating_importer ... ok
2026-10-07T22:21:56.8630607Z 
2026-10-07T22:21:56.8631076Z test result: ok. 1 passed; 0 failed; 0 ignored; 0 measured; 0 filtered out; finished in 0.07s
2026-10-07T22:21:56.8631349Z 
2026-10-07T22:21:56.8644237Z [1m[92m     Running[0m tests/import.rs (target/debug/deps/import-c37cbe5109d20abc)
2026-10-07T22:21:56.8665478Z 
2026-10-07T22:21:56.8665569Z running 9 tests
2026-10-07T22:21:56.9263535Z test decompression_bombs_are_vetoed_when_the_options_say_so ... ok
2026-10-07T22:21:56.9352065Z test a_failed_copy_into_storage_pauses_the_importers ... ok
2026-10-07T22:21:56.9477308Z test a_new_file_with_no_import_destination_is_vetoed ... ok
2026-10-07T22:21:56.9575193Z test a_missing_thumbnail_is_made_again_from_its_file ... ok
2026-10-07T22:21:56.9992497Z test imports_record_xmp_iptc_and_software_flags ... ok
2026-10-07T22:21:57.0166541Z test reimports_report_what_the_client_knows ... ok
2026-10-07T22:21:57.0574394Z test rules_veto_and_bad_files_error ... ok
2026-10-07T22:21:57.1011016Z test saved_precision_reaches_actual_import_rejection_without_importing_or_changing_rules ... ok
2026-10-07T22:21:57.3479722Z test imports_match_what_the_reference_records ... ok
2026-10-07T22:21:57.3480037Z 
2026-10-07T22:21:57.3480245Z test result: ok. 9 passed; 0 failed; 0 ignored; 0 measured; 0 filtered out; finished in 0.48s
2026-10-07T22:21:57.3480480Z 
2026-10-07T22:21:57.3504606Z [1m[92m     Running[0m tests/similar_files.rs (target/debug/deps/similar_files-3598e24401ada691)
2026-10-07T22:21:57.3526741Z 
2026-10-07T22:21:57.3526827Z running 1 test
2026-10-07T22:21:57.6608004Z test the_search_finds_what_the_reference_found ... ok
2026-10-07T22:21:57.6608262Z 
2026-10-07T22:21:57.6608472Z test result: ok. 1 passed; 0 failed; 0 ignored; 0 measured; 0 filtered out; finished in 0.31s
2026-10-07T22:21:57.6608743Z 
2026-10-07T22:21:57.6619290Z [1m[92m     Running[0m unittests src/lib.rs (target/debug/deps/hydrus_legacy-3094baf4d54f7dda)
2026-10-07T22:21:57.6631807Z 
2026-10-07T22:21:57.6631912Z running 34 tests
2026-10-07T22:21:57.6644504Z test db::tests::uri_escaping ... ok
2026-10-07T22:21:57.6674548Z test objects::client_api::tests::v1_permissions_upgrade ... ok
2026-10-07T22:21:57.6730928Z test objects::client_options::tests::the_default_downloader_comes_across ... ok
2026-10-07T22:21:57.6754510Z test objects::client_options::tests::the_new_client_defaults_decode ... ok
2026-10-07T22:21:57.6784434Z test objects::client_options::tests::the_slideshow_options_come_across ... ok
2026-10-07T22:21:57.6827711Z test objects::client_options::tests::the_recent_predicates_come_across ... ok
2026-10-07T22:21:57.6837167Z test objects::client_options::tests::the_tab_name_options_come_across ... ok
2026-10-07T22:21:57.6874579Z test objects::client_options::tests::custom_defaults_keep_supported_records_and_preserve_unknown_raw_options ... ok
2026-10-07T22:21:57.6904568Z test objects::client_options::tests::the_thumbnail_rating_options_come_across ... ok
2026-10-07T22:21:57.6909408Z test objects::client_options::tests::the_volumes_and_mutes_come_across ... ok
2026-10-07T22:21:57.6909970Z test objects::legacy_options::tests::anchors_and_aliases ... ok
2026-10-07T22:21:57.6910517Z test objects::legacy_options::tests::pyyaml_scalars ... ok
2026-10-07T22:21:57.6910778Z test objects::legacy_options::tests::defaults_fill_missing_keys ... ok
2026-10-07T22:21:57.6911034Z test objects::legacy_options::tests::tags_and_null_keys ... ok
2026-10-07T22:21:57.6911251Z test objects::logins::tests::reads_which_domains_log_in ... ok
2026-10-07T22:21:57.6911465Z test objects::services::tests::legacy_paused_flag ... ok
2026-10-07T22:21:57.6911705Z test objects::services::tests::missing_settings_take_reference_defaults ... ok
2026-10-07T22:21:57.6911982Z test objects::services::tests::star_conversions_match_reference_formulas ... ok
2026-10-07T22:21:57.6912257Z test objects::sidecars::tests::old_routers_are_upgraded_as_the_reference_does ... ok
2026-10-07T22:21:57.6912518Z test objects::tag_display::tests::autocomplete_v1_upgrade ... ok
2026-10-07T22:21:57.6912730Z test objects::sort::tests::media_sort_upgrades ... ok
2026-10-07T22:21:57.6913093Z test objects::tag_display::tests::manager_versions ... ok
2026-10-07T22:21:57.6913316Z test objects::tag_filter::tests::exceptions_beat_blanket_rules ... ok
2026-10-07T22:21:57.6913554Z test objects::tag_filter::tests::later_rules_replace_earlier_ones ... ok
2026-10-07T22:21:57.6913780Z test objects::tag_filter::tests::namespace_rules ... ok
2026-10-07T22:21:57.6914115Z test paths::tests::portable_paths ... ok
2026-10-07T22:21:57.6914272Z test paths::tests::prefix_nesting ... ok
2026-10-07T22:21:57.6914445Z test serialisable::tests::container_upgrades ... ok
2026-10-07T22:21:57.6914639Z test serialisable::tests::dictionary_meta_encoding ... ok
2026-10-07T22:21:57.6914865Z test serialisable::tests::irregular_containers_are_kept_verbatim ... ok
2026-10-07T22:21:57.6915103Z test serialisable::tests::named_objects_and_bytes_dicts ... ok
2026-10-07T22:21:57.6915326Z test serialisable::types::tests::table_is_sorted_and_unique ... ok
2026-10-07T22:21:57.6915628Z test objects::client_options::tests::whether_a_full_downloader_page_asks_before_closing_comes_across ... ok
2026-10-07T22:21:57.7119710Z test db::tests::the_connection_refuses_every_write ... ok
2026-10-07T22:21:57.7119924Z 
2026-10-07T22:21:57.7120147Z test result: ok. 34 passed; 0 failed; 0 ignored; 0 measured; 0 filtered out; finished in 0.05s
2026-10-07T22:21:57.7120449Z 
2026-10-07T22:21:57.7125628Z [1m[92m     Running[0m tests/access.rs (target/debug/deps/access-8dbfbdc473eae410)
2026-10-07T22:21:57.7138680Z 
2026-10-07T22:21:57.7138777Z running 8 tests
2026-10-07T22:21:57.7827654Z test pagination_does_not_change_results ... ok
2026-10-07T22:21:57.7854644Z test per_service_readers_check_the_service ... ok
2026-10-07T22:21:57.7884735Z test read_only_directory_falls_back_to_immutable ... ok
2026-10-07T22:21:57.7914366Z test immutable_mode_creates_nothing ... ok
2026-10-07T22:21:57.8701123Z test rejects_directories_that_are_not_databases ... ok
2026-10-07T22:21:57.8768237Z test reading_never_modifies_the_database_files ... ok
2026-10-07T22:21:57.8780183Z test reads_alongside_a_running_writer ... ok
2026-10-07T22:21:57.9257566Z test rejects_other_versions_with_advice ... ok
2026-10-07T22:21:57.9257828Z 
2026-10-07T22:21:57.9257982Z test result: ok. 8 passed; 0 failed; 0 ignored; 0 measured; 0 filtered out; finished in 0.21s
2026-10-07T22:21:57.9258408Z 
2026-10-07T22:21:57.9267467Z [1m[92m     Running[0m tests/auto_resolution.rs (target/debug/deps/auto_resolution-7b722590bb8b71d5)
2026-10-07T22:21:57.9278936Z 
2026-10-07T22:21:57.9279029Z running 1 test
2026-10-07T22:21:57.9391033Z test stored_rules_decode_to_what_the_reference_holds ... ok
2026-10-07T22:21:57.9391218Z 
2026-10-07T22:21:57.9391367Z test result: ok. 1 passed; 0 failed; 0 ignored; 0 measured; 0 filtered out; finished in 0.01s
2026-10-07T22:21:57.9391557Z 
2026-10-07T22:21:57.9394753Z [1m[92m     Running[0m tests/bandwidth.rs (target/debug/deps/bandwidth-13b58b6b9408de48)
2026-10-07T22:21:57.9405410Z 
2026-10-07T22:21:57.9405505Z running 2 tests
2026-10-07T22:21:57.9407946Z test version_1_contexts_kept_domains_and_subscriptions_as_hex ... ok
2026-10-07T22:21:57.9972692Z test bandwidth_rules_and_usage_read_as_the_reference_reads_them ... ok
2026-10-07T22:21:57.9973011Z 
2026-10-07T22:21:57.9973200Z test result: ok. 2 passed; 0 failed; 0 ignored; 0 measured; 0 filtered out; finished in 0.06s
2026-10-07T22:21:57.9973400Z 
2026-10-07T22:21:57.9993064Z [1m[92m     Running[0m tests/formulas.rs (target/debug/deps/formulas-6d44362f3445da09)
2026-10-07T22:21:58.0008792Z 
2026-10-07T22:21:58.0008904Z running 1 test
2026-10-07T22:21:58.2249557Z test formulas_parse_like_the_reference ... ok
2026-10-07T22:21:58.2249765Z 
2026-10-07T22:21:58.2249906Z test result: ok. 1 passed; 0 failed; 0 ignored; 0 measured; 0 filtered out; finished in 0.22s
2026-10-07T22:21:58.2250093Z 
2026-10-07T22:21:58.2273328Z [1m[92m     Running[0m tests/gugs.rs (target/debug/deps/gugs-0aaf82d014fdd778)
2026-10-07T22:21:58.2284810Z 
2026-10-07T22:21:58.2284909Z running 2 tests
2026-10-07T22:21:58.2521893Z test gugs_make_urls_like_the_reference ... ok
2026-10-07T22:21:58.2610866Z test domain_managers_convert_and_nested_gugs_find_theirs ... ok
2026-10-07T22:21:58.2612184Z 
2026-10-07T22:21:58.2612400Z test result: ok. 2 passed; 0 failed; 0 ignored; 0 measured; 0 filtered out; finished in 0.03s
2026-10-07T22:21:58.2612613Z 
2026-10-07T22:21:58.2617416Z [1m[92m     Running[0m tests/gui_sessions.rs (target/debug/deps/gui_sessions-975eb3a820520409)
2026-10-07T22:21:58.2629177Z 
2026-10-07T22:21:58.2629262Z running 3 tests
2026-10-07T22:21:58.2944241Z test sessions_read_as_the_reference_reads_them ... ok
2026-10-07T22:21:58.3865904Z test pages_read_as_the_reference_reads_them ... ok
2026-10-07T22:21:58.3998500Z test downloaders_read_as_the_reference_reads_them ... ok
2026-10-07T22:21:58.3998751Z 
2026-10-07T22:21:58.3998971Z test result: ok. 3 passed; 0 failed; 0 ignored; 0 measured; 0 filtered out; finished in 0.14s
2026-10-07T22:21:58.3999257Z 
2026-10-07T22:21:58.4004954Z [1m[92m     Running[0m tests/import_options.rs (target/debug/deps/import_options-823e9a18be0817ef)
2026-10-07T22:21:58.4016659Z 
2026-10-07T22:21:58.4016740Z running 2 tests
2026-10-07T22:21:58.4693927Z test the_default_manager_is_ours ... ok
2026-10-07T22:21:58.6249344Z test managers_layer_like_the_reference ... ok
2026-10-07T22:21:58.6249549Z 
2026-10-07T22:21:58.6249698Z test result: ok. 2 passed; 0 failed; 0 ignored; 0 measured; 0 filtered out; finished in 0.22s
2026-10-07T22:21:58.6249896Z 
2026-10-07T22:21:58.6252949Z [1m[92m     Running[0m tests/objects.rs (target/debug/deps/objects-b86663f18a77dfb8)
2026-10-07T22:21:58.6267148Z 
2026-10-07T22:21:58.6267452Z running 12 tests
2026-10-07T22:21:58.6945907Z test client_api_permissions_match_the_reference ... ok
2026-10-07T22:21:58.6946556Z test client_options_match_what_the_api_reports ... ok
2026-10-07T22:21:58.6970214Z test file_paths_match_the_reference ... ok
2026-10-07T22:21:58.7027147Z test json_formatting_matches_python ... ok
2026-10-07T22:21:58.7054721Z test missing_service_settings_take_reference_defaults ... ok
2026-10-07T22:21:58.7094523Z test every_stored_object_round_trips_byte_for_byte ... ok
2026-10-07T22:21:58.7114437Z test pickled_cookie_jars_read_like_python ... ok
2026-10-07T22:21:58.7144340Z test serialisable_type_table_matches_the_reference ... ok
2026-10-07T22:21:58.7584946Z test upgrades_match_the_reference ... ok
2026-10-07T22:21:58.7605470Z test legacy_options_match_what_the_api_reports ... ok
2026-10-07T22:21:58.7697062Z test services_match_the_reference ... ok
2026-10-07T22:21:58.7727387Z test tag_display_and_favourite_searches_match_the_reference ... ok
2026-10-07T22:21:58.7727649Z 
2026-10-07T22:21:58.7727869Z test result: ok. 12 passed; 0 failed; 0 ignored; 0 measured; 0 filtered out; finished in 0.15s
2026-10-07T22:21:58.7728114Z 
2026-10-07T22:21:58.7740583Z [1m[92m     Running[0m tests/page_parsers.rs (target/debug/deps/page_parsers-24972a684f8db59c)
2026-10-07T22:21:58.7757374Z 
2026-10-07T22:21:58.7757471Z running 1 test
2026-10-07T22:21:59.2121761Z test page_parsers_parse_like_the_reference ... ok
2026-10-07T22:21:59.2122028Z 
2026-10-07T22:21:59.2122241Z test result: ok. 1 passed; 0 failed; 0 ignored; 0 measured; 0 filtered out; finished in 0.44s
2026-10-07T22:21:59.2122539Z 
2026-10-07T22:21:59.2162184Z [1m[92m     Running[0m tests/sidecars.rs (target/debug/deps/sidecars-5313fe583a99ada0)
2026-10-07T22:21:59.2176666Z 
2026-10-07T22:21:59.2176796Z running 1 test
2026-10-07T22:21:59.3782331Z test routers_work_like_the_reference ... ok
2026-10-07T22:21:59.3782557Z 
2026-10-07T22:21:59.3782745Z test result: ok. 1 passed; 0 failed; 0 ignored; 0 measured; 0 filtered out; finished in 0.16s
2026-10-07T22:21:59.3782933Z 
2026-10-07T22:21:59.3790463Z [1m[92m     Running[0m tests/simple_formulae.rs (target/debug/deps/simple_formulae-8fe6d9976863d4a6)
2026-10-07T22:21:59.3804719Z 
2026-10-07T22:21:59.3804799Z running 1 test
2026-10-07T22:21:59.3816779Z test simple_formulae_find_what_the_references_find ... ok
2026-10-07T22:21:59.3816943Z 
2026-10-07T22:21:59.3817322Z test result: ok. 1 passed; 0 failed; 0 ignored; 0 measured; 0 filtered out; finished in 0.00s
2026-10-07T22:21:59.3817507Z 
2026-10-07T22:21:59.3819895Z [1m[92m     Running[0m tests/string_descriptions.rs (target/debug/deps/string_descriptions-2b362e35aedc630e)
2026-10-07T22:21:59.3828707Z 
2026-10-07T22:21:59.3828786Z running 1 test
2026-10-07T22:21:59.3936541Z test processors_and_their_steps_describe_themselves_as_the_reference_does ... ok
2026-10-07T22:21:59.3936740Z 
2026-10-07T22:21:59.3936881Z test result: ok. 1 passed; 0 failed; 0 ignored; 0 measured; 0 filtered out; finished in 0.01s
2026-10-07T22:21:59.3937068Z 
2026-10-07T22:21:59.3939288Z [1m[92m     Running[0m tests/string_processing.rs (target/debug/deps/string_processing-7f68fa1fe2c0c89a)
2026-10-07T22:21:59.3951644Z 
2026-10-07T22:21:59.3951720Z running 1 test
2026-10-07T22:21:59.4455138Z test processors_process_like_the_reference ... ok
2026-10-07T22:21:59.4455334Z 
2026-10-07T22:21:59.4455525Z test result: ok. 1 passed; 0 failed; 0 ignored; 0 measured; 0 filtered out; finished in 0.05s
2026-10-07T22:21:59.4455726Z 
2026-10-07T22:21:59.4462972Z [1m[92m     Running[0m tests/subscriptions.rs (target/debug/deps/subscriptions-eecf7b77363a3730)
2026-10-07T22:21:59.4474574Z 
2026-10-07T22:21:59.4474755Z running 5 tests
2026-10-07T22:21:59.4954938Z test histories_compact_as_the_reference_compacts_them ... ok
2026-10-07T22:21:59.4974610Z test query_logs_hold_their_seeds_in_order ... ok
2026-10-07T22:21:59.5000414Z test seeds_of_every_version_read_as_the_reference_reads_them ... ok
2026-10-07T22:21:59.5273076Z test checks_are_timed_as_the_reference_times_them ... ok
2026-10-07T22:21:59.5382771Z test subscriptions_read_as_the_reference_reads_them ... ok
2026-10-07T22:21:59.5382996Z 
2026-10-07T22:21:59.5383212Z test result: ok. 5 passed; 0 failed; 0 ignored; 0 measured; 0 filtered out; finished in 0.09s
2026-10-07T22:21:59.5383491Z 
2026-10-07T22:21:59.5405853Z [1m[92m     Running[0m tests/tables.rs (target/debug/deps/tables-d235914d50c28085)
2026-10-07T22:21:59.5418979Z 
2026-10-07T22:21:59.5419139Z running 3 tests
2026-10-07T22:21:59.6089159Z test every_primary_table_matches_the_reference ... ok
2026-10-07T22:21:59.6092579Z test every_table_is_classified ... ok
2026-10-07T22:21:59.6100986Z test tag_text_matches_definitions ... ok
2026-10-07T22:21:59.6101185Z 
2026-10-07T22:21:59.6101354Z test result: ok. 3 passed; 0 failed; 0 ignored; 0 measured; 0 filtered out; finished in 0.07s
2026-10-07T22:21:59.6101567Z 
2026-10-07T22:21:59.6110280Z [1m[92m     Running[0m tests/tag_summaries.rs (target/debug/deps/tag_summaries-f6e6b3107c951fc5)
2026-10-07T22:21:59.6121227Z 
2026-10-07T22:21:59.6121312Z running 1 test
2026-10-07T22:21:59.6147421Z test generators_read_and_summarise_as_the_reference_s ... ok
2026-10-07T22:21:59.6147652Z 
2026-10-07T22:21:59.6147864Z test result: ok. 1 passed; 0 failed; 0 ignored; 0 measured; 0 filtered out; finished in 0.00s
2026-10-07T22:21:59.6148147Z 
2026-10-07T22:21:59.6150470Z [1m[92m     Running[0m tests/url_classes.rs (target/debug/deps/url_classes-2e42857e5ccd2d16)
2026-10-07T22:21:59.6163367Z 
2026-10-07T22:21:59.6163481Z running 1 test
2026-10-07T22:21:59.6695090Z test url_classes_page_and_refer_like_the_reference ... ok
2026-10-07T22:21:59.6695322Z 
2026-10-07T22:21:59.6695468Z test result: ok. 1 passed; 0 failed; 0 ignored; 0 measured; 0 filtered out; finished in 0.05s
2026-10-07T22:21:59.6695654Z 
2026-10-07T22:21:59.6702063Z [1m[92m     Running[0m tests/viewer_zoom.rs (target/debug/deps/viewer_zoom-8e001f565af33c3e)
2026-10-07T22:21:59.6713575Z 
2026-10-07T22:21:59.6713676Z running 2 tests
2026-10-07T22:21:59.6716238Z test zoom_steps_go_through_the_regular_zooms_and_canvas_fit ... ok
2026-10-07T22:21:59.6865589Z test zooms_are_the_references ... ok
2026-10-07T22:21:59.6865752Z 
2026-10-07T22:21:59.6866000Z test result: ok. 2 passed; 0 failed; 0 ignored; 0 measured; 0 filtered out; finished in 0.02s
2026-10-07T22:21:59.6866273Z 
2026-10-07T22:21:59.6870157Z [1m[92m     Running[0m unittests src/lib.rs (target/debug/deps/hydrus_media-bd3fce438491f1bd)
2026-10-07T22:21:59.6883428Z 
2026-10-07T22:21:59.6883517Z running 67 tests
2026-10-07T22:21:59.6904551Z test animation::tests::frames_are_found_by_time ... ok
2026-10-07T22:21:59.6915355Z test animation::tests::ugoiras_play_with_their_timings_and_loop ... ok
2026-10-07T22:21:59.6916606Z test blurhash::tests::base83_encoding ... ok
2026-10-07T22:21:59.6917748Z test blurhash::tests::flat_colours_match_reference ... ok
2026-10-07T22:21:59.6939433Z test animation::tests::stored_loop_counts_match_real_qt_animation_metadata ... ok
2026-10-07T22:21:59.6944655Z test detect::tests::header_rules ... ok
2026-10-07T22:21:59.6950236Z test animation::tests::frames_are_seeked_to ... ok
2026-10-07T22:21:59.6950746Z test encode::tests::jpeg_drops_alpha ... ok
2026-10-07T22:21:59.6951833Z test blurhash::tests::recovery_pixels_and_invalid_inputs_match_actual_reference_decoder ... ok
2026-10-07T22:21:59.6952363Z test encode::tests::animations_keep_their_frames_and_merge_repeats ... ok
2026-10-07T22:21:59.6952766Z test encode::tests::png_round_trips_exactly ... ok
2026-10-07T22:21:59.6953152Z test encode::tests::webp_is_lossless ... ok
2026-10-07T22:21:59.6955572Z test animation::tests::animated_webp_plays_and_loops ... ok
2026-10-07T22:21:59.6974798Z test ffmpeg::parse::tests::frame_counts_and_mappings ... ok
2026-10-07T22:21:59.6975622Z test ffmpeg::parse::tests::stupid_fps_values_are_dropped ... ok
2026-10-07T22:21:59.6976198Z test formats::apng::tests::detects_actl_near_the_top_only ... ok
2026-10-07T22:21:59.6976701Z test formats::apng::tests::durations ... ok
2026-10-07T22:21:59.6977171Z test formats::archive::tests::dirname_matches_posixpath ... ok
2026-10-07T22:21:59.6978244Z test formats::archive::tests::ugoira_json_validation ... ok
2026-10-07T22:21:59.6979073Z test formats::gif::tests::grey_ramp_palette_is_not_needed ... ok
2026-10-07T22:21:59.6986118Z test formats::isobmff::tests::finds_the_alpha_plane_of_heif_and_avif_images ... ok
2026-10-07T22:21:59.6987027Z test ffmpeg::parse::tests::parses_a_typical_mp4 ... ok
2026-10-07T22:21:59.6987353Z test formats::ole::tests::property_parsing ... ok
2026-10-07T22:21:59.6987677Z test formats::pdf::tests::text_strings_decode ... ok
2026-10-07T22:21:59.6988258Z test formats::pdf::tests::words_are_counted_like_the_reference ... ok
2026-10-07T22:21:59.6988609Z test formats::pdn::tests::base64 ... ok
2026-10-07T22:21:59.6988902Z test formats::svg::tests::sizes ... ok
2026-10-07T22:21:59.6989198Z test formats::update::tests::lz4_fallback ... ok
2026-10-07T22:21:59.6989958Z test formats::update::tests::recognises_updates ... ok
2026-10-07T22:21:59.6990720Z test formats::webp::tests::chunk_walk_handles_padding_and_truncation ... ok
2026-10-07T22:21:59.6998822Z test formats::webp::tests::opaque_reader_preserves_payload_duration_disposal_and_file_bytes_across_seeks ... ok
2026-10-07T22:21:59.6999256Z test hashes::tests::known_vectors ... ok
2026-10-07T22:21:59.7024074Z test hashes::tests::streaming_matches_one_shot ... ok
2026-10-07T22:21:59.7025205Z test imaging::cv::tests::flat_images_stay_flat ... ok
2026-10-07T22:21:59.7025687Z test imaging::cv::tests::grey_weights ... ok
2026-10-07T22:21:59.7027158Z test imaging::cv::tests::identity_and_shapes ... ok
2026-10-07T22:21:59.7027692Z test imaging::cvx::tests::kernels_sum_to_one ... ok
2026-10-07T22:21:59.7028274Z test imaging::cvx::tests::reflect_101 ... ok
2026-10-07T22:21:59.7028769Z test imaging::decode::tests::png_bit_unpacking ... ok
2026-10-07T22:21:59.7029227Z test imaging::decode::tests::sniffing ... ok
2026-10-07T22:21:59.7029786Z test imaging::exif::tests::garbage_is_empty ... ok
2026-10-07T22:21:59.7030317Z test imaging::exif::tests::reads_orientation_both_endians ... ok
2026-10-07T22:21:59.7032932Z test imaging::exif::tests::xmp_orientation_fallback ... ok
2026-10-07T22:21:59.7033743Z test imaging::icc::tests::generated_profile_is_loadable ... ok
2026-10-07T22:21:59.7062517Z test imaging::icc::tests::srgb_to_srgb_is_near_identity ... ok
2026-10-07T22:21:59.7064468Z test imaging::icc::tests::untransformable_modes_are_left_alone ... ok
2026-10-07T22:21:59.7065075Z test imaging::metadata::tests::iptc_blocks ... ok
2026-10-07T22:21:59.7065774Z test imaging::metadata::tests::software_comments ... ok
2026-10-07T22:21:59.7066324Z test imaging::metadata::tests::xmp_packets ... ok
2026-10-07T22:21:59.7068825Z test imaging::pil::tests::cmyk_conversion_matches_pillow_formula ... ok
2026-10-07T22:21:59.7071730Z test imaging::pil::tests::transposes_match_pil ... ok
2026-10-07T22:21:59.7072083Z test imaging::resample::tests::coefficients_sum_to_one_in_fixed_point ... ok
2026-10-07T22:21:59.7072525Z test imaging::resample::tests::flat_images_stay_flat ... ok
2026-10-07T22:21:59.7075859Z test imaging::tests::useful_alpha_needs_enough_interesting_pixels ... ok
2026-10-07T22:21:59.7076398Z test mimes::tests::groups_match_reference_implementation ... ok
2026-10-07T22:21:59.7076842Z test mimes::tests::image_extensions ... ok
2026-10-07T22:21:59.7078018Z test phash::tests::flat_image_is_blank ... ok
2026-10-07T22:21:59.7078407Z test text::tests::human_sort_orders_numbers_by_value ... ok
2026-10-07T22:21:59.7078889Z test text::tests::json_detection ... ok
2026-10-07T22:21:59.7079270Z test text::tests::splitlines_matches_python ... ok
2026-10-07T22:21:59.7132357Z test thumbnail::tests::default_thumbnails_have_the_target_size ... ok
2026-10-07T22:21:59.7132743Z test thumbnail::tests::resolution_examples ... ok
2026-10-07T22:21:59.7133160Z test tools::tests::software_comments ... ok
2026-10-07T22:21:59.7133544Z test tools::tests::video_frame_index ... ok
2026-10-07T22:21:59.7610187Z test formats::webp::tests::alpha_bearing_and_incomplete_or_contradictory_containers_are_not_rewritten ... ok
2026-10-07T22:21:59.7796389Z test ffmpeg::deadline_tests::version_deadline_is_captured_once_and_explicit_fixed_configuration_wins ... ok
2026-10-07T22:22:00.6998498Z test ffmpeg::deadline_tests::actual_metadata_timeout_kills_and_reaps_the_admitted_child ... ok
2026-10-07T22:22:00.7003450Z 
2026-10-07T22:22:00.7003731Z test result: ok. 67 passed; 0 failed; 0 ignored; 0 measured; 0 filtered out; finished in 1.01s
2026-10-07T22:22:00.7004036Z 
2026-10-07T22:22:00.7005329Z [1m[92m     Running[0m tests/embedded_metadata.rs (target/debug/deps/embedded_metadata-d24c5ee0af276b87)
2026-10-07T22:22:00.7016722Z 
2026-10-07T22:22:00.7016806Z running 3 tests
2026-10-07T22:22:00.7019762Z test the_window_reads_only_the_reference_s_supported_types ... ok
2026-10-07T22:22:00.7029737Z test pdf_document_fields_match_the_reference ... ok
2026-10-07T22:22:00.7511673Z test the_window_shows_what_the_reference_shows ... ok
2026-10-07T22:22:00.7511890Z 
2026-10-07T22:22:00.7512095Z test result: ok. 3 passed; 0 failed; 0 ignored; 0 measured; 0 filtered out; finished in 0.05s
2026-10-07T22:22:00.7512365Z 
2026-10-07T22:22:00.7517889Z [1m[92m     Running[0m tests/file_handling.rs (target/debug/deps/file_handling-36d98b51feac7ea0)
2026-10-07T22:22:00.7532642Z 
2026-10-07T22:22:00.7532729Z running 1 test
2026-10-07T22:22:01.4475353Z test file_handling_options_match_the_reference ... ok
2026-10-07T22:22:01.4475626Z 
2026-10-07T22:22:01.4475844Z test result: ok. 1 passed; 0 failed; 0 ignored; 0 measured; 0 filtered out; finished in 0.69s
2026-10-07T22:22:01.4476130Z 
2026-10-07T22:22:01.4481115Z [1m[92m     Running[0m tests/image_colour.rs (target/debug/deps/image_colour-c47c41cb418f0502)
2026-10-07T22:22:01.4499817Z 
2026-10-07T22:22:01.4499973Z running 3 tests
2026-10-07T22:22:01.4528271Z test alpha_bearing_animation_retains_existing_blend_disposal_pixels_and_durations ... ok
2026-10-07T22:22:01.4583726Z test native_owned_animation_policy_changes_future_frames_without_resetting_position ... ok
2026-10-07T22:22:01.5631826Z test embedded_policy_preserves_gamma_fallback_and_real_png_jpeg_webp_pixels ... ok
2026-10-07T22:22:01.5632067Z 
2026-10-07T22:22:01.5632218Z test result: ok. 3 passed; 0 failed; 0 ignored; 0 measured; 0 filtered out; finished in 0.11s
2026-10-07T22:22:01.5632407Z 
2026-10-07T22:22:01.5640402Z [1m[92m     Running[0m tests/metadata_flags.rs (target/debug/deps/metadata_flags-8d5dd8dbc41d1ac4)
2026-10-07T22:22:01.5657195Z 
2026-10-07T22:22:01.5657298Z running 1 test
2026-10-07T22:22:05.2666695Z test flags_match_the_reference ... ok
2026-10-07T22:22:05.2666918Z 
2026-10-07T22:22:05.2667073Z test result: ok. 1 passed; 0 failed; 0 ignored; 0 measured; 0 filtered out; finished in 3.70s
2026-10-07T22:22:05.2667263Z 
2026-10-07T22:22:05.2672827Z [1m[92m     Running[0m tests/reference_parity.rs (target/debug/deps/reference_parity-f134eba7808c4061)
2026-10-07T22:22:05.2691569Z 
2026-10-07T22:22:05.2691722Z running 3 tests
2026-10-07T22:22:05.2895460Z test thumbnail_resolutions_match_reference ... ok
2026-10-07T22:22:05.4335110Z test opencv_ports_are_bit_exact ... ok
2026-10-07T22:22:08.1317864Z test corpus_matches_reference ... ok
2026-10-07T22:22:08.1318080Z 
2026-10-07T22:22:08.1318239Z test result: ok. 3 passed; 0 failed; 0 ignored; 0 measured; 0 filtered out; finished in 2.86s
2026-10-07T22:22:08.1318435Z 
2026-10-07T22:22:08.1338934Z [1m[92m     Running[0m tests/visual_data.rs (target/debug/deps/visual_data-30bd27312fe64de6)
2026-10-07T22:22:08.1352629Z 
2026-10-07T22:22:08.1352706Z running 6 tests
2026-10-07T22:22:08.1480478Z test gaussian_blur_of_8_bit_images_is_exact ... ok
2026-10-07T22:22:08.1534769Z test jpeg_quality_matches ... ok
2026-10-07T22:22:08.1574845Z test float_blur_and_resize_are_exact ... ok
2026-10-07T22:22:08.2675979Z test rgb_to_lab_is_exact_for_every_colour ... ok
2026-10-07T22:22:08.3036297Z test area_resizes_of_8_bit_images_are_exact ... ok
2026-10-07T22:22:32.9284082Z test image_summaries_and_verdicts_match ... ok
2026-10-07T22:22:32.9284317Z 
2026-10-07T22:22:32.9284475Z test result: ok. 6 passed; 0 failed; 0 ignored; 0 measured; 0 filtered out; finished in 24.79s
2026-10-07T22:22:32.9284666Z 
2026-10-07T22:22:32.9315249Z [1m[92m     Running[0m unittests src/lib.rs (target/debug/deps/hydrus_net-31aa30c7a8a47120)
2026-10-07T22:22:32.9331400Z 
2026-10-07T22:22:32.9331489Z running 14 tests
2026-10-07T22:22:32.9334999Z test cookies::tests::sends_matching_cookies_longest_path_first ... ok
2026-10-07T22:22:32.9335473Z test cookies::tests::reads_set_cookie_like_cookiejar ... ok
2026-10-07T22:22:32.9337261Z test engine::reload_tests::automatic_control_override_has_strict_five_second_boundary_and_sticks ... ok
2026-10-07T22:22:32.9559861Z test engine::reload_tests::connection_retry_skip_is_consumed_once_and_unrelated_wakes_do_not_skip ... ok
2026-10-07T22:22:32.9560790Z test engine::reload_tests::independent_auto_override_owners_do_not_disable_each_other ... ok
2026-10-07T22:22:32.9562209Z test engine::reload_tests::job_speed_samples_the_current_second_and_expires_at_rollover ... ok
2026-10-07T22:22:32.9914415Z test engine::reload_tests::changed_options_are_picked_up ... ok
2026-10-07T22:22:32.9987626Z test engine::reload_tests::options_unchanged_keep_their_slots ... ok
2026-10-07T22:22:33.0079504Z test engine::reload_tests::formatting_refresh_keeps_a_bandwidth_wait_and_its_usage_and_cancel_reason ... ok
2026-10-07T22:22:33.0103487Z test engine::reload_tests::formatting_refresh_wakes_a_pending_gallery_label_and_preserves_its_token_and_job ... ok
2026-10-07T22:22:33.0105755Z test text::tests::decodes_by_header_then_utf8_then_meta_then_guess ... ok
2026-10-07T22:22:33.0458169Z test engine::reload_tests::sleep_detection_obeys_threshold_delay_and_disabled_pending_wait ... ok
2026-10-07T22:22:33.0553569Z test engine::reload_tests::runtime_domain_scrub_wakes_a_registered_domain_gate_and_preserves_unrelated_errors ... ok
2026-10-07T22:22:33.0751942Z test engine::reload_tests::saved_formatting_replays_actual_backend_waits_and_reopens_without_changing_rules ... ok
2026-10-07T22:22:33.0752210Z 
2026-10-07T22:22:33.0752369Z test result: ok. 14 passed; 0 failed; 0 ignored; 0 measured; 0 filtered out; finished in 0.14s
2026-10-07T22:22:33.0752562Z 
2026-10-07T22:22:33.0765188Z [1m[92m     Running[0m tests/engine.rs (target/debug/deps/engine-4c413740794f1a1e)
2026-10-07T22:22:33.0783541Z 
2026-10-07T22:22:33.0783629Z running 25 tests
2026-10-07T22:22:33.3531482Z test a_job_ends_as_the_references_do_and_has_a_speed ... ok
2026-10-07T22:22:34.1547507Z test a_domain_with_several_serious_errors_waits ... ok
2026-10-07T22:22:34.2815226Z test cancels ... ok
2026-10-07T22:22:34.3488198Z test deleting_history_discards_stale_flushes_resets_live_limits_and_wakes_waiters ... ok
2026-10-07T22:22:34.4790384Z test disabling_sleep_detection_reloads_and_releases_pending_requests ... ok
2026-10-07T22:22:34.5059158Z test gives_up_on_redirect_loops_and_dead_servers ... ok
2026-10-07T22:22:35.3887027Z test boot_pause_blocks_real_requests_and_resume_does_not_reset_the_preference ... ok
2026-10-07T22:22:35.4139132Z test keeps_cookies_through_redirects ... ok
2026-10-07T22:22:37.0755816Z test independent_engines_add_new_usage_without_replacing_each_other_or_double_counting ... ok
2026-10-07T22:22:37.1371058Z test requests_go_through_the_clients_proxy ... ok
2026-10-07T22:22:37.4435129Z test nothing_goes_out_while_all_new_network_traffic_is_paused ... ok
2026-10-07T22:22:37.4679582Z test resumes_files_with_ranged_requests ... ok
2026-10-07T22:22:37.5058805Z test runtime_cog_connection_override_releases_only_the_current_retry ... ok
2026-10-07T22:22:37.5671717Z test runtime_cog_gallery_override_does_not_release_other_gallery_waiters ... ok
2026-10-07T22:22:37.6074563Z test runtime_cog_server_retry_domain_scrub_and_retained_error ... ok
2026-10-07T22:22:37.6475789Z test runtime_live_transfer_progress_and_usage_precede_the_durable_save ... ok
2026-10-07T22:22:37.7124108Z test runtime_override_releases_a_live_bandwidth_wait_and_counts_usage ... ok
2026-10-07T22:22:37.8004117Z test runtime_registry_cancellation_ipc_and_dropped_fetch ... ok
2026-10-07T22:22:37.8322630Z test saved_byte_precision_reaches_both_real_overlength_errors_after_reload ... ok
2026-10-07T22:22:37.8556703Z test sends_the_clients_headers ... ok
2026-10-07T22:22:37.8794641Z test statuses_become_errors_or_retries ... ok
2026-10-07T22:22:37.9044128Z test url_class_overrides_and_no_range_for_posts ... ok
2026-10-07T22:22:38.1519677Z test a_header_awaiting_approval_holds_its_requests ... ok
2026-10-07T22:22:38.1699393Z test requests_wait_a_little_after_the_computer_wakes ... ok
2026-10-07T22:22:40.0829733Z test bandwidth_rules_space_out_requests_and_count_their_data ... ok
2026-10-07T22:22:40.0830250Z 
2026-10-07T22:22:40.0830459Z test result: ok. 25 passed; 0 failed; 0 ignored; 0 measured; 0 filtered out; finished in 7.00s
2026-10-07T22:22:40.0830743Z 
2026-10-07T22:22:40.0849672Z [1m[92m     Running[0m tests/login.rs (target/debug/deps/login-9fe43b6f2745fbae)
2026-10-07T22:22:40.0867969Z 
2026-10-07T22:22:40.0868058Z running 14 tests
2026-10-07T22:22:40.1602783Z test abandoned_unpolled_login_worker_releases_metadata_and_the_shared_admission_gate ... ok
2026-10-07T22:22:40.1630384Z test cancellation_stops_an_active_request_and_keeps_partial_results ... ok
2026-10-07T22:22:40.1995500Z test confirmed_login_reset_reaches_an_existing_http_engine_and_keeps_other_sessions ... ok
2026-10-07T22:22:40.2449364Z test completed_step_is_delivered_before_later_http_and_survives_wait_cancellation ... ok
2026-10-07T22:22:40.2467728Z test final_outcomes_guard_script_identity_and_preserve_domain_preferences ... ok
2026-10-07T22:22:40.4295506Z test demand_eligibility_replays_actual_reference_domains_cookies_errors_and_key_fallback ... ok
2026-10-07T22:22:40.5198360Z test global_process_cancel_uses_its_owner_id_and_persists_reference_delay_without_a_second_step ... ok
2026-10-07T22:22:40.5465374Z test invalid_demand_waits_for_ordinary_jobs_and_cancels_subscription_with_recorded_note ... ok
2026-10-07T22:22:40.7153782Z test real_http_steps_replay_reference_tokens_cookie_checks_veto_401_and_cancel ... ok
2026-10-07T22:22:40.7154955Z test request_plan_replaces_www_and_orders_static_credentials_then_temporary_values ... ok
2026-10-07T22:22:40.7399275Z test shared_login_session_state_replays_required_cookie_expiry_and_reset ... ok
2026-10-07T22:22:42.1661246Z test automatic_demand_replays_reference_http_and_reuses_one_connection_slot ... ok
2026-10-07T22:22:42.1780285Z test cancelled_trigger_keeps_reference_global_login_alive_for_another_engine ... ok
2026-10-07T22:22:44.3289472Z test forced_manual_login_serializes_demand_across_independently_opened_engines ... ok
2026-10-07T22:22:44.3289863Z 
2026-10-07T22:22:44.3290082Z test result: ok. 14 passed; 0 failed; 0 ignored; 0 measured; 0 filtered out; finished in 4.24s
2026-10-07T22:22:44.3290774Z 
2026-10-07T22:22:44.3312316Z [1m[92m     Running[0m unittests src/lib.rs (target/debug/deps/hydrus_parse-ce28cf332abaefc7)
2026-10-07T22:22:44.3326015Z 
2026-10-07T22:22:44.3326096Z running 6 tests
2026-10-07T22:22:44.3329697Z test sidecar::tests::json_sidecars_nest_rows_into_existing_objects ... ok
2026-10-07T22:22:44.3330083Z test sidecar::tests::notes_round_trip_through_rows ... ok
2026-10-07T22:22:44.3330547Z test text::tests::lines_split_like_python ... ok
2026-10-07T22:22:44.3330884Z test text::unescape_tests::notes_are_tidied ... ok
2026-10-07T22:22:44.3331287Z test sidecar::tests::sidecar_paths_are_named_like_the_reference ... ok
2026-10-07T22:22:44.3353089Z test folders::tests::filename_tags_come_from_the_path_like_the_reference ... ok
2026-10-07T22:22:44.3353375Z 
2026-10-07T22:22:44.3353597Z test result: ok. 6 passed; 0 failed; 0 ignored; 0 measured; 0 filtered out; finished in 0.00s
2026-10-07T22:22:44.3354044Z 
2026-10-07T22:22:44.3356835Z [1m[92m     Running[0m unittests src/lib.rs (target/debug/deps/hydrus_search-bb7040635a246e1a)
2026-10-07T22:22:44.3373291Z 
2026-10-07T22:22:44.3373374Z running 57 tests
2026-10-07T22:22:44.3376832Z test entry::tests::counters_are_known_by_key_and_by_name_in_any_case ... ok
2026-10-07T22:22:44.3378522Z test entry::tests::ratings_by_key_sort_by_their_service_s_name ... ok
2026-10-07T22:22:44.3389055Z test exec::numbers::tests::counts_match_the_reference_lambda ... ok
2026-10-07T22:22:44.3396244Z test exec::numbers::tests::exclusions_and_edges ... ok
2026-10-07T22:22:44.3396633Z test exec::numbers::tests::open_ranges_are_strict ... ok
2026-10-07T22:22:44.3397032Z test api::tests::negation_wildcards_and_namespaces ... ok
2026-10-07T22:22:44.3397421Z test exec::sort::tests::colour_keys_match_the_reference ... ok
2026-10-07T22:22:44.3397955Z test exec::sort::tests::a_page_s_ties_keep_its_order_and_its_files_without_values_its_default ... ok
2026-10-07T22:22:44.3398759Z test exec::sort::tests::ties_keep_id_order_in_both_directions ... ok
2026-10-07T22:22:44.3399142Z test exec::tags::tests::like_follows_sqlite ... ok
2026-10-07T22:22:44.3399511Z test exec::tags::tests::matching_uses_the_searchable_form ... ok
2026-10-07T22:22:44.3416179Z test exec::tags::tests::patterns_follow_the_reference_modes ... ok
2026-10-07T22:22:44.3416741Z test exec::tags::tests::successors_bound_prefix_ranges ... ok
2026-10-07T22:22:44.3417395Z test exec::sort::tests::sort_codes_match_the_reference ... ok
2026-10-07T22:22:44.3457667Z test api::tests::rejects_bad_input ... ok
2026-10-07T22:22:44.3457875Z test api::tests::documented_example ... ok
2026-10-07T22:22:44.4043331Z test exec::tests::a_page_s_fallback_sort_orders_its_sort_s_ties ... ok
2026-10-07T22:22:44.4057251Z test exec::tests::import_time_sorts_agree_whether_probed_or_from_the_cached_order ... ok
2026-10-07T22:22:44.4065724Z test exec::tests::limits_apply_after_sorting ... ok
2026-10-07T22:22:44.4082574Z test exec::tests::constructed_predicates_without_text_syntax_work ... ok
2026-10-07T22:22:44.4424226Z test exec::tests::every_term_is_understood_by_the_model ... ok
2026-10-07T22:22:44.4620515Z test exec::tests::saved_collect_tag_domains_group_files_as_the_reference_does ... ok
2026-10-07T22:22:44.6286452Z test exec::tests::searches_see_added_tags_as_the_reference_did ... ok
2026-10-07T22:22:44.7932795Z test exec::tests::searches_see_file_lifecycle_changes_as_the_reference_did ... ok
2026-10-07T22:22:44.7946989Z test exec::time::tests::ages_subtract_days_then_months_with_clamping ... ok
2026-10-07T22:22:44.7947486Z test exec::time::tests::dates_are_local_days ... ok
2026-10-07T22:22:44.7948121Z test exec::time::tests::today_is_the_local_date ... ok
2026-10-07T22:22:44.7948502Z test filetype_tests::tests::complete_classes_are_summarised ... ok
2026-10-07T22:22:44.9215583Z test filetype_tests::tests::filetype_words_match_reference_implementation ... ok
2026-10-07T22:22:44.9218448Z test filetype_tests::tests::general_classes_match_reference_implementation ... ok
2026-10-07T22:22:44.9218947Z test filetype_tests::tests::partial_classes_stay_specific ... ok
2026-10-07T22:22:44.9238611Z test filetype_tests::tests::searchable_mimes_match_reference_implementation ... ok
2026-10-07T22:22:44.9240271Z test media::tests::number_tests_treat_missing_values_like_the_reference ... ok
2026-10-07T22:22:44.9256219Z test media::tests::wildcards_match_whole_tags ... ok
2026-10-07T22:22:44.9284828Z test parse::date::tests::ages ... ok
2026-10-07T22:22:44.9301449Z test parse::date::tests::dates ... ok
2026-10-07T22:22:44.9308701Z test parse::date::tests::operator_words ... ok
2026-10-07T22:22:44.9314661Z test parse::names::tests::every_pattern_compiles ... ok
2026-10-07T22:22:44.9315124Z test parse::names::tests::order_decides_between_overlapping_names ... ok
2026-10-07T22:22:44.9315508Z test parse::rating::tests::advanced_selections ... ok
2026-10-07T22:22:44.9315862Z test parse::rating::tests::like_ignores_operators ... ok
2026-10-07T22:22:44.9316249Z test parse::rating::tests::operator_is_found_before_the_value ... ok
2026-10-07T22:22:44.9316643Z test parse::tag_advanced::tests::empty_tags_are_rejected ... ok
2026-10-07T22:22:44.9317051Z test parse::tag_advanced::tests::splits_on_the_first_unquoted_colon ... ok
2026-10-07T22:22:44.9317540Z test parse::tag_advanced::tests::status_words_match_reference_implementation ... ok
2026-10-07T22:22:44.9317999Z test parse::text::tests::maps_lowercase_slices_back_to_the_original ... ok
2026-10-07T22:22:44.9318430Z test parse::text::tests::parses_unicode_decimal_digits_like_python ... ok
2026-10-07T22:22:44.9318801Z test parse::text::tests::rejects_non_system_text ... ok
2026-10-07T22:22:44.9319146Z test parse::text::tests::strips_python_whitespace ... ok
2026-10-07T22:22:44.9319487Z test parse::text::tests::widens_whitespace_classes ... ok
2026-10-07T22:22:44.9319793Z test parse::values::tests::durations ... ok
2026-10-07T22:22:44.9320449Z test parse::values::tests::filetype_lists ... ok
2026-10-07T22:22:44.9320772Z test parse::values::tests::numbers_allow_commas_and_has ... ok
2026-10-07T22:22:44.9321145Z test parse::values::tests::size_units_match_the_first_spelling ... ok
2026-10-07T22:22:44.9423113Z test exec::tests::executor_agrees_with_the_naive_model ... ok
2026-10-07T22:22:45.1968370Z test exec::tests::owned_sort_contexts_replay_default_fallback_cogs_for_files_and_collections ... ok
2026-10-07T22:22:45.9286341Z test exec::tests::pages_collect_as_the_reference_s_pages_collect ... ok
2026-10-07T22:22:45.9286578Z 
2026-10-07T22:22:45.9286736Z test result: ok. 57 passed; 0 failed; 0 ignored; 0 measured; 0 filtered out; finished in 1.59s
2026-10-07T22:22:45.9286932Z 
2026-10-07T22:22:45.9312934Z [1m[92m     Running[0m tests/file_search_options.rs (target/debug/deps/file_search_options-7dfbab109fee8dc2)
2026-10-07T22:22:45.9331487Z 
2026-10-07T22:22:45.9331635Z running 2 tests
2026-10-07T22:22:45.9339907Z test database_sort_eligibility_matches_each_reference_system_sort_and_location ... ok
2026-10-07T22:22:46.0206506Z test implicit_limit_and_explicit_override_match_reference_database_queries ... ok
2026-10-07T22:22:46.0206725Z 
2026-10-07T22:22:46.0206871Z test result: ok. 2 passed; 0 failed; 0 ignored; 0 measured; 0 filtered out; finished in 0.09s
2026-10-07T22:22:46.0207058Z 
2026-10-07T22:22:46.0216381Z [1m[92m     Running[0m tests/media_tests.rs (target/debug/deps/media_tests-12a3071611c745b2)
2026-10-07T22:22:46.0233496Z 
2026-10-07T22:22:46.0233585Z running 2 tests
2026-10-07T22:22:46.1275864Z test comparable_values_match_the_reference ... ok
2026-10-07T22:22:46.1586611Z test predicates_match_the_same_files_as_in_the_reference ... ok
2026-10-07T22:22:46.1587832Z 
2026-10-07T22:22:46.1588377Z test result: ok. 2 passed; 0 failed; 0 ignored; 0 measured; 0 filtered out; finished in 0.14s
2026-10-07T22:22:46.1588681Z 
2026-10-07T22:22:46.1604363Z [1m[92m     Running[0m tests/predicate_entry.rs (target/debug/deps/predicate_entry-625643ad65e60ad2)
2026-10-07T22:22:46.1617041Z 
2026-10-07T22:22:46.1617131Z running 3 tests
2026-10-07T22:22:46.1633508Z test the_order_is_by_the_stored_text_whatever_is_shown ... ok
2026-10-07T22:22:46.1705196Z test entering_predicates_leaves_what_the_reference_s_list_does ... ok
2026-10-07T22:22:46.1717334Z test each_predicate_s_inverse_is_the_reference_s ... ok
2026-10-07T22:22:46.1717521Z 
2026-10-07T22:22:46.1717669Z test result: ok. 3 passed; 0 failed; 0 ignored; 0 measured; 0 filtered out; finished in 0.01s
2026-10-07T22:22:46.1717860Z 
2026-10-07T22:22:46.1723781Z [1m[92m     Running[0m tests/predicate_text.rs (target/debug/deps/predicate_text-bd1a1afbf4841553)
2026-10-07T22:22:46.1735528Z 
2026-10-07T22:22:46.1735664Z running 3 tests
2026-10-07T22:22:46.2174248Z test predicates_the_reference_s_editors_make_are_read_and_written_as_its_own ... ok
2026-10-07T22:22:46.2774829Z test api_searches_are_written_as_the_reference_writes_them ... ok
2026-10-07T22:22:46.2912786Z test predicates_are_written_as_the_reference_writes_them ... ok
2026-10-07T22:22:46.2913025Z 
2026-10-07T22:22:46.2913164Z test result: ok. 3 passed; 0 failed; 0 ignored; 0 measured; 0 filtered out; finished in 0.12s
2026-10-07T22:22:46.2913343Z 
2026-10-07T22:22:46.2961973Z [1m[92m     Running[0m tests/reference_parity.rs (target/debug/deps/reference_parity-370682ac60228639)
2026-10-07T22:22:46.2975194Z 
2026-10-07T22:22:46.2975273Z running 3 tests
2026-10-07T22:22:46.4146934Z test api_searches_match_the_reference ... ok
2026-10-07T22:22:46.4686544Z test stored_predicates_decode_to_what_the_reference_parsed ... ok
2026-10-07T22:22:46.5813643Z test system_predicates_match_the_reference ... ok
2026-10-07T22:22:46.5814062Z 
2026-10-07T22:22:46.5814322Z test result: ok. 3 passed; 0 failed; 0 ignored; 0 measured; 0 filtered out; finished in 0.28s
2026-10-07T22:22:46.5814620Z 
2026-10-07T22:22:46.5880171Z [1m[92m     Running[0m tests/robustness.rs (target/debug/deps/robustness-3ee94afd225f06ab)
2026-10-07T22:22:46.5892781Z 
2026-10-07T22:22:46.5893225Z running 4 tests
2026-10-07T22:22:46.6264784Z test errors_name_the_input ... ok
2026-10-07T22:22:46.6697797Z test long_inputs_are_fast ... ok
2026-10-07T22:22:46.6883664Z test never_panics_on_predicate_like_text ... ok
2026-10-07T22:22:46.7732914Z test never_panics_on_arbitrary_text ... ok
2026-10-07T22:22:46.7733082Z 
2026-10-07T22:22:46.7733229Z test result: ok. 4 passed; 0 failed; 0 ignored; 0 measured; 0 filtered out; finished in 0.18s
2026-10-07T22:22:46.7733420Z 
2026-10-07T22:22:46.7742772Z [1m[92m     Running[0m unittests src/lib.rs (target/debug/deps/hydrus_store-90aa2f83d0721915)
2026-10-07T22:22:46.7760976Z 
2026-10-07T22:22:46.7761060Z running 252 tests
2026-10-07T22:22:46.7785872Z test autocomplete::input::tests::parses_like_the_reference ... ok
2026-10-07T22:22:46.7794441Z test autocomplete::input::tests::rules_open_up_fetch_alls ... ok
2026-10-07T22:22:46.7797763Z test autocomplete::pattern::tests::like_is_sqlite_like ... ok
2026-10-07T22:22:46.7798513Z test autocomplete::pattern::tests::phrases_tokenise_like_fts4 ... ok
2026-10-07T22:22:46.7798975Z test autocomplete::pattern::tests::plans_follow_the_reference ... ok
2026-10-07T22:22:46.7799457Z test api_activity::tests::marker_replaces_atomically_reopens_and_rejects_malformed_data ... ok
2026-10-07T22:22:46.7799962Z test autocomplete::pattern::tests::result_filter_matches_word_starts ... ok
2026-10-07T22:22:46.7800438Z test autocomplete::search::tests::counts_merge_and_render_like_the_reference ... ok
2026-10-07T22:22:46.7800914Z test autocomplete::search::tests::upper_bounds_cover_exactly_the_prefix ... ok
2026-10-07T22:22:46.7818174Z test backup::tests::a_failed_restore_copy_preserves_the_database_sidecars_media_and_request ... ok
2026-10-07T22:22:46.7822966Z test backup::tests::a_mirror_copies_changes_and_drops_surplus ... ok
2026-10-07T22:22:46.7832126Z test backup::tests::a_missing_backup_retains_the_request_and_original_database ... ok
2026-10-07T22:22:46.7834884Z test backup::tests::an_active_server_prevents_restore_without_consuming_the_request ... ok
2026-10-07T22:22:46.7835962Z test backup::tests::cancellation_during_mirroring_preserves_uncopied_and_surplus_files ... ok
2026-10-07T22:22:46.8358814Z test backup::tests::cancelled_backup_does_not_report_success_or_touch_destination ... ok
2026-10-07T22:22:46.8360278Z test backup::tests::restore_rejects_a_symlink_to_the_store ... ok
2026-10-07T22:22:46.8384467Z test backup::tests::restore_rejects_the_store_itself_before_writing_a_request_or_database ... ok
2026-10-07T22:22:46.8502460Z test animation_start::tests::actual_yaml_upgrade_native_override_reopen_and_invalid_values ... ok
2026-10-07T22:22:46.8539049Z test backup::tests::a_backup_restores_over_a_changed_store ... ok
2026-10-07T22:22:46.8692624Z test api_update_toasts::tests::retained_enabled_options_native_override_reopen_corruption_and_exact_expiry ... ok
2026-10-07T22:22:46.8875816Z test conn::tests::effects_run_only_after_successful_commit ... ok
2026-10-07T22:22:46.8911327Z test conn::tests::failed_write_rolls_back_only_itself ... ok
2026-10-07T22:22:46.8974879Z test conn::tests::readers_see_consistent_snapshots_while_writing ... ok
2026-10-07T22:22:46.9117829Z test content::tests::a_forced_filetype_keeps_the_detected_one_and_is_undone ... ok
2026-10-07T22:22:46.9151792Z test conn::tests::the_writer_empties_the_log_every_quarter_hour ... ok
2026-10-07T22:22:46.9154961Z test conn::tests::write_then_read ... ok
2026-10-07T22:22:46.9237052Z test content::tests::deleting_from_one_of_two_local_domains_does_not_trash ... ok
2026-10-07T22:22:46.9349503Z test content::tests::file_info_round_trips ... ok
2026-10-07T22:22:46.9380506Z test content::tests::import_trash_undelete_and_purge ... ok
2026-10-07T22:22:46.9551840Z test content::tests::mapping_state_machine ... ok
2026-10-07T22:22:46.9782426Z test content::tests::service_bulk_trash_respects_lock_and_restores_all_former_domains ... ok
2026-10-07T22:22:46.9998431Z test content::tests::service_deleted_record_clear_keeps_trash_history_and_physical_queue ... ok
2026-10-07T22:22:47.0252787Z test content::tests::the_delete_lock_keeps_archived_files_from_going_for_good ... ok
2026-10-07T22:22:47.0723545Z test content::tests::service_bulk_rating_scopes_keep_trash_and_other_services ... ok
2026-10-07T22:22:47.1817785Z test conn::tests::a_pause_empties_the_log_and_holds_work_until_dropped ... ok
2026-10-07T22:22:47.1822443Z test db_maintenance::tests::per_service_table_names ... ok
2026-10-07T22:22:47.1844882Z test display::tests::first_sibling_pair_wins_and_cycles_are_dropped ... ok
2026-10-07T22:22:47.1872181Z test db_maintenance::tests::inconsistent_mappings_and_orphans_are_repaired ... ok
2026-10-07T22:22:47.1872831Z test display::tests::parent_loops_are_dropped ... ok
2026-10-07T22:22:47.1873461Z test display::tests::parents_close_transitively_through_ideals ... ok
2026-10-07T22:22:47.1874555Z test display::tests::rules_count_as_the_reference_s_lookup_rows ... ok
2026-10-07T22:22:47.1875437Z test display::tests::sibling_chains_resolve_to_the_end ... ok
2026-10-07T22:22:47.1918382Z test db_maintenance::tests::basic_jobs_find_nothing_and_regeneration_keeps_counts ... ok
2026-10-07T22:22:47.2220768Z test domains::tests::a_read_sees_the_domain_as_its_snapshot_has_it ... ok
2026-10-07T22:22:47.2235280Z test domains::tests::import_order_is_by_time_then_id_and_follows_writes ... ok
2026-10-07T22:22:47.2236311Z test duplicates::auto::tests::the_references_suggested_rules_are_all_read ... ok
2026-10-07T22:22:47.2552121Z test duplicates::cache::tests::cached_pairs_follow_writes_and_only_readers_fill_the_cache ... ok
2026-10-07T22:22:47.2754591Z test display::tests::graph_invariants ... ok
2026-10-07T22:22:47.3549576Z test duplicates_progress::tests::real_saved_disabled_legacy_policy_backfills_native_override_and_reopens ... ok
2026-10-07T22:22:47.3560261Z test ffmpeg_policy::tests::actual_legacy_saved_policy_backfill_native_override_and_poll_adapter ... ok
2026-10-07T22:22:47.3711025Z test file_maintenance::tests::captured_cancel_clears_due_and_future_types_and_keeps_unselected_work ... ok
2026-10-07T22:22:47.3712538Z test file_maintenance::tests::file_work_lease_is_shared_by_independent_owners_and_released_on_drop ... ok
2026-10-07T22:22:47.3713195Z test file_maintenance::tests::job_types_keep_the_reference_s_codes ... ok
2026-10-07T22:22:47.3847141Z test file_maintenance::tests::selected_admission_precedes_batch_limit_and_preserves_due_type_rules ... ok
2026-10-07T22:22:47.3856244Z test duplicates::merge::tests::only_whitelisted_notes_merge_under_their_new_names ... ok
2026-10-07T22:22:47.3864476Z test folder_activity::tests::abandoned_request_and_old_marker_files_do_not_pause_another_kind ... ok
2026-10-07T22:22:47.3865372Z test folder_activity::tests::request_interrupts_work_waits_for_release_and_rejects_new_work ... ok
2026-10-07T22:22:47.4076763Z test ffmpeg_policy::tests::reader_from_a_borrowed_store_is_live_and_does_not_retain_its_owner ... ok
2026-10-07T22:22:47.4483478Z test folder_activity::tests::transient_pause_preserves_original_and_live_user_pause_preferences ... ok
2026-10-07T22:22:47.4494201Z test gallery::tests::a_page_makes_a_search_per_query_with_its_settings ... ok
2026-10-07T22:22:47.4524772Z test gallery::tests::no_downloader_or_no_urls_makes_nothing ... ok
2026-10-07T22:22:47.4996427Z test gallery::tests::queries_merge_and_repeats_are_skipped_as_the_page_says ... ok
2026-10-07T22:22:47.4997200Z test granularity::tests::estimating_a_folder_ignores_non_ascii_names ... ok
2026-10-07T22:22:47.5320543Z test granularity::tests::cancellation_restores_moved_files_to_their_original_locations ... ok
2026-10-07T22:22:47.5804970Z test granularity::tests::failed_publication_restores_exact_split_locations ... ok
2026-10-07T22:22:47.5995089Z test granularity::tests::merged_prefix_records_the_actual_destination_across_locations ... ok
2026-10-07T22:22:47.6016536Z test idle_state::tests::only_a_fresh_idle_marker_is_idle ... ok
2026-10-07T22:22:47.6024388Z test idle_state::tests::pace_follows_the_time_and_caps_the_rest ... ok
2026-10-07T22:22:47.6961389Z test image_colour::tests::real_saved_disabled_legacy_policy_backfills_native_override_and_reopens ... ok
2026-10-07T22:22:47.7673684Z test import::decode::tests::a_clients_simple_downloader_formulae_come_across ... ok
2026-10-07T22:22:47.8394994Z test import::decode::tests::a_new_clients_checker_timings_are_our_defaults ... ok
2026-10-07T22:22:47.9084247Z test import::decode::tests::a_new_clients_headers_are_our_defaults ... ok
2026-10-07T22:22:47.9792666Z test import::decode::tests::a_new_clients_import_options_and_downloaders_convert ... ok
2026-10-07T22:22:48.0567076Z test import::decode::tests::a_new_clients_merge_options_are_our_defaults ... ok
2026-10-07T22:22:48.0595121Z test granularity::tests::the_store_records_its_new_folders ... ok
2026-10-07T22:22:48.0765561Z test import::decode::tests::auto_resolution_rules_convert ... ok
2026-10-07T22:22:48.1687906Z test import::decode::tests::browser_eye_menu_preferences_migrate_independently ... ok
2026-10-07T22:22:48.1708927Z test import::decode::tests::api_update_toasts_import_present_and_absent_client_options ... ok
2026-10-07T22:22:48.2923555Z test import::decode::tests::command_palette_preferences_migrate_defaults_and_nondefault_provider_policies ... ok
2026-10-07T22:22:48.3193510Z test import::decode::tests::clipboard_monitor_switches_convert_independently ... ok
2026-10-07T22:22:48.3278001Z test import::decode::tests::custom_merge_options_convert ... ok
2026-10-07T22:22:48.3599123Z test import::decode::tests::downloader_pages_own_state_converts ... ok
2026-10-07T22:22:48.4193240Z test import::decode::tests::cursor_autohide_import_preserves_timeout_and_do_not_hide ... ok
2026-10-07T22:22:48.5605042Z test import::decode::tests::downloader_update_time_import_preserves_raw_fields_and_reopens ... ok
2026-10-07T22:22:48.6595520Z test import::decode::tests::export_default_directory_import_resolves_recorded_portable_paths ... ok
2026-10-07T22:22:48.7695069Z test import::decode::tests::file_search_defaults_convert_user_values ... ok
2026-10-07T22:22:48.8700008Z test import::decode::tests::file_view_removal_imports_legacy_and_typed_flags_independently ... ok
2026-10-07T22:22:48.9085189Z test import::decode::tests::duplicate_colours_import_none_zero_and_explicit_preferences_then_reopen ... ok
2026-10-07T22:22:49.0478086Z test import::decode::tests::four_note_preferences_import_and_survive_reopen ... ok
2026-10-07T22:22:49.1250684Z test import::decode::tests::idle_timeout_import_preserves_seconds_none_and_missing_defaults ... ok
2026-10-07T22:22:49.1484732Z test import::decode::tests::image_cache_size_raw_timeout_and_future_admission_import_independently ... ok
2026-10-07T22:22:49.3142345Z test import::decode::tests::importing_work_slots_decode_five_legacy_keys_and_persist_native_limits ... ok
2026-10-07T22:22:49.3287306Z test import::decode::tests::local_transfer_confirmations_decode_both_legacy_booleans ... ok
2026-10-07T22:22:49.4455802Z test import::decode::tests::maintenance_gates_import_present_and_absent_client_options ... ok
2026-10-07T22:22:49.5063748Z test import::decode::tests::main_identity_import_preserves_raw_name_and_saved_tag_activation ... ok
2026-10-07T22:22:49.5326442Z test import::decode::tests::manage_tags_live_display_and_incremental_fields_import ... ok
2026-10-07T22:22:49.6275060Z test import::decode::tests::namespace_colours_convert ... ok
2026-10-07T22:22:49.6354628Z test import::decode::tests::manage_tags_sort_contexts_import_siblings_independently_of_sidebar_sorts ... ok
2026-10-07T22:22:49.6384427Z test import::decode::tests::page_sort_import_preserves_its_independent_full_tag_context ... ok
2026-10-07T22:22:49.7489597Z test import::decode::tests::passive_background_options_import_each_draw_key ... ok
2026-10-07T22:22:49.8225142Z test import::decode::tests::network_boot_preference_converts_without_changing_live_pause ... ok
2026-10-07T22:22:49.8585012Z test import::decode::tests::physical_delete_import_preserves_present_delay_and_defaults_without_client_options ... ok
2026-10-07T22:22:50.0355210Z test import::decode::tests::preview_and_dialog_rating_sizes_import_exact_fractional_preferences ... ok
2026-10-07T22:22:50.1335702Z test import::decode::tests::real_client_ffmpeg_timeout_is_imported_without_clamping ... ok
2026-10-07T22:22:50.3376172Z test import::decode::tests::recorded_custom_predicate_defaults_import_with_typed_units_and_keys ... ok
2026-10-07T22:22:50.4508897Z test import::decode::tests::saving_the_page_sort_on_change_converts ... ok
2026-10-07T22:22:50.4793956Z test content::tests::incremental_counts_equal_rebuild ... ok
2026-10-07T22:22:50.5275081Z test import::decode::tests::popup_width_imports_raw_reference_preferences_and_reopens_them ... ok
2026-10-07T22:22:50.5568467Z test import::decode::tests::sibling_connector_colours_import_retains_none_empty_and_raw_names ... ok
2026-10-07T22:22:50.5569411Z test import::decode::tests::shortcut_capture_policies_import_defaults_and_nondefault_values ... ok
2026-10-07T22:22:50.6535184Z test import::decode::tests::subscription_concurrency_imports_nondefault_number ... ok
2026-10-07T22:22:50.6895411Z test import::decode::tests::suggested_layout_and_unavailable_default_pages_migrate_without_losing_choices ... ok
2026-10-07T22:22:50.6896638Z test import::decode::tests::tag_display_filters_convert ... ok
2026-10-07T22:22:50.7025336Z test import::decode::tests::subscription_file_failure_threshold_imports_none_and_number ... ok
2026-10-07T22:22:50.7576318Z test import::decode::tests::tag_dialog_defaults_import_independently_of_autocomplete_defaults ... ok
2026-10-07T22:22:50.7588805Z test import::decode::tests::tag_list_opening_modes_import_independently_and_ignore_unknown_codes ... ok
2026-10-07T22:22:50.7721236Z test import::decode::tests::tag_presentation_converts ... ok
2026-10-07T22:22:50.8785544Z test import::decode::tests::the_lock_password_converts ... ok
2026-10-07T22:22:50.8823407Z test import::decode::tests::the_search_defaults_convert ... ok
2026-10-07T22:22:50.8859563Z test import::decode::tests::the_tag_summaries_convert ... ok
2026-10-07T22:22:50.9944835Z test import::decode::tests::unselected_tag_limit_import_preserves_zero_none_and_presentation ... ok
2026-10-07T22:22:51.0105144Z test import::decode::tests::thumbnail_cache_size_and_raw_timeout_import_as_independent_typed_preferences ... ok
2026-10-07T22:22:51.0194692Z test import::decode::tests::the_thumbnail_border_and_margin_convert ... ok
2026-10-07T22:22:51.1235994Z test import::decode::tests::viewer_canvas_options_convert_user_values ... ok
2026-10-07T22:22:51.1319257Z test import::decode::tests::viewer_closing_options_import_each_independent_preference ... ok
2026-10-07T22:22:51.1495391Z test import::decode::tests::viewer_focus_options_import_independent_mouseover_gates ... ok
2026-10-07T22:22:51.2545446Z test import::decode::tests::viewer_hover_options_migrate_disable_keys_as_enabled_controls ... ok
2026-10-07T22:22:51.2775182Z test import::decode::tests::viewer_pointer_options_import_both_drag_preferences ... ok
2026-10-07T22:22:51.2976961Z test import::decode::tests::viewer_playback_import_keeps_zoom_command_and_loop_policy ... ok
2026-10-07T22:22:51.3896358Z test import::decode::tests::viewing_menu_preferences_import_the_display_style_and_canvas_ticks ... ok
2026-10-07T22:22:51.4136673Z test import::decode::tests::viewer_tag_wheel_imports_all_four_reference_policy_codes ... ok
2026-10-07T22:22:51.4931068Z test import::network_tests::a_named_startup_session_keeps_hydrus_s_last_session_apart ... ok
2026-10-07T22:22:51.4944823Z test import::network_tests::copies_the_mpv_conf ... ok
2026-10-07T22:22:51.6129891Z test import::network_tests::downloader_pages_own_state_comes_back_for_earlier_imports ... ok
2026-10-07T22:22:51.6463234Z test import::network_tests::imports_local_import_pages_from_the_last_session ... ok
2026-10-07T22:22:51.6549503Z test import::network_tests::imports_downloader_pages_from_the_last_session ... ok
2026-10-07T22:22:51.7892901Z test import::network_tests::imports_session_cookies ... ok
2026-10-07T22:22:51.7964891Z test import::network_tests::imports_search_pages_from_the_last_session ... ok
2026-10-07T22:22:51.8707979Z test import::network_tests::imports_subscriptions_with_their_histories ... ok
2026-10-07T22:22:51.8726568Z test import::tests::any_reference_install_counts_match ... ignored, needs HYDRUS_REFERENCE_DB
2026-10-07T22:22:51.8984774Z test import::tests::a_default_install_keeps_the_default_bandwidth_rules ... ok
2026-10-07T22:22:51.9601981Z test import::tests::import_options_that_run_programs_are_reported ... ok
2026-10-07T22:22:51.9628765Z test import::tests::decodes_the_basic_fixture_settings ... ok
2026-10-07T22:22:51.9734656Z test import::network_tests::other_saved_sessions_come_across_without_running_their_downloaders ... ok
2026-10-07T22:22:52.0693008Z test import::tests::imports_the_basic_fixture ... ok
2026-10-07T22:22:52.0741181Z test import::tests::rebuilt_counts_match_the_reference_caches ... ok
2026-10-07T22:22:52.1605085Z test granularity::tests::a_folder_goes_to_three_and_back ... ok
2026-10-07T22:22:52.1814968Z test import::tests::the_global_pause_switches_come_across ... ok
2026-10-07T22:22:52.1815441Z test live::tests::a_status_shows_its_first_line ... ok
2026-10-07T22:22:52.1815827Z test import::tests::the_network_options_come_across ... ok
2026-10-07T22:22:52.1903113Z test import::tests::refuses_to_overwrite_or_import_the_wrong_version ... ok
2026-10-07T22:22:52.1905815Z test live::tests::cancels_are_taken_once_and_nudge_the_queue ... ok
2026-10-07T22:22:52.1906162Z test live::tests::only_changes_are_published ... ok
2026-10-07T22:22:52.1906499Z test live::tests::live_state_is_kept_replaced_and_cleared ... ok
2026-10-07T22:22:52.2382917Z test import::tests::the_trash_limits_come_across ... ok
2026-10-07T22:22:52.2632616Z test login_runtime::tests::crashed_process_metadata_cannot_block_or_cancel_the_next_lease ... ok
2026-10-07T22:22:52.2745028Z test login_runtime::tests::separate_store_owners_serialize_cancel_and_retire_only_the_reviewed_login ... ok
2026-10-07T22:22:52.4595492Z test maintenance::tests::cancelled_owned_wait_releases_writer_and_never_admits_a_successor_pair ... ok
2026-10-07T22:22:52.4765459Z test maintenance::tests::captured_wait_follows_committed_pairs_including_last_and_allows_live_readd ... ok
2026-10-07T22:22:52.5097078Z test maintenance::tests::missing_file_still_waits_after_its_thumbnail_and_queue_commit ... ok
2026-10-07T22:22:52.5727561Z test maintenance::tests::never_deletes_media_shared_with_another_install ... ok
2026-10-07T22:22:52.6516736Z test maintenance::tests::pair_failure_keeps_its_queue_and_previous_pair_commit_and_does_not_wait ... ok
2026-10-07T22:22:52.6779223Z test maintenance::tests::rebuilding_the_caches_gives_the_same_caches ... ok
2026-10-07T22:22:52.8223228Z test maintenance::tests::retained_local_queue_cleanup_does_not_wait_or_remove_physical_paths ... ok
2026-10-07T22:22:52.8442580Z test maintenance::tests::selected_tag_regeneration_repairs_connected_counts_without_changing_primary_data ... ok
2026-10-07T22:22:52.8500017Z test master::tests::interning_is_idempotent_and_reversible ... ok
2026-10-07T22:22:52.8551131Z test master::tests::new_subtags_are_indexed_for_autocomplete ... ok
2026-10-07T22:22:52.8564839Z test master::tests::url_domains_match_urlparse_netloc ... ok
2026-10-07T22:22:52.8643417Z test maintenance_gates::tests::retained_client_options_native_wins_reopen_and_corruption ... ok
2026-10-07T22:22:52.9391743Z test media::tests::counts_tags_as_each_file_has_them ... ok
2026-10-07T22:22:52.9473477Z test media::tests::hidden_tags_are_left_out_of_the_counts ... ok
2026-10-07T22:22:53.0032541Z test menu_choice_wheel::tests::actual_saved_false_legacy_fallback_native_override_and_durable_reopen ... ok
2026-10-07T22:22:53.0168925Z test network::login_tests::a_login_covers_its_domain_and_subdomains ... ok
2026-10-07T22:22:53.0230891Z test network::tests::cookies_list_in_jar_order ... ok
2026-10-07T22:22:53.0270780Z test network::tests::headers_keep_what_is_not_given ... ok
2026-10-07T22:22:53.0324104Z test network::tests::sessions_are_per_registrable_domain ... ok
2026-10-07T22:22:53.0395989Z test media::tests::loads_the_fixture ... ok
2026-10-07T22:22:53.0750075Z test orphan_files::tests::strays_are_found_and_moved_and_kept_files_stay ... ok
2026-10-07T22:22:53.1198946Z test or_connector::tests::real_qt_serialised_raw_connector_backfills_and_native_override_survives_reopen ... ok
2026-10-07T22:22:53.1201995Z test paths::tests::copies_keep_permissions_unless_told_not_to ... ok
2026-10-07T22:22:53.1217922Z test page_layout::tests::imported_yaml_signed_sizes_exit_switch_and_native_override_survive_reopen ... ok
2026-10-07T22:22:53.1267848Z test maintenance::tests::leaves_claimed_files_queued ... ok
2026-10-07T22:22:53.1301967Z test popup_actions::tests::answer_survives_dismissal_and_old_owner_cannot_consume_or_retire_successor ... ok
2026-10-07T22:22:53.1380434Z test popup_actions::tests::gui_retirement_drops_unconsumed_calls_but_preserves_committed_answers ... ok
2026-10-07T22:22:53.1411756Z test popup_actions::tests::pre_action_schema_upgrades_and_restart_forgets_ephemeral_handlers_but_keeps_clipboard ... ok
2026-10-07T22:22:53.1503729Z test popups::tests::mergable_files_with_the_same_label_join_one_popup ... ok
2026-10-07T22:22:53.1576372Z test popups::tests::popups_queue_oldest_first_until_dismissed ... ok
2026-10-07T22:22:53.1682979Z test queues::tests::a_pages_queue_waits_while_closed_and_goes_with_it ... ok
2026-10-07T22:22:53.1778751Z test physical_delete::tests::recorded_retained_options_native_override_constructor_and_reopen ... ok
2026-10-07T22:22:53.1791914Z test queues::tests::a_queues_page_shows_the_files_its_seeds_brought_in_order ... ok
2026-10-07T22:22:53.1897847Z test queues::tests::deleted_queue_identity_is_not_recycled_and_late_seed_updates_ignore_successors ... ok
2026-10-07T22:22:53.2029592Z test queues::tests::nudges_are_taken_once_each ... ok
2026-10-07T22:22:53.2044469Z test queues::tests::file_log_drafts_isolate_mutations_and_restore_complete_metadata_in_order ... ok
2026-10-07T22:22:53.2076239Z test popup_freeze::tests::actual_saved_true_legacy_native_override_and_durable_reopen ... ok
2026-10-07T22:22:53.2130353Z test queues::tests::seeds_dedupe_order_and_retry ... ok
2026-10-07T22:22:53.2131487Z test reference_options::tests::unset_values_read_as_their_defaults ... ok
2026-10-07T22:22:53.2145767Z test queues::tests::urls_typed_into_a_page_are_handed_over_once_in_order ... ok
2026-10-07T22:22:53.2148030Z test schema::tests::refuses_newer_schema ... ok
2026-10-07T22:22:53.2241274Z test schema::tests::migrations_apply_cleanly_and_are_idempotent ... ok
2026-10-07T22:22:53.2251592Z test services::tests::colours_serialise_as_hex ... ok
2026-10-07T22:22:53.2278011Z test schema::tests::tag_service_tables_round_trip ... ok
2026-10-07T22:22:53.2278764Z test services::tests::numerical_stars_match_reference_rounding ... ok
2026-10-07T22:22:53.2382293Z test services::tests::default_services_round_trip ... ok
2026-10-07T22:22:53.2474556Z test session_backups::importer_tests::historical_importers_restore_independent_settings_and_seed_logs ... ok
2026-10-07T22:22:53.2552049Z test session_backups::queue_kind_tests::every_native_page_importer_restores_its_auxiliary_state_and_both_logs ... ok
2026-10-07T22:22:53.2594835Z test session_backups::tests::automatic_last_session_hash_replays_real_unchanged_suppression_and_history ... ok
2026-10-07T22:22:53.2679552Z test session_backups::tests::imported_previous_media_is_independent_and_deletion_clears_backups ... ok
2026-10-07T22:22:53.2695467Z test session_backups::tests::rolling_timestamps_match_the_reference_including_clock_reversal ... ok
2026-10-07T22:22:53.2785159Z test sessions::tests::commands_queue_for_the_gui_or_change_the_session ... ok
2026-10-07T22:22:53.2829503Z test maintenance::tests::purges_files_that_left_local_storage ... ok
2026-10-07T22:22:53.2871746Z test session_reload::tests::committed_reload_slot_is_independent_and_cleanup_keeps_active_media ... ok
2026-10-07T22:22:53.2872886Z test radio_return::tests::actual_saved_false_legacy_fallback_native_override_and_durable_reopen ... ok
2026-10-07T22:22:53.2873528Z test similar::tests::flat_colours_are_blank ... ok
2026-10-07T22:22:53.2874191Z test similar::tests::scale ... ignored, a timing, not a check
2026-10-07T22:22:53.2941303Z test sessions::tests::media_viewers_are_kept_in_order ... ok
2026-10-07T22:22:53.2978652Z test sessions::tests::saving_keeps_the_top_key_the_page_shown_and_selections ... ok
2026-10-07T22:22:53.2989376Z test storage::tests::a_location_without_its_folders_is_missing ... ok
2026-10-07T22:22:53.2990995Z test storage::tests::paths_follow_the_reference_layout ... ok
2026-10-07T22:22:53.2991655Z test sessions::tests::sessions_keep_their_pages_and_files ... ok
2026-10-07T22:22:53.2993049Z test storage_locations::tests::shares_follow_weights_and_limits ... ok
2026-10-07T22:22:53.3384703Z test similar::tests::the_index_finds_exactly_what_checking_everything_finds ... ok
2026-10-07T22:22:53.3686805Z test store::tests::content_writes_use_foreign_relation_graphs_before_the_next_poll ... ok
2026-10-07T22:22:53.4281621Z test store::tests::new_store_has_default_services ... ok
2026-10-07T22:22:53.4292642Z test store::tests::independent_stores_notice_committed_snapshot_changes_without_refresh_loops ... ok
2026-10-07T22:22:53.4430239Z test similar::tests::the_search_finds_the_pairs_the_reference_found ... ok
2026-10-07T22:22:53.4758489Z test store::tests::snapshots_refresh_only_after_commit ... ok
2026-10-07T22:22:53.4895124Z test store::tests::pre_existing_queue_without_sequence_keeps_its_retired_identity_after_upgrade ... ok
2026-10-07T22:22:53.4906447Z test tag_display::tests::a_service_s_tags_pass_its_filter_and_all_known_tags ... ok
2026-10-07T22:22:53.5378807Z test tag_editing::tests::older_preferences_get_write_defaults_and_tab_memory_preserves_them ... ok
2026-10-07T22:22:53.5380014Z test text::tests::integers_follow_python_isdecimal ... ok
2026-10-07T22:22:53.5380915Z test text::tests::searchable_forms ... ok
2026-10-07T22:22:53.5381858Z test text::tests::tokenises_like_fts4_simple ... ok
2026-10-07T22:22:53.5569817Z test tag_editing::tests::manage_tags_preferences_are_backward_compatible_and_independent ... ok
2026-10-07T22:22:53.5906712Z test synth::tests::a_small_library_has_consistent_counts ... ok
2026-10-07T22:22:53.6155699Z test thumbnail_appearance::tests::retained_actual_options_upgrade_native_override_and_reopen ... ok
2026-10-07T22:22:53.7421347Z test transfer::tests::in_place_marks_the_media_as_shared ... ok
2026-10-07T22:22:53.8625116Z test transfer::tests::refuses_an_existing_destination ... ok
2026-10-07T22:22:54.0238158Z test trash::tests::an_oversized_trash_loses_its_oldest_files_eight_at_a_time ... ok
2026-10-07T22:22:54.1479255Z test trash::tests::cancelled_writer_admission_leaves_trash_and_physical_queue_untouched ... ok
2026-10-07T22:22:54.1984325Z test transfer::tests::hardlink_copy_and_move_give_the_store_its_own_media ... ok
2026-10-07T22:22:54.2872322Z test trash::tests::files_trashed_too_long_ago_are_deleted_for_good ... ok
2026-10-07T22:22:54.3265457Z test trash::tests::no_limits_leave_the_trash_alone ... ok
2026-10-07T22:22:54.4165952Z test trash::tests::the_delete_lock_keeps_archived_files_in_the_trash ... ok
2026-10-07T22:22:54.4166721Z test undo::tests::undo_and_redo_step_through_the_log_and_new_changes_cut_it ... ok
2026-10-07T22:22:54.4167571Z test vacuum::tests::room_is_checked_as_the_reference_checks ... ok
2026-10-07T22:22:54.4628648Z test trash::tests::the_size_limit_goes_first_then_the_age_limit ... ok
2026-10-07T22:22:54.5367446Z test watchers::tests::a_page_watches_each_thread_once_with_its_own_options ... ok
2026-10-07T22:22:54.5385151Z test vacuum::tests::vacuuming_frees_pages_and_is_recorded ... ok
2026-10-07T22:22:54.5814258Z test watchers::tests::setting_a_watchers_checker_options ... ok
2026-10-07T22:22:54.5825079Z test watchers::tests::checking_now_and_pausing_checking ... ok
2026-10-07T22:22:54.6887016Z test transfer::tests::each_drive_s_media_stays_on_it ... ok
2026-10-07T22:22:54.7979372Z test storage_locations::tests::a_second_location_takes_half_and_thumbnails_follow ... ok
2026-10-07T22:22:54.7979606Z 
2026-10-07T22:22:54.7979768Z test result: ok. 250 passed; 0 failed; 2 ignored; 0 measured; 0 filtered out; finished in 8.02s
2026-10-07T22:22:54.7980168Z 
2026-10-07T22:22:54.8002806Z [1m[92m     Running[0m tests/import_status.rs (target/debug/deps/import_status-30c9defafff09d5d)
2026-10-07T22:22:54.8014015Z 
2026-10-07T22:22:54.8014374Z running 3 tests
2026-10-07T22:22:54.8047041Z test owned_precision_replays_actual_network_job_controls_without_changing_gauges_or_cancellation ... ok
2026-10-07T22:22:54.8240598Z test downloads_lines_say_what_the_references_network_job_control_says ... ok
2026-10-07T22:22:54.8279590Z test file_and_search_logs_say_what_the_reference_says ... ok
2026-10-07T22:22:54.8279817Z 
2026-10-07T22:22:54.8280034Z test result: ok. 3 passed; 0 failed; 0 ignored; 0 measured; 0 filtered out; finished in 0.03s
2026-10-07T22:22:54.8280235Z 
2026-10-07T22:22:54.8290400Z [1m[92m     Running[0m tests/metadata_jobs.rs (target/debug/deps/metadata_jobs-38d1cc1e4ad14953)
2026-10-07T22:22:54.8305057Z 
2026-10-07T22:22:54.8305130Z running 1 test
2026-10-07T22:22:55.0833285Z test actual_qt_worker_inputs_replay_files_cancellation_progress_and_copy_cleanup ... ok
2026-10-07T22:22:55.0833665Z 
2026-10-07T22:22:55.0834016Z test result: ok. 1 passed; 0 failed; 0 ignored; 0 measured; 0 filtered out; finished in 0.25s
2026-10-07T22:22:55.0834297Z 
2026-10-07T22:22:55.0840164Z [1m[92m     Running[0m tests/tag_migration.rs (target/debug/deps/tag_migration-ea2504f2d53ddb7c)
2026-10-07T22:22:55.0855625Z 
2026-10-07T22:22:55.0855713Z running 15 tests
2026-10-07T22:22:55.1642100Z test archive_validation_rejects_wrong_types_and_unsupported_hashes_before_import ... ok
2026-10-07T22:22:55.1855429Z test cancellation_is_a_durable_prefix_and_incremental_counts_match_rebuild ... ok
2026-10-07T22:22:55.2266498Z test archive_exports_preserve_metadata_merge_and_cancelled_committed_prefix ... ok
2026-10-07T22:22:55.2337352Z test overlapping_migration_is_rejected_without_waiting_for_a_reader ... ok
2026-10-07T22:22:55.2545912Z test pair_count_gates_observe_reference_concurrent_mapping_changes_between_batches ... ok
2026-10-07T22:22:55.3040386Z test pair_migration_publishes_graph_and_rebuilt_counts ... ok
2026-10-07T22:22:55.4297650Z test pair_count_gates_replay_real_current_pending_and_terminal_ideal_counts ... ok
2026-10-07T22:22:55.4909681Z test registry_changes_stop_the_next_batch_and_keep_committed_prefix ... ok
2026-10-07T22:22:55.5062675Z test published_job_events_match_reference_phases_and_committed_prefixes ... ok
2026-10-07T22:22:55.5503636Z test repository_union_deduplicates_and_petition_reason_is_persisted ... ok
2026-10-07T22:22:55.5530726Z test same_service_delete_and_clear_never_skip_mutated_source_rows ... ok
2026-10-07T22:22:55.5984423Z test selected_files_and_filters_are_applied_before_destination_changes ... ok
2026-10-07T22:22:55.6007823Z test source_snapshot_excludes_later_inserts_and_retains_later_removed_rows ... ok
2026-10-07T22:22:55.6291693Z test pause_waits_after_commit_resume_continues_and_cancel_wakes_without_next_batch ... ok
2026-10-07T22:22:56.5510676Z test actual_python_archives_import_convert_scope_filter_and_reopen ... ok
2026-10-07T22:22:56.5510977Z 
2026-10-07T22:22:56.5511129Z test result: ok. 15 passed; 0 failed; 0 ignored; 0 measured; 0 filtered out; finished in 1.47s
2026-10-07T22:22:56.5511323Z 
2026-10-07T22:22:56.5528978Z [1m[92m     Running[0m unittests src/lib.rs (target/debug/deps/hydrus_testkit-d4be0a6c0204d9c1)
2026-10-07T22:22:56.5539962Z 
2026-10-07T22:22:56.5540068Z running 3 tests
2026-10-07T22:22:56.5554285Z 
2026-10-07T22:22:56.5554674Z running 1 test
2026-10-07T22:22:56.5557796Z test tests::runtime_fixture_override ... ok
2026-10-07T22:22:56.5559535Z 
2026-10-07T22:22:56.5559925Z test result: ok. 1 passed; 0 failed; 0 ignored; 0 measured; 2 filtered out; finished in 0.00s
2026-10-07T22:22:56.5560350Z 
2026-10-07T22:22:56.5560591Z test tests::runtime_fixture_override ... ok
2026-10-07T22:22:56.6015949Z test tests::basic_fixture_extracts_with_empty_subfolders ... ok
2026-10-07T22:22:56.6504664Z test tests::each_call_gets_its_own_copy ... ok
2026-10-07T22:22:56.6504884Z 
2026-10-07T22:22:56.6505121Z test result: ok. 3 passed; 0 failed; 0 ignored; 0 measured; 0 filtered out; finished in 0.10s
2026-10-07T22:22:56.6505670Z 
2026-10-07T22:22:56.6510016Z [1m[92m     Running[0m unittests src/main.rs (target/debug/deps/xtask-3d9b93e5759a9504)
2026-10-07T22:22:56.6533127Z 
2026-10-07T22:22:56.6533227Z running 0 tests
2026-10-07T22:22:56.6534133Z 
2026-10-07T22:22:56.6535102Z test result: ok. 0 passed; 0 failed; 0 ignored; 0 measured; 0 filtered out; finished in 0.00s
2026-10-07T22:22:56.6535305Z 
2026-10-07T22:22:56.6538927Z [1m[92m   Doc-tests[0m hydrus_api
2026-10-07T22:22:56.7891239Z 
2026-10-07T22:22:56.7891651Z running 0 tests
2026-10-07T22:22:56.7892193Z 
2026-10-07T22:22:56.7892533Z test result: ok. 0 passed; 0 failed; 0 ignored; 0 measured; 0 filtered out; finished in 0.00s
2026-10-07T22:22:56.7892833Z 
2026-10-07T22:22:56.7916404Z [1m[92m   Doc-tests[0m hydrus_core
2026-10-07T22:22:57.2235543Z 
2026-10-07T22:22:57.2236078Z running 0 tests
2026-10-07T22:22:57.2236273Z 
2026-10-07T22:22:57.2236543Z test result: ok. 0 passed; 0 failed; 0 ignored; 0 measured; 0 filtered out; finished in 0.00s
2026-10-07T22:22:57.2236899Z 
2026-10-07T22:22:57.2259292Z [1m[92m   Doc-tests[0m hydrus_download
2026-10-07T22:22:57.3382402Z 
2026-10-07T22:22:57.3382922Z running 0 tests
2026-10-07T22:22:57.3383120Z 
2026-10-07T22:22:57.3383306Z test result: ok. 0 passed; 0 failed; 0 ignored; 0 measured; 0 filtered out; finished in 0.00s
2026-10-07T22:22:57.3383537Z 
2026-10-07T22:22:57.3406843Z [1m[92m   Doc-tests[0m hydrus_downloader_exchange
2026-10-07T22:22:57.4044822Z 
2026-10-07T22:22:57.4045324Z running 0 tests
2026-10-07T22:22:57.4045518Z 
2026-10-07T22:22:57.4045780Z test result: ok. 0 passed; 0 failed; 0 ignored; 0 measured; 0 filtered out; finished in 0.00s
2026-10-07T22:22:57.4046086Z 
2026-10-07T22:22:57.4065491Z [1m[92m   Doc-tests[0m hydrus_duplicates
2026-10-07T22:22:57.4487648Z 
2026-10-07T22:22:57.4488065Z running 0 tests
2026-10-07T22:22:57.4488244Z 
2026-10-07T22:22:57.4488429Z test result: ok. 0 passed; 0 failed; 0 ignored; 0 measured; 0 filtered out; finished in 0.00s
2026-10-07T22:22:57.4488666Z 
2026-10-07T22:22:57.4506397Z [1m[92m   Doc-tests[0m hydrus_gui
2026-10-07T22:22:58.0614793Z 
2026-10-07T22:22:58.0615306Z running 0 tests
2026-10-07T22:22:58.0615495Z 
2026-10-07T22:22:58.0615745Z test result: ok. 0 passed; 0 failed; 0 ignored; 0 measured; 0 filtered out; finished in 0.00s
2026-10-07T22:22:58.0616030Z 
2026-10-07T22:22:58.0640821Z [1m[92m   Doc-tests[0m hydrus_gui_model
2026-10-07T22:22:58.5231996Z 
2026-10-07T22:22:58.5232482Z running 0 tests
2026-10-07T22:22:58.5232667Z 
2026-10-07T22:22:58.5232920Z test result: ok. 0 passed; 0 failed; 0 ignored; 0 measured; 0 filtered out; finished in 0.00s
2026-10-07T22:22:58.5233214Z 
2026-10-07T22:22:58.5257707Z [1m[92m   Doc-tests[0m hydrus_import
2026-10-07T22:22:58.5813528Z 
2026-10-07T22:22:58.5814120Z running 0 tests
2026-10-07T22:22:58.5814308Z 
2026-10-07T22:22:58.5814564Z test result: ok. 0 passed; 0 failed; 0 ignored; 0 measured; 0 filtered out; finished in 0.00s
2026-10-07T22:22:58.5814875Z 
2026-10-07T22:22:58.5834901Z [1m[92m   Doc-tests[0m hydrus_legacy
2026-10-07T22:22:58.9192892Z 
2026-10-07T22:22:58.9193405Z running 1 test
2026-10-07T22:22:58.9194064Z test crates/hydrus-legacy/src/lib.rs - (line 27) - compile ... ok
2026-10-07T22:22:58.9194311Z 
2026-10-07T22:22:58.9194526Z test result: ok. 1 passed; 0 failed; 0 ignored; 0 measured; 0 filtered out; finished in 0.00s
2026-10-07T22:22:58.9194811Z 
2026-10-07T22:22:58.9222479Z all doctests ran in 0.22s; merged doctests compilation took 0.21s
2026-10-07T22:22:58.9241508Z [1m[92m   Doc-tests[0m hydrus_media
2026-10-07T22:22:59.3115233Z 
2026-10-07T22:22:59.3115763Z running 1 test
2026-10-07T22:22:59.3116387Z test crates/hydrus-media/src/lib.rs - (line 10) - compile ... ok
2026-10-07T22:22:59.3116673Z 
2026-10-07T22:22:59.3142471Z test result: ok. 1 passed; 0 failed; 0 ignored; 0 measured; 0 filtered out; finished in 0.00s
2026-10-07T22:22:59.3142859Z 
2026-10-07T22:22:59.3143059Z all doctests ran in 0.26s; merged doctests compilation took 0.26s
2026-10-07T22:22:59.3162668Z [1m[92m   Doc-tests[0m hydrus_net
2026-10-07T22:22:59.3790166Z 
2026-10-07T22:22:59.3790653Z running 0 tests
2026-10-07T22:22:59.3790849Z 
2026-10-07T22:22:59.3791095Z test result: ok. 0 passed; 0 failed; 0 ignored; 0 measured; 0 filtered out; finished in 0.00s
2026-10-07T22:22:59.3791392Z 
2026-10-07T22:22:59.3809785Z [1m[92m   Doc-tests[0m hydrus_parse
2026-10-07T22:22:59.4801048Z 
2026-10-07T22:22:59.4801509Z running 0 tests
2026-10-07T22:22:59.4801687Z 
2026-10-07T22:22:59.4801873Z test result: ok. 0 passed; 0 failed; 0 ignored; 0 measured; 0 filtered out; finished in 0.00s
2026-10-07T22:22:59.4802064Z 
2026-10-07T22:22:59.4818200Z [1m[92m   Doc-tests[0m hydrus_search
2026-10-07T22:22:59.5573980Z 
2026-10-07T22:22:59.5574512Z running 0 tests
2026-10-07T22:22:59.5574706Z 
2026-10-07T22:22:59.5574901Z test result: ok. 0 passed; 0 failed; 0 ignored; 0 measured; 0 filtered out; finished in 0.00s
2026-10-07T22:22:59.5575101Z 
2026-10-07T22:22:59.5591361Z [1m[92m   Doc-tests[0m hydrus_store
2026-10-07T22:23:00.1543451Z 
2026-10-07T22:23:00.1544157Z running 0 tests
2026-10-07T22:23:00.1544355Z 
2026-10-07T22:23:00.1544614Z test result: ok. 0 passed; 0 failed; 0 ignored; 0 measured; 0 filtered out; finished in 0.00s
2026-10-07T22:23:00.1544917Z 
2026-10-07T22:23:00.1564242Z [1m[92m   Doc-tests[0m hydrus_testkit
2026-10-07T22:23:00.1747418Z 
2026-10-07T22:23:00.1747805Z running 0 tests
2026-10-07T22:23:00.1747977Z 
2026-10-07T22:23:00.1748226Z test result: ok. 0 passed; 0 failed; 0 ignored; 0 measured; 0 filtered out; finished in 0.00s
2026-10-07T22:23:00.1748522Z 
2026-10-07T22:23:00.2019186Z [1m[91merror[0m: 1 target failed:
2026-10-07T22:23:00.2019409Z     `-p hydrus-gui --test gui`
2026-10-07T22:23:00.2492877Z ##[error]Process completed with exit code 101.
2026-10-07T22:23:00.3115762Z ##[group]Run actions/upload-artifact@v4
2026-10-07T22:23:00.3118342Z with:
2026-10-07T22:23:00.3118471Z   name: test-diagnostics-37693164411-1
2026-10-07T22:23:00.3118655Z   path: /tmp/hydrus-tests.log
2026-10-07T22:23:00.3118803Z   if-no-files-found: ignore
2026-10-07T22:23:00.3118938Z   retention-days: 3
2026-10-07T22:23:00.3119062Z   compression-level: 6
2026-10-07T22:23:00.3119188Z   overwrite: false
2026-10-07T22:23:00.3119314Z   include-hidden-files: false
2026-10-07T22:23:00.3119451Z env:
2026-10-07T22:23:00.3119560Z   CARGO_TERM_COLOR: always
2026-10-07T22:23:00.3119702Z   RUSTFLAGS: -D warnings
2026-10-07T22:23:00.3119841Z   CARGO_HOME: /home/runner/.cargo
2026-10-07T22:23:00.3119985Z   CARGO_INCREMENTAL: 0
2026-10-07T22:23:00.3120112Z   CACHE_ON_FAILURE: true
2026-10-07T22:23:00.3120237Z ##[endgroup]
2026-10-07T22:23:00.5555837Z (node:22668) [DEP0040] DeprecationWarning: The `punycode` module is deprecated. Please use a userland alternative instead.
2026-10-07T22:23:00.5556305Z (Use `node --trace-deprecation ...` to show where the warning was created)
2026-10-07T22:23:00.5589800Z With the provided path, there will be 1 file uploaded
2026-10-07T22:23:00.5592790Z Artifact name is valid!
2026-10-07T22:23:00.5593269Z Root directory input is valid!
2026-10-07T22:23:00.8431874Z Beginning upload of artifact content to blob storage
2026-10-07T22:23:00.8648077Z (node:22668) [DEP0169] DeprecationWarning: `url.parse()` behavior is not standardized and prone to errors that have security implications. Use the WHATWG URL API instead. CVEs are not issued for `url.parse()` vulnerabilities.
2026-10-07T22:23:01.0541852Z Uploaded bytes 53139
2026-10-07T22:23:01.0950157Z Finished uploading artifact content to blob storage!
2026-10-07T22:23:01.0950587Z SHA256 digest of uploaded artifact zip is 782c590a830a2a701de175fe214f044b993766f4dce5ba193bccdf3f1d14e20d
2026-10-07T22:23:01.0951820Z Finalizing artifact upload
2026-10-07T22:23:01.3168519Z Artifact test-diagnostics-37693164411-1.zip successfully finalized. Artifact ID 11514932845
2026-10-07T22:23:01.3169101Z Artifact test-diagnostics-37693164411-1 has been successfully uploaded! Final size is 53139 bytes. Artifact ID is 11514932845
2026-10-07T22:23:01.3173319Z Artifact download URL: https://github.com/jkendall327/hydrus-mine/actions/runs/37693164411/artifacts/11514932845
2026-10-07T22:23:01.3344349Z ##[group]Run actions/upload-artifact@v4
2026-10-07T22:23:01.3344530Z with:
2026-10-07T22:23:01.3344666Z   name: native-gui-renders-37693164411-1
2026-10-07T22:23:01.3344839Z   path: target/tmp/*.png
2026-10-07T22:23:01.3344987Z   if-no-files-found: ignore
2026-10-07T22:23:01.3345131Z   retention-days: 3
2026-10-07T22:23:01.3345261Z   compression-level: 6
2026-10-07T22:23:01.3345395Z   overwrite: false
2026-10-07T22:23:01.3345528Z   include-hidden-files: false
2026-10-07T22:23:01.3345673Z env:
2026-10-07T22:23:01.3345791Z   CARGO_TERM_COLOR: always
2026-10-07T22:23:01.3345937Z   RUSTFLAGS: -D warnings
2026-10-07T22:23:01.3346079Z   CARGO_HOME: /home/runner/.cargo
2026-10-07T22:23:01.3346231Z   CARGO_INCREMENTAL: 0
2026-10-07T22:23:01.3346360Z   CACHE_ON_FAILURE: true
2026-10-07T22:23:01.3346495Z ##[endgroup]
2026-10-07T22:23:01.4449870Z (node:22682) [DEP0040] DeprecationWarning: The `punycode` module is deprecated. Please use a userland alternative instead.
2026-10-07T22:23:01.4450447Z (Use `node --trace-deprecation ...` to show where the warning was created)
2026-10-07T22:23:01.4752997Z With the provided path, there will be 399 files uploaded
2026-10-07T22:23:01.4757882Z Artifact name is valid!
2026-10-07T22:23:01.4758609Z Root directory input is valid!
2026-10-07T22:23:01.7461088Z Beginning upload of artifact content to blob storage
2026-10-07T22:23:02.0134669Z (node:22682) [DEP0169] DeprecationWarning: `url.parse()` behavior is not standardized and prone to errors that have security implications. Use the WHATWG URL API instead. CVEs are not issued for `url.parse()` vulnerabilities.
2026-10-07T22:23:02.5565313Z Uploaded bytes 8388608
2026-10-07T22:23:02.7311577Z Uploaded bytes 16777216
2026-10-07T22:23:02.9087532Z Uploaded bytes 22864419
2026-10-07T22:23:02.9438319Z Finished uploading artifact content to blob storage!
2026-10-07T22:23:02.9439379Z SHA256 digest of uploaded artifact zip is ace2bcc02ec2eb6938d4ac89692c43e077a6ad00a9a69aa0de870af940a12e82
2026-10-07T22:23:02.9440072Z Finalizing artifact upload
2026-10-07T22:23:03.2077678Z Artifact native-gui-renders-37693164411-1.zip successfully finalized. Artifact ID 11515491547
2026-10-07T22:23:03.2078237Z Artifact native-gui-renders-37693164411-1 has been successfully uploaded! Final size is 22864419 bytes. Artifact ID is 11515491547
2026-10-07T22:23:03.2083476Z Artifact download URL: https://github.com/jkendall327/hydrus-mine/actions/runs/37693164411/artifacts/11515491547
2026-10-07T22:23:03.2265109Z ##[group]Run python .github/scripts/workspace_artifact_cache.py stage
2026-10-07T22:23:03.2265408Z [36;1mpython .github/scripts/workspace_artifact_cache.py stage[0m
2026-10-07T22:23:03.2355379Z shell: /usr/bin/bash --noprofile --norc -e -o pipefail {0}
2026-10-07T22:23:03.2355615Z env:
2026-10-07T22:23:03.2355741Z   CARGO_TERM_COLOR: always
2026-10-07T22:23:03.2355892Z   RUSTFLAGS: -D warnings
2026-10-07T22:23:03.2356061Z   CARGO_HOME: /home/runner/.cargo
2026-10-07T22:23:03.2356224Z   CARGO_INCREMENTAL: 0
2026-10-07T22:23:03.2356369Z   CACHE_ON_FAILURE: true
2026-10-07T22:23:03.2356508Z ##[endgroup]
2026-10-07T22:23:06.1777014Z Workspace library snapshot candidate: 292 artifact files plus input ledger, 2229763700 bytes (limit 4294967296).
2026-10-07T22:23:06.2449931Z ##[group]Run actions/cache/save@v4
2026-10-07T22:23:06.2450113Z with:
2026-10-07T22:23:06.2450250Z   path: .ci-workspace-artifacts
2026-10-07T22:23:06.2450593Z   key: hydrus-ws-v1-check-Linux-X64-32e5c06fe0e4cb32c838747d-d77d369bc1af4a8622a86a78c243de0d3c6717bd-37693164411-1
2026-10-07T22:23:06.2450969Z   enableCrossOsArchive: false
2026-10-07T22:23:06.2451121Z env:
2026-10-07T22:23:06.2451239Z   CARGO_TERM_COLOR: always
2026-10-07T22:23:06.2451392Z   RUSTFLAGS: -D warnings
2026-10-07T22:23:06.2451543Z   CARGO_HOME: /home/runner/.cargo
2026-10-07T22:23:06.2451699Z   CARGO_INCREMENTAL: 0
2026-10-07T22:23:06.2451836Z   CACHE_ON_FAILURE: true
2026-10-07T22:23:06.2452120Z ##[endgroup]
2026-10-07T22:23:06.4664786Z (node:22703) [DEP0040] DeprecationWarning: The `punycode` module is deprecated. Please use a userland alternative instead.
2026-10-07T22:23:06.4665434Z (Use `node --trace-deprecation ...` to show where the warning was created)
2026-10-07T22:23:06.4848937Z [command]/usr/bin/tar --posix -cf cache.tzst --exclude cache.tzst -P -C /home/runner/work/hydrus-mine/hydrus-mine --files-from manifest.txt --use-compress-program zstdmt
2026-10-07T22:23:08.7167149Z (node:22703) [DEP0169] DeprecationWarning: `url.parse()` behavior is not standardized and prone to errors that have security implications. Use the WHATWG URL API instead. CVEs are not issued for `url.parse()` vulnerabilities.
2026-10-07T22:23:09.7099136Z Sent 20469308 of 356013628 (5.7%), 19.5 MBs/sec
2026-10-07T22:23:10.7085234Z Sent 356013628 of 356013628 (100.0%), 169.7 MBs/sec
2026-10-07T22:23:10.9303038Z Cache saved with key: hydrus-ws-v1-check-Linux-X64-32e5c06fe0e4cb32c838747d-d77d369bc1af4a8622a86a78c243de0d3c6717bd-37693164411-1
2026-10-07T22:23:11.0441077Z Post job cleanup.
2026-10-07T22:23:11.1299121Z ##[group]Cache Configuration
2026-10-07T22:23:11.1299453Z Cache Provider:
2026-10-07T22:23:11.1299660Z     github
2026-10-07T22:23:11.1299853Z Workspaces:
2026-10-07T22:23:11.1300072Z     /home/runner/work/hydrus-mine/hydrus-mine
2026-10-07T22:23:11.1300341Z Cache Paths:
2026-10-07T22:23:11.1300541Z     /home/runner/.cargo/bin
2026-10-07T22:23:11.1300778Z     /home/runner/.cargo/.crates.toml
2026-10-07T22:23:11.1301039Z     /home/runner/.cargo/.crates2.json
2026-10-07T22:23:11.1301304Z     /home/runner/.cargo/registry
2026-10-07T22:23:11.1301545Z     /home/runner/.cargo/git
2026-10-07T22:23:11.1301809Z     /home/runner/work/hydrus-mine/hydrus-mine/target
2026-10-07T22:23:11.1302082Z Restore Key:
2026-10-07T22:23:11.1302287Z     v0-rust-check-Linux-x64-6601efbe
2026-10-07T22:23:11.1302508Z Cache Key:
2026-10-07T22:23:11.1302651Z     v0-rust-check-Linux-x64-6601efbe-115c7281
2026-10-07T22:23:11.1302861Z .. Prefix:
2026-10-07T22:23:11.1303028Z   - v0-rust-check-Linux-x64
2026-10-07T22:23:11.1303185Z .. Environment considered:
2026-10-07T22:23:11.1303330Z   - Rust Versions:
2026-10-07T22:23:11.1303539Z     - 1.94.1 x86_64-unknown-linux-gnu e408947bfd200af42db322daf0fadfe7e26d3bd1
2026-10-07T22:23:11.1303995Z     - 1.98.1 x86_64-unknown-linux-gnu 48a229ceaefd4985c50990b14116b6d856af0985
2026-10-07T22:23:11.1304330Z   - CARGO_HOME
2026-10-07T22:23:11.1304526Z   - CARGO_INCREMENTAL
2026-10-07T22:23:11.1304733Z   - CARGO_TERM_COLOR
2026-10-07T22:23:11.1304904Z   - RUSTFLAGS
2026-10-07T22:23:11.1305030Z .. Lockfiles considered:
2026-10-07T22:23:11.1305226Z   - /home/runner/work/hydrus-mine/hydrus-mine/.cargo/config.toml
2026-10-07T22:23:11.1305462Z   - /home/runner/work/hydrus-mine/hydrus-mine/Cargo.lock
2026-10-07T22:23:11.1305709Z   - /home/runner/work/hydrus-mine/hydrus-mine/crates/hydrus-api/Cargo.toml
2026-10-07T22:23:11.1305994Z   - /home/runner/work/hydrus-mine/hydrus-mine/crates/hydrus-cli/Cargo.toml
2026-10-07T22:23:11.1306281Z   - /home/runner/work/hydrus-mine/hydrus-mine/crates/hydrus-core/Cargo.toml
2026-10-07T22:23:11.1306571Z   - /home/runner/work/hydrus-mine/hydrus-mine/crates/hydrus-download/Cargo.toml
2026-10-07T22:23:11.1306894Z   - /home/runner/work/hydrus-mine/hydrus-mine/crates/hydrus-downloader-exchange/Cargo.toml
2026-10-07T22:23:11.1307217Z   - /home/runner/work/hydrus-mine/hydrus-mine/crates/hydrus-duplicates/Cargo.toml
2026-10-07T22:23:11.1307520Z   - /home/runner/work/hydrus-mine/hydrus-mine/crates/hydrus-gui-model/Cargo.toml
2026-10-07T22:23:11.1307813Z   - /home/runner/work/hydrus-mine/hydrus-mine/crates/hydrus-gui-ui/Cargo.toml
2026-10-07T22:23:11.1308091Z   - /home/runner/work/hydrus-mine/hydrus-mine/crates/hydrus-gui/Cargo.toml
2026-10-07T22:23:11.1308371Z   - /home/runner/work/hydrus-mine/hydrus-mine/crates/hydrus-import/Cargo.toml
2026-10-07T22:23:11.1308652Z   - /home/runner/work/hydrus-mine/hydrus-mine/crates/hydrus-legacy/Cargo.toml
2026-10-07T22:23:11.1309344Z   - /home/runner/work/hydrus-mine/hydrus-mine/crates/hydrus-media/Cargo.toml
2026-10-07T22:23:11.1309633Z   - /home/runner/work/hydrus-mine/hydrus-mine/crates/hydrus-net/Cargo.toml
2026-10-07T22:23:11.1309914Z   - /home/runner/work/hydrus-mine/hydrus-mine/crates/hydrus-parse/Cargo.toml
2026-10-07T22:23:11.1310197Z   - /home/runner/work/hydrus-mine/hydrus-mine/crates/hydrus-search/Cargo.toml
2026-10-07T22:23:11.1310478Z   - /home/runner/work/hydrus-mine/hydrus-mine/crates/hydrus-store/Cargo.toml
2026-10-07T22:23:11.1310762Z   - /home/runner/work/hydrus-mine/hydrus-mine/crates/hydrus-testkit/Cargo.toml
2026-10-07T22:23:11.1311034Z   - /home/runner/work/hydrus-mine/hydrus-mine/rust-toolchain.toml
2026-10-07T22:23:11.1311288Z   - /home/runner/work/hydrus-mine/hydrus-mine/xtask/Cargo.toml
2026-10-07T22:23:11.1311703Z ##[endgroup]
2026-10-07T22:23:11.1311780Z 
2026-10-07T22:23:12.6697327Z ... Cleaning /home/runner/work/hydrus-mine/hydrus-mine/target ...
2026-10-07T22:23:14.0842300Z ... Cleaning cargo registry (cache-all-crates: false) ...
2026-10-07T22:23:15.8305029Z ... Cleaning cargo/bin ...
2026-10-07T22:23:15.8329498Z ... Cleaning cargo git cache ...
2026-10-07T22:23:15.8332852Z ... Saving cache ...
2026-10-07T22:23:15.8450074Z [command]/usr/bin/tar --posix -cf cache.tzst --exclude cache.tzst -P -C /home/runner/work/hydrus-mine/hydrus-mine --files-from manifest.txt --use-compress-program zstdmt
2026-10-07T22:23:26.0934141Z Sent 0 of 835017622 (0.0%), 0.0 MBs/sec
2026-10-07T22:23:27.0935172Z Sent 536870912 of 835017622 (64.3%), 255.9 MBs/sec
2026-10-07T22:23:27.9850131Z Sent 835017622 of 835017622 (100.0%), 275.1 MBs/sec
2026-10-07T22:23:28.2385798Z Post job cleanup.
2026-10-07T22:23:28.3080606Z [command]/usr/bin/git version
2026-10-07T22:23:28.3117345Z git version 2.55.0
2026-10-07T22:23:28.3148169Z Temporarily overriding HOME='/home/runner/work/_temp/6670c8a9-2e15-4df3-88fa-27bba2f0f04d' before making global git config changes
2026-10-07T22:23:28.3148623Z Adding repository directory to the temporary git global config as a safe directory
2026-10-07T22:23:28.3152952Z [command]/usr/bin/git config --global --add safe.directory /home/runner/work/hydrus-mine/hydrus-mine
2026-10-07T22:23:28.3188766Z [command]/usr/bin/git config --local --name-only --get-regexp core\.sshCommand
2026-10-07T22:23:28.3219557Z [command]/usr/bin/git submodule foreach --recursive sh -c "git config --local --name-only --get-regexp 'core\.sshCommand' && git config --local --unset-all 'core.sshCommand' || :"
2026-10-07T22:23:28.3482401Z [command]/usr/bin/git config --local --name-only --get-regexp http\.https\:\/\/github\.com\/\.extraheader
2026-10-07T22:23:28.3506080Z http.https://github.com/.extraheader
2026-10-07T22:23:28.3513303Z [command]/usr/bin/git config --local --unset-all http.https://github.com/.extraheader
2026-10-07T22:23:28.3541751Z [command]/usr/bin/git submodule foreach --recursive sh -c "git config --local --name-only --get-regexp 'http\.https\:\/\/github\.com\/\.extraheader' && git config --local --unset-all 'http.https://github.com/.extraheader' || :"
2026-10-07T22:23:28.3721871Z [command]/usr/bin/git config --local --name-only --get-regexp ^includeIf\.gitdir:
2026-10-07T22:23:28.3746441Z [command]/usr/bin/git submodule foreach --recursive git config --local --show-origin --name-only --get-regexp remote.origin.url
2026-10-07T22:23:28.4091275Z Cleaning up orphan processes
2026-10-07T22:23:28.4667776Z ##[warning]Node.js 20 is deprecated. The following actions target Node.js 20 but are being forced to run on Node.js 24: actions/cache/restore@v4, actions/cache/save@v4, actions/checkout@v4, actions/upload-artifact@v4. For more information see: https://github.blog/changelog/2025-09-19-deprecation-of-node-20-on-github-actions-runners/
