2026-10-08T03:35:11.3295054Z Current runner version: '2.337.0'
2026-10-08T03:35:11.3329855Z ##[group]Runner Image Provisioner
2026-10-08T03:35:11.3331328Z Hosted Compute Agent
2026-10-08T03:35:11.3332276Z Version: 20260901.588
2026-10-08T03:35:11.3333254Z Commit: f88ec8081b781fac6c440065ac7ff9e710ce3d0b
2026-10-08T03:35:11.3334956Z Build Date: 2026-09-01T19:56:44Z
2026-10-08T03:35:11.3336106Z Worker ID: {dd573e45-4b6d-4208-81c9-d783de9d11e9}
2026-10-08T03:35:11.3337386Z Azure Region: eastus
2026-10-08T03:35:11.3338490Z ##[endgroup]
2026-10-08T03:35:11.3341396Z ##[group]Operating System
2026-10-08T03:35:11.3342641Z Ubuntu
2026-10-08T03:35:11.3343496Z 24.04.5
2026-10-08T03:35:11.3344778Z LTS
2026-10-08T03:35:11.3345648Z ##[endgroup]
2026-10-08T03:35:11.3346479Z ##[group]Runner Image
2026-10-08T03:35:11.3348456Z Image: ubuntu-24.04
2026-10-08T03:35:11.3349384Z Version: 20260927.320.1
2026-10-08T03:35:11.3351468Z Included Software: https://github.com/actions/runner-images/blob/ubuntu24/20260927.320/images/ubuntu/Ubuntu2404-Readme.md
2026-10-08T03:35:11.3354257Z Image Release: https://github.com/actions/runner-images/releases/tag/ubuntu24%2F20260927.320
2026-10-08T03:35:11.3355854Z ##[endgroup]
2026-10-08T03:35:11.3357260Z ##[group]GITHUB_TOKEN Permissions
2026-10-08T03:35:11.3359411Z Contents: read
2026-10-08T03:35:11.3360032Z Metadata: read
2026-10-08T03:35:11.3360730Z Packages: read
2026-10-08T03:35:11.3361277Z ##[endgroup]
2026-10-08T03:35:11.3363724Z Secret source: Actions
2026-10-08T03:35:11.3365098Z Cache mode: write
2026-10-08T03:35:11.3365927Z Prepare workflow directory
2026-10-08T03:35:11.3771237Z Prepare all required actions
2026-10-08T03:35:11.3821227Z Getting action download info
2026-10-08T03:35:11.5947311Z Download action repository 'actions/checkout@v4' (SHA:11d5960a326750d5838078e36cf38b85af677262)
2026-10-08T03:35:11.6923108Z Download action repository 'dtolnay/rust-toolchain@master' (SHA:7e38f4b43b4db5c8dd498af069a4f6196df1d067)
2026-10-08T03:35:11.7787505Z Download action repository 'Swatinem/rust-cache@v2' (SHA:6323deb102c322ba6fcbdcafc7e3dddab59af2b6)
2026-10-08T03:35:11.9392966Z Download action repository 'actions/cache@v4' (SHA:0057852bfaa89a56745cba8c7296529d2fc39830)
2026-10-08T03:35:12.0380873Z Download action repository 'actions/upload-artifact@v4' (SHA:ea165f8d65b6e75b540449e92b4886f43607fa02)
2026-10-08T03:35:12.3019573Z Complete job name: check
2026-10-08T03:35:12.3955434Z ##[group]Run actions/checkout@v4
2026-10-08T03:35:12.3956393Z with:
2026-10-08T03:35:12.3956842Z   repository: jkendall327/hydrus-mine
2026-10-08T03:35:12.3960916Z   token: ***
2026-10-08T03:35:12.3961348Z   ssh-strict: true
2026-10-08T03:35:12.3961782Z   ssh-user: git
2026-10-08T03:35:12.3962228Z   persist-credentials: true
2026-10-08T03:35:12.3962717Z   clean: true
2026-10-08T03:35:12.3963162Z   sparse-checkout-cone-mode: true
2026-10-08T03:35:12.3963689Z   fetch-depth: 1
2026-10-08T03:35:12.3964115Z   fetch-tags: false
2026-10-08T03:35:12.3964748Z   show-progress: true
2026-10-08T03:35:12.3965222Z   lfs: false
2026-10-08T03:35:12.3965635Z   submodules: false
2026-10-08T03:35:12.3966106Z   set-safe-directory: true
2026-10-08T03:35:12.3966598Z   allow-unsafe-pr-checkout: false
2026-10-08T03:35:12.3967389Z env:
2026-10-08T03:35:12.3967811Z   CARGO_TERM_COLOR: always
2026-10-08T03:35:12.3968314Z   RUSTFLAGS: -D warnings
2026-10-08T03:35:12.3968771Z ##[endgroup]
2026-10-08T03:35:12.5006311Z Syncing repository: jkendall327/hydrus-mine
2026-10-08T03:35:12.5008227Z ##[group]Getting Git version info
2026-10-08T03:35:12.5008994Z Working directory is '/home/runner/work/hydrus-mine/hydrus-mine'
2026-10-08T03:35:12.5010024Z [command]/usr/bin/git version
2026-10-08T03:35:12.5060340Z git version 2.55.0
2026-10-08T03:35:12.5082830Z ##[endgroup]
2026-10-08T03:35:12.5099976Z Temporarily overriding HOME='/home/runner/work/_temp/26c9921b-2b8a-4555-b876-b227195916f8' before making global git config changes
2026-10-08T03:35:12.5102437Z Adding repository directory to the temporary git global config as a safe directory
2026-10-08T03:35:12.5106986Z [command]/usr/bin/git config --global --add safe.directory /home/runner/work/hydrus-mine/hydrus-mine
2026-10-08T03:35:12.5157863Z Deleting the contents of '/home/runner/work/hydrus-mine/hydrus-mine'
2026-10-08T03:35:12.5161785Z ##[group]Initializing the repository
2026-10-08T03:35:12.5165969Z [command]/usr/bin/git init /home/runner/work/hydrus-mine/hydrus-mine
2026-10-08T03:35:12.5287954Z hint: Using 'master' as the name for the initial branch. This default branch name
2026-10-08T03:35:12.5289833Z hint: will change to "main" in Git 3.0. To configure the initial branch name
2026-10-08T03:35:12.5291256Z hint: to use in all of your new repositories, which will suppress this warning,
2026-10-08T03:35:12.5292881Z hint: call:
2026-10-08T03:35:12.5294022Z hint:
2026-10-08T03:35:12.5295493Z hint: 	git config --global init.defaultBranch <name>
2026-10-08T03:35:12.5296478Z hint:
2026-10-08T03:35:12.5297370Z hint: Names commonly chosen instead of 'master' are 'main', 'trunk' and
2026-10-08T03:35:12.5298687Z hint: 'development'. The just-created branch can be renamed via this command:
2026-10-08T03:35:12.5300255Z hint:
2026-10-08T03:35:12.5301306Z hint: 	git branch -m <name>
2026-10-08T03:35:12.5302167Z hint:
2026-10-08T03:35:12.5303058Z hint: Disable this message with "git config set advice.defaultBranchName false"
2026-10-08T03:35:12.5304761Z Initialized empty Git repository in /home/runner/work/hydrus-mine/hydrus-mine/.git/
2026-10-08T03:35:12.5308012Z [command]/usr/bin/git remote add origin https://github.com/jkendall327/hydrus-mine
2026-10-08T03:35:12.5353478Z ##[endgroup]
2026-10-08T03:35:12.5354287Z ##[group]Disabling automatic garbage collection
2026-10-08T03:35:12.5358758Z [command]/usr/bin/git config --local gc.auto 0
2026-10-08T03:35:12.5393149Z ##[endgroup]
2026-10-08T03:35:12.5393886Z ##[group]Setting up auth
2026-10-08T03:35:12.5401051Z [command]/usr/bin/git config --local --name-only --get-regexp core\.sshCommand
2026-10-08T03:35:12.5433659Z [command]/usr/bin/git submodule foreach --recursive sh -c "git config --local --name-only --get-regexp 'core\.sshCommand' && git config --local --unset-all 'core.sshCommand' || :"
2026-10-08T03:35:12.5781224Z [command]/usr/bin/git config --local --name-only --get-regexp http\.https\:\/\/github\.com\/\.extraheader
2026-10-08T03:35:12.5816432Z [command]/usr/bin/git submodule foreach --recursive sh -c "git config --local --name-only --get-regexp 'http\.https\:\/\/github\.com\/\.extraheader' && git config --local --unset-all 'http.https://github.com/.extraheader' || :"
2026-10-08T03:35:12.6039495Z [command]/usr/bin/git config --local --name-only --get-regexp ^includeIf\.gitdir:
2026-10-08T03:35:12.6073165Z [command]/usr/bin/git submodule foreach --recursive git config --local --show-origin --name-only --get-regexp remote.origin.url
2026-10-08T03:35:12.6297688Z [command]/usr/bin/git config --local http.https://github.com/.extraheader AUTHORIZATION: basic ***
2026-10-08T03:35:12.6335463Z ##[endgroup]
2026-10-08T03:35:12.6337094Z ##[group]Fetching the repository
2026-10-08T03:35:12.6346481Z [command]/usr/bin/git -c protocol.version=2 fetch --no-tags --prune --no-recurse-submodules --depth=1 origin +e00ddab707e031bb3a8feaa619dbe18c26a3a6fa:refs/remotes/origin/codex/validation-runner
2026-10-08T03:35:26.8632043Z From https://github.com/jkendall327/hydrus-mine
2026-10-08T03:35:26.8632914Z  * [new ref]         e00ddab707e031bb3a8feaa619dbe18c26a3a6fa -> origin/codex/validation-runner
2026-10-08T03:35:26.8637124Z ##[endgroup]
2026-10-08T03:35:26.8637893Z ##[group]Determining the checkout info
2026-10-08T03:35:26.8640184Z ##[endgroup]
2026-10-08T03:35:26.8646062Z [command]/usr/bin/git sparse-checkout disable
2026-10-08T03:35:26.8697488Z [command]/usr/bin/git config --local --unset-all extensions.worktreeConfig
2026-10-08T03:35:26.8727111Z ##[group]Checking out the ref
2026-10-08T03:35:26.8732957Z [command]/usr/bin/git checkout --progress --force -B codex/validation-runner refs/remotes/origin/codex/validation-runner
2026-10-08T03:35:27.8880989Z Updating files:  74% (4408/5917)
2026-10-08T03:35:27.9026705Z Updating files:  75% (4438/5917)
2026-10-08T03:35:27.9089103Z Updating files:  76% (4497/5917)
2026-10-08T03:35:27.9238272Z Updating files:  77% (4557/5917)
2026-10-08T03:35:27.9297029Z Updating files:  78% (4616/5917)
2026-10-08T03:35:27.9339442Z Updating files:  79% (4675/5917)
2026-10-08T03:35:27.9394401Z Updating files:  80% (4734/5917)
2026-10-08T03:35:27.9461732Z Updating files:  81% (4793/5917)
2026-10-08T03:35:27.9573120Z Updating files:  82% (4852/5917)
2026-10-08T03:35:27.9663453Z Updating files:  83% (4912/5917)
2026-10-08T03:35:27.9736983Z Updating files:  84% (4971/5917)
2026-10-08T03:35:27.9758387Z Updating files:  85% (5030/5917)
2026-10-08T03:35:27.9883505Z Updating files:  86% (5089/5917)
2026-10-08T03:35:27.9988213Z Updating files:  87% (5148/5917)
2026-10-08T03:35:28.0092416Z Updating files:  88% (5207/5917)
2026-10-08T03:35:28.0135796Z Updating files:  89% (5267/5917)
2026-10-08T03:35:28.0179037Z Updating files:  90% (5326/5917)
2026-10-08T03:35:28.0220529Z Updating files:  91% (5385/5917)
2026-10-08T03:35:28.0263684Z Updating files:  92% (5444/5917)
2026-10-08T03:35:28.0319620Z Updating files:  93% (5503/5917)
2026-10-08T03:35:28.0462851Z Updating files:  94% (5562/5917)
2026-10-08T03:35:28.0906577Z Updating files:  95% (5622/5917)
2026-10-08T03:35:28.0949237Z Updating files:  96% (5681/5917)
2026-10-08T03:35:28.0992459Z Updating files:  97% (5740/5917)
2026-10-08T03:35:28.1019972Z Updating files:  98% (5799/5917)
2026-10-08T03:35:28.1114896Z Updating files:  99% (5858/5917)
2026-10-08T03:35:28.1115761Z Updating files: 100% (5917/5917)
2026-10-08T03:35:28.1116500Z Updating files: 100% (5917/5917), done.
2026-10-08T03:35:28.1229502Z Switched to a new branch 'codex/validation-runner'
2026-10-08T03:35:28.1235570Z branch 'codex/validation-runner' set up to track 'origin/codex/validation-runner'.
2026-10-08T03:35:28.1311817Z ##[endgroup]
2026-10-08T03:35:28.1358110Z [command]/usr/bin/git log -1 --format=%H
2026-10-08T03:35:28.1384936Z e00ddab707e031bb3a8feaa619dbe18c26a3a6fa
2026-10-08T03:35:28.1753014Z ##[group]Run dtolnay/rust-toolchain@master
2026-10-08T03:35:28.1753390Z with:
2026-10-08T03:35:28.1753589Z   toolchain: 1.94
2026-10-08T03:35:28.1753814Z   components: rustfmt, clippy
2026-10-08T03:35:28.1754048Z env:
2026-10-08T03:35:28.1754234Z   CARGO_TERM_COLOR: always
2026-10-08T03:35:28.1754713Z   RUSTFLAGS: -D warnings
2026-10-08T03:35:28.1754954Z ##[endgroup]
2026-10-08T03:35:28.1822396Z ##[start-action display=Parse toolchain version;id=__dtolnay_rust-toolchain.parse]
2026-10-08T03:35:28.1883086Z ##[group]Run if [[ -z $toolchain ]]; then
2026-10-08T03:35:28.1883503Z [36;1mif [[ -z $toolchain ]]; then[0m
2026-10-08T03:35:28.1884077Z [36;1m  # GitHub does not enforce `required: true` inputs itself. https://github.com/actions/runner/issues/1070[0m
2026-10-08T03:35:28.1884869Z [36;1m  echo "'toolchain' is a required input" >&2[0m
2026-10-08T03:35:28.1885186Z [36;1m  exit 1[0m
2026-10-08T03:35:28.1885597Z [36;1melif [[ $toolchain =~ ^stable' '[0-9]+' '(year|month|week|day)s?' 'ago$ ]]; then[0m
2026-10-08T03:35:28.1886054Z [36;1m  if [[ Linux == macOS ]]; then[0m
2026-10-08T03:35:28.1886621Z [36;1m    echo "toolchain=1.$((($(date -v-$(sed 's/stable \([0-9]*\) \(.\).*/\1\2/' <<< $toolchain) +%s)/60/60/24-16569)/7/6))" >> $GITHUB_OUTPUT[0m
2026-10-08T03:35:28.1887171Z [36;1m  else[0m
2026-10-08T03:35:28.1887618Z [36;1m    echo "toolchain=1.$((($(date --date "${toolchain#stable }" +%s)/60/60/24-16569)/7/6))" >> $GITHUB_OUTPUT[0m
2026-10-08T03:35:28.1888086Z [36;1m  fi[0m
2026-10-08T03:35:28.1888384Z [36;1melif [[ $toolchain =~ ^stable' 'minus' '[0-9]+' 'releases?$ ]]; then[0m
2026-10-08T03:35:28.1888932Z [36;1m  echo "toolchain=1.$((($(date +%s)/60/60/24-16569)/7/6-${toolchain//[^0-9]/}))" >> $GITHUB_OUTPUT[0m
2026-10-08T03:35:28.1889403Z [36;1melif [[ $toolchain =~ ^1\.[0-9]+$ ]]; then[0m
2026-10-08T03:35:28.1889982Z [36;1m  echo "toolchain=1.$((i=${toolchain#1.}, c=($(date +%s)/60/60/24-16569)/7/6, i+9*i*(10*i<=c)+90*i*(100*i<=c)))" >> $GITHUB_OUTPUT[0m
2026-10-08T03:35:28.1890497Z [36;1melse[0m
2026-10-08T03:35:28.1890972Z [36;1m  echo "toolchain=$toolchain" >> $GITHUB_OUTPUT[0m
2026-10-08T03:35:28.1891285Z [36;1mfi[0m
2026-10-08T03:35:28.2147598Z shell: /usr/bin/bash --noprofile --norc -e -o pipefail {0}
2026-10-08T03:35:28.2148076Z env:
2026-10-08T03:35:28.2148325Z   CARGO_TERM_COLOR: always
2026-10-08T03:35:28.2148624Z   RUSTFLAGS: -D warnings
2026-10-08T03:35:28.2148899Z   toolchain: 1.94
2026-10-08T03:35:28.2149146Z ##[endgroup]
2026-10-08T03:35:28.2310337Z ##[end-action id=__dtolnay_rust-toolchain.parse;outcome=success;conclusion=success;duration_ms=48]
2026-10-08T03:35:28.2325097Z ##[start-action display=Construct rustup command line;id=__dtolnay_rust-toolchain.flags]
2026-10-08T03:35:28.2356593Z ##[group]Run echo "targets=$(for t in ${targets//,/ }; do echo -n ' --target' $t; done)" >> $GITHUB_OUTPUT
2026-10-08T03:35:28.2357297Z [36;1mecho "targets=$(for t in ${targets//,/ }; do echo -n ' --target' $t; done)" >> $GITHUB_OUTPUT[0m
2026-10-08T03:35:28.2357957Z [36;1mecho "components=$(for c in ${components//,/ }; do echo -n ' --component' $c; done)" >> $GITHUB_OUTPUT[0m
2026-10-08T03:35:28.2358477Z [36;1mecho "downgrade=" >> $GITHUB_OUTPUT[0m
2026-10-08T03:35:28.2422283Z shell: /usr/bin/bash --noprofile --norc -e -o pipefail {0}
2026-10-08T03:35:28.2422633Z env:
2026-10-08T03:35:28.2422841Z   CARGO_TERM_COLOR: always
2026-10-08T03:35:28.2423084Z   RUSTFLAGS: -D warnings
2026-10-08T03:35:28.2423306Z   targets: 
2026-10-08T03:35:28.2423511Z   components: rustfmt, clippy
2026-10-08T03:35:28.2423749Z ##[endgroup]
2026-10-08T03:35:28.2529103Z ##[end-action id=__dtolnay_rust-toolchain.flags;outcome=success;conclusion=success;duration_ms=20]
2026-10-08T03:35:28.2531828Z ##[start-action display=Set $CARGO_HOME;id=__dtolnay_rust-toolchain.__run]
2026-10-08T03:35:28.2585937Z ##[group]Run echo CARGO_HOME=${CARGO_HOME:-"$HOME/.cargo"} >> $GITHUB_ENV
2026-10-08T03:35:28.2586832Z [36;1mecho CARGO_HOME=${CARGO_HOME:-"$HOME/.cargo"} >> $GITHUB_ENV[0m
2026-10-08T03:35:28.2652068Z shell: /usr/bin/bash --noprofile --norc -e -o pipefail {0}
2026-10-08T03:35:28.2652460Z env:
2026-10-08T03:35:28.2652698Z   CARGO_TERM_COLOR: always
2026-10-08T03:35:28.2653023Z   RUSTFLAGS: -D warnings
2026-10-08T03:35:28.2653252Z ##[endgroup]
2026-10-08T03:35:28.2751180Z ##[end-action id=__dtolnay_rust-toolchain.__run;outcome=success;conclusion=success;duration_ms=21]
2026-10-08T03:35:28.2753882Z ##[start-action display=Install rustup if needed;id=__dtolnay_rust-toolchain.__run_2]
2026-10-08T03:35:28.2783371Z ##[group]Run if ! command -v rustup &>/dev/null; then
2026-10-08T03:35:28.2783765Z [36;1mif ! command -v rustup &>/dev/null; then[0m
2026-10-08T03:35:28.2784895Z [36;1m  curl --proto '=https' --tlsv1.2 --retry 10 --retry-connrefused --location --silent --show-error --fail https://sh.rustup.rs | sh -s -- --default-toolchain none -y[0m
2026-10-08T03:35:28.2785675Z [36;1m  echo "$CARGO_HOME/bin" >> $GITHUB_PATH[0m
2026-10-08T03:35:28.2785957Z [36;1mfi[0m
2026-10-08T03:35:28.2849976Z shell: /usr/bin/bash --noprofile --norc -e -o pipefail {0}
2026-10-08T03:35:28.2850353Z env:
2026-10-08T03:35:28.2850563Z   CARGO_TERM_COLOR: always
2026-10-08T03:35:28.2850808Z   RUSTFLAGS: -D warnings
2026-10-08T03:35:28.2851054Z   CARGO_HOME: /home/runner/.cargo
2026-10-08T03:35:28.2851324Z ##[endgroup]
2026-10-08T03:35:28.2944316Z ##[end-action id=__dtolnay_rust-toolchain.__run_2;outcome=success;conclusion=success;duration_ms=18]
2026-10-08T03:35:28.2947590Z ##[start-action display=Install rustup if needed on windows;id=__dtolnay_rust-toolchain.__run_3]
2026-10-08T03:35:28.2956302Z ##[end-action id=__dtolnay_rust-toolchain.__run_3;outcome=skipped;conclusion=skipped;duration_ms=0]
2026-10-08T03:35:28.2968878Z ##[start-action display=rustup toolchain install 1.94;id=__dtolnay_rust-toolchain.__run_4]
2026-10-08T03:35:28.2991293Z ##[group]Run log=$(mktemp)
2026-10-08T03:35:28.2991580Z [36;1mlog=$(mktemp)[0m
2026-10-08T03:35:28.2991824Z [36;1mtrap 'rm -f "$log"' EXIT[0m
2026-10-08T03:35:28.2992105Z [36;1mfor attempt in 1 2 3 4 5; do[0m
2026-10-08T03:35:28.2992941Z [36;1m  if rustup toolchain install 1.94 --component rustfmt --component clippy --profile minimal --no-self-update --force-non-host 2>&1 | tee "$log"; then[0m
2026-10-08T03:35:28.2993593Z [36;1m    break[0m
2026-10-08T03:35:28.2993802Z [36;1m  else[0m
2026-10-08T03:35:28.2994000Z [36;1m    status=$?[0m
2026-10-08T03:35:28.2994218Z [36;1m  fi[0m
2026-10-08T03:35:28.2994764Z [36;1m  if [[ $attempt == 5 ]] || ! grep -Fq 'checksum failed for ' "$log" \[0m
2026-10-08T03:35:28.2995349Z [36;1m      || ! grep -Fq 'this is likely due to an ongoing update of the official release server' "$log"; then[0m
2026-10-08T03:35:28.2995818Z [36;1m    exit "$status"[0m
2026-10-08T03:35:28.2996048Z [36;1m  fi[0m
2026-10-08T03:35:28.2996410Z [36;1m  echo "Retrying rustup toolchain install in 30 seconds (retry $attempt of 4)" >&2[0m
2026-10-08T03:35:28.2996838Z [36;1m  sleep 30[0m
2026-10-08T03:35:28.2997053Z [36;1mdone[0m
2026-10-08T03:35:28.3061178Z shell: /usr/bin/bash --noprofile --norc -e -o pipefail {0}
2026-10-08T03:35:28.3061562Z env:
2026-10-08T03:35:28.3061777Z   CARGO_TERM_COLOR: always
2026-10-08T03:35:28.3062024Z   RUSTFLAGS: -D warnings
2026-10-08T03:35:28.3062267Z   CARGO_HOME: /home/runner/.cargo
2026-10-08T03:35:28.3062534Z   RUSTUP_PERMIT_COPY_RENAME: 1
2026-10-08T03:35:28.3062779Z ##[endgroup]
2026-10-08T03:35:28.3568868Z info: syncing channel updates for 1.94-x86_64-unknown-linux-gnu
2026-10-08T03:35:28.5602159Z info: latest update on 2026-03-26 for version 1.94.1 (e408947bf 2026-03-25)
2026-10-08T03:35:28.5602868Z info: downloading 5 components
2026-10-08T03:35:36.5625969Z 
2026-10-08T03:35:36.5698341Z   1.94-x86_64-unknown-linux-gnu installed - rustc 1.94.1 (e408947bf 2026-03-25)
2026-10-08T03:35:36.5698943Z 
2026-10-08T03:35:36.5772228Z ##[end-action id=__dtolnay_rust-toolchain.__run_4;outcome=success;conclusion=success;duration_ms=8280]
2026-10-08T03:35:36.5783833Z ##[start-action display=rustup default 1.94;id=__dtolnay_rust-toolchain.__run_5]
2026-10-08T03:35:36.5820715Z ##[group]Run rustup default 1.94 --force-non-host
2026-10-08T03:35:36.5821391Z [36;1mrustup default 1.94 --force-non-host[0m
2026-10-08T03:35:36.5912537Z shell: /usr/bin/bash --noprofile --norc -e -o pipefail {0}
2026-10-08T03:35:36.5913151Z env:
2026-10-08T03:35:36.5913496Z   CARGO_TERM_COLOR: always
2026-10-08T03:35:36.5913924Z   RUSTFLAGS: -D warnings
2026-10-08T03:35:36.5914346Z   CARGO_HOME: /home/runner/.cargo
2026-10-08T03:35:36.5915081Z ##[endgroup]
2026-10-08T03:35:36.6061401Z info: using existing install for 1.94-x86_64-unknown-linux-gnu
2026-10-08T03:35:36.6068269Z info: default toolchain set to 1.94-x86_64-unknown-linux-gnu
2026-10-08T03:35:36.6068766Z 
2026-10-08T03:35:36.6142157Z   1.94-x86_64-unknown-linux-gnu unchanged - rustc 1.94.1 (e408947bf 2026-03-25)
2026-10-08T03:35:36.6142801Z 
2026-10-08T03:35:36.6143744Z info: note that the toolchain '1.94-x86_64-unknown-linux-gnu' is currently in use (overridden by '/home/runner/work/hydrus-mine/hydrus-mine/rust-toolchain.toml')
2026-10-08T03:35:36.6160894Z ##[end-action id=__dtolnay_rust-toolchain.__run_5;outcome=success;conclusion=success;duration_ms=37]
2026-10-08T03:35:36.6163659Z ##[start-action display=Create cachekey;id=__dtolnay_rust-toolchain.rustc-version]
2026-10-08T03:35:36.6186843Z ##[group]Run DATE=$(rustc +1.94 --version --verbose | sed -ne 's/^commit-date: \(20[0-9][0-9]\)-\([01][0-9]\)-\([0-3][0-9]\)$/\1\2\3/p')
2026-10-08T03:35:36.6187684Z [36;1mDATE=$(rustc +1.94 --version --verbose | sed -ne 's/^commit-date: \(20[0-9][0-9]\)-\([01][0-9]\)-\([0-3][0-9]\)$/\1\2\3/p')[0m
2026-10-08T03:35:36.6188318Z [36;1mHASH=$(rustc +1.94 --version --verbose | sed -ne 's/^commit-hash: //p')[0m
2026-10-08T03:35:36.6188806Z [36;1mecho "cachekey=$(echo $DATE$HASH | head -c12)" >> $GITHUB_OUTPUT[0m
2026-10-08T03:35:36.6253149Z shell: /usr/bin/bash --noprofile --norc -e -o pipefail {0}
2026-10-08T03:35:36.6253503Z env:
2026-10-08T03:35:36.6253707Z   CARGO_TERM_COLOR: always
2026-10-08T03:35:36.6253977Z   RUSTFLAGS: -D warnings
2026-10-08T03:35:36.6254405Z   CARGO_HOME: /home/runner/.cargo
2026-10-08T03:35:36.6254979Z ##[endgroup]
2026-10-08T03:35:36.6621586Z ##[end-action id=__dtolnay_rust-toolchain.rustc-version;outcome=success;conclusion=success;duration_ms=45]
2026-10-08T03:35:36.6624442Z ##[start-action display=Disable incremental compilation;id=__dtolnay_rust-toolchain.__run_6]
2026-10-08T03:35:36.6646024Z ##[group]Run if [ -z "${CARGO_INCREMENTAL+set}" ]; then
2026-10-08T03:35:36.6646432Z [36;1mif [ -z "${CARGO_INCREMENTAL+set}" ]; then[0m
2026-10-08T03:35:36.6646766Z [36;1m  echo CARGO_INCREMENTAL=0 >> $GITHUB_ENV[0m
2026-10-08T03:35:36.6647055Z [36;1mfi[0m
2026-10-08T03:35:36.6714271Z shell: /usr/bin/bash --noprofile --norc -e -o pipefail {0}
2026-10-08T03:35:36.6714892Z env:
2026-10-08T03:35:36.6715098Z   CARGO_TERM_COLOR: always
2026-10-08T03:35:36.6715347Z   RUSTFLAGS: -D warnings
2026-10-08T03:35:36.6715594Z   CARGO_HOME: /home/runner/.cargo
2026-10-08T03:35:36.6715863Z ##[endgroup]
2026-10-08T03:35:36.6811387Z ##[end-action id=__dtolnay_rust-toolchain.__run_6;outcome=success;conclusion=success;duration_ms=18]
2026-10-08T03:35:36.6813965Z ##[start-action display=Enable colors in Cargo output;id=__dtolnay_rust-toolchain.__run_7]
2026-10-08T03:35:36.6834854Z ##[group]Run if [ -z "${CARGO_TERM_COLOR+set}" ]; then
2026-10-08T03:35:36.6835247Z [36;1mif [ -z "${CARGO_TERM_COLOR+set}" ]; then[0m
2026-10-08T03:35:36.6835592Z [36;1m  echo CARGO_TERM_COLOR=always >> $GITHUB_ENV[0m
2026-10-08T03:35:36.6835888Z [36;1mfi[0m
2026-10-08T03:35:36.6900225Z shell: /usr/bin/bash --noprofile --norc -e -o pipefail {0}
2026-10-08T03:35:36.6900573Z env:
2026-10-08T03:35:36.6900775Z   CARGO_TERM_COLOR: always
2026-10-08T03:35:36.6901022Z   RUSTFLAGS: -D warnings
2026-10-08T03:35:36.6901265Z   CARGO_HOME: /home/runner/.cargo
2026-10-08T03:35:36.6901521Z   CARGO_INCREMENTAL: 0
2026-10-08T03:35:36.6901737Z ##[endgroup]
2026-10-08T03:35:36.6995641Z ##[end-action id=__dtolnay_rust-toolchain.__run_7;outcome=success;conclusion=success;duration_ms=18]
2026-10-08T03:35:36.6998186Z ##[start-action display=Enable Cargo sparse registry;id=__dtolnay_rust-toolchain.__run_8]
2026-10-08T03:35:36.7020047Z ##[group]Run # implemented in 1.66, stabilized in 1.68, made default in 1.70
2026-10-08T03:35:36.7020578Z [36;1m# implemented in 1.66, stabilized in 1.68, made default in 1.70[0m
2026-10-08T03:35:36.7021300Z [36;1mif [ -z "${CARGO_REGISTRIES_CRATES_IO_PROTOCOL+set}" -o -f "/home/runner/work/_temp"/.implicit_cargo_registries_crates_io_protocol ]; then[0m
2026-10-08T03:35:36.7022025Z [36;1m  if rustc +1.94 --version --verbose | grep -q '^release: 1\.6[89]\.'; then[0m
2026-10-08T03:35:36.7022602Z [36;1m    touch "/home/runner/work/_temp"/.implicit_cargo_registries_crates_io_protocol || true[0m
2026-10-08T03:35:36.7023150Z [36;1m    echo CARGO_REGISTRIES_CRATES_IO_PROTOCOL=sparse >> $GITHUB_ENV[0m
2026-10-08T03:35:36.7023643Z [36;1m  elif rustc +1.94 --version --verbose | grep -q '^release: 1\.6[67]\.'; then[0m
2026-10-08T03:35:36.7024218Z [36;1m    touch "/home/runner/work/_temp"/.implicit_cargo_registries_crates_io_protocol || true[0m
2026-10-08T03:35:36.7025110Z [36;1m    echo CARGO_REGISTRIES_CRATES_IO_PROTOCOL=git >> $GITHUB_ENV[0m
2026-10-08T03:35:36.7025465Z [36;1m  fi[0m
2026-10-08T03:35:36.7025658Z [36;1mfi[0m
2026-10-08T03:35:36.7091125Z shell: /usr/bin/bash --noprofile --norc -e -o pipefail {0}
2026-10-08T03:35:36.7091470Z env:
2026-10-08T03:35:36.7091677Z   CARGO_TERM_COLOR: always
2026-10-08T03:35:36.7091918Z   RUSTFLAGS: -D warnings
2026-10-08T03:35:36.7092159Z   CARGO_HOME: /home/runner/.cargo
2026-10-08T03:35:36.7092411Z   CARGO_INCREMENTAL: 0
2026-10-08T03:35:36.7092625Z ##[endgroup]
2026-10-08T03:35:36.7427695Z ##[end-action id=__dtolnay_rust-toolchain.__run_8;outcome=success;conclusion=success;duration_ms=42]
2026-10-08T03:35:36.7430554Z ##[start-action display=Work around spurious network errors in curl 8.0;id=__dtolnay_rust-toolchain.__run_9]
2026-10-08T03:35:36.7465819Z ##[group]Run # https://rust-lang.zulipchat.com/#narrow/stream/246057-t-cargo/topic/timeout.20investigation
2026-10-08T03:35:36.7466761Z [36;1m# https://rust-lang.zulipchat.com/#narrow/stream/246057-t-cargo/topic/timeout.20investigation[0m
2026-10-08T03:35:36.7467376Z [36;1mif rustc +1.94 --version --verbose | grep -q '^release: 1\.7[01]\.'; then[0m
2026-10-08T03:35:36.7467841Z [36;1m  echo CARGO_HTTP_MULTIPLEXING=false >> $GITHUB_ENV[0m
2026-10-08T03:35:36.7468182Z [36;1mfi[0m
2026-10-08T03:35:36.7535820Z shell: /usr/bin/bash --noprofile --norc -e -o pipefail {0}
2026-10-08T03:35:36.7536405Z env:
2026-10-08T03:35:36.7536705Z   CARGO_TERM_COLOR: always
2026-10-08T03:35:36.7537075Z   RUSTFLAGS: -D warnings
2026-10-08T03:35:36.7537515Z   CARGO_HOME: /home/runner/.cargo
2026-10-08T03:35:36.7537882Z   CARGO_INCREMENTAL: 0
2026-10-08T03:35:36.7538241Z ##[endgroup]
2026-10-08T03:35:36.7761440Z ##[end-action id=__dtolnay_rust-toolchain.__run_9;outcome=success;conclusion=success;duration_ms=32]
2026-10-08T03:35:36.7766562Z ##[start-action display=rustc +1.94 --version --verbose;id=__dtolnay_rust-toolchain.__run_10]
2026-10-08T03:35:36.7788071Z ##[group]Run rustc +1.94 --version --verbose
2026-10-08T03:35:36.7788406Z [36;1mrustc +1.94 --version --verbose[0m
2026-10-08T03:35:36.7855338Z shell: /usr/bin/bash --noprofile --norc -e -o pipefail {0}
2026-10-08T03:35:36.7855701Z env:
2026-10-08T03:35:36.7855906Z   CARGO_TERM_COLOR: always
2026-10-08T03:35:36.7856150Z   RUSTFLAGS: -D warnings
2026-10-08T03:35:36.7856394Z   CARGO_HOME: /home/runner/.cargo
2026-10-08T03:35:36.7856647Z   CARGO_INCREMENTAL: 0
2026-10-08T03:35:36.7856867Z ##[endgroup]
2026-10-08T03:35:36.8054930Z rustc 1.94.1 (e408947bf 2026-03-25)
2026-10-08T03:35:36.8055636Z binary: rustc
2026-10-08T03:35:36.8056102Z commit-hash: e408947bfd200af42db322daf0fadfe7e26d3bd1
2026-10-08T03:35:36.8056651Z commit-date: 2026-03-25
2026-10-08T03:35:36.8056981Z host: x86_64-unknown-linux-gnu
2026-10-08T03:35:36.8057229Z release: 1.94.1
2026-10-08T03:35:36.8057445Z LLVM version: 21.1.8
2026-10-08T03:35:36.8076752Z ##[end-action id=__dtolnay_rust-toolchain.__run_10;outcome=success;conclusion=success;duration_ms=30]
2026-10-08T03:35:36.8205495Z ##[group]Run Swatinem/rust-cache@v2
2026-10-08T03:35:36.8205814Z with:
2026-10-08T03:35:36.8206056Z   cache-on-failure: true
2026-10-08T03:35:36.8206334Z   cache-workspace-crates: false
2026-10-08T03:35:36.8206585Z   prefix-key: v0-rust
2026-10-08T03:35:36.8206811Z   add-job-id-key: true
2026-10-08T03:35:36.8207060Z   add-rust-environment-hash-key: true
2026-10-08T03:35:36.8207333Z   cache-targets: true
2026-10-08T03:35:36.8207550Z   cache-all-crates: false
2026-10-08T03:35:36.8207775Z   save-if: true
2026-10-08T03:35:36.8207982Z   cache-provider: github
2026-10-08T03:35:36.8208208Z   cache-bin: true
2026-10-08T03:35:36.8208415Z   lookup-only: false
2026-10-08T03:35:36.8208629Z   cmd-format: {0}
2026-10-08T03:35:36.8208824Z env:
2026-10-08T03:35:36.8209012Z   CARGO_TERM_COLOR: always
2026-10-08T03:35:36.8209247Z   RUSTFLAGS: -D warnings
2026-10-08T03:35:36.8209481Z   CARGO_HOME: /home/runner/.cargo
2026-10-08T03:35:36.8209751Z   CARGO_INCREMENTAL: 0
2026-10-08T03:35:36.8209998Z ##[endgroup]
2026-10-08T03:35:37.8474017Z ##[group]Cache Configuration
2026-10-08T03:35:37.8474866Z Cache Provider:
2026-10-08T03:35:37.8475245Z     github
2026-10-08T03:35:37.8475584Z Workspaces:
2026-10-08T03:35:37.8475994Z     /home/runner/work/hydrus-mine/hydrus-mine
2026-10-08T03:35:37.8476548Z Cache Paths:
2026-10-08T03:35:37.8476924Z     /home/runner/.cargo/bin
2026-10-08T03:35:37.8477380Z     /home/runner/.cargo/.crates.toml
2026-10-08T03:35:37.8477884Z     /home/runner/.cargo/.crates2.json
2026-10-08T03:35:37.8478369Z     /home/runner/.cargo/registry
2026-10-08T03:35:37.8478841Z     /home/runner/.cargo/git
2026-10-08T03:35:37.8479362Z     /home/runner/work/hydrus-mine/hydrus-mine/target
2026-10-08T03:35:37.8479929Z Restore Key:
2026-10-08T03:35:37.8480315Z     v0-rust-check-Linux-x64-6601efbe
2026-10-08T03:35:37.8480738Z Cache Key:
2026-10-08T03:35:37.8481133Z     v0-rust-check-Linux-x64-6601efbe-115c7281
2026-10-08T03:35:37.8482156Z .. Prefix:
2026-10-08T03:35:37.8482545Z   - v0-rust-check-Linux-x64
2026-10-08T03:35:37.8483103Z .. Environment considered:
2026-10-08T03:35:37.8483512Z   - Rust Versions:
2026-10-08T03:35:37.8484099Z     - 1.94.1 x86_64-unknown-linux-gnu e408947bfd200af42db322daf0fadfe7e26d3bd1
2026-10-08T03:35:37.8485318Z     - 1.98.1 x86_64-unknown-linux-gnu 48a229ceaefd4985c50990b14116b6d856af0985
2026-10-08T03:35:37.8486031Z   - CARGO_HOME
2026-10-08T03:35:37.8486407Z   - CARGO_INCREMENTAL
2026-10-08T03:35:37.8486789Z   - CARGO_TERM_COLOR
2026-10-08T03:35:37.8487158Z   - RUSTFLAGS
2026-10-08T03:35:37.8487502Z .. Lockfiles considered:
2026-10-08T03:35:37.8488029Z   - /home/runner/work/hydrus-mine/hydrus-mine/.cargo/config.toml
2026-10-08T03:35:37.8488739Z   - /home/runner/work/hydrus-mine/hydrus-mine/Cargo.lock
2026-10-08T03:35:37.8489500Z   - /home/runner/work/hydrus-mine/hydrus-mine/crates/hydrus-api/Cargo.toml
2026-10-08T03:35:37.8490446Z   - /home/runner/work/hydrus-mine/hydrus-mine/crates/hydrus-cli/Cargo.toml
2026-10-08T03:35:37.8491462Z   - /home/runner/work/hydrus-mine/hydrus-mine/crates/hydrus-core/Cargo.toml
2026-10-08T03:35:37.8492471Z   - /home/runner/work/hydrus-mine/hydrus-mine/crates/hydrus-download/Cargo.toml
2026-10-08T03:35:37.8493536Z   - /home/runner/work/hydrus-mine/hydrus-mine/crates/hydrus-downloader-exchange/Cargo.toml
2026-10-08T03:35:37.8494908Z   - /home/runner/work/hydrus-mine/hydrus-mine/crates/hydrus-duplicates/Cargo.toml
2026-10-08T03:35:37.8495954Z   - /home/runner/work/hydrus-mine/hydrus-mine/crates/hydrus-gui-model/Cargo.toml
2026-10-08T03:35:37.8496991Z   - /home/runner/work/hydrus-mine/hydrus-mine/crates/hydrus-gui-ui/Cargo.toml
2026-10-08T03:35:37.8497988Z   - /home/runner/work/hydrus-mine/hydrus-mine/crates/hydrus-gui/Cargo.toml
2026-10-08T03:35:37.8498983Z   - /home/runner/work/hydrus-mine/hydrus-mine/crates/hydrus-import/Cargo.toml
2026-10-08T03:35:37.8500015Z   - /home/runner/work/hydrus-mine/hydrus-mine/crates/hydrus-legacy/Cargo.toml
2026-10-08T03:35:37.8501058Z   - /home/runner/work/hydrus-mine/hydrus-mine/crates/hydrus-media/Cargo.toml
2026-10-08T03:35:37.8502536Z   - /home/runner/work/hydrus-mine/hydrus-mine/crates/hydrus-net/Cargo.toml
2026-10-08T03:35:37.8503597Z   - /home/runner/work/hydrus-mine/hydrus-mine/crates/hydrus-parse/Cargo.toml
2026-10-08T03:35:37.8504898Z   - /home/runner/work/hydrus-mine/hydrus-mine/crates/hydrus-search/Cargo.toml
2026-10-08T03:35:37.8505947Z   - /home/runner/work/hydrus-mine/hydrus-mine/crates/hydrus-store/Cargo.toml
2026-10-08T03:35:37.8506964Z   - /home/runner/work/hydrus-mine/hydrus-mine/crates/hydrus-testkit/Cargo.toml
2026-10-08T03:35:37.8507860Z   - /home/runner/work/hydrus-mine/hydrus-mine/rust-toolchain.toml
2026-10-08T03:35:37.8508638Z   - /home/runner/work/hydrus-mine/hydrus-mine/xtask/Cargo.toml
2026-10-08T03:35:37.8509645Z ##[endgroup]
2026-10-08T03:35:37.8509849Z 
2026-10-08T03:35:37.8509992Z ... Restoring cache ...
2026-10-08T03:35:37.9271030Z Cache hit for: v0-rust-check-Linux-x64-6601efbe-115c7281
2026-10-08T03:35:38.9691307Z Received 226492416 of 835017622 (27.1%), 214.7 MBs/sec
2026-10-08T03:35:39.9726290Z Received 507510784 of 835017622 (60.8%), 241.2 MBs/sec
2026-10-08T03:35:40.9985717Z Received 759169024 of 835017622 (90.9%), 238.9 MBs/sec
2026-10-08T03:35:41.2932949Z Received 835017622 of 835017622 (100.0%), 239.1 MBs/sec
2026-10-08T03:35:41.2933883Z Cache Size: ~796 MB (835017622 B)
2026-10-08T03:35:41.2972863Z [command]/usr/bin/tar -xf /home/runner/work/_temp/72d0a804-9204-4ce3-a22e-518a6ed10fd4/cache.tzst -P -C /home/runner/work/hydrus-mine/hydrus-mine --use-compress-program unzstd
2026-10-08T03:35:46.4439637Z Cache restored successfully
2026-10-08T03:35:46.5265018Z Restored from cache key "v0-rust-check-Linux-x64-6601efbe-115c7281" full match: true.
2026-10-08T03:35:46.7796940Z ##[group]Run python -m unittest discover -s .github/scripts/tests -v
2026-10-08T03:35:46.7797790Z [36;1mpython -m unittest discover -s .github/scripts/tests -v[0m
2026-10-08T03:35:46.7863808Z shell: /usr/bin/bash -e {0}
2026-10-08T03:35:46.7864309Z env:
2026-10-08T03:35:46.7864695Z   CARGO_TERM_COLOR: always
2026-10-08T03:35:46.7864952Z   RUSTFLAGS: -D warnings
2026-10-08T03:35:46.7865196Z   CARGO_HOME: /home/runner/.cargo
2026-10-08T03:35:46.7865470Z   CARGO_INCREMENTAL: 0
2026-10-08T03:35:46.7865693Z   CACHE_ON_FAILURE: true
2026-10-08T03:35:46.7865917Z ##[endgroup]
2026-10-08T03:35:48.3378439Z test_added_deleted_build_or_neighbouring_docs_input_still_rejects_before_stamp (test_publication_input_ledger.PublicationInputs.test_added_deleted_build_or_neighbouring_docs_input_still_rejects_before_stamp) ... ok
2026-10-08T03:35:48.3515765Z test_excluded_paths_still_reject_unsafe_index_entries_and_total_count (test_publication_input_ledger.PublicationInputs.test_excluded_paths_still_reject_unsafe_index_entries_and_total_count) ... ok
2026-10-08T03:35:48.3619924Z test_previous_full_repository_ledger_version_is_not_accepted (test_publication_input_ledger.PublicationInputs.test_previous_full_repository_ledger_version_is_not_accepted) ... ok
2026-10-08T03:35:48.3821816Z test_publication_add_change_delete_preserves_build_reuse_without_stamping_evidence (test_publication_input_ledger.PublicationInputs.test_publication_add_change_delete_preserves_build_reuse_without_stamping_evidence) ... ok
2026-10-08T03:35:48.4021316Z test_added_or_deleted_inputs_reject (test_workspace_artifact_cache.RestoreSafety.test_added_or_deleted_inputs_reject) ... ok
2026-10-08T03:35:48.4162517Z test_backdated_changed_input_rejected_before_any_stamp (test_workspace_artifact_cache.RestoreSafety.test_backdated_changed_input_rejected_before_any_stamp) ... ok
2026-10-08T03:35:48.4365188Z test_baseline_write_failure_rolls_back_successful_restore_and_blocks (test_workspace_artifact_cache.RestoreSafety.test_baseline_write_failure_rolls_back_successful_restore_and_blocks) ... ok
2026-10-08T03:35:48.4980987Z test_cargo_config_env_target_injections_rejected (test_workspace_artifact_cache.RestoreSafety.test_cargo_config_env_target_injections_rejected) ... ok
2026-10-08T03:35:48.5146433Z test_changed_external_input_remains_newer_than_cached_artifacts (test_workspace_artifact_cache.RestoreSafety.test_changed_external_input_remains_newer_than_cached_artifacts) ... ok
2026-10-08T03:35:48.5322562Z test_copy_failure_changes_no_source_mtime_and_purges_mixed_target (test_workspace_artifact_cache.RestoreSafety.test_copy_failure_changes_no_source_mtime_and_purges_mixed_target) ... ok
2026-10-08T03:35:48.5633921Z test_environment_target_or_build_layout_rejected (test_workspace_artifact_cache.RestoreSafety.test_environment_target_or_build_layout_rejected) ... ok
2026-10-08T03:35:48.5818501Z test_healthy_restore_copies_before_stamping_and_invalidates_test_bin_units (test_workspace_artifact_cache.RestoreSafety.test_healthy_restore_copies_before_stamping_and_invalidates_test_bin_units) ... ok
2026-10-08T03:35:48.6020096Z test_missing_incompatible_or_failed_cache_extraction_is_normal_fallback (test_workspace_artifact_cache.RestoreSafety.test_missing_incompatible_or_failed_cache_extraction_is_normal_fallback) ... ok
2026-10-08T03:35:48.6149292Z test_partial_snapshot_missing_artifact_rejected (test_workspace_artifact_cache.RestoreSafety.test_partial_snapshot_missing_artifact_rejected) ... ok
2026-10-08T03:35:48.6336937Z test_partial_stamp_failure_restores_every_mtime_and_purges_target (test_workspace_artifact_cache.RestoreSafety.test_partial_stamp_failure_restores_every_mtime_and_purges_target) ... ok
2026-10-08T03:35:48.7086155Z test_root_ancestor_default_and_explicit_home_cargo_layout_configs_rejected (test_workspace_artifact_cache.RestoreSafety.test_root_ancestor_default_and_explicit_home_cargo_layout_configs_rejected) ... ok
2026-10-08T03:35:48.7167346Z test_safe_input_path_rejects_escape_and_windows_aliases (test_workspace_artifact_cache.RestoreSafety.test_safe_input_path_rejects_escape_and_windows_aliases) ... ok
2026-10-08T03:35:48.7484095Z test_snapshot_inventory_size_count_traversal_and_duplicate_rejected (test_workspace_artifact_cache.RestoreSafety.test_snapshot_inventory_size_count_traversal_and_duplicate_rejected) ... ok
2026-10-08T03:35:48.7610013Z test_snapshot_nonregular_file_rejected_without_opening (test_workspace_artifact_cache.RestoreSafety.test_snapshot_nonregular_file_rejected_without_opening) ... ok
2026-10-08T03:35:48.7737201Z test_snapshot_symlink_rejected (test_workspace_artifact_cache.RestoreSafety.test_snapshot_symlink_rejected) ... ok
2026-10-08T03:35:48.8088940Z test_target_debug_deps_build_and_deep_destination_symlinks_rejected (test_workspace_artifact_cache.RestoreSafety.test_target_debug_deps_build_and_deep_destination_symlinks_rejected) ... ok
2026-10-08T03:35:48.8235958Z test_unrecoverable_rollback_never_claims_safe (test_workspace_artifact_cache.RestoreSafety.test_unrecoverable_rollback_never_claims_safe) ... ok
2026-10-08T03:35:48.8373641Z test_unrecoverable_target_purge_never_claims_safe (test_workspace_artifact_cache.RestoreSafety.test_unrecoverable_target_purge_never_claims_safe) ... ok
2026-10-08T03:35:48.8462892Z test_workflow_compile_gate_allows_disabled_key_failure_and_safe_miss (test_workspace_artifact_cache.RestoreSafety.test_workflow_compile_gate_allows_disabled_key_failure_and_safe_miss) ... ok
2026-10-08T03:35:48.8543963Z test_workflow_fails_closed_and_gates_non_cancelled_compilation (test_workspace_artifact_cache.RestoreSafety.test_workflow_fails_closed_and_gates_non_cancelled_compilation) ... ok
2026-10-08T03:35:48.8546015Z 
2026-10-08T03:35:48.8546374Z ----------------------------------------------------------------------
2026-10-08T03:35:48.8547167Z Ran 25 tests in 0.556s
2026-10-08T03:35:48.8547467Z 
2026-10-08T03:35:48.8547587Z OK
2026-10-08T03:35:48.8738156Z ##[group]Run python .github/scripts/workspace_artifact_cache.py key
2026-10-08T03:35:48.8738693Z [36;1mpython .github/scripts/workspace_artifact_cache.py key[0m
2026-10-08T03:35:48.8799713Z shell: /usr/bin/bash --noprofile --norc -e -o pipefail {0}
2026-10-08T03:35:48.8800074Z env:
2026-10-08T03:35:48.8800284Z   CARGO_TERM_COLOR: always
2026-10-08T03:35:48.8800530Z   RUSTFLAGS: -D warnings
2026-10-08T03:35:48.8800803Z   CARGO_HOME: /home/runner/.cargo
2026-10-08T03:35:48.8801058Z   CARGO_INCREMENTAL: 0
2026-10-08T03:35:48.8801277Z   CACHE_ON_FAILURE: true
2026-10-08T03:35:48.8801500Z ##[endgroup]
2026-10-08T03:35:49.0458088Z Workspace restore prefix: hydrus-ws-v1-check-Linux-X64-32e5c06fe0e4cb32c838747d-
2026-10-08T03:35:49.0583241Z ##[group]Run actions/cache/restore@v4
2026-10-08T03:35:49.0583536Z with:
2026-10-08T03:35:49.0583749Z   path: .ci-workspace-artifacts
2026-10-08T03:35:49.0584348Z   key: hydrus-ws-v1-check-Linux-X64-32e5c06fe0e4cb32c838747d-e00ddab707e031bb3a8feaa619dbe18c26a3a6fa-37723417979-1
2026-10-08T03:35:49.0585465Z   restore-keys: hydrus-ws-v1-check-Linux-X64-32e5c06fe0e4cb32c838747d-
2026-10-08T03:35:49.0585868Z   enableCrossOsArchive: false
2026-10-08T03:35:49.0586129Z   fail-on-cache-miss: false
2026-10-08T03:35:49.0586379Z   lookup-only: false
2026-10-08T03:35:49.0586606Z env:
2026-10-08T03:35:49.0586800Z   CARGO_TERM_COLOR: always
2026-10-08T03:35:49.0587041Z   RUSTFLAGS: -D warnings
2026-10-08T03:35:49.0587301Z   CARGO_HOME: /home/runner/.cargo
2026-10-08T03:35:49.0587563Z   CARGO_INCREMENTAL: 0
2026-10-08T03:35:49.0587779Z   CACHE_ON_FAILURE: true
2026-10-08T03:35:49.0587996Z ##[endgroup]
2026-10-08T03:35:49.1682383Z (node:2533) [DEP0040] DeprecationWarning: The `punycode` module is deprecated. Please use a userland alternative instead.
2026-10-08T03:35:49.1777617Z (Use `node --trace-deprecation ...` to show where the warning was created)
2026-10-08T03:35:49.2425843Z Cache hit for restore-key: hydrus-ws-v1-check-Linux-X64-32e5c06fe0e4cb32c838747d-a259e23233a7ad9a1a8d1ab512271d5080935dc6-37721747306-1
2026-10-08T03:35:49.2576780Z (node:2533) [DEP0169] DeprecationWarning: `url.parse()` behavior is not standardized and prone to errors that have security implications. Use the WHATWG URL API instead. CVEs are not issued for `url.parse()` vulnerabilities.
2026-10-08T03:35:50.2921639Z Received 239075328 of 355998315 (67.2%), 226.2 MBs/sec
2026-10-08T03:35:50.7639677Z Received 355998315 of 355998315 (100.0%), 229.4 MBs/sec
2026-10-08T03:35:50.7642212Z Cache Size: ~340 MB (355998315 B)
2026-10-08T03:35:50.7687488Z [command]/usr/bin/tar -xf /home/runner/work/_temp/bd809548-a22c-430f-8db4-fb5ca2da8de5/cache.tzst -P -C /home/runner/work/hydrus-mine/hydrus-mine --use-compress-program unzstd
2026-10-08T03:35:53.9636627Z Cache restored successfully
2026-10-08T03:35:53.9888286Z Cache restored from key: hydrus-ws-v1-check-Linux-X64-32e5c06fe0e4cb32c838747d-a259e23233a7ad9a1a8d1ab512271d5080935dc6-37721747306-1
2026-10-08T03:35:54.2281771Z ##[group]Run python .github/scripts/workspace_artifact_cache.py restore
2026-10-08T03:35:54.2282705Z [36;1mpython .github/scripts/workspace_artifact_cache.py restore[0m
2026-10-08T03:35:54.2352126Z shell: /usr/bin/bash --noprofile --norc -e -o pipefail {0}
2026-10-08T03:35:54.2352498Z env:
2026-10-08T03:35:54.2352715Z   CARGO_TERM_COLOR: always
2026-10-08T03:35:54.2352972Z   RUSTFLAGS: -D warnings
2026-10-08T03:35:54.2353228Z   CARGO_HOME: /home/runner/.cargo
2026-10-08T03:35:54.2353521Z   CARGO_INCREMENTAL: 0
2026-10-08T03:35:54.2353759Z   CACHE_ON_FAILURE: true
2026-10-08T03:35:54.2354011Z   WORKSPACE_CACHE_RESTORE_OUTCOME: success
2026-10-08T03:35:54.2354301Z ##[endgroup]
2026-10-08T03:36:03.0088001Z Verified and restored 4150 tracked-input mtimes and 276 coherent workspace artifact files; Cargo freshness checks remain enabled.
2026-10-08T03:36:03.0221194Z ##[group]Run # Azure's Ubuntu mirror stalled repeated full-validation downloads.
2026-10-08T03:36:03.0221822Z [36;1m# Azure's Ubuntu mirror stalled repeated full-validation downloads.[0m
2026-10-08T03:36:03.0222339Z [36;1m# Handle both direct URLs and the runner's mirror-list indirection.[0m
2026-10-08T03:36:03.0222830Z [36;1m# Keep Ubuntu's signed packages, using the primary archive mirror.[0m
2026-10-08T03:36:03.0223226Z [36;1msudo sed -i \[0m
2026-10-08T03:36:03.0223563Z [36;1m  -e 's|azure\.archive\.ubuntu\.com|archive.ubuntu.com|g' \[0m
2026-10-08T03:36:03.0224108Z [36;1m  -e 's|mirror+file:/etc/apt/apt-mirrors\.txt|http://archive.ubuntu.com/ubuntu|g' \[0m
2026-10-08T03:36:03.0224987Z [36;1m  /etc/apt/sources.list.d/ubuntu.sources[0m
2026-10-08T03:36:03.0225435Z [36;1msudo apt-get -o Acquire::Retries=3 -o Acquire::http::Timeout=30 update[0m
2026-10-08T03:36:03.0226187Z [36;1msudo apt-get -o Acquire::Retries=3 -o Acquire::http::Timeout=30 install -y ffmpeg fontconfig libfontconfig1-dev fonts-noto-cjk[0m
2026-10-08T03:36:03.0226781Z [36;1mfc-match ':lang=ja'[0m
2026-10-08T03:36:03.0287829Z shell: /usr/bin/bash -e {0}
2026-10-08T03:36:03.0288101Z env:
2026-10-08T03:36:03.0288308Z   CARGO_TERM_COLOR: always
2026-10-08T03:36:03.0288568Z   RUSTFLAGS: -D warnings
2026-10-08T03:36:03.0288825Z   CARGO_HOME: /home/runner/.cargo
2026-10-08T03:36:03.0289097Z   CARGO_INCREMENTAL: 0
2026-10-08T03:36:03.0289375Z   CACHE_ON_FAILURE: true
2026-10-08T03:36:03.0289599Z ##[endgroup]
2026-10-08T03:36:03.1525772Z Get:1 https://packages.microsoft.com/ubuntu/24.04/prod noble InRelease [3600 B]
2026-10-08T03:36:03.2337718Z Get:2 https://packages.microsoft.com/ubuntu/24.04/prod noble/main armhf Packages [12.3 kB]
2026-10-08T03:36:03.2505166Z Get:3 https://packages.microsoft.com/ubuntu/24.04/prod noble/main arm64 Packages [473 kB]
2026-10-08T03:36:03.2568058Z Get:4 https://packages.microsoft.com/ubuntu/24.04/prod noble/main amd64 Packages [529 kB]
2026-10-08T03:36:03.3637981Z Get:5 http://archive.ubuntu.com/ubuntu noble InRelease [256 kB]
2026-10-08T03:36:03.4722921Z Get:6 https://packages.microsoft.com/ubuntu/24.04/prod noble/main all Packages [640 B]
2026-10-08T03:36:03.8246542Z Get:7 http://archive.ubuntu.com/ubuntu noble-updates InRelease [126 kB]
2026-10-08T03:36:03.9379789Z Get:8 http://archive.ubuntu.com/ubuntu noble-backports InRelease [126 kB]
2026-10-08T03:36:04.0512078Z Get:9 http://archive.ubuntu.com/ubuntu noble-security InRelease [126 kB]
2026-10-08T03:36:04.1655676Z Get:10 http://archive.ubuntu.com/ubuntu noble/main amd64 Packages [1401 kB]
2026-10-08T03:36:04.5308552Z Get:11 http://archive.ubuntu.com/ubuntu noble/main Translation-en [513 kB]
2026-10-08T03:36:04.6390332Z Get:12 http://archive.ubuntu.com/ubuntu noble/main amd64 Components [464 kB]
2026-10-08T03:36:04.7446009Z Get:13 http://archive.ubuntu.com/ubuntu noble/main amd64 c-n-f Metadata [30.5 kB]
2026-10-08T03:36:04.8269179Z Get:14 http://archive.ubuntu.com/ubuntu noble/universe amd64 Packages [15.0 MB]
2026-10-08T03:36:05.4000587Z Get:15 http://archive.ubuntu.com/ubuntu noble/universe Translation-en [5982 kB]
2026-10-08T03:36:05.5199367Z Get:16 http://archive.ubuntu.com/ubuntu noble/universe amd64 Components [3871 kB]
2026-10-08T03:36:05.6254178Z Get:17 http://archive.ubuntu.com/ubuntu noble/universe amd64 c-n-f Metadata [301 kB]
2026-10-08T03:36:05.7083367Z Get:18 http://archive.ubuntu.com/ubuntu noble/restricted amd64 Packages [93.9 kB]
2026-10-08T03:36:05.7899283Z Get:19 http://archive.ubuntu.com/ubuntu noble/restricted Translation-en [18.7 kB]
2026-10-08T03:36:05.8711934Z Get:20 http://archive.ubuntu.com/ubuntu noble/restricted amd64 c-n-f Metadata [416 B]
2026-10-08T03:36:05.9530932Z Get:21 http://archive.ubuntu.com/ubuntu noble/multiverse amd64 Packages [269 kB]
2026-10-08T03:36:06.1579923Z Get:22 http://archive.ubuntu.com/ubuntu noble/multiverse Translation-en [118 kB]
2026-10-08T03:36:06.2402047Z Get:23 http://archive.ubuntu.com/ubuntu noble/multiverse amd64 Components [35.0 kB]
2026-10-08T03:36:06.3220122Z Get:24 http://archive.ubuntu.com/ubuntu noble/multiverse amd64 c-n-f Metadata [8328 B]
2026-10-08T03:36:06.4030443Z Get:25 http://archive.ubuntu.com/ubuntu noble-updates/main amd64 Packages [1375 kB]
2026-10-08T03:36:06.4925815Z Get:26 http://archive.ubuntu.com/ubuntu noble-updates/main Translation-en [306 kB]
2026-10-08T03:36:06.5751983Z Get:27 http://archive.ubuntu.com/ubuntu noble-updates/main amd64 Components [181 kB]
2026-10-08T03:36:06.6572799Z Get:28 http://archive.ubuntu.com/ubuntu noble-updates/main amd64 c-n-f Metadata [17.7 kB]
2026-10-08T03:36:06.7403242Z Get:29 http://archive.ubuntu.com/ubuntu noble-updates/universe amd64 Packages [1702 kB]
2026-10-08T03:36:06.8319867Z Get:30 http://archive.ubuntu.com/ubuntu noble-updates/universe Translation-en [341 kB]
2026-10-08T03:36:06.9172173Z Get:31 http://archive.ubuntu.com/ubuntu noble-updates/universe amd64 Components [388 kB]
2026-10-08T03:36:06.9998795Z Get:32 http://archive.ubuntu.com/ubuntu noble-updates/universe amd64 c-n-f Metadata [34.9 kB]
2026-10-08T03:36:07.0811113Z Get:33 http://archive.ubuntu.com/ubuntu noble-updates/restricted amd64 Packages [1761 kB]
2026-10-08T03:36:07.1734377Z Get:34 http://archive.ubuntu.com/ubuntu noble-updates/restricted Translation-en [401 kB]
2026-10-08T03:36:07.2570364Z Get:35 http://archive.ubuntu.com/ubuntu noble-updates/restricted amd64 Components [212 B]
2026-10-08T03:36:07.4599781Z Get:36 http://archive.ubuntu.com/ubuntu noble-updates/restricted amd64 c-n-f Metadata [456 B]
2026-10-08T03:36:07.5417570Z Get:37 http://archive.ubuntu.com/ubuntu noble-updates/multiverse amd64 Packages [55.0 kB]
2026-10-08T03:36:07.6239909Z Get:38 http://archive.ubuntu.com/ubuntu noble-updates/multiverse Translation-en [14.3 kB]
2026-10-08T03:36:07.7056389Z Get:39 http://archive.ubuntu.com/ubuntu noble-updates/multiverse amd64 Components [940 B]
2026-10-08T03:36:07.7870859Z Get:40 http://archive.ubuntu.com/ubuntu noble-updates/multiverse amd64 c-n-f Metadata [656 B]
2026-10-08T03:36:07.8714299Z Get:41 http://archive.ubuntu.com/ubuntu noble-backports/main amd64 Packages [40.6 kB]
2026-10-08T03:36:07.9529319Z Get:42 http://archive.ubuntu.com/ubuntu noble-backports/main Translation-en [9172 B]
2026-10-08T03:36:08.0340197Z Get:43 http://archive.ubuntu.com/ubuntu noble-backports/main amd64 Components [5764 B]
2026-10-08T03:36:08.1152126Z Get:44 http://archive.ubuntu.com/ubuntu noble-backports/main amd64 c-n-f Metadata [368 B]
2026-10-08T03:36:08.1970057Z Get:45 http://archive.ubuntu.com/ubuntu noble-backports/universe amd64 Packages [31.0 kB]
2026-10-08T03:36:08.2783593Z Get:46 http://archive.ubuntu.com/ubuntu noble-backports/universe Translation-en [18.6 kB]
2026-10-08T03:36:08.3595486Z Get:47 http://archive.ubuntu.com/ubuntu noble-backports/universe amd64 Components [12.6 kB]
2026-10-08T03:36:08.4414065Z Get:48 http://archive.ubuntu.com/ubuntu noble-backports/universe amd64 c-n-f Metadata [1588 B]
2026-10-08T03:36:08.5275914Z Get:49 http://archive.ubuntu.com/ubuntu noble-backports/restricted amd64 Components [212 B]
2026-10-08T03:36:08.6094163Z Get:50 http://archive.ubuntu.com/ubuntu noble-backports/restricted amd64 c-n-f Metadata [116 B]
2026-10-08T03:36:08.8138863Z Get:51 http://archive.ubuntu.com/ubuntu noble-backports/multiverse amd64 Packages [748 B]
2026-10-08T03:36:08.8958883Z Get:52 http://archive.ubuntu.com/ubuntu noble-backports/multiverse Translation-en [340 B]
2026-10-08T03:36:08.9776872Z Get:53 http://archive.ubuntu.com/ubuntu noble-backports/multiverse amd64 Components [212 B]
2026-10-08T03:36:09.0592724Z Get:54 http://archive.ubuntu.com/ubuntu noble-backports/multiverse amd64 c-n-f Metadata [116 B]
2026-10-08T03:36:09.1410506Z Get:55 http://archive.ubuntu.com/ubuntu noble-security/main amd64 Packages [1074 kB]
2026-10-08T03:36:09.2290562Z Get:56 http://archive.ubuntu.com/ubuntu noble-security/main Translation-en [223 kB]
2026-10-08T03:36:09.3116060Z Get:57 http://archive.ubuntu.com/ubuntu noble-security/main amd64 Components [46.3 kB]
2026-10-08T03:36:09.3930703Z Get:58 http://archive.ubuntu.com/ubuntu noble-security/main amd64 c-n-f Metadata [11.9 kB]
2026-10-08T03:36:09.4769427Z Get:59 http://archive.ubuntu.com/ubuntu noble-security/universe amd64 Packages [1218 kB]
2026-10-08T03:36:09.5657418Z Get:60 http://archive.ubuntu.com/ubuntu noble-security/universe Translation-en [245 kB]
2026-10-08T03:36:09.6482822Z Get:61 http://archive.ubuntu.com/ubuntu noble-security/universe amd64 Components [76.3 kB]
2026-10-08T03:36:09.7297948Z Get:62 http://archive.ubuntu.com/ubuntu noble-security/universe amd64 c-n-f Metadata [24.2 kB]
2026-10-08T03:36:09.8111904Z Get:63 http://archive.ubuntu.com/ubuntu noble-security/restricted amd64 Packages [1566 kB]
2026-10-08T03:36:09.9024158Z Get:64 http://archive.ubuntu.com/ubuntu noble-security/restricted Translation-en [361 kB]
2026-10-08T03:36:10.1072347Z Get:65 http://archive.ubuntu.com/ubuntu noble-security/restricted amd64 Components [212 B]
2026-10-08T03:36:10.1886312Z Get:66 http://archive.ubuntu.com/ubuntu noble-security/restricted amd64 c-n-f Metadata [444 B]
2026-10-08T03:36:10.2702172Z Get:67 http://archive.ubuntu.com/ubuntu noble-security/multiverse amd64 Packages [40.3 kB]
2026-10-08T03:36:10.3518733Z Get:68 http://archive.ubuntu.com/ubuntu noble-security/multiverse Translation-en [11.6 kB]
2026-10-08T03:36:10.4333662Z Get:69 http://archive.ubuntu.com/ubuntu noble-security/multiverse amd64 Components [208 B]
2026-10-08T03:36:10.5150217Z Get:70 http://archive.ubuntu.com/ubuntu noble-security/multiverse amd64 c-n-f Metadata [468 B]
2026-10-08T03:36:16.3198362Z Fetched 41.4 MB in 7s (5580 kB/s)
2026-10-08T03:36:17.2701487Z Reading package lists...
2026-10-08T03:36:17.3015314Z Reading package lists...
2026-10-08T03:36:17.5379520Z Building dependency tree...
2026-10-08T03:36:17.5387612Z Reading state information...
2026-10-08T03:36:17.7423301Z fontconfig is already the newest version (2.15.0-1.1ubuntu2).
2026-10-08T03:36:17.7424189Z fontconfig set to manually installed.
2026-10-08T03:36:17.7425734Z The following additional packages will be installed:
2026-10-08T03:36:17.7426548Z   bzip2-doc i965-va-driver intel-media-va-driver libaacs0 libass9 libasyncns0
2026-10-08T03:36:17.7427216Z   libavc1394-0 libavcodec60 libavdevice60 libavfilter9 libavformat60
2026-10-08T03:36:17.7427907Z   libavutil58 libbdplus0 libblas3 libbluray2 libbrotli-dev libbs2b0 libbz2-dev
2026-10-08T03:36:17.7429004Z   libcaca0 libcdio-cdda2t64 libcdio-paranoia2t64 libcdio19t64 libchromaprint1
2026-10-08T03:36:17.7429718Z   libcjson1 libcodec2-1.2 libdav1d7 libdc1394-25 libdecor-0-0
2026-10-08T03:36:17.7430377Z   libdecor-0-plugin-1-gtk libflac12t64 libflite1 libfontconfig-dev
2026-10-08T03:36:17.7431008Z   libfreetype-dev libfreetype6 libgbm1 libgl1-mesa-dri libglx-mesa0 libgme0
2026-10-08T03:36:17.7432679Z   libgsm1 libhwy1t64 libiec61883-0 libigdgmm12 libjack-jackd2-0 libjxl0.7
2026-10-08T03:36:17.7433316Z   liblapack3 liblilv-0-0 libmbedcrypto7t64 libmp3lame0 libmpg123-0t64
2026-10-08T03:36:17.7433947Z   libmysofa1 libopenal-data libopenal1 libopenmpt0t64 libopus0 libplacebo338
2026-10-08T03:36:17.7434880Z   libpng-dev libpng-tools libpng16-16t64 libpocketsphinx3 libpostproc57
2026-10-08T03:36:17.7435529Z   libpulse0 librav1e0 libraw1394-11 librist4 librsvg2-2 librsvg2-common
2026-10-08T03:36:17.7436141Z   librubberband2 libsamplerate0 libsdl2-2.0-0 libserd-0-0 libshine3
2026-10-08T03:36:17.7436656Z   libsndfile1 libsndio7.0 libsord-0-0 libsoxr0 libspeex1 libsphinxbase3t64
2026-10-08T03:36:17.7437144Z   libsratom-0-0 libsrt1.5-gnutls libssh-gcrypt-4 libsvtav1enc1d1
2026-10-08T03:36:17.7437626Z   libswresample4 libswscale7 libtheora0 libtwolame0 libudfread0 libunibreak5
2026-10-08T03:36:17.7438153Z   libva-drm2 libva-x11-2 libva2 libvdpau1 libvidstab1.1 libvorbisenc2 libvpl2
2026-10-08T03:36:17.7438676Z   libvpx9 libx264-164 libx265-199 libxcb-shape0 libxv1 libxvidcore4 libzimg2
2026-10-08T03:36:17.7439179Z   libzix-0-0 libzvbi-common libzvbi0t64 mesa-libgallium mesa-va-drivers
2026-10-08T03:36:17.7439671Z   mesa-vdpau-drivers ocl-icd-libopencl1 pocketsphinx-en-us uuid-dev
2026-10-08T03:36:17.7440064Z   va-driver-all vdpau-driver-all
2026-10-08T03:36:17.7442089Z Suggested packages:
2026-10-08T03:36:17.7442481Z   ffmpeg-doc fonts-noto-cjk-extra i965-va-driver-shaders libcuda1 libnvcuvid1
2026-10-08T03:36:17.7443007Z   libnvidia-encode1 libbluray-bdj freetype2-doc jackd2 libportaudio2
2026-10-08T03:36:17.7443507Z   opus-tools pulseaudio libraw1394-doc librsvg2-bin serdi sndiod sordi speex
2026-10-08T03:36:17.7443916Z   opencl-icd libvdpau-va-gl1
2026-10-08T03:36:17.8057081Z The following NEW packages will be installed:
2026-10-08T03:36:17.8059031Z   bzip2-doc ffmpeg fonts-noto-cjk i965-va-driver intel-media-va-driver
2026-10-08T03:36:17.8060056Z   libaacs0 libass9 libasyncns0 libavc1394-0 libavcodec60 libavdevice60
2026-10-08T03:36:17.8061248Z   libavfilter9 libavformat60 libavutil58 libbdplus0 libblas3 libbluray2
2026-10-08T03:36:17.8062354Z   libbrotli-dev libbs2b0 libbz2-dev libcaca0 libcdio-cdda2t64
2026-10-08T03:36:17.8063151Z   libcdio-paranoia2t64 libcdio19t64 libchromaprint1 libcjson1 libcodec2-1.2
2026-10-08T03:36:17.8063997Z   libdav1d7 libdc1394-25 libdecor-0-0 libdecor-0-plugin-1-gtk libflac12t64
2026-10-08T03:36:17.8065381Z   libflite1 libfontconfig-dev libfontconfig1-dev libfreetype-dev libgme0
2026-10-08T03:36:17.8066579Z   libgsm1 libhwy1t64 libiec61883-0 libigdgmm12 libjack-jackd2-0 libjxl0.7
2026-10-08T03:36:17.8067279Z   liblapack3 liblilv-0-0 libmbedcrypto7t64 libmp3lame0 libmpg123-0t64
2026-10-08T03:36:17.8067967Z   libmysofa1 libopenal-data libopenal1 libopenmpt0t64 libopus0 libplacebo338
2026-10-08T03:36:17.8068925Z   libpng-dev libpng-tools libpocketsphinx3 libpostproc57 libpulse0 librav1e0
2026-10-08T03:36:17.8069605Z   libraw1394-11 librist4 librsvg2-2 librsvg2-common librubberband2
2026-10-08T03:36:17.8070265Z   libsamplerate0 libsdl2-2.0-0 libserd-0-0 libshine3 libsndfile1 libsndio7.0
2026-10-08T03:36:17.8070925Z   libsord-0-0 libsoxr0 libspeex1 libsphinxbase3t64 libsratom-0-0
2026-10-08T03:36:17.8071892Z   libsrt1.5-gnutls libssh-gcrypt-4 libsvtav1enc1d1 libswresample4 libswscale7
2026-10-08T03:36:17.8072614Z   libtheora0 libtwolame0 libudfread0 libunibreak5 libva-drm2 libva-x11-2
2026-10-08T03:36:17.8073303Z   libva2 libvdpau1 libvidstab1.1 libvorbisenc2 libvpl2 libvpx9 libx264-164
2026-10-08T03:36:17.8073956Z   libx265-199 libxcb-shape0 libxv1 libxvidcore4 libzimg2 libzix-0-0
2026-10-08T03:36:17.8074799Z   libzvbi-common libzvbi0t64 mesa-va-drivers mesa-vdpau-drivers
2026-10-08T03:36:17.8075405Z   ocl-icd-libopencl1 pocketsphinx-en-us uuid-dev va-driver-all
2026-10-08T03:36:17.8075873Z   vdpau-driver-all
2026-10-08T03:36:17.8080097Z The following packages will be upgraded:
2026-10-08T03:36:17.8085012Z   libfreetype6 libgbm1 libgl1-mesa-dri libglx-mesa0 libpng16-16t64
2026-10-08T03:36:17.8087781Z   mesa-libgallium
2026-10-08T03:36:18.1017185Z 6 upgraded, 109 newly installed, 0 to remove and 30 not upgraded.
2026-10-08T03:36:18.1017818Z Need to get 169 MB of archives.
2026-10-08T03:36:18.1018296Z After this operation, 326 MB of additional disk space will be used.
2026-10-08T03:36:18.1019190Z Get:1 http://archive.ubuntu.com/ubuntu noble-security/main amd64 libpng16-16t64 amd64 1.6.43-5ubuntu0.7 [189 kB]
2026-10-08T03:36:18.5885968Z Get:2 http://archive.ubuntu.com/ubuntu noble-updates/main amd64 bzip2-doc all 1.0.8-5.1ubuntu0.1 [499 kB]
2026-10-08T03:36:18.9319745Z Get:3 http://archive.ubuntu.com/ubuntu noble-updates/universe amd64 libva2 amd64 2.20.0-2ubuntu0.2 [66.4 kB]
2026-10-08T03:36:19.0355456Z Get:4 http://archive.ubuntu.com/ubuntu noble-updates/universe amd64 libva-drm2 amd64 2.20.0-2ubuntu0.2 [7124 B]
2026-10-08T03:36:19.1307035Z Get:5 http://archive.ubuntu.com/ubuntu noble-updates/universe amd64 libva-x11-2 amd64 2.20.0-2ubuntu0.2 [12.0 kB]
2026-10-08T03:36:19.2263763Z Get:6 http://archive.ubuntu.com/ubuntu noble/main amd64 libvdpau1 amd64 1.5-2build1 [27.8 kB]
2026-10-08T03:36:19.3237640Z Get:7 http://archive.ubuntu.com/ubuntu noble/universe amd64 libvpl2 amd64 2023.3.0-1build1 [99.8 kB]
2026-10-08T03:36:19.4325807Z Get:8 http://archive.ubuntu.com/ubuntu noble/universe amd64 ocl-icd-libopencl1 amd64 2.3.2-1build1 [38.5 kB]
2026-10-08T03:36:19.5317754Z Get:9 http://archive.ubuntu.com/ubuntu noble/universe amd64 libavutil58 amd64 7:6.1.1-3ubuntu5 [401 kB]
2026-10-08T03:36:19.6855927Z Get:10 http://archive.ubuntu.com/ubuntu noble/universe amd64 libcodec2-1.2 amd64 1.2.0-2build1 [8998 kB]
2026-10-08T03:36:20.3623652Z Get:11 http://archive.ubuntu.com/ubuntu noble/universe amd64 libdav1d7 amd64 1.4.1-1build1 [604 kB]
2026-10-08T03:36:20.4627437Z Get:12 http://archive.ubuntu.com/ubuntu noble/universe amd64 libgsm1 amd64 1.0.22-1build1 [27.8 kB]
2026-10-08T03:36:20.5578712Z Get:13 http://archive.ubuntu.com/ubuntu noble/universe amd64 libhwy1t64 amd64 1.0.7-8.1build1 [584 kB]
2026-10-08T03:36:20.6582504Z Get:14 http://archive.ubuntu.com/ubuntu noble-updates/universe amd64 libjxl0.7 amd64 0.7.0-10.2ubuntu6.1 [1001 kB]
2026-10-08T03:36:20.7626613Z Get:15 http://archive.ubuntu.com/ubuntu noble/main amd64 libmp3lame0 amd64 3.100-6build1 [142 kB]
2026-10-08T03:36:20.8584984Z Get:16 http://archive.ubuntu.com/ubuntu noble/main amd64 libopus0 amd64 1.4-1build1 [208 kB]
2026-10-08T03:36:20.9546206Z Get:17 http://archive.ubuntu.com/ubuntu noble/universe amd64 librav1e0 amd64 0.7.1-2 [1022 kB]
2026-10-08T03:36:21.0593732Z Get:18 http://archive.ubuntu.com/ubuntu noble-updates/main amd64 librsvg2-2 amd64 2.58.0+dfsg-1ubuntu0.1 [2141 kB]
2026-10-08T03:36:21.1760209Z Get:19 http://archive.ubuntu.com/ubuntu noble/universe amd64 libshine3 amd64 3.1.1-2build1 [23.2 kB]
2026-10-08T03:36:21.4059621Z Get:20 http://archive.ubuntu.com/ubuntu noble-updates/main amd64 libspeex1 amd64 1.2.1-2ubuntu2.24.04.1 [59.6 kB]
2026-10-08T03:36:21.5012802Z Get:21 http://archive.ubuntu.com/ubuntu noble/universe amd64 libsvtav1enc1d1 amd64 1.7.0+dfsg-2build1 [2425 kB]
2026-10-08T03:36:21.6220465Z Get:22 http://archive.ubuntu.com/ubuntu noble/universe amd64 libsoxr0 amd64 0.1.3-4build3 [80.0 kB]
2026-10-08T03:36:21.7176315Z Get:23 http://archive.ubuntu.com/ubuntu noble/universe amd64 libswresample4 amd64 7:6.1.1-3ubuntu5 [63.8 kB]
2026-10-08T03:36:21.8130469Z Get:24 http://archive.ubuntu.com/ubuntu noble/main amd64 libtheora0 amd64 1.1.1+dfsg.1-16.1build3 [211 kB]
2026-10-08T03:36:21.9094749Z Get:25 http://archive.ubuntu.com/ubuntu noble/main amd64 libtwolame0 amd64 0.4.0-2build3 [52.3 kB]
2026-10-08T03:36:22.0046789Z Get:26 http://archive.ubuntu.com/ubuntu noble/main amd64 libvorbisenc2 amd64 1.3.7-1build3 [80.8 kB]
2026-10-08T03:36:22.1003107Z Get:27 http://archive.ubuntu.com/ubuntu noble-updates/main amd64 libvpx9 amd64 1.14.0-1ubuntu2.3 [1143 kB]
2026-10-08T03:36:22.2060991Z Get:28 http://archive.ubuntu.com/ubuntu noble/universe amd64 libx264-164 amd64 2:0.164.3108+git31e19f9-1 [604 kB]
2026-10-08T03:36:22.3064827Z Get:29 http://archive.ubuntu.com/ubuntu noble/universe amd64 libx265-199 amd64 3.5-2build1 [1226 kB]
2026-10-08T03:36:22.4135020Z Get:30 http://archive.ubuntu.com/ubuntu noble/universe amd64 libxvidcore4 amd64 2:1.3.7-1build1 [219 kB]
2026-10-08T03:36:22.5099662Z Get:31 http://archive.ubuntu.com/ubuntu noble/universe amd64 libzvbi-common all 0.2.42-2 [42.4 kB]
2026-10-08T03:36:22.6053504Z Get:32 http://archive.ubuntu.com/ubuntu noble/universe amd64 libzvbi0t64 amd64 0.2.42-2 [261 kB]
2026-10-08T03:36:22.7023317Z Get:33 http://archive.ubuntu.com/ubuntu noble/universe amd64 libavcodec60 amd64 7:6.1.1-3ubuntu5 [5851 kB]
2026-10-08T03:36:22.8571075Z Get:34 http://archive.ubuntu.com/ubuntu noble/main amd64 libraw1394-11 amd64 2.1.2-2build3 [26.2 kB]
2026-10-08T03:36:22.9522491Z Get:35 http://archive.ubuntu.com/ubuntu noble/main amd64 libavc1394-0 amd64 0.5.4-5build3 [15.4 kB]
2026-10-08T03:36:23.0472844Z Get:36 http://archive.ubuntu.com/ubuntu noble-updates/main amd64 libfreetype6 amd64 2.13.2+dfsg-1ubuntu0.2 [403 kB]
2026-10-08T03:36:23.1453067Z Get:37 http://archive.ubuntu.com/ubuntu noble/universe amd64 libunibreak5 amd64 5.1-2build1 [25.0 kB]
2026-10-08T03:36:23.2406454Z Get:38 http://archive.ubuntu.com/ubuntu noble/universe amd64 libass9 amd64 1:0.17.1-2build1 [104 kB]
2026-10-08T03:36:23.4711894Z Get:39 http://archive.ubuntu.com/ubuntu noble/universe amd64 libudfread0 amd64 1.1.2-1build1 [19.0 kB]
2026-10-08T03:36:23.5661586Z Get:40 http://archive.ubuntu.com/ubuntu noble/universe amd64 libbluray2 amd64 1:1.3.4-1build1 [159 kB]
2026-10-08T03:36:23.6621497Z Get:41 http://archive.ubuntu.com/ubuntu noble/universe amd64 libchromaprint1 amd64 1.5.1-5 [30.5 kB]
2026-10-08T03:36:23.7575526Z Get:42 http://archive.ubuntu.com/ubuntu noble/universe amd64 libgme0 amd64 0.6.3-7build1 [134 kB]
2026-10-08T03:36:23.8534313Z Get:43 http://archive.ubuntu.com/ubuntu noble-updates/main amd64 libmpg123-0t64 amd64 1.32.5-1ubuntu1.1 [169 kB]
2026-10-08T03:36:23.9494877Z Get:44 http://archive.ubuntu.com/ubuntu noble/universe amd64 libopenmpt0t64 amd64 0.7.3-1.1build3 [647 kB]
2026-10-08T03:36:24.0497165Z Get:45 http://archive.ubuntu.com/ubuntu noble/universe amd64 libcjson1 amd64 1.7.17-1 [24.8 kB]
2026-10-08T03:36:24.1450100Z Get:46 http://archive.ubuntu.com/ubuntu noble/universe amd64 libmbedcrypto7t64 amd64 2.28.8-1 [209 kB]
2026-10-08T03:36:24.2410847Z Get:47 http://archive.ubuntu.com/ubuntu noble/universe amd64 librist4 amd64 0.2.10+dfsg-2 [74.9 kB]
2026-10-08T03:36:24.3365190Z Get:48 http://archive.ubuntu.com/ubuntu noble/universe amd64 libsrt1.5-gnutls amd64 1.5.3-1build2 [316 kB]
2026-10-08T03:36:24.4335049Z Get:49 http://archive.ubuntu.com/ubuntu noble-updates/main amd64 libssh-gcrypt-4 amd64 0.10.6-2ubuntu0.5 [226 kB]
2026-10-08T03:36:24.5298066Z Get:50 http://archive.ubuntu.com/ubuntu noble/universe amd64 libavformat60 amd64 7:6.1.1-3ubuntu5 [1153 kB]
2026-10-08T03:36:24.6343759Z Get:51 http://archive.ubuntu.com/ubuntu noble/universe amd64 libbs2b0 amd64 3.1.0+dfsg-7build1 [10.6 kB]
2026-10-08T03:36:24.7295064Z Get:52 http://archive.ubuntu.com/ubuntu noble/universe amd64 libflite1 amd64 2.2-6build3 [13.6 MB]
2026-10-08T03:36:24.9502614Z Get:53 http://archive.ubuntu.com/ubuntu noble/universe amd64 libserd-0-0 amd64 0.32.2-1 [43.6 kB]
2026-10-08T03:36:25.0453267Z Get:54 http://archive.ubuntu.com/ubuntu noble/universe amd64 libzix-0-0 amd64 0.4.2-2build1 [23.6 kB]
2026-10-08T03:36:25.1402944Z Get:55 http://archive.ubuntu.com/ubuntu noble/universe amd64 libsord-0-0 amd64 0.16.16-2build1 [15.8 kB]
2026-10-08T03:36:25.2353267Z Get:56 http://archive.ubuntu.com/ubuntu noble/universe amd64 libsratom-0-0 amd64 0.6.16-1build1 [17.3 kB]
2026-10-08T03:36:25.3304865Z Get:57 http://archive.ubuntu.com/ubuntu noble/universe amd64 liblilv-0-0 amd64 0.24.22-1build1 [41.0 kB]
2026-10-08T03:36:25.4262165Z Get:58 http://archive.ubuntu.com/ubuntu noble/universe amd64 libmysofa1 amd64 1.3.2+dfsg-2ubuntu2 [1158 kB]
2026-10-08T03:36:25.6622055Z Get:59 http://archive.ubuntu.com/ubuntu noble/universe amd64 libplacebo338 amd64 6.338.2-2build1 [2654 kB]
2026-10-08T03:36:25.7718868Z Get:60 http://archive.ubuntu.com/ubuntu noble-updates/main amd64 libblas3 amd64 3.12.0-3build1.1 [238 kB]
2026-10-08T03:36:25.8682132Z Get:61 http://archive.ubuntu.com/ubuntu noble-updates/main amd64 liblapack3 amd64 3.12.0-3build1.1 [2646 kB]
2026-10-08T03:36:25.9782669Z Get:62 http://archive.ubuntu.com/ubuntu noble/main amd64 libasyncns0 amd64 0.8-6build4 [11.3 kB]
2026-10-08T03:36:26.0733246Z Get:63 http://archive.ubuntu.com/ubuntu noble/main amd64 libflac12t64 amd64 1.4.3+ds-2.1ubuntu2 [197 kB]
2026-10-08T03:36:26.1694674Z Get:64 http://archive.ubuntu.com/ubuntu noble-updates/main amd64 libsndfile1 amd64 1.2.2-1ubuntu5.24.04.1 [209 kB]
2026-10-08T03:36:26.2657416Z Get:65 http://archive.ubuntu.com/ubuntu noble-updates/main amd64 libpulse0 amd64 1:16.1+dfsg1-2ubuntu10.1 [292 kB]
2026-10-08T03:36:26.3620816Z Get:66 http://archive.ubuntu.com/ubuntu noble/universe amd64 libsphinxbase3t64 amd64 0.8+5prealpha+1-17build2 [126 kB]
2026-10-08T03:36:26.4579049Z Get:67 http://archive.ubuntu.com/ubuntu noble/universe amd64 libpocketsphinx3 amd64 0.8.0+real5prealpha+1-15ubuntu5 [133 kB]
2026-10-08T03:36:26.5535766Z Get:68 http://archive.ubuntu.com/ubuntu noble/universe amd64 libpostproc57 amd64 7:6.1.1-3ubuntu5 [49.9 kB]
2026-10-08T03:36:26.6490129Z Get:69 http://archive.ubuntu.com/ubuntu noble/main amd64 libsamplerate0 amd64 0.2.2-4build1 [1344 kB]
2026-10-08T03:36:26.7515409Z Get:70 http://archive.ubuntu.com/ubuntu noble/universe amd64 librubberband2 amd64 3.3.0+dfsg-2build1 [130 kB]
2026-10-08T03:36:26.8471520Z Get:71 http://archive.ubuntu.com/ubuntu noble/universe amd64 libswscale7 amd64 7:6.1.1-3ubuntu5 [193 kB]
2026-10-08T03:36:26.9435129Z Get:72 http://archive.ubuntu.com/ubuntu noble/universe amd64 libvidstab1.1 amd64 1.1.0-2build1 [38.5 kB]
2026-10-08T03:36:27.0387412Z Get:73 http://archive.ubuntu.com/ubuntu noble/universe amd64 libzimg2 amd64 3.0.5+ds1-1build1 [254 kB]
2026-10-08T03:36:27.1349602Z Get:74 http://archive.ubuntu.com/ubuntu noble/universe amd64 libavfilter9 amd64 7:6.1.1-3ubuntu5 [4235 kB]
2026-10-08T03:36:27.2523111Z Get:75 http://archive.ubuntu.com/ubuntu noble-updates/main amd64 libcaca0 amd64 0.99.beta20-4ubuntu0.2 [209 kB]
2026-10-08T03:36:27.3482901Z Get:76 http://archive.ubuntu.com/ubuntu noble-updates/main amd64 libcdio19t64 amd64 2.1.0-4.1ubuntu1.2 [62.4 kB]
2026-10-08T03:36:27.4437156Z Get:77 http://archive.ubuntu.com/ubuntu noble/main amd64 libcdio-cdda2t64 amd64 10.2+2.0.1-1.1build2 [16.5 kB]
2026-10-08T03:36:27.6730788Z Get:78 http://archive.ubuntu.com/ubuntu noble/main amd64 libcdio-paranoia2t64 amd64 10.2+2.0.1-1.1build2 [16.6 kB]
2026-10-08T03:36:27.7680962Z Get:79 http://archive.ubuntu.com/ubuntu noble/universe amd64 libdc1394-25 amd64 2.2.6-4build1 [90.1 kB]
2026-10-08T03:36:27.8636203Z Get:80 http://archive.ubuntu.com/ubuntu noble/main amd64 libiec61883-0 amd64 1.2.0-6build1 [24.5 kB]
2026-10-08T03:36:27.9587029Z Get:81 http://archive.ubuntu.com/ubuntu noble/main amd64 libjack-jackd2-0 amd64 1.9.21~dfsg-3ubuntu3 [289 kB]
2026-10-08T03:36:28.0553301Z Get:82 http://archive.ubuntu.com/ubuntu noble/universe amd64 libopenal-data all 1:1.23.1-4build1 [161 kB]
2026-10-08T03:36:28.1513084Z Get:83 http://archive.ubuntu.com/ubuntu noble/universe amd64 libsndio7.0 amd64 1.9.0-0.3build3 [29.6 kB]
2026-10-08T03:36:28.2464189Z Get:84 http://archive.ubuntu.com/ubuntu noble/universe amd64 libopenal1 amd64 1:1.23.1-4build1 [540 kB]
2026-10-08T03:36:28.3442345Z Get:85 http://archive.ubuntu.com/ubuntu noble/main amd64 libdecor-0-0 amd64 0.2.2-1build2 [16.5 kB]
2026-10-08T03:36:28.4392074Z Get:86 http://archive.ubuntu.com/ubuntu noble-updates/main amd64 libgl1-mesa-dri amd64 25.2.8-0ubuntu0.24.04.4 [38.0 kB]
2026-10-08T03:36:28.5350184Z Get:87 http://archive.ubuntu.com/ubuntu noble-updates/main amd64 libglx-mesa0 amd64 25.2.8-0ubuntu0.24.04.4 [110 kB]
2026-10-08T03:36:28.6305327Z Get:88 http://archive.ubuntu.com/ubuntu noble-updates/main amd64 libgbm1 amd64 25.2.8-0ubuntu0.24.04.4 [34.2 kB]
2026-10-08T03:36:28.7259310Z Get:89 http://archive.ubuntu.com/ubuntu noble-updates/main amd64 mesa-libgallium amd64 25.2.8-0ubuntu0.24.04.4 [10.8 MB]
2026-10-08T03:36:28.8825878Z Get:90 http://archive.ubuntu.com/ubuntu noble-updates/main amd64 libsdl2-2.0-0 amd64 2.30.0+dfsg-1ubuntu3.1 [686 kB]
2026-10-08T03:36:28.9811758Z Get:91 http://archive.ubuntu.com/ubuntu noble/main amd64 libxcb-shape0 amd64 1.15-1ubuntu2 [6100 B]
2026-10-08T03:36:29.0760945Z Get:92 http://archive.ubuntu.com/ubuntu noble/main amd64 libxv1 amd64 2:1.0.11-1.1build1 [10.7 kB]
2026-10-08T03:36:29.1711252Z Get:93 http://archive.ubuntu.com/ubuntu noble/universe amd64 libavdevice60 amd64 7:6.1.1-3ubuntu5 [82.3 kB]
2026-10-08T03:36:29.2667274Z Get:94 http://archive.ubuntu.com/ubuntu noble/universe amd64 ffmpeg amd64 7:6.1.1-3ubuntu5 [1879 kB]
2026-10-08T03:36:29.3722049Z Get:95 http://archive.ubuntu.com/ubuntu noble/main amd64 fonts-noto-cjk all 1:20230817+repack1-3 [61.2 MB]
2026-10-08T03:36:29.8112352Z Get:96 http://archive.ubuntu.com/ubuntu noble-updates/universe amd64 libigdgmm12 amd64 22.3.17+ds1-1ubuntu1 [145 kB]
2026-10-08T03:36:30.0421707Z Get:97 http://archive.ubuntu.com/ubuntu noble-updates/universe amd64 intel-media-va-driver amd64 24.1.0+dfsg1-1ubuntu0.2 [3163 kB]
2026-10-08T03:36:30.1542223Z Get:98 http://archive.ubuntu.com/ubuntu noble/universe amd64 libaacs0 amd64 0.11.1-2build1 [62.9 kB]
2026-10-08T03:36:30.2494027Z Get:99 http://archive.ubuntu.com/ubuntu noble/universe amd64 libbdplus0 amd64 0.2.0-3build1 [52.2 kB]
2026-10-08T03:36:30.3447311Z Get:100 http://archive.ubuntu.com/ubuntu noble/main amd64 libbrotli-dev amd64 1.1.0-2build2 [353 kB]
2026-10-08T03:36:30.4413106Z Get:101 http://archive.ubuntu.com/ubuntu noble-updates/main amd64 libbz2-dev amd64 1.0.8-5.1ubuntu0.1 [33.6 kB]
2026-10-08T03:36:30.6553643Z Get:102 http://archive.ubuntu.com/ubuntu noble/main amd64 libdecor-0-plugin-1-gtk amd64 0.2.2-1build2 [22.2 kB]
2026-10-08T03:36:30.8789154Z Get:103 http://archive.ubuntu.com/ubuntu noble-security/main amd64 libpng-dev amd64 1.6.43-5ubuntu0.7 [265 kB]
2026-10-08T03:36:31.3631320Z Get:104 http://archive.ubuntu.com/ubuntu noble-updates/main amd64 libfreetype-dev amd64 2.13.2+dfsg-1ubuntu0.2 [574 kB]
2026-10-08T03:36:31.7257799Z Get:105 http://archive.ubuntu.com/ubuntu noble-updates/main amd64 uuid-dev amd64 2.39.3-9ubuntu6.6 [33.5 kB]
2026-10-08T03:36:31.8359359Z Get:106 http://archive.ubuntu.com/ubuntu noble/main amd64 libfontconfig-dev amd64 2.15.0-1.1ubuntu2 [161 kB]
2026-10-08T03:36:31.9654398Z Get:107 http://archive.ubuntu.com/ubuntu noble/main amd64 libfontconfig1-dev amd64 2.15.0-1.1ubuntu2 [1840 B]
2026-10-08T03:36:32.0721627Z Get:108 http://archive.ubuntu.com/ubuntu noble-security/main amd64 libpng-tools amd64 1.6.43-5ubuntu0.7 [28.5 kB]
2026-10-08T03:36:32.1831544Z Get:109 http://archive.ubuntu.com/ubuntu noble-updates/main amd64 librsvg2-common amd64 2.58.0+dfsg-1ubuntu0.1 [11.8 kB]
2026-10-08T03:36:32.2899508Z Get:110 http://archive.ubuntu.com/ubuntu noble-updates/universe amd64 mesa-va-drivers amd64 25.2.8-0ubuntu0.24.04.4 [6778 B]
2026-10-08T03:36:32.3966781Z Get:111 http://archive.ubuntu.com/ubuntu noble-updates/main amd64 mesa-vdpau-drivers amd64 25.2.8-0ubuntu0.24.04.4 [23.4 kB]
2026-10-08T03:36:32.5060233Z Get:112 http://archive.ubuntu.com/ubuntu noble-updates/universe amd64 i965-va-driver amd64 2.4.1+dfsg1-1ubuntu0.2 [332 kB]
2026-10-08T03:36:32.6607214Z Get:113 http://archive.ubuntu.com/ubuntu noble-updates/universe amd64 va-driver-all amd64 2.20.0-2ubuntu0.2 [5014 B]
2026-10-08T03:36:32.7675973Z Get:114 http://archive.ubuntu.com/ubuntu noble/main amd64 vdpau-driver-all amd64 1.5-2build1 [4414 B]
2026-10-08T03:36:32.8744366Z Get:115 http://archive.ubuntu.com/ubuntu noble/universe amd64 pocketsphinx-en-us all 0.8.0+real5prealpha+1-15ubuntu5 [27.4 MB]
2026-10-08T03:36:34.2230325Z Fetched 169 MB in 16s (10.5 MB/s)
2026-10-08T03:36:34.2745368Z (Reading database ... 
2026-10-08T03:36:34.2745894Z (Reading database ... 5%
2026-10-08T03:36:34.2746288Z (Reading database ... 10%
2026-10-08T03:36:34.2746653Z (Reading database ... 15%
2026-10-08T03:36:34.2747126Z (Reading database ... 20%
2026-10-08T03:36:34.2747588Z (Reading database ... 25%
2026-10-08T03:36:34.2748489Z (Reading database ... 30%
2026-10-08T03:36:34.2748997Z (Reading database ... 35%
2026-10-08T03:36:34.2749389Z (Reading database ... 40%
2026-10-08T03:36:34.2749693Z (Reading database ... 45%
2026-10-08T03:36:34.2750053Z (Reading database ... 50%
2026-10-08T03:36:34.2796812Z (Reading database ... 55%
2026-10-08T03:36:34.4241456Z (Reading database ... 60%
2026-10-08T03:36:34.6299315Z (Reading database ... 65%
2026-10-08T03:36:34.8358853Z (Reading database ... 70%
2026-10-08T03:36:34.9881928Z (Reading database ... 75%
2026-10-08T03:36:35.1385612Z (Reading database ... 80%
2026-10-08T03:36:35.3259018Z (Reading database ... 85%
2026-10-08T03:36:35.4918767Z (Reading database ... 90%
2026-10-08T03:36:35.6364247Z (Reading database ... 95%
2026-10-08T03:36:35.6365020Z (Reading database ... 100%
2026-10-08T03:36:35.6365499Z (Reading database ... 202296 files and directories currently installed.)
2026-10-08T03:36:35.6413609Z Preparing to unpack .../000-libpng16-16t64_1.6.43-5ubuntu0.7_amd64.deb ...
2026-10-08T03:36:35.6460377Z Unpacking libpng16-16t64:amd64 (1.6.43-5ubuntu0.7) over (1.6.43-5ubuntu0.6) ...
2026-10-08T03:36:35.6751765Z Selecting previously unselected package bzip2-doc.
2026-10-08T03:36:35.6884447Z Preparing to unpack .../001-bzip2-doc_1.0.8-5.1ubuntu0.1_all.deb ...
2026-10-08T03:36:35.6891948Z Unpacking bzip2-doc (1.0.8-5.1ubuntu0.1) ...
2026-10-08T03:36:35.7140690Z Selecting previously unselected package libva2:amd64.
2026-10-08T03:36:35.7271955Z Preparing to unpack .../002-libva2_2.20.0-2ubuntu0.2_amd64.deb ...
2026-10-08T03:36:35.7279838Z Unpacking libva2:amd64 (2.20.0-2ubuntu0.2) ...
2026-10-08T03:36:35.7495643Z Selecting previously unselected package libva-drm2:amd64.
2026-10-08T03:36:35.7627180Z Preparing to unpack .../003-libva-drm2_2.20.0-2ubuntu0.2_amd64.deb ...
2026-10-08T03:36:35.7635448Z Unpacking libva-drm2:amd64 (2.20.0-2ubuntu0.2) ...
2026-10-08T03:36:35.7836125Z Selecting previously unselected package libva-x11-2:amd64.
2026-10-08T03:36:35.7967043Z Preparing to unpack .../004-libva-x11-2_2.20.0-2ubuntu0.2_amd64.deb ...
2026-10-08T03:36:35.7975873Z Unpacking libva-x11-2:amd64 (2.20.0-2ubuntu0.2) ...
2026-10-08T03:36:35.8181651Z Selecting previously unselected package libvdpau1:amd64.
2026-10-08T03:36:35.8312218Z Preparing to unpack .../005-libvdpau1_1.5-2build1_amd64.deb ...
2026-10-08T03:36:35.8319360Z Unpacking libvdpau1:amd64 (1.5-2build1) ...
2026-10-08T03:36:35.8531250Z Selecting previously unselected package libvpl2.
2026-10-08T03:36:35.8663207Z Preparing to unpack .../006-libvpl2_2023.3.0-1build1_amd64.deb ...
2026-10-08T03:36:35.8670282Z Unpacking libvpl2 (2023.3.0-1build1) ...
2026-10-08T03:36:35.8892090Z Selecting previously unselected package ocl-icd-libopencl1:amd64.
2026-10-08T03:36:35.9021449Z Preparing to unpack .../007-ocl-icd-libopencl1_2.3.2-1build1_amd64.deb ...
2026-10-08T03:36:35.9028068Z Unpacking ocl-icd-libopencl1:amd64 (2.3.2-1build1) ...
2026-10-08T03:36:35.9258295Z Selecting previously unselected package libavutil58:amd64.
2026-10-08T03:36:35.9388874Z Preparing to unpack .../008-libavutil58_7%3a6.1.1-3ubuntu5_amd64.deb ...
2026-10-08T03:36:35.9396186Z Unpacking libavutil58:amd64 (7:6.1.1-3ubuntu5) ...
2026-10-08T03:36:35.9644250Z Selecting previously unselected package libcodec2-1.2:amd64.
2026-10-08T03:36:35.9776285Z Preparing to unpack .../009-libcodec2-1.2_1.2.0-2build1_amd64.deb ...
2026-10-08T03:36:35.9784018Z Unpacking libcodec2-1.2:amd64 (1.2.0-2build1) ...
2026-10-08T03:36:36.0517011Z Selecting previously unselected package libdav1d7:amd64.
2026-10-08T03:36:36.0647287Z Preparing to unpack .../010-libdav1d7_1.4.1-1build1_amd64.deb ...
2026-10-08T03:36:36.0653912Z Unpacking libdav1d7:amd64 (1.4.1-1build1) ...
2026-10-08T03:36:36.0924122Z Selecting previously unselected package libgsm1:amd64.
2026-10-08T03:36:36.1054203Z Preparing to unpack .../011-libgsm1_1.0.22-1build1_amd64.deb ...
2026-10-08T03:36:36.1061014Z Unpacking libgsm1:amd64 (1.0.22-1build1) ...
2026-10-08T03:36:36.1264341Z Selecting previously unselected package libhwy1t64:amd64.
2026-10-08T03:36:36.1394080Z Preparing to unpack .../012-libhwy1t64_1.0.7-8.1build1_amd64.deb ...
2026-10-08T03:36:36.1400808Z Unpacking libhwy1t64:amd64 (1.0.7-8.1build1) ...
2026-10-08T03:36:36.1713958Z Selecting previously unselected package libjxl0.7:amd64.
2026-10-08T03:36:36.1845741Z Preparing to unpack .../013-libjxl0.7_0.7.0-10.2ubuntu6.1_amd64.deb ...
2026-10-08T03:36:36.1852485Z Unpacking libjxl0.7:amd64 (0.7.0-10.2ubuntu6.1) ...
2026-10-08T03:36:36.2180516Z Selecting previously unselected package libmp3lame0:amd64.
2026-10-08T03:36:36.2310006Z Preparing to unpack .../014-libmp3lame0_3.100-6build1_amd64.deb ...
2026-10-08T03:36:36.2316919Z Unpacking libmp3lame0:amd64 (3.100-6build1) ...
2026-10-08T03:36:36.2531807Z Selecting previously unselected package libopus0:amd64.
2026-10-08T03:36:36.2659693Z Preparing to unpack .../015-libopus0_1.4-1build1_amd64.deb ...
2026-10-08T03:36:36.2666907Z Unpacking libopus0:amd64 (1.4-1build1) ...
2026-10-08T03:36:36.2888940Z Selecting previously unselected package librav1e0:amd64.
2026-10-08T03:36:36.3018437Z Preparing to unpack .../016-librav1e0_0.7.1-2_amd64.deb ...
2026-10-08T03:36:36.3042936Z Unpacking librav1e0:amd64 (0.7.1-2) ...
2026-10-08T03:36:36.3355145Z Selecting previously unselected package librsvg2-2:amd64.
2026-10-08T03:36:36.3484893Z Preparing to unpack .../017-librsvg2-2_2.58.0+dfsg-1ubuntu0.1_amd64.deb ...
2026-10-08T03:36:36.3490874Z Unpacking librsvg2-2:amd64 (2.58.0+dfsg-1ubuntu0.1) ...
2026-10-08T03:36:36.3947116Z Selecting previously unselected package libshine3:amd64.
2026-10-08T03:36:36.4075708Z Preparing to unpack .../018-libshine3_3.1.1-2build1_amd64.deb ...
2026-10-08T03:36:36.4083008Z Unpacking libshine3:amd64 (3.1.1-2build1) ...
2026-10-08T03:36:36.4300662Z Selecting previously unselected package libspeex1:amd64.
2026-10-08T03:36:36.4428684Z Preparing to unpack .../019-libspeex1_1.2.1-2ubuntu2.24.04.1_amd64.deb ...
2026-10-08T03:36:36.4436310Z Unpacking libspeex1:amd64 (1.2.1-2ubuntu2.24.04.1) ...
2026-10-08T03:36:36.4642835Z Selecting previously unselected package libsvtav1enc1d1:amd64.
2026-10-08T03:36:36.4772544Z Preparing to unpack .../020-libsvtav1enc1d1_1.7.0+dfsg-2build1_amd64.deb ...
2026-10-08T03:36:36.4779912Z Unpacking libsvtav1enc1d1:amd64 (1.7.0+dfsg-2build1) ...
2026-10-08T03:36:36.5261496Z Selecting previously unselected package libsoxr0:amd64.
2026-10-08T03:36:36.5392688Z Preparing to unpack .../021-libsoxr0_0.1.3-4build3_amd64.deb ...
2026-10-08T03:36:36.5400118Z Unpacking libsoxr0:amd64 (0.1.3-4build3) ...
2026-10-08T03:36:36.5609919Z Selecting previously unselected package libswresample4:amd64.
2026-10-08T03:36:36.5740921Z Preparing to unpack .../022-libswresample4_7%3a6.1.1-3ubuntu5_amd64.deb ...
2026-10-08T03:36:36.5748903Z Unpacking libswresample4:amd64 (7:6.1.1-3ubuntu5) ...
2026-10-08T03:36:36.5959321Z Selecting previously unselected package libtheora0:amd64.
2026-10-08T03:36:36.6088086Z Preparing to unpack .../023-libtheora0_1.1.1+dfsg.1-16.1build3_amd64.deb ...
2026-10-08T03:36:36.6094407Z Unpacking libtheora0:amd64 (1.1.1+dfsg.1-16.1build3) ...
2026-10-08T03:36:36.6326705Z Selecting previously unselected package libtwolame0:amd64.
2026-10-08T03:36:36.6456147Z Preparing to unpack .../024-libtwolame0_0.4.0-2build3_amd64.deb ...
2026-10-08T03:36:36.6464767Z Unpacking libtwolame0:amd64 (0.4.0-2build3) ...
2026-10-08T03:36:36.6673426Z Selecting previously unselected package libvorbisenc2:amd64.
2026-10-08T03:36:36.6801608Z Preparing to unpack .../025-libvorbisenc2_1.3.7-1build3_amd64.deb ...
2026-10-08T03:36:36.6809897Z Unpacking libvorbisenc2:amd64 (1.3.7-1build3) ...
2026-10-08T03:36:36.7037231Z Selecting previously unselected package libvpx9:amd64.
2026-10-08T03:36:36.7166796Z Preparing to unpack .../026-libvpx9_1.14.0-1ubuntu2.3_amd64.deb ...
2026-10-08T03:36:36.7173829Z Unpacking libvpx9:amd64 (1.14.0-1ubuntu2.3) ...
2026-10-08T03:36:36.7497158Z Selecting previously unselected package libx264-164:amd64.
2026-10-08T03:36:36.7626801Z Preparing to unpack .../027-libx264-164_2%3a0.164.3108+git31e19f9-1_amd64.deb ...
2026-10-08T03:36:36.7634706Z Unpacking libx264-164:amd64 (2:0.164.3108+git31e19f9-1) ...
2026-10-08T03:36:38.0263410Z Selecting previously unselected package libx265-199:amd64.
2026-10-08T03:36:38.0395753Z Preparing to unpack .../028-libx265-199_3.5-2build1_amd64.deb ...
2026-10-08T03:36:38.1359679Z Unpacking libx265-199:amd64 (3.5-2build1) ...
2026-10-08T03:36:38.4946685Z Selecting previously unselected package libxvidcore4:amd64.
2026-10-08T03:36:38.5075859Z Preparing to unpack .../029-libxvidcore4_2%3a1.3.7-1build1_amd64.deb ...
2026-10-08T03:36:38.5083451Z Unpacking libxvidcore4:amd64 (2:1.3.7-1build1) ...
2026-10-08T03:36:38.5313113Z Selecting previously unselected package libzvbi-common.
2026-10-08T03:36:38.5439653Z Preparing to unpack .../030-libzvbi-common_0.2.42-2_all.deb ...
2026-10-08T03:36:38.5446862Z Unpacking libzvbi-common (0.2.42-2) ...
2026-10-08T03:36:38.6198241Z Selecting previously unselected package libzvbi0t64:amd64.
2026-10-08T03:36:38.6329041Z Preparing to unpack .../031-libzvbi0t64_0.2.42-2_amd64.deb ...
2026-10-08T03:36:38.6337612Z Unpacking libzvbi0t64:amd64 (0.2.42-2) ...
2026-10-08T03:36:38.6586610Z Selecting previously unselected package libavcodec60:amd64.
2026-10-08T03:36:38.6715537Z Preparing to unpack .../032-libavcodec60_7%3a6.1.1-3ubuntu5_amd64.deb ...
2026-10-08T03:36:38.6724841Z Unpacking libavcodec60:amd64 (7:6.1.1-3ubuntu5) ...
2026-10-08T03:36:38.7555980Z Selecting previously unselected package libraw1394-11:amd64.
2026-10-08T03:36:38.7687053Z Preparing to unpack .../033-libraw1394-11_2.1.2-2build3_amd64.deb ...
2026-10-08T03:36:38.7696668Z Unpacking libraw1394-11:amd64 (2.1.2-2build3) ...
2026-10-08T03:36:38.7903802Z Selecting previously unselected package libavc1394-0:amd64.
2026-10-08T03:36:38.8033154Z Preparing to unpack .../034-libavc1394-0_0.5.4-5build3_amd64.deb ...
2026-10-08T03:36:38.8041180Z Unpacking libavc1394-0:amd64 (0.5.4-5build3) ...
2026-10-08T03:36:38.8379449Z Preparing to unpack .../035-libfreetype6_2.13.2+dfsg-1ubuntu0.2_amd64.deb ...
2026-10-08T03:36:38.8402536Z Unpacking libfreetype6:amd64 (2.13.2+dfsg-1ubuntu0.2) over (2.13.2+dfsg-1ubuntu0.1) ...
2026-10-08T03:36:38.8664911Z Selecting previously unselected package libunibreak5:amd64.
2026-10-08T03:36:38.8798018Z Preparing to unpack .../036-libunibreak5_5.1-2build1_amd64.deb ...
2026-10-08T03:36:38.8804806Z Unpacking libunibreak5:amd64 (5.1-2build1) ...
2026-10-08T03:36:38.9014721Z Selecting previously unselected package libass9:amd64.
2026-10-08T03:36:38.9142626Z Preparing to unpack .../037-libass9_1%3a0.17.1-2build1_amd64.deb ...
2026-10-08T03:36:38.9150860Z Unpacking libass9:amd64 (1:0.17.1-2build1) ...
2026-10-08T03:36:38.9365548Z Selecting previously unselected package libudfread0:amd64.
2026-10-08T03:36:38.9493384Z Preparing to unpack .../038-libudfread0_1.1.2-1build1_amd64.deb ...
2026-10-08T03:36:38.9501417Z Unpacking libudfread0:amd64 (1.1.2-1build1) ...
2026-10-08T03:36:38.9715124Z Selecting previously unselected package libbluray2:amd64.
2026-10-08T03:36:38.9843778Z Preparing to unpack .../039-libbluray2_1%3a1.3.4-1build1_amd64.deb ...
2026-10-08T03:36:38.9850954Z Unpacking libbluray2:amd64 (1:1.3.4-1build1) ...
2026-10-08T03:36:39.0069975Z Selecting previously unselected package libchromaprint1:amd64.
2026-10-08T03:36:39.0197570Z Preparing to unpack .../040-libchromaprint1_1.5.1-5_amd64.deb ...
2026-10-08T03:36:39.0205097Z Unpacking libchromaprint1:amd64 (1.5.1-5) ...
2026-10-08T03:36:39.0408642Z Selecting previously unselected package libgme0:amd64.
2026-10-08T03:36:39.0538841Z Preparing to unpack .../041-libgme0_0.6.3-7build1_amd64.deb ...
2026-10-08T03:36:39.0546431Z Unpacking libgme0:amd64 (0.6.3-7build1) ...
2026-10-08T03:36:39.0788721Z Selecting previously unselected package libmpg123-0t64:amd64.
2026-10-08T03:36:39.0918326Z Preparing to unpack .../042-libmpg123-0t64_1.32.5-1ubuntu1.1_amd64.deb ...
2026-10-08T03:36:39.0926884Z Unpacking libmpg123-0t64:amd64 (1.32.5-1ubuntu1.1) ...
2026-10-08T03:36:39.1161744Z Selecting previously unselected package libopenmpt0t64:amd64.
2026-10-08T03:36:39.1292477Z Preparing to unpack .../043-libopenmpt0t64_0.7.3-1.1build3_amd64.deb ...
2026-10-08T03:36:39.1300495Z Unpacking libopenmpt0t64:amd64 (0.7.3-1.1build3) ...
2026-10-08T03:36:39.1572976Z Selecting previously unselected package libcjson1:amd64.
2026-10-08T03:36:39.1703409Z Preparing to unpack .../044-libcjson1_1.7.17-1_amd64.deb ...
2026-10-08T03:36:39.1711152Z Unpacking libcjson1:amd64 (1.7.17-1) ...
2026-10-08T03:36:39.1922113Z Selecting previously unselected package libmbedcrypto7t64:amd64.
2026-10-08T03:36:39.2050835Z Preparing to unpack .../045-libmbedcrypto7t64_2.28.8-1_amd64.deb ...
2026-10-08T03:36:39.2058980Z Unpacking libmbedcrypto7t64:amd64 (2.28.8-1) ...
2026-10-08T03:36:39.2289624Z Selecting previously unselected package librist4:amd64.
2026-10-08T03:36:39.2421013Z Preparing to unpack .../046-librist4_0.2.10+dfsg-2_amd64.deb ...
2026-10-08T03:36:39.2429565Z Unpacking librist4:amd64 (0.2.10+dfsg-2) ...
2026-10-08T03:36:39.2639891Z Selecting previously unselected package libsrt1.5-gnutls:amd64.
2026-10-08T03:36:39.2770230Z Preparing to unpack .../047-libsrt1.5-gnutls_1.5.3-1build2_amd64.deb ...
2026-10-08T03:36:39.2778080Z Unpacking libsrt1.5-gnutls:amd64 (1.5.3-1build2) ...
2026-10-08T03:36:39.3037050Z Selecting previously unselected package libssh-gcrypt-4:amd64.
2026-10-08T03:36:39.3168753Z Preparing to unpack .../048-libssh-gcrypt-4_0.10.6-2ubuntu0.5_amd64.deb ...
2026-10-08T03:36:39.3176149Z Unpacking libssh-gcrypt-4:amd64 (0.10.6-2ubuntu0.5) ...
2026-10-08T03:36:39.3412233Z Selecting previously unselected package libavformat60:amd64.
2026-10-08T03:36:39.3542162Z Preparing to unpack .../049-libavformat60_7%3a6.1.1-3ubuntu5_amd64.deb ...
2026-10-08T03:36:39.3549789Z Unpacking libavformat60:amd64 (7:6.1.1-3ubuntu5) ...
2026-10-08T03:36:39.3854455Z Selecting previously unselected package libbs2b0:amd64.
2026-10-08T03:36:39.3982939Z Preparing to unpack .../050-libbs2b0_3.1.0+dfsg-7build1_amd64.deb ...
2026-10-08T03:36:39.4006866Z Unpacking libbs2b0:amd64 (3.1.0+dfsg-7build1) ...
2026-10-08T03:36:39.4237986Z Selecting previously unselected package libflite1:amd64.
2026-10-08T03:36:39.4367014Z Preparing to unpack .../051-libflite1_2.2-6build3_amd64.deb ...
2026-10-08T03:36:39.4376060Z Unpacking libflite1:amd64 (2.2-6build3) ...
2026-10-08T03:36:39.5460183Z Selecting previously unselected package libserd-0-0:amd64.
2026-10-08T03:36:39.5589716Z Preparing to unpack .../052-libserd-0-0_0.32.2-1_amd64.deb ...
2026-10-08T03:36:39.5597361Z Unpacking libserd-0-0:amd64 (0.32.2-1) ...
2026-10-08T03:36:39.5807822Z Selecting previously unselected package libzix-0-0:amd64.
2026-10-08T03:36:39.5935915Z Preparing to unpack .../053-libzix-0-0_0.4.2-2build1_amd64.deb ...
2026-10-08T03:36:39.5944107Z Unpacking libzix-0-0:amd64 (0.4.2-2build1) ...
2026-10-08T03:36:39.6157183Z Selecting previously unselected package libsord-0-0:amd64.
2026-10-08T03:36:39.6290423Z Preparing to unpack .../054-libsord-0-0_0.16.16-2build1_amd64.deb ...
2026-10-08T03:36:39.6298715Z Unpacking libsord-0-0:amd64 (0.16.16-2build1) ...
2026-10-08T03:36:39.6510650Z Selecting previously unselected package libsratom-0-0:amd64.
2026-10-08T03:36:39.6641276Z Preparing to unpack .../055-libsratom-0-0_0.6.16-1build1_amd64.deb ...
2026-10-08T03:36:39.6649553Z Unpacking libsratom-0-0:amd64 (0.6.16-1build1) ...
2026-10-08T03:36:39.6855362Z Selecting previously unselected package liblilv-0-0:amd64.
2026-10-08T03:36:39.6986072Z Preparing to unpack .../056-liblilv-0-0_0.24.22-1build1_amd64.deb ...
2026-10-08T03:36:39.6993166Z Unpacking liblilv-0-0:amd64 (0.24.22-1build1) ...
2026-10-08T03:36:39.7203712Z Selecting previously unselected package libmysofa1:amd64.
2026-10-08T03:36:39.7334175Z Preparing to unpack .../057-libmysofa1_1.3.2+dfsg-2ubuntu2_amd64.deb ...
2026-10-08T03:36:39.7342844Z Unpacking libmysofa1:amd64 (1.3.2+dfsg-2ubuntu2) ...
2026-10-08T03:36:39.7588879Z Selecting previously unselected package libplacebo338:amd64.
2026-10-08T03:36:39.7718767Z Preparing to unpack .../058-libplacebo338_6.338.2-2build1_amd64.deb ...
2026-10-08T03:36:39.7726376Z Unpacking libplacebo338:amd64 (6.338.2-2build1) ...
2026-10-08T03:36:39.8290712Z Selecting previously unselected package libblas3:amd64.
2026-10-08T03:36:39.8423679Z Preparing to unpack .../059-libblas3_3.12.0-3build1.1_amd64.deb ...
2026-10-08T03:36:39.8458709Z Unpacking libblas3:amd64 (3.12.0-3build1.1) ...
2026-10-08T03:36:39.8699089Z Selecting previously unselected package liblapack3:amd64.
2026-10-08T03:36:39.8828819Z Preparing to unpack .../060-liblapack3_3.12.0-3build1.1_amd64.deb ...
2026-10-08T03:36:39.8861564Z Unpacking liblapack3:amd64 (3.12.0-3build1.1) ...
2026-10-08T03:36:39.9337524Z Selecting previously unselected package libasyncns0:amd64.
2026-10-08T03:36:39.9466705Z Preparing to unpack .../061-libasyncns0_0.8-6build4_amd64.deb ...
2026-10-08T03:36:39.9474975Z Unpacking libasyncns0:amd64 (0.8-6build4) ...
2026-10-08T03:36:39.9681431Z Selecting previously unselected package libflac12t64:amd64.
2026-10-08T03:36:39.9810629Z Preparing to unpack .../062-libflac12t64_1.4.3+ds-2.1ubuntu2_amd64.deb ...
2026-10-08T03:36:39.9818978Z Unpacking libflac12t64:amd64 (1.4.3+ds-2.1ubuntu2) ...
2026-10-08T03:36:40.0045287Z Selecting previously unselected package libsndfile1:amd64.
2026-10-08T03:36:40.0174138Z Preparing to unpack .../063-libsndfile1_1.2.2-1ubuntu5.24.04.1_amd64.deb ...
2026-10-08T03:36:40.0181604Z Unpacking libsndfile1:amd64 (1.2.2-1ubuntu5.24.04.1) ...
2026-10-08T03:36:40.0425529Z Selecting previously unselected package libpulse0:amd64.
2026-10-08T03:36:40.0554730Z Preparing to unpack .../064-libpulse0_1%3a16.1+dfsg1-2ubuntu10.1_amd64.deb ...
2026-10-08T03:36:40.0624022Z Unpacking libpulse0:amd64 (1:16.1+dfsg1-2ubuntu10.1) ...
2026-10-08T03:36:40.0881732Z Selecting previously unselected package libsphinxbase3t64:amd64.
2026-10-08T03:36:40.1010320Z Preparing to unpack .../065-libsphinxbase3t64_0.8+5prealpha+1-17build2_amd64.deb ...
2026-10-08T03:36:40.1018886Z Unpacking libsphinxbase3t64:amd64 (0.8+5prealpha+1-17build2) ...
2026-10-08T03:36:40.1343127Z Selecting previously unselected package libpocketsphinx3:amd64.
2026-10-08T03:36:40.1472421Z Preparing to unpack .../066-libpocketsphinx3_0.8.0+real5prealpha+1-15ubuntu5_amd64.deb ...
2026-10-08T03:36:40.1480329Z Unpacking libpocketsphinx3:amd64 (0.8.0+real5prealpha+1-15ubuntu5) ...
2026-10-08T03:36:40.1701715Z Selecting previously unselected package libpostproc57:amd64.
2026-10-08T03:36:40.1830437Z Preparing to unpack .../067-libpostproc57_7%3a6.1.1-3ubuntu5_amd64.deb ...
2026-10-08T03:36:40.1838949Z Unpacking libpostproc57:amd64 (7:6.1.1-3ubuntu5) ...
2026-10-08T03:36:40.2049499Z Selecting previously unselected package libsamplerate0:amd64.
2026-10-08T03:36:40.2177755Z Preparing to unpack .../068-libsamplerate0_0.2.2-4build1_amd64.deb ...
2026-10-08T03:36:40.2186544Z Unpacking libsamplerate0:amd64 (0.2.2-4build1) ...
2026-10-08T03:36:40.2448812Z Selecting previously unselected package librubberband2:amd64.
2026-10-08T03:36:40.2576838Z Preparing to unpack .../069-librubberband2_3.3.0+dfsg-2build1_amd64.deb ...
2026-10-08T03:36:40.2585821Z Unpacking librubberband2:amd64 (3.3.0+dfsg-2build1) ...
2026-10-08T03:36:40.2807148Z Selecting previously unselected package libswscale7:amd64.
2026-10-08T03:36:40.2937550Z Preparing to unpack .../070-libswscale7_7%3a6.1.1-3ubuntu5_amd64.deb ...
2026-10-08T03:36:40.2946572Z Unpacking libswscale7:amd64 (7:6.1.1-3ubuntu5) ...
2026-10-08T03:36:40.3180057Z Selecting previously unselected package libvidstab1.1:amd64.
2026-10-08T03:36:40.3309553Z Preparing to unpack .../071-libvidstab1.1_1.1.0-2build1_amd64.deb ...
2026-10-08T03:36:40.3317678Z Unpacking libvidstab1.1:amd64 (1.1.0-2build1) ...
2026-10-08T03:36:40.3526541Z Selecting previously unselected package libzimg2:amd64.
2026-10-08T03:36:40.3660051Z Preparing to unpack .../072-libzimg2_3.0.5+ds1-1build1_amd64.deb ...
2026-10-08T03:36:40.3668457Z Unpacking libzimg2:amd64 (3.0.5+ds1-1build1) ...
2026-10-08T03:36:40.3906748Z Selecting previously unselected package libavfilter9:amd64.
2026-10-08T03:36:40.4036187Z Preparing to unpack .../073-libavfilter9_7%3a6.1.1-3ubuntu5_amd64.deb ...
2026-10-08T03:36:40.4043798Z Unpacking libavfilter9:amd64 (7:6.1.1-3ubuntu5) ...
2026-10-08T03:36:40.4713973Z Selecting previously unselected package libcaca0:amd64.
2026-10-08T03:36:40.4843667Z Preparing to unpack .../074-libcaca0_0.99.beta20-4ubuntu0.2_amd64.deb ...
2026-10-08T03:36:40.4851441Z Unpacking libcaca0:amd64 (0.99.beta20-4ubuntu0.2) ...
2026-10-08T03:36:40.5116171Z Selecting previously unselected package libcdio19t64:amd64.
2026-10-08T03:36:40.5245572Z Preparing to unpack .../075-libcdio19t64_2.1.0-4.1ubuntu1.2_amd64.deb ...
2026-10-08T03:36:40.5253942Z Unpacking libcdio19t64:amd64 (2.1.0-4.1ubuntu1.2) ...
2026-10-08T03:36:40.5471359Z Selecting previously unselected package libcdio-cdda2t64:amd64.
2026-10-08T03:36:40.5602736Z Preparing to unpack .../076-libcdio-cdda2t64_10.2+2.0.1-1.1build2_amd64.deb ...
2026-10-08T03:36:40.5609977Z Unpacking libcdio-cdda2t64:amd64 (10.2+2.0.1-1.1build2) ...
2026-10-08T03:36:40.5827757Z Selecting previously unselected package libcdio-paranoia2t64:amd64.
2026-10-08T03:36:40.5958482Z Preparing to unpack .../077-libcdio-paranoia2t64_10.2+2.0.1-1.1build2_amd64.deb ...
2026-10-08T03:36:40.5967213Z Unpacking libcdio-paranoia2t64:amd64 (10.2+2.0.1-1.1build2) ...
2026-10-08T03:36:40.6237557Z Selecting previously unselected package libdc1394-25:amd64.
2026-10-08T03:36:40.6365610Z Preparing to unpack .../078-libdc1394-25_2.2.6-4build1_amd64.deb ...
2026-10-08T03:36:40.6372969Z Unpacking libdc1394-25:amd64 (2.2.6-4build1) ...
2026-10-08T03:36:40.6588924Z Selecting previously unselected package libiec61883-0:amd64.
2026-10-08T03:36:40.6717711Z Preparing to unpack .../079-libiec61883-0_1.2.0-6build1_amd64.deb ...
2026-10-08T03:36:40.6726880Z Unpacking libiec61883-0:amd64 (1.2.0-6build1) ...
2026-10-08T03:36:40.6964736Z Selecting previously unselected package libjack-jackd2-0:amd64.
2026-10-08T03:36:40.7096177Z Preparing to unpack .../080-libjack-jackd2-0_1.9.21~dfsg-3ubuntu3_amd64.deb ...
2026-10-08T03:36:40.7104239Z Unpacking libjack-jackd2-0:amd64 (1.9.21~dfsg-3ubuntu3) ...
2026-10-08T03:36:40.7608157Z Selecting previously unselected package libopenal-data.
2026-10-08T03:36:40.7740894Z Preparing to unpack .../081-libopenal-data_1%3a1.23.1-4build1_all.deb ...
2026-10-08T03:36:40.7748787Z Unpacking libopenal-data (1:1.23.1-4build1) ...
2026-10-08T03:36:40.7982352Z Selecting previously unselected package libsndio7.0:amd64.
2026-10-08T03:36:40.8113802Z Preparing to unpack .../082-libsndio7.0_1.9.0-0.3build3_amd64.deb ...
2026-10-08T03:36:40.8121918Z Unpacking libsndio7.0:amd64 (1.9.0-0.3build3) ...
2026-10-08T03:36:40.8334155Z Selecting previously unselected package libopenal1:amd64.
2026-10-08T03:36:40.8468441Z Preparing to unpack .../083-libopenal1_1%3a1.23.1-4build1_amd64.deb ...
2026-10-08T03:36:40.8476985Z Unpacking libopenal1:amd64 (1:1.23.1-4build1) ...
2026-10-08T03:36:40.8743557Z Selecting previously unselected package libdecor-0-0:amd64.
2026-10-08T03:36:40.8873979Z Preparing to unpack .../084-libdecor-0-0_0.2.2-1build2_amd64.deb ...
2026-10-08T03:36:40.8881210Z Unpacking libdecor-0-0:amd64 (0.2.2-1build2) ...
2026-10-08T03:36:40.9230137Z Preparing to unpack .../085-libgl1-mesa-dri_25.2.8-0ubuntu0.24.04.4_amd64.deb ...
2026-10-08T03:36:40.9374818Z Unpacking libgl1-mesa-dri:amd64 (25.2.8-0ubuntu0.24.04.4) over (25.2.8-0ubuntu0.24.04.2) ...
2026-10-08T03:36:40.9902660Z Preparing to unpack .../086-libglx-mesa0_25.2.8-0ubuntu0.24.04.4_amd64.deb ...
2026-10-08T03:36:40.9924687Z Unpacking libglx-mesa0:amd64 (25.2.8-0ubuntu0.24.04.4) over (25.2.8-0ubuntu0.24.04.2) ...
2026-10-08T03:36:41.0305355Z Preparing to unpack .../087-libgbm1_25.2.8-0ubuntu0.24.04.4_amd64.deb ...
2026-10-08T03:36:41.0330652Z Unpacking libgbm1:amd64 (25.2.8-0ubuntu0.24.04.4) over (25.2.8-0ubuntu0.24.04.2) ...
2026-10-08T03:36:41.0701724Z Preparing to unpack .../088-mesa-libgallium_25.2.8-0ubuntu0.24.04.4_amd64.deb ...
2026-10-08T03:36:41.0723891Z Unpacking mesa-libgallium:amd64 (25.2.8-0ubuntu0.24.04.4) over (25.2.8-0ubuntu0.24.04.2) ...
2026-10-08T03:36:41.2470828Z Selecting previously unselected package libsdl2-2.0-0:amd64.
2026-10-08T03:36:41.2601588Z Preparing to unpack .../089-libsdl2-2.0-0_2.30.0+dfsg-1ubuntu3.1_amd64.deb ...
2026-10-08T03:36:41.2608879Z Unpacking libsdl2-2.0-0:amd64 (2.30.0+dfsg-1ubuntu3.1) ...
2026-10-08T03:36:41.2918789Z Selecting previously unselected package libxcb-shape0:amd64.
2026-10-08T03:36:41.3049375Z Preparing to unpack .../090-libxcb-shape0_1.15-1ubuntu2_amd64.deb ...
2026-10-08T03:36:41.3056838Z Unpacking libxcb-shape0:amd64 (1.15-1ubuntu2) ...
2026-10-08T03:36:41.3261683Z Selecting previously unselected package libxv1:amd64.
2026-10-08T03:36:41.3392773Z Preparing to unpack .../091-libxv1_2%3a1.0.11-1.1build1_amd64.deb ...
2026-10-08T03:36:41.3399545Z Unpacking libxv1:amd64 (2:1.0.11-1.1build1) ...
2026-10-08T03:36:41.3617735Z Selecting previously unselected package libavdevice60:amd64.
2026-10-08T03:36:41.3745794Z Preparing to unpack .../092-libavdevice60_7%3a6.1.1-3ubuntu5_amd64.deb ...
2026-10-08T03:36:41.3754856Z Unpacking libavdevice60:amd64 (7:6.1.1-3ubuntu5) ...
2026-10-08T03:36:41.3966077Z Selecting previously unselected package ffmpeg.
2026-10-08T03:36:41.4093671Z Preparing to unpack .../093-ffmpeg_7%3a6.1.1-3ubuntu5_amd64.deb ...
2026-10-08T03:36:41.4100977Z Unpacking ffmpeg (7:6.1.1-3ubuntu5) ...
2026-10-08T03:36:41.4533378Z Selecting previously unselected package fonts-noto-cjk.
2026-10-08T03:36:41.4662035Z Preparing to unpack .../094-fonts-noto-cjk_1%3a20230817+repack1-3_all.deb ...
2026-10-08T03:36:41.4726918Z Unpacking fonts-noto-cjk (1:20230817+repack1-3) ...
2026-10-08T03:36:41.9377128Z Selecting previously unselected package libigdgmm12:amd64.
2026-10-08T03:36:41.9507587Z Preparing to unpack .../095-libigdgmm12_22.3.17+ds1-1ubuntu1_amd64.deb ...
2026-10-08T03:36:41.9520034Z Unpacking libigdgmm12:amd64 (22.3.17+ds1-1ubuntu1) ...
2026-10-08T03:36:41.9739125Z Selecting previously unselected package intel-media-va-driver:amd64.
2026-10-08T03:36:41.9868072Z Preparing to unpack .../096-intel-media-va-driver_24.1.0+dfsg1-1ubuntu0.2_amd64.deb ...
2026-10-08T03:36:41.9876152Z Unpacking intel-media-va-driver:amd64 (24.1.0+dfsg1-1ubuntu0.2) ...
2026-10-08T03:36:42.0520712Z Selecting previously unselected package libaacs0:amd64.
2026-10-08T03:36:42.0649655Z Preparing to unpack .../097-libaacs0_0.11.1-2build1_amd64.deb ...
2026-10-08T03:36:42.0657968Z Unpacking libaacs0:amd64 (0.11.1-2build1) ...
2026-10-08T03:36:42.0882122Z Selecting previously unselected package libbdplus0:amd64.
2026-10-08T03:36:42.1011867Z Preparing to unpack .../098-libbdplus0_0.2.0-3build1_amd64.deb ...
2026-10-08T03:36:42.1024814Z Unpacking libbdplus0:amd64 (0.2.0-3build1) ...
2026-10-08T03:36:42.1229158Z Selecting previously unselected package libbrotli-dev:amd64.
2026-10-08T03:36:42.1357736Z Preparing to unpack .../099-libbrotli-dev_1.1.0-2build2_amd64.deb ...
2026-10-08T03:36:42.1364712Z Unpacking libbrotli-dev:amd64 (1.1.0-2build2) ...
2026-10-08T03:36:42.1628912Z Selecting previously unselected package libbz2-dev:amd64.
2026-10-08T03:36:42.1759816Z Preparing to unpack .../100-libbz2-dev_1.0.8-5.1ubuntu0.1_amd64.deb ...
2026-10-08T03:36:42.1767143Z Unpacking libbz2-dev:amd64 (1.0.8-5.1ubuntu0.1) ...
2026-10-08T03:36:42.1970452Z Selecting previously unselected package libdecor-0-plugin-1-gtk:amd64.
2026-10-08T03:36:42.2099675Z Preparing to unpack .../101-libdecor-0-plugin-1-gtk_0.2.2-1build2_amd64.deb ...
2026-10-08T03:36:42.2106333Z Unpacking libdecor-0-plugin-1-gtk:amd64 (0.2.2-1build2) ...
2026-10-08T03:36:42.2313050Z Selecting previously unselected package libpng-dev:amd64.
2026-10-08T03:36:42.2442738Z Preparing to unpack .../102-libpng-dev_1.6.43-5ubuntu0.7_amd64.deb ...
2026-10-08T03:36:42.2449810Z Unpacking libpng-dev:amd64 (1.6.43-5ubuntu0.7) ...
2026-10-08T03:36:42.2734921Z Selecting previously unselected package libfreetype-dev:amd64.
2026-10-08T03:36:42.2864147Z Preparing to unpack .../103-libfreetype-dev_2.13.2+dfsg-1ubuntu0.2_amd64.deb ...
2026-10-08T03:36:42.2871486Z Unpacking libfreetype-dev:amd64 (2.13.2+dfsg-1ubuntu0.2) ...
2026-10-08T03:36:42.3207355Z Selecting previously unselected package uuid-dev:amd64.
2026-10-08T03:36:42.3336558Z Preparing to unpack .../104-uuid-dev_2.39.3-9ubuntu6.6_amd64.deb ...
2026-10-08T03:36:42.3343899Z Unpacking uuid-dev:amd64 (2.39.3-9ubuntu6.6) ...
2026-10-08T03:36:42.3606652Z Selecting previously unselected package libfontconfig-dev:amd64.
2026-10-08T03:36:42.3738786Z Preparing to unpack .../105-libfontconfig-dev_2.15.0-1.1ubuntu2_amd64.deb ...
2026-10-08T03:36:42.3746248Z Unpacking libfontconfig-dev:amd64 (2.15.0-1.1ubuntu2) ...
2026-10-08T03:36:42.4004447Z Selecting previously unselected package libfontconfig1-dev:amd64.
2026-10-08T03:36:42.4133288Z Preparing to unpack .../106-libfontconfig1-dev_2.15.0-1.1ubuntu2_amd64.deb ...
2026-10-08T03:36:42.4140722Z Unpacking libfontconfig1-dev:amd64 (2.15.0-1.1ubuntu2) ...
2026-10-08T03:36:42.4342818Z Selecting previously unselected package libpng-tools.
2026-10-08T03:36:42.4470626Z Preparing to unpack .../107-libpng-tools_1.6.43-5ubuntu0.7_amd64.deb ...
2026-10-08T03:36:42.4478892Z Unpacking libpng-tools (1.6.43-5ubuntu0.7) ...
2026-10-08T03:36:42.4692406Z Selecting previously unselected package librsvg2-common:amd64.
2026-10-08T03:36:42.4822198Z Preparing to unpack .../108-librsvg2-common_2.58.0+dfsg-1ubuntu0.1_amd64.deb ...
2026-10-08T03:36:42.4829853Z Unpacking librsvg2-common:amd64 (2.58.0+dfsg-1ubuntu0.1) ...
2026-10-08T03:36:42.5115277Z Selecting previously unselected package mesa-va-drivers:amd64.
2026-10-08T03:36:42.5247634Z Preparing to unpack .../109-mesa-va-drivers_25.2.8-0ubuntu0.24.04.4_amd64.deb ...
2026-10-08T03:36:42.5252100Z Unpacking mesa-va-drivers:amd64 (25.2.8-0ubuntu0.24.04.4) ...
2026-10-08T03:36:42.5458084Z Selecting previously unselected package mesa-vdpau-drivers:amd64.
2026-10-08T03:36:42.5587597Z Preparing to unpack .../110-mesa-vdpau-drivers_25.2.8-0ubuntu0.24.04.4_amd64.deb ...
2026-10-08T03:36:42.5594807Z Unpacking mesa-vdpau-drivers:amd64 (25.2.8-0ubuntu0.24.04.4) ...
2026-10-08T03:36:42.5814160Z Selecting previously unselected package i965-va-driver:amd64.
2026-10-08T03:36:42.5943048Z Preparing to unpack .../111-i965-va-driver_2.4.1+dfsg1-1ubuntu0.2_amd64.deb ...
2026-10-08T03:36:42.5951159Z Unpacking i965-va-driver:amd64 (2.4.1+dfsg1-1ubuntu0.2) ...
2026-10-08T03:36:42.6226238Z Selecting previously unselected package va-driver-all:amd64.
2026-10-08T03:36:42.6355595Z Preparing to unpack .../112-va-driver-all_2.20.0-2ubuntu0.2_amd64.deb ...
2026-10-08T03:36:42.6365215Z Unpacking va-driver-all:amd64 (2.20.0-2ubuntu0.2) ...
2026-10-08T03:36:42.6556043Z Selecting previously unselected package vdpau-driver-all:amd64.
2026-10-08T03:36:42.6685349Z Preparing to unpack .../113-vdpau-driver-all_1.5-2build1_amd64.deb ...
2026-10-08T03:36:42.6702484Z Unpacking vdpau-driver-all:amd64 (1.5-2build1) ...
2026-10-08T03:36:42.6901345Z Selecting previously unselected package pocketsphinx-en-us.
2026-10-08T03:36:42.7030072Z Preparing to unpack .../114-pocketsphinx-en-us_0.8.0+real5prealpha+1-15ubuntu5_all.deb ...
2026-10-08T03:36:42.7037198Z Unpacking pocketsphinx-en-us (0.8.0+real5prealpha+1-15ubuntu5) ...
2026-10-08T03:36:42.9123072Z Setting up libgme0:amd64 (0.6.3-7build1) ...
2026-10-08T03:36:42.9356063Z Setting up libchromaprint1:amd64 (1.5.1-5) ...
2026-10-08T03:36:42.9371659Z Setting up libssh-gcrypt-4:amd64 (0.10.6-2ubuntu0.5) ...
2026-10-08T03:36:42.9413313Z Setting up libhwy1t64:amd64 (1.0.7-8.1build1) ...
2026-10-08T03:36:42.9432308Z Setting up libudfread0:amd64 (1.1.2-1build1) ...
2026-10-08T03:36:42.9449873Z Setting up bzip2-doc (1.0.8-5.1ubuntu0.1) ...
2026-10-08T03:36:42.9468948Z Setting up mesa-libgallium:amd64 (25.2.8-0ubuntu0.24.04.4) ...
2026-10-08T03:36:42.9485803Z Setting up libraw1394-11:amd64 (2.1.2-2build3) ...
2026-10-08T03:36:42.9502777Z Setting up libspeex1:amd64 (1.2.1-2ubuntu2.24.04.1) ...
2026-10-08T03:36:42.9520200Z Setting up libshine3:amd64 (3.1.1-2build1) ...
2026-10-08T03:36:42.9537496Z Setting up libcaca0:amd64 (0.99.beta20-4ubuntu0.2) ...
2026-10-08T03:36:42.9557241Z Setting up libvpl2 (2023.3.0-1build1) ...
2026-10-08T03:36:42.9574911Z Setting up libx264-164:amd64 (2:0.164.3108+git31e19f9-1) ...
2026-10-08T03:36:42.9592704Z Setting up libtwolame0:amd64 (0.4.0-2build3) ...
2026-10-08T03:36:42.9610236Z Setting up libmbedcrypto7t64:amd64 (2.28.8-1) ...
2026-10-08T03:36:42.9627155Z Setting up libgbm1:amd64 (25.2.8-0ubuntu0.24.04.4) ...
2026-10-08T03:36:42.9644162Z Setting up libgsm1:amd64 (1.0.22-1build1) ...
2026-10-08T03:36:42.9662317Z Setting up libsoxr0:amd64 (0.1.3-4build3) ...
2026-10-08T03:36:42.9679905Z Setting up libzix-0-0:amd64 (0.4.2-2build1) ...
2026-10-08T03:36:42.9702597Z Setting up libcodec2-1.2:amd64 (1.2.0-2build1) ...
2026-10-08T03:36:42.9718886Z Setting up fonts-noto-cjk (1:20230817+repack1-3) ...
2026-10-08T03:36:42.9785079Z Setting up libgl1-mesa-dri:amd64 (25.2.8-0ubuntu0.24.04.4) ...
2026-10-08T03:36:42.9856267Z Setting up libmysofa1:amd64 (1.3.2+dfsg-2ubuntu2) ...
2026-10-08T03:36:42.9879321Z Setting up libxcb-shape0:amd64 (1.15-1ubuntu2) ...
2026-10-08T03:36:42.9895535Z Setting up libcdio19t64:amd64 (2.1.0-4.1ubuntu1.2) ...
2026-10-08T03:36:42.9913671Z Setting up libsvtav1enc1d1:amd64 (1.7.0+dfsg-2build1) ...
2026-10-08T03:36:42.9931581Z Setting up libigdgmm12:amd64 (22.3.17+ds1-1ubuntu1) ...
2026-10-08T03:36:42.9948150Z Setting up libmpg123-0t64:amd64 (1.32.5-1ubuntu1.1) ...
2026-10-08T03:36:42.9964963Z Setting up libcjson1:amd64 (1.7.17-1) ...
2026-10-08T03:36:42.9982791Z Setting up libxvidcore4:amd64 (2:1.3.7-1build1) ...
2026-10-08T03:36:42.9998571Z Setting up librav1e0:amd64 (0.7.1-2) ...
2026-10-08T03:36:43.0017198Z Setting up libcdio-cdda2t64:amd64 (10.2+2.0.1-1.1build2) ...
2026-10-08T03:36:43.0036386Z Setting up librist4:amd64 (0.2.10+dfsg-2) ...
2026-10-08T03:36:43.0052980Z Setting up librsvg2-2:amd64 (2.58.0+dfsg-1ubuntu0.1) ...
2026-10-08T03:36:43.0069872Z Setting up libblas3:amd64 (3.12.0-3build1.1) ...
2026-10-08T03:36:43.0129979Z update-alternatives: using /usr/lib/x86_64-linux-gnu/blas/libblas.so.3 to provide /usr/lib/x86_64-linux-gnu/libblas.so.3 (libblas.so.3-x86_64-linux-gnu) in auto mode
2026-10-08T03:36:43.0145570Z Setting up libplacebo338:amd64 (6.338.2-2build1) ...
2026-10-08T03:36:43.0161398Z Setting up libva2:amd64 (2.20.0-2ubuntu0.2) ...
2026-10-08T03:36:43.0182108Z Setting up uuid-dev:amd64 (2.39.3-9ubuntu6.6) ...
2026-10-08T03:36:43.0199177Z Setting up libopus0:amd64 (1.4-1build1) ...
2026-10-08T03:36:43.0216774Z Setting up libcdio-paranoia2t64:amd64 (10.2+2.0.1-1.1build2) ...
2026-10-08T03:36:43.0234863Z Setting up libdc1394-25:amd64 (2.2.6-4build1) ...
2026-10-08T03:36:43.0252268Z Setting up intel-media-va-driver:amd64 (24.1.0+dfsg1-1ubuntu0.2) ...
2026-10-08T03:36:43.0270534Z Setting up libxv1:amd64 (2:1.0.11-1.1build1) ...
2026-10-08T03:36:43.0287290Z Setting up libpng16-16t64:amd64 (1.6.43-5ubuntu0.7) ...
2026-10-08T03:36:43.0304200Z Setting up libunibreak5:amd64 (5.1-2build1) ...
2026-10-08T03:36:43.0320935Z Setting up libaacs0:amd64 (0.11.1-2build1) ...
2026-10-08T03:36:43.0338723Z Setting up libjxl0.7:amd64 (0.7.0-10.2ubuntu6.1) ...
2026-10-08T03:36:43.0356837Z Setting up librsvg2-common:amd64 (2.58.0+dfsg-1ubuntu0.1) ...
2026-10-08T03:36:43.0453142Z Setting up pocketsphinx-en-us (0.8.0+real5prealpha+1-15ubuntu5) ...
2026-10-08T03:36:43.0470452Z Setting up libx265-199:amd64 (3.5-2build1) ...
2026-10-08T03:36:43.0488252Z Setting up libsndio7.0:amd64 (1.9.0-0.3build3) ...
2026-10-08T03:36:43.0526155Z Setting up libbdplus0:amd64 (0.2.0-3build1) ...
2026-10-08T03:36:43.0545077Z Setting up libvidstab1.1:amd64 (1.1.0-2build1) ...
2026-10-08T03:36:43.0564836Z Setting up libvpx9:amd64 (1.14.0-1ubuntu2.3) ...
2026-10-08T03:36:43.0583284Z Setting up libsrt1.5-gnutls:amd64 (1.5.3-1build2) ...
2026-10-08T03:36:43.0601434Z Setting up libflite1:amd64 (2.2-6build3) ...
2026-10-08T03:36:43.0619195Z Setting up libdav1d7:amd64 (1.4.1-1build1) ...
2026-10-08T03:36:43.0636901Z Setting up libva-drm2:amd64 (2.20.0-2ubuntu0.2) ...
2026-10-08T03:36:43.0666030Z Setting up ocl-icd-libopencl1:amd64 (2.3.2-1build1) ...
2026-10-08T03:36:43.0687365Z Setting up libasyncns0:amd64 (0.8-6build4) ...
2026-10-08T03:36:43.0705860Z Setting up libvdpau1:amd64 (1.5-2build1) ...
2026-10-08T03:36:43.0732529Z Setting up libbs2b0:amd64 (3.1.0+dfsg-7build1) ...
2026-10-08T03:36:43.0751322Z Setting up libtheora0:amd64 (1.1.1+dfsg.1-16.1build3) ...
2026-10-08T03:36:43.0770022Z Setting up libdecor-0-0:amd64 (0.2.2-1build2) ...
2026-10-08T03:36:43.0788137Z Setting up libzimg2:amd64 (3.0.5+ds1-1build1) ...
2026-10-08T03:36:43.0807846Z Setting up libopenal-data (1:1.23.1-4build1) ...
2026-10-08T03:36:43.0833366Z Setting up libflac12t64:amd64 (1.4.3+ds-2.1ubuntu2) ...
2026-10-08T03:36:43.0852823Z Setting up mesa-va-drivers:amd64 (25.2.8-0ubuntu0.24.04.4) ...
2026-10-08T03:36:43.0872177Z Setting up libsamplerate0:amd64 (0.2.2-4build1) ...
2026-10-08T03:36:43.0891395Z Setting up libva-x11-2:amd64 (2.20.0-2ubuntu0.2) ...
2026-10-08T03:36:43.0909841Z Setting up libdecor-0-plugin-1-gtk:amd64 (0.2.2-1build2) ...
2026-10-08T03:36:43.0929234Z Setting up libopenmpt0t64:amd64 (0.7.3-1.1build3) ...
2026-10-08T03:36:43.0947812Z Setting up libbrotli-dev:amd64 (1.1.0-2build2) ...
2026-10-08T03:36:43.0971200Z Setting up libzvbi-common (0.2.42-2) ...
2026-10-08T03:36:43.0990008Z Setting up libmp3lame0:amd64 (3.100-6build1) ...
2026-10-08T03:36:43.1009036Z Setting up i965-va-driver:amd64 (2.4.1+dfsg1-1ubuntu0.2) ...
2026-10-08T03:36:43.1027276Z Setting up libvorbisenc2:amd64 (1.3.7-1build3) ...
2026-10-08T03:36:43.1046426Z Setting up libiec61883-0:amd64 (1.2.0-6build1) ...
2026-10-08T03:36:43.1065016Z Setting up libserd-0-0:amd64 (0.32.2-1) ...
2026-10-08T03:36:43.1084220Z Setting up libbz2-dev:amd64 (1.0.8-5.1ubuntu0.1) ...
2026-10-08T03:36:43.1101652Z Setting up libavc1394-0:amd64 (0.5.4-5build3) ...
2026-10-08T03:36:43.1132705Z Setting up mesa-vdpau-drivers:amd64 (25.2.8-0ubuntu0.24.04.4) ...
2026-10-08T03:36:43.1162019Z Setting up liblapack3:amd64 (3.12.0-3build1.1) ...
2026-10-08T03:36:43.1224695Z update-alternatives: using /usr/lib/x86_64-linux-gnu/lapack/liblapack.so.3 to provide /usr/lib/x86_64-linux-gnu/liblapack.so.3 (liblapack.so.3-x86_64-linux-gnu) in auto mode
2026-10-08T03:36:43.1470753Z Setting up libglx-mesa0:amd64 (25.2.8-0ubuntu0.24.04.4) ...
2026-10-08T03:36:43.1489757Z Setting up libzvbi0t64:amd64 (0.2.42-2) ...
2026-10-08T03:36:43.1509155Z Setting up libpng-tools (1.6.43-5ubuntu0.7) ...
2026-10-08T03:36:43.1526773Z Setting up libpng-dev:amd64 (1.6.43-5ubuntu0.7) ...
2026-10-08T03:36:43.1543732Z Setting up libavutil58:amd64 (7:6.1.1-3ubuntu5) ...
2026-10-08T03:36:43.1562201Z Setting up libopenal1:amd64 (1:1.23.1-4build1) ...
2026-10-08T03:36:43.1578873Z Setting up libfreetype6:amd64 (2.13.2+dfsg-1ubuntu0.2) ...
2026-10-08T03:36:43.1618266Z Setting up libswresample4:amd64 (7:6.1.1-3ubuntu5) ...
2026-10-08T03:36:43.1637334Z Setting up va-driver-all:amd64 (2.20.0-2ubuntu0.2) ...
2026-10-08T03:36:43.1654170Z Setting up libavcodec60:amd64 (7:6.1.1-3ubuntu5) ...
2026-10-08T03:36:43.1672221Z Setting up librubberband2:amd64 (3.3.0+dfsg-2build1) ...
2026-10-08T03:36:43.1689689Z Setting up libjack-jackd2-0:amd64 (1.9.21~dfsg-3ubuntu3) ...
2026-10-08T03:36:43.1706506Z Setting up vdpau-driver-all:amd64 (1.5-2build1) ...
2026-10-08T03:36:43.1724851Z Setting up libsord-0-0:amd64 (0.16.16-2build1) ...
2026-10-08T03:36:43.1741317Z Setting up libpostproc57:amd64 (7:6.1.1-3ubuntu5) ...
2026-10-08T03:36:43.1761375Z Setting up libsratom-0-0:amd64 (0.6.16-1build1) ...
2026-10-08T03:36:43.1780078Z Setting up libsndfile1:amd64 (1.2.2-1ubuntu5.24.04.1) ...
2026-10-08T03:36:43.1798185Z Setting up libbluray2:amd64 (1:1.3.4-1build1) ...
2026-10-08T03:36:43.1816604Z Setting up liblilv-0-0:amd64 (0.24.22-1build1) ...
2026-10-08T03:36:43.1834261Z Setting up libswscale7:amd64 (7:6.1.1-3ubuntu5) ...
2026-10-08T03:36:43.1851996Z Setting up libpulse0:amd64 (1:16.1+dfsg1-2ubuntu10.1) ...
2026-10-08T03:36:43.1923524Z Setting up libavformat60:amd64 (7:6.1.1-3ubuntu5) ...
2026-10-08T03:36:43.1940836Z Setting up libfreetype-dev:amd64 (2.13.2+dfsg-1ubuntu0.2) ...
2026-10-08T03:36:43.1958551Z Setting up libsphinxbase3t64:amd64 (0.8+5prealpha+1-17build2) ...
2026-10-08T03:36:43.1975012Z Setting up libass9:amd64 (1:0.17.1-2build1) ...
2026-10-08T03:36:43.1993540Z Setting up libsdl2-2.0-0:amd64 (2.30.0+dfsg-1ubuntu3.1) ...
2026-10-08T03:36:43.2011366Z Setting up libfontconfig-dev:amd64 (2.15.0-1.1ubuntu2) ...
2026-10-08T03:36:43.2028866Z Setting up libpocketsphinx3:amd64 (0.8.0+real5prealpha+1-15ubuntu5) ...
2026-10-08T03:36:43.2046883Z Setting up libfontconfig1-dev:amd64 (2.15.0-1.1ubuntu2) ...
2026-10-08T03:36:43.2064932Z Setting up libavfilter9:amd64 (7:6.1.1-3ubuntu5) ...
2026-10-08T03:36:43.2086841Z Setting up libavdevice60:amd64 (7:6.1.1-3ubuntu5) ...
2026-10-08T03:36:43.2104321Z Setting up ffmpeg (7:6.1.1-3ubuntu5) ...
2026-10-08T03:36:43.2127601Z Processing triggers for fontconfig (2.15.0-1.1ubuntu2) ...
2026-10-08T03:36:43.2864240Z Processing triggers for libc-bin (2.39-0ubuntu8.9) ...
2026-10-08T03:36:43.3235292Z Processing triggers for man-db (2.12.0-4build2) ...
2026-10-08T03:36:43.3257845Z Not building database; man-db/auto-update is not 'true'.
2026-10-08T03:36:43.3286140Z Processing triggers for libgdk-pixbuf-2.0-0:amd64 (2.42.10+dfsg-3ubuntu3.3) ...
2026-10-08T03:36:43.3829442Z Processing triggers for install-info (7.1-3build2) ...
2026-10-08T03:36:44.3243413Z 
2026-10-08T03:36:44.3244036Z Running kernel seems to be up-to-date.
2026-10-08T03:36:44.3244345Z 
2026-10-08T03:36:44.3244617Z Restarting services...
2026-10-08T03:36:44.3322699Z  systemctl restart php8.3-fpm.service
2026-10-08T03:36:44.4347161Z 
2026-10-08T03:36:44.4348264Z No containers need to be restarted.
2026-10-08T03:36:44.4348545Z 
2026-10-08T03:36:44.4348924Z No user sessions are running outdated binaries.
2026-10-08T03:36:44.4349346Z 
2026-10-08T03:36:44.4349910Z No VM guests are running outdated hypervisor (qemu) binaries on this host.
2026-10-08T03:36:45.5503262Z NotoSansCJK-Regular.ttc: "Noto Sans CJK JP" "Regular"
2026-10-08T03:36:45.5540539Z ##[group]Run cargo fmt --all --check
2026-10-08T03:36:45.5540933Z [36;1mcargo fmt --all --check[0m
2026-10-08T03:36:45.5602677Z shell: /usr/bin/bash -e {0}
2026-10-08T03:36:45.5602961Z env:
2026-10-08T03:36:45.5603185Z   CARGO_TERM_COLOR: always
2026-10-08T03:36:45.5603472Z   RUSTFLAGS: -D warnings
2026-10-08T03:36:45.5603736Z   CARGO_HOME: /home/runner/.cargo
2026-10-08T03:36:45.5604014Z   CARGO_INCREMENTAL: 0
2026-10-08T03:36:45.5604258Z   CACHE_ON_FAILURE: true
2026-10-08T03:36:45.5604708Z ##[endgroup]
2026-10-08T03:36:52.1073976Z ##[group]Run python3 -m unittest discover -s scripts -p test_gui_test_artifact.py
2026-10-08T03:36:52.1075435Z [36;1mpython3 -m unittest discover -s scripts -p test_gui_test_artifact.py[0m
2026-10-08T03:36:52.1146912Z shell: /usr/bin/bash -e {0}
2026-10-08T03:36:52.1147189Z env:
2026-10-08T03:36:52.1147405Z   CARGO_TERM_COLOR: always
2026-10-08T03:36:52.1147668Z   RUSTFLAGS: -D warnings
2026-10-08T03:36:52.1147942Z   CARGO_HOME: /home/runner/.cargo
2026-10-08T03:36:52.1148209Z   CARGO_INCREMENTAL: 0
2026-10-08T03:36:52.1148438Z   CACHE_ON_FAILURE: true
2026-10-08T03:36:52.1148674Z ##[endgroup]
2026-10-08T03:36:52.2575849Z ..............
2026-10-08T03:36:52.2576405Z ----------------------------------------------------------------------
2026-10-08T03:36:52.2577082Z Ran 14 tests in 0.052s
2026-10-08T03:36:52.2577364Z 
2026-10-08T03:36:52.2577523Z OK
2026-10-08T03:36:52.2757415Z ##[group]Run set -o pipefail
2026-10-08T03:36:52.2757769Z [36;1mset -o pipefail[0m
2026-10-08T03:36:52.2758259Z [36;1mcargo clippy --workspace --all-targets --locked --keep-going 2>&1 | tee /tmp/hydrus-clippy.log[0m
2026-10-08T03:36:52.2820158Z shell: /usr/bin/bash -e {0}
2026-10-08T03:36:52.2820432Z env:
2026-10-08T03:36:52.2820638Z   CARGO_TERM_COLOR: always
2026-10-08T03:36:52.2820903Z   RUSTFLAGS: -D warnings
2026-10-08T03:36:52.2821161Z   CARGO_HOME: /home/runner/.cargo
2026-10-08T03:36:52.2821427Z   CARGO_INCREMENTAL: 0
2026-10-08T03:36:52.2821664Z   CACHE_ON_FAILURE: true
2026-10-08T03:36:52.2821895Z   CARGO_BUILD_JOBS: 1
2026-10-08T03:36:52.2822119Z ##[endgroup]
2026-10-08T03:36:52.5639225Z [1m[92m    Updating[0m crates.io index
2026-10-08T03:36:55.4578191Z [1m[92m    Checking[0m hydrus-gui v0.1.0 (/home/runner/work/hydrus-mine/hydrus-mine/crates/hydrus-gui)
2026-10-08T03:37:13.3888931Z [1m[92m    Checking[0m hydrus-cli v0.1.0 (/home/runner/work/hydrus-mine/hydrus-mine/crates/hydrus-cli)
2026-10-08T03:37:30.2022403Z [1m[92m    Checking[0m hydrus-gui-model v0.1.0 (/home/runner/work/hydrus-mine/hydrus-mine/crates/hydrus-gui-model)
2026-10-08T03:37:38.0683817Z [1m[92m    Checking[0m hydrus-store v0.1.0 (/home/runner/work/hydrus-mine/hydrus-mine/crates/hydrus-store)
2026-10-08T03:37:56.8256229Z [1m[92m    Checking[0m xtask v0.1.0 (/home/runner/work/hydrus-mine/hydrus-mine/xtask)
2026-10-08T03:37:57.1042534Z [1m[92m    Checking[0m hydrus-api v0.1.0 (/home/runner/work/hydrus-mine/hydrus-mine/crates/hydrus-api)
2026-10-08T03:38:01.5118483Z [1m[92m    Checking[0m hydrus-downloader-exchange v0.1.0 (/home/runner/work/hydrus-mine/hydrus-mine/crates/hydrus-downloader-exchange)
2026-10-08T03:38:02.9682812Z [1m[92m    Checking[0m hydrus-download v0.1.0 (/home/runner/work/hydrus-mine/hydrus-mine/crates/hydrus-download)
2026-10-08T03:38:06.5393972Z [1m[92m    Checking[0m hydrus-duplicates v0.1.0 (/home/runner/work/hydrus-mine/hydrus-mine/crates/hydrus-duplicates)
2026-10-08T03:38:06.7962983Z [1m[92m    Checking[0m hydrus-net v0.1.0 (/home/runner/work/hydrus-mine/hydrus-mine/crates/hydrus-net)
2026-10-08T03:38:08.8912218Z [1m[92m    Checking[0m hydrus-import v0.1.0 (/home/runner/work/hydrus-mine/hydrus-mine/crates/hydrus-import)
2026-10-08T03:38:09.9072811Z [1m[92m    Checking[0m hydrus-search v0.1.0 (/home/runner/work/hydrus-mine/hydrus-mine/crates/hydrus-search)
2026-10-08T03:38:10.5149992Z [1m[92m    Checking[0m hydrus-legacy v0.1.0 (/home/runner/work/hydrus-mine/hydrus-mine/crates/hydrus-legacy)
2026-10-08T03:38:10.5761070Z [1m[92m    Checking[0m hydrus-core v0.1.0 (/home/runner/work/hydrus-mine/hydrus-mine/crates/hydrus-core)
2026-10-08T03:38:22.4569262Z [1m[92m    Checking[0m hydrus-media v0.1.0 (/home/runner/work/hydrus-mine/hydrus-mine/crates/hydrus-media)
2026-10-08T03:38:25.7519156Z [1m[92m    Checking[0m hydrus-testkit v0.1.0 (/home/runner/work/hydrus-mine/hydrus-mine/crates/hydrus-testkit)
2026-10-08T03:38:25.8042661Z [1m[92m    Checking[0m hydrus-parse v0.1.0 (/home/runner/work/hydrus-mine/hydrus-mine/crates/hydrus-parse)
2026-10-08T03:38:27.2593043Z [1m[92m    Finished[0m `dev` profile [unoptimized + debuginfo] target(s) in 1m 34s
2026-10-08T03:38:27.3768835Z ##[group]Run actions/upload-artifact@v4
2026-10-08T03:38:27.3769157Z with:
2026-10-08T03:38:27.3769382Z   name: clippy-diagnostics-37723417979-1
2026-10-08T03:38:27.3769688Z   path: /tmp/hydrus-clippy.log
2026-10-08T03:38:27.3769960Z   if-no-files-found: ignore
2026-10-08T03:38:27.3770203Z   retention-days: 3
2026-10-08T03:38:27.3770422Z   compression-level: 6
2026-10-08T03:38:27.3770650Z   overwrite: false
2026-10-08T03:38:27.3770869Z   include-hidden-files: false
2026-10-08T03:38:27.3771119Z env:
2026-10-08T03:38:27.3771319Z   CARGO_TERM_COLOR: always
2026-10-08T03:38:27.3771559Z   RUSTFLAGS: -D warnings
2026-10-08T03:38:27.3771819Z   CARGO_HOME: /home/runner/.cargo
2026-10-08T03:38:27.3772075Z   CARGO_INCREMENTAL: 0
2026-10-08T03:38:27.3772294Z   CACHE_ON_FAILURE: true
2026-10-08T03:38:27.3772519Z ##[endgroup]
2026-10-08T03:38:27.5449258Z (node:4703) [DEP0040] DeprecationWarning: The `punycode` module is deprecated. Please use a userland alternative instead.
2026-10-08T03:38:27.5450127Z (Use `node --trace-deprecation ...` to show where the warning was created)
2026-10-08T03:38:27.5498089Z With the provided path, there will be 1 file uploaded
2026-10-08T03:38:27.5503608Z Artifact name is valid!
2026-10-08T03:38:27.5504196Z Root directory input is valid!
2026-10-08T03:38:27.7674761Z Beginning upload of artifact content to blob storage
2026-10-08T03:38:27.7868509Z (node:4703) [DEP0169] DeprecationWarning: `url.parse()` behavior is not standardized and prone to errors that have security implications. Use the WHATWG URL API instead. CVEs are not issued for `url.parse()` vulnerabilities.
2026-10-08T03:38:27.8111470Z Uploaded bytes 468
2026-10-08T03:38:27.8267778Z Finished uploading artifact content to blob storage!
2026-10-08T03:38:27.8269036Z SHA256 digest of uploaded artifact zip is 1011e91dc3adfcdecdc1b463fd0fcd9353e61fe9864ecdc1c3db118cfaef52a1
2026-10-08T03:38:27.8270713Z Finalizing artifact upload
2026-10-08T03:38:28.0403484Z Artifact clippy-diagnostics-37723417979-1.zip successfully finalized. Artifact ID 11527510055
2026-10-08T03:38:28.0405044Z Artifact clippy-diagnostics-37723417979-1 has been successfully uploaded! Final size is 468 bytes. Artifact ID is 11527510055
2026-10-08T03:38:28.0411091Z Artifact download URL: https://github.com/jkendall327/hydrus-mine/actions/runs/37723417979/artifacts/11527510055
2026-10-08T03:38:28.0539831Z ##[group]Run set -o pipefail
2026-10-08T03:38:28.0540171Z [36;1mset -o pipefail[0m
2026-10-08T03:38:28.0540441Z [36;1mmkdir -p target/tmp[0m
2026-10-08T03:38:28.0540876Z [36;1mcargo test --workspace --locked --no-fail-fast 2>&1 | tee /tmp/hydrus-tests.log[0m
2026-10-08T03:38:28.0604989Z shell: /usr/bin/bash -e {0}
2026-10-08T03:38:28.0605311Z env:
2026-10-08T03:38:28.0605535Z   CARGO_TERM_COLOR: always
2026-10-08T03:38:28.0605805Z   RUSTFLAGS: -D warnings
2026-10-08T03:38:28.0606073Z   CARGO_HOME: /home/runner/.cargo
2026-10-08T03:38:28.0606353Z   CARGO_INCREMENTAL: 0
2026-10-08T03:38:28.0606602Z   CACHE_ON_FAILURE: true
2026-10-08T03:38:28.0606846Z   CARGO_BUILD_JOBS: 1
2026-10-08T03:38:28.0607269Z   HYDRUS_INTERCHANGE_SCREENSHOTS: /home/runner/work/hydrus-mine/hydrus-mine/target/tmp
2026-10-08T03:38:28.0607760Z ##[endgroup]
2026-10-08T03:38:28.6286212Z [1m[92m   Compiling[0m hydrus-cli v0.1.0 (/home/runner/work/hydrus-mine/hydrus-mine/crates/hydrus-cli)
2026-10-08T03:38:37.8762234Z [1m[92m   Compiling[0m hydrus-gui v0.1.0 (/home/runner/work/hydrus-mine/hydrus-mine/crates/hydrus-gui)
2026-10-08T03:39:59.5678119Z [1m[92m   Compiling[0m hydrus-store v0.1.0 (/home/runner/work/hydrus-mine/hydrus-mine/crates/hydrus-store)
2026-10-08T03:40:25.1741615Z [1m[92m   Compiling[0m hydrus-gui-model v0.1.0 (/home/runner/work/hydrus-mine/hydrus-mine/crates/hydrus-gui-model)
2026-10-08T03:40:50.5740448Z [1m[92m   Compiling[0m xtask v0.1.0 (/home/runner/work/hydrus-mine/hydrus-mine/xtask)
2026-10-08T03:40:50.7123736Z [1m[92m   Compiling[0m hydrus-api v0.1.0 (/home/runner/work/hydrus-mine/hydrus-mine/crates/hydrus-api)
2026-10-08T03:41:16.5681488Z [1m[92m   Compiling[0m hydrus-download v0.1.0 (/home/runner/work/hydrus-mine/hydrus-mine/crates/hydrus-download)
2026-10-08T03:41:18.7253562Z [1m[92m   Compiling[0m hydrus-downloader-exchange v0.1.0 (/home/runner/work/hydrus-mine/hydrus-mine/crates/hydrus-downloader-exchange)
2026-10-08T03:41:38.8152126Z [1m[92m   Compiling[0m hydrus-duplicates v0.1.0 (/home/runner/work/hydrus-mine/hydrus-mine/crates/hydrus-duplicates)
2026-10-08T03:41:40.3904321Z [1m[92m   Compiling[0m hydrus-net v0.1.0 (/home/runner/work/hydrus-mine/hydrus-mine/crates/hydrus-net)
2026-10-08T03:41:49.9265003Z [1m[92m   Compiling[0m hydrus-import v0.1.0 (/home/runner/work/hydrus-mine/hydrus-mine/crates/hydrus-import)
2026-10-08T03:41:54.9209886Z [1m[92m   Compiling[0m hydrus-search v0.1.0 (/home/runner/work/hydrus-mine/hydrus-mine/crates/hydrus-search)
2026-10-08T03:41:57.8660333Z [1m[92m   Compiling[0m hydrus-legacy v0.1.0 (/home/runner/work/hydrus-mine/hydrus-mine/crates/hydrus-legacy)
2026-10-08T03:42:11.4989696Z [1m[92m   Compiling[0m hydrus-core v0.1.0 (/home/runner/work/hydrus-mine/hydrus-mine/crates/hydrus-core)
2026-10-08T03:42:25.8067844Z [1m[92m   Compiling[0m hydrus-media v0.1.0 (/home/runner/work/hydrus-mine/hydrus-mine/crates/hydrus-media)
2026-10-08T03:43:04.4572140Z [1m[92m   Compiling[0m hydrus-testkit v0.1.0 (/home/runner/work/hydrus-mine/hydrus-mine/crates/hydrus-testkit)
2026-10-08T03:43:04.7803488Z [1m[92m   Compiling[0m hydrus-parse v0.1.0 (/home/runner/work/hydrus-mine/hydrus-mine/crates/hydrus-parse)
2026-10-08T03:43:05.8937528Z [1m[92m    Finished[0m `test` profile [unoptimized + debuginfo] target(s) in 4m 37s
2026-10-08T03:43:05.9784214Z [1m[92m     Running[0m unittests src/lib.rs (target/debug/deps/hydrus_api-6491b1f57d45a925)
2026-10-08T03:43:05.9796755Z 
2026-10-08T03:43:05.9796947Z running 3 tests
2026-10-08T03:43:05.9808267Z test params::tests::bad_query_values_are_400s ... ok
2026-10-08T03:43:05.9808765Z test params::tests::json_bodies_convert_byte_params ... ok
2026-10-08T03:43:05.9809206Z test params::tests::query_values_are_typed_by_name ... ok
2026-10-08T03:43:05.9809475Z 
2026-10-08T03:43:05.9809749Z test result: ok. 3 passed; 0 failed; 0 ignored; 0 measured; 0 filtered out; finished in 0.00s
2026-10-08T03:43:05.9810129Z 
2026-10-08T03:43:05.9810821Z [1m[92m     Running[0m tests/activity.rs (target/debug/deps/activity-2f74d8120c007233)
2026-10-08T03:43:05.9835257Z 
2026-10-08T03:43:05.9835577Z running 1 test
2026-10-08T03:43:06.0376529Z test rejected_and_read_requests_publish_activity_while_locked_without_waiting_on_sqlite ... ok
2026-10-08T03:43:06.0377353Z 
2026-10-08T03:43:06.0377853Z test result: ok. 1 passed; 0 failed; 0 ignored; 0 measured; 0 filtered out; finished in 0.05s
2026-10-08T03:43:06.0378579Z 
2026-10-08T03:43:06.0390023Z [1m[92m     Running[0m tests/add_url.rs (target/debug/deps/add_url-800f2cc699b68c2e)
2026-10-08T03:43:06.0422089Z 
2026-10-08T03:43:06.0422305Z running 2 tests
2026-10-08T03:43:06.2053065Z test watchable_urls_start_watchers ... ok
2026-10-08T03:43:06.2079126Z test urls_go_to_named_queues_with_their_tags ... ok
2026-10-08T03:43:06.2079590Z 
2026-10-08T03:43:06.2080071Z test result: ok. 2 passed; 0 failed; 0 ignored; 0 measured; 0 filtered out; finished in 0.17s
2026-10-08T03:43:06.2080699Z 
2026-10-08T03:43:06.2102254Z [1m[92m     Running[0m tests/api_keys.rs (target/debug/deps/api_keys-c8c57f21b27246c2)
2026-10-08T03:43:06.2139904Z 
2026-10-08T03:43:06.2140070Z running 3 tests
2026-10-08T03:43:06.3044902Z test permission_revision_check_does_not_block_database_unlock ... ok
2026-10-08T03:43:06.3062426Z test edits_and_revocation_apply_to_existing_keys_and_sessions_immediately ... ok
2026-10-08T03:43:06.3068729Z test a_requested_key_works_once_accepted ... ok
2026-10-08T03:43:06.3069266Z 
2026-10-08T03:43:06.3069604Z test result: ok. 3 passed; 0 failed; 0 ignored; 0 measured; 0 filtered out; finished in 0.09s
2026-10-08T03:43:06.3069973Z 
2026-10-08T03:43:06.3083978Z [1m[92m     Running[0m tests/api_update_toasts.rs (target/debug/deps/api_update_toasts-1d9eefaa53d2faf3)
2026-10-08T03:43:06.3114176Z 
2026-10-08T03:43:06.3114376Z running 1 test
2026-10-08T03:43:06.4053603Z test real_cookie_header_requests_replay_qt_jobs_noops_errors_and_backend_values ... ok
2026-10-08T03:43:06.4054180Z 
2026-10-08T03:43:06.4054816Z test result: ok. 1 passed; 0 failed; 0 ignored; 0 measured; 0 filtered out; finished in 0.09s
2026-10-08T03:43:06.4055325Z 
2026-10-08T03:43:06.4065846Z [1m[92m     Running[0m tests/client_options.rs (target/debug/deps/client_options-c69f4b43ba8bb0f1)
2026-10-08T03:43:06.4096386Z 
2026-10-08T03:43:06.4096693Z running 1 test
2026-10-08T03:43:06.4602807Z test a_new_store_reports_a_new_clients_options ... ok
2026-10-08T03:43:06.4603178Z 
2026-10-08T03:43:06.4603465Z test result: ok. 1 passed; 0 failed; 0 ignored; 0 measured; 0 filtered out; finished in 0.05s
2026-10-08T03:43:06.4603835Z 
2026-10-08T03:43:06.4616229Z [1m[92m     Running[0m tests/conformance.rs (target/debug/deps/conformance-a2b837da22ab61d4)
2026-10-08T03:43:06.4647613Z 
2026-10-08T03:43:06.4647760Z running 1 test
2026-10-08T03:43:14.0466778Z test replay_recorded_scenarios ... ok
2026-10-08T03:43:14.0467069Z 
2026-10-08T03:43:14.0467356Z test result: ok. 1 passed; 0 failed; 0 ignored; 0 measured; 0 filtered out; finished in 7.58s
2026-10-08T03:43:14.0467728Z 
2026-10-08T03:43:14.0482454Z [1m[92m     Running[0m tests/delete_lock.rs (target/debug/deps/delete_lock-2462647e8c2c977b)
2026-10-08T03:43:14.0518174Z 
2026-10-08T03:43:14.0518427Z running 1 test
2026-10-08T03:43:16.6165693Z test the_delete_lock_matches_the_reference ... ok
2026-10-08T03:43:16.6166444Z 
2026-10-08T03:43:16.6167389Z test result: ok. 1 passed; 0 failed; 0 ignored; 0 measured; 0 filtered out; finished in 2.56s
2026-10-08T03:43:16.6168665Z 
2026-10-08T03:43:16.6183304Z [1m[92m     Running[0m tests/duplicate_merges.rs (target/debug/deps/duplicate_merges-4f5fdee61013e70b)
2026-10-08T03:43:16.6215251Z 
2026-10-08T03:43:16.6215411Z running 1 test
2026-10-08T03:43:18.4710540Z test merges_match_the_reference_database ... ok
2026-10-08T03:43:18.4710905Z 
2026-10-08T03:43:18.4711263Z test result: ok. 1 passed; 0 failed; 0 ignored; 0 measured; 0 filtered out; finished in 1.85s
2026-10-08T03:43:18.4711762Z 
2026-10-08T03:43:18.4730663Z [1m[92m     Running[0m tests/oracle_downloads.rs (target/debug/deps/oracle_downloads-786afc00e03b0f69)
2026-10-08T03:43:18.4763267Z 
2026-10-08T03:43:18.4763603Z running 1 test
2026-10-08T03:43:57.2154871Z test the_downloader_does_what_the_reference_did ... ok
2026-10-08T03:43:57.2155424Z 
2026-10-08T03:43:57.2155929Z test result: ok. 1 passed; 0 failed; 0 ignored; 0 measured; 0 filtered out; finished in 38.74s
2026-10-08T03:43:57.2156670Z 
2026-10-08T03:43:57.2178628Z [1m[92m     Running[0m tests/pages.rs (target/debug/deps/pages-7cfa37476cea956a)
2026-10-08T03:43:57.2210908Z 
2026-10-08T03:43:57.2211105Z running 7 tests
2026-10-08T03:43:57.4946760Z test a_store_without_pages_has_a_top_notebook_that_keeps_its_key ... ok
2026-10-08T03:43:57.4968901Z test a_url_pages_importer_is_described_as_the_references ... ok
2026-10-08T03:43:57.4999038Z test gallery_and_watcher_pages_importers_are_described_as_the_references ... ok
2026-10-08T03:43:57.5000389Z test a_pages_selection_is_reported ... ok
2026-10-08T03:43:57.6471432Z test media_viewers_are_the_open_clients ... ok
2026-10-08T03:43:57.7043677Z test the_selected_pages_lead_to_the_page_shown ... ok
2026-10-08T03:43:57.7079197Z test what_is_asked_waits_for_an_open_client ... ok
2026-10-08T03:43:57.7079669Z 
2026-10-08T03:43:57.7080131Z test result: ok. 7 passed; 0 failed; 0 ignored; 0 measured; 0 filtered out; finished in 0.49s
2026-10-08T03:43:57.7080787Z 
2026-10-08T03:43:57.7108401Z [1m[92m     Running[0m tests/popup_actions.rs (target/debug/deps/popup_actions-bddb1ddce4b64b4e)
2026-10-08T03:43:57.7145292Z 
2026-10-08T03:43:57.7145931Z running 1 test
2026-10-08T03:43:57.7627804Z test callable_dispatch_requires_permission_and_a_current_producer_and_reports_its_label ... ok
2026-10-08T03:43:57.7628703Z 
2026-10-08T03:43:57.7629250Z test result: ok. 1 passed; 0 failed; 0 ignored; 0 measured; 0 filtered out; finished in 0.05s
2026-10-08T03:43:57.7630020Z 
2026-10-08T03:43:57.7637626Z [1m[92m     Running[0m tests/rating_svg.rs (target/debug/deps/rating_svg-1a12785f54287bc2)
2026-10-08T03:43:57.7669672Z 
2026-10-08T03:43:57.7669934Z running 1 test
2026-10-08T03:43:57.8865020Z test rating_svgs_are_served_as_the_reference_serves_them ... ok
2026-10-08T03:43:57.8865712Z 
2026-10-08T03:43:57.8866281Z test result: ok. 1 passed; 0 failed; 0 ignored; 0 measured; 0 filtered out; finished in 0.12s
2026-10-08T03:43:57.8867054Z 
2026-10-08T03:43:57.8878690Z [1m[92m     Running[0m tests/render.rs (target/debug/deps/render-8d1e46a3c050b8c1)
2026-10-08T03:43:57.8917014Z 
2026-10-08T03:43:57.8917297Z running 2 tests
2026-10-08T03:43:58.1963558Z test ugoiras_render_as_the_reference_renders_them ... ok
2026-10-08T03:43:58.2698981Z test renders_match_the_reference ... ok
2026-10-08T03:43:58.2699384Z 
2026-10-08T03:43:58.2699809Z test result: ok. 2 passed; 0 failed; 0 ignored; 0 measured; 0 filtered out; finished in 0.38s
2026-10-08T03:43:58.2700213Z 
2026-10-08T03:43:58.2720685Z [1m[92m     Running[0m tests/url_class_search.rs (target/debug/deps/url_class_search-a64e57bd728760e3)
2026-10-08T03:43:58.2752067Z 
2026-10-08T03:43:58.2752293Z running 1 test
2026-10-08T03:43:58.4693819Z test url_class_searches_match_the_reference ... ok
2026-10-08T03:43:58.4694331Z 
2026-10-08T03:43:58.4695033Z test result: ok. 1 passed; 0 failed; 0 ignored; 0 measured; 0 filtered out; finished in 0.19s
2026-10-08T03:43:58.4695715Z 
2026-10-08T03:43:58.4714230Z [1m[92m     Running[0m unittests src/main.rs (target/debug/deps/hydrus-a98ffeefb679781a)
2026-10-08T03:43:58.4733613Z 
2026-10-08T03:43:58.4733794Z running 7 tests
2026-10-08T03:43:58.4742235Z test client_api_listener::tests::cli_overrides_and_unsupported_https_are_explicit ... ok
2026-10-08T03:43:58.5561750Z test folder_wait::tests::manager_finishing_between_worker_and_wait_cannot_lose_its_wakeup ... ok
2026-10-08T03:43:58.5570046Z test tests::one_process_at_a_time_does_what_serve_does ... ok
2026-10-08T03:43:58.5652219Z test physical_deletes::tests::dropping_owner_wakes_idle_task_and_releases_store_without_restart ... ok
2026-10-08T03:43:58.5872833Z test trash_maintenance::tests::dropping_owner_wakes_idle_task_and_releases_store_without_restart ... ok
2026-10-08T03:43:58.7672572Z test folder_wait::tests::an_already_seen_active_request_does_not_spin_the_scheduler ... ok
2026-10-08T03:44:02.5698939Z test folder_wait::tests::manager_acquisition_and_release_interrupt_the_real_scheduler_rest ... ok
2026-10-08T03:44:02.5699454Z 
2026-10-08T03:44:02.5699753Z test result: ok. 7 passed; 0 failed; 0 ignored; 0 measured; 0 filtered out; finished in 4.10s
2026-10-08T03:44:02.5700198Z 
2026-10-08T03:44:02.5712946Z [1m[92m     Running[0m tests/serve.rs (target/debug/deps/serve-76e300e8fadb762b)
2026-10-08T03:44:02.5730962Z 
2026-10-08T03:44:02.5731160Z running 10 tests
2026-10-08T03:44:03.4044471Z test attached_it_stops_when_its_input_closes ... ok
2026-10-08T03:44:04.9297988Z test a_client_api_that_cant_listen_stops_nothing_else ... ok
2026-10-08T03:44:04.9782798Z test a_download_is_published_as_it_goes_and_can_be_cancelled ... ok
2026-10-08T03:44:06.2856600Z test service_edits_reach_the_running_client_api_without_a_restart ... ok
2026-10-08T03:44:06.3385403Z test queues_another_process_nudges_are_worked_on_at_once ... ok
2026-10-08T03:44:08.4486140Z test changed_options_apply_without_a_restart ... ok
2026-10-08T03:44:08.5109334Z test unattached_it_runs_on_without_input ... ok
2026-10-08T03:44:09.6766492Z test client_api_listener_reconfigures_recovers_and_preserves_daemon_state ... ok
2026-10-08T03:44:10.7370754Z test with_no_port_there_is_no_client_api ... ok
2026-10-08T03:44:10.7404783Z test urls_typed_into_a_page_are_added_and_a_closed_pages_queue_waits ... ok
2026-10-08T03:44:10.7405419Z 
2026-10-08T03:44:10.7405889Z test result: ok. 10 passed; 0 failed; 0 ignored; 0 measured; 0 filtered out; finished in 8.17s
2026-10-08T03:44:10.7406419Z 
2026-10-08T03:44:10.7426225Z [1m[92m     Running[0m unittests src/lib.rs (target/debug/deps/hydrus_core-f9d70ba98334c7ca)
2026-10-08T03:44:10.7442287Z 
2026-10-08T03:44:10.7442475Z running 89 tests
2026-10-08T03:44:10.7447424Z test bandwidth::tests::a_one_per_second_rule_waits_for_the_next_second ... ok
2026-10-08T03:44:10.7448405Z test bandwidth::tests::calendar_buckets_are_utc ... ok
2026-10-08T03:44:10.7449287Z test bandwidth::tests::a_daily_limit_holds_until_usage_ages_out ... ok
2026-10-08T03:44:10.7450202Z test bandwidth::tests::gallery_tokens_space_out_each_site ... ok
2026-10-08T03:44:10.7451151Z test bandwidth::tests::specific_rules_replace_the_default ... ok
2026-10-08T03:44:10.7451942Z test casefold::tests::folds_as_python_does ... ok
2026-10-08T03:44:10.7454914Z test casefold::tests::the_table_is_sorted ... ok
2026-10-08T03:44:10.7475888Z test hash::tests::hex_round_trip ... ok
2026-10-08T03:44:10.7486850Z test hash::tests::perceptual_distance ... ok
2026-10-08T03:44:10.7487739Z test hash::tests::rejects_bad_hashes ... ok
2026-10-08T03:44:10.7488635Z test import_options::tests::layers_most_specific_first ... ok
2026-10-08T03:44:10.7489735Z test import_options::tests::presentation_shows_files_as_the_reference_s_does ... ok
2026-10-08T03:44:10.7490659Z test import_options::tests::vetoes_like_the_reference ... ok
2026-10-08T03:44:10.7491213Z test lock::tests::only_the_password_opens_a_lock ... ok
2026-10-08T03:44:10.7491880Z test media_viewer::tests::mpv_video_defaults_fit_the_canvas_and_keep_regular_zoom_steps ... ok
2026-10-08T03:44:10.7492533Z test mime::tests::serde_uses_integer_codes ... ok
2026-10-08T03:44:10.7516015Z test content::tests::timestamp_codes_match_reference_implementation ... ok
2026-10-08T03:44:10.7517341Z test content::tests::canvas_codes_match_reference_implementation ... ok
2026-10-08T03:44:10.7521308Z test numbers::tests::groups_thousands ... ok
2026-10-08T03:44:10.7522831Z test numbers::tests::percentages ... ok
2026-10-08T03:44:10.7523737Z test numbers::tests::sizes_read_like_the_reference ... ok
2026-10-08T03:44:10.7529200Z test pages::tests::a_session_round_trips_through_json ... ok
2026-10-08T03:44:10.7532859Z test pages::tests::names_for_menus_have_their_counts_and_elide_in_the_middle ... ok
2026-10-08T03:44:10.7538343Z test mime::tests::table_matches_reference_implementation ... ok
2026-10-08T03:44:10.7565470Z test pages::tests::pages_have_the_references_page_types ... ok
2026-10-08T03:44:10.7566433Z test pybytes::tests::base64_like_python ... ok
2026-10-08T03:44:10.7567227Z test pybytes::tests::hex_like_python ... ok
2026-10-08T03:44:10.7568000Z test pyhtml::tests::unescapes_like_python ... ok
2026-10-08T03:44:10.7568902Z test pyjson::tests::floats_round_trip_through_python_repr ... ok
2026-10-08T03:44:10.7569806Z test pyjson::tests::parses_what_python_accepts ... ok
2026-10-08T03:44:10.7570607Z test pyjson::tests::python_float_repr ... ok
2026-10-08T03:44:10.7571364Z test pyjson::tests::python_string_escapes ... ok
2026-10-08T03:44:10.7572187Z test pyjson::tests::rejects_what_python_rejects ... ok
2026-10-08T03:44:10.7573084Z test pyjson::tests::round_trips_reference_style_documents ... ok
2026-10-08T03:44:10.7574087Z test search::context::tests::all_known_files_absorbs_other_domains ... ok
2026-10-08T03:44:10.7575457Z test search::context::tests::defaults_match_the_client_api ... ok
2026-10-08T03:44:10.7576360Z test search::number::tests::number_tests_render_like_the_reference ... ok
2026-10-08T03:44:10.7577538Z test search::recent::mixed_tests::old_system_history_decodes_and_simple_edits_keep_newest_five_per_type ... ok
2026-10-08T03:44:10.7578826Z test search::recent::tests::pushed_predicates_are_kept_as_the_reference_keeps_them ... ok
2026-10-08T03:44:10.7579893Z test search::recent::tests::widths_and_heights_are_types_13_and_14 ... ok
2026-10-08T03:44:10.7580774Z test content::tests::codes_match_reference_implementation ... ok
2026-10-08T03:44:10.7581508Z test search::time::tests::renders_deltas ... ok
2026-10-08T03:44:10.7582134Z test search::time::tests::validates_dates ... ok
2026-10-08T03:44:10.7582800Z test service::tests::builtin_keys_render_readably ... ok
2026-10-08T03:44:10.7583576Z test sort::tests::matches_recorded_clean_tags_order ... ok
2026-10-08T03:44:10.7610417Z test sort::tests::numbers_sort_numerically_and_before_text ... ok
2026-10-08T03:44:10.7635581Z test sort::tests::unicode_decimal_chunks_precede_letters_but_keep_ascii_split_boundaries ... ok
2026-10-08T03:44:10.7643950Z test subscriptions::tests::checks_follow_file_velocity ... ok
2026-10-08T03:44:10.7645431Z test service::tests::table_matches_reference_implementation ... ok
2026-10-08T03:44:10.7646451Z test pyjson::tests::strings_round_trip ... ok
2026-10-08T03:44:10.7647280Z test tag::tests::combine_round_trips ... ok
2026-10-08T03:44:10.7657251Z test tag_filter::tests::specific_rules_win ... ok
2026-10-08T03:44:10.7665660Z test tag_presentation::tests::decimals_are_python_s ... ok
2026-10-08T03:44:10.7667633Z test tag_presentation::tests::rows_take_their_namespace_s_colour ... ok
2026-10-08T03:44:10.7680550Z test tag_sort::tests::counts_sort_with_a_to_z_among_equals ... ok
2026-10-08T03:44:10.7697773Z test tag_sort::tests::the_default_groups_by_the_users_namespaces ... ok
2026-10-08T03:44:10.7699500Z test tag_summary::tests::the_defaults_summarise_as_their_examples_say ... ok
2026-10-08T03:44:10.7741841Z test test_fixtures::versions_match_reference_implementation ... ok
2026-10-08T03:44:10.7746502Z test thumbnail::tests::matches_recorded_thumbnail_sizes ... ok
2026-10-08T03:44:10.7747864Z test time::tests::conversions ... ok
2026-10-08T03:44:10.7749282Z test time::tests::durations_as_the_reference_words_them ... ok
2026-10-08T03:44:10.7755460Z test time::tests::scanbar_timestamps_as_the_reference_writes_them ... ok
2026-10-08T03:44:10.7757517Z test tag::tests::cleaning_is_idempotent ... ok
2026-10-08T03:44:10.7776096Z test time::tests::spans_as_the_reference_words_them ... ok
2026-10-08T03:44:10.7780302Z test tag::tests::cleaning_matches_reference_implementation ... ok
2026-10-08T03:44:10.7787983Z test url::functions::tests::components_encode_without_double_encoding ... ok
2026-10-08T03:44:10.7789286Z test url::class::tests::url_types_serialise_as_codes ... ok
2026-10-08T03:44:10.7790649Z test url::functions::tests::queries_round_trip_in_order ... ok
2026-10-08T03:44:10.7792047Z test url::functions::tests::urls_encode_like_the_reference ... ok
2026-10-08T03:44:10.7793369Z test url::class::tests::classes_match_and_normalise ... ok
2026-10-08T03:44:10.7816349Z test url::gug::tests::terms_are_encoded_for_where_they_go ... ok
2026-10-08T03:44:10.7826707Z test url::psl::tests::punycode_decodes ... ok
2026-10-08T03:44:10.7836498Z test url::pyurl::tests::joins_like_python ... ok
2026-10-08T03:44:10.7856827Z test url::pyurl::tests::quotes_like_python ... ok
2026-10-08T03:44:10.7859783Z test url::pyurl::tests::splits_like_python ... ok
2026-10-08T03:44:10.7863001Z test url::pyurl::urljoin_tests::joins_like_python ... ok
2026-10-08T03:44:10.7913576Z test url::registry::tests::known_urls_are_classified ... ok
2026-10-08T03:44:10.7924833Z test url::registry::tests::unknown_urls_are_just_encoded ... ok
2026-10-08T03:44:10.7976687Z test url::string_dates::tests::date_conversions_match_direct_reference_execution ... ok
2026-10-08T03:44:10.7978639Z test url::string_dates::tests::local_encode_uses_current_offset_and_naive_timezone_fields ... ok
2026-10-08T03:44:10.7994928Z test url::string_dates::tests::local_names_and_dst_boundaries_match_recorded_reference_platform ... ok
2026-10-08T03:44:10.7999372Z test url::strings::tests::converts_like_the_reference ... ok
2026-10-08T03:44:10.8001583Z test url::strings::tests::matches_like_the_reference ... ok
2026-10-08T03:44:10.8003337Z test url::strings::tests::processes_pipelines ... ok
2026-10-08T03:44:10.8005496Z test watchers::tests::a_new_watcher_checks_at_once_and_a_quiet_thread_dies ... ok
2026-10-08T03:44:10.8006796Z test windows::tests::a_saved_frame_keeps_what_it_remembers ... ok
2026-10-08T03:44:10.8052173Z test url::functions::tests::www_is_removed_from_subdomains_only ... ok
2026-10-08T03:44:10.8162838Z test notes::tests::merges_like_the_reference ... ok
2026-10-08T03:44:10.8447607Z test url::psl::tests::matches_the_reference ... ok
2026-10-08T03:44:10.8448185Z 
2026-10-08T03:44:10.8448760Z test result: ok. 89 passed; 0 failed; 0 ignored; 0 measured; 0 filtered out; finished in 0.10s
2026-10-08T03:44:10.8449418Z 
2026-10-08T03:44:10.8455099Z [1m[92m     Running[0m tests/bandwidth.rs (target/debug/deps/bandwidth-3c01215f483d22ff)
2026-10-08T03:44:10.8466513Z 
2026-10-08T03:44:10.8466929Z running 2 tests
2026-10-08T03:44:10.9631993Z test the_manager_starts_requests_as_the_reference_does ... ok
2026-10-08T03:44:10.9662924Z test trackers_count_and_rules_judge_as_the_reference_does ... ok
2026-10-08T03:44:10.9663600Z 
2026-10-08T03:44:10.9664103Z test result: ok. 2 passed; 0 failed; 0 ignored; 0 measured; 0 filtered out; finished in 0.12s
2026-10-08T03:44:10.9665127Z 
2026-10-08T03:44:10.9683313Z [1m[92m     Running[0m tests/string_steps.rs (target/debug/deps/string_steps-dc4bf33c1d3cd7c7)
2026-10-08T03:44:10.9695166Z 
2026-10-08T03:44:10.9695465Z running 1 test
2026-10-08T03:44:10.9698822Z test a_tag_filter_step_stored_without_its_example_still_loads ... ok
2026-10-08T03:44:10.9699519Z 
2026-10-08T03:44:10.9700175Z test result: ok. 1 passed; 0 failed; 0 ignored; 0 measured; 0 filtered out; finished in 0.00s
2026-10-08T03:44:10.9700901Z 
2026-10-08T03:44:10.9701592Z [1m[92m     Running[0m tests/tab_names.rs (target/debug/deps/tab_names-756fb4aab8a976f6)
2026-10-08T03:44:10.9711055Z 
2026-10-08T03:44:10.9711388Z running 2 tests
2026-10-08T03:44:11.0065284Z test a_new_clients_settings_are_the_references ... ok
2026-10-08T03:44:11.0102515Z test tabs_are_named_as_the_reference_names_them ... ok
2026-10-08T03:44:11.0103041Z 
2026-10-08T03:44:11.0103448Z test result: ok. 2 passed; 0 failed; 0 ignored; 0 measured; 0 filtered out; finished in 0.04s
2026-10-08T03:44:11.0103884Z 
2026-10-08T03:44:11.0110774Z [1m[92m     Running[0m tests/tag_rendering.rs (target/debug/deps/tag_rendering-0820c890978258d1)
2026-10-08T03:44:11.0120639Z 
2026-10-08T03:44:11.0120925Z running 1 test
2026-10-08T03:44:11.0130336Z test tags_render_as_the_reference_renders_them ... ok
2026-10-08T03:44:11.0130855Z 
2026-10-08T03:44:11.0131423Z test result: ok. 1 passed; 0 failed; 0 ignored; 0 measured; 0 filtered out; finished in 0.00s
2026-10-08T03:44:11.0132037Z 
2026-10-08T03:44:11.0132534Z [1m[92m     Running[0m tests/watcher_checker.rs (target/debug/deps/watcher_checker-d834b887e760c8d7)
2026-10-08T03:44:11.0142493Z 
2026-10-08T03:44:11.0142731Z running 2 tests
2026-10-08T03:44:11.0145485Z test the_same_checker_options_change_nothing ... ok
2026-10-08T03:44:11.0171983Z test checker_options_set_on_a_watcher_act_as_the_references ... ok
2026-10-08T03:44:11.0172672Z 
2026-10-08T03:44:11.0173119Z test result: ok. 2 passed; 0 failed; 0 ignored; 0 measured; 0 filtered out; finished in 0.00s
2026-10-08T03:44:11.0173811Z 
2026-10-08T03:44:11.0174793Z [1m[92m     Running[0m unittests src/lib.rs (target/debug/deps/hydrus_download-719e6038deb07182)
2026-10-08T03:44:11.0192870Z 
2026-10-08T03:44:11.0193292Z running 16 tests
2026-10-08T03:44:11.0200377Z test folders::tests::integers_parse_as_python_parses_them ... ok
2026-10-08T03:44:11.0201398Z test export::tests::paths_normalise_as_python_normalises_them ... ok
2026-10-08T03:44:11.1192945Z test popups::tests::completed_deadline_survives_producer_drop_and_uses_strict_stored_boundary ... ok
2026-10-08T03:44:11.1300266Z test popups::tests::a_working_popup_says_what_its_downloads_importer_says_after_a_prefix ... ok
2026-10-08T03:44:11.1711875Z test popups::tests::concurrent_pollers_cannot_overtake_a_reentrant_callable_removal ... ok
2026-10-08T03:44:11.1827843Z test popups::tests::current_callable_is_reentrant_and_removal_invalidates_later_queued_calls ... ok
2026-10-08T03:44:11.2334816Z test popups::tests::gui_retirement_during_the_first_callable_invalidates_later_claimed_calls ... ok
2026-10-08T03:44:11.2387122Z test seeds::timestamp_editor_tests::recorded_saved_timestamp_parser_and_date_conversion_reach_actual_file_seeds ... ok
2026-10-08T03:44:11.2877485Z test subscriptions::tests::manager_admission_replays_reference_due_pause_live_limits_and_single_flight ... ok
2026-10-08T03:44:11.2881683Z test subscriptions::tests::outer_typed_exception_budget_replays_recorded_classes_and_reset ... ok
2026-10-08T03:44:11.2883237Z test subscriptions::tests::presented_files_are_labelled_as_the_reference_labels_them ... ok
2026-10-08T03:44:11.2892008Z test work_slots::tests::capacities_keep_running_counts_across_reference_lower_raise_and_release ... ok
2026-10-08T03:44:11.2893724Z test work_slots::tests::independent_categories_and_aborted_owners_release_only_their_permit ... ok
2026-10-08T03:44:11.3782081Z test popups::tests::a_working_popup_keeps_the_store_up_to_date_and_hears_a_cancel ... ok
2026-10-08T03:44:11.4799476Z test popups::tests::finished_callable_dispatches_between_independent_store_handles_and_releases_its_owner ... ok
2026-10-08T03:44:11.8672152Z test popups::tests::a_callable_added_after_finish_restarts_the_single_weak_poller ... ok
2026-10-08T03:44:11.8672854Z 
2026-10-08T03:44:11.8673510Z test result: ok. 16 passed; 0 failed; 0 ignored; 0 measured; 0 filtered out; finished in 0.85s
2026-10-08T03:44:11.8674211Z 
2026-10-08T03:44:11.8687034Z [1m[92m     Running[0m tests/export_folder.rs (target/debug/deps/export_folder-fd9119514f499d37)
2026-10-08T03:44:11.8707956Z 
2026-10-08T03:44:11.8708317Z running 1 test
2026-10-08T03:44:12.0009130Z test export_folders_do_what_the_reference_did ... ok
2026-10-08T03:44:12.0009614Z 
2026-10-08T03:44:12.0010008Z test result: ok. 1 passed; 0 failed; 0 ignored; 0 measured; 0 filtered out; finished in 0.13s
2026-10-08T03:44:12.0010898Z 
2026-10-08T03:44:12.0018685Z [1m[92m     Running[0m tests/folder_activity.rs (target/debug/deps/folder_activity-1953ae6de1ce1590)
2026-10-08T03:44:12.0048747Z 
2026-10-08T03:44:12.0049078Z running 2 tests
2026-10-08T03:44:12.0444034Z test successful_manager_apply_resets_due_cache_but_cancel_does_not ... ok
2026-10-08T03:44:12.1148112Z test active_import_finishes_its_commit_before_the_manager_reads_and_stops_before_next_seed ... ok
2026-10-08T03:44:12.1148892Z 
2026-10-08T03:44:12.1149561Z test result: ok. 2 passed; 0 failed; 0 ignored; 0 measured; 0 filtered out; finished in 0.11s
2026-10-08T03:44:12.1150264Z 
2026-10-08T03:44:12.1159629Z [1m[92m     Running[0m tests/import_folder.rs (target/debug/deps/import_folder-9facbabf5cc68cea)
2026-10-08T03:44:12.1187256Z 
2026-10-08T03:44:12.1187680Z running 1 test
2026-10-08T03:44:12.6549243Z test an_import_folder_does_what_the_reference_did ... ok
2026-10-08T03:44:12.6550019Z 
2026-10-08T03:44:12.6550581Z test result: ok. 1 passed; 0 failed; 0 ignored; 0 measured; 0 filtered out; finished in 0.54s
2026-10-08T03:44:12.6551413Z 
2026-10-08T03:44:12.6561414Z [1m[92m     Running[0m tests/local_import.rs (target/debug/deps/local_import-562283ad56ca1cb7)
2026-10-08T03:44:12.6589030Z 
2026-10-08T03:44:12.6589362Z running 2 tests
2026-10-08T03:44:12.9976952Z test saved_existing_tag_filter_reaches_real_file_importer_for_parsed_and_additional_tags ... ok
2026-10-08T03:44:13.1416202Z test a_local_import_imports_its_files ... ok
2026-10-08T03:44:13.1416771Z 
2026-10-08T03:44:13.1417351Z test result: ok. 2 passed; 0 failed; 0 ignored; 0 measured; 0 filtered out; finished in 0.48s
2026-10-08T03:44:13.1418319Z 
2026-10-08T03:44:13.1439044Z [1m[92m     Running[0m tests/simple_downloader.rs (target/debug/deps/simple_downloader-b96d8144d503307d)
2026-10-08T03:44:13.1468449Z 
2026-10-08T03:44:13.1468834Z running 1 test
2026-10-08T03:44:19.2556553Z test a_simple_downloader_parses_its_pages_for_files ... ok
2026-10-08T03:44:19.2557293Z 
2026-10-08T03:44:19.2557871Z test result: ok. 1 passed; 0 failed; 0 ignored; 0 measured; 0 filtered out; finished in 6.11s
2026-10-08T03:44:19.2558615Z 
2026-10-08T03:44:19.2570861Z [1m[92m     Running[0m tests/subscriptions.rs (target/debug/deps/subscriptions-add8ba1c743d82c6)
2026-10-08T03:44:19.2598625Z 
2026-10-08T03:44:19.2598901Z running 11 tests
2026-10-08T03:44:19.4022943Z test a_subscription_with_no_import_destination_waits_out_its_error_delay ... ok
2026-10-08T03:44:19.4551537Z test a_subscription_without_its_downloader_pauses ... ok
2026-10-08T03:44:19.5425033Z test a_subscription_syncs_catches_up_and_downloads ... ok
2026-10-08T03:44:20.8169915Z test a_subscription_shows_what_it_does_in_a_popup_which_can_cancel_it ... ok
2026-10-08T03:44:22.6020007Z test handled_http_and_missing_file_failures_do_not_spend_the_outer_error_budget ... ok
2026-10-08T03:44:24.0968486Z test a_subscription_stops_when_its_bandwidth_runs_out ... ok
2026-10-08T03:44:24.6050138Z test subscription_runner_bounds_real_http_overlap_and_reloads_live_limit ... ok
2026-10-08T03:44:24.7140477Z test subscriptions_wait_while_paused_globally ... ok
2026-10-08T03:44:25.1724771Z test subscription_runner_cancels_selected_peer_and_joins_all_on_shutdown ... ok
2026-10-08T03:44:29.5993979Z test escaped_query_tag_errors_count_across_queries_delay_persist_and_reset_next_run ... ok
2026-10-08T03:44:35.9156222Z test none_disables_abandonment_for_real_escaped_store_failures ... ok
2026-10-08T03:44:35.9156591Z 
2026-10-08T03:44:35.9156868Z test result: ok. 11 passed; 0 failed; 0 ignored; 0 measured; 0 filtered out; finished in 16.66s
2026-10-08T03:44:35.9157240Z 
2026-10-08T03:44:35.9188596Z [1m[92m     Running[0m tests/url_queue.rs (target/debug/deps/url_queue-4cfc93f519303c85)
2026-10-08T03:44:35.9218547Z 
2026-10-08T03:44:35.9218759Z running 11 tests
2026-10-08T03:44:36.0772658Z test a_refusal_from_a_site_hydrus_logged_in_to_says_why ... ok
2026-10-08T03:44:36.0897204Z test a_queue_with_no_import_destination_pauses_its_files ... ok
2026-10-08T03:44:36.2018114Z test existing_downloader_uses_edited_parser_and_new_link_after_reload ... ok
2026-10-08T03:44:36.2478775Z test a_gallery_url_in_a_url_queue_queues_its_posts ... ok
2026-10-08T03:44:36.3445231Z test missing_files_download_again_in_their_own_queue ... ok
2026-10-08T03:44:36.4833519Z test a_url_queue_downloads_posts_and_files ... ok
2026-10-08T03:44:37.2650199Z test files_import_while_later_gallery_pages_are_read ... ok
2026-10-08T03:44:37.4198730Z test running_gallery_searches_pick_up_capacity_growth_and_release_on_error ... ok
2026-10-08T03:44:37.9462936Z test queues_wait_while_their_downloads_are_paused_globally ... ok
2026-10-08T03:44:38.4482724Z test running_file_queues_keep_limits_when_lowered_and_release_on_cancel_or_owner_close ... ok
2026-10-08T03:44:39.2039800Z test a_file_that_fails_does_not_hold_up_the_rest_of_its_queue ... ok
2026-10-08T03:44:39.2040163Z 
2026-10-08T03:44:39.2040432Z test result: ok. 11 passed; 0 failed; 0 ignored; 0 measured; 0 filtered out; finished in 3.28s
2026-10-08T03:44:39.2040830Z 
2026-10-08T03:44:39.2075121Z [1m[92m     Running[0m tests/watchers.rs (target/debug/deps/watchers-4e881ee2f9ba51c0)
2026-10-08T03:44:39.2103587Z 
2026-10-08T03:44:39.2103747Z running 2 tests
2026-10-08T03:44:39.5838590Z test watcher_checks_share_their_own_live_capacity_and_owner_close_releases_it ... ok
2026-10-08T03:44:39.6429375Z test a_watcher_follows_a_thread_until_it_404s ... ok
2026-10-08T03:44:39.6429665Z 
2026-10-08T03:44:39.6429945Z test result: ok. 2 passed; 0 failed; 0 ignored; 0 measured; 0 filtered out; finished in 0.43s
2026-10-08T03:44:39.6430315Z 
2026-10-08T03:44:39.6451178Z [1m[92m     Running[0m unittests src/lib.rs (target/debug/deps/hydrus_downloader_exchange-387aa4339aba58a5)
2026-10-08T03:44:39.6462206Z 
2026-10-08T03:44:39.6462400Z running 0 tests
2026-10-08T03:44:39.6462650Z 
2026-10-08T03:44:39.6463111Z test result: ok. 0 passed; 0 failed; 0 ignored; 0 measured; 0 filtered out; finished in 0.00s
2026-10-08T03:44:39.6463610Z 
2026-10-08T03:44:39.6465912Z [1m[92m     Running[0m tests/external_calls.rs (target/debug/deps/external_calls-db71cefa47fd1380)
2026-10-08T03:44:39.6476626Z 
2026-10-08T03:44:39.6476810Z running 2 tests
2026-10-08T03:44:39.6492610Z test import_rejects_wrong_classes_and_mixed_invalid_packages_before_staging_any_call ... ok
2026-10-08T03:44:39.6509417Z test actual_qt_callable_exports_and_manager_round_trip_without_losing_identity_or_process_options ... ok
2026-10-08T03:44:39.6510076Z 
2026-10-08T03:44:39.6510346Z test result: ok. 2 passed; 0 failed; 0 ignored; 0 measured; 0 filtered out; finished in 0.00s
2026-10-08T03:44:39.6510705Z 
2026-10-08T03:44:39.6512807Z [1m[92m     Running[0m tests/import_options.rs (target/debug/deps/import_options-7b4903190ee4496d)
2026-10-08T03:44:39.6523335Z 
2026-10-08T03:44:39.6524013Z running 2 tests
2026-10-08T03:44:39.6561219Z test wrong_objects_and_future_versions_are_rejected ... ok
2026-10-08T03:44:39.6601614Z test recorded_containers_round_trip_all_native_fields_and_pngs ... ok
2026-10-08T03:44:39.6602183Z 
2026-10-08T03:44:39.6602454Z test result: ok. 2 passed; 0 failed; 0 ignored; 0 measured; 0 filtered out; finished in 0.01s
2026-10-08T03:44:39.6602845Z 
2026-10-08T03:44:39.6605311Z [1m[92m     Running[0m tests/interchange.rs (target/debug/deps/interchange-7c501c96060a5a65)
2026-10-08T03:44:39.6619712Z 
2026-10-08T03:44:39.6619908Z running 12 tests
2026-10-08T03:44:39.6645887Z test formula_metadata_survives_native_serialization_and_edits_take_precedence ... ok
2026-10-08T03:44:39.6657923Z test malformed_old_versions_return_errors_before_any_package_can_be_staged ... ok
2026-10-08T03:44:39.6675487Z test date_conversions_keep_reference_codes_through_definition_exchange ... ok
2026-10-08T03:44:39.6689798Z test old_plain_json_png_is_still_importable ... ok
2026-10-08T03:44:39.6895408Z test authored_static_formulas_roundtrip ... ok
2026-10-08T03:44:39.6966534Z test older_formats_upgrade_or_reject_without_partial_packages ... ok
2026-10-08T03:44:39.7149454Z test registered_mixed_login_package_preserves_json_png_rules_and_rejects_partial_decoding ... ok
2026-10-08T03:44:39.7225307Z test selected_processing_steps_match_qt_clipboard_and_png_exports ... ok
2026-10-08T03:44:39.7317939Z test subsidiary_contexts_follow_stable_page_keys_when_children_are_sorted_and_renamed ... ok
2026-10-08T03:44:39.7407058Z test malformed_png_and_compression_never_allocate_unbounded_data ... ok
2026-10-08T03:44:39.7537202Z test reference_json_and_real_png_roundtrip_without_losing_subsidiary_or_editor_data ... ok
2026-10-08T03:44:40.0379339Z test maximum_documented_definition_count_roundtrips_and_the_next_one_is_rejected ... ok
2026-10-08T03:44:40.0380066Z 
2026-10-08T03:44:40.0380765Z test result: ok. 12 passed; 0 failed; 0 ignored; 0 measured; 0 filtered out; finished in 0.38s
2026-10-08T03:44:40.0381262Z 
2026-10-08T03:44:40.0394795Z [1m[92m     Running[0m tests/logins.rs (target/debug/deps/logins-6694205e2d660d71)
2026-10-08T03:44:40.0409163Z 
2026-10-08T03:44:40.0409310Z running 3 tests
2026-10-08T03:44:40.0457560Z test native_veto_default_matcher_uses_python_constructor_empty_match_value ... ok
2026-10-08T03:44:40.0472061Z test login_validation_matches_python_and_rejects_mixed_packages_atomically ... ok
2026-10-08T03:44:40.0488235Z test login_scripts_preserve_reference_fields_and_upgrade_cookie_names ... ok
2026-10-08T03:44:40.0488798Z 
2026-10-08T03:44:40.0489065Z test result: ok. 3 passed; 0 failed; 0 ignored; 0 measured; 0 filtered out; finished in 0.01s
2026-10-08T03:44:40.0489447Z 
2026-10-08T03:44:40.0492327Z [1m[92m     Running[0m tests/routers.rs (target/debug/deps/routers-02bff1b84c1c63a6)
2026-10-08T03:44:40.0502562Z 
2026-10-08T03:44:40.0502722Z running 3 tests
2026-10-08T03:44:40.0570005Z test router_exchange_rejects_incompatible_or_lossy_packages_atomically ... ok
2026-10-08T03:44:40.0640229Z test recorded_router_queues_preserve_editor_fields_and_reference_png ... ok
2026-10-08T03:44:40.0685248Z test inspected_packages_preserve_routers_with_recognised_other_objects ... ok
2026-10-08T03:44:40.0685714Z 
2026-10-08T03:44:40.0685979Z test result: ok. 3 passed; 0 failed; 0 ignored; 0 measured; 0 filtered out; finished in 0.02s
2026-10-08T03:44:40.0686336Z 
2026-10-08T03:44:40.0692628Z [1m[92m     Running[0m tests/seed_caches.rs (target/debug/deps/seed_caches-26026f4ceba054aa)
2026-10-08T03:44:40.0708512Z 
2026-10-08T03:44:40.0708662Z running 2 tests
2026-10-08T03:44:40.1167397Z test unsafe_or_malformed_history_fails_explicitly_without_truncating_a_package ... ok
2026-10-08T03:44:40.1187241Z test historical_cache_versions_replay_exact_qt_history_headers_and_list_exports ... ok
2026-10-08T03:44:40.1187991Z 
2026-10-08T03:44:40.1188664Z test result: ok. 2 passed; 0 failed; 0 ignored; 0 measured; 0 filtered out; finished in 0.05s
2026-10-08T03:44:40.1189241Z 
2026-10-08T03:44:40.1193914Z [1m[92m     Running[0m tests/subscription_import.rs (target/debug/deps/subscription_import-b92417f73e019e86)
2026-10-08T03:44:40.1210008Z 
2026-10-08T03:44:40.1210211Z running 2 tests
2026-10-08T03:44:40.1362834Z test recorded_nested_packages_warn_after_preserving_complete_permitted_objects ... ok
2026-10-08T03:44:40.1395384Z test future_nested_objects_and_limits_fail_before_any_list_objects_are_returned ... ok
2026-10-08T03:44:40.1396053Z 
2026-10-08T03:44:40.1396518Z test result: ok. 2 passed; 0 failed; 0 ignored; 0 measured; 0 filtered out; finished in 0.02s
2026-10-08T03:44:40.1397166Z 
2026-10-08T03:44:40.1404231Z [1m[92m     Running[0m tests/subscriptions.rs (target/debug/deps/subscriptions-fbd358f0c7160a5e)
2026-10-08T03:44:40.1420317Z 
2026-10-08T03:44:40.1420469Z running 4 tests
2026-10-08T03:44:40.1555987Z test subscription_exchange_reports_missing_logs_and_rejects_invalid_packages_atomically ... ok
2026-10-08T03:44:40.1602162Z test malformed_and_unsupported_legacy_subscriptions_fail_without_reducing_history ... ok
2026-10-08T03:44:40.1676484Z test actual_subscription_clipboard_and_png_retain_settings_headers_and_both_histories ... ok
2026-10-08T03:44:40.1925000Z test actual_legacy_subscription_list_imports_match_converted_settings_histories_and_caches ... ok
2026-10-08T03:44:40.1926272Z 
2026-10-08T03:44:40.1926742Z test result: ok. 4 passed; 0 failed; 0 ignored; 0 measured; 0 filtered out; finished in 0.05s
2026-10-08T03:44:40.1927409Z 
2026-10-08T03:44:40.1934080Z [1m[92m     Running[0m tests/subsidiaries.rs (target/debug/deps/subsidiaries-4904721ab2dda0e0)
2026-10-08T03:44:40.1950072Z 
2026-10-08T03:44:40.1950228Z running 2 tests
2026-10-08T03:44:40.1994236Z test incompatible_or_unsupported_subsidiary_packages_are_rejected_before_staging ... ok
2026-10-08T03:44:40.2036296Z test real_reference_subsidiary_clipboard_and_png_preserve_recursive_wrappers ... ok
2026-10-08T03:44:40.2037245Z 
2026-10-08T03:44:40.2037738Z test result: ok. 2 passed; 0 failed; 0 ignored; 0 measured; 0 filtered out; finished in 0.01s
2026-10-08T03:44:40.2038393Z 
2026-10-08T03:44:40.2040375Z [1m[92m     Running[0m unittests src/lib.rs (target/debug/deps/hydrus_duplicates-f806fe1a8c0b0c26)
2026-10-08T03:44:40.2063826Z 
2026-10-08T03:44:40.2064104Z running 1 test
2026-10-08T03:44:43.2457083Z test content::timeout_tests::retained_store_content_reads_new_policy_before_real_psd_decode ... ok
2026-10-08T03:44:43.2457927Z 
2026-10-08T03:44:43.2458406Z test result: ok. 1 passed; 0 failed; 0 ignored; 0 measured; 0 filtered out; finished in 3.04s
2026-10-08T03:44:43.2459040Z 
2026-10-08T03:44:43.2466829Z [1m[92m     Running[0m tests/comparison_statements.rs (target/debug/deps/comparison_statements-97492e819404a905)
2026-10-08T03:44:43.2492617Z 
2026-10-08T03:44:43.2492823Z running 2 tests
2026-10-08T03:44:46.1518061Z test statements_about_the_basic_files_match ... ok
2026-10-08T03:45:04.7342341Z test statements_about_the_duplicate_families_match ... ok
2026-10-08T03:45:04.7342745Z 
2026-10-08T03:45:04.7343077Z test result: ok. 2 passed; 0 failed; 0 ignored; 0 measured; 0 filtered out; finished in 21.48s
2026-10-08T03:45:04.7343534Z 
2026-10-08T03:45:04.7368318Z [1m[92m     Running[0m tests/reference_run.rs (target/debug/deps/reference_run-2694956df5c27669)
2026-10-08T03:45:04.7395222Z 
2026-10-08T03:45:04.7395516Z running 2 tests
2026-10-08T03:45:04.8967272Z test a_migrated_database_keeps_the_rules_progress ... ok
2026-10-08T03:45:27.1796316Z test rules_do_what_the_reference_did ... ok
2026-10-08T03:45:27.1796871Z 
2026-10-08T03:45:27.1797273Z test result: ok. 2 passed; 0 failed; 0 ignored; 0 measured; 0 filtered out; finished in 22.44s
2026-10-08T03:45:27.1797820Z 
2026-10-08T03:45:27.1810673Z [1m[92m     Running[0m unittests src/lib.rs (target/debug/deps/hydrus_gui-0025b7611761cf6d)
2026-10-08T03:45:27.1912428Z 
2026-10-08T03:45:27.1912761Z running 92 tests
2026-10-08T03:45:27.2999665Z test animation::tests::ugoira_initial_timestamp_and_impossible_reader_request_release_on_stop ... ok
2026-10-08T03:45:27.3165698Z test animation::tests::saved_initial_seek_uses_previous_metadata_and_rejects_held_pre_seek_pixels ... ok
2026-10-08T03:45:27.3807439Z test client_exit::tests::a_retained_old_timer_and_close_callback_cannot_finish_the_new_question ... ok
2026-10-08T03:45:27.4335670Z test client_exit::tests::maintenance_cancel_and_native_close_abort_exit_but_no_and_timeout_continue_once ... ok
2026-10-08T03:45:27.4336545Z test daemon::tests::fake_daemon ... ignored, run by the other tests, as a daemon
2026-10-08T03:45:27.4435000Z 
2026-10-08T03:45:27.4435418Z running 1 test
2026-10-08T03:45:27.4480870Z test client_exit::tests::retired_maintenance_children_cannot_register_or_finish_successor_exit ... ok
2026-10-08T03:45:27.7570669Z test daemon::tests::kills_one_that_does_not_stop ... ok
2026-10-08T03:45:27.7668280Z 
2026-10-08T03:45:27.7668627Z running 1 test
2026-10-08T03:45:27.7776994Z .
2026-10-08T03:45:27.7777642Z test result: ok. 1 passed; 0 failed; 0 ignored; 0 measured; 91 filtered out; finished in 0.01s
2026-10-08T03:45:27.7778430Z 
2026-10-08T03:45:27.7979737Z test daemon::tests::leaves_one_started_on_its_own_and_takes_over_when_it_stops ... ok
2026-10-08T03:45:27.7989854Z test daemon::tests::says_so_when_there_is_no_program_to_start ... ok
2026-10-08T03:45:27.7991241Z test daemon::tests::says_why_the_daemon_or_its_client_api_isnt_running ... ok
2026-10-08T03:45:27.8081806Z 
2026-10-08T03:45:27.8082223Z running 1 test
2026-10-08T03:45:27.8290654Z 
2026-10-08T03:45:27.8291032Z running 1 test
2026-10-08T03:45:27.8401854Z test daemon::tests::says_why_its_own_failed_and_waits_to_be_asked_again ... ok
2026-10-08T03:45:27.8499090Z 
2026-10-08T03:45:27.8499490Z running 1 test
2026-10-08T03:45:27.8608511Z .
2026-10-08T03:45:27.8609805Z test result: ok. 1 passed; 0 failed; 0 ignored; 0 measured; 91 filtered out; finished in 0.01s
2026-10-08T03:45:27.8610392Z 
2026-10-08T03:45:27.8810627Z test daemon::tests::starts_one_while_none_runs_and_stops_it_on_closing ... ok
2026-10-08T03:45:27.9404393Z test file_maintenance_new::tests::native_accepted_add_queued_behind_writer_is_cancelled_by_tab_retirement ... ok
2026-10-08T03:45:28.3697253Z test file_maintenance_new::tests::native_small_add_after_close_or_final_bound_drop_cannot_write_but_fresh_add_can ... ok
2026-10-08T03:45:28.3737596Z test animation::tests::an_animation_plays_through_and_may_stop_at_its_end ... ok
2026-10-08T03:45:28.4731506Z test file_maintenance_new::tests::native_new_confirmation_close_hidden_replacement_and_reopen_reach_only_current_queue ... ok
2026-10-08T03:45:28.4747624Z test gallery::tests::a_searchs_row_as_the_reference_shows_it ... ok
2026-10-08T03:45:28.4748906Z test gallery::tests::a_searchs_status_as_the_reference_reckons_it ... ok
2026-10-08T03:45:28.4770907Z test gallery::tests::formatting_reaches_gallery_added_rows_without_changing_import_state ... ok
2026-10-08T03:45:28.4772530Z test gallery::tests::live_lines_as_the_reference_writes_them ... ok
2026-10-08T03:45:28.4773640Z test gallery::tests::the_downloaders_offered ... ok
2026-10-08T03:45:28.4775338Z test gallery::tests::the_list_sorts_by_each_column ... ok
2026-10-08T03:45:28.4776678Z test gallery::tests::the_pages_progress_and_close_question ... ok
2026-10-08T03:45:28.4777821Z test gallery::tests::the_pages_totals ... ok
2026-10-08T03:45:28.5587030Z test filter_window::image_cache_tests::current_pair_pixels_survive_cache_shrink_but_navigation_cannot_reuse_an_evicted_future_copy ... ok
2026-10-08T03:45:28.6386363Z test grid::cache_regressions::blurhash_apply_rejects_held_result_but_paint_only_changes_preserve_admission ... ok
2026-10-08T03:45:28.7170266Z test grid::cache_regressions::clear_scale_roundtrip_settings_and_retirement_reject_held_decodes ... ok
2026-10-08T03:45:28.7727732Z test image_cache::retirement_tests::retired_pending_renderer_completes_external_source_without_repopulating_owner ... ok
2026-10-08T03:45:28.7802388Z test image_cache::tests::actual_qt_pending_estimate_uses_full_unknown_resolution_fallback ... ok
2026-10-08T03:45:28.8061926Z test grid::cache_regressions::receive_maintains_idle_cache_and_counts_missing_thumbnails ... ok
2026-10-08T03:45:28.8316234Z test image_cache::tests::changed_resolution_replaces_cached_source_without_invalidating_external_presentation ... ok
2026-10-08T03:45:28.8541263Z test image_cache::tests::current_render_uses_ready_shared_pixels_but_never_waits_on_a_held_warm_renderer ... ok
2026-10-08T03:45:28.8768310Z test image_cache::tests::held_failed_old_renderer_cleanup_does_not_remove_successor_and_excluded_images_redraw ... ok
2026-10-08T03:45:28.8990069Z test image_cache::tests::late_old_icc_decode_cannot_replace_new_renderer_or_revive_retired_admission ... ok
2026-10-08T03:45:28.9156478Z test image_cache::tests::pending_owner_validity_does_not_hold_the_renderer_lock_against_current_lookup ... ok
2026-10-08T03:45:28.9158335Z test import_window::tests::typed_paths_lose_their_quotes_and_spaces ... ok
2026-10-08T03:45:28.9175650Z test options_gui_colours::tests::clipboard_hex_acceptance_matches_actual_qt_cases ... ok
2026-10-08T03:45:28.9394120Z test image_cache::tests::shared_pending_decode_has_one_estimate_and_access_updates_loaded_bytes ... ok
2026-10-08T03:45:28.9879135Z test options_media_views::tests::media_children_retire_stale_callbacks_and_stage_only_current_apply ... ok
2026-10-08T03:45:28.9881181Z test page::tests::closing_asks_while_importing_and_when_full_if_the_option_says ... ok
2026-10-08T03:45:28.9888352Z test playback::tests::a_file_plays_through_and_may_stop_at_its_end ... ok
2026-10-08T03:45:28.9889248Z test playback::tests::finite_gif_loop_metadata_reaches_the_existing_mpv_player ... ok
2026-10-08T03:45:28.9890563Z test popups::tests::a_popup_shows_as_the_reference_s ... ok
2026-10-08T03:45:28.9904353Z test popups::tests::actual_qt_action_visibility_labels_and_question_cutoff_replay ... ok
2026-10-08T03:45:28.9905678Z test popups::tests::long_text_shows_its_start ... ok
2026-10-08T03:45:28.9936258Z test popups::tests::popup_download_precision_replays_actual_network_control_output ... ok
2026-10-08T03:45:28.9955580Z test popups::tests::ten_show_and_the_line_counts_them_all ... ok
2026-10-08T03:45:29.0356209Z test preview_window::worker_tests::idle_preview_workers_do_not_retain_the_store ... ok
2026-10-08T03:45:29.0375770Z test options_media_views::tests::options_apply_waits_for_current_media_child_to_close ... ok
2026-10-08T03:45:29.0377700Z test quick_export_directory::tests::explicit_empty_home_wins_and_account_lookup_only_runs_for_absent_home ... ok
2026-10-08T03:45:29.0379581Z test session_autosave::pointer_tests::native_motion_targets_one_window_and_releases_dead_viewers ... ok
2026-10-08T03:45:29.0381010Z test slideshow::tests::a_slideshow_moves_on_once_its_period_has_passed ... ok
2026-10-08T03:45:29.0382244Z test slideshow::tests::custom_periods_read_as_the_reference_reads_them ... ok
2026-10-08T03:45:29.0383407Z test slideshow::tests::files_with_durations_bend_the_period ... ok
2026-10-08T03:45:29.0384773Z test slideshow::tests::the_menu_offers_what_the_slideshow_can_do ... ok
2026-10-08T03:45:29.0386306Z test slideshow::tests::the_special_periods_as_the_reference_bends_them ... ok
2026-10-08T03:45:29.0659619Z test preview_window::worker_tests::retiring_pool_drops_queued_decoder_and_releases_running_store_after_decode ... ok
2026-10-08T03:45:29.0668639Z test tests::file_urls_are_escaped ... ok
2026-10-08T03:45:29.0684696Z test thumbnail_menu::tests::rearranging_moves_as_the_reference_s_lists_do ... ok
2026-10-08T03:45:29.0685710Z test thumbnail_menu::tests::the_rearrange_menu_offers_what_would_move ... ok
2026-10-08T03:45:29.0686779Z test thumbnail_menu::tests::the_urls_menu_lays_out_classes_as_the_reference_s ... ok
2026-10-08T03:45:29.0687760Z test thumbnail_menu::tests::urls_show_as_the_reference_shows_them ... ok
2026-10-08T03:45:29.0688694Z test thumbnails::tests::a_thumbnail_dpr_makes_them_show_smaller ... ok
2026-10-08T03:45:29.0689705Z test thumbnails::tests::a_thumbnail_turned_sideways_is_the_right_size ... ok
2026-10-08T03:45:29.0690846Z test thumbnails::tests::thumbnails_are_resampled_only_when_the_screen_needs_it ... ok
2026-10-08T03:45:29.0691837Z test thumbnails::tests::thumbnails_show_at_their_own_size_in_the_screens_pixels ... ok
2026-10-08T03:45:29.1426830Z test tag_sync_review_window::tests::retained_predecessors_cannot_remember_refresh_or_close_the_current_review ... ok
2026-10-08T03:45:29.1689373Z test vacuum_review_window::tests::closed_predecessor_cannot_close_or_vacuum_successor_or_another_store ... ok
2026-10-08T03:45:29.2790136Z test vacuum_review_window::tests::real_menu_main_hide_rebind_exit_and_last_bound_clone_retire_only_their_child ... ok
2026-10-08T03:45:29.4131843Z test vacuum_review_window::tests::visible_pending_eligible_confirmation_declines_and_runs_real_vacuum_once ... ok
2026-10-08T03:45:29.5466093Z test viewer_closing::tests::unowned_and_destroyed_originals_only_deliver_debug_to_a_live_main_owner ... ok
2026-10-08T03:45:29.5467317Z test viewer_menu::tests::the_volume_menu_follows_the_mutes ... ok
2026-10-08T03:45:29.5468237Z test viewer_menu::tests::zooms_read_as_the_reference_writes_them ... ok
2026-10-08T03:45:29.5555847Z test vacuum_review_window::tests::pending_main_exit_blocks_vacuum_then_decline_admits_the_same_question ... ok
2026-10-08T03:45:29.5987995Z test viewer_prefetch::tests::a_saved_candidate_display_action_change_invalidates_the_captured_pass ... ok
2026-10-08T03:45:29.6332356Z test viewer_prefetch::tests::actual_static_image_display_capabilities_filter_each_recorded_candidate_action ... ok
2026-10-08T03:45:29.6394796Z test viewer_prefetch::tests::finished_notifications_resume_the_same_captured_navigation_generation ... ok
2026-10-08T03:45:29.6762878Z test viewer_prefetch::tests::held_worker_coalesces_latest_request_and_retirement_discards_queued_work ... ok
2026-10-08T03:45:29.6908277Z test viewer_prefetch::tests::real_uncached_equality_decode_repeats_on_owned_readiness_and_retire_stops_it ... ok
2026-10-08T03:45:29.6909949Z test watcher::tests::a_watcher_just_added_or_entered_again_says_so_for_a_while ... ok
2026-10-08T03:45:29.6911037Z test watcher::tests::a_watcher_pages_totals_and_close_question ... ok
2026-10-08T03:45:29.6912400Z test watcher::tests::a_watchers_row_and_box_as_the_reference_shows_them ... ok
2026-10-08T03:45:29.6914738Z test watcher::tests::a_watchers_status_as_the_reference_reckons_it ... ok
2026-10-08T03:45:29.6936423Z test watcher::tests::formatting_reaches_watcher_rows_status_and_checker_without_changing_work_state ... ok
2026-10-08T03:45:29.7558661Z test viewer_prefetch::tests::waiting_on_another_pending_renderer_holds_no_store_and_ends_on_owner_drop ... ok
2026-10-08T03:45:29.7591474Z test write_tag_history::tests::caret_and_undo_boundaries_keep_new_typing_separate ... ok
2026-10-08T03:45:29.7613652Z test write_tag_history::tests::delete_direction_is_a_command_boundary_but_repeated_delete_coalesces ... ok
2026-10-08T03:45:29.8143653Z test windows::tests::opening_observer_and_batched_files_share_the_same_owned_filter ... ok
2026-10-08T03:45:29.8292882Z test zoom::resource_tests::an_unavailable_worker_keeps_the_original_image_and_stops_polling ... ok
2026-10-08T03:45:29.9000411Z test write_tag_menu::tests::seeded_relationship_child_apply_refresh_and_owner_close_discard_stale_actions ... ok
2026-10-08T03:45:30.6393821Z test filter_window::colour_tests::live_pair_switch_preferences_and_painter_replay_qt_then_retire ... ok
2026-10-08T03:45:33.1089941Z test animation::tests::animation_loop_preference_reaches_decoded_frames_and_live_playthrough_limits ... ok
2026-10-08T03:45:33.1090808Z 
2026-10-08T03:45:33.1091279Z test result: ok. 91 passed; 0 failed; 1 ignored; 0 measured; 0 filtered out; finished in 5.92s
2026-10-08T03:45:33.1091920Z 
2026-10-08T03:45:33.1146987Z [1m[92m     Running[0m unittests src/main.rs (target/debug/deps/hydrus_gui-10ce3c4385604c0e)
2026-10-08T03:45:33.1170901Z 
2026-10-08T03:45:33.1171165Z running 2 tests
2026-10-08T03:45:33.1464733Z test tests::opening_a_new_store_holds_the_gui_lease ... ok
2026-10-08T03:45:34.1206934Z test tests::a_second_client_cannot_restore_or_consume_a_pending_request ... ok
2026-10-08T03:45:34.1207658Z 
2026-10-08T03:45:34.1208061Z test result: ok. 2 passed; 0 failed; 0 ignored; 0 measured; 0 filtered out; finished in 1.00s
2026-10-08T03:45:34.1208614Z 
2026-10-08T03:45:34.1215312Z [1m[92m     Running[0m tests/gui/main.rs (target/debug/deps/gui-4e017c3e58e508a5)
2026-10-08T03:45:34.1334592Z 
2026-10-08T03:45:34.1335134Z running 717 tests
2026-10-08T03:45:34.4435868Z Slint: long callback/instantiation chain detected
2026-10-08T03:45:34.4578642Z test active_predicates::destroyed_main_automatically_closes_existing_size_before_retained_handles_release ... ok
2026-10-08T03:45:34.5236909Z test active_predicates::captured_menu_and_populated_child_cannot_edit_hidden_replaced_rebound_or_dropped_owners ... ok
2026-10-08T03:45:34.6019955Z test about::help_about_opens_the_about_window ... ok
2026-10-08T03:45:34.6749908Z test active_predicates::dropping_hidden_components_releases_a_populated_editor_without_cancel_cycle ... ok
2026-10-08T03:45:34.7449076Z test active_predicates::actual_existing_size_cancel_unchanged_and_edit_reach_reference_query_counts ... ok
2026-10-08T03:45:34.7720794Z test active_predicates::hidden_or_parent_reconciles_actual_system_and_nested_child_cancellation ... ok
2026-10-08T03:45:34.8397285Z test active_predicates::inherited_routes_refuse_hidden_question_child_page_and_retired_main_owners ... ok
2026-10-08T03:45:34.9837731Z test active_predicates::mixed_same_family_panels_reopen_distinct_supplied_values_and_apply_both ... ok
2026-10-08T03:45:35.0366512Z test active_predicates::mixed_apply_is_atomic_and_hidden_cancel_rebind_preserve_all_original_terms ... ok
2026-10-08T03:45:35.2028573Z test active_predicates::retained_or_system_child_does_not_keep_the_or_or_main_component_alive ... ok
2026-10-08T03:45:35.2893756Z test active_predicates::retained_populated_or_hidden_page_rebind_and_destroyed_main_cannot_publish ... ok
2026-10-08T03:45:35.3156134Z test active_predicates::populated_or_and_start_or_replay_all_ten_actual_qt_apply_cancel_shapes ... ok
2026-10-08T03:45:35.4819577Z Slint: long callback/instantiation chain detected
2026-10-08T03:45:35.8386375Z test active_predicates::real_inherited_menus_publish_exact_qt_clipboard_text_and_open_owned_pages ... ok
2026-10-08T03:45:36.1756533Z test animation_start::constructor_cancel_hidden_and_retired_controls_then_real_next_media_initial_seek ... ok
2026-10-08T03:45:36.3948271Z test api_update_toasts::real_checkbox_cancel_reopen_hidden_retired_and_concurrent_width_merge ... ok
2026-10-08T03:45:36.4736081Z test api_update_toasts::actual_api_jobs_render_expire_and_preserve_retired_gui_incarnation ... ok
2026-10-08T03:45:36.4905680Z test archive_delete::the_archive_delete_filter_keeps_and_deletes ... ok
2026-10-08T03:45:36.6739787Z test archive_delete_policies::retained_finish_cannot_write_after_its_main_owner_is_dropped ... ok
2026-10-08T03:45:36.7976147Z test archive_delete_policies::saved_all_domains_single_choice_and_forget_question_are_owned_across_rebind ... ok
2026-10-08T03:45:37.0383069Z test archive_delete_policies::staged_options_cancel_save_hidden_callbacks_and_reopen_reach_next_finish ... ok
2026-10-08T03:45:37.2600612Z test archive_repair::cancel_after_commit_reports_success_and_refreshes_while_cancel_before_write_rolls_back ... ok
2026-10-08T03:45:37.5888578Z test archive_repair::database_repair_has_owned_scan_population_questions_and_updates_real_media_on_reopen ... ok
2026-10-08T03:45:37.8181740Z test archive_delete_policies::actual_multiple_choices_refuse_early_commit_then_delete_only_selected_domain ... ok
2026-10-08T03:45:38.1905963Z test auto_resolution_review::a_failed_denial_keeps_pending_pairs_and_reports_the_error ... ok
2026-10-08T03:45:38.5886482Z test auto_resolution_review::a_pending_pair_is_approved_in_the_duplicate_filter ... ok
2026-10-08T03:45:38.6379016Z test auto_resolution_preview::a_rules_pairs_are_previewed ... ok
2026-10-08T03:45:39.1042655Z test archive_repair::actual_archive_controls_wrap_scroll_and_apply_each_recorded_population ... ok
2026-10-08T03:45:39.3026072Z test auto_resolution_review::pairs_are_approved_denied_and_undone_as_the_reference_does ... ok
2026-10-08T03:45:39.4207226Z test auto_resolution_rules::a_rules_searches_location_is_chosen ... ok
2026-10-08T03:45:39.5679304Z test autocomplete_tabs::literal_batches_and_empty_activation_preserve_typed_tags_query_and_or_history ... ok
2026-10-08T03:45:39.7716210Z test client_api_admin::cancellation_nested_ownership_permissions_and_key_validation ... ok
2026-10-08T03:45:39.9655663Z test client_api_admin::sorted_selection_crud_copy_base_url_persistence_and_stale_apply ... ok
2026-10-08T03:45:40.1041721Z test auto_resolution_rules::rules_are_added_edited_deleted_and_written ... ok
2026-10-08T03:45:40.1233954Z test client_api_admin::supported_service_listener_fields_stage_cancel_and_persist ... ok
2026-10-08T03:45:40.3108398Z test autocomplete_tabs::read_batches_favourite_questions_write_drafts_and_owner_boundaries_replay_qt ... ok
2026-10-08T03:45:40.3391869Z test client_exit::cancel_hidden_answer_and_accepted_close_respect_the_live_main_binding ... ok
2026-10-08T03:45:40.3619454Z test clipboard_urls::changes_route_to_open_importers_without_switching_pages ... ok
2026-10-08T03:45:40.5726294Z test clipboard_urls::clipboard_failure_is_a_global_message_and_toggling_retries_it ... ok
2026-10-08T03:45:40.6169580Z test clipboard_urls::empty_nested_notebooks_select_their_first_child_and_keep_both_destinations_inside ... ok
2026-10-08T03:45:40.6567235Z test clipboard_urls::independent_menu_switches_persist_on_reopen ... ok
2026-10-08T03:45:40.8176164Z test collect::a_page_opened_from_a_collected_page_collects_as_it_did ... ok
2026-10-08T03:45:40.8402841Z test collect::a_session_page_keeps_how_it_collects ... ok
2026-10-08T03:45:41.0312107Z test collect::restoring_and_refreshing_searches_preserves_absent_and_explicit_collect_settings ... ok
2026-10-08T03:45:41.1266581Z test command_palette::asynchronous_calculator_ignores_page_threshold_and_activation_keeps_owner_open ... ok
2026-10-08T03:45:41.2218657Z test collect::the_collect_control_collects_the_page ... ok
2026-10-08T03:45:41.4897827Z test command_palette::media_provider_uses_the_actual_thumbnail_dispatcher_and_rejects_a_changed_page ... ok
2026-10-08T03:45:41.5012060Z test command_palette::ctrl_p_async_palette_launches_real_pages_favourites_and_main_menu_actions ... ok
2026-10-08T03:45:41.5952350Z test command_palette::palette_reopen_rejects_stale_callbacks_and_removed_providers_do_not_return ... ok
2026-10-08T03:45:41.6156670Z test command_palette::persisted_unicode_thresholds_reach_the_async_palette_after_reopening ... ok
2026-10-08T03:45:41.6965750Z test command_palette::saved_favourite_current_page_policy_and_provider_order_reach_a_reopened_palette ... ok
2026-10-08T03:45:41.8436133Z test database_maintenance::cancelled_dialog_callbacks_release_store_and_owner_before_thread_exit ... ok
2026-10-08T03:45:42.1706913Z test database_maintenance::current_service_choice_repairs_real_mappings_once_and_releases_previous_question ... ok
2026-10-08T03:45:42.4876852Z test database_maintenance::hidden_parent_rebind_last_bound_and_accepted_exit_retire_decisions ... ok
2026-10-08T03:45:43.2916196Z test database_maintenance::cancelled_hidden_and_replaced_initial_or_service_choices_are_terminal ... ok
2026-10-08T03:45:43.4256288Z test database_maintenance::no_cancel_x_and_hidden_questions_cannot_write_or_displace_a_successor ... ok
2026-10-08T03:45:43.5467968Z test debug_delayed_pages::background_delivery_preserves_the_open_choosers_frozen_notebook_and_anchor ... ok
2026-10-08T03:45:43.7366451Z test debug_delayed_pages::cancel_exit_preserves_query_but_accepted_exit_rebind_and_owner_drop_retire_requests ... ok
2026-10-08T03:45:43.9636327Z test debug_delayed_pages::pages_share_popup_deadlines_without_dropping_pruning_or_publication ... ok
2026-10-08T03:45:44.7085794Z test debug_delayed_popup::actual_menu_overlapping_deadlines_hidden_progress_store_reopen_and_rendered_cards ... ok
2026-10-08T03:45:44.9336615Z test debug_delayed_popup::long_text_updates_and_dismissal_do_not_starve_a_pending_delayed_popup ... ok
2026-10-08T03:45:45.2087145Z test debug_delayed_popup::pending_delayed_jobs_retire_permanently_on_accepted_exit_rebind_and_owner_destruction ... ok
2026-10-08T03:45:45.9556166Z test debug_delayed_pages::menu_snapshot_overlapping_hidden_delivery_current_notebook_and_real_query ... ok
2026-10-08T03:45:47.2006196Z test debug_fetch::hidden_children_close_cancel_rebind_final_bound_drop_and_main_drop_retire_owned_work ... ok
2026-10-08T03:45:47.9389229Z test debug_fetch::ordinary_get_waits_for_saved_bandwidth_rules_and_popup_stop_cancels_before_any_http ... ok
2026-10-08T03:45:48.1144423Z test debug_fetch::actual_menu_binary_save_decoded_clipboard_forget_cookie_headers_and_dismiss_deadline ... ok
2026-10-08T03:45:48.9440365Z test debug_long_popup::actual_menu_and_toaster_replay_every_recorded_deadline_and_durable_string ... ok
2026-10-08T03:45:49.0556555Z test collect::pages_collect_as_the_reference_s_pages_collect ... ok
2026-10-08T03:45:49.1251888Z test debug_fetch::overlapping_held_jobs_popup_stop_error_and_cancelled_save_have_real_consumers ... ok
2026-10-08T03:45:49.1535954Z test debug_long_popup::cloned_bound_keeps_deadlines_until_the_final_bound_owner_drops ... ok
2026-10-08T03:45:49.3106704Z test debug_long_popup::dismissal_prunes_future_title_jobs_before_any_deadline_and_overlapping_runs_remain_owned ... ok
2026-10-08T03:45:49.3956085Z Slint: long callback/instantiation chain detected
2026-10-08T03:45:49.4966778Z Slint: long callback/instantiation chain detected
2026-10-08T03:45:49.5236241Z test debug_long_popup::hidden_launch_exit_cancel_rebind_bound_drop_and_main_destruction_have_distinct_lifetimes ... ok
2026-10-08T03:45:49.5751677Z Slint: long callback/instantiation chain detected
2026-10-08T03:45:49.6223694Z test debug_session_reload::hidden_new_launch_cancelled_exit_rebind_and_shared_final_drop_ownership ... ok
2026-10-08T03:45:49.6716036Z test debug_session_reload::actual_menu_snapshot_restores_order_resets_selection_and_keeps_closed_originals ... ok
2026-10-08T03:45:49.8910945Z test debug_session_reload::importer_logs_restore_with_new_queue_identity_and_paused_closed_owner ... ok
2026-10-08T03:45:49.9149540Z test downloader_definitions::domain_mask_modes_tester_and_selectable_previews_apply_cancel_and_reopen ... ok
2026-10-08T03:45:50.0554799Z test downloader_definitions::full_domain_mask_owned_entries_questions_and_favourites_reach_persisted_consumers ... ok
2026-10-08T03:45:50.1752476Z test downloader_definitions::lifecycle_string_descendants_cancel_without_orphaning_definition_drafts ... ok
2026-10-08T03:45:50.2996279Z test downloader_definitions::class_rules_apply_snapshot_roundtrip_and_cancel_safety ... ok
2026-10-08T03:45:50.3635846Z test downloader_definitions::lifecycle_native_fields_disable_typing_until_child_closes ... ok
2026-10-08T03:45:50.4516772Z test downloader_display::questions_cancel_apply_reopen_sort_selection_and_render ... ok
2026-10-08T03:45:50.5237442Z test downloader_interchange::class_list_buttons_preserve_export_format_and_owner_cancel ... ok
2026-10-08T03:45:50.6335946Z test downloader_interchange::closing_a_sibling_definition_list_keeps_the_owning_import_open ... ok
2026-10-08T03:45:50.6835918Z test downloader_interchange::dropping_the_final_exchange_owner_hides_and_invalidates_a_retained_window_handle ... ok
2026-10-08T03:45:50.7461333Z test downloader_interchange::export_text_is_selectable_read_only_and_png_accepts_a_bare_relative_path ... ok
2026-10-08T03:45:50.7905762Z test downloader_definitions::single_nested_generators_roundtrip_delete_and_cancel ... ok
2026-10-08T03:45:50.8174724Z test downloader_interchange::formula_buttons_keep_imported_auxiliary_through_child_apply ... ok
2026-10-08T03:45:51.0326449Z test downloader_interchange::mixed_registered_login_package_reviews_png_selects_dependencies_and_reopens_saved_scripts ... ok
2026-10-08T03:45:51.0966090Z test downloader_interchange::package_reviews_real_png_cancel_and_invalid_input_before_atomic_apply ... ok
2026-10-08T03:45:51.1106028Z test downloader_interchange::parser_list_import_and_export_buttons_stage_until_owner_apply ... ok
2026-10-08T03:45:51.3265156Z test downloader_lists::a_watcher_pages_list_acts_on_its_selection_as_the_references ... ok
2026-10-08T03:45:51.3468088Z test downloader_lists::a_gallery_pages_list_acts_on_its_selection_as_the_references ... ok
2026-10-08T03:45:52.8346142Z test downloader_display::saved_choices_reach_existing_gallery_and_open_viewer ... ok
2026-10-08T03:45:52.9157995Z test downloader_update_times::gallery_owned_timer_reads_rows_at_deadline_keeps_live_details_and_retires ... ok
2026-10-08T03:45:53.1569058Z test downloader_update_times::real_options_constructor_cancel_normalization_save_reopen_and_retained_cancel ... ok
2026-10-08T03:45:53.8773744Z test duplicate_filter::decisions_wait_for_the_end_of_the_batch_and_can_be_undone ... ok
2026-10-08T03:45:53.9256692Z test duplicate_filter::duplicates_pages_kept_by_an_earlier_import_still_open ... ok
2026-10-08T03:45:54.5486239Z test animation::animations_play_in_the_viewer_with_the_client_s_own_player ... ok
2026-10-08T03:45:54.6116180Z test downloader_update_times::watcher_owned_timer_reads_rows_at_deadline_keeps_live_details_and_retires ... ok
2026-10-08T03:45:54.7395976Z test duplicate_filter::group_mode_keeps_to_one_group ... ok
2026-10-08T03:45:55.5520294Z test duplicate_filter::the_file_shown_is_the_one_decided_on ... ok
2026-10-08T03:45:55.8683436Z test duplicate_filter::small_batches_commit_themselves_until_no_pairs_are_left ... ok
2026-10-08T03:45:56.0405902Z test duplicate_colours::options_replay_cancel_retired_apply_bounds_and_persisted_reopen ... ok
2026-10-08T03:45:56.3887885Z test duplicate_filter::the_filter_opens_from_a_duplicates_page_and_compares_the_pair ... ok
2026-10-08T03:45:56.7226076Z test duplicate_filter::viewing_statistics_switch_controls_actual_pair_navigation_and_cancelled_close ... ok
2026-10-08T03:45:56.9713085Z test edit_subscription::advanced_quality_menu_reads_saved_logs_and_current_media_without_applying_drafts ... ok
2026-10-08T03:45:57.0889633Z test duplicates_progress::actual_checkbox_relabels_visible_preparation_without_changing_work_and_future_pages_reopen_policy ... ok
2026-10-08T03:45:57.1253091Z test emoji_fonts::outline_fox_is_selected_without_replacing_platform_text_fallbacks ... ok
2026-10-08T03:45:57.1668654Z test duplicates_page::the_sidebar_tabs_show_and_change_the_search_and_the_rules ... ok
2026-10-08T03:45:57.1756534Z test edit_subscription::the_dialog_edits_a_subscription_and_the_list_writes_it ... ok
2026-10-08T03:45:57.5895407Z test export_files::failed_export_trashes_only_completed_prefix_and_refreshes_owner ... ok
2026-10-08T03:45:57.6751338Z test existing_tags_filter::existing_tag_filter_dialog_stages_enables_persists_and_retires_with_its_importer_owner ... ok
2026-10-08T03:45:57.7237638Z test export_files::export_files_menu_window_previews_confirmation_and_worker ... ok
2026-10-08T03:45:58.0330522Z test embedded_metadata::metadata_opens_from_thumbnails_and_viewer_and_copies_raw_values ... ok
2026-10-08T03:45:58.0588692Z test export_files::shared_pattern_shortcuts_copy_without_editing_and_guard_closed_owners ... ok
2026-10-08T03:45:58.3009582Z test export_files::selected_export_tag_sidebar_copies_launches_native_pages_persists_favourites_and_closes ... ok
2026-10-08T03:45:58.8436205Z test external_calls::actual_command_parameter_queue_buttons_keys_cancel_and_saved_argument_consumer ... ok
2026-10-08T03:45:59.1316125Z test external_calls::callable_command_child_apply_cancel_parent_staging_reopen_and_retired_owner ... ok
2026-10-08T03:45:59.2026193Z test external_calls::command_clipboard_exact_review_raw_rows_clean_copy_errors_and_owner_retirement ... ok
2026-10-08T03:45:59.4505905Z test external_calls::imported_reference_calls_review_cancel_and_saved_process_test_consumer ... ok
2026-10-08T03:46:00.0955758Z test external_calls::list_duplicate_defaults_delete_capture_and_options_persistence ... ok
2026-10-08T03:46:00.5206529Z test external_calls::duplicate_warning_decline_keeps_unsorted_unselected_prefix_accept_finishes_and_retired_question_cannot_append ... ok
2026-10-08T03:46:00.5406107Z test external_calls::reopened_saved_process_uses_real_editor_inputs_and_owned_test_call_worker ... ok
2026-10-08T03:46:00.8096012Z test external_calls::parameter_queue_reverse_edit_and_real_key_origin_histories_match_actual_qt ... ok
2026-10-08T03:46:01.0416008Z test favourites::a_favourite_s_collect_collects_the_page ... ok
2026-10-08T03:46:01.1636228Z test favourite_search_editor::favourite_domain_sort_collect_and_autocomplete_widgets_reach_saved_searches ... ok
2026-10-08T03:46:01.3335875Z test favourites::a_favourite_search_loads_into_the_page ... ok
2026-10-08T03:46:01.3936042Z test favourites::searches_are_saved_and_added_as_the_reference_saves_and_adds_them ... ok
2026-10-08T03:46:01.4591668Z test external_calls::simple_delete_includes_os_launch_rows_but_cancel_and_closed_owner_do_not_change_saved_calls ... ok
2026-10-08T03:46:01.6256581Z test favourites::the_edit_dialog_asks_before_overwriting_as_the_reference_s ... ok
2026-10-08T03:46:01.6601320Z test favourites::the_dialogs_save_edit_and_delete_searches ... ok
2026-10-08T03:46:01.6715406Z test favourites::the_edit_dialog_gives_back_what_the_reference_s_does ... ok
2026-10-08T03:46:01.8841498Z test favourites::the_star_button_s_menu_is_the_reference_s ... ok
2026-10-08T03:46:01.8966744Z test favourites::the_manage_dialog_lists_them_as_the_reference_s ... ok
2026-10-08T03:46:01.9747198Z test ffmpeg_timeout::retained_importer_tools_do_not_retain_their_isolated_store ... ok
2026-10-08T03:46:02.3629645Z test ffmpeg_timeout::visible_timeout_draft_survives_hidden_edits_and_reaches_the_live_reader ... ok
2026-10-08T03:46:02.9149754Z test file_history::history_frame_consumes_times_filters_and_ranges_without_touching_main_query_or_retired_owner ... ok
2026-10-08T03:46:03.1186161Z test file_log::advanced_object_export_and_renormalisation_confirm_before_collapsing_later_duplicates ... ok
2026-10-08T03:46:03.3115897Z test file_log::clipboard_import_persists_deduplicates_and_handles_empty_or_missing_text ... ok
2026-10-08T03:46:03.5151388Z test file_log::selected_url_search_opens_a_local_or_search_and_reaches_matching_files ... ok
2026-10-08T03:46:03.7785502Z test file_log::source_png_dialogs_cancel_validate_import_export_and_close_with_the_log ... ok
2026-10-08T03:46:04.0904128Z test file_log::the_file_log_lists_a_queues_files_and_acts_on_them ... ok
2026-10-08T03:46:04.3439570Z test file_maintenance_current::actual_missing_file_integrity_runner_hands_useful_url_to_the_owned_named_import_queue ... ok
2026-10-08T03:46:04.8266634Z test file_maintenance_current::captured_clear_while_force_waits_is_serviced_before_the_next_physical_batch ... ok
2026-10-08T03:46:05.0061829Z test file_maintenance_current::named_redownload_preserves_current_and_reuses_named_page_instead_of_unrelated_url_importer ... ok
2026-10-08T03:46:05.2227662Z test file_maintenance_current::pending_exit_decline_and_accepted_exit_are_owned_boundaries_for_review_callbacks ... ok
2026-10-08T03:46:05.4446172Z test ffmpeg_timeout::real_options_cancel_hidden_retired_save_reopen_bounds_and_independent_field ... ok
2026-10-08T03:46:05.6677888Z test file_maintenance_current::real_menu_selected_work_future_clear_and_owned_stale_callbacks ... ok
2026-10-08T03:46:05.8661691Z test file_maintenance_current::reopened_review_refetches_counts_without_inheriting_the_closed_selection ... ok
2026-10-08T03:46:05.9116570Z test file_maintenance_current::real_popup_cancel_while_pass_waits_for_shared_lease_preserves_every_queued_file ... ok
2026-10-08T03:46:06.4135124Z test file_view_removal::live_trash_policy_uses_actual_membership_and_move_menu_only_removes_source ... ok
2026-10-08T03:46:06.6866327Z test file_view_removal::mixed_already_trash_advanced_choice_and_locked_physical_noop_retain_unaffected_rows ... ok
2026-10-08T03:46:06.8993685Z test file_view_removal::filter_accept_forget_resume_switch_and_closed_source_never_target_successor ... ok
2026-10-08T03:46:07.3766112Z test file_view_removal::retained_delete_and_transfer_children_cannot_mutate_a_rebound_main_window ... ok
2026-10-08T03:46:07.6106308Z test file_view_removal::viewer_deletion_never_prunes_an_externally_retained_forgotten_source_or_successor ... ok
2026-10-08T03:46:07.8056422Z test external_calls::defaults_physical_menu_exact_choices_saved_reopen_and_retired_selector_are_owned ... ok
2026-10-08T03:46:07.8470455Z test filename_rules::attached_regex_menus_copy_without_edits_and_favourites_commit_independently ... ok
2026-10-08T03:46:08.0396268Z test filename_simple::folder_tag_child_is_staged_reopens_and_is_cancelled_with_its_owner ... ok
2026-10-08T03:46:08.2876009Z test filename_rules::real_lists_replay_reference_and_save_folder_consumers_without_stale_callbacks ... ok
2026-10-08T03:46:08.3571214Z test ffmpeg_timeout::already_open_importer_captures_old_deadline_saved_apply_changes_next_call_and_no_store_cycle ... ok
2026-10-08T03:46:08.3989605Z test filename_simple::real_simple_actions_replay_selection_paste_and_removal_then_reach_manual_import_seeds ... ok
2026-10-08T03:46:08.5514318Z test filesize_predicate::destroyed_main_automatically_closes_new_size_while_bound_child_and_collector_survive ... ok
2026-10-08T03:46:08.9510311Z test filesize_predicate::only_final_bound_drop_retires_size_and_old_timers_cannot_retire_a_live_successor ... ok
2026-10-08T03:46:09.2157816Z test filesize_predicate::real_radio_keys_and_all_units_reach_the_search_consumer ... ok
2026-10-08T03:46:09.2397380Z test filesize_predicate::hidden_cancelled_rebound_and_accepted_closed_main_cannot_accept_a_retained_size_draft ... ok
2026-10-08T03:46:09.3982527Z test folder_manager_lifecycle::draft_is_read_after_worker_commit_and_read_failure_releases_the_request ... ok
2026-10-08T03:46:09.4890470Z test folder_manager_lifecycle::failed_folder_commit_closes_owners_and_releases_the_lease_without_partial_writes ... ok
2026-10-08T03:46:09.6825325Z test folders::an_import_folders_filename_tagging_is_added_edited_and_deleted ... ok
2026-10-08T03:46:09.8356139Z test file_view_removal::options_match_actual_qt_dependency_apply_cancel_reopen_and_retired_callbacks ... ok
2026-10-08T03:46:09.9290715Z test folders::export_folders_are_added_edited_and_written ... ok
2026-10-08T03:46:10.0276171Z test folders::folder_paths_are_picked_with_browse ... ok
2026-10-08T03:46:10.1361633Z test folder_manager_lifecycle::wait_cancel_window_close_and_live_pause_changes_release_only_the_transient_request ... ok
2026-10-08T03:46:10.3343987Z test folders::import_folders_are_added_edited_and_written ... ok
2026-10-08T03:46:10.3379848Z test force_filetype::a_file_is_forced_to_another_filetype_and_back ... ok
2026-10-08T03:46:10.3899891Z test folder_manager_lifecycle::replay_reference_pause_wait_apply_cancel_and_original_pause_restoration ... ok
2026-10-08T03:46:10.4999824Z test force_idle::hidden_prompt_cancel_rebind_close_and_final_binding_clone_retire_override ... ok
2026-10-08T03:46:10.5206342Z test force_idle::forced_idle_admits_real_trash_and_physical_passes_at_unchanged_deadlines ... ok
2026-10-08T03:46:10.6182134Z test formula_editors::formula_editors_bulk_edit_sequences_and_cancelled_children_unlock_parent ... ok
2026-10-08T03:46:10.6916044Z test force_idle::real_menu_checked_states_controller_matrix_activity_and_autosave_consumer ... ok
2026-10-08T03:46:10.7195944Z test formula_editors::formula_editors_cancel_children_and_edit_context_formulae ... ok
2026-10-08T03:46:10.8586093Z test formula_editors::formula_editors_json_sidecar_formula_is_saved_with_import_folder ... ok
2026-10-08T03:46:10.8836371Z test formula_editors::formula_editors_html_rules_validation_processing_and_screenshot ... ok
2026-10-08T03:46:10.9809748Z test formula_editors::formula_editors_simple_downloader_list_saves_cancel_and_unique_names ... ok
2026-10-08T03:46:11.0402748Z test formula_editors::formula_editors_sidecar_json_child_applies_to_source_only_on_acceptance ... ok
2026-10-08T03:46:11.0909105Z test formula_editors::lifecycle_formula_parent_keeps_rule_address_stable ... ok
2026-10-08T03:46:11.1854262Z test formula_editors::lifecycle_string_editors_cancel_descendants_and_reopen ... ok
2026-10-08T03:46:11.3015873Z test formula_editors::recursive_owner_cancel_invalidates_every_depth_and_retained_handle ... ok
2026-10-08T03:46:11.3565741Z test formula_editors::recursive_second_formula_can_select_every_transformed_example ... ok
2026-10-08T03:46:11.3611555Z test formula_editors::recursive_nested_children_preview_transformed_examples_and_save ... ok
2026-10-08T03:46:11.5277100Z test formula_editors::recursive_zipper_queue_matches_reference_and_blocks_parent_mutations ... ok
2026-10-08T03:46:11.5627770Z test formula_editors::zipper_components_exchange_appends_only_formulae_and_exports_selection ... ok
2026-10-08T03:46:11.5941823Z test formula_editors::scalar_formula_controls_preview_processing_cancel_and_save ... ok
2026-10-08T03:46:11.8286304Z test gallery_source::actual_widget_replays_reference_groups_cancels_and_empty_warnings ... ok
2026-10-08T03:46:12.0391320Z test gallery_source::options_source_child_is_staged_cancel_safe_and_reaches_page_and_subscription ... ok
2026-10-08T03:46:12.2721483Z test gui_colours::help_warning_hidden_acknowledgement_toggle_rebind_and_final_bound_drop_are_owned ... ok
2026-10-08T03:46:12.4366095Z test frame_locations::frame_options_table_child_staging_and_saved_viewer_geometry_match_reference ... ok
2026-10-08T03:46:12.6396497Z test gui_colours::saved_palette_change_during_real_row_fade_discards_old_brushes_without_redecoding ... ok
2026-10-08T03:46:13.5656314Z test gui_colours::fresh_local_membership_live_roles_and_existing_owned_windows_paint_without_palette_changes ... ok
2026-10-08T03:46:13.9616486Z test hash_predicate::all_types_signs_and_empty_hashes_publish_the_recorded_queries ... ok
2026-10-08T03:46:14.7296177Z test hash_predicate::cleanup_replaces_real_typed_text_and_owns_warning_acknowledgement ... ok
2026-10-08T03:46:15.0368425Z test hash_predicate::main_death_and_final_bound_drop_automatically_close_recorded_cleanup_warning ... ok
2026-10-08T03:46:15.2908493Z test headless_lifetime::completed_bound_menus_release_their_pages_rows_and_workers_before_thread_exit ... ok
2026-10-08T03:46:15.4950247Z test headless_lifetime::explicit_ui_scope_teardown_releases_bound_workers_before_thread_exit ... ok
2026-10-08T03:46:15.6736680Z test headless_lifetime::last_collector_hides_visible_components_and_releases_callbacks_and_store ... ok
2026-10-08T03:46:15.6836017Z test gui_format::staged_controls_reopen_and_reach_real_log_rows_and_page_size_status ... ok
2026-10-08T03:46:16.0986203Z test formula_editors::formula_fetch_decodes_real_documents_updates_preview_and_discards_closed_owner_results ... ok
2026-10-08T03:46:17.1816047Z test hidden_page_preview::closed_live_canvas_survives_unclose_but_forget_retires_even_retained_search_owner ... ok
2026-10-08T03:46:17.7626143Z test hidden_page_preview::displaced_global_hide_request_retries_original_time_with_two_workers_and_one_queue ... ok
2026-10-08T03:46:18.0666212Z test hidden_page_preview::normal_pending_page_return_retries_with_return_time_and_rejects_obsolete_reply ... ok
2026-10-08T03:46:18.5480256Z test hidden_page_preview::actual_qt_owned_hide_roundtrip_preserves_both_page_intervals_and_normal_restore ... ok
2026-10-08T03:46:20.0982595Z test hidden_page_preview::pending_hidden_decode_is_page_owned_and_same_key_successor_retires_snapshots_and_replies ... ok
2026-10-08T03:46:20.5376952Z test hidden_page_preview::same_monitor_persisted_same_keys_fresh_pages_drop_frames_and_reject_late_old_generation ... ok
2026-10-08T03:46:21.2196645Z test hidden_page_preview::snapshot_eviction_redecodes_owned_identity_without_restarting_hidden_intervals ... ok
2026-10-08T03:46:21.7460110Z test idle_timeout_options::unchanged_options_acceptance_normalises_raw_seconds_and_changes_the_existing_live_gate ... ok
2026-10-08T03:46:21.8976211Z test gui_colours::real_options_stage_all_roles_cancel_hidden_inputs_and_retire_owned_picker ... ok
2026-10-08T03:46:22.6547815Z test idle_timeout_options::complete_idle_captions_and_actual_none_states_fit_opening_and_capture_sizes ... ok
2026-10-08T03:46:22.6635514Z test idle_timeout_options::staged_timeouts_change_live_browsing_mouse_api_and_autosave_gates_only_after_apply ... ok
2026-10-08T03:46:23.4464430Z test image_cache::real_saved_policy_preserves_current_media_and_intervals_then_retires_final_bound_owner ... ok
2026-10-08T03:46:23.7546122Z test image_colour::paused_animation_keeps_accepted_frame_index_and_pixels_on_icc_notification ... ok
2026-10-08T03:46:24.0500822Z test import_files::files_and_folders_picked_are_reviewed ... ok
2026-10-08T03:46:24.4386411Z test import_files::files_are_imported_with_the_sidecars_tab_routers ... ok
2026-10-08T03:46:24.4456078Z test image_colour::held_old_colour_reply_cannot_replace_current_or_rebound_canvas_and_ineligible_preview_stays_empty ... ok
2026-10-08T03:46:24.7125801Z test image_colour::actual_saved_icc_updates_preview_viewer_tiles_and_archive_without_resetting_owned_state ... ok
2026-10-08T03:46:24.8505964Z test import_files::files_given_are_reviewed_then_imported ... ok
2026-10-08T03:46:24.8791825Z test import_files::files_are_imported_with_the_tags_filename_tagging_gives_them ... ok
2026-10-08T03:46:25.1026028Z test import_folder_log::unsaved_folder_has_owned_empty_log_and_owner_closure_discards_pending_cache ... ok
2026-10-08T03:46:25.3386151Z test import_options::a_highlighted_searchs_own_file_limit_and_import_options_are_edited ... ok
2026-10-08T03:46:25.3485670Z test import_options::a_gallery_pages_import_options_are_edited_for_its_new_searches ... ok
2026-10-08T03:46:25.5708278Z test import_options::a_url_downloaders_import_options_are_edited ... ok
2026-10-08T03:46:25.7203032Z test import_options::an_import_folders_import_options_are_edited_and_written ... ok
2026-10-08T03:46:25.8098820Z test import_options::favourites_popup_replays_real_dialogs_persists_and_invalidates_children ... ok
2026-10-08T03:46:25.9201029Z test import_options::options_profiles_share_the_parent_draft_without_persisting_children ... ok
2026-10-08T03:46:25.9955820Z test import_folder_log::copied_cache_replays_reference_child_apply_cancel_and_folder_cancel_then_manager_commit ... ok
2026-10-08T03:46:26.1662964Z test import_options::shared_overwrite_drafts_close_cleanly_and_clipboard_reaches_real_importer ... ok
2026-10-08T03:46:26.2728305Z test image_cache::speed_memory_helpers_own_wrapped_space_at_preferred_and_capture_sizes ... ok
2026-10-08T03:46:26.3697560Z test import_options_panel::applied_defaults_url_overrides_profiles_and_simple_preference_reach_consumers ... ok
2026-10-08T03:46:26.4967182Z test import_options_panel::options_drafts_replay_clear_reset_simple_mode_and_cancel_without_store_changes ... ok
2026-10-08T03:46:26.5127105Z test importer_list_menu::a_gallery_lists_menu_acts_on_the_pressed_search ... ok
2026-10-08T03:46:26.5932014Z test importer_list_menu::a_watcher_lists_menu_copies_the_pressed_watchers_url ... ok
2026-10-08T03:46:26.7608547Z test importer_list_menu::closed_log_renormalisation_menu_requires_confirmation ... ok
2026-10-08T03:46:26.7766820Z test importer_list_menu::closed_search_log_exchange_retains_real_questions_and_png_children ... ok
2026-10-08T03:46:26.8663849Z Slint: long callback/instantiation chain detected
2026-10-08T03:46:27.1349000Z test info_lines::info_lines_are_the_reference_s ... ok
2026-10-08T03:46:27.2995234Z test info_lines::the_archive_delete_filter_shows_the_top_line_too ... ok
2026-10-08T03:46:27.3005883Z test import_work_slots::actual_importing_controls_cancel_apply_reopen_and_ignore_retired_edits ... ok
2026-10-08T03:46:27.4248065Z test incremental_tagging::real_incremental_child_replays_cancel_apply_memory_and_blocks_parent_mutations ... ok
2026-10-08T03:46:27.7425835Z test list_drag::dragging_across_rows_selects_them ... ok
2026-10-08T03:46:27.8017988Z test info_lines::the_viewer_shows_the_top_line_near_its_top ... ok
2026-10-08T03:46:27.8691056Z test local_transfer::actual_thumbnail_transfer_menu_captures_selection_and_checks_parent_identity ... ok
2026-10-08T03:46:28.0239538Z test local_transfer::native_transfer_yes_no_cancel_and_stale_window_cannot_write ... ok
2026-10-08T03:46:28.1306610Z test login_script_controls::script_information_error_help_and_retired_children_replay_actual_qt ... ok
2026-10-08T03:46:28.1428160Z test login_workflows::credential_entry_masks_password_and_replays_reference_invalid_confirmation ... ok
2026-10-08T03:46:28.8312147Z test local_transfer::staged_options_apply_cancel_reopen_and_retired_successor_callbacks ... ok
2026-10-08T03:46:29.2456063Z test login_workflows::domain_cookie_reset_is_confirmed_immediate_and_survives_parent_cancel ... ok
2026-10-08T03:46:29.3144851Z test login_workflows::domain_menu_credentials_stage_activation_and_persist_only_at_parent_apply ... ok
2026-10-08T03:46:29.6096865Z test login_workflows::embedded_step_cookie_actions_replay_qt_and_retire_matchers_with_the_owner ... ok
2026-10-08T03:46:29.6851121Z test login_workflows::example_domain_stages_match_reference_final_cancel_and_preserve_parent_transaction ... ok
2026-10-08T03:46:29.7371000Z test login_workflows::login_exchange_reviews_without_mutating_then_parent_apply_persists_unique_scripts ... ok
2026-10-08T03:46:30.4548062Z test login_workflows::native_domain_prompts_replay_reference_add_change_delete_and_apply_consumers ... ok
2026-10-08T03:46:30.5171939Z test login_workflows::network_login_scripts_menu_reaches_persisted_editor ... ok
2026-10-08T03:46:30.5721503Z test login_workflows::parent_cancel_discards_pending_domain_description_credentials_and_delete ... ok
2026-10-08T03:46:31.6733549Z test login_workflows::reopened_domain_manager_monitors_and_cancels_actual_engine_owned_demand_process ... ok
2026-10-08T03:46:31.7780683Z test login_workflows::result_review_replays_real_qt_fields_unicode_preview_full_copy_and_stale_close ... ok
2026-10-08T03:46:31.8348067Z test login_workflows::script_definition_matcher_child_stages_until_parent_apply_and_cancel_discards ... ok
2026-10-08T03:46:32.2574847Z test login_workflows::delayed_manual_completion_cannot_overwrite_a_successor_login_outcome ... ok
2026-10-08T03:46:32.4590872Z test login_workflows::script_step_content_preview_apply_and_parent_cancel_are_owned_and_restricted ... ok
2026-10-08T03:46:32.5848715Z test login_script_controls::actual_login_cog_targets_isolated_http_request_and_drops_stale_command ... ok
2026-10-08T03:46:32.6652596Z test login_workflows::sequential_cookie_matchers_replay_reference_titles_defaults_cancel_and_distinct_rows ... ok
2026-10-08T03:46:34.8251866Z test login_workflows::shared_cookie_list_owns_matchers_and_stages_both_script_and_step_consumers ... ok
2026-10-08T03:46:36.2478031Z test login_workflows::script_editor_runs_real_http_with_fresh_cookies_and_reviews_without_saving ... ok
2026-10-08T03:46:36.3109285Z test login_workflows::step_argument_prompts_replay_reference_questions_defaults_cancel_and_stale_owner ... ok
2026-10-08T03:46:36.4271942Z test login_workflows::step_shows_three_reference_argument_lists_with_independent_selection_and_pinned_footer ... ok
2026-10-08T03:46:36.6918986Z test login_workflows::script_test_domain_prompt_replays_memory_cancel_clear_timing_and_real_http ... ok
2026-10-08T03:46:36.9882432Z test login_workflows::domain_login_confirmation_saves_then_real_http_persists_session_and_outcome ... ok
2026-10-08T03:46:37.1080842Z test main_identity::raw_name_apply_cancel_and_title_refresh_are_scoped_to_the_current_main_binding ... ok
2026-10-08T03:46:37.1836337Z Slint: long callback/instantiation chain detected
2026-10-08T03:46:37.2244772Z test main_identity::actual_middle_press_uses_canonical_tag_location_defaults_and_saved_activation ... ok
2026-10-08T03:46:37.2701335Z Slint: long callback/instantiation chain detected
2026-10-08T03:46:37.2926638Z test main_identity::stale_file_hidden_closed_reshown_and_rebound_viewers_cannot_launch ... ok
2026-10-08T03:46:37.3001951Z test main_shortcuts::ctrl_page_up_and_down_move_along_the_pages ... ok
2026-10-08T03:46:37.4184396Z test main_shortcuts::f5_and_ctrl_i ... ok
2026-10-08T03:46:37.5316203Z test manage_ratings::ratings_are_set_copied_pasted_and_applied_as_the_reference_does ... ok
2026-10-08T03:46:37.5980319Z test manage_notes::notes_are_added_edited_and_deleted_as_the_reference_does ... ok
2026-10-08T03:46:37.7938366Z Slint: long callback/instantiation chain detected
2026-10-08T03:46:38.0539469Z test manage_tags::switching_from_empty_service_restores_the_only_suggestion_page ... ok
2026-10-08T03:46:38.5952459Z test manage_tags::tags_are_added_and_removed_as_the_reference_does ... ok
2026-10-08T03:46:38.6146521Z test manage_tag_counts::thumbnail_dialog_replays_deleted_counts_and_retained_callbacks_cannot_mutate_reopened_owner ... ok
2026-10-08T03:46:38.6580599Z test manage_tags::most_used_panels_filter_only_add_broadcast_and_retire_closed_consumers ... ok
2026-10-08T03:46:38.7771912Z Slint: long callback/instantiation chain detected
2026-10-08T03:46:38.8196514Z Slint: long callback/instantiation chain detected
2026-10-08T03:46:38.8793608Z test manage_tags_sort::hidden_main_cannot_launch_or_reshow_child_but_visible_viewer_keeps_its_own_route ... ok
2026-10-08T03:46:39.0099114Z test login_workflows::step_argument_draft_rejects_duplicates_stages_cancel_and_reaches_actual_http ... ok
2026-10-08T03:46:39.3786307Z Slint: long callback/instantiation chain detected
2026-10-08T03:46:39.4184252Z test manage_tags_sort::rebind_and_accepted_exit_retire_visible_sort_children_and_old_viewer_launcher ... ok
2026-10-08T03:46:39.5248615Z test manage_tags_sort::main_selection_and_viewer_current_file_use_distinct_defaults_and_live_dialog_keeps_its_sort ... ok
2026-10-08T03:46:39.6747714Z test manage_tags_sort::native_options_stage_cancel_save_reopen_and_reject_retired_sender ... ok
2026-10-08T03:46:39.8005640Z test manage_urls::urls_are_added_removed_and_edited_as_the_reference_does ... ok
2026-10-08T03:46:39.8166841Z test manage_times::times_are_edited_added_and_applied_as_the_reference_does ... ok
2026-10-08T03:46:40.0358629Z test media_actions::confirmation_policy_matches_recorded_actionable_domains_and_counts ... ok
2026-10-08T03:46:40.0729480Z test media_actions::closing_viewer_discards_advanced_deletion_and_reopening_recalls_applied_choice ... ok
2026-10-08T03:46:40.2707210Z test media_shortcuts::alt_and_the_arrows_rearrange_the_selected_thumbnails ... ok
2026-10-08T03:46:40.3359375Z test media_shortcuts::ctrl_c_copies_the_files_themselves ... ok
2026-10-08T03:46:40.4536050Z test media_actions::the_viewer_s_shortcuts_archive_inbox_and_delete ... ok
2026-10-08T03:46:40.5615911Z test media_shortcuts::ctrl_r_and_ctrl_e ... ok
2026-10-08T03:46:40.7332348Z test media_sort::the_sort_control_offers_namespace_and_rating_sorts ... ok
2026-10-08T03:46:40.7393595Z test media_sort::the_sort_options_come_across_from_hydrus ... ok
2026-10-08T03:46:40.9919790Z test menu_bar::clear_and_load_replaces_the_pages_with_a_session ... ok
2026-10-08T03:46:41.0332091Z test menu_bar::boot_pause_menu_saves_preference_and_preserves_live_resume ... ok
2026-10-08T03:46:41.2517973Z test menu_bar::keys_open_and_move_through_the_menus ... ok
2026-10-08T03:46:41.3181222Z test menu_bar::sessions_are_saved_from_the_pages_menu ... ok
2026-10-08T03:46:41.6018500Z test menu_bar::the_bar_s_menus_open_and_do_what_they_say ... ok
2026-10-08T03:46:41.8486096Z test media_sort::pages_sort_as_the_reference_s_pages_sort ... ok
2026-10-08T03:46:42.2457003Z test manage_tags_sort::actual_sort_stacks_fit_their_rows_and_scroll_without_overlap_at_both_viewports ... ok
2026-10-08T03:46:42.4173177Z test menu_bar::the_pointer_opens_menus_and_chooses_from_them ... ok
2026-10-08T03:46:50.6636167Z test menu_choice_wheel::options_staging_saved_policy_bubbling_and_retired_roots_are_owned ... ok
2026-10-08T03:46:55.5126062Z test menu_choice_wheel::manual_export_tag_choices_read_live_policy_and_publish_real_sidebar_rows ... ok
2026-10-08T03:47:00.9487125Z test menu_choice_wheel::open_manage_tags_reads_live_policy_and_keeps_recorded_type_orders_and_real_rows ... ok
2026-10-08T03:47:01.6746235Z test merge_options::a_rules_custom_merge_options_are_edited ... ok
2026-10-08T03:47:02.5040289Z test merge_options::the_default_merge_options_are_edited_and_written ... ok
2026-10-08T03:47:03.2426514Z test merge_options::the_duplicate_filters_custom_action_merges_by_its_own_options ... ok
2026-10-08T03:47:03.2431452Z test mpv::a_video_plays_into_frames_at_the_size_asked ... ok
2026-10-08T03:47:05.1886155Z test namespace_colours::actual_namespace_questions_cancel_retired_owners_reopen_and_live_colours_replay_qt ... ok
2026-10-08T03:47:05.9466350Z test namespace_colours::blank_native_add_apply_and_return_keep_entry_until_acknowledgement_and_parent_cancel ... ok
2026-10-08T03:47:06.2896559Z test namespace_sorts::applied_scheme_reopens_and_drives_real_ordered_media_and_new_collect_namespace ... ok
2026-10-08T03:47:06.6843373Z test namespace_sorts::queue_replays_real_questions_selection_cancel_and_parent_apply_isolation ... ok
2026-10-08T03:47:07.2476722Z test network_data::bandwidth_filters_chart_multiselect_delete_cancel_live_reset_and_saved_age ... ok
2026-10-08T03:47:08.1397089Z test network_data::bandwidth_history_columns_sort_detail_and_default_kind_routing ... ok
2026-10-08T03:47:08.7786527Z test network_data::bandwidth_rules_cancel_apply_reopen_and_render ... ok
2026-10-08T03:47:09.2722098Z test network_data::jobs_live_progress_commands_and_offline_expiry ... ok
2026-10-08T03:47:09.6467981Z test network_job_control::auto_policy_belongs_to_page_control_and_retires_when_page_closes ... ok
2026-10-08T03:47:10.0246589Z test network_job_control::current_jobs_cog_retries_uses_rules_and_retains_finished_error ... ok
2026-10-08T03:47:10.9746485Z test network_job_control::page_cog_rules_cancel_apply_and_error_owner_boundary ... ok
2026-10-08T03:47:17.4949220Z test network_job_control::page_override_reaches_live_engine_and_auto_policy_reaches_next_request ... ok
2026-10-08T03:47:17.5131225Z test network_job_control::retained_error_close_cannot_close_replacement_or_reopened_owner ... ok
2026-10-08T03:47:17.6117908Z test network_sessions::applied_widgets_change_existing_engines_outgoing_requests ... ok
2026-10-08T03:47:19.6032722Z test menu_choice_wheel::wheel_protocol_emits_single_choice_and_empty_consumes_without_selection ... ok
2026-10-08T03:47:20.9910729Z test network_sessions::automatic_header_dialog_approval_denial_later_and_stale_callbacks ... ok
2026-10-08T03:47:21.2541378Z test network_sessions::browse_create_edit_cancel_apply_and_clear ... ok
2026-10-08T03:47:21.3574918Z test network_sessions::cookie_exchange_widgets_confirm_filter_cancel_import_export_and_report_errors ... ok
2026-10-08T03:47:21.4243196Z test network_sessions::dropping_final_owner_cancels_open_drafts_and_invalidates_child_callbacks ... ok
2026-10-08T03:47:21.5536065Z test network_sessions::headers_validate_duplicate_delete_cancel_reopen_and_persist ... ok
2026-10-08T03:47:21.8650736Z test normal_time_maintenance::dropped_binding_retires_retained_control_and_wakes_its_real_held_wait ... ok
2026-10-08T03:47:22.3389763Z test normal_time_maintenance::normal_time_apply_reaches_waiting_consumer_and_terminal_owner_wakes_without_successor ... ok
2026-10-08T03:47:22.6691752Z test normal_time_maintenance::rebind_wakes_previous_pass_and_preserves_queued_pair_for_current_owner ... ok
2026-10-08T03:47:22.6786586Z test network_sessions::automatic_header_answers_reach_an_existing_engine_request ... ok
2026-10-08T03:47:22.9525866Z Slint: long callback/instantiation chain detected
2026-10-08T03:47:23.0597826Z test normal_time_maintenance::unchecked_normal_flags_block_real_workers_but_current_live_idle_admits_both ... ok
2026-10-08T03:47:23.5451742Z test notebook_new_page::insertion_option_imports_rejects_invalid_cancels_and_changes_real_chooser_consumer ... ok
2026-10-08T03:47:23.7696134Z test notebook_new_page::nested_chooser_freezes_parent_and_anchor_and_cancel_clears_pending_position ... ok
2026-10-08T03:47:24.0550361Z test normal_time_maintenance::staged_controls_cancel_reopen_hidden_retired_and_peer_merge ... ok
2026-10-08T03:47:24.2341797Z test notebook_new_page::popup_new_page_and_here_replay_real_reference_order_selection_and_cancellation ... ok
2026-10-08T03:47:24.2976551Z test notebook_refresh::advanced_weight_counts_repeated_media_and_both_seed_logs_and_copies_exact_label ... ok
2026-10-08T03:47:24.5136270Z test notebook_refresh::notebook_refresh_resumes_initialized_descendants_and_preserves_background_selection ... ok
2026-10-08T03:47:24.6496061Z test notebook_sessions::clicked_notebook_saving_replays_names_overwrite_invalid_and_cancellation ... ok
2026-10-08T03:47:24.7150306Z test notebook_sessions::notebook_session_copies_preserve_media_and_independent_importer_state ... ok
2026-10-08T03:47:25.7266178Z test notes_preferences::options_cog_cursor_copy_and_live_hover_replay_with_owned_cancel_and_reopen ... ok
2026-10-08T03:47:26.5586442Z test open_externally::file_queue_replays_all_nested_reference_states_and_live_children ... ok
2026-10-08T03:47:26.7619583Z test open_externally::live_local_membership_restore_reaches_the_same_launcher_after_store_reopen ... ok
2026-10-08T03:47:27.3936022Z test notebook_tree::real_tree_mouse_and_keys_replay_cursor_activation_and_preserved_child_expansion ... ok
2026-10-08T03:47:28.7706184Z test open_externally::options_routes_replay_qt_owned_choosers_cancel_order_apply_reopen_and_retirement ... ok
2026-10-08T03:47:28.7936128Z test open_externally::outer_mime_mapping_reference_replay_saved_keys_delete_and_retired_children ... ok
2026-10-08T03:47:29.0005752Z Slint: long callback/instantiation chain detected
2026-10-08T03:47:29.0682454Z test open_externally::saved_routes_reach_main_and_live_viewer_os_fallback_and_missing_owned_notice ... ok
2026-10-08T03:47:29.2005295Z test open_externally::saved_registered_vectors_feed_actual_main_live_viewer_and_url_pipeline ... ok
2026-10-08T03:47:29.3736202Z test open_externally::shortcut_and_routing_children_exclude_each_other_and_cancel_staged_changes ... ok
2026-10-08T03:47:29.5886470Z test options_window::advanced_deletion_queue_stages_custom_reason_cancel_and_real_consumer ... ok
2026-10-08T03:47:29.6476051Z test options_window::applied_session_backup_count_controls_the_next_save ... ok
2026-10-08T03:47:30.1746046Z test options_window::cancelled_closing_options_and_stale_viewers_cannot_redirect_the_live_owner ... ok
2026-10-08T03:47:30.7908032Z test options_window::banner_options_match_qt_drafts_and_refresh_cached_thumbnails_and_open_viewer ... ok
2026-10-08T03:47:30.9656491Z Slint: long callback/instantiation chain detected
2026-10-08T03:47:31.4336880Z test options_window::canvas_options_apply_to_the_open_viewer_and_cancel_discards_the_draft ... ok
2026-10-08T03:47:31.8270309Z test options_window::command_palette_options_stage_queue_changes_and_persist_only_on_apply ... ok
2026-10-08T03:47:32.7581243Z test options_window::cursor_timeout_reaches_native_motion_timer_focus_and_actual_popup_lifecycle ... ok
2026-10-08T03:47:33.3127982Z test options_window::default_export_directory_browse_apply_cancel_and_manual_open_use_shared_preference ... ok
2026-10-08T03:47:33.5873094Z test menu_choice_wheel::real_media_type_wheels_reach_main_and_staged_options_including_unoffered_current ... ok
2026-10-08T03:47:33.8627940Z test options_window::default_local_location_child_draft_drives_blank_pages_and_tag_fallback ... ok
2026-10-08T03:47:34.0173358Z test options_window::default_search_service_option_changes_new_pages_and_missing_keys_fall_back ... ok
2026-10-08T03:47:34.0194432Z test options_window::eye_menu_mixed_root_boundaries_match_the_recorded_menu_and_real_declaration_order ... ok
2026-10-08T03:47:34.0968406Z test options_window::closing_preferences_reach_frozen_page_selection_and_native_main_activation ... ok
2026-10-08T03:47:34.4712125Z test options_window::favourite_tags_child_replays_reference_and_waits_for_parent_apply ... ok
2026-10-08T03:47:34.6906275Z test options_window::files_trash_confirmations_are_staged_reopened_and_consumed ... ok
2026-10-08T03:47:35.2955644Z test options_window::gui_identity_and_exit_confirmation_reach_the_main_window ... ok
2026-10-08T03:47:36.3146026Z test menu_choice_wheel::physical_media_order_changes_results_and_native_pointer_still_opens_and_chooses ... ok
2026-10-08T03:47:36.9165583Z test options_window::hash_prefix_option_reaches_selected_and_focused_clipboard_hashes ... ok
2026-10-08T03:47:38.9427353Z test options_window::hover_options_apply_to_actual_mouseover_panels_and_passive_index_text ... ok
2026-10-08T03:47:39.4511842Z test options_window::implicit_limit_options_reach_queries_and_limited_sort_refresh ... ok
2026-10-08T03:47:40.4288459Z test options_window::most_used_child_stages_each_service_cancels_descendants_and_persists_options ... ok
2026-10-08T03:47:40.7598850Z test options_window::notebook_focus_option_changes_the_next_tab_close ... ok
2026-10-08T03:47:40.9789325Z test options_window::hover_zoom_and_loop_options_reach_owned_viewers_and_survive_cancel_and_reopen ... ok
2026-10-08T03:47:41.1302029Z test options_window::options_remember_navigation_and_apply_search_placement ... ok
2026-10-08T03:47:42.9717338Z test options_window::pointer_options_change_real_drag_acceptance_and_cursor_transitions ... ok
2026-10-08T03:47:45.4865987Z test options_window::read_list_sizes_and_float_policy_reach_rendered_new_pages ... ok
2026-10-08T03:47:45.7578794Z test options_window::regex_favourites_open_from_options_and_keep_parent_transaction ... ok
2026-10-08T03:47:45.9834328Z Slint: long callback/instantiation chain detected
2026-10-08T03:47:46.1295569Z test options_window::focus_options_reach_native_activity_and_actual_mouseover_gates ... ok
2026-10-08T03:47:46.3972028Z test options_window::removed_default_service_falls_back_in_options_and_waits_for_apply ... ok
2026-10-08T03:47:46.8206052Z test options_window::related_weight_drafts_cancel_reopen_and_re_rank_an_already_open_service_panel ... ok
2026-10-08T03:47:47.2018562Z test options_window::search_defaults_apply_to_new_pages_and_the_real_autocomplete ... ok
2026-10-08T03:47:47.6290889Z test options_window::sleep_options_apply_to_the_network_consumer_and_cancel_drafts ... ok
2026-10-08T03:47:48.0483692Z test options_window::resize_and_seek_options_reach_the_native_viewer_geometry ... ok
2026-10-08T03:47:48.5062779Z test options_window::subscription_concurrency_options_replay_bounds_parent_apply_cancel_and_reopen ... ok
2026-10-08T03:47:48.8048979Z test options_window::subscription_failure_limit_options_replay_qt_values_apply_cancel_and_reopen ... ok
2026-10-08T03:47:48.9443396Z test options_window::tag_dialog_service_dropdown_tracks_remember_checkbox_and_parent_transaction ... ok
2026-10-08T03:47:49.0576217Z test options_window::the_checker_options_buttons_edit_the_default_checker_options ... ok
2026-10-08T03:47:49.2276680Z test options_window::the_default_collect_is_chosen_as_a_pages_collect ... ok
2026-10-08T03:47:49.3665950Z test options_window::the_default_sorts_are_chosen_as_a_pages_sort ... ok
2026-10-08T03:47:49.4885896Z test options_window::the_default_tag_sorts_are_chosen ... ok
2026-10-08T03:47:49.7383946Z test options_window::the_thumbnail_rating_options_redraw_the_grid ... ok
2026-10-08T03:47:49.7907324Z test options_window::the_options_window_applies_its_changes ... ok
2026-10-08T03:47:50.5105516Z test options_window::thumbnails_take_the_size_the_options_give_them ... ok
2026-10-08T03:47:50.6509840Z test options_window::the_thumbnails_border_and_margin_lay_out_the_grid ... ok
2026-10-08T03:47:50.7516250Z test options_window::eye_menu_collapse_options_stage_reopen_and_rebuild_the_existing_browser_viewer ... ok
2026-10-08T03:47:52.1527002Z test options_window::viewing_menu_preferences_apply_to_real_menu_lines_and_cancel_preserves_them ... ok
2026-10-08T03:47:52.3380097Z test options_window::viewing_timing_options_reach_real_viewer_and_archive_filter_lifetimes ... ok
2026-10-08T03:47:52.7947312Z test page_navigation_options::applied_controls_reopen_and_drive_history_and_search_focus ... ok
2026-10-08T03:47:52.9281703Z test page_navigation_options::real_close_questions_cancel_and_undo_preserve_nested_trees_and_session_exemption ... ok
2026-10-08T03:47:53.0923363Z test or_connector::actual_options_raw_connector_preserves_live_or_label_colour_query_and_retired_owner ... ok
2026-10-08T03:47:53.3031112Z test page_scroll::a_page_shown_again_is_scrolled_as_it_was_left ... ok
2026-10-08T03:47:53.3844998Z test parser_editors::canceled_stale_nested_windows_and_invalid_fields_never_overwrite ... ok
2026-10-08T03:47:54.1133750Z test options_window::passive_background_options_paint_independent_copies_behind_opaque_media ... ok
2026-10-08T03:47:54.1526502Z test parser_editors::content_test_panel_fetches_raw_data_and_hands_it_to_its_formula ... ok
2026-10-08T03:47:54.1838755Z test parser_editors::deletion_confirmation_is_modal_and_removes_only_its_snapshotted_keys ... ok
2026-10-08T03:47:54.2504410Z test parser_editors::link_apply_rejects_a_class_changed_to_a_file_in_another_editor ... ok
2026-10-08T03:47:54.3785467Z test parser_editors::links_auto_fill_and_api_review_reproduce_reference_and_preserve_installed_consumers ... ok
2026-10-08T03:47:54.4347457Z test page_chooser_options::checkbox_drafts_cancel_apply_reopen_and_choose_exact_reference_locations ... ok
2026-10-08T03:47:54.4686353Z test parser_editors::multiple_examples_restore_sources_and_propagate_converted_selected_child_data ... ok
2026-10-08T03:47:54.5166153Z test parser_editors::namespace_control_is_disabled_without_losing_its_saved_text ... ok
2026-10-08T03:47:54.5801160Z test parser_editors::owned_parser_picker_and_clear_questions_replay_reference_and_reach_live_resolver ... ok
2026-10-08T03:47:54.7789012Z test parser_editors::native_page_content_apply_roundtrip_preserves_subsidiary_and_formula ... ok
2026-10-08T03:47:55.1435008Z test parser_editors::raw_content_preview_preserves_clipboard_context_and_detects_fetched_png_bytes ... ok
2026-10-08T03:47:55.2199246Z test parser_editors::recursive_formula_edits_reach_saved_page_parser_and_consumer ... ok
2026-10-08T03:47:55.3827018Z test parser_editors::recursive_subsidiary_creation_is_staged_and_owner_cancels_descendants ... ok
2026-10-08T03:47:55.4301481Z test parser_editors::reusable_content_kinds_remap_restricted_choices_and_preserve_login_context ... ok
2026-10-08T03:47:55.4889789Z test parser_editors::sorted_parser_rows_and_sparse_link_rows_select_the_visible_definition ... ok
2026-10-08T03:47:55.5570214Z test parser_editors::subsidiary_edits_preserve_nested_page_identity_and_cancel_metadata_without_prompt ... ok
2026-10-08T03:47:55.6234244Z test parser_editors::subsidiary_export_uses_owned_reference_png_parameters_and_discards_stale_export ... ok
2026-10-08T03:47:55.7842023Z test parser_editors::subsidiary_queue_exchange_is_staged_preserves_wrappers_and_reaches_saved_parser ... ok
2026-10-08T03:47:55.9505303Z test parser_editors::subsidiary_separator_uses_converted_data_preserves_newlines_and_saves ... ok
2026-10-08T03:47:56.1472457Z test page_navigation_options::switching_to_each_importer_focuses_its_actual_query_or_url_text_input ... ok
2026-10-08T03:47:56.2077910Z test parser_editors::url_class_links_are_staged_cancel_safe_and_refresh_capability ... ok
2026-10-08T03:47:56.4560405Z test parser_editors::timestamp_content_has_only_source_choice_and_persists_real_parsed_metadata ... ok
2026-10-08T03:47:56.7270805Z test physical_delete_delay::actual_fields_cancel_raw_apply_reopen_hidden_retired_and_rebind_ownership ... ok
2026-10-08T03:47:57.0736317Z test parser_editors::fetched_page_examples_use_actual_network_headers_cookies_context_and_child_converter ... ok
2026-10-08T03:47:57.1545946Z test parser_editors::page_fetch_error_menu_retains_completed_failure_and_clears_at_next_request ... ok
2026-10-08T03:47:57.2250333Z test popup_freeze::real_options_cancel_reopen_concurrent_fields_hidden_and_retired_children_do_not_write ... ok
2026-10-08T03:47:57.3252320Z test popup_job_actions::accepted_close_and_rebinding_retire_queued_calls_even_with_retained_windows_and_bindings ... ok
2026-10-08T03:47:57.4772805Z test popup_job_actions::cloned_bound_keeps_popup_actions_live_until_its_last_owner_drops ... ok
2026-10-08T03:47:57.5172470Z test popup_job_actions::clipboard_and_repeatable_current_callable_reach_real_native_controls_and_store_effects ... ok
2026-10-08T03:47:57.7032988Z test popup_job_actions::removed_question_tokens_and_retired_producers_cannot_answer_successors ... ok
2026-10-08T03:47:57.8876748Z test popup_freeze::hidden_rebind_and_accepted_close_retire_ui_only_and_never_admit_to_a_successor ... ok
2026-10-08T03:47:58.0953419Z test popup_job_actions::yes_and_no_dismiss_the_popup_and_reach_the_retained_producer_once ... ok
2026-10-08T03:47:58.9236770Z test popup_job_actions::long_question_and_action_controls_render_with_fixed_and_narrow_popup_caps ... ok
2026-10-08T03:47:59.0726088Z test popup_freeze::queued_jobs_expire_and_change_under_frozen_cards_then_restore_and_live_false_resume ... ok
2026-10-08T03:47:59.5257686Z Slint: long callback/instantiation chain detected
2026-10-08T03:47:59.8215779Z test popups::popups_show_at_the_bottom_right_and_their_buttons_work ... ok
2026-10-08T03:47:59.8715767Z test popup_width::pending_eleventh_card_snapshots_on_admission_and_row_removal_keeps_old_policies ... ok
2026-10-08T03:48:00.0507177Z test predicate_editors::dimensions_presets_cancel_hidden_and_retired_callbacks_do_not_change_owner ... ok
2026-10-08T03:48:00.2565971Z test predicate_editors::each_change_to_a_panel_makes_what_the_reference_s_makes ... ok
2026-10-08T03:48:00.4595601Z test predicate_editors::each_editor_is_the_reference_s ... ok
2026-10-08T03:48:00.7009808Z test predicate_editors::imported_predicate_defaults_reach_panels_and_reset_never_resurrects_legacy_values ... ok
2026-10-08T03:48:02.7766392Z test predicate_editors::more_suggestions_than_fit_scroll_rather_than_spill_over ... ok
2026-10-08T03:48:03.0778078Z test predicate_editors::native_viewtime_milliseconds_survive_accept_recent_reopen_and_cancel ... ok
2026-10-08T03:48:03.0784111Z test popup_width::options_cancel_apply_successor_stale_callbacks_and_real_popup_geometry ... ok
2026-10-08T03:48:03.3065486Z test predicate_editors::panels_set_in_several_ways_make_what_the_reference_s_make ... ok
2026-10-08T03:48:03.4446058Z test predicate_editors::predicate_star_save_and_reset_survive_cancel_and_reach_future_searches ... ok
2026-10-08T03:48:03.5638138Z test predicate_editors::regex_star_save_is_immediate_but_acceptance_checks_and_viewtime_keeps_milliseconds ... ok
2026-10-08T03:48:03.7070173Z test predicate_editors::the_editor_window_adds_what_it_makes_to_the_search ... ok
2026-10-08T03:48:03.8326456Z test predicate_editors::the_editor_window_shows_what_trees_and_buttons_change ... ok
2026-10-08T03:48:03.9313558Z test predicate_editors::the_empty_search_box_offers_the_reference_s_system_predicates ... ok
2026-10-08T03:48:04.1417156Z test predicate_history::undo_retains_populated_locked_media_badge_and_raw_menu_labels ... ok
2026-10-08T03:48:04.1891757Z test predicate_history::recorded_global_history_reaches_visible_locked_restored_and_empty_pages ... ok
2026-10-08T03:48:04.7526968Z test preview_default_zoom::held_raster_acceptance_samples_saved_preview_policy_without_restart_or_prohibited_admission ... ok
2026-10-08T03:48:04.9346171Z test predicate_editors::dimensions_presets_pointer_acceptance_reaches_page_and_persistent_recent_history ... ok
2026-10-08T03:48:05.1095670Z Slint: long callback/instantiation chain detected
2026-10-08T03:48:05.4696242Z test preview_viewing::native_page_generation_same_file_restore_and_late_decode_cannot_publish_to_successor ... ok
2026-10-08T03:48:05.6688851Z Slint: long callback/instantiation chain detected
2026-10-08T03:48:05.7727523Z test preview_viewing::native_preview_minimum_cap_before_minimum_none_limits_and_inactive_finish ... ok
2026-10-08T03:48:05.9609388Z Slint: long callback/instantiation chain detected
2026-10-08T03:48:06.4651218Z test preview_viewing::preview_display_replays_qt_page_splitter_active_clear_close_and_successor_ownership ... ok
2026-10-08T03:48:06.5410025Z Slint: long callback/instantiation chain detected
2026-10-08T03:48:06.6402205Z Slint: long callback/instantiation chain detected
2026-10-08T03:48:07.0725818Z Slint: long callback/instantiation chain detected
2026-10-08T03:48:07.4668528Z test preview_viewing::preview_workers_bound_slow_decodes_and_coalesce_the_latest_owned_target ... ok
2026-10-08T03:48:07.5225914Z test preview_viewing::preview_rejects_actual_reference_nonlocal_invalid_resolution_and_do_not_show_statuses ... ok
2026-10-08T03:48:07.6626212Z Slint: long callback/instantiation chain detected
2026-10-08T03:48:07.6976058Z Slint: long callback/instantiation chain detected
2026-10-08T03:48:08.0729603Z test preview_viewing::rejected_preview_decode_never_counts_a_thumbnail_selection_or_loading_placeholder ... ok
2026-10-08T03:48:08.3999647Z test preview_default_zoom::real_options_cancel_reopen_six_modes_paint_clipped_geometry_and_preserve_current_on_save ... ok
2026-10-08T03:48:08.4900310Z test quick_export_directory::actual_file_menu_replays_saved_paths_fallback_errors_cancel_and_reopen ... ok
2026-10-08T03:48:08.6411458Z test quick_export_directory::hidden_rebound_closed_and_reentrant_resolver_owners_cannot_launch_or_create ... ok
2026-10-08T03:48:09.5695343Z test preview_viewing::saved_preview_options_reach_open_display_duration_cap_cancel_and_confirmed_client_exit ... ok
2026-10-08T03:48:10.2397686Z test radio_return::actual_advanced_delete_action_reason_defaults_and_retained_owners_follow_live_policy ... ok
2026-10-08T03:48:10.2828695Z test radio_return::gui_options_cancel_hidden_stale_apply_save_reopen_and_live_existing_editor ... ok
2026-10-08T03:48:10.9855804Z test radio_return::unforced_parent_default_accepts_live_but_final_bound_retirement_is_permanent ... ok
2026-10-08T03:48:11.4238634Z test radio_return::all_recorded_filesize_hash_groups_accept_with_live_policy_and_preserve_multiline_consumption ... ok
2026-10-08T03:48:11.4245870Z test ratings::clicks_along_stars_set_them_as_the_reference_s_do ... ok
2026-10-08T03:48:11.4341674Z test ratings::a_file_s_ratings_are_set_by_clicks ... ok
2026-10-08T03:48:11.4959526Z test rating_sizes::sizes_replay_owned_options_and_reach_dialog_and_service_examples_after_reopen ... ok
2026-10-08T03:48:11.7389950Z test read_autocomplete::literal_parent_activation_children_removal_and_negative_restore_match_qt ... ok
2026-10-08T03:48:12.0376196Z test read_autocomplete::real_page_tabs_apply_caps_keep_zero_count_descendants_and_restore_context ... ok
2026-10-08T03:48:12.1686086Z test read_or::native_or_keys_replay_drafts_and_commit_real_query_without_saving_cancelled_terms ... ok
2026-10-08T03:48:12.3726247Z test read_or::actual_basic_and_advanced_children_apply_cancel_reopen_and_reject_stale_owners ... ok
2026-10-08T03:48:12.4405763Z test recent_predicates::the_editor_window_keeps_and_shows_recent_predicates ... ok
2026-10-08T03:48:12.5266931Z test regex_favourites::favourite_window_stages_advisory_invalid_rows_and_cancels_retained_handles ... ok
2026-10-08T03:48:12.6022631Z test regex_favourites::failed_last_conversion_write_keeps_the_child_and_parent_draft_open ... ok
2026-10-08T03:48:12.7545607Z test regex_favourites::last_conversion_child_acceptance_survives_parent_cancel_and_fresh_slots ... ok
2026-10-08T03:48:12.8460675Z test regex_favourites::matcher_favourite_popup_copies_refreshes_and_owns_persisted_management ... ok
2026-10-08T03:48:12.9433119Z test regex_favourites::matcher_favourites_manager_saves_global_choices_and_parent_cancel_closes_it ... ok
2026-10-08T03:48:13.0490268Z test regex_favourites::shared_regex_menus_copy_without_changing_text ... ok
2026-10-08T03:48:13.0696867Z test popup_width::real_cards_follow_qt_min_max_fixed_gauge_and_wrapped_text_boundaries ... ok
2026-10-08T03:48:13.0697895Z test related_weight_table::owned_weight_headers_and_table_switches_replay_qt_without_changing_cancelled_settings ... ok
2026-10-08T03:48:13.0711311Z test scanbar::configured_nub_width_seeks_the_recorded_animation_frames ... ok
2026-10-08T03:48:13.0712608Z test scanbar::the_bar_shows_and_seeks_as_the_reference_s_does ... ok
2026-10-08T03:48:13.2921031Z test search_domains::new_search_pages_search_the_default_tag_service ... ok
2026-10-08T03:48:13.3320724Z test read_or::system_children_gate_immediate_durable_actions_on_hidden_switched_and_locked_owners ... ok
2026-10-08T03:48:13.3352671Z test scanbar::a_file_that_plays_seeks_by_its_bar_and_by_key ... ok
2026-10-08T03:48:13.4516625Z test regex_options_editor::real_options_saved_input_chooser_crud_cancel_apply_and_retired_owners_match_qt ... ok
2026-10-08T03:48:13.5195760Z test search_domains::the_domain_buttons_are_the_references ... ok
2026-10-08T03:48:13.6252081Z test search_domains::the_domain_buttons_change_what_the_page_searches ... ok
2026-10-08T03:48:13.6945969Z test search_lock::a_saved_session_keeps_the_lock ... ok
2026-10-08T03:48:13.7596823Z test search_lock::locking_a_search_asks_first ... ok
2026-10-08T03:48:13.7645345Z test search_lock::a_page_opened_on_files_is_locked_to_them ... ok
2026-10-08T03:48:13.9045832Z test search_lock::the_open_menu_s_pages_are_the_reference_s ... ok
2026-10-08T03:48:14.0025859Z test search_log::exchange_confirmations_png_objects_and_owner_cancel_reach_the_persisted_queue ... ok
2026-10-08T03:48:14.1027397Z test search_page::predicates_are_entered_as_the_reference_s_list_takes_them ... ok
2026-10-08T03:48:14.1064854Z Slint: long callback/instantiation chain detected
2026-10-08T03:48:14.1159687Z test search_log::the_search_log_lists_a_queues_pages_and_acts_on_them ... ok
2026-10-08T03:48:14.2283829Z test search_page::system_predicate_counts_are_for_the_page_s_file_domain ... ok
2026-10-08T03:48:14.3123965Z test search_page::tags_are_shown_as_the_user_has_them_shown ... ok
2026-10-08T03:48:14.5265645Z Slint: long callback/instantiation chain detected
2026-10-08T03:48:14.5326142Z Slint: long callback/instantiation chain detected
2026-10-08T03:48:14.5620630Z Slint: long callback/instantiation chain detected
2026-10-08T03:48:14.6149283Z test selected_deletion_records::hidden_stale_page_rebound_and_accepted_exit_cannot_clear_captured_records ... ok
2026-10-08T03:48:14.7238008Z test selected_deletion_records::actual_menu_and_answer_replay_clear_only_captured_records_and_enable_reimport ... ok
2026-10-08T03:48:14.8915986Z test selected_deletion_records::tab_roundtrip_permanently_invalidates_menu_and_answer_and_advanced_child_blocks_dispatch ... ok
2026-10-08T03:48:15.0620940Z test services_editor::deleting_relation_source_refreshes_open_viewer_and_locked_selection ... ok
2026-10-08T03:48:15.8975641Z test search_page::a_search_page_finds_files_and_shows_their_thumbnails ... ok
2026-10-08T03:48:16.1275120Z test services_editor::one_star_rating_preview_replays_four_samples_and_preserves_saved_normalization ... ok
2026-10-08T03:48:16.4723958Z test services_editor::staged_rating_config_applies_and_cancel_writes_nothing ... ok
2026-10-08T03:48:16.7750997Z test services_review::deleted_record_review_needs_both_answers_and_reopens_with_import_consumer_changed ... ok
2026-10-08T03:48:17.1862047Z test services_editor::live_rating_examples_stage_only_configuration_and_retire_cancelled_owners ... ok
2026-10-08T03:48:17.4436515Z test services_review::replacing_review_cancels_pending_deleted_clear_and_retained_owner_cannot_write ... ok
2026-10-08T03:48:17.5590000Z test services_review::local_bulk_review_replays_confirmations_store_changes_and_reopens ... ok
2026-10-08T03:48:17.7040401Z test services_review::services_menu_opens_review_and_refreshes ... ok
2026-10-08T03:48:17.9042245Z test session::a_double_click_on_a_tab_rows_empty_space_chooses_a_page_for_it ... ok
2026-10-08T03:48:17.9505923Z test session::a_gallery_downloader_page_shows_and_controls_its_searches ... ok
2026-10-08T03:48:18.1126157Z test session::a_local_import_page_shows_and_controls_its_import ... ok
2026-10-08T03:48:18.1365650Z test session::a_saved_session_appends_as_a_page_of_pages ... ok
2026-10-08T03:48:18.3705909Z test session::a_url_downloader_page_shows_and_controls_its_queue ... ok
2026-10-08T03:48:18.4107442Z test session::a_watcher_downloader_page_shows_and_controls_its_watchers ... ok
2026-10-08T03:48:18.5676927Z test session::bulk_tab_close_matches_reference_and_undo_restores_nested_positions ... ok
2026-10-08T03:48:18.6798064Z test session::chooser_new_notebook_name_preference_matches_reference_and_persists ... ok
2026-10-08T03:48:18.7335714Z test session::collapse_empty_nested_notebook_has_no_hash_lock_and_one_replacement ... ok
2026-10-08T03:48:18.8666448Z test session::downloader_backup_and_freshest_load_survive_source_queue_deletion ... ok
2026-10-08T03:48:19.0596653Z test session::historical_session_append_restores_independent_tree_files_and_selection ... ok
2026-10-08T03:48:19.2847138Z test session::duplicate_and_collapse_menus_replay_real_ordered_media_and_cancellation ... ok
2026-10-08T03:48:19.2885434Z test session::pages_open_and_close_as_the_reference_does ... ok
2026-10-08T03:48:19.2946065Z test selected_deletion_records::actual_question_buttons_keys_and_retired_press_clear_only_captured_records ... ok
2026-10-08T03:48:19.4907139Z test session::queues_of_pages_left_closed_go_when_the_client_opens ... ok
2026-10-08T03:48:19.5690501Z test session::rename_tab_uses_frozen_key_and_cancellation_preserves_name ... ok
2026-10-08T03:48:19.6780531Z test session::send_down_keeps_nested_selection_and_open_search_objects ... ok
2026-10-08T03:48:19.7645911Z test session::tab_close_focus_settings_and_context_navigation_reach_consumers ... ok
2026-10-08T03:48:19.8397124Z test session::send_down_and_rename_prompts_match_reference_including_cancellation ... ok
2026-10-08T03:48:19.8526601Z test session::tab_menu_pages_lists_the_clicked_notebooks_media_pages_as_the_reference_does ... ok
2026-10-08T03:48:20.0297063Z test session::tab_reordering_keeps_nested_notebooks_and_shown_leaf ... ok
2026-10-08T03:48:20.0512073Z test session::tab_size_sort_sums_open_nested_media_and_keeps_stable_ties ... ok
2026-10-08T03:48:20.1110080Z test session::tab_popup_bulk_close_cancellation_and_acceptance_are_wired ... ok
2026-10-08T03:48:20.2545742Z Slint: long callback/instantiation chain detected
2026-10-08T03:48:20.3456148Z test session::the_pages_are_kept_for_the_client_api_and_do_what_it_asks ... ok
2026-10-08T03:48:20.3457973Z test session_autosave::application_focus_observer_preserves_transient_none_and_identifies_other_windows ... ok
2026-10-08T03:48:20.6746210Z test session_autosave::applied_idle_and_period_controls_drive_real_archives_with_unchanged_suppression ... ok
2026-10-08T03:48:20.8337301Z test session_autosave::actual_key_and_pointer_events_reset_idle_and_other_startup_stops_autosave ... ok
2026-10-08T03:48:21.0159637Z test session_autosave::auxiliary_native_window_events_reset_only_input_idle_and_preserve_autosave_retry ... ok
2026-10-08T03:48:21.0177749Z test session_autosave::native_focus_registry_delivers_to_owned_callback_once_and_releases_dead_viewers ... ok
2026-10-08T03:48:21.0679479Z test session::the_last_session_opens_as_it_was_left ... ok
2026-10-08T03:48:21.1896312Z test session_autosave::non_page_api_activity_marker_drives_idle_retry_and_expiry_after_reopen ... ok
2026-10-08T03:48:21.2866040Z test session_startup::bad_shutdown_recovery_replays_real_yes_no_close_timeout_and_blank_bypasses ... ok
2026-10-08T03:48:21.3086704Z test session_autosave::applied_size_warning_creates_exact_popup_once_and_resets_only_at_new_boot ... ok
2026-10-08T03:48:21.3125647Z test session_startup::running_marker_survives_interrupted_boot_and_clears_only_explicit_clean_finish ... ok
2026-10-08T03:48:21.3896306Z test session_startup::named_startup_restores_ordered_media_selection_and_independent_importer_snapshot ... ok
2026-10-08T03:48:21.5036206Z test session_startup::recovery_keeps_displayed_name_if_preferences_change_and_clean_startup_skips_question ... ok
2026-10-08T03:48:21.6429272Z test session_startup::startup_dropdown_cancels_invalid_choice_and_applies_frozen_named_session_selection ... ok
2026-10-08T03:48:21.6476154Z test set_password::actual_password_dialogs_persist_the_six_recorded_outcomes ... ok
2026-10-08T03:48:21.6515780Z test session_startup::startup_replays_real_blank_missing_last_and_named_trees_and_initial_schedule ... ok
2026-10-08T03:48:21.7475566Z test set_password::cancelled_and_closed_password_owners_cannot_clear_or_replace_the_lock ... ok
2026-10-08T03:48:21.7535473Z test set_password::hidden_replaced_and_dropped_password_slots_cannot_mutate_a_successor ... ok
2026-10-08T03:48:21.9501205Z test shortcut_capture::accepted_main_close_retires_saved_shortcuts_even_after_show_and_fresh_binding_reopens ... ok
2026-10-08T03:48:21.9536011Z test shortcut_capture::raw_backend_key_location_and_modifier_identity_reach_the_same_capture_contract ... ok
2026-10-08T03:48:22.0458768Z test shortcut_capture::command_and_set_cancel_reject_stale_children_and_preserve_successor_drafts ... ok
2026-10-08T03:48:22.3662164Z test shortcut_capture::saved_mouse_and_keyboard_captures_feed_existing_viewer_navigation_and_guard_closed_owners ... ok
2026-10-08T03:48:22.5023111Z test shortcut_capture::keyboard_capture_applies_through_owned_set_then_options_and_saved_main_executor ... ok
2026-10-08T03:48:22.6955961Z Slint: long callback/instantiation chain detected
2026-10-08T03:48:23.3446122Z test sibling_connector::persisted_custom_empty_and_unicode_connectors_render_without_changing_tags ... ok
2026-10-08T03:48:23.8367487Z test sidebar_context_cogs::default_collect_cog_stages_cancels_reopens_and_rejects_retired_menu_actions ... ok
2026-10-08T03:48:24.0025486Z Slint: long callback/instantiation chain detected
2026-10-08T03:48:24.3857046Z test services_editor::numerical_examples_drag_and_fraction_text_use_the_whole_widget_hit_area ... ok
2026-10-08T03:48:24.7191919Z test sibling_colours::options_cancel_retired_apply_reopen_and_all_segmented_native_consumers ... ok
2026-10-08T03:48:24.7785773Z Slint: long callback/instantiation chain detected
2026-10-08T03:48:24.9886135Z test sidebar_context_cogs::sidebar_actions_replay_all_service_display_and_unmatched_media_outputs ... ok
2026-10-08T03:48:26.7096923Z test sidebar_layout::live_hide_setting_keeps_accepted_preview_refuses_replacements_and_collapse_retains_selection ... ok
2026-10-08T03:48:27.8951589Z test sidebar_layout::rebind_retires_preview_under_predecessor_splitter_before_successor_hides_it ... ok
2026-10-08T03:48:28.2276317Z test sidecars::a_routers_processing_is_edited_in_the_string_processor_editor ... ok
2026-10-08T03:48:28.4382105Z test sidecars::a_sidecars_filename_conversion_is_edited_in_the_converter_editor ... ok
2026-10-08T03:48:28.6315151Z test sidecars::an_export_folders_sidecars_come_from_the_templates ... ok
2026-10-08T03:48:28.9133826Z test sidecars::an_import_folders_sidecars_are_edited_and_written ... ok
2026-10-08T03:48:29.0925900Z test sidecars::closing_manual_export_discards_its_pending_router_exchange ... ok
2026-10-08T03:48:29.1151181Z test sidecars::date_conversion_fields_preview_and_cancel_reach_the_converter ... ok
2026-10-08T03:48:30.0856993Z test sidecars::export_folder_query_examples_refresh_media_and_reach_source_children ... ok
2026-10-08T03:48:30.3598562Z test sidecars::json_object_names_use_staged_text_children_and_saved_router_worker ... ok
2026-10-08T03:48:30.5259211Z test sidecars::processing_exchange_reviews_append_and_parent_cancel_invalidates_children ... ok
2026-10-08T03:48:30.8549939Z test sidecars::router_examples_follow_reference_source_tabs_and_processor_children_without_exports ... ok
2026-10-08T03:48:31.0358024Z test sidecars::router_import_child_obeys_hidden_cancel_replacement_and_dropped_owner ... ok
2026-10-08T03:48:31.4251333Z test sidecars::router_import_replays_permitted_subsets_and_ordered_png_failures ... ok
2026-10-08T03:48:31.6745948Z test sidecars::router_png_child_has_recorded_parameters_and_closes_with_its_queue_owner ... ok
2026-10-08T03:48:31.9554801Z test sidecars::router_queue_exchange_is_staged_context_checked_and_reaches_manual_export ... ok
2026-10-08T03:48:32.3350877Z test simple_downloader::a_simple_downloader_page_queues_pages_with_its_formula ... ok
2026-10-08T03:48:33.1969439Z test slideshow::a_slideshow_moving_on_leaves_the_menu_and_questions_with_their_file ... ok
2026-10-08T03:48:34.3492265Z test sidebar_context_cogs::actual_tag_display_menu_changes_modes_captures_checks_and_rejects_retired_view_actions ... ok
2026-10-08T03:48:34.3664218Z test slideshow::files_with_durations_bend_the_period_as_the_reference_s ... ok
2026-10-08T03:48:34.3832976Z test slideshow::the_slideshow_menu_is_the_reference_s ... ok
2026-10-08T03:48:35.2266250Z test sidebar_layout::pressed_old_handle_cannot_resize_same_key_successor_binding_or_same_session_reload ... ok
2026-10-08T03:48:35.4067464Z test status_bar::a_search_page_says_why_it_is_empty ... ok
2026-10-08T03:48:36.0795714Z test slideshow::a_slideshow_runs_in_the_viewer_from_its_menu ... ok
2026-10-08T03:48:36.2872511Z test status_bar::the_status_bar_is_the_reference_s ... ok
2026-10-08T03:48:36.2873640Z test still::rendering_cuts_out_the_part_and_resizes_it ... ok
2026-10-08T03:48:36.2925321Z test still::the_part_showing_is_resized_to_the_pixels_it_covers ... ok
2026-10-08T03:48:36.5015410Z test subscriptions::actual_subscription_list_transport_choices_dispatch_frozen_packages_and_guard_owners ... ok
2026-10-08T03:48:36.7222372Z test status_bar::the_main_window_says_what_the_network_has_read_and_what_is_paused ... ok
2026-10-08T03:48:37.0256362Z test subscriptions::closing_subscription_merge_owner_discards_pending_and_completed_drafts ... ok
2026-10-08T03:48:37.2233794Z test subscriptions::add_uses_a_separate_gallery_list_then_the_editor ... ok
2026-10-08T03:48:37.4649124Z test subscriptions::direct_import_picker_and_pending_notices_are_invalid_after_owner_cancel ... ok
2026-10-08T03:48:37.7226193Z test subscriptions::direct_missing_history_acceptance_uses_empty_owned_queues_and_dismissal_continues ... ok
2026-10-08T03:48:38.1077589Z test subscriptions::favourites_load_selected_subscriptions_and_custom_overwrite_obeys_owner_lifetime ... ok
2026-10-08T03:48:38.5366190Z test subscriptions::full_subscription_exchange_is_staged_cancellable_and_reopens_with_complete_histories ... ok
2026-10-08T03:48:38.6555724Z test sort_cog::owned_cogs_stage_cancel_reopen_and_feed_independent_default_and_fallback_keys ... ok
2026-10-08T03:48:38.8801551Z test subscriptions::merging_separating_and_resetting_are_written_on_apply ... ok
2026-10-08T03:48:39.0375020Z test subscriptions::legacy_subscription_clipboard_import_reaches_saved_query_settings_and_full_histories ... ok
2026-10-08T03:48:39.1486375Z test subscriptions::subscription_exchange_file_menus_load_selected_packages_and_cancel_invalid_batches ... ok
2026-10-08T03:48:39.3908350Z test subscriptions::subscription_missing_history_asks_original_question_before_staging_or_persisting ... ok
2026-10-08T03:48:39.6902923Z test subscriptions::direct_import_menus_replay_qt_type_warnings_file_prefixes_and_missing_rejection ... ok
2026-10-08T03:48:39.7513838Z test subscriptions::subscription_option_clipboard_edits_stay_staged_and_closed_owners_cannot_apply ... ok
2026-10-08T03:48:39.9897795Z test subscriptions::the_dialog_lists_the_subscriptions_and_changes_them_on_apply ... ok
2026-10-08T03:48:40.3493038Z test subscriptions_dedupe::duplicate_queries_are_deduplicated_and_written_on_apply ... ok
2026-10-08T03:48:40.4237488Z test subscriptions::subscription_reset_and_retries_refresh_persisted_export_caches_and_forget_file_hashes ... ok
2026-10-08T03:48:40.5760598Z test subscriptions_duplicate::a_duplicate_is_written_with_its_file_logs ... ok
2026-10-08T03:48:40.6486658Z test subscriptions_separate::some_queries_are_separated_and_written_on_apply ... ok
2026-10-08T03:48:41.5148150Z test system_or_activation::actual_main_and_basic_system_acceptance_preserves_shift_and_reaches_consumers ... ok
2026-10-08T03:48:41.7655770Z test subscriptions::subscription_merge_stages_all_groups_and_preserves_query_histories ... ok
2026-10-08T03:48:42.9299956Z test tab_drag::real_wheel_replays_qt_selection_and_staged_scroll_overflow_without_changing_session ... ok
2026-10-08T03:48:43.6590839Z test sidebar_layout::real_drag_menu_saved_defaults_per_page_reopen_restore_options_and_exit_ownership ... ok
2026-10-08T03:48:48.4626166Z test tab_presentation::selected_glyph_measurement_triggers_elision_at_the_actual_near_fit_boundary ... ok
2026-10-08T03:48:48.8673268Z test tag_dialog_defaults::remembered_tag_service_survives_native_cancel_without_saving_staged_tags ... ok
2026-10-08T03:48:49.1496475Z test tag_dialog_preferences::expanded_parent_rows_keep_colour_and_activate_their_originating_tag ... ok
2026-10-08T03:48:51.5575875Z test tag_dialog_preferences::options_apply_cancel_reopen_and_rendered_tag_service_topologies ... ok
2026-10-08T03:48:52.1690541Z test tag_display::dialogs_cancel_nested_editors_persist_and_refresh_locked_pages_and_viewer ... ok
2026-10-08T03:48:52.2357167Z test tag_filter_favourites::blacklist_extra_panels_and_all_four_paste_controls_follow_the_recording ... ok
2026-10-08T03:48:52.4593488Z test tag_filter_favourites::shared_favourites_exchange_and_cancel_preserve_the_owner_and_persist_on_reopen ... ok
2026-10-08T03:48:53.8180525Z test tab_presentation::apply_cancel_reopen_and_four_sides_preserve_real_nested_selection_and_full_names ... ok
2026-10-08T03:48:54.1025904Z test tag_list_display_types::sidebar_and_viewer_opening_modes_are_independent_after_gui_apply ... ok
2026-10-08T03:48:54.3027189Z test tag_migration::an_open_filter_child_cannot_broaden_a_confirmed_delete ... ok
2026-10-08T03:48:54.5746693Z test tag_migration::archive_controls_inspect_reject_wrong_pair_types_and_freeze_confirmed_paths ... ok
2026-10-08T03:48:54.8566641Z test tag_migration::cancellation_allows_immediate_popup_dismissal_then_publishes_cleanup ... ok
2026-10-08T03:48:54.9289694Z test tag_list_display_types::options_apply_cancel_new_sidebar_and_viewer_replay_raw_display_and_filters ... ok
2026-10-08T03:48:55.1346130Z test tag_migration::closing_settings_retains_the_published_job_until_completion ... ok
2026-10-08T03:48:55.3229641Z test tag_migration::global_tags_menu_opens_unrestricted_migration_and_can_reopen_after_cancel ... ok
2026-10-08T03:48:55.6461227Z test tag_migration::manage_tags_launches_selected_scope_and_refreshes_after_background_delete ... ok
2026-10-08T03:48:55.6777318Z test tag_migration::progress_popup_renders_the_recorded_paused_state ... ok
2026-10-08T03:48:55.9235732Z test tag_migration::service_review_opens_migration_with_reference_questions_and_renders ... ok
2026-10-08T03:48:56.5096150Z test tag_namespace_order::hidden_stale_rebound_and_accepted_close_children_cannot_stage_or_save ... ok
2026-10-08T03:48:57.7789066Z test tag_namespace_order::real_queue_matches_all_reference_prompts_and_parent_transactions ... ok
2026-10-08T03:48:57.9959370Z test tag_namespace_order::saved_order_reaches_the_real_sidebar_tag_sort ... ok
2026-10-08T03:48:58.4040200Z test tag_relationships::dialogs_stage_cancel_apply_questions_and_update_display ... ok
2026-10-08T03:48:58.4697402Z test tab_presentation::recorded_hide_gate_retains_live_hierarchy_access_and_elision_changes_actual_paint ... ok
2026-10-08T03:48:58.7585367Z test thumbnail_appearance::browse_uses_typed_draft_seed_and_hidden_appearance_controls_cannot_stage ... ok
2026-10-08T03:48:59.1265740Z test tag_migration::completed_popup_remains_visible_until_past_its_three_second_deadline ... ok
2026-10-08T03:48:59.2078014Z test thumbnail_appearance::default_new_page_small_nonuniform_background_has_exact_unscaled_extent_on_resize ... ok
2026-10-08T03:48:59.7816108Z test thumbnail_appearance::blurhash_real_metadata_default_invalid_disable_and_owned_cache_policy ... ok
2026-10-08T03:48:59.8525671Z test thumbnail_appearance::old_page_cached_scroll_revisit_is_instant_and_fresh_decode_rearms_fade ... ok
2026-10-08T03:48:59.9330018Z test thumbnail_appearance::exit_cancel_preserves_nonempty_background_and_accepted_exit_permanently_clears_it ... ok
2026-10-08T03:49:00.5526148Z test thumbnail_appearance::staged_browse_cancel_apply_new_page_policy_and_permanent_owner_retirement ... ok
2026-10-08T03:49:00.6220209Z test thumbnail_appearance::qt_marker_background_has_exact_extent_in_old_and_default_new_owners ... ok
2026-10-08T03:49:00.8216120Z test thumbnail_appearance::whole_cell_snapshots_exact_default_threshold_interruptions_and_cached_revisit ... ok
2026-10-08T03:49:00.8487170Z test thumbnail_appearance::real_main_selection_whole_cell_render_midpoint_finish_hide_and_retire ... ok
2026-10-08T03:49:01.0604902Z test thumbnail_icons::a_collection_s_banners_say_what_all_its_files_do ... ok
2026-10-08T03:49:01.2507196Z test thumbnail_icons::the_banners_are_the_references ... ok
2026-10-08T03:49:01.4164432Z test thumbnail_icons::the_banners_obey_the_single_file_tag_display_filter ... ok
2026-10-08T03:49:01.5745593Z test thumbnail_icons::the_banners_show_pending_tags ... ok
2026-10-08T03:49:01.5885894Z test thumbnail_appearance::unscaled_background_clips_oversized_pixels_and_stays_fixed_on_scroll_and_clear ... ok
2026-10-08T03:49:01.7895754Z test thumbnail_icons::the_grid_draws_each_thumbnail_s_icons ... ok
2026-10-08T03:49:01.8150576Z test thumbnail_icons::the_icons_are_the_references ... ok
2026-10-08T03:49:02.1020824Z test thumbnail_menu::the_menu_is_the_reference_s ... ok
2026-10-08T03:49:02.3382143Z test thumbnail_menu::the_urls_menu_opens_pages_of_a_url_and_asks_before_opening_several ... ok
2026-10-08T03:49:02.4078745Z test thumbnail_menu::a_right_click_shows_the_menu_and_its_entries_act ... ok
2026-10-08T03:49:02.5275776Z Slint: long callback/instantiation chain detected
2026-10-08T03:49:02.6309633Z test thumbnail_preview_selection::live_store_collection_gate_uses_all_members_and_preserves_zero_duration_distinction ... ok
2026-10-08T03:49:02.8085770Z Slint: long callback/instantiation chain detected
2026-10-08T03:49:04.0032680Z test thumbnail_cache::staged_exact_byte_units_timeout_policy_clear_reopen_and_incarnation_retirement ... ok
2026-10-08T03:49:04.3416447Z test thumbnail_ratings::the_grid_draws_each_thumbnail_s_ratings ... ok
2026-10-08T03:49:04.5585329Z test thumbnail_ratings::the_grid_draws_ratings_as_the_options_say ... ok
2026-10-08T03:49:16.1376186Z test tab_drag::real_pointer_drag_replays_shift_chase_hover_transfer_disable_and_cancel_with_ordered_media ... ok
2026-10-08T03:49:17.5311403Z test thumbnail_selection::several_thumbnails_are_selected_and_acted_on ... ok
2026-10-08T03:49:17.5778893Z test unlock::only_the_password_unlocks_the_client ... ok
2026-10-08T03:49:17.8110498Z test unselected_tag_cap::changing_sort_recomputes_the_capped_prefix ... ok
2026-10-08T03:49:19.8456073Z test thumbnail_preview_selection::staged_controls_reach_pointer_range_key_preview_and_permanent_owner_retirement ... ok
2026-10-08T03:49:21.2728695Z test viewer_drag::actual_pointer_drags_replay_qt_and_options_refresh_cancel_and_reopen ... ok
2026-10-08T03:49:21.5694005Z test unselected_tag_cap::real_options_apply_cancel_reopen_counts_sorted_items_and_uncapped_selection ... ok
2026-10-08T03:49:22.0295942Z test viewer_menu::a_right_click_shows_the_viewer_s_menu_and_its_entries_act ... ok
2026-10-08T03:49:22.3405152Z test viewer_menu::the_viewer_s_menu_is_the_reference_s ... ok
2026-10-08T03:49:22.7283047Z test viewer_drag::two_visible_viewers_read_saved_preferences_and_keep_independent_live_lifetimes ... ok
2026-10-08T03:49:22.9284430Z test viewer_prefetch::archive_delete_uses_saved_neighbour_counts_and_retains_current_media_after_warm_readiness ... ok
2026-10-08T03:49:23.4262630Z test viewer_prefetch::actual_duplicate_filter_uses_the_same_saved_percentage_for_future_images_without_replacing_current ... ok
2026-10-08T03:49:23.9351561Z test viewer_prefetch::options_cancel_hidden_modal_save_reopen_and_live_hidden_viewer_warming_leave_current_pixels_unchanged ... ok
2026-10-08T03:49:24.3089014Z test viewer_top_frame::the_viewer_s_top_hover_frame ... ok
2026-10-08T03:49:24.5285004Z test viewer_window::closing_an_older_viewer_releases_its_canvas_without_closing_its_successor ... ok
2026-10-08T03:49:24.7626489Z test viewer_window::the_viewer_opens_fullscreen_and_f_switches ... ok
2026-10-08T03:49:25.1346233Z test thumbnail_selection::borders_and_margins_lay_the_grid_out ... ok
2026-10-08T03:49:25.1758179Z test viewer_window::the_viewer_s_browsing_shortcuts ... ok
2026-10-08T03:49:25.1960702Z test viewing_maintenance::closing_and_dropping_the_question_releases_its_timer_owner ... ok
2026-10-08T03:49:25.2622039Z test viewing_maintenance::retired_hidden_and_successor_owners_cannot_clear_or_cull_current_records ... ok
2026-10-08T03:49:25.3623457Z test viewing_maintenance::real_menu_clear_and_cull_read_live_rules_preserve_declines_and_reopen ... ok
2026-10-08T03:49:25.5285195Z test watcher_checker::the_watcher_pages_checker_options_buttons ... ok
2026-10-08T03:49:25.6954324Z test volume::the_viewer_s_volume_control ... ok
2026-10-08T03:49:25.9698344Z test write_autocomplete::batch_context_menu_copies_and_launches_real_and_or_each_and_duplicate_pages ... ok
2026-10-08T03:49:26.0425885Z test viewer_tag_wheel::long_tag_hover_scrolls_before_policy_gated_real_navigation_and_zoom ... ok
2026-10-08T03:49:26.1509940Z test write_autocomplete::detached_write_tag_child_commits_once_and_discards_closed_owner_answers ... ok
2026-10-08T03:49:26.4036090Z test write_autocomplete::import_whitelist_child_unlocks_on_cancel_and_closes_with_its_parent ... ok
2026-10-08T03:49:26.4896221Z test write_autocomplete::favourite_children_tabs_and_applied_cap_feed_manage_tags_and_import_tag_child ... ok
2026-10-08T03:49:26.8996126Z test write_autocomplete::normal_paste_replays_cursor_selection_and_accepted_tags_preserve_the_draft ... ok
2026-10-08T03:49:27.1292369Z test write_autocomplete::keyboard_result_selection_copy_and_native_text_copy_use_their_own_focus ... ok
2026-10-08T03:49:27.3406186Z test write_autocomplete::regeneration_question_repairs_counts_only_on_yes_and_invalidates_on_cancel ... ok
2026-10-08T03:49:27.3425615Z test write_autocomplete::paste_confirmation_skip_and_list_height_are_consumed_by_manage_tags ... ok
2026-10-08T03:49:27.6105999Z test write_autocomplete::relationship_autocomplete_preserves_service_drafts_and_cancels_paste_with_owner ... ok
2026-10-08T03:49:27.7769433Z test window_rescue::staged_options_cancel_reopen_and_live_owned_opening_consumer_match_qt ... ok
2026-10-08T03:49:28.0128730Z test write_autocomplete::selected_batches_stage_in_shared_dialogs_and_closed_owners_ignore_callbacks ... ok
2026-10-08T03:49:28.0385787Z test write_autocomplete::shared_tag_menu_favourites_questions_copy_launch_and_owner_lifetime ... ok
2026-10-08T03:49:28.1091006Z test write_autocomplete::replacement_history_replays_real_keys_typing_undo_redo_and_independent_owners ... ok
2026-10-08T03:49:28.1111963Z test zoom::a_file_dragged_away_is_rescued_when_zoomed ... ok
2026-10-08T03:49:28.1145309Z test zoom::configurable_top_hover_zoom_cycles_match_real_qt_positions ... ok
2026-10-08T03:49:28.1146357Z test zoom::resizing_preserves_or_recenters_the_recorded_zoom_and_pan ... ok
2026-10-08T03:49:28.1165433Z test zoom::switching_files_keeps_the_zoom_as_the_duplicate_filter_does ... ok
2026-10-08T03:49:28.2660337Z test write_autocomplete::tag_menu_launches_native_search_and_duplicate_pages_with_recorded_predicates ... ok
2026-10-08T03:49:28.2683611Z test zoom::video_renders_at_the_size_shown_up_to_twice_the_window ... ok
2026-10-08T03:49:28.2685996Z test write_autocomplete::write_domain_buttons_query_counts_and_own_cancelled_location_child ... ok
2026-10-08T03:49:28.2687310Z test zoom::zooming_steps_about_the_pointer_and_switches ... ok
2026-10-08T03:49:28.2688259Z test zoom::zooming_to_max_is_as_the_reference_s ... ok
2026-10-08T03:49:28.2689050Z test zoom::zooms_follow_the_settings ... ok
2026-10-08T03:49:28.5932353Z test zoom::the_viewer_and_the_archive_delete_filter_zoom_and_pan ... ok
2026-10-08T03:49:37.4882980Z test thumbnail_navigation::owned_options_replay_cancel_save_reopen_and_real_keyboard_wheel_consumers ... ok
2026-10-08T03:49:37.4883735Z 
2026-10-08T03:49:37.4884313Z test result: ok. 717 passed; 0 failed; 0 ignored; 0 measured; 0 filtered out; finished in 243.35s
2026-10-08T03:49:37.4885129Z 
2026-10-08T03:49:37.5769118Z [1m[92m     Running[0m unittests src/lib.rs (target/debug/deps/hydrus_gui_model-853ad77814c06543)
2026-10-08T03:49:37.5789780Z 
2026-10-08T03:49:37.5789981Z running 39 tests
2026-10-08T03:49:37.5793856Z test duplicate_filter::tests::deletion_reasons_read_as_the_reference_writes_them ... ok
2026-10-08T03:49:37.5795131Z test favourites::tests::names_are_made_unique_as_the_reference_makes_them ... ok
2026-10-08T03:49:37.5797602Z test list_selection::tests::clicks_select_as_qt_s_extended_selection ... ok
2026-10-08T03:49:37.5798317Z test list_selection::tests::a_selection_follows_its_items ... ok
2026-10-08T03:49:37.5798790Z test main_menu::tests::a_disabled_menu_does_not_open ... ok
2026-10-08T03:49:37.5805724Z test main_menu::tests::entries_hydrus_rs_cannot_do_are_not_usable ... ok
2026-10-08T03:49:37.5809559Z test main_menu::tests::advanced_mode_offers_to_nudge_subscriptions ... ok
2026-10-08T03:49:37.5810891Z test main_menu::tests::clicking_an_entry_chooses_it_unless_it_cannot_be ... ok
2026-10-08T03:49:37.5812127Z test main_menu::tests::hovering_opens_submenus_beside_their_entries ... ok
2026-10-08T03:49:37.5813208Z test main_menu::tests::mnemonics_open_the_bar_s_menus ... ok
2026-10-08T03:49:37.5813972Z test main_menu::tests::closed_pages_are_offered_latest_first ... ok
2026-10-08T03:49:37.5814959Z test main_menu::tests::separators_show_as_qt_shows_them ... ok
2026-10-08T03:49:37.5815964Z test main_menu::tests::saved_sessions_of_its_own_can_be_saved_over_and_deleted ... ok
2026-10-08T03:49:37.5816857Z test main_menu::tests::keys_move_through_the_menus ... ok
2026-10-08T03:49:37.5827715Z test main_menu::tests::several_folders_get_a_check_all_and_one_does_not ... ok
2026-10-08T03:49:37.5828322Z test main_menu::tests::the_history_is_numbered_latest_first_and_kept_to_twenty ... ok
2026-10-08T03:49:37.5828899Z test main_menu::tests::the_pending_menu_lists_repositories_with_content_a_to_z ... ok
2026-10-08T03:49:37.6864044Z test options::tests::only_the_options_changed_are_set ... ok
2026-10-08T03:49:37.6865649Z test options::tests::thumbnail_rating_sizes_go_up_to_the_thumbnails_width ... ok
2026-10-08T03:49:37.6867352Z test options::tests::times_show_as_the_references_fields ... ok
2026-10-08T03:49:37.6873268Z test options::tests::the_search_finds_options_by_their_labels_and_boxes ... ok
2026-10-08T03:49:37.6894421Z test options::tests::the_editor_edits_the_page_shown ... ok
2026-10-08T03:49:37.7483953Z test options::tests::values_that_cant_be_had_are_left_saying_why ... ok
2026-10-08T03:49:37.7565627Z test page_chooser::tests::menus_lead_to_pages_as_in_the_reference ... ok
2026-10-08T03:49:37.7585945Z test options::tests::times_rates_and_text_that_may_be_none_are_edited ... ok
2026-10-08T03:49:37.7996957Z test predicate_editors::defaults::tests::namespace_shortcuts_and_empty_results_follow_the_actual_star_menu ... ok
2026-10-08T03:49:37.8561303Z test page_chooser::tests::file_domains_are_offered_by_name ... ok
2026-10-08T03:49:37.9069422Z test predicate_editors::defaults::tests::star_regex_save_skips_accept_validation_like_the_actual_reference ... ok
2026-10-08T03:49:37.9076898Z test predicate_editors::special::tests::hashes_are_read_as_the_reference_reads_them ... ok
2026-10-08T03:49:37.9078975Z test predicate_editors::special::tests::lines_are_summed_up_as_the_reference_sums_them ... ok
2026-10-08T03:49:37.9082137Z test predicate_editors::tests::a_date_is_read_as_typed ... ok
2026-10-08T03:49:37.9083828Z test predicate_editors::tests::rating_is_offered_with_a_rating_service_and_the_rest_everywhere ... ok
2026-10-08T03:49:37.9086024Z test predicate_editors::tests::time_fields_split_a_span_into_its_units ... ok
2026-10-08T03:49:37.9087240Z test sort::tests::choices_are_named_and_ordered_as_the_reference_orders_them ... ok
2026-10-08T03:49:37.9097902Z test status::bandwidth_tests::only_what_is_read_while_the_client_is_open_counts ... ok
2026-10-08T03:49:37.9099488Z test predicate_editors::defaults::tests::service_keys_and_fractional_viewtime_survive_reordered_contexts_and_reopening ... ok
2026-10-08T03:49:37.9103176Z test status::bandwidth_tests::the_network_part_reads_as_the_reference_s ... ok
2026-10-08T03:49:38.5336159Z test predicate_editors::defaults::tests::comparability_replays_all_reference_subtypes_and_rating_services ... ok
2026-10-08T03:49:39.6001043Z test predicate_editors::defaults::tests::all_recorded_panel_families_restore_typed_defaults_and_explicit_inputs ... ok
2026-10-08T03:49:39.6001954Z 
2026-10-08T03:49:39.6002418Z test result: ok. 39 passed; 0 failed; 0 ignored; 0 measured; 0 filtered out; finished in 2.02s
2026-10-08T03:49:39.6003071Z 
2026-10-08T03:49:39.6020235Z [1m[92m     Running[0m tests/model/main.rs (target/debug/deps/model-6a4c3e05d83a2a67)
2026-10-08T03:49:39.6054301Z 
2026-10-08T03:49:39.6054687Z running 527 tests
2026-10-08T03:49:39.6074259Z test about::the_about_window_says_what_the_references_does ... ok
2026-10-08T03:49:39.6153829Z test active_predicates::actual_qt_commands_preserve_inverse_add_vs_ctrl_toggle_and_exact_result_sets ... ok
2026-10-08T03:49:39.6156026Z test active_predicates::actual_qt_inherited_copy_payloads_and_page_routes_match_all_recorded_selections ... ok
2026-10-08T03:49:39.6266882Z test active_predicates::supplied_size_and_limit_reopen_exact_values_despite_saved_creation_defaults ... ok
2026-10-08T03:49:39.6268938Z test active_predicates::mixed_controls_replay_real_qt_values_row_order_cancel_and_parser_vetoes ... ok
2026-10-08T03:49:39.9125208Z test api_update_toasts::all_recorded_apply_cancel_reopen_cases_and_concurrent_width_survive ... ok
2026-10-08T03:49:39.9711086Z test archive_delete_policies::real_independent_controls_cancel_reopen_merge_and_retained_legacy_native_precedence ... ok
2026-10-08T03:49:40.0470491Z test animation_start::recorded_raw_constructor_cancel_unchanged_apply_reopen_and_scoped_merge ... ok
2026-10-08T03:49:40.0635380Z test archive_repair::captured_scan_preserves_intervening_edits_and_cancellation_rolls_back_content_transaction ... ok
2026-10-08T03:49:40.0716301Z test auto_resolution_exchange::exported_rules_import_again ... ok
2026-10-08T03:49:40.0842704Z test auto_resolution_exchange::the_reference_s_serialised_rules_import ... ok
2026-10-08T03:49:40.0860323Z test auto_resolution_review::approving_and_denying_report_progress_as_the_reference_s ... ok
2026-10-08T03:49:40.1696264Z test archive_delete_policies::replaced_domain_identity_rejects_entire_commit_before_archiving_kept_files ... ok
2026-10-08T03:49:40.1745090Z test auto_resolution_rules::a_new_rule_searches_as_the_references_add_does ... ok
2026-10-08T03:49:40.1767684Z test auto_resolution_rules::add_offers_the_references_comparators ... ok
2026-10-08T03:49:40.1861085Z test auto_resolution_rules::rules_rows_and_comparators_are_the_references ... ok
2026-10-08T03:49:40.2486930Z test archive_repair::exact_global_scan_questions_population_writes_and_reopened_times_match_reference ... ok
2026-10-08T03:49:40.3237143Z test auto_resolution_review::each_rules_tabs_list_its_pairs_as_the_reference ... ok
2026-10-08T03:49:40.3277792Z test checker_options::edits_change_the_editor_as_the_references ... ok
2026-10-08T03:49:40.3329455Z test checker_options::ok_asks_as_the_references_does ... ok
2026-10-08T03:49:40.3336581Z test checker_options::ok_raises_times_below_their_least ... ok
2026-10-08T03:49:40.4407852Z test autocomplete_tabs::literal_favourite_rows_remain_selected_as_tags_until_explicitly_deselected ... ok
2026-10-08T03:49:40.4470404Z test checker_options::the_editor_opens_as_the_references ... ok
2026-10-08T03:49:40.4502149Z test checker_options::the_reasonable_defaults_are_the_references ... ok
2026-10-08T03:49:40.4504387Z test client_api_admin::browser_url_uses_reported_listener_over_cli_overridden_service_settings ... ok
2026-10-08T03:49:40.5445730Z test client_api_admin::listener_settings_preserve_unrelated_services_and_imported_flags ... ok
2026-10-08T03:49:40.5933299Z test autocomplete_tabs::read_and_write_selection_replay_the_same_qt_tabs_and_persist_only_accepted_edits ... ok
2026-10-08T03:49:40.5959443Z test checker_options::the_downloading_page_edits_the_default_checker_options ... ok
2026-10-08T03:49:40.6075759Z test clipboard_urls::changed_text_switches_and_url_policy_match_the_reference ... ok
2026-10-08T03:49:40.6100572Z test command_palette::calculator_matches_qt_precedence_integer_types_errors_and_special_values ... ok
2026-10-08T03:49:40.6115227Z test command_palette::defaults_and_provider_queue_match_the_qt_options_editor ... ok
2026-10-08T03:49:40.6231752Z test client_api_admin::reference_rows_permissions_questions_and_duplicates ... ok
2026-10-08T03:49:40.6256144Z test command_palette::late_workers_cannot_repopulate_a_new_query_or_closed_owner ... ok
2026-10-08T03:49:40.6264833Z test command_palette::providers_match_real_qt_order_limits_and_thresholds ... ok
2026-10-08T03:49:40.6286005Z test command_palette::unicode_casefold_expands_before_provider_and_menu_thresholds ... ok
2026-10-08T03:49:40.6745544Z test client_api_admin::staged_keys_cancel_persist_collision_and_stale_apply ... ok
2026-10-08T03:49:40.6857127Z test command_palette::each_live_provider_policy_reaches_its_results_and_preferences_persist ... ok
2026-10-08T03:49:40.6859178Z test database_backup::questions_name_the_paths_as_the_reference_does ... ok
2026-10-08T03:49:40.6862793Z test database_backup::the_menu_follows_the_backup_location_and_storage ... ok
2026-10-08T03:49:40.6895404Z test database_locations::rows_and_buttons_follow_the_reference ... ok
2026-10-08T03:49:40.8608099Z test content_undo::archiving_can_be_undone_and_redone_from_the_menu ... ok
2026-10-08T03:49:40.9235687Z test content_undo::tag_changes_name_their_service ... ok
2026-10-08T03:49:40.9248495Z test database_maintenance::the_menus_enable_the_jobs_hydrus_rs_runs ... ok
2026-10-08T03:49:40.9266298Z test datetime_editor::the_date_time_editor_works_as_the_references_does ... ok
2026-10-08T03:49:40.9268069Z test debug_actions::modal_countdown_and_env_dump_read_as_the_reference_s ... ok
2026-10-08T03:49:40.9269682Z test debug_actions::some_popups_are_the_reference_s_less_its_callbacks ... ok
2026-10-08T03:49:41.0627522Z test archive_delete_policies::actual_qt_domain_alternatives_priorities_delay_and_selected_transaction ... ok
2026-10-08T03:49:41.0827909Z test database_maintenance::questions_buttons_and_service_choices_are_the_reference_s ... ok
2026-10-08T03:49:41.2852525Z test delete_files::clean_delete_preserves_locked_files_and_remembered_fields_merge_with_options ... ok
2026-10-08T03:49:41.3012195Z test delete_files::mixed_existing_reasons_match_qt_preserve_each_file_and_do_not_replace_last_reason ... ok
2026-10-08T03:49:41.3035818Z test delete_files::reason_queue_matches_recorded_cancel_empty_duplicate_movement_and_delete ... ok
2026-10-08T03:49:41.3045579Z test downloader_definitions::domain_mask_queue_replays_staged_crud_and_insertion_order ... ok
2026-10-08T03:49:41.3128450Z test downloader_definitions::domain_mode_and_independent_tester_replay_reference_and_preserve_disabled_values ... ok
2026-10-08T03:49:41.4216477Z test downloader_definitions::drafts_preserve_identity_links_and_current_unrelated_settings ... ok
2026-10-08T03:49:41.4255803Z test downloader_definitions::editor_controls_change_matching_normalisation_and_validate_pagination ... ok
2026-10-08T03:49:41.5019757Z test downloader_definitions::generator_copies_nested_repair_and_delete_are_staged ... ok
2026-10-08T03:49:41.5027686Z test downloader_definitions::invalid_examples_and_defaults_cannot_be_committed ... ok
2026-10-08T03:49:41.5825930Z test downloader_definitions::previews_use_native_encoding_options_and_nested_columns_sort_by_count ... ok
2026-10-08T03:49:41.6666698Z test downloader_definitions::reference_rows_previews_and_vetoes_are_replayed ... ok
2026-10-08T03:49:41.6785728Z test downloader_definitions::selectable_preview_values_use_recorded_api_referral_and_gallery_consumers ... ok
2026-10-08T03:49:41.6804939Z test downloader_display::displayed_url_labels_filters_order_and_cap_replay_reference ... ok
2026-10-08T03:49:41.6806104Z test downloader_display::replay_actual_tri_state_questions_and_rows ... ok
2026-10-08T03:49:41.7643664Z test downloader_display::save_merges_only_edited_keys_and_preserves_concurrent_definitions ... ok
2026-10-08T03:49:41.7675966Z test downloader_interchange::an_api_pair_source_yields_to_its_eligible_target_during_parser_linking ... ok
2026-10-08T03:49:41.7688765Z test downloader_interchange::duplicate_class_relinks_the_runtime_winner_instead_of_the_first_equivalent_row ... ok
2026-10-08T03:49:41.8522351Z test downloader_interchange::imported_class_and_parser_link_reaches_the_live_registry ... ok
2026-10-08T03:49:41.9396329Z test downloader_interchange::mixed_login_cancel_malformed_and_stale_scripts_never_partially_save_downloaders ... ok
2026-10-08T03:49:42.0715713Z test downloader_interchange::mixed_login_import_replays_qt_duplicates_links_and_saved_consumer_without_exporting_credentials ... ok
2026-10-08T03:49:42.1178791Z test delete_files::physical_only_dialog_remembers_builtin_and_custom_service_keys_like_qt ... ok
2026-10-08T03:49:42.1844917Z test downloader_interchange::reference_duplicate_rules_remap_nested_members_and_keep_auxiliary_context ... ok
2026-10-08T03:49:42.2541412Z test downloader_interchange::package_invalid_and_cancelled_staging_do_not_mutate_store_and_stale_apply_rolls_back ... ok
2026-10-08T03:49:42.2803934Z test delete_files::advanced_reasons_match_actual_qt_defaults_existing_and_remembered_selection ... ok
2026-10-08T03:49:42.2912205Z test downloader_update_times::strict_deadlines_ratios_minimum_fallback_saved_changes_and_forcing_match_qt ... ok
2026-10-08T03:49:42.3123644Z test downloader_interchange::scoped_list_import_is_atomic_and_parser_save_preserves_original_context ... ok
2026-10-08T03:49:42.3155808Z test duplicate_colours::qcolor_rounding_and_independent_transparency_replay_actual_canvas_outputs ... ok
2026-10-08T03:49:42.5211723Z test duplicates_filtering::counts_and_random_groups_read_the_basic_client ... ok
2026-10-08T03:49:42.5233080Z test duplicates_filtering::edits_and_texts_follow_the_reference ... ok
2026-10-08T03:49:42.7131230Z test downloader_update_times::exact_constructor_fields_unchanged_apply_cancel_legacy_and_concurrent_field_merge ... ok
2026-10-08T03:49:42.7138480Z test duplicates_page::the_auto_resolution_rules_rows_are_the_references ... ok
2026-10-08T03:49:42.7139760Z test duplicates_page::the_preparation_tab_says_what_the_references_does ... ok
2026-10-08T03:49:42.7339226Z test duplicates_filtering::resync_drops_pairs_of_files_out_of_local_storage ... ok
2026-10-08T03:49:42.7349139Z test duplicate_colours::options_keep_saved_zero_on_cancel_then_normalise_on_apply_and_preserve_concurrent_background ... ok
2026-10-08T03:49:42.7392198Z test edit_subscription::the_dialog_opens_as_the_references ... ok
2026-10-08T03:49:42.7402691Z test embedded_metadata::basics_and_png_instruction_match_the_reference ... ok
2026-10-08T03:49:42.7404001Z test embedded_metadata::exif_sort_selection_and_raw_copy_match_the_reference ... ok
2026-10-08T03:49:42.7426449Z test existing_tags_filter::existing_filter_acceptance_enables_only_the_captured_service_and_round_trips ... ok
2026-10-08T03:49:42.7427376Z test edit_subscription::the_query_buttons_act_as_the_references ... ok
2026-10-08T03:49:42.8429625Z test duplicates_progress::qt_staging_persistence_and_scoped_save_drive_strict_caught_up_preparation_labels ... ok
2026-10-08T03:49:43.0304241Z test export_files::cancellation_suppresses_trash_but_missing_sources_trash_successful_prefix ... ok
2026-10-08T03:49:43.0529163Z test export_files::copies_overwrite_existing_files_and_route_metadata ... ok
2026-10-08T03:49:43.3087481Z test export_files::preview_and_confirmations_match_reference_panel ... ok
2026-10-08T03:49:43.5364934Z test export_files::selected_export_tags_counts_sort_selection_and_copy_match_actual_panel ... ok
2026-10-08T03:49:43.5385843Z test export_files::shared_pattern_menu_copies_recorded_phrases_including_its_heading ... ok
2026-10-08T03:49:43.7926078Z test export_files::sidecar_failure_prevents_copy_and_trash_and_success_trashes ... ok
2026-10-08T03:49:44.0815986Z test export_files::later_trash_transaction_failure_retains_export_error_and_committed_prefix ... ok
2026-10-08T03:49:44.0865863Z test external_calls::actual_defaults_menu_routes_preserve_prior_selection_and_generate_unique_named_keys ... ok
2026-10-08T03:49:44.0915558Z test external_calls::actual_qt_sort_tie_break_casefold_and_duplicate_selection_routes ... ok
2026-10-08T03:49:44.0935378Z test external_calls::actual_reference_substitution_validation_and_argument_cleaning ... ok
2026-10-08T03:49:44.0985372Z test external_calls::cancelling_the_owner_terminates_and_reaps_its_started_direct_child ... ok
2026-10-08T03:49:44.1035617Z test external_calls::command_clipboard_review_and_cleaned_example_match_actual_qt ... ok
2026-10-08T03:49:44.1040581Z test external_calls::command_parameter_queue_selection_reorder_and_keyboard_match_actual_qt ... ok
2026-10-08T03:49:44.1056014Z test export_files::symlinks_existing_links_and_hardlinks_preserve_source_content ... ok
2026-10-08T03:49:44.1076777Z test external_calls::duplicate_import_warnings_match_python_repr_and_all_size_boundaries ... ok
2026-10-08T03:49:44.1078612Z test external_calls::list_acceptance_retains_edit_key_and_selection_but_regenerates_import_and_duplicate_keys ... ok
2026-10-08T03:49:44.1101217Z test external_calls::command_queue_reverse_edit_and_keyboard_origins_match_actual_qt ... ok
2026-10-08T03:49:44.1968817Z test external_calls::saved_call_executes_owned_harmless_process_with_exact_single_argument_and_no_shell_interpretation ... ok
2026-10-08T03:49:44.3227301Z test favourite_search_editor::favourite_controls_replay_reference_domain_sort_collect_and_predicate_values ... ok
2026-10-08T03:49:44.5021742Z test export_files::export_failure_and_cancellation_match_reference_durable_membership ... ok
2026-10-08T03:49:44.5043169Z test file_history::dropping_worker_cancels_inflight_read_and_never_runs_pending_read ... ok
2026-10-08T03:49:44.5226173Z test ffmpeg_timeout::qt_options_cancel_bounds_reopen_and_concurrent_changes ... ok
2026-10-08T03:49:44.5232187Z test file_history::owned_worker_runs_only_latest_queued_query_and_discards_cancelled_closed_results ... ok
2026-10-08T03:49:44.5243550Z test file_log::clipboard_source_batches_match_actual_reference_imports ... ok
2026-10-08T03:49:44.5786166Z test file_log::renormalisation_collapses_later_duplicates_and_preserves_first_progress_and_metadata ... ok
2026-10-08T03:49:44.5790617Z test file_log::selected_import_objects_match_full_reference_clipboard_bytes ... ok
2026-10-08T03:49:44.5792298Z test file_log::selected_urls_are_one_exact_match_or_container ... ok
2026-10-08T03:49:44.6001019Z test file_log::source_png_carriers_import_actual_qt_exports_and_render_custom_headers ... ok
2026-10-08T03:49:44.6016865Z test file_log::the_file_log_is_the_references ... ok
2026-10-08T03:49:44.6035728Z test file_maintenance_current::recorded_counts_selection_due_gate_and_numeric_sort_use_typed_identity ... ok
2026-10-08T03:49:44.6569914Z test file_history::global_and_filtered_series_ranges_visibility_refresh_and_cancel_match_actual_chart ... ok
2026-10-08T03:49:44.6572051Z test file_maintenance_new::the_tab_says_what_the_reference_does ... ok
2026-10-08T03:49:44.6573603Z test file_relationships::a_file_alone_offers_only_a_search_reset ... ok
2026-10-08T03:49:44.6575240Z test file_relationships::a_grouped_file_shows_its_group_and_what_can_be_undone ... ok
2026-10-08T03:49:44.7603572Z test file_maintenance_new::chosen_files_get_the_job_queued ... ok
2026-10-08T03:49:44.8570152Z test file_relationships::setting_and_undoing_relationships_reaches_the_store ... ok
2026-10-08T03:49:45.0443849Z test file_view_removal::filter_content_pruning_reports_only_domain_departures_after_intervening_trash ... ok
2026-10-08T03:49:45.2532597Z test file_view_removal::filter_removal_matches_recorded_commit_gates_and_skipped_return_file ... ok
2026-10-08T03:49:45.2809210Z test filename_rules::advanced_lists_children_and_filename_consumers_match_real_reference ... ok
2026-10-08T03:49:45.2844851Z test filename_rules::both_original_regex_buttons_offer_the_recorded_help_components_and_favourites ... ok
2026-10-08T03:49:45.2849645Z test filename_rules::child_identity_is_frozen_and_unrelated_callbacks_preserve_it ... ok
2026-10-08T03:49:45.4953215Z test filename_simple::additive_entry_and_selected_union_replay_real_simple_panel_without_spreading_untouched_tags ... ok
2026-10-08T03:49:45.4959876Z test filename_simple::native_path_backend_matches_actual_reference_rebasing_and_mixed_separator_tags ... ok
2026-10-08T03:49:45.5073532Z test filename_tagging::rows_and_values_are_the_references ... ok
2026-10-08T03:49:45.5075421Z test filename_tagging::single_tags_are_shown_and_removed_for_the_selection ... ok
2026-10-08T03:49:45.5076967Z test filename_tagging::typed_regexes_and_quick_namespaces_are_checked ... ok
2026-10-08T03:49:45.5078362Z test filesize_predicate::choices_bounds_and_explicit_reopening_match_qt ... ok
2026-10-08T03:49:45.5092441Z test filetype_tree::groups_tick_their_filetypes_and_give_back_specific_ones ... ok
2026-10-08T03:49:45.5692605Z test folder_runs::named_then_all_folders_are_flagged_to_run ... ok
2026-10-08T03:49:45.5837957Z test file_view_removal::actual_qt_media_list_trash_move_and_physical_pruning_matrix ... ok
2026-10-08T03:49:45.5858486Z test folders::the_export_folder_dialog_is_the_references ... ok
2026-10-08T03:49:45.5876377Z test folders::the_import_folder_dialog_is_the_references ... ok
2026-10-08T03:49:45.5878321Z test folders::the_lists_name_what_they_add_and_edit_uniquely ... ok
2026-10-08T03:49:45.5883156Z test folders::the_lists_rows_are_the_references ... ok
2026-10-08T03:49:45.5915624Z test force_filetype::the_force_filetypes_dialog_is_the_reference_s ... ok
2026-10-08T03:49:45.5922072Z test force_idle::actual_toggle_checks_and_real_worker_entry_matrix ... ok
2026-10-08T03:49:45.5929603Z test formula_editors::fetched_documents_replay_reference_success_error_and_cancellation_context ... ok
2026-10-08T03:49:45.5955043Z test formula_editors::formula_editor_bulk_name_conflicts_match_reference ... ok
2026-10-08T03:49:45.5956552Z test formula_editors::formula_editor_controls_and_parses_match_reference ... ok
2026-10-08T03:49:45.5961573Z test formula_editors::formula_editor_rule_queue_matches_reference_actions ... ok
2026-10-08T03:49:45.5974100Z test formula_editors::formula_editor_type_and_named_list_actions_match_reference ... ok
2026-10-08T03:49:45.5975892Z test formula_editors::formula_editor_type_changes_use_fresh_defaults_and_preserve_separated_content ... ok
2026-10-08T03:49:45.5981346Z test formula_editors::formula_editors_preserve_other_kinds_and_inactive_rule_settings ... ok
2026-10-08T03:49:45.5982960Z test formula_editors::multiple_test_documents_retain_edits_sources_and_selected_child_order ... ok
2026-10-08T03:49:45.5995787Z test formula_editors::recursive_formula_fields_and_transformed_child_data_match_reference ... ok
2026-10-08T03:49:45.6008859Z test formula_editors::scalar_formula_controls_match_reference ... ok
2026-10-08T03:49:45.6010494Z test formula_editors::six_kind_chooser_defaults_match_reference ... ok
2026-10-08T03:49:45.6035859Z test formula_editors::zipper_member_queue_and_substitution_match_reference ... ok
2026-10-08T03:49:45.6071866Z test frame_locations::frame_table_defaults_cells_and_selected_actions_match_actual_qt ... ok
2026-10-08T03:49:45.6830956Z test frame_locations::named_geometry_transactions_preserve_peer_frames_and_latest_viewer_save_preference ... ok
2026-10-08T03:49:45.7316677Z test folders::export_folder_examples_use_recorded_queries_limits_and_media_contexts ... ok
2026-10-08T03:49:45.7385749Z test gallery_source::captions_and_installed_parser_functionality_match_real_reference ... ok
2026-10-08T03:49:45.7401461Z test gallery_source::key_wins_over_conflicting_name_and_cycles_are_bounded ... ok
2026-10-08T03:49:45.7546908Z test gallery_source::two_stage_choices_selection_cancellation_and_empty_warning_match_reference ... ok
2026-10-08T03:49:45.8284431Z test frame_locations::settings_keep_unknown_rows_and_merge_unedited_runtime_geometry ... ok
2026-10-08T03:49:45.9911264Z test gui_colours::all_twenty_six_rgb_roles_and_independent_tabs_stage_cancel_apply_and_reopen_like_qt ... ok
2026-10-08T03:49:45.9955886Z test gui_colours::old_imported_store_keeps_retained_legacy_rgb_until_native_values_take_precedence ... ok
2026-10-08T03:49:46.0261435Z test database_maintenance::accepted_runs_send_the_reference_s_popups ... ok
2026-10-08T03:49:46.0305544Z test gui_format::recorded_current_local_offsets_and_ancient_boundaries_match_python ... ok
2026-10-08T03:49:46.0341483Z test gui_format::recorded_summaries_previews_expiry_and_scheduling_variants_reach_existing_models ... ok
2026-10-08T03:49:46.1449081Z test gui_colours::staged_role_changes_merge_with_live_help_switch_and_other_saved_rgb_roles ... ok
2026-10-08T03:49:46.1465580Z test hash_predicate::cleanup_and_explicit_values_match_real_qt ... ok
2026-10-08T03:49:46.1841684Z test gui_format::precision_reaches_existing_import_png_network_and_service_displays ... ok
2026-10-08T03:49:46.2450644Z test idle_timeout_options::edited_idle_thresholds_merge_without_overwriting_live_unrelated_preferences ... ok
2026-10-08T03:49:46.3263170Z test how_boned::the_basic_client_s_statistics_read_as_the_reference_s ... ok
2026-10-08T03:49:46.3486947Z test idle_timeout_options::implicit_idle_normalisation_preserves_newer_fields_and_explicit_edits_still_apply ... ok
2026-10-08T03:49:46.4468251Z test idle_timeout_options::noneable_timeout_controls_replay_qt_defaults_floor_bounds_retention_and_reopen ... ok
2026-10-08T03:49:46.4495616Z test idle_timeout_options::saved_timeout_choices_replay_strict_qt_boot_activity_and_ignore_gates ... ok
2026-10-08T03:49:46.4532555Z test image_cache::actual_byte_timeout_and_percentage_controls_match_the_recording ... ok
2026-10-08T03:49:46.5014230Z test gui_format::staged_bounds_cancel_save_reopen_and_real_log_columns_match_qt ... ok
2026-10-08T03:49:46.5082552Z test image_cache::actual_pending_rgb_rgba_touch_admission_soft_overflow_policy_and_expiry ... ok
2026-10-08T03:49:46.5695838Z test image_cache::untouched_normalized_controls_preserve_concurrent_fields_but_explicit_edits_win ... ok
2026-10-08T03:49:46.6487400Z test image_cache::actual_legacy_native_wins_changed_fields_and_raw_control_values_survive_reopen ... ok
2026-10-08T03:49:46.6522199Z test import_options_editor::caller_defaults_lists_and_fallback_labels_match_real_reference_editors ... ok
2026-10-08T03:49:46.6551021Z test import_options_editor::defaults_editor_uses_parent_stack_and_retains_hidden_custom_kinds ... ok
2026-10-08T03:49:46.6571543Z test import_options_editor::each_kinds_summary_is_the_references ... ok
2026-10-08T03:49:46.6572881Z test import_options_editor::text_fields_read_and_write_lists_and_renames ... ok
2026-10-08T03:49:46.6597982Z test import_options_editor::the_editors_lists_are_the_references ... ok
2026-10-08T03:49:46.6627866Z test import_options_overwrite::favourite_add_rename_and_delete_preserve_reference_names_and_other_defaults ... ok
2026-10-08T03:49:46.6665922Z test import_options_overwrite::shared_overwrite_presets_and_manual_default_match_real_dialog ... ok
2026-10-08T03:49:46.6686152Z test import_options_panel::sorted_selection_frozen_clear_and_profile_identity_are_independent ... ok
2026-10-08T03:49:46.6816223Z test import_options_panel::three_lists_and_staged_actions_replay_the_reference ... ok
2026-10-08T03:49:46.7095697Z test image_colour::qt_icc_checkbox_cancel_saved_reopen_preserves_concurrent_viewer_rules ... ok
2026-10-08T03:49:46.7098507Z test idle_timeout_options::raw_imported_seconds_normalise_only_on_unchanged_acceptance_as_qt_does ... ok
2026-10-08T03:49:46.7109640Z test import_work_slots::missing_and_raw_legacy_keys_preserve_independent_defaults ... ok
2026-10-08T03:49:46.7114233Z test importer_menu::an_importers_own_presentation_is_named_and_not_offered_again ... ok
2026-10-08T03:49:46.7117598Z test importer_menu::presentation_summaries_are_the_references ... ok
2026-10-08T03:49:46.7131486Z test importer_menu::the_list_menus_are_the_references ... ok
2026-10-08T03:49:46.7357685Z test import_work_slots::loaded_out_of_range_controls_normalize_only_on_unchanged_apply ... ok
2026-10-08T03:49:46.8116628Z test import_work_slots::reference_controls_stay_staged_and_saved_limits_survive_reopening ... ok
2026-10-08T03:49:46.9386062Z test incremental_tagging::actual_qt_initial_clamps_and_long_decimal_previews_preserve_safe_native_inference ... ok
2026-10-08T03:49:47.0116821Z test incremental_tagging::add_then_remove_retains_the_reference_deleted_mapping_in_private_preview ... ok
2026-10-08T03:49:47.0548274Z test incremental_tagging::actual_child_defaults_conflicts_reverse_pairs_and_nested_cancellation_replay ... ok
2026-10-08T03:49:47.0568622Z test local_import_dialog::parsing_shows_its_progress_and_can_be_paused_and_stopped ... ok
2026-10-08T03:49:47.0604002Z test local_import_dialog::the_list_is_the_references ... ok
2026-10-08T03:49:47.1378259Z test incremental_tagging::initial_start_uses_actual_unicode_decimal_sorting_and_ignores_negative_subtags ... ok
2026-10-08T03:49:47.2679052Z test ffmpeg_timeout::already_open_import_review_uses_live_store_deadline_for_real_metadata_detection ... ok
2026-10-08T03:49:47.3435995Z test local_transfer::actual_qt_options_defaults_drafts_and_field_scoped_save ... ok
2026-10-08T03:49:47.3627579Z test local_transfer::deleted_destination_restores_timestamp_and_stale_source_cannot_move ... ok
2026-10-08T03:49:47.3648184Z test login_script_controls::script_cog_matches_qt_login_context_and_rejects_replaced_requests ... ok
2026-10-08T03:49:47.3686883Z test login_workflows::cookie_requirements_match_real_qt_pair_edits_cancel_and_duplicate_looking_keys ... ok
2026-10-08T03:49:47.3726119Z test login_workflows::credentials_match_reference_display_order_status_and_confirmation ... ok
2026-10-08T03:49:47.3876274Z test login_workflows::domain_add_change_and_delete_replay_all_recorded_prompt_chains ... ok
2026-10-08T03:49:47.4776714Z test login_workflows::domain_apply_preserves_concurrent_script_edits_and_rejects_domain_conflicts ... ok
2026-10-08T03:49:47.4857381Z test login_workflows::domain_credentials_replay_reference_validity_activation_cancel_and_delay_reset ... ok
2026-10-08T03:49:47.4918285Z test login_workflows::embedded_step_cookie_list_replays_sorted_pair_actions_and_confirmed_bulk_delete ... ok
2026-10-08T03:49:47.4979129Z test login_workflows::example_domains_replay_reference_defaults_duplicate_errors_and_final_cancel_acceptance ... ok
2026-10-08T03:49:47.5013724Z test login_workflows::login_domain_rows_replay_cookie_expiry_and_pretty_delay_reference ... ok
2026-10-08T03:49:47.5065600Z test login_workflows::login_step_content_replays_reference_unique_import_cancel_sort_and_request_cleanup ... ok
2026-10-08T03:49:47.5121069Z test login_workflows::preserved_credentials_load_then_native_save_controls_domain_warnings ... ok
2026-10-08T03:49:47.5208404Z test login_workflows::request_arguments_replay_real_qt_rename_duplicates_blank_values_and_cancel ... ok
2026-10-08T03:49:47.5256039Z test login_workflows::scripts_import_rename_and_delete_keep_reference_name_and_key_rules ... ok
2026-10-08T03:49:47.5316401Z test login_workflows::three_argument_lists_keep_independent_extended_selection_and_bulk_deletion ... ok
2026-10-08T03:49:47.6319763Z test local_transfer::stale_destination_membership_and_reused_service_id_never_retarget_a_question ... ok
2026-10-08T03:49:47.6415644Z test legacy_seed_caches::upgraded_historical_histories_reach_native_counts_restore_and_reopen_intact ... ok
2026-10-08T03:49:47.7356262Z test main_identity::implicit_name_normalisation_and_other_fields_preserve_concurrent_updates ... ok
2026-10-08T03:49:47.9466261Z test main_menu::repositories_add_their_pages_and_pending_menu ... ok
2026-10-08T03:49:47.9970175Z test main_menu::import_and_export_folders_are_offered_to_run_now ... ok
2026-10-08T03:49:47.9978500Z test manage_notes::copies_as_python_writes_json ... ok
2026-10-08T03:49:48.0008038Z test manage_notes::notes_dialog_steps_as_the_reference ... ok
2026-10-08T03:49:48.0021818Z test manage_notes::the_menu_counts_the_focused_files_notes ... ok
2026-10-08T03:49:48.1035931Z test main_identity::constructor_cancel_unchanged_apply_and_reopen_match_raw_qt_names ... ok
2026-10-08T03:49:48.1975857Z test main_menu::the_menu_bar_is_the_reference_s ... ok
2026-10-08T03:49:48.5406432Z test manage_tags_sort::independent_defaults_stage_cancel_apply_reopen_and_merge_only_changed_context ... ok
2026-10-08T03:49:48.5614768Z test manage_tag_counts::deleted_counts_status_rows_and_global_toggle_replay_apply_cancel_and_reopen ... ok
2026-10-08T03:49:48.8902966Z test manage_tags_sort::sibling_sort_uses_raw_tags_when_storage_sibling_information_is_disabled ... ok
2026-10-08T03:49:48.8920614Z test media_view_options::delete_spares_classes_and_add_copies_the_class ... ok
2026-10-08T03:49:48.9005929Z test media_view_options::rows_addable_types_and_editor_choices_are_the_reference_s ... ok
2026-10-08T03:49:48.9646079Z test manage_tags_sort::open_service_tabs_keep_local_sort_after_options_change_and_new_dialog_reads_default ... ok
2026-10-08T03:49:48.9735397Z test menu_choice_wheel::signed_wrap_and_empty_single_choice_signals_match_actual_qt ... ok
2026-10-08T03:49:49.0928459Z test menu_choice_wheel::simple_options_sort_retains_the_recorded_text_and_count_orders ... ok
2026-10-08T03:49:49.1647957Z test menu_choice_wheel::real_media_type_flat_order_unknown_current_and_matching_order_labels_match_qt ... ok
2026-10-08T03:49:49.2026543Z test menu_choice_wheel::staged_setting_saves_only_its_key_and_unchanged_draft_preserves_live_value ... ok
2026-10-08T03:49:49.4100726Z test merge_options_editor::the_editor_edits_merge_options_as_the_reference_does ... ok
2026-10-08T03:49:49.4125862Z test namespace_colours::edit_recolours_each_selected_entry_in_place ... ok
2026-10-08T03:49:49.7737314Z test merge_summaries::merges_are_summarised_as_the_reference ... ok
2026-10-08T03:49:49.7862563Z test namespace_colours::sorted_add_keeps_qt_positional_range_anchor_then_delete_resets_it ... ok
2026-10-08T03:49:49.7869496Z test namespace_sorts::duplicate_ids_and_frozen_edits_survive_selection_changes_cancel_and_removal ... ok
2026-10-08T03:49:49.7871141Z test namespace_sorts::replay_actual_queue_add_edit_escaped_names_views_moves_and_delete_answers ... ok
2026-10-08T03:49:49.8006368Z test namespace_colours::qt_namespace_add_normalization_protected_mixed_delete_and_options_cancel_reopen ... ok
2026-10-08T03:49:49.8855219Z test network_data::fresh_live_usage_wins_until_the_daemon_heartbeat_expires ... ok
2026-10-08T03:49:49.9160407Z test network_data::drafts_preserve_unrelated_edits_and_reject_changed_defaults ... ok
2026-10-08T03:49:49.9172043Z test network_data::replay_qt_bandwidth_rows_rules_and_questions ... ok
2026-10-08T03:49:49.9189000Z test network_job_control::cog_replays_actual_qt_context_submenu_and_phase_actions ... ok
2026-10-08T03:49:49.9210364Z test network_job_control::control_auto_policy_targets_future_requests_and_owner_clears_error_once ... ok
2026-10-08T03:49:49.9835539Z test network_data::reference_bandwidth_age_rule_filters_months_and_history_deletion ... ok
2026-10-08T03:49:49.9981275Z test network_sessions::automatic_header_questions_replay_reference_deduplicate_and_reject_changed_payloads ... ok
2026-10-08T03:49:50.0735868Z test manage_tags_sort::both_contexts_replay_all_real_sort_types_orders_siblings_and_groupings ... ok
2026-10-08T03:49:50.0828426Z test network_sessions::cleared_session_draft_preserves_a_later_request_cookie ... ok
2026-10-08T03:49:50.0940882Z test network_sessions::cookie_exchange_replays_reference_fields_questions_and_collisions ... ok
2026-10-08T03:49:50.1686296Z test network_sessions::header_case_groups_delete_exact_rows_and_reject_concurrent_variant_insertions ... ok
2026-10-08T03:49:50.1738640Z test network_sessions::headers_merge_unrelated_writes_and_cancel_and_reject_same_key_changes ... ok
2026-10-08T03:49:50.1776034Z test network_sessions::reference_rows_validation_and_confirmation ... ok
2026-10-08T03:49:50.1955711Z test network_sessions::detached_cookie_drafts_preserve_attributes_merge_and_reject_conflicts_atomically ... ok
2026-10-08T03:49:50.2505458Z test network_sessions::malformed_cookie_batches_never_partially_change_the_draft_and_browser_routes_silos ... ok
2026-10-08T03:49:50.2605503Z test open_externally::actual_qt_registered_choices_queue_order_and_protected_mime_rows ... ok
2026-10-08T03:49:50.2632496Z test open_externally::configured_empty_specific_and_missing_call_never_fall_through_custom_route ... ok
2026-10-08T03:49:50.3630235Z test open_externally::washing_renames_deduplicates_removes_missing_without_name_remap_and_persists ... ok
2026-10-08T03:49:50.4669571Z test options_dialog::advanced_network_ranges_and_clamps_match_the_reference ... ok
2026-10-08T03:49:50.4796183Z test normal_time_maintenance::recorded_flags_cancel_apply_reopen_and_live_peer_preservation ... ok
2026-10-08T03:49:50.5385769Z test options_dialog::application_names_and_exit_switch_apply_as_the_reference_does ... ok
2026-10-08T03:49:50.5658753Z test notes_preferences::actual_cog_copy_variants_and_options_persistence_replay ... ok
2026-10-08T03:49:50.6346282Z test local_transfer::recorded_copy_strict_and_merge_questions_drive_real_memberships ... ok
2026-10-08T03:49:50.6527352Z test options_dialog::export_default_directory_matches_recorded_blank_literal_and_portable_paths ... ok
2026-10-08T03:49:50.7646012Z test options_dialog::closing_controls_stage_all_reference_preferences_without_persisting ... ok
2026-10-08T03:49:50.7786579Z test options_dialog::cursor_autohide_control_matches_reference_default_bounds_and_none ... ok
2026-10-08T03:49:50.9438855Z test options_dialog::file_search_boolean_controls_replay_reference_defaults_and_staged_edits ... ok
2026-10-08T03:49:50.9546366Z test options_dialog::eye_menu_preferences_follow_all_reference_combinations_without_saving_detached_edits ... ok
2026-10-08T03:49:51.0245497Z test options_dialog::hash_prefix_control_matches_reference_default_and_checkbox ... ok
2026-10-08T03:49:51.0585741Z test options_dialog::file_search_limit_controls_stage_and_clamp_reference_values ... ok
2026-10-08T03:49:51.2008012Z test options_dialog::local_location_option_matches_reference_and_keeps_child_changes_staged ... ok
2026-10-08T03:49:51.2053323Z test options_dialog::notebook_navigation_preferences_match_recorded_controls ... ok
2026-10-08T03:49:51.2927002Z test options_dialog::regex_favourites_child_edits_wait_for_parent_apply ... ok
2026-10-08T03:49:51.3001886Z test options_dialog::remembered_options_pages_and_auxiliary_search_match_the_reference ... ok
2026-10-08T03:49:51.3065837Z test options_dialog::read_presentation_controls_match_reference_ranges_and_staged_values ... ok
2026-10-08T03:49:51.3758802Z test options_dialog::passive_background_controls_match_reference_and_stage_independent_copies ... ok
2026-10-08T03:49:51.3825924Z test options_dialog::reopening_numeric_options_clamps_saved_advanced_values ... ok
2026-10-08T03:49:51.5022309Z test options_dialog::removed_service_choices_clamp_drafts_and_service_names_are_searchable ... ok
2026-10-08T03:49:51.5880967Z test options_dialog::session_backup_count_matches_recorded_control_and_clamps ... ok
2026-10-08T03:49:51.6912448Z test options_dialog::subscription_concurrency_replays_recorded_clamps_and_committed_parent_states ... ok
2026-10-08T03:49:51.7178253Z test options_dialog::system_sleep_controls_match_reference_and_clamp ... ok
2026-10-08T03:49:51.7188598Z test options_dialog::subscription_file_failure_limit_replays_qt_noneable_states_in_parent_transaction ... ok
2026-10-08T03:49:51.8346709Z test options_dialog::the_options_search_offers_what_the_references_does ... ok
2026-10-08T03:49:51.8365450Z test options_dialog::tag_service_controls_match_reference_and_remember_interlock ... ok
2026-10-08T03:49:51.9314131Z test options_dialog::the_options_pages_are_the_references ... ok
2026-10-08T03:49:51.9565568Z test options_dialog::the_thumbnail_rating_sizes_go_up_to_the_thumbnails_width ... ok
2026-10-08T03:49:52.0721836Z test options_dialog::viewer_focus_controls_stage_independent_reference_policies ... ok
2026-10-08T03:49:52.1351009Z test options_dialog::viewer_canvas_controls_match_reference_and_stage_bounded_values ... ok
2026-10-08T03:49:52.2029401Z test options_dialog::viewer_hover_controls_replay_reference_enabled_states ... ok
2026-10-08T03:49:52.2035223Z test orphan_files::the_popup_says_what_was_cleared ... ok
2026-10-08T03:49:52.2091787Z test options_dialog::viewer_pointer_controls_stage_the_reference_drag_preferences ... ok
2026-10-08T03:49:52.3321268Z test options_dialog::zoom_switch_and_animation_loop_controls_match_reference_and_stage_changes ... ok
2026-10-08T03:49:52.3890020Z test or_connector::qt_raw_blank_newline_cancel_reopen_and_live_namespace_changes_remain_isolated ... ok
2026-10-08T03:49:52.3937058Z test page_layout::qt_live_sizes_saved_hidden_positions_and_signed_legacy_bounds ... ok
2026-10-08T03:49:52.3972632Z test page_navigation_options::history_limit_replays_actual_menu_without_discarding_backing_history ... ok
2026-10-08T03:49:52.4295790Z test page_layout::hide_draft_cancel_apply_reopen_preserves_concurrent_saved_sizes_and_exit_switch ... ok
2026-10-08T03:49:52.4319361Z test page_tree::cursor_expansion_and_activation_replay_actual_frame_tree ... ok
2026-10-08T03:49:52.4329641Z test page_tree::stable_keys_survive_reorder_rename_and_closed_cursor_without_stale_activation ... ok
2026-10-08T03:49:52.4335814Z test parser_editors::any_namespace_toggle_retains_the_disabled_namespace ... ok
2026-10-08T03:49:52.4394901Z test parser_editors::auto_fill_reference_owner_leaves_candidates_unapplied_and_reviews_api_pairs ... ok
2026-10-08T03:49:52.4554063Z test page_chooser_options::legacy_checkbox_defaults_are_imported_and_top_choices_remain_independent ... ok
2026-10-08T03:49:52.4556913Z test parser_editors::content_change_keeps_unsupported_formula_and_note_newlines ... ok
2026-10-08T03:49:52.5566299Z test parser_editors::native_parser_save_preserves_other_settings_and_rejects_stale_edits ... ok
2026-10-08T03:49:52.5599230Z test parser_editors::per_class_parser_choices_replay_matching_groups_and_validate_stable_keys ... ok
2026-10-08T03:49:52.5626912Z test page_chooser_options::all_flag_combinations_replay_real_service_order_layout_and_choices ... ok
2026-10-08T03:49:52.5655425Z test parser_editors::recorded_content_kinds_and_runtime_previews ... ok
2026-10-08T03:49:52.5656753Z test parser_editors::recorded_subsidiary_queue_import_and_duplicate_preserve_keys_and_select_new_rows ... ok
2026-10-08T03:49:52.5658207Z test parser_editors::test_context_rejects_invalid_duplicate_and_reserved_variables ... ok
2026-10-08T03:49:52.5677343Z test parser_editors::recorded_recursive_subsidiaries_preserve_context_documents_and_runtime_outputs ... ok
2026-10-08T03:49:52.5682796Z test parser_test_data::fetched_media_detection_tracks_example_selection_and_clears_on_text_changes ... ok
2026-10-08T03:49:52.5685256Z test parser_editors::timestamp_editor_normalises_recorded_source_choice_and_preserves_converted_metadata ... ok
2026-10-08T03:49:52.6126563Z test page_navigation_options::imported_defaults_and_options_limits_replay_reference_spinbox_clamping ... ok
2026-10-08T03:49:52.6550131Z test parser_test_data::typed_png_summary_and_header_keep_the_recorded_object_package ... ok
2026-10-08T03:49:52.6639356Z test popup_freeze::real_qt_hidden_and_minimized_states_do_not_use_focus_and_unknown_is_explicit ... ok
2026-10-08T03:49:52.6979375Z test parser_test_data::recorded_raw_data_previews_match_without_changing_the_parser_document ... ok
2026-10-08T03:49:52.7773791Z test popup_width::legacy_raw_integers_and_independent_edited_fields_are_preserved ... ok
2026-10-08T03:49:52.7826530Z test popup_freeze::staged_cancel_save_reopen_and_concurrent_popup_fields_are_preserved ... ok
2026-10-08T03:49:52.7945605Z test predicate_history::actual_histories_replay_toggles_recency_cross_page_or_and_clear ... ok
2026-10-08T03:49:52.7955781Z test predicate_history::refused_inputs_reordering_and_stale_history_commands_do_not_mutate_recency ... ok
2026-10-08T03:49:52.9073057Z test parser_editors::changed_links_revalidate_current_class_capability_and_rollback_atomically ... ok
2026-10-08T03:49:52.9265790Z test preview_default_zoom::exact_real_preview_geometry_uses_preview_rules_and_keeps_full_viewer_zooms ... ok
2026-10-08T03:49:53.1076268Z test preview_default_zoom::actual_qt_choices_staged_cancel_save_reopen_and_independent_viewer_policy ... ok
2026-10-08T03:49:53.1102629Z test quick_export_directory::actual_file_submenu_enables_and_selects_quick_export_directory ... ok
2026-10-08T03:49:53.1460832Z test physical_delete_delay::real_constructor_cancel_acceptance_reopen_fields_and_concurrent_policy_replacement ... ok
2026-10-08T03:49:53.1918432Z test preview_default_zoom::retained_legacy_fallback_and_native_wins_survive_store_reopen ... ok
2026-10-08T03:49:53.2086319Z test popup_width::qt_bounds_staging_cancel_loaded_normalisation_and_durable_reopen ... ok
2026-10-08T03:49:53.3529296Z test radio_return::cancelled_staging_changed_save_and_unchanged_concurrent_apply_match_actual_options ... ok
2026-10-08T03:49:53.4385398Z test ratings_editor::the_manage_ratings_dialog_works_as_the_references_does ... ok
2026-10-08T03:49:53.4597421Z test ratings_editor::a_middle_click_count_sets_an_inc_dec_control_and_nothing_else ... ok
2026-10-08T03:49:53.5666404Z test recent_predicates::each_editor_shows_its_pages_recent_predicates ... ok
2026-10-08T03:49:53.6758522Z test recent_predicates::predicates_have_the_reference_s_type_numbers ... ok
2026-10-08T03:49:53.6794450Z test regex_favourites::favourite_rows_and_input_boundaries_match_real_qt ... ok
2026-10-08T03:49:53.6822479Z test regex_favourites::legacy_favourites_load_until_native_values_including_empty_are_saved ... ok
2026-10-08T03:49:53.6861850Z test regex_favourites::matcher_favourite_menu_matches_actual_qt_actions_and_copy_payloads ... ok
2026-10-08T03:49:53.6881299Z test regex_favourites::readonly_row_input_menu_uses_saved_pairs_without_recursive_management ... ok
2026-10-08T03:49:53.6882816Z test regex_favourites::regex_clipboard_components_match_real_qt ... ok
2026-10-08T03:49:53.6884250Z test recent_predicates::recent_predicates_are_kept_as_the_reference_keeps_them ... ok
2026-10-08T03:49:53.6896649Z test related_weights::folded_header_sorts_add_selection_and_independent_tables_match_actual_qt ... ok
2026-10-08T03:49:53.6915698Z test related_weights::namespace_questions_and_detached_tables_match_actual_qt ... ok
2026-10-08T03:49:53.7958542Z test recent_predicates::the_reference_s_recent_predicates_come_across ... ok
2026-10-08T03:49:53.8669334Z test rating_sizes::four_sizes_replay_qt_ranges_fractional_values_cancel_and_reopen ... ok
2026-10-08T03:49:53.8716415Z test related_weights::search_and_result_weights_change_actual_qt_cosine_ranking_separately ... ok
2026-10-08T03:49:53.8733370Z test search_log::exchange_questions_replay_actual_reference_answers_and_complete_objects ... ok
2026-10-08T03:49:53.8765168Z test search_log::the_search_log_is_the_references ... ok
2026-10-08T03:49:53.8829277Z test search_or::advanced_boolean_preview_replays_all_operators_escapes_and_real_validation ... ok
2026-10-08T03:49:53.8845794Z test search_or::staged_or_replays_actual_read_broadcasts_rewind_cancel_and_single_unwrap ... ok
2026-10-08T03:49:53.9478474Z test related_weights::binary64_result_rounding_and_sibling_contexts_replay_the_actual_db ... ok
2026-10-08T03:49:53.9706822Z test related_weights::options_acceptance_merges_only_weights_and_preserves_live_unrelated_preferences ... ok
2026-10-08T03:49:53.9739792Z test selection::selecting_thumbnails_is_the_reference_s ... ok
2026-10-08T03:49:54.1016426Z test services_editor::cancel_name_collision_and_apply_publish_snapshot ... ok
2026-10-08T03:49:54.1639003Z test related_weights::real_service_mappings_replay_recorded_ranks_and_never_cross_service ... ok
2026-10-08T03:49:54.2201700Z test services_editor::deletion_reconciles_deleted_union_and_display_counts ... ok
2026-10-08T03:49:54.2207131Z test services_editor::numerical_example_one_star_retains_live_conversion_but_saves_normalized_scale ... ok
2026-10-08T03:49:54.2217013Z test services_editor::numerical_settings_normalize_as_reference ... ok
2026-10-08T03:49:54.2285416Z test services_editor::rating_example_whole_widget_pointer_routes_replay_qt ... ok
2026-10-08T03:49:54.2291183Z test selected_deletion_records::captured_clearable_records_match_actual_reference_changes_during_question ... ok
2026-10-08T03:49:54.2551785Z test services_editor::nonempty_domain_race_rejects_and_rolls_back_all_edits ... ok
2026-10-08T03:49:54.2667638Z test selected_deletion_records::real_writer_later_batch_error_preserves_first_commit_and_remaining_records ... ok
2026-10-08T03:49:54.2675704Z test services_review::deleted_record_double_confirmation_matches_reference ... ok
2026-10-08T03:49:54.3490544Z test services_editor::writer_rechecks_last_domain_and_rating_limits ... ok
2026-10-08T03:49:54.4353304Z test services_editor::rating_examples_replay_qt_samples_live_configuration_and_no_saved_values ... ok
2026-10-08T03:49:54.4380235Z test session_lifecycle::autosave_replays_idle_retries_period_changes_and_stopping_for_other_startup ... ok
2026-10-08T03:49:54.4420784Z test session_lifecycle::idle_requires_boot_user_mouse_and_api_timeouts_and_enabled_normal_work ... ok
2026-10-08T03:49:54.4460865Z test session_lifecycle::real_auxiliary_dialog_mouse_and_api_actions_update_independent_idle_timers ... ok
2026-10-08T03:49:54.4475943Z test session_lifecycle::recovery_question_matches_real_startup_dialog_labels_message_and_auto_yes_time ... ok
2026-10-08T03:49:54.4499901Z test session_lifecycle::size_warning_replays_real_threshold_seed_weight_disabled_and_one_boot_latch ... ok
2026-10-08T03:49:54.4525392Z test session_saving::backup_menu_labels_match_the_reference ... ok
2026-10-08T03:49:54.4555169Z test session_saving::clear_and_load_asks_as_the_references_does ... ok
2026-10-08T03:49:54.4567815Z test session_saving::saving_sessions_asks_and_saves_as_the_reference ... ok
2026-10-08T03:49:54.4595445Z test session_weight::the_report_weighs_files_as_one_and_urls_as_twenty ... ok
2026-10-08T03:49:54.4615290Z test set_password::scripted_answers_ask_and_save_as_the_reference ... ok
2026-10-08T03:49:54.4677193Z test services_editor::reference_rows_guards_and_defaults ... ok
2026-10-08T03:49:54.4695531Z test shortcut_capture::actual_qt_keyboard_and_mouse_controls_replay_exact_values_text_and_modes ... ok
2026-10-08T03:49:54.4715455Z test shortcut_capture::saved_keypad_policy_preserves_digits_and_resolves_non_number_alternates ... ok
2026-10-08T03:49:54.5005534Z test services_review::local_bulk_actions_match_recorded_confirmations_and_reject_wrong_service ... ok
2026-10-08T03:49:54.5007036Z test shortcut_content::the_editor_builds_and_reads_back_commands ... ok
2026-10-08T03:49:54.5163221Z test shortcut_sets::a_new_client_has_the_reference_s_default_sets ... ok
2026-10-08T03:49:54.5225462Z test shortcut_sets::custom_sets_are_named_apart_deleted_and_defaults_restored ... ok
2026-10-08T03:49:54.5255567Z test shortcut_sets::names_order_and_descriptions_are_the_reference_s ... ok
2026-10-08T03:49:54.5275660Z test shutdown_work::shutdown_work_runs_asks_or_skips_as_the_reference_decides ... ok
2026-10-08T03:49:54.5410638Z test services_review::review_matches_reference_statistics ... ok
2026-10-08T03:49:54.6535153Z test shutdown_work::the_work_analyzes_the_due_tables_and_registers_itself ... ok
2026-10-08T03:49:54.7105973Z test shortcut_content::ratings_set_flip_and_step ... ok
2026-10-08T03:49:54.7358137Z test shortcut_content::a_tag_is_added_then_flipped_off ... ok
2026-10-08T03:49:54.8241345Z test sibling_colours::qt_collapsed_parent_suffix_keeps_its_own_fade_and_ideal_trailing_colour ... ok
2026-10-08T03:49:54.8336960Z test sidecar_descriptions::routers_are_described_as_the_reference_describes_them ... ok
2026-10-08T03:49:54.8385837Z test sidecar_editors::recorded_router_queue_restrictions_veto_wrong_direction_and_sources ... ok
2026-10-08T03:49:54.9066134Z test sidecar_editors::json_object_name_queue_replays_literal_reference_rows_and_exporter_values ... ok
2026-10-08T03:49:54.9756121Z test sidecar_editors::recorded_router_tables_and_child_strings_use_real_sidecars_and_read_only_media ... ok
2026-10-08T03:49:55.1106143Z test sibling_connector::connector_options_replay_stage_cancel_apply_and_live_consumers ... ok
2026-10-08T03:49:55.1229116Z test sidecar_editors::the_sidecar_editors_show_and_edit_as_the_reference_does ... ok
2026-10-08T03:49:55.1663303Z test sidecar_previews::each_files_sidecars_are_shown_as_the_reference_shows_them ... ok
2026-10-08T03:49:55.1786326Z test string_converter_editor::date_controls_and_live_preview_follow_real_qt_accept_cancel_and_reorder ... ok
2026-10-08T03:49:55.1825520Z test string_converter_editor::last_conversion_loads_reference_options_then_native_override ... ok
2026-10-08T03:49:55.1918529Z test string_converter_editor::the_string_converter_editor_works_as_the_references_does ... ok
2026-10-08T03:49:55.1952324Z test string_match_editor::the_string_match_editor_works_as_the_references_does ... ok
2026-10-08T03:49:55.1975786Z test string_processor_editor::processor_exchange_appends_reference_steps_and_rejects_invalid_data_atomically ... ok
2026-10-08T03:49:55.2105633Z test string_processor_editor::the_string_processor_editor_works_as_the_references_does ... ok
2026-10-08T03:49:55.2125507Z test string_tag_filter_tests::a_tag_filter_step_tests_its_example_as_the_references_does ... ok
2026-10-08T03:49:55.3408673Z test subscription_exchange::draft_log_changes_export_exact_reference_counts_examples_and_complete_histories ... ok
2026-10-08T03:49:55.3447132Z test subscription_exchange::missing_history_question_matches_actual_qt_message_title_and_decisions ... ok
2026-10-08T03:49:55.3819174Z test sort_cog::actual_sidebar_availability_and_independent_collect_service_checks ... ok
2026-10-08T03:49:55.3860895Z test subscription_exchange::unsupported_seed_runtime_data_leaves_the_entire_owner_draft_unchanged ... ok
2026-10-08T03:49:55.3906769Z test subscription_import_options::subscription_paste_modes_and_clear_match_recorded_reference_outputs ... ok
2026-10-08T03:49:55.4205426Z test sort_cog::menus_replay_service_order_separators_views_checks_and_full_context_preservation ... ok
2026-10-08T03:49:55.4223553Z test subscriptions_buttons::batch_merge_reserves_names_after_absorption_and_keeps_successor_edits ... ok
2026-10-08T03:49:55.4372118Z test subscription_exchange::staged_full_subscription_import_resolves_names_and_persists_both_histories ... ok
2026-10-08T03:49:55.4465451Z test subscriptions_dedupe::deduplicate_asks_and_dedupes_as_the_reference ... ok
2026-10-08T03:49:55.4776443Z test subscriptions_list::the_dialogs_buttons_act_as_the_references ... ok
2026-10-08T03:49:55.4855614Z test subscriptions_buttons::the_other_buttons_act_as_the_references ... ok
2026-10-08T03:49:55.4865447Z test subscriptions_list::the_list_sorts_by_the_column_chosen ... ok
2026-10-08T03:49:55.4901471Z test system_or_activation::actual_system_activation_replays_shift_cancel_drafts_and_outer_acceptance ... ok
2026-10-08T03:49:55.4903442Z test subscriptions_list::the_lists_rows_are_the_references ... ok
2026-10-08T03:49:55.4927088Z test tab_context::menus_expose_six_sorts_and_only_possible_moves ... ok
2026-10-08T03:49:55.4945672Z test tab_context::dynamic_close_select_move_and_sort_menus_match_real_reference ... ok
2026-10-08T03:49:55.4981074Z test tab_context::notebook_session_submenus_match_actual_tab_popup_reserved_name_rules ... ok
2026-10-08T03:49:55.4999800Z test tab_context::sorts_and_moves_match_the_reference ... ok
2026-10-08T03:49:55.5005367Z test tab_drag::drag_threshold_disabled_and_cancel_are_owned_and_deterministic ... ok
2026-10-08T03:49:55.5024882Z test tab_drag::real_drop_order_and_independent_shift_decisions_preserve_the_source_object ... ok
2026-10-08T03:49:55.5466693Z test sibling_colours::qt_sibling_colours_stage_cancel_apply_reopen_and_all_live_model_runs ... ok
2026-10-08T03:49:55.5508611Z test tab_presentation::middle_names_replay_actual_qt_paint_without_changing_stored_names ... ok
2026-10-08T03:49:55.5711951Z test tag_banner::detached_banner_drafts_match_actual_qt_queue_and_live_preview ... ok
2026-10-08T03:49:55.6170543Z test subscription_quality::durable_logs_and_current_file_states_match_reference_quality_outputs ... ok
2026-10-08T03:49:55.6207793Z test tag_banner::unicode_decimal_chunk_order_and_live_preview_match_actual_qt ... ok
2026-10-08T03:49:55.6665689Z test tag_banner::option_banner_children_stage_by_original_target_and_save_only_with_parent ... ok
2026-10-08T03:49:55.8153454Z test tab_drag::independent_drag_preferences_replay_exact_qt_options_cancel_save_and_reopen ... ok
2026-10-08T03:49:55.9289668Z test tag_dialog_defaults::tag_service_defaults_and_immediate_memory_replay_reference_dialogs ... ok
2026-10-08T03:49:55.9431519Z test tag_dialog_preferences::options_defaults_stage_cancel_apply_and_preserve_autocomplete_preferences ... ok
2026-10-08T03:49:56.0383176Z test tag_display::deleting_the_last_applied_source_preserves_disabled_self_rules ... ok
2026-10-08T03:49:56.1197111Z test tag_display::staged_interlocks_match_reference ... ok
2026-10-08T03:49:56.1198067Z test tag_display::widget_options_gate_gui_queries_only ... ok
2026-10-08T03:49:56.2916592Z test tag_display::queues_disable_reorder_reopen_counts_daemon_and_clear_filter ... ok
2026-10-08T03:49:56.2985020Z test tag_filter_editor::the_editor_shows_and_edits_a_filter_as_the_reference_does ... ok
2026-10-08T03:49:56.3850619Z test tag_filter_favourites::concurrent_favourite_saves_merge_and_invalid_exchange_cannot_change_settings ... ok
2026-10-08T03:49:56.3863264Z test tag_filter_favourites::reference_bulk_paste_and_extra_blacklist_panels_keep_rule_and_test_semantics ... ok
2026-10-08T03:49:56.4085844Z test tag_display::write_autocomplete_uses_override_or_launcher_domain_and_rejects_tag_locations ... ok
2026-10-08T03:49:56.4874867Z test tag_filter_favourites::reference_favourite_workflow_preserves_cancelled_drafts_and_saves_immediately ... ok
2026-10-08T03:49:56.5143557Z test tag_dialog_preferences::storage_rows_and_service_topologies_replay_all_reference_combinations ... ok
2026-10-08T03:49:56.5148561Z test tag_migration::migration_popup_speed_and_phase_text_replay_actual_qt_outputs ... ok
2026-10-08T03:49:56.5601559Z test tag_migration::archive_inspection_choices_cancellation_and_count_summaries_match_qt ... ok
2026-10-08T03:49:56.6250938Z test tab_presentation::legacy_defaults_and_staged_controls_replay_actual_options_then_reopen ... ok
2026-10-08T03:49:56.6334048Z test tag_migration::reference_choices_and_second_confirmation ... ok
2026-10-08T03:49:56.6968978Z test tag_migration::pair_summary_replays_equal_asymmetric_and_equal_text_distinct_filters ... ok
2026-10-08T03:49:56.7983338Z test tag_namespace_order::namespace_changes_merge_with_concurrent_presentation_edits_and_unchanged_list ... ok
2026-10-08T03:49:56.7997175Z test tag_namespace_order::raw_allow_blank_queue_actions_and_all_tag_sorts_match_qt ... ok
2026-10-08T03:49:56.8834408Z test tag_relationships::apply_republishes_graphs_and_counts_atomically_and_rolls_back_errors ... ok
2026-10-08T03:49:56.8904327Z test tag_migration::reference_database_pending_outcomes ... ok
2026-10-08T03:49:56.8910774Z test tag_list_display_types::exact_choices_stage_cancel_apply_reopen_and_preserve_old_payload_defaults ... ok
2026-10-08T03:49:56.9604371Z test tag_relationships::changes_refresh_other_services_applying_the_source ... ok
2026-10-08T03:49:56.9690257Z test tag_relationships::per_service_inputs_cancel_import_and_selection ... ok
2026-10-08T03:49:56.9710653Z test tag_relationships::invalid_batch_graphs_are_reported_and_leave_valid_relationships_untouched ... ok
2026-10-08T03:49:56.9725839Z test tag_suggestions::broadcast_keeps_selected_tag_identity_but_switching_services_retires_selection ... ok
2026-10-08T03:49:57.0775998Z test tag_relationships::repository_changes_keep_reasons_and_rescinds_across_reopen ... ok
2026-10-08T03:49:57.1709902Z test tag_migration::reference_database_pair_filters_and_destinations ... ok
2026-10-08T03:49:57.2479075Z test tag_sync_review::a_service_counts_its_rules ... ok
2026-10-08T03:49:57.2480156Z test tag_sync_review::the_status_follows_the_sync_switches ... ok
2026-10-08T03:49:57.2998160Z test tag_relationships::reference_rows_questions_conflicts_and_loops ... ok
2026-10-08T03:49:57.3000754Z test thumbnail_cache::byte_amount_unit_decomposition_matches_real_qt_controls ... ok
2026-10-08T03:49:57.3008131Z test thumbnail_cache::byte_lru_soft_overflow_timeout_touch_policy_and_clear_match_actual_reference ... ok
2026-10-08T03:49:57.3830244Z test tag_suggestions::most_used_options_merge_per_service_and_reach_filtered_add_only_media ... ok
2026-10-08T03:49:57.5138543Z test thumbnail_cache::independent_options_edits_merge_with_a_newer_saved_timeout ... ok
2026-10-08T03:49:57.5145454Z test thumbnail_maintenance::jobs_are_in_the_reference_s_order_with_its_words ... ok
2026-10-08T03:49:57.5146646Z test thumbnail_maintenance::questions_follow_the_selection_size ... ok
2026-10-08T03:49:57.5155886Z test thumbnail_navigation::exact_visibility_boundaries_and_rate_ties_negative_zero_and_errors_match_qt ... ok
2026-10-08T03:49:57.5163500Z test thumbnail_navigation::optional_last_hit_origin_preserves_actual_ranges_focus_and_repeated_navigation ... ok
2026-10-08T03:49:57.5234108Z test tag_suggestions::layout_and_default_choices_replay_all_recorded_available_pages_without_eager_writes ... ok
2026-10-08T03:49:57.5867408Z test thumbnail_cache::raw_timeout_is_preserved_until_its_minute_fields_are_edited ... ok
2026-10-08T03:49:57.6066440Z test thumbnail_preview_selection::all_qt_modifier_ranges_focus_anchor_ghost_and_keyboard_publications ... ok
2026-10-08T03:49:57.6177396Z test thumbnail_preview_selection::exact_singleton_zero_and_collection_aggregate_duration_eligibility ... ok
2026-10-08T03:49:57.6179104Z test thumbnail_ratings::a_counter_is_as_wide_as_the_reference_s ... ok
2026-10-08T03:49:57.6180509Z test thumbnail_ratings::a_fraction_is_written_as_the_reference_writes_it ... ok
2026-10-08T03:49:57.6626152Z test thumbnail_appearance::actual_defaults_cancel_raw_paths_reopen_and_current_field_merge ... ok
2026-10-08T03:49:57.8826221Z test thumbnail_ratings::numerical_ratings_shapes_are_placed_as_the_reference_s_are ... ok
2026-10-08T03:49:57.9064354Z test thumbnail_ratings::ratings_of_a_kind_share_a_row ... ok
2026-10-08T03:49:57.9105625Z test times_editor::a_file_modified_time_before_1980_stays_off_a_windows_disk ... ok
2026-10-08T03:49:57.9165331Z test times_editor::the_manage_times_dialog_works_as_the_references_does ... ok
2026-10-08T03:49:58.1832720Z test unselected_tag_cap::recorded_bounds_none_zero_cancel_and_saved_preferences ... ok
2026-10-08T03:49:58.1857297Z test urls_editor::the_manage_urls_dialog_works_as_the_references_does ... ok
2026-10-08T03:49:58.1872897Z test vacuum_review::a_row_says_size_free_space_and_readiness ... ok
2026-10-08T03:49:58.1881201Z test vacuum_review::estimates_read_as_the_reference_s ... ok
2026-10-08T03:49:58.1882426Z test viewer_closing::closing_actions_match_real_reference_notification_order ... ok
2026-10-08T03:49:58.1883900Z test viewer_cursor::actual_cursor_checks_match_reference_clock_focus_menu_and_motion ... ok
2026-10-08T03:49:58.2428692Z test thumbnail_navigation::staged_exact_controls_import_cancel_invalid_rate_save_and_reopen_match_qt ... ok
2026-10-08T03:49:58.2438185Z test viewer_drag::anchored_and_touch_overridden_drags_replay_actual_qt_threshold_and_warps ... ok
2026-10-08T03:49:58.2535588Z test viewer_prefetch::actual_atomic_finished_only_flush_preserves_all_entries_on_failure ... ok
2026-10-08T03:49:58.2601082Z test viewer_prefetch::actual_pending_loaded_recounts_equality_unknown_and_one_miss_passes ... ok
2026-10-08T03:49:58.2678994Z test viewer_prefetch::all_actual_circular_next_first_neighbour_orders_and_controls ... ok
2026-10-08T03:49:58.2886308Z test viewer_drag::anchor_options_remain_drafts_until_apply_and_survive_reopen ... ok
2026-10-08T03:49:58.2903905Z test viewer_shortcut_menu::custom_sets_flip_on_and_off_in_order ... ok
2026-10-08T03:49:58.3907070Z test viewer_prefetch::legacy_native_wins_and_normalized_passive_apply_preserves_concurrent_fields ... ok
2026-10-08T03:49:58.3913409Z test viewer_tag_wheel::parent_wheel_gates_replay_actual_qt_boundaries_and_directions ... ok
2026-10-08T03:49:58.4005104Z test viewer_tag_wheel::four_policy_choices_stage_cancel_save_and_reopen_with_reference_labels ... ok
2026-10-08T03:49:58.4761473Z test viewing_maintenance::cull_reads_current_rules_and_a_preview_validation_failure_preserves_media_rows ... ok
2026-10-08T03:49:58.4856757Z test viewing_statistics::completed_view_policy_matches_real_manager_caps_minima_durations_and_filter_switches ... ok
2026-10-08T03:49:58.5841937Z test thumbnail_ratings::the_ratings_over_thumbnails_are_the_references ... ok
2026-10-08T03:49:58.5875849Z test viewing_statistics::preview_timed_policy_matches_actual_manager_and_keeps_its_own_canvas_category ... ok
2026-10-08T03:49:58.5923756Z test thumbnail_preview_selection::actual_defaults_disabled_values_cancel_reopen_and_edited_field_merge ... ok
2026-10-08T03:49:58.6186111Z test viewing_maintenance::reference_clear_cull_questions_rules_errors_and_real_reopened_media_match ... ok
2026-10-08T03:49:58.6282249Z test viewing_statistics::preview_options_replay_actual_none_bounds_conversion_and_cancelled_parent ... ok
2026-10-08T03:49:58.6944805Z test viewing_statistics::viewing_menu_controls_match_qt_and_preserve_the_parent_draft ... ok
2026-10-08T03:49:58.6976678Z test window_rescue::actual_visibility_corner_order_fuzzy_tests_and_fallback_match_qt ... ok
2026-10-08T03:49:58.7434456Z test viewing_statistics::timing_controls_replay_qt_bounds_none_and_millisecond_conversion ... ok
2026-10-08T03:49:58.8011188Z test viewing_statistics::tracker_counts_once_on_change_or_close_reads_live_policy_and_preserves_latest_start ... ok
2026-10-08T03:49:58.8775475Z test viewtime_milliseconds::editor_and_imported_predicates_match_reference_millisecond_queries ... ok
2026-10-08T03:49:58.9909508Z test write_autocomplete::children_limit_option_matches_reference_and_persists_only_accepted_drafts ... ok
2026-10-08T03:49:59.0694305Z test write_autocomplete::clipboard_additions_keep_existing_text_and_result_selection ... ok
2026-10-08T03:49:59.1097017Z test write_autocomplete::detached_import_tag_lists_replay_reference_and_never_mutate_caller ... ok
2026-10-08T03:49:59.1396619Z test window_rescue::staged_bounds_import_cancel_persistence_and_reopen_match_actual_qt ... ok
2026-10-08T03:49:59.2456739Z test write_autocomplete::exact_rows_counts_domains_decorations_and_first_selection_match_reference ... ok
2026-10-08T03:49:59.3063600Z test write_autocomplete::favourite_and_count_ordered_children_tabs_replay_reference_caps_and_context ... ok
2026-10-08T03:49:59.3914084Z test write_autocomplete::paste_questions_skip_and_add_only_staging_follow_reference ... ok
2026-10-08T03:49:59.3955549Z test write_autocomplete::favourite_options_replay_add_only_choices_and_parent_transaction ... ok
2026-10-08T03:49:59.5231612Z test write_autocomplete::read_favourite_and_children_tabs_replay_real_qt_lists_and_context_changes ... ok
2026-10-08T03:49:59.5788727Z test write_autocomplete::recorded_logical_selection_ranges_parent_hits_and_batch_activation ... ok
2026-10-08T03:49:59.6282763Z test write_autocomplete::relationship_inputs_replay_real_add_only_paste_and_opposite_side_removal ... ok
2026-10-08T03:49:59.6373565Z test write_autocomplete::seeded_relationship_editors_replay_service_defaults_memory_and_cancel ... ok
2026-10-08T03:49:59.7054990Z test write_autocomplete::six_write_options_replay_recorded_defaults_and_stay_staged_until_apply ... ok
2026-10-08T03:49:59.8135289Z test write_autocomplete::tag_menu_copy_decorations_favourites_and_launch_replay_real_qt_actions ... ok
2026-10-08T03:49:59.8157027Z test write_autocomplete::write_domain_menus_and_interlocks_replay_reference_without_persisting_options ... ok
2026-10-08T03:49:59.8157502Z 
2026-10-08T03:49:59.8157792Z test result: ok. 527 passed; 0 failed; 0 ignored; 0 measured; 0 filtered out; finished in 20.21s
2026-10-08T03:49:59.8158184Z 
2026-10-08T03:49:59.8214637Z [1m[92m     Running[0m unittests src/lib.rs (target/debug/deps/hydrus_import-d090caef246773ad)
2026-10-08T03:49:59.8231986Z 
2026-10-08T03:49:59.8232180Z running 6 tests
2026-10-08T03:49:59.8238940Z test failure_identity_tests::missing_ffmpeg_data_keeps_its_reference_exception_identity ... ok
2026-10-08T03:49:59.8240577Z test paths::tests::conflicting_names_get_numbers ... ok
2026-10-08T03:49:59.8241621Z test paths::tests::nice_permission_bits_keep_to_the_umask ... ok
2026-10-08T03:49:59.8242741Z test status::tests::times_read_like_the_reference ... ok
2026-10-08T03:49:59.8246236Z test paths::tests::sidecars_are_told_apart_from_files ... ok
2026-10-08T03:49:59.8838643Z test formatting_tests::saved_figures_replay_all_reference_rejections_and_critical_drive_pause ... ok
2026-10-08T03:49:59.8839411Z 
2026-10-08T03:49:59.8839860Z test result: ok. 6 passed; 0 failed; 0 ignored; 0 measured; 0 filtered out; finished in 0.06s
2026-10-08T03:49:59.8840524Z 
2026-10-08T03:49:59.8845376Z [1m[92m     Running[0m tests/file_handling.rs (target/debug/deps/file_handling-7eb5c45ea94205cc)
2026-10-08T03:49:59.8867914Z 
2026-10-08T03:49:59.8868101Z running 1 test
2026-10-08T03:49:59.9560369Z test an_importer_applies_the_store_s_file_handling ... ok
2026-10-08T03:49:59.9560875Z 
2026-10-08T03:49:59.9561231Z test result: ok. 1 passed; 0 failed; 0 ignored; 0 measured; 0 filtered out; finished in 0.07s
2026-10-08T03:49:59.9561606Z 
2026-10-08T03:49:59.9571080Z [1m[92m     Running[0m tests/file_maintenance.rs (target/debug/deps/file_maintenance-fa0e8559b51601c5)
2026-10-08T03:49:59.9595739Z 
2026-10-08T03:49:59.9595930Z running 8 tests
2026-10-08T03:50:00.1835938Z test ordinary_contended_pass_defers_without_waiting_or_consuming_jobs ... ok
2026-10-08T03:50:00.2726359Z test cancellation_from_pre_job_hook_finishes_current_file_then_preserves_next ... ok
2026-10-08T03:50:00.2796421Z test controlled_runner_cancels_after_one_committed_file_without_consuming_the_next ... ok
2026-10-08T03:50:00.4718136Z test pre_job_hook_precedes_work_and_clear_runs_between_fetched_batches ... ok
2026-10-08T03:50:00.6957613Z test selected_immediate_work_skips_global_backlog_before_limit_and_commits_only_selection ... ok
2026-10-08T03:50:00.7277085Z test selected_runner_keeps_lease_budget_and_cancellation_boundaries ... ok
2026-10-08T03:50:00.7310974Z test damaged_files_are_dealt_with_as_the_reference_does ... ok
2026-10-08T03:50:01.4575845Z test queued_jobs_come_across_and_put_back_what_they_regenerate ... ok
2026-10-08T03:50:01.4576246Z 
2026-10-08T03:50:01.4576552Z test result: ok. 8 passed; 0 failed; 0 ignored; 0 measured; 0 filtered out; finished in 1.50s
2026-10-08T03:50:01.4576922Z 
2026-10-08T03:50:01.4605073Z [1m[92m     Running[0m tests/image_colour.rs (target/debug/deps/image_colour-3b8cb4b2bc6c4399)
2026-10-08T03:50:01.4628855Z 
2026-10-08T03:50:01.4629074Z running 1 test
2026-10-08T03:50:01.5772812Z test actual_import_pixels_and_generated_thumbnails_follow_saved_policy_without_recreating_importer ... ok
2026-10-08T03:50:01.5773600Z 
2026-10-08T03:50:01.5773880Z test result: ok. 1 passed; 0 failed; 0 ignored; 0 measured; 0 filtered out; finished in 0.11s
2026-10-08T03:50:01.5774250Z 
2026-10-08T03:50:01.5783152Z [1m[92m     Running[0m tests/import.rs (target/debug/deps/import-c37cbe5109d20abc)
2026-10-08T03:50:01.5806730Z 
2026-10-08T03:50:01.5806891Z running 9 tests
2026-10-08T03:50:01.6739932Z test decompression_bombs_are_vetoed_when_the_options_say_so ... ok
2026-10-08T03:50:01.6964245Z test a_failed_copy_into_storage_pauses_the_importers ... ok
2026-10-08T03:50:01.7112513Z test a_new_file_with_no_import_destination_is_vetoed ... ok
2026-10-08T03:50:01.7265875Z test a_missing_thumbnail_is_made_again_from_its_file ... ok
2026-10-08T03:50:01.7832735Z test imports_record_xmp_iptc_and_software_flags ... ok
2026-10-08T03:50:01.8137859Z test reimports_report_what_the_client_knows ... ok
2026-10-08T03:50:01.8698233Z test rules_veto_and_bad_files_error ... ok
2026-10-08T03:50:01.9291958Z test saved_precision_reaches_actual_import_rejection_without_importing_or_changing_rules ... ok
2026-10-08T03:50:02.1886204Z test imports_match_what_the_reference_records ... ok
2026-10-08T03:50:02.1886632Z 
2026-10-08T03:50:02.1886922Z test result: ok. 9 passed; 0 failed; 0 ignored; 0 measured; 0 filtered out; finished in 0.61s
2026-10-08T03:50:02.1887315Z 
2026-10-08T03:50:02.1911146Z [1m[92m     Running[0m tests/similar_files.rs (target/debug/deps/similar_files-3598e24401ada691)
2026-10-08T03:50:02.1934902Z 
2026-10-08T03:50:02.1935239Z running 1 test
2026-10-08T03:50:02.5986416Z test the_search_finds_what_the_reference_found ... ok
2026-10-08T03:50:02.5986826Z 
2026-10-08T03:50:02.5987112Z test result: ok. 1 passed; 0 failed; 0 ignored; 0 measured; 0 filtered out; finished in 0.41s
2026-10-08T03:50:02.5987492Z 
2026-10-08T03:50:02.5995491Z [1m[92m     Running[0m unittests src/lib.rs (target/debug/deps/hydrus_legacy-3094baf4d54f7dda)
2026-10-08T03:50:02.6010793Z 
2026-10-08T03:50:02.6010951Z running 34 tests
2026-10-08T03:50:02.6016494Z test db::tests::uri_escaping ... ok
2026-10-08T03:50:02.6055459Z test objects::client_api::tests::v1_permissions_upgrade ... ok
2026-10-08T03:50:02.6125501Z test objects::client_options::tests::the_default_downloader_comes_across ... ok
2026-10-08T03:50:02.6165723Z test objects::client_options::tests::the_new_client_defaults_decode ... ok
2026-10-08T03:50:02.6235673Z test objects::client_options::tests::the_recent_predicates_come_across ... ok
2026-10-08T03:50:02.6245800Z test objects::client_options::tests::the_slideshow_options_come_across ... ok
2026-10-08T03:50:02.6334289Z test objects::client_options::tests::the_tab_name_options_come_across ... ok
2026-10-08T03:50:02.6351668Z test objects::client_options::tests::the_thumbnail_rating_options_come_across ... ok
2026-10-08T03:50:02.6429428Z test objects::client_options::tests::custom_defaults_keep_supported_records_and_preserve_unknown_raw_options ... ok
2026-10-08T03:50:02.6437938Z test objects::legacy_options::tests::anchors_and_aliases ... ok
2026-10-08T03:50:02.6446203Z test objects::legacy_options::tests::defaults_fill_missing_keys ... ok
2026-10-08T03:50:02.6450063Z test objects::legacy_options::tests::pyyaml_scalars ... ok
2026-10-08T03:50:02.6451226Z test objects::legacy_options::tests::tags_and_null_keys ... ok
2026-10-08T03:50:02.6455927Z test objects::logins::tests::reads_which_domains_log_in ... ok
2026-10-08T03:50:02.6457106Z test objects::client_options::tests::the_volumes_and_mutes_come_across ... ok
2026-10-08T03:50:02.6458670Z test objects::services::tests::legacy_paused_flag ... ok
2026-10-08T03:50:02.6459906Z test objects::services::tests::missing_settings_take_reference_defaults ... ok
2026-10-08T03:50:02.6461466Z test objects::services::tests::star_conversions_match_reference_formulas ... ok
2026-10-08T03:50:02.6462905Z test objects::client_options::tests::whether_a_full_downloader_page_asks_before_closing_comes_across ... ok
2026-10-08T03:50:02.6464825Z test objects::sidecars::tests::old_routers_are_upgraded_as_the_reference_does ... ok
2026-10-08T03:50:02.6466067Z test objects::tag_display::tests::autocomplete_v1_upgrade ... ok
2026-10-08T03:50:02.6467019Z test objects::sort::tests::media_sort_upgrades ... ok
2026-10-08T03:50:02.6467931Z test objects::tag_display::tests::manager_versions ... ok
2026-10-08T03:50:02.6468990Z test objects::tag_filter::tests::exceptions_beat_blanket_rules ... ok
2026-10-08T03:50:02.6469983Z test objects::tag_filter::tests::namespace_rules ... ok
2026-10-08T03:50:02.6470953Z test objects::tag_filter::tests::later_rules_replace_earlier_ones ... ok
2026-10-08T03:50:02.6472108Z test paths::tests::portable_paths ... ok
2026-10-08T03:50:02.6472895Z test paths::tests::prefix_nesting ... ok
2026-10-08T03:50:02.6473726Z test serialisable::tests::container_upgrades ... ok
2026-10-08T03:50:02.6474844Z test serialisable::tests::dictionary_meta_encoding ... ok
2026-10-08T03:50:02.6475891Z test serialisable::tests::irregular_containers_are_kept_verbatim ... ok
2026-10-08T03:50:02.6476976Z test serialisable::tests::named_objects_and_bytes_dicts ... ok
2026-10-08T03:50:02.6477995Z test serialisable::types::tests::table_is_sorted_and_unique ... ok
2026-10-08T03:50:02.6723008Z test db::tests::the_connection_refuses_every_write ... ok
2026-10-08T03:50:02.6723307Z 
2026-10-08T03:50:02.6723585Z test result: ok. 34 passed; 0 failed; 0 ignored; 0 measured; 0 filtered out; finished in 0.07s
2026-10-08T03:50:02.6723972Z 
2026-10-08T03:50:02.6728500Z [1m[92m     Running[0m tests/access.rs (target/debug/deps/access-8dbfbdc473eae410)
2026-10-08T03:50:02.6742678Z 
2026-10-08T03:50:02.6742915Z running 8 tests
2026-10-08T03:50:02.7796897Z test per_service_readers_check_the_service ... ok
2026-10-08T03:50:02.7797686Z test read_only_directory_falls_back_to_immutable ... ok
2026-10-08T03:50:02.7828357Z test pagination_does_not_change_results ... ok
2026-10-08T03:50:02.7888647Z test immutable_mode_creates_nothing ... ok
2026-10-08T03:50:02.8645004Z test rejects_directories_that_are_not_databases ... ok
2026-10-08T03:50:02.8790999Z test reading_never_modifies_the_database_files ... ok
2026-10-08T03:50:02.8828849Z test reads_alongside_a_running_writer ... ok
2026-10-08T03:50:02.9563799Z test rejects_other_versions_with_advice ... ok
2026-10-08T03:50:02.9564240Z 
2026-10-08T03:50:02.9564901Z test result: ok. 8 passed; 0 failed; 0 ignored; 0 measured; 0 filtered out; finished in 0.28s
2026-10-08T03:50:02.9565543Z 
2026-10-08T03:50:02.9572616Z [1m[92m     Running[0m tests/auto_resolution.rs (target/debug/deps/auto_resolution-7b722590bb8b71d5)
2026-10-08T03:50:02.9588950Z 
2026-10-08T03:50:02.9589195Z running 1 test
2026-10-08T03:50:02.9780297Z test stored_rules_decode_to_what_the_reference_holds ... ok
2026-10-08T03:50:02.9780823Z 
2026-10-08T03:50:02.9781289Z test result: ok. 1 passed; 0 failed; 0 ignored; 0 measured; 0 filtered out; finished in 0.02s
2026-10-08T03:50:02.9781946Z 
2026-10-08T03:50:02.9785686Z [1m[92m     Running[0m tests/bandwidth.rs (target/debug/deps/bandwidth-13b58b6b9408de48)
2026-10-08T03:50:02.9794286Z 
2026-10-08T03:50:02.9794720Z running 2 tests
2026-10-08T03:50:02.9797858Z test version_1_contexts_kept_domains_and_subscriptions_as_hex ... ok
2026-10-08T03:50:03.0676412Z test bandwidth_rules_and_usage_read_as_the_reference_reads_them ... ok
2026-10-08T03:50:03.0677118Z 
2026-10-08T03:50:03.0677685Z test result: ok. 2 passed; 0 failed; 0 ignored; 0 measured; 0 filtered out; finished in 0.09s
2026-10-08T03:50:03.0678464Z 
2026-10-08T03:50:03.0701072Z [1m[92m     Running[0m tests/formulas.rs (target/debug/deps/formulas-6d44362f3445da09)
2026-10-08T03:50:03.0716681Z 
2026-10-08T03:50:03.0716870Z running 1 test
2026-10-08T03:50:03.5333451Z test formulas_parse_like_the_reference ... ok
2026-10-08T03:50:03.5333913Z 
2026-10-08T03:50:03.5334233Z test result: ok. 1 passed; 0 failed; 0 ignored; 0 measured; 0 filtered out; finished in 0.46s
2026-10-08T03:50:03.5334888Z 
2026-10-08T03:50:03.5357878Z [1m[92m     Running[0m tests/gugs.rs (target/debug/deps/gugs-0aaf82d014fdd778)
2026-10-08T03:50:03.5369562Z 
2026-10-08T03:50:03.5369721Z running 2 tests
2026-10-08T03:50:03.5763291Z test gugs_make_urls_like_the_reference ... ok
2026-10-08T03:50:03.5885988Z test domain_managers_convert_and_nested_gugs_find_theirs ... ok
2026-10-08T03:50:03.5887308Z 
2026-10-08T03:50:03.5887746Z test result: ok. 2 passed; 0 failed; 0 ignored; 0 measured; 0 filtered out; finished in 0.05s
2026-10-08T03:50:03.5888122Z 
2026-10-08T03:50:03.5891077Z [1m[92m     Running[0m tests/gui_sessions.rs (target/debug/deps/gui_sessions-975eb3a820520409)
2026-10-08T03:50:03.5902779Z 
2026-10-08T03:50:03.5903079Z running 3 tests
2026-10-08T03:50:03.6398046Z test sessions_read_as_the_reference_reads_them ... ok
2026-10-08T03:50:03.7993694Z test pages_read_as_the_reference_reads_them ... ok
2026-10-08T03:50:03.8190792Z test downloaders_read_as_the_reference_reads_them ... ok
2026-10-08T03:50:03.8191367Z 
2026-10-08T03:50:03.8191907Z test result: ok. 3 passed; 0 failed; 0 ignored; 0 measured; 0 filtered out; finished in 0.23s
2026-10-08T03:50:03.8192725Z 
2026-10-08T03:50:03.8198363Z [1m[92m     Running[0m tests/import_options.rs (target/debug/deps/import_options-823e9a18be0817ef)
2026-10-08T03:50:03.8209906Z 
2026-10-08T03:50:03.8210061Z running 2 tests
2026-10-08T03:50:03.9419913Z test the_default_manager_is_ours ... ok
2026-10-08T03:50:04.1927036Z test managers_layer_like_the_reference ... ok
2026-10-08T03:50:04.1927335Z 
2026-10-08T03:50:04.1927612Z test result: ok. 2 passed; 0 failed; 0 ignored; 0 measured; 0 filtered out; finished in 0.37s
2026-10-08T03:50:04.1928009Z 
2026-10-08T03:50:04.1931389Z [1m[92m     Running[0m tests/objects.rs (target/debug/deps/objects-b86663f18a77dfb8)
2026-10-08T03:50:04.1947604Z 
2026-10-08T03:50:04.1947789Z running 12 tests
2026-10-08T03:50:04.2936380Z test client_api_permissions_match_the_reference ... ok
2026-10-08T03:50:04.3035353Z test file_paths_match_the_reference ... ok
2026-10-08T03:50:04.3079722Z test client_options_match_what_the_api_reports ... ok
2026-10-08T03:50:04.3087217Z test json_formatting_matches_python ... ok
2026-10-08T03:50:04.3195284Z test every_stored_object_round_trips_byte_for_byte ... ok
2026-10-08T03:50:04.3225225Z test missing_service_settings_take_reference_defaults ... ok
2026-10-08T03:50:04.3255109Z test pickled_cookie_jars_read_like_python ... ok
2026-10-08T03:50:04.3272633Z test serialisable_type_table_matches_the_reference ... ok
2026-10-08T03:50:04.4005536Z test legacy_options_match_what_the_api_reports ... ok
2026-10-08T03:50:04.4025303Z test upgrades_match_the_reference ... ok
2026-10-08T03:50:04.4091373Z test services_match_the_reference ... ok
2026-10-08T03:50:04.4105945Z test tag_display_and_favourite_searches_match_the_reference ... ok
2026-10-08T03:50:04.4106498Z 
2026-10-08T03:50:04.4106920Z test result: ok. 12 passed; 0 failed; 0 ignored; 0 measured; 0 filtered out; finished in 0.22s
2026-10-08T03:50:04.4107506Z 
2026-10-08T03:50:04.4115075Z [1m[92m     Running[0m tests/page_parsers.rs (target/debug/deps/page_parsers-24972a684f8db59c)
2026-10-08T03:50:04.4131081Z 
2026-10-08T03:50:04.4131231Z running 1 test
2026-10-08T03:50:05.2058566Z test page_parsers_parse_like_the_reference ... ok
2026-10-08T03:50:05.2059123Z 
2026-10-08T03:50:05.2059664Z test result: ok. 1 passed; 0 failed; 0 ignored; 0 measured; 0 filtered out; finished in 0.79s
2026-10-08T03:50:05.2060417Z 
2026-10-08T03:50:05.2094104Z [1m[92m     Running[0m tests/sidecars.rs (target/debug/deps/sidecars-5313fe583a99ada0)
2026-10-08T03:50:05.2110391Z 
2026-10-08T03:50:05.2110616Z running 1 test
2026-10-08T03:50:05.4379670Z test routers_work_like_the_reference ... ok
2026-10-08T03:50:05.4379949Z 
2026-10-08T03:50:05.4380252Z test result: ok. 1 passed; 0 failed; 0 ignored; 0 measured; 0 filtered out; finished in 0.23s
2026-10-08T03:50:05.4380621Z 
2026-10-08T03:50:05.4391479Z [1m[92m     Running[0m tests/simple_formulae.rs (target/debug/deps/simple_formulae-8fe6d9976863d4a6)
2026-10-08T03:50:05.4407656Z 
2026-10-08T03:50:05.4408085Z running 1 test
2026-10-08T03:50:05.4423159Z test simple_formulae_find_what_the_references_find ... ok
2026-10-08T03:50:05.4423547Z 
2026-10-08T03:50:05.4423814Z test result: ok. 1 passed; 0 failed; 0 ignored; 0 measured; 0 filtered out; finished in 0.00s
2026-10-08T03:50:05.4424175Z 
2026-10-08T03:50:05.4426964Z [1m[92m     Running[0m tests/string_descriptions.rs (target/debug/deps/string_descriptions-2b362e35aedc630e)
2026-10-08T03:50:05.4436810Z 
2026-10-08T03:50:05.4436962Z running 1 test
2026-10-08T03:50:05.4625845Z test processors_and_their_steps_describe_themselves_as_the_reference_does ... ok
2026-10-08T03:50:05.4626511Z 
2026-10-08T03:50:05.4627061Z test result: ok. 1 passed; 0 failed; 0 ignored; 0 measured; 0 filtered out; finished in 0.02s
2026-10-08T03:50:05.4627606Z 
2026-10-08T03:50:05.4628471Z [1m[92m     Running[0m tests/string_processing.rs (target/debug/deps/string_processing-7f68fa1fe2c0c89a)
2026-10-08T03:50:05.4641826Z 
2026-10-08T03:50:05.4642005Z running 1 test
2026-10-08T03:50:05.5582791Z test processors_process_like_the_reference ... ok
2026-10-08T03:50:05.5583368Z 
2026-10-08T03:50:05.5583891Z test result: ok. 1 passed; 0 failed; 0 ignored; 0 measured; 0 filtered out; finished in 0.09s
2026-10-08T03:50:05.5584710Z 
2026-10-08T03:50:05.5589594Z [1m[92m     Running[0m tests/subscriptions.rs (target/debug/deps/subscriptions-eecf7b77363a3730)
2026-10-08T03:50:05.5599767Z 
2026-10-08T03:50:05.5599964Z running 5 tests
2026-10-08T03:50:05.6285574Z test histories_compact_as_the_reference_compacts_them ... ok
2026-10-08T03:50:05.6305298Z test query_logs_hold_their_seeds_in_order ... ok
2026-10-08T03:50:05.6429304Z test seeds_of_every_version_read_as_the_reference_reads_them ... ok
2026-10-08T03:50:05.7037511Z test subscriptions_read_as_the_reference_reads_them ... ok
2026-10-08T03:50:05.7502726Z test checks_are_timed_as_the_reference_times_them ... ok
2026-10-08T03:50:05.7503143Z 
2026-10-08T03:50:05.7503538Z test result: ok. 5 passed; 0 failed; 0 ignored; 0 measured; 0 filtered out; finished in 0.19s
2026-10-08T03:50:05.7504119Z 
2026-10-08T03:50:05.7528100Z [1m[92m     Running[0m tests/tables.rs (target/debug/deps/tables-d235914d50c28085)
2026-10-08T03:50:05.7542108Z 
2026-10-08T03:50:05.7542410Z running 3 tests
2026-10-08T03:50:05.8516496Z test every_primary_table_matches_the_reference ... ok
2026-10-08T03:50:05.8533835Z test every_table_is_classified ... ok
2026-10-08T03:50:05.8535804Z test tag_text_matches_definitions ... ok
2026-10-08T03:50:05.8536183Z 
2026-10-08T03:50:05.8536633Z test result: ok. 3 passed; 0 failed; 0 ignored; 0 measured; 0 filtered out; finished in 0.10s
2026-10-08T03:50:05.8537258Z 
2026-10-08T03:50:05.8544862Z [1m[92m     Running[0m tests/tag_summaries.rs (target/debug/deps/tag_summaries-f6e6b3107c951fc5)
2026-10-08T03:50:05.8560547Z 
2026-10-08T03:50:05.8560736Z running 1 test
2026-10-08T03:50:05.8601561Z test generators_read_and_summarise_as_the_reference_s ... ok
2026-10-08T03:50:05.8603854Z 
2026-10-08T03:50:05.8604384Z test result: ok. 1 passed; 0 failed; 0 ignored; 0 measured; 0 filtered out; finished in 0.00s
2026-10-08T03:50:05.8605210Z 
2026-10-08T03:50:05.8605643Z [1m[92m     Running[0m tests/url_classes.rs (target/debug/deps/url_classes-2e42857e5ccd2d16)
2026-10-08T03:50:05.8618016Z 
2026-10-08T03:50:05.8618171Z running 1 test
2026-10-08T03:50:05.9632810Z test url_classes_page_and_refer_like_the_reference ... ok
2026-10-08T03:50:05.9633305Z 
2026-10-08T03:50:05.9633581Z test result: ok. 1 passed; 0 failed; 0 ignored; 0 measured; 0 filtered out; finished in 0.10s
2026-10-08T03:50:05.9633948Z 
2026-10-08T03:50:05.9639459Z [1m[92m     Running[0m tests/viewer_zoom.rs (target/debug/deps/viewer_zoom-8e001f565af33c3e)
2026-10-08T03:50:05.9652017Z 
2026-10-08T03:50:05.9652351Z running 2 tests
2026-10-08T03:50:05.9655359Z test zoom_steps_go_through_the_regular_zooms_and_canvas_fit ... ok
2026-10-08T03:50:05.9893060Z test zooms_are_the_references ... ok
2026-10-08T03:50:05.9893457Z 
2026-10-08T03:50:05.9893870Z test result: ok. 2 passed; 0 failed; 0 ignored; 0 measured; 0 filtered out; finished in 0.02s
2026-10-08T03:50:05.9894986Z 
2026-10-08T03:50:05.9896320Z [1m[92m     Running[0m unittests src/lib.rs (target/debug/deps/hydrus_media-bd3fce438491f1bd)
2026-10-08T03:50:05.9910913Z 
2026-10-08T03:50:05.9911104Z running 67 tests
2026-10-08T03:50:05.9945370Z test animation::tests::frames_are_found_by_time ... ok
2026-10-08T03:50:05.9955370Z test animation::tests::ugoiras_play_with_their_timings_and_loop ... ok
2026-10-08T03:50:05.9985166Z test blurhash::tests::base83_encoding ... ok
2026-10-08T03:50:05.9987773Z test blurhash::tests::flat_colours_match_reference ... ok
2026-10-08T03:50:05.9989105Z test animation::tests::stored_loop_counts_match_real_qt_animation_metadata ... ok
2026-10-08T03:50:06.0022964Z test detect::tests::header_rules ... ok
2026-10-08T03:50:06.0035272Z test encode::tests::animations_keep_their_frames_and_merge_repeats ... ok
2026-10-08T03:50:06.0036365Z test encode::tests::jpeg_drops_alpha ... ok
2026-10-08T03:50:06.0037185Z test encode::tests::png_round_trips_exactly ... ok
2026-10-08T03:50:06.0038065Z test encode::tests::webp_is_lossless ... ok
2026-10-08T03:50:06.0039096Z test blurhash::tests::recovery_pixels_and_invalid_inputs_match_actual_reference_decoder ... ok
2026-10-08T03:50:06.0040214Z test animation::tests::frames_are_seeked_to ... ok
2026-10-08T03:50:06.0041051Z test ffmpeg::parse::tests::frame_counts_and_mappings ... ok
2026-10-08T03:50:06.0041959Z test animation::tests::animated_webp_plays_and_loops ... ok
2026-10-08T03:50:06.0042910Z test ffmpeg::parse::tests::stupid_fps_values_are_dropped ... ok
2026-10-08T03:50:06.0043882Z test formats::apng::tests::detects_actl_near_the_top_only ... ok
2026-10-08T03:50:06.0048130Z test ffmpeg::parse::tests::parses_a_typical_mp4 ... ok
2026-10-08T03:50:06.0049035Z test formats::apng::tests::durations ... ok
2026-10-08T03:50:06.0049938Z test formats::archive::tests::ugoira_json_validation ... ok
2026-10-08T03:50:06.0051110Z test formats::archive::tests::dirname_matches_posixpath ... ok
2026-10-08T03:50:06.0051964Z test formats::gif::tests::grey_ramp_palette_is_not_needed ... ok
2026-10-08T03:50:06.0052684Z test formats::ole::tests::property_parsing ... ok
2026-10-08T03:50:06.0055760Z test formats::pdf::tests::text_strings_decode ... ok
2026-10-08T03:50:06.0056575Z test formats::pdf::tests::words_are_counted_like_the_reference ... ok
2026-10-08T03:50:06.0057270Z test formats::pdn::tests::base64 ... ok
2026-10-08T03:50:06.0059493Z test formats::svg::tests::sizes ... ok
2026-10-08T03:50:06.0060214Z test formats::update::tests::lz4_fallback ... ok
2026-10-08T03:50:06.0063756Z test formats::isobmff::tests::finds_the_alpha_plane_of_heif_and_avif_images ... ok
2026-10-08T03:50:06.0065140Z test formats::update::tests::recognises_updates ... ok
2026-10-08T03:50:06.0066116Z test formats::webp::tests::chunk_walk_handles_padding_and_truncation ... ok
2026-10-08T03:50:06.0075782Z test formats::webp::tests::opaque_reader_preserves_payload_duration_disposal_and_file_bytes_across_seeks ... ok
2026-10-08T03:50:06.0077052Z test hashes::tests::known_vectors ... ok
2026-10-08T03:50:06.0110614Z test hashes::tests::streaming_matches_one_shot ... ok
2026-10-08T03:50:06.0111744Z test imaging::cv::tests::flat_images_stay_flat ... ok
2026-10-08T03:50:06.0112598Z test imaging::cv::tests::grey_weights ... ok
2026-10-08T03:50:06.0113902Z test imaging::cv::tests::identity_and_shapes ... ok
2026-10-08T03:50:06.0114958Z test imaging::cvx::tests::kernels_sum_to_one ... ok
2026-10-08T03:50:06.0116759Z test imaging::cvx::tests::reflect_101 ... ok
2026-10-08T03:50:06.0117472Z test imaging::decode::tests::png_bit_unpacking ... ok
2026-10-08T03:50:06.0118120Z test imaging::decode::tests::sniffing ... ok
2026-10-08T03:50:06.0118981Z test imaging::exif::tests::garbage_is_empty ... ok
2026-10-08T03:50:06.0120233Z test imaging::exif::tests::reads_orientation_both_endians ... ok
2026-10-08T03:50:06.0123782Z test imaging::exif::tests::xmp_orientation_fallback ... ok
2026-10-08T03:50:06.0125388Z test imaging::icc::tests::generated_profile_is_loadable ... ok
2026-10-08T03:50:06.0163161Z test imaging::icc::tests::srgb_to_srgb_is_near_identity ... ok
2026-10-08T03:50:06.0185318Z test imaging::icc::tests::untransformable_modes_are_left_alone ... ok
2026-10-08T03:50:06.0187100Z test imaging::metadata::tests::iptc_blocks ... ok
2026-10-08T03:50:06.0187836Z test imaging::metadata::tests::software_comments ... ok
2026-10-08T03:50:06.0188589Z test imaging::metadata::tests::xmp_packets ... ok
2026-10-08T03:50:06.0189329Z test imaging::pil::tests::cmyk_conversion_matches_pillow_formula ... ok
2026-10-08T03:50:06.0189890Z test imaging::pil::tests::transposes_match_pil ... ok
2026-10-08T03:50:06.0190952Z test imaging::resample::tests::coefficients_sum_to_one_in_fixed_point ... ok
2026-10-08T03:50:06.0191812Z test imaging::resample::tests::flat_images_stay_flat ... ok
2026-10-08T03:50:06.0192626Z test imaging::tests::useful_alpha_needs_enough_interesting_pixels ... ok
2026-10-08T03:50:06.0193449Z test mimes::tests::groups_match_reference_implementation ... ok
2026-10-08T03:50:06.0194117Z test mimes::tests::image_extensions ... ok
2026-10-08T03:50:06.0195024Z test phash::tests::flat_image_is_blank ... ok
2026-10-08T03:50:06.0205799Z test text::tests::human_sort_orders_numbers_by_value ... ok
2026-10-08T03:50:06.0206817Z test text::tests::json_detection ... ok
2026-10-08T03:50:06.0207619Z test text::tests::splitlines_matches_python ... ok
2026-10-08T03:50:06.0295040Z test thumbnail::tests::default_thumbnails_have_the_target_size ... ok
2026-10-08T03:50:06.0295918Z test thumbnail::tests::resolution_examples ... ok
2026-10-08T03:50:06.0297065Z test tools::tests::software_comments ... ok
2026-10-08T03:50:06.0297675Z test tools::tests::video_frame_index ... ok
2026-10-08T03:50:06.0842380Z test ffmpeg::deadline_tests::version_deadline_is_captured_once_and_explicit_fixed_configuration_wins ... ok
2026-10-08T03:50:06.0894962Z test formats::webp::tests::alpha_bearing_and_incomplete_or_contradictory_containers_are_not_rewritten ... ok
2026-10-08T03:50:07.0025881Z test ffmpeg::deadline_tests::actual_metadata_timeout_kills_and_reaps_the_admitted_child ... ok
2026-10-08T03:50:07.0031900Z 
2026-10-08T03:50:07.0032417Z test result: ok. 67 passed; 0 failed; 0 ignored; 0 measured; 0 filtered out; finished in 1.01s
2026-10-08T03:50:07.0033082Z 
2026-10-08T03:50:07.0033789Z [1m[92m     Running[0m tests/embedded_metadata.rs (target/debug/deps/embedded_metadata-d24c5ee0af276b87)
2026-10-08T03:50:07.0047814Z 
2026-10-08T03:50:07.0048000Z running 3 tests
2026-10-08T03:50:07.0051941Z test the_window_reads_only_the_reference_s_supported_types ... ok
2026-10-08T03:50:07.0063377Z test pdf_document_fields_match_the_reference ... ok
2026-10-08T03:50:07.0785976Z test the_window_shows_what_the_reference_shows ... ok
2026-10-08T03:50:07.0786425Z 
2026-10-08T03:50:07.0786877Z test result: ok. 3 passed; 0 failed; 0 ignored; 0 measured; 0 filtered out; finished in 0.07s
2026-10-08T03:50:07.0787534Z 
2026-10-08T03:50:07.0791731Z [1m[92m     Running[0m tests/file_handling.rs (target/debug/deps/file_handling-36d98b51feac7ea0)
2026-10-08T03:50:07.0809882Z 
2026-10-08T03:50:07.0810080Z running 1 test
2026-10-08T03:50:07.9867755Z test file_handling_options_match_the_reference ... ok
2026-10-08T03:50:07.9868234Z 
2026-10-08T03:50:07.9868516Z test result: ok. 1 passed; 0 failed; 0 ignored; 0 measured; 0 filtered out; finished in 0.91s
2026-10-08T03:50:07.9868883Z 
2026-10-08T03:50:07.9872990Z [1m[92m     Running[0m tests/image_colour.rs (target/debug/deps/image_colour-c47c41cb418f0502)
2026-10-08T03:50:07.9892666Z 
2026-10-08T03:50:07.9892939Z running 3 tests
2026-10-08T03:50:07.9935063Z test alpha_bearing_animation_retains_existing_blend_disposal_pixels_and_durations ... ok
2026-10-08T03:50:08.0012940Z test native_owned_animation_policy_changes_future_frames_without_resetting_position ... ok
2026-10-08T03:50:08.2062926Z test embedded_policy_preserves_gamma_fallback_and_real_png_jpeg_webp_pixels ... ok
2026-10-08T03:50:08.2063762Z 
2026-10-08T03:50:08.2064324Z test result: ok. 3 passed; 0 failed; 0 ignored; 0 measured; 0 filtered out; finished in 0.22s
2026-10-08T03:50:08.2065755Z 
2026-10-08T03:50:08.2072263Z [1m[92m     Running[0m tests/metadata_flags.rs (target/debug/deps/metadata_flags-8d5dd8dbc41d1ac4)
2026-10-08T03:50:08.2089077Z 
2026-10-08T03:50:08.2089277Z running 1 test
2026-10-08T03:50:12.9036041Z test flags_match_the_reference ... ok
2026-10-08T03:50:12.9036422Z 
2026-10-08T03:50:12.9036708Z test result: ok. 1 passed; 0 failed; 0 ignored; 0 measured; 0 filtered out; finished in 4.69s
2026-10-08T03:50:12.9037085Z 
2026-10-08T03:50:12.9043812Z [1m[92m     Running[0m tests/reference_parity.rs (target/debug/deps/reference_parity-f134eba7808c4061)
2026-10-08T03:50:12.9063478Z 
2026-10-08T03:50:12.9063723Z running 3 tests
2026-10-08T03:50:12.9132308Z test thumbnail_resolutions_match_reference ... ok
2026-10-08T03:50:13.2235623Z test opencv_ports_are_bit_exact ... ok
2026-10-08T03:50:17.1774222Z test corpus_matches_reference ... ok
2026-10-08T03:50:17.1774867Z 
2026-10-08T03:50:17.1775350Z test result: ok. 3 passed; 0 failed; 0 ignored; 0 measured; 0 filtered out; finished in 4.27s
2026-10-08T03:50:17.1776040Z 
2026-10-08T03:50:17.1801197Z [1m[92m     Running[0m tests/visual_data.rs (target/debug/deps/visual_data-30bd27312fe64de6)
2026-10-08T03:50:17.1816270Z 
2026-10-08T03:50:17.1816649Z running 6 tests
2026-10-08T03:50:17.2215451Z test gaussian_blur_of_8_bit_images_is_exact ... ok
2026-10-08T03:50:17.2304946Z test jpeg_quality_matches ... ok
2026-10-08T03:50:17.2332882Z test float_blur_and_resize_are_exact ... ok
2026-10-08T03:50:17.4835588Z test rgb_to_lab_is_exact_for_every_colour ... ok
2026-10-08T03:50:17.5399338Z test area_resizes_of_8_bit_images_are_exact ... ok
2026-10-08T03:51:01.1971894Z test image_summaries_and_verdicts_match ... ok
2026-10-08T03:51:01.1972299Z 
2026-10-08T03:51:01.1972708Z test result: ok. 6 passed; 0 failed; 0 ignored; 0 measured; 0 filtered out; finished in 44.02s
2026-10-08T03:51:01.1973268Z 
2026-10-08T03:51:01.1999538Z [1m[92m     Running[0m unittests src/lib.rs (target/debug/deps/hydrus_net-31aa30c7a8a47120)
2026-10-08T03:51:01.2018590Z 
2026-10-08T03:51:01.2018855Z running 14 tests
2026-10-08T03:51:01.2026790Z test cookies::tests::sends_matching_cookies_longest_path_first ... ok
2026-10-08T03:51:01.2027781Z test cookies::tests::reads_set_cookie_like_cookiejar ... ok
2026-10-08T03:51:01.2028998Z test engine::reload_tests::automatic_control_override_has_strict_five_second_boundary_and_sticks ... ok
2026-10-08T03:51:01.2247021Z test engine::reload_tests::connection_retry_skip_is_consumed_once_and_unrelated_wakes_do_not_skip ... ok
2026-10-08T03:51:01.2248300Z test engine::reload_tests::independent_auto_override_owners_do_not_disable_each_other ... ok
2026-10-08T03:51:01.2249748Z test engine::reload_tests::job_speed_samples_the_current_second_and_expires_at_rollover ... ok
2026-10-08T03:51:01.3113080Z test engine::reload_tests::changed_options_are_picked_up ... ok
2026-10-08T03:51:01.3129071Z test engine::reload_tests::options_unchanged_keep_their_slots ... ok
2026-10-08T03:51:01.3271485Z test engine::reload_tests::formatting_refresh_keeps_a_bandwidth_wait_and_its_usage_and_cancel_reason ... ok
2026-10-08T03:51:01.3310383Z test engine::reload_tests::formatting_refresh_wakes_a_pending_gallery_label_and_preserves_its_token_and_job ... ok
2026-10-08T03:51:01.3311646Z test text::tests::decodes_by_header_then_utf8_then_meta_then_guess ... ok
2026-10-08T03:51:01.3855302Z test engine::reload_tests::sleep_detection_obeys_threshold_delay_and_disabled_pending_wait ... ok
2026-10-08T03:51:01.3925435Z test engine::reload_tests::runtime_domain_scrub_wakes_a_registered_domain_gate_and_preserves_unrelated_errors ... ok
2026-10-08T03:51:01.4280112Z test engine::reload_tests::saved_formatting_replays_actual_backend_waits_and_reopens_without_changing_rules ... ok
2026-10-08T03:51:01.4280636Z 
2026-10-08T03:51:01.4280916Z test result: ok. 14 passed; 0 failed; 0 ignored; 0 measured; 0 filtered out; finished in 0.23s
2026-10-08T03:51:01.4281281Z 
2026-10-08T03:51:01.4295090Z [1m[92m     Running[0m tests/engine.rs (target/debug/deps/engine-4c413740794f1a1e)
2026-10-08T03:51:01.4316428Z 
2026-10-08T03:51:01.4316632Z running 25 tests
2026-10-08T03:51:01.7600145Z test a_job_ends_as_the_references_do_and_has_a_speed ... ok
2026-10-08T03:51:02.5611956Z test a_domain_with_several_serious_errors_waits ... ok
2026-10-08T03:51:02.6993911Z test cancels ... ok
2026-10-08T03:51:02.7825434Z test deleting_history_discards_stale_flushes_resets_live_limits_and_wakes_waiters ... ok
2026-10-08T03:51:02.9248714Z test disabling_sleep_detection_reloads_and_releases_pending_requests ... ok
2026-10-08T03:51:02.9650272Z test gives_up_on_redirect_loops_and_dead_servers ... ok
2026-10-08T03:51:03.8114369Z test boot_pause_blocks_real_requests_and_resume_does_not_reset_the_preference ... ok
2026-10-08T03:51:03.8480217Z test keeps_cookies_through_redirects ... ok
2026-10-08T03:51:05.0441058Z test independent_engines_add_new_usage_without_replacing_each_other_or_double_counting ... ok
2026-10-08T03:51:05.0865862Z test requests_go_through_the_clients_proxy ... ok
2026-10-08T03:51:05.8875836Z test nothing_goes_out_while_all_new_network_traffic_is_paused ... ok
2026-10-08T03:51:05.9245304Z test resumes_files_with_ranged_requests ... ok
2026-10-08T03:51:05.9770667Z test runtime_cog_connection_override_releases_only_the_current_retry ... ok
2026-10-08T03:51:06.0495557Z test runtime_cog_gallery_override_does_not_release_other_gallery_waiters ... ok
2026-10-08T03:51:06.1036171Z test runtime_cog_server_retry_domain_scrub_and_retained_error ... ok
2026-10-08T03:51:06.1237871Z test requests_wait_a_little_after_the_computer_wakes ... ok
2026-10-08T03:51:06.1640705Z test runtime_live_transfer_progress_and_usage_precede_the_durable_save ... ok
2026-10-08T03:51:06.2104151Z test runtime_override_releases_a_live_bandwidth_wait_and_counts_usage ... ok
2026-10-08T03:51:06.2581623Z test saved_byte_precision_reaches_both_real_overlength_errors_after_reload ... ok
2026-10-08T03:51:06.2661887Z test runtime_registry_cancellation_ipc_and_dropped_fetch ... ok
2026-10-08T03:51:06.3016258Z test sends_the_clients_headers ... ok
2026-10-08T03:51:06.3189620Z test statuses_become_errors_or_retries ... ok
2026-10-08T03:51:06.3445958Z test url_class_overrides_and_no_range_for_posts ... ok
2026-10-08T03:51:06.5564729Z test a_header_awaiting_approval_holds_its_requests ... ok
2026-10-08T03:51:08.0845729Z test bandwidth_rules_space_out_requests_and_count_their_data ... ok
2026-10-08T03:51:08.0846098Z 
2026-10-08T03:51:08.0846378Z test result: ok. 25 passed; 0 failed; 0 ignored; 0 measured; 0 filtered out; finished in 6.65s
2026-10-08T03:51:08.0846776Z 
2026-10-08T03:51:08.0862992Z [1m[92m     Running[0m tests/login.rs (target/debug/deps/login-9fe43b6f2745fbae)
2026-10-08T03:51:08.0884135Z 
2026-10-08T03:51:08.0884290Z running 14 tests
2026-10-08T03:51:08.2146562Z test cancellation_stops_an_active_request_and_keeps_partial_results ... ok
2026-10-08T03:51:08.2231190Z test abandoned_unpolled_login_worker_releases_metadata_and_the_shared_admission_gate ... ok
2026-10-08T03:51:08.2763215Z test confirmed_login_reset_reaches_an_existing_http_engine_and_keeps_other_sessions ... ok
2026-10-08T03:51:08.3122447Z test completed_step_is_delivered_before_later_http_and_survives_wait_cancellation ... ok
2026-10-08T03:51:08.3151183Z test final_outcomes_guard_script_identity_and_preserve_domain_preferences ... ok
2026-10-08T03:51:08.5988766Z test demand_eligibility_replays_actual_reference_domains_cookies_errors_and_key_fallback ... ok
2026-10-08T03:51:08.7056345Z test global_process_cancel_uses_its_owner_id_and_persists_reference_delay_without_a_second_step ... ok
2026-10-08T03:51:08.7467412Z test invalid_demand_waits_for_ordinary_jobs_and_cancels_subscription_with_recorded_note ... ok
2026-10-08T03:51:08.9911548Z test real_http_steps_replay_reference_tokens_cookie_checks_veto_401_and_cancel ... ok
2026-10-08T03:51:08.9912778Z test request_plan_replaces_www_and_orders_static_credentials_then_temporary_values ... ok
2026-10-08T03:51:09.0269156Z test shared_login_session_state_replays_required_cookie_expiry_and_reset ... ok
2026-10-08T03:51:10.2332809Z test automatic_demand_replays_reference_http_and_reuses_one_connection_slot ... ok
2026-10-08T03:51:10.2868931Z test cancelled_trigger_keeps_reference_global_login_alive_for_another_engine ... ok
2026-10-08T03:51:12.4254772Z test forced_manual_login_serializes_demand_across_independently_opened_engines ... ok
2026-10-08T03:51:12.4255302Z 
2026-10-08T03:51:12.4255579Z test result: ok. 14 passed; 0 failed; 0 ignored; 0 measured; 0 filtered out; finished in 4.34s
2026-10-08T03:51:12.4255945Z 
2026-10-08T03:51:12.4276763Z [1m[92m     Running[0m unittests src/lib.rs (target/debug/deps/hydrus_parse-ce28cf332abaefc7)
2026-10-08T03:51:12.4292228Z 
2026-10-08T03:51:12.4292389Z running 6 tests
2026-10-08T03:51:12.4297537Z test sidecar::tests::json_sidecars_nest_rows_into_existing_objects ... ok
2026-10-08T03:51:12.4298397Z test sidecar::tests::notes_round_trip_through_rows ... ok
2026-10-08T03:51:12.4299065Z test text::tests::lines_split_like_python ... ok
2026-10-08T03:51:12.4306005Z test sidecar::tests::sidecar_paths_are_named_like_the_reference ... ok
2026-10-08T03:51:12.4306849Z test text::unescape_tests::notes_are_tidied ... ok
2026-10-08T03:51:12.4334209Z test folders::tests::filename_tags_come_from_the_path_like_the_reference ... ok
2026-10-08T03:51:12.4334986Z 
2026-10-08T03:51:12.4335256Z test result: ok. 6 passed; 0 failed; 0 ignored; 0 measured; 0 filtered out; finished in 0.00s
2026-10-08T03:51:12.4335649Z 
2026-10-08T03:51:12.4337762Z [1m[92m     Running[0m unittests src/lib.rs (target/debug/deps/hydrus_search-bb7040635a246e1a)
2026-10-08T03:51:12.4357543Z 
2026-10-08T03:51:12.4357700Z running 57 tests
2026-10-08T03:51:12.4364400Z test entry::tests::counters_are_known_by_key_and_by_name_in_any_case ... ok
2026-10-08T03:51:12.4366377Z test entry::tests::ratings_by_key_sort_by_their_service_s_name ... ok
2026-10-08T03:51:12.4378754Z test exec::numbers::tests::counts_match_the_reference_lambda ... ok
2026-10-08T03:51:12.4382705Z test exec::numbers::tests::exclusions_and_edges ... ok
2026-10-08T03:51:12.4383556Z test exec::numbers::tests::open_ranges_are_strict ... ok
2026-10-08T03:51:12.4385849Z test exec::sort::tests::a_page_s_ties_keep_its_order_and_its_files_without_values_its_default ... ok
2026-10-08T03:51:12.4395902Z test exec::sort::tests::colour_keys_match_the_reference ... ok
2026-10-08T03:51:12.4396974Z test api::tests::negation_wildcards_and_namespaces ... ok
2026-10-08T03:51:12.4416915Z test exec::sort::tests::ties_keep_id_order_in_both_directions ... ok
2026-10-08T03:51:12.4418648Z test exec::tags::tests::like_follows_sqlite ... ok
2026-10-08T03:51:12.4421325Z test exec::tags::tests::matching_uses_the_searchable_form ... ok
2026-10-08T03:51:12.4424043Z test exec::tags::tests::patterns_follow_the_reference_modes ... ok
2026-10-08T03:51:12.4425273Z test exec::sort::tests::sort_codes_match_the_reference ... ok
2026-10-08T03:51:12.4426253Z test exec::tags::tests::successors_bound_prefix_ranges ... ok
2026-10-08T03:51:12.4492901Z test api::tests::documented_example ... ok
2026-10-08T03:51:12.4493564Z test api::tests::rejects_bad_input ... ok
2026-10-08T03:51:12.5316046Z test exec::tests::a_page_s_fallback_sort_orders_its_sort_s_ties ... ok
2026-10-08T03:51:12.5385599Z test exec::tests::import_time_sorts_agree_whether_probed_or_from_the_cached_order ... ok
2026-10-08T03:51:12.5394033Z test exec::tests::limits_apply_after_sorting ... ok
2026-10-08T03:51:12.5406513Z test exec::tests::constructed_predicates_without_text_syntax_work ... ok
2026-10-08T03:51:12.6035537Z test exec::tests::every_term_is_understood_by_the_model ... ok
2026-10-08T03:51:12.6446547Z test exec::tests::saved_collect_tag_domains_group_files_as_the_reference_does ... ok
2026-10-08T03:51:12.9024951Z test exec::tests::searches_see_added_tags_as_the_reference_did ... ok
2026-10-08T03:51:13.1624750Z test exec::tests::searches_see_file_lifecycle_changes_as_the_reference_did ... ok
2026-10-08T03:51:13.1625876Z test exec::time::tests::ages_subtract_days_then_months_with_clamping ... ok
2026-10-08T03:51:13.1645456Z test exec::time::tests::dates_are_local_days ... ok
2026-10-08T03:51:13.1675345Z test exec::time::tests::today_is_the_local_date ... ok
2026-10-08T03:51:13.1678171Z test filetype_tests::tests::complete_classes_are_summarised ... ok
2026-10-08T03:51:13.3823386Z test filetype_tests::tests::filetype_words_match_reference_implementation ... ok
2026-10-08T03:51:13.3858908Z test filetype_tests::tests::general_classes_match_reference_implementation ... ok
2026-10-08T03:51:13.3870495Z test filetype_tests::tests::partial_classes_stay_specific ... ok
2026-10-08T03:51:13.3896735Z test filetype_tests::tests::searchable_mimes_match_reference_implementation ... ok
2026-10-08T03:51:13.3897899Z test media::tests::number_tests_treat_missing_values_like_the_reference ... ok
2026-10-08T03:51:13.3917033Z test media::tests::wildcards_match_whole_tags ... ok
2026-10-08T03:51:13.3928897Z test parse::date::tests::ages ... ok
2026-10-08T03:51:13.3930963Z test parse::date::tests::dates ... ok
2026-10-08T03:51:13.3939717Z test parse::date::tests::operator_words ... ok
2026-10-08T03:51:13.3940454Z test parse::names::tests::every_pattern_compiles ... ok
2026-10-08T03:51:13.3941307Z test parse::names::tests::order_decides_between_overlapping_names ... ok
2026-10-08T03:51:13.3942168Z test parse::rating::tests::advanced_selections ... ok
2026-10-08T03:51:13.3942912Z test parse::rating::tests::like_ignores_operators ... ok
2026-10-08T03:51:13.3943797Z test parse::rating::tests::operator_is_found_before_the_value ... ok
2026-10-08T03:51:13.3949889Z test parse::tag_advanced::tests::empty_tags_are_rejected ... ok
2026-10-08T03:51:13.3961833Z test parse::tag_advanced::tests::splits_on_the_first_unquoted_colon ... ok
2026-10-08T03:51:13.3990683Z test parse::tag_advanced::tests::status_words_match_reference_implementation ... ok
2026-10-08T03:51:13.4005501Z test parse::text::tests::maps_lowercase_slices_back_to_the_original ... ok
2026-10-08T03:51:13.4008202Z test parse::text::tests::parses_unicode_decimal_digits_like_python ... ok
2026-10-08T03:51:13.4008725Z test parse::text::tests::rejects_non_system_text ... ok
2026-10-08T03:51:13.4009356Z test parse::text::tests::strips_python_whitespace ... ok
2026-10-08T03:51:13.4009885Z test parse::text::tests::widens_whitespace_classes ... ok
2026-10-08T03:51:13.4010271Z test parse::values::tests::durations ... ok
2026-10-08T03:51:13.4010614Z test parse::values::tests::filetype_lists ... ok
2026-10-08T03:51:13.4011301Z test parse::values::tests::numbers_allow_commas_and_has ... ok
2026-10-08T03:51:13.4012135Z test parse::values::tests::size_units_match_the_first_spelling ... ok
2026-10-08T03:51:13.5051397Z test exec::tests::executor_agrees_with_the_naive_model ... ok
2026-10-08T03:51:14.0392536Z test exec::tests::owned_sort_contexts_replay_default_fallback_cogs_for_files_and_collections ... ok
2026-10-08T03:51:15.4644260Z test exec::tests::pages_collect_as_the_reference_s_pages_collect ... ok
2026-10-08T03:51:15.4645114Z 
2026-10-08T03:51:15.4645588Z test result: ok. 57 passed; 0 failed; 0 ignored; 0 measured; 0 filtered out; finished in 3.03s
2026-10-08T03:51:15.4646241Z 
2026-10-08T03:51:15.4672648Z [1m[92m     Running[0m tests/file_search_options.rs (target/debug/deps/file_search_options-7dfbab109fee8dc2)
2026-10-08T03:51:15.4693076Z 
2026-10-08T03:51:15.4693289Z running 2 tests
2026-10-08T03:51:15.4706759Z test database_sort_eligibility_matches_each_reference_system_sort_and_location ... ok
2026-10-08T03:51:15.5856487Z test implicit_limit_and_explicit_override_match_reference_database_queries ... ok
2026-10-08T03:51:15.5857021Z 
2026-10-08T03:51:15.5857336Z test result: ok. 2 passed; 0 failed; 0 ignored; 0 measured; 0 filtered out; finished in 0.12s
2026-10-08T03:51:15.5857719Z 
2026-10-08T03:51:15.5865173Z [1m[92m     Running[0m tests/media_tests.rs (target/debug/deps/media_tests-12a3071611c745b2)
2026-10-08T03:51:15.5885068Z 
2026-10-08T03:51:15.5885272Z running 2 tests
2026-10-08T03:51:15.7297676Z test comparable_values_match_the_reference ... ok
2026-10-08T03:51:15.7822648Z test predicates_match_the_same_files_as_in_the_reference ... ok
2026-10-08T03:51:15.7824833Z 
2026-10-08T03:51:15.7825566Z test result: ok. 2 passed; 0 failed; 0 ignored; 0 measured; 0 filtered out; finished in 0.19s
2026-10-08T03:51:15.7826240Z 
2026-10-08T03:51:15.7846003Z [1m[92m     Running[0m tests/predicate_entry.rs (target/debug/deps/predicate_entry-625643ad65e60ad2)
2026-10-08T03:51:15.7859446Z 
2026-10-08T03:51:15.7859640Z running 3 tests
2026-10-08T03:51:15.7885566Z test the_order_is_by_the_stored_text_whatever_is_shown ... ok
2026-10-08T03:51:15.7990008Z test entering_predicates_leaves_what_the_reference_s_list_does ... ok
2026-10-08T03:51:15.8005758Z test each_predicate_s_inverse_is_the_reference_s ... ok
2026-10-08T03:51:15.8006216Z 
2026-10-08T03:51:15.8006489Z test result: ok. 3 passed; 0 failed; 0 ignored; 0 measured; 0 filtered out; finished in 0.01s
2026-10-08T03:51:15.8006872Z 
2026-10-08T03:51:15.8011573Z [1m[92m     Running[0m tests/predicate_text.rs (target/debug/deps/predicate_text-bd1a1afbf4841553)
2026-10-08T03:51:15.8024444Z 
2026-10-08T03:51:15.8024652Z running 3 tests
2026-10-08T03:51:15.8761304Z test predicates_the_reference_s_editors_make_are_read_and_written_as_its_own ... ok
2026-10-08T03:51:15.9420452Z test api_searches_are_written_as_the_reference_writes_them ... ok
2026-10-08T03:51:15.9972553Z test predicates_are_written_as_the_reference_writes_them ... ok
2026-10-08T03:51:15.9973043Z 
2026-10-08T03:51:15.9973325Z test result: ok. 3 passed; 0 failed; 0 ignored; 0 measured; 0 filtered out; finished in 0.19s
2026-10-08T03:51:15.9973696Z 
2026-10-08T03:51:16.0025228Z [1m[92m     Running[0m tests/reference_parity.rs (target/debug/deps/reference_parity-370682ac60228639)
2026-10-08T03:51:16.0039392Z 
2026-10-08T03:51:16.0039702Z running 3 tests
2026-10-08T03:51:16.2047057Z test api_searches_match_the_reference ... ok
2026-10-08T03:51:16.3442871Z test stored_predicates_decode_to_what_the_reference_parsed ... ok
2026-10-08T03:51:16.4226744Z test system_predicates_match_the_reference ... ok
2026-10-08T03:51:16.4227081Z 
2026-10-08T03:51:16.4227362Z test result: ok. 3 passed; 0 failed; 0 ignored; 0 measured; 0 filtered out; finished in 0.42s
2026-10-08T03:51:16.4227734Z 
2026-10-08T03:51:16.4291566Z [1m[92m     Running[0m tests/robustness.rs (target/debug/deps/robustness-3ee94afd225f06ab)
2026-10-08T03:51:16.4306039Z 
2026-10-08T03:51:16.4306267Z running 4 tests
2026-10-08T03:51:16.5025725Z test errors_name_the_input ... ok
2026-10-08T03:51:16.5810841Z test long_inputs_are_fast ... ok
2026-10-08T03:51:16.6479632Z test never_panics_on_predicate_like_text ... ok
2026-10-08T03:51:16.7582734Z test never_panics_on_arbitrary_text ... ok
2026-10-08T03:51:16.7583124Z 
2026-10-08T03:51:16.7583454Z test result: ok. 4 passed; 0 failed; 0 ignored; 0 measured; 0 filtered out; finished in 0.33s
2026-10-08T03:51:16.7583897Z 
2026-10-08T03:51:16.7595058Z [1m[92m     Running[0m unittests src/lib.rs (target/debug/deps/hydrus_store-90aa2f83d0721915)
2026-10-08T03:51:16.7616951Z 
2026-10-08T03:51:16.7617347Z running 252 tests
2026-10-08T03:51:16.7654458Z test api_activity::tests::marker_replaces_atomically_reopens_and_rejects_malformed_data ... ok
2026-10-08T03:51:16.7655499Z test autocomplete::input::tests::parses_like_the_reference ... ok
2026-10-08T03:51:16.7656460Z test autocomplete::input::tests::rules_open_up_fetch_alls ... ok
2026-10-08T03:51:16.7658435Z test autocomplete::pattern::tests::like_is_sqlite_like ... ok
2026-10-08T03:51:16.7659791Z test autocomplete::pattern::tests::phrases_tokenise_like_fts4 ... ok
2026-10-08T03:51:16.7660846Z test autocomplete::pattern::tests::plans_follow_the_reference ... ok
2026-10-08T03:51:16.7676210Z test autocomplete::search::tests::counts_merge_and_render_like_the_reference ... ok
2026-10-08T03:51:16.7677736Z test autocomplete::search::tests::upper_bounds_cover_exactly_the_prefix ... ok
2026-10-08T03:51:16.7698704Z test autocomplete::pattern::tests::result_filter_matches_word_starts ... ok
2026-10-08T03:51:16.7723196Z test backup::tests::a_failed_restore_copy_preserves_the_database_sidecars_media_and_request ... ok
2026-10-08T03:51:16.7725800Z test backup::tests::a_mirror_copies_changes_and_drops_surplus ... ok
2026-10-08T03:51:16.7737206Z test backup::tests::a_missing_backup_retains_the_request_and_original_database ... ok
2026-10-08T03:51:16.7754126Z test backup::tests::an_active_server_prevents_restore_without_consuming_the_request ... ok
2026-10-08T03:51:16.7767151Z test backup::tests::cancellation_during_mirroring_preserves_uncopied_and_surplus_files ... ok
2026-10-08T03:51:16.8702039Z test backup::tests::cancelled_backup_does_not_report_success_or_touch_destination ... ok
2026-10-08T03:51:16.8717709Z test backup::tests::restore_rejects_a_symlink_to_the_store ... ok
2026-10-08T03:51:16.8730541Z test backup::tests::restore_rejects_the_store_itself_before_writing_a_request_or_database ... ok
2026-10-08T03:51:16.8835202Z test animation_start::tests::actual_yaml_upgrade_native_override_reopen_and_invalid_values ... ok
2026-10-08T03:51:16.8891753Z test backup::tests::a_backup_restores_over_a_changed_store ... ok
2026-10-08T03:51:16.9166244Z test api_update_toasts::tests::retained_enabled_options_native_override_reopen_corruption_and_exact_expiry ... ok
2026-10-08T03:51:16.9302032Z test conn::tests::effects_run_only_after_successful_commit ... ok
2026-10-08T03:51:16.9354406Z test conn::tests::failed_write_rolls_back_only_itself ... ok
2026-10-08T03:51:16.9607279Z test conn::tests::readers_see_consistent_snapshots_while_writing ... ok
2026-10-08T03:51:16.9652465Z test conn::tests::the_writer_empties_the_log_every_quarter_hour ... ok
2026-10-08T03:51:16.9728974Z test conn::tests::write_then_read ... ok
2026-10-08T03:51:17.0012903Z test content::tests::file_info_round_trips ... ok
2026-10-08T03:51:17.0041399Z test content::tests::deleting_from_one_of_two_local_domains_does_not_trash ... ok
2026-10-08T03:51:17.0054114Z test content::tests::a_forced_filetype_keeps_the_detected_one_and_is_undone ... ok
2026-10-08T03:51:17.0335388Z test content::tests::mapping_state_machine ... ok
2026-10-08T03:51:17.0455092Z test content::tests::import_trash_undelete_and_purge ... ok
2026-10-08T03:51:17.0773350Z test content::tests::service_bulk_trash_respects_lock_and_restores_all_former_domains ... ok
2026-10-08T03:51:17.1057309Z test content::tests::service_deleted_record_clear_keeps_trash_history_and_physical_queue ... ok
2026-10-08T03:51:17.1396441Z test content::tests::the_delete_lock_keeps_archived_files_from_going_for_good ... ok
2026-10-08T03:51:17.2285899Z test conn::tests::a_pause_empties_the_log_and_holds_work_until_dropped ... ok
2026-10-08T03:51:17.3805580Z test db_maintenance::tests::basic_jobs_find_nothing_and_regeneration_keeps_counts ... ok
2026-10-08T03:51:17.3820183Z test db_maintenance::tests::per_service_table_names ... ok
2026-10-08T03:51:17.3828398Z test display::tests::first_sibling_pair_wins_and_cycles_are_dropped ... ok
2026-10-08T03:51:17.3845718Z test content::tests::service_bulk_rating_scopes_keep_trash_and_other_services ... ok
2026-10-08T03:51:17.3854267Z test display::tests::parent_loops_are_dropped ... ok
2026-10-08T03:51:17.3855328Z test display::tests::parents_close_transitively_through_ideals ... ok
2026-10-08T03:51:17.3856207Z test display::tests::rules_count_as_the_reference_s_lookup_rows ... ok
2026-10-08T03:51:17.3856999Z test display::tests::sibling_chains_resolve_to_the_end ... ok
2026-10-08T03:51:17.4340616Z test domains::tests::a_read_sees_the_domain_as_its_snapshot_has_it ... ok
2026-10-08T03:51:17.4662159Z test db_maintenance::tests::inconsistent_mappings_and_orphans_are_repaired ... ok
2026-10-08T03:51:17.4736582Z test duplicates::auto::tests::the_references_suggested_rules_are_all_read ... ok
2026-10-08T03:51:17.4877865Z test domains::tests::import_order_is_by_time_then_id_and_follows_writes ... ok
2026-10-08T03:51:17.5195516Z test duplicates::cache::tests::cached_pairs_follow_writes_and_only_readers_fill_the_cache ... ok
2026-10-08T03:51:17.5561790Z test display::tests::graph_invariants ... ok
2026-10-08T03:51:17.6734217Z test duplicates_progress::tests::real_saved_disabled_legacy_policy_backfills_native_override_and_reopens ... ok
2026-10-08T03:51:17.6929399Z test ffmpeg_policy::tests::actual_legacy_saved_policy_backfill_native_override_and_poll_adapter ... ok
2026-10-08T03:51:17.7245083Z test file_maintenance::tests::captured_cancel_clears_due_and_future_types_and_keeps_unselected_work ... ok
2026-10-08T03:51:17.7265764Z test file_maintenance::tests::file_work_lease_is_shared_by_independent_owners_and_released_on_drop ... ok
2026-10-08T03:51:17.7267061Z test file_maintenance::tests::job_types_keep_the_reference_s_codes ... ok
2026-10-08T03:51:17.7486442Z test duplicates::merge::tests::only_whitelisted_notes_merge_under_their_new_names ... ok
2026-10-08T03:51:17.7501228Z test folder_activity::tests::abandoned_request_and_old_marker_files_do_not_pause_another_kind ... ok
2026-10-08T03:51:17.7503376Z test folder_activity::tests::request_interrupts_work_waits_for_release_and_rejects_new_work ... ok
2026-10-08T03:51:17.7591017Z test file_maintenance::tests::selected_admission_precedes_batch_limit_and_preserves_due_type_rules ... ok
2026-10-08T03:51:17.7637579Z test ffmpeg_policy::tests::reader_from_a_borrowed_store_is_live_and_does_not_retain_its_owner ... ok
2026-10-08T03:51:17.8377291Z test folder_activity::tests::transient_pause_preserves_original_and_live_user_pause_preferences ... ok
2026-10-08T03:51:17.8386437Z test gallery::tests::a_page_makes_a_search_per_query_with_its_settings ... ok
2026-10-08T03:51:17.8420246Z test gallery::tests::no_downloader_or_no_urls_makes_nothing ... ok
2026-10-08T03:51:17.9155793Z test gallery::tests::queries_merge_and_repeats_are_skipped_as_the_page_says ... ok
2026-10-08T03:51:17.9175971Z test granularity::tests::estimating_a_folder_ignores_non_ascii_names ... ok
2026-10-08T03:51:17.9627398Z test granularity::tests::cancellation_restores_moved_files_to_their_original_locations ... ok
2026-10-08T03:51:18.0288404Z test granularity::tests::failed_publication_restores_exact_split_locations ... ok
2026-10-08T03:51:18.0694446Z test granularity::tests::merged_prefix_records_the_actual_destination_across_locations ... ok
2026-10-08T03:51:18.0718316Z test idle_state::tests::only_a_fresh_idle_marker_is_idle ... ok
2026-10-08T03:51:18.0720368Z test idle_state::tests::pace_follows_the_time_and_caps_the_rest ... ok
2026-10-08T03:51:18.2236038Z test image_colour::tests::real_saved_disabled_legacy_policy_backfills_native_override_and_reopens ... ok
2026-10-08T03:51:18.3295799Z test import::decode::tests::a_clients_simple_downloader_formulae_come_across ... ok
2026-10-08T03:51:18.4765722Z test import::decode::tests::a_new_clients_checker_timings_are_our_defaults ... ok
2026-10-08T03:51:18.5775739Z test import::decode::tests::a_new_clients_headers_are_our_defaults ... ok
2026-10-08T03:51:18.7355839Z test import::decode::tests::a_new_clients_import_options_and_downloaders_convert ... ok
2026-10-08T03:51:18.8936699Z test import::decode::tests::a_new_clients_merge_options_are_our_defaults ... ok
2026-10-08T03:51:18.9985699Z test granularity::tests::the_store_records_its_new_folders ... ok
2026-10-08T03:51:19.0275607Z test import::decode::tests::auto_resolution_rules_convert ... ok
2026-10-08T03:51:19.0725806Z test import::decode::tests::api_update_toasts_import_present_and_absent_client_options ... ok
2026-10-08T03:51:19.1931668Z test import::decode::tests::browser_eye_menu_preferences_migrate_independently ... ok
2026-10-08T03:51:19.3241020Z test import::decode::tests::clipboard_monitor_switches_convert_independently ... ok
2026-10-08T03:51:19.3826620Z test import::decode::tests::command_palette_preferences_migrate_defaults_and_nondefault_provider_policies ... ok
2026-10-08T03:51:19.4035505Z test import::decode::tests::custom_merge_options_convert ... ok
2026-10-08T03:51:19.4776061Z test import::decode::tests::downloader_pages_own_state_converts ... ok
2026-10-08T03:51:19.6143072Z test import::decode::tests::cursor_autohide_import_preserves_timeout_and_do_not_hide ... ok
2026-10-08T03:51:19.7353232Z test import::decode::tests::downloader_update_time_import_preserves_raw_fields_and_reopens ... ok
2026-10-08T03:51:19.8987138Z test import::decode::tests::export_default_directory_import_resolves_recorded_portable_paths ... ok
2026-10-08T03:51:20.0758906Z test import::decode::tests::file_search_defaults_convert_user_values ... ok
2026-10-08T03:51:20.2722103Z test import::decode::tests::file_view_removal_imports_legacy_and_typed_flags_independently ... ok
2026-10-08T03:51:20.4487065Z test import::decode::tests::duplicate_colours_import_none_zero_and_explicit_preferences_then_reopen ... ok
2026-10-08T03:51:20.6276076Z test import::decode::tests::four_note_preferences_import_and_survive_reopen ... ok
2026-10-08T03:51:20.8246296Z test import::decode::tests::idle_timeout_import_preserves_seconds_none_and_missing_defaults ... ok
2026-10-08T03:51:20.8785632Z test import::decode::tests::image_cache_size_raw_timeout_and_future_admission_import_independently ... ok
2026-10-08T03:51:21.1386114Z test import::decode::tests::importing_work_slots_decode_five_legacy_keys_and_persist_native_limits ... ok
2026-10-08T03:51:21.2577681Z test import::decode::tests::local_transfer_confirmations_decode_both_legacy_booleans ... ok
2026-10-08T03:51:21.4407385Z test import::decode::tests::maintenance_gates_import_present_and_absent_client_options ... ok
2026-10-08T03:51:21.5340154Z test import::decode::tests::main_identity_import_preserves_raw_name_and_saved_tag_activation ... ok
2026-10-08T03:51:21.5755928Z test import::decode::tests::manage_tags_live_display_and_incremental_fields_import ... ok
2026-10-08T03:51:21.7556837Z test import::decode::tests::manage_tags_sort_contexts_import_siblings_independently_of_sidebar_sorts ... ok
2026-10-08T03:51:21.7612641Z test import::decode::tests::namespace_colours_convert ... ok
2026-10-08T03:51:21.7637537Z test import::decode::tests::page_sort_import_preserves_its_independent_full_tag_context ... ok
2026-10-08T03:51:22.0503443Z test import::decode::tests::passive_background_options_import_each_draw_key ... ok
2026-10-08T03:51:22.1009559Z test import::decode::tests::network_boot_preference_converts_without_changing_live_pause ... ok
2026-10-08T03:51:22.3296217Z test import::decode::tests::physical_delete_import_preserves_present_delay_and_defaults_without_client_options ... ok
2026-10-08T03:51:22.7146013Z test import::decode::tests::preview_and_dialog_rating_sizes_import_exact_fractional_preferences ... ok
2026-10-08T03:51:22.8348672Z test import::decode::tests::real_client_ffmpeg_timeout_is_imported_without_clamping ... ok
2026-10-08T03:51:23.1253208Z test import::decode::tests::recorded_custom_predicate_defaults_import_with_typed_units_and_keys ... ok
2026-10-08T03:51:23.2561618Z test import::decode::tests::popup_width_imports_raw_reference_preferences_and_reopens_them ... ok
2026-10-08T03:51:23.2805800Z test import::decode::tests::saving_the_page_sort_on_change_converts ... ok
2026-10-08T03:51:23.3996015Z test import::decode::tests::sibling_connector_colours_import_retains_none_empty_and_raw_names ... ok
2026-10-08T03:51:23.4175592Z test import::decode::tests::shortcut_capture_policies_import_defaults_and_nondefault_values ... ok
2026-10-08T03:51:23.5126061Z test import::decode::tests::subscription_concurrency_imports_nondefault_number ... ok
2026-10-08T03:51:23.5953581Z test import::decode::tests::subscription_file_failure_threshold_imports_none_and_number ... ok
2026-10-08T03:51:23.6736011Z test import::decode::tests::suggested_layout_and_unavailable_default_pages_migrate_without_losing_choices ... ok
2026-10-08T03:51:23.6753602Z test import::decode::tests::tag_display_filters_convert ... ok
2026-10-08T03:51:23.7372248Z test import::decode::tests::tag_dialog_defaults_import_independently_of_autocomplete_defaults ... ok
2026-10-08T03:51:23.7812512Z test import::decode::tests::tag_list_opening_modes_import_independently_and_ignore_unknown_codes ... ok
2026-10-08T03:51:23.8378481Z test import::decode::tests::tag_presentation_converts ... ok
2026-10-08T03:51:23.9295634Z test import::decode::tests::the_lock_password_converts ... ok
2026-10-08T03:51:23.9925652Z test import::decode::tests::the_search_defaults_convert ... ok
2026-10-08T03:51:24.0727340Z test import::decode::tests::the_tag_summaries_convert ... ok
2026-10-08T03:51:24.1586041Z test import::decode::tests::the_thumbnail_border_and_margin_convert ... ok
2026-10-08T03:51:24.2296321Z test import::decode::tests::thumbnail_cache_size_and_raw_timeout_import_as_independent_typed_preferences ... ok
2026-10-08T03:51:24.2595648Z test import::decode::tests::unselected_tag_limit_import_preserves_zero_none_and_presentation ... ok
2026-10-08T03:51:24.3683378Z test import::decode::tests::viewer_canvas_options_convert_user_values ... ok
2026-10-08T03:51:24.4206178Z test import::decode::tests::viewer_closing_options_import_each_independent_preference ... ok
2026-10-08T03:51:24.5161926Z test import::decode::tests::viewer_focus_options_import_independent_mouseover_gates ... ok
2026-10-08T03:51:24.5655765Z test import::decode::tests::viewer_hover_options_migrate_disable_keys_as_enabled_controls ... ok
2026-10-08T03:51:24.7101263Z test import::decode::tests::viewer_pointer_options_import_both_drag_preferences ... ok
2026-10-08T03:51:24.7556031Z test import::decode::tests::viewer_playback_import_keeps_zoom_command_and_loop_policy ... ok
2026-10-08T03:51:24.7731807Z test content::tests::incremental_counts_equal_rebuild ... ok
2026-10-08T03:51:24.8796323Z test import::decode::tests::viewing_menu_preferences_import_the_display_style_and_canvas_ticks ... ok
2026-10-08T03:51:24.9226180Z test import::decode::tests::viewer_tag_wheel_imports_all_four_reference_policy_codes ... ok
2026-10-08T03:51:25.0257281Z test import::network_tests::copies_the_mpv_conf ... ok
2026-10-08T03:51:25.0291804Z test import::network_tests::a_named_startup_session_keeps_hydrus_s_last_session_apart ... ok
2026-10-08T03:51:25.1755809Z test import::network_tests::downloader_pages_own_state_comes_back_for_earlier_imports ... ok
2026-10-08T03:51:25.2534769Z test import::network_tests::imports_local_import_pages_from_the_last_session ... ok
2026-10-08T03:51:25.2671336Z test import::network_tests::imports_downloader_pages_from_the_last_session ... ok
2026-10-08T03:51:25.4077066Z test import::network_tests::imports_search_pages_from_the_last_session ... ok
2026-10-08T03:51:25.4325520Z test import::network_tests::imports_session_cookies ... ok
2026-10-08T03:51:25.5409035Z test import::tests::a_default_install_keeps_the_default_bandwidth_rules ... ok
2026-10-08T03:51:25.5416905Z test import::tests::any_reference_install_counts_match ... ignored, needs HYDRUS_REFERENCE_DB
2026-10-08T03:51:25.5418614Z test import::network_tests::imports_subscriptions_with_their_histories ... ok
2026-10-08T03:51:25.6266175Z test import::network_tests::other_saved_sessions_come_across_without_running_their_downloaders ... ok
2026-10-08T03:51:25.6455761Z test import::tests::decodes_the_basic_fixture_settings ... ok
2026-10-08T03:51:25.6483970Z test import::tests::import_options_that_run_programs_are_reported ... ok
2026-10-08T03:51:25.7935757Z test import::tests::imports_the_basic_fixture ... ok
2026-10-08T03:51:25.8225545Z test import::tests::rebuilt_counts_match_the_reference_caches ... ok
2026-10-08T03:51:25.8966393Z test import::tests::the_global_pause_switches_come_across ... ok
2026-10-08T03:51:25.9285892Z test import::tests::refuses_to_overwrite_or_import_the_wrong_version ... ok
2026-10-08T03:51:25.9295428Z test live::tests::a_status_shows_its_first_line ... ok
2026-10-08T03:51:25.9365414Z test import::tests::the_network_options_come_across ... ok
2026-10-08T03:51:25.9401978Z test live::tests::cancels_are_taken_once_and_nudge_the_queue ... ok
2026-10-08T03:51:25.9416692Z test live::tests::only_changes_are_published ... ok
2026-10-08T03:51:25.9509657Z test live::tests::live_state_is_kept_replaced_and_cleared ... ok
2026-10-08T03:51:26.0151674Z test login_runtime::tests::crashed_process_metadata_cannot_block_or_cancel_the_next_lease ... ok
2026-10-08T03:51:26.0213270Z test import::tests::the_trash_limits_come_across ... ok
2026-10-08T03:51:26.0283841Z test login_runtime::tests::separate_store_owners_serialize_cancel_and_retire_only_the_reviewed_login ... ok
2026-10-08T03:51:26.3654066Z test maintenance::tests::captured_wait_follows_committed_pairs_including_last_and_allows_live_readd ... ok
2026-10-08T03:51:26.3736217Z test maintenance::tests::cancelled_owned_wait_releases_writer_and_never_admits_a_successor_pair ... ok
2026-10-08T03:51:26.5686456Z test maintenance::tests::never_deletes_media_shared_with_another_install ... ok
2026-10-08T03:51:26.6050952Z test maintenance::tests::missing_file_still_waits_after_its_thumbnail_and_queue_commit ... ok
2026-10-08T03:51:26.8212582Z test maintenance::tests::pair_failure_keeps_its_queue_and_previous_pair_commit_and_does_not_wait ... ok
2026-10-08T03:51:26.9606106Z test maintenance::tests::rebuilding_the_caches_gives_the_same_caches ... ok
2026-10-08T03:51:26.9699115Z test maintenance::tests::leaves_claimed_files_queued ... ok
2026-10-08T03:51:27.0055716Z test granularity::tests::a_folder_goes_to_three_and_back ... ok
2026-10-08T03:51:27.0983289Z test maintenance_gates::tests::retained_client_options_native_wins_reopen_and_corruption ... ok
2026-10-08T03:51:27.1165371Z test master::tests::interning_is_idempotent_and_reversible ... ok
2026-10-08T03:51:27.1288103Z test master::tests::new_subtags_are_indexed_for_autocomplete ... ok
2026-10-08T03:51:27.1305431Z test master::tests::url_domains_match_urlparse_netloc ... ok
2026-10-08T03:51:27.2264298Z test maintenance::tests::retained_local_queue_cleanup_does_not_wait_or_remove_physical_paths ... ok
2026-10-08T03:51:27.2429129Z test maintenance::tests::selected_tag_regeneration_repairs_connected_counts_without_changing_primary_data ... ok
2026-10-08T03:51:27.2907848Z test media::tests::counts_tags_as_each_file_has_them ... ok
2026-10-08T03:51:27.3900009Z test menu_choice_wheel::tests::actual_saved_false_legacy_fallback_native_override_and_durable_reopen ... ok
2026-10-08T03:51:27.4016818Z test media::tests::loads_the_fixture ... ok
2026-10-08T03:51:27.4126536Z test network::tests::cookies_list_in_jar_order ... ok
2026-10-08T03:51:27.4167495Z test network::login_tests::a_login_covers_its_domain_and_subdomains ... ok
2026-10-08T03:51:27.4235452Z test media::tests::hidden_tags_are_left_out_of_the_counts ... ok
2026-10-08T03:51:27.4335411Z test network::tests::headers_keep_what_is_not_given ... ok
2026-10-08T03:51:27.4377502Z test network::tests::sessions_are_per_registrable_domain ... ok
2026-10-08T03:51:27.4822510Z test maintenance::tests::purges_files_that_left_local_storage ... ok
2026-10-08T03:51:27.4828282Z test paths::tests::copies_keep_permissions_unless_told_not_to ... ok
2026-10-08T03:51:27.5082427Z test orphan_files::tests::strays_are_found_and_moved_and_kept_files_stay ... ok
2026-10-08T03:51:27.5387450Z test popup_actions::tests::answer_survives_dismissal_and_old_owner_cannot_consume_or_retire_successor ... ok
2026-10-08T03:51:27.5395528Z test page_layout::tests::imported_yaml_signed_sizes_exit_switch_and_native_override_survive_reopen ... ok
2026-10-08T03:51:27.5680168Z test popup_actions::tests::pre_action_schema_upgrades_and_restart_forgets_ephemeral_handlers_but_keeps_clipboard ... ok
2026-10-08T03:51:27.5719321Z test popup_actions::tests::gui_retirement_drops_unconsumed_calls_but_preserves_committed_answers ... ok
2026-10-08T03:51:27.5960679Z test physical_delete::tests::recorded_retained_options_native_override_constructor_and_reopen ... ok
2026-10-08T03:51:27.5970811Z test popups::tests::mergable_files_with_the_same_label_join_one_popup ... ok
2026-10-08T03:51:27.6264920Z test popups::tests::popups_queue_oldest_first_until_dismissed ... ok
2026-10-08T03:51:27.6333835Z test queues::tests::a_pages_queue_waits_while_closed_and_goes_with_it ... ok
2026-10-08T03:51:27.6521302Z test or_connector::tests::real_qt_serialised_raw_connector_backfills_and_native_override_survives_reopen ... ok
2026-10-08T03:51:27.6560346Z test queues::tests::a_queues_page_shows_the_files_its_seeds_brought_in_order ... ok
2026-10-08T03:51:27.6625717Z test queues::tests::deleted_queue_identity_is_not_recycled_and_late_seed_updates_ignore_successors ... ok
2026-10-08T03:51:27.6877428Z test queues::tests::nudges_are_taken_once_each ... ok
2026-10-08T03:51:27.6956265Z test queues::tests::seeds_dedupe_order_and_retry ... ok
2026-10-08T03:51:27.7048361Z test popup_freeze::tests::actual_saved_true_legacy_native_override_and_durable_reopen ... ok
2026-10-08T03:51:27.7054931Z test reference_options::tests::unset_values_read_as_their_defaults ... ok
2026-10-08T03:51:27.7132350Z test queues::tests::file_log_drafts_isolate_mutations_and_restore_complete_metadata_in_order ... ok
2026-10-08T03:51:27.7136258Z test schema::tests::refuses_newer_schema ... ok
2026-10-08T03:51:27.7166717Z test queues::tests::urls_typed_into_a_page_are_handed_over_once_in_order ... ok
2026-10-08T03:51:27.7173400Z test services::tests::colours_serialise_as_hex ... ok
2026-10-08T03:51:27.7377920Z test schema::tests::migrations_apply_cleanly_and_are_idempotent ... ok
2026-10-08T03:51:27.7379350Z test services::tests::numerical_stars_match_reference_rounding ... ok
2026-10-08T03:51:27.7480576Z test schema::tests::tag_service_tables_round_trip ... ok
2026-10-08T03:51:27.7535109Z test services::tests::default_services_round_trip ... ok
2026-10-08T03:51:27.7753747Z test session_backups::importer_tests::historical_importers_restore_independent_settings_and_seed_logs ... ok
2026-10-08T03:51:27.7855843Z test session_backups::queue_kind_tests::every_native_page_importer_restores_its_auxiliary_state_and_both_logs ... ok
2026-10-08T03:51:27.7885578Z test session_backups::tests::automatic_last_session_hash_replays_real_unchanged_suppression_and_history ... ok
2026-10-08T03:51:27.8030712Z test session_backups::tests::imported_previous_media_is_independent_and_deletion_clears_backups ... ok
2026-10-08T03:51:27.8171507Z test session_backups::tests::rolling_timestamps_match_the_reference_including_clock_reversal ... ok
2026-10-08T03:51:27.8202004Z test session_reload::tests::committed_reload_slot_is_independent_and_cleanup_keeps_active_media ... ok
2026-10-08T03:51:27.8298696Z test radio_return::tests::actual_saved_false_legacy_fallback_native_override_and_durable_reopen ... ok
2026-10-08T03:51:27.8352240Z test sessions::tests::commands_queue_for_the_gui_or_change_the_session ... ok
2026-10-08T03:51:27.8356344Z test similar::tests::flat_colours_are_blank ... ok
2026-10-08T03:51:27.8357067Z test similar::tests::scale ... ignored, a timing, not a check
2026-10-08T03:51:27.8462738Z test sessions::tests::media_viewers_are_kept_in_order ... ok
2026-10-08T03:51:27.8488634Z test sessions::tests::saving_keeps_the_top_key_the_page_shown_and_selections ... ok
2026-10-08T03:51:27.8495189Z test storage::tests::a_location_without_its_folders_is_missing ... ok
2026-10-08T03:51:27.8496368Z test storage::tests::paths_follow_the_reference_layout ... ok
2026-10-08T03:51:27.8524314Z test sessions::tests::sessions_keep_their_pages_and_files ... ok
2026-10-08T03:51:27.8545608Z test storage_locations::tests::shares_follow_weights_and_limits ... ok
2026-10-08T03:51:27.9341595Z test similar::tests::the_index_finds_exactly_what_checking_everything_finds ... ok
2026-10-08T03:51:27.9402077Z test store::tests::content_writes_use_foreign_relation_graphs_before_the_next_poll ... ok
2026-10-08T03:51:28.0161179Z test store::tests::new_store_has_default_services ... ok
2026-10-08T03:51:28.0512033Z test store::tests::independent_stores_notice_committed_snapshot_changes_without_refresh_loops ... ok
2026-10-08T03:51:28.0651118Z test similar::tests::the_search_finds_the_pairs_the_reference_found ... ok
2026-10-08T03:51:28.1146028Z test store::tests::pre_existing_queue_without_sequence_keeps_its_retired_identity_after_upgrade ... ok
2026-10-08T03:51:28.1230377Z test store::tests::snapshots_refresh_only_after_commit ... ok
2026-10-08T03:51:28.1364402Z test tag_display::tests::a_service_s_tags_pass_its_filter_and_all_known_tags ... ok
2026-10-08T03:51:28.1973620Z test tag_editing::tests::manage_tags_preferences_are_backward_compatible_and_independent ... ok
2026-10-08T03:51:28.1995513Z test text::tests::integers_follow_python_isdecimal ... ok
2026-10-08T03:51:28.1996899Z test text::tests::searchable_forms ... ok
2026-10-08T03:51:28.1997948Z test text::tests::tokenises_like_fts4_simple ... ok
2026-10-08T03:51:28.2015727Z test tag_editing::tests::older_preferences_get_write_defaults_and_tab_memory_preserves_them ... ok
2026-10-08T03:51:28.2856021Z test thumbnail_appearance::tests::retained_actual_options_upgrade_native_override_and_reopen ... ok
2026-10-08T03:51:28.3067388Z test synth::tests::a_small_library_has_consistent_counts ... ok
2026-10-08T03:51:28.4812219Z test transfer::tests::in_place_marks_the_media_as_shared ... ok
2026-10-08T03:51:28.6653020Z test transfer::tests::refuses_an_existing_destination ... ok
2026-10-08T03:51:28.8734223Z test trash::tests::an_oversized_trash_loses_its_oldest_files_eight_at_a_time ... ok
2026-10-08T03:51:29.0852601Z test trash::tests::cancelled_writer_admission_leaves_trash_and_physical_queue_untouched ... ok
2026-10-08T03:51:29.1766475Z test transfer::tests::hardlink_copy_and_move_give_the_store_its_own_media ... ok
2026-10-08T03:51:29.3105554Z test trash::tests::files_trashed_too_long_ago_are_deleted_for_good ... ok
2026-10-08T03:51:29.3993099Z test trash::tests::no_limits_leave_the_trash_alone ... ok
2026-10-08T03:51:29.5190184Z test trash::tests::the_delete_lock_keeps_archived_files_in_the_trash ... ok
2026-10-08T03:51:29.5191916Z test undo::tests::undo_and_redo_step_through_the_log_and_new_changes_cut_it ... ok
2026-10-08T03:51:29.5193199Z test vacuum::tests::room_is_checked_as_the_reference_checks ... ok
2026-10-08T03:51:29.6199252Z test trash::tests::the_size_limit_goes_first_then_the_age_limit ... ok
2026-10-08T03:51:29.6416738Z test vacuum::tests::vacuuming_frees_pages_and_is_recorded ... ok
2026-10-08T03:51:29.6817178Z test transfer::tests::each_drive_s_media_stays_on_it ... ok
2026-10-08T03:51:29.6847182Z test watchers::tests::a_page_watches_each_thread_once_with_its_own_options ... ok
2026-10-08T03:51:29.7061729Z test watchers::tests::checking_now_and_pausing_checking ... ok
2026-10-08T03:51:29.7258281Z test watchers::tests::setting_a_watchers_checker_options ... ok
2026-10-08T03:51:30.0914294Z test storage_locations::tests::a_second_location_takes_half_and_thumbnails_follow ... ok
2026-10-08T03:51:30.0924988Z 
2026-10-08T03:51:30.0925742Z test result: ok. 250 passed; 0 failed; 2 ignored; 0 measured; 0 filtered out; finished in 13.33s
2026-10-08T03:51:30.0926366Z 
2026-10-08T03:51:30.0943129Z [1m[92m     Running[0m tests/import_status.rs (target/debug/deps/import_status-30c9defafff09d5d)
2026-10-08T03:51:30.0954459Z 
2026-10-08T03:51:30.0954835Z running 3 tests
2026-10-08T03:51:30.0998826Z test owned_precision_replays_actual_network_job_controls_without_changing_gauges_or_cancellation ... ok
2026-10-08T03:51:30.1306775Z test downloads_lines_say_what_the_references_network_job_control_says ... ok
2026-10-08T03:51:30.1381977Z test file_and_search_logs_say_what_the_reference_says ... ok
2026-10-08T03:51:30.1382475Z 
2026-10-08T03:51:30.1382879Z test result: ok. 3 passed; 0 failed; 0 ignored; 0 measured; 0 filtered out; finished in 0.04s
2026-10-08T03:51:30.1383304Z 
2026-10-08T03:51:30.1397001Z [1m[92m     Running[0m tests/metadata_jobs.rs (target/debug/deps/metadata_jobs-38d1cc1e4ad14953)
2026-10-08T03:51:30.1414414Z 
2026-10-08T03:51:30.1414696Z running 1 test
2026-10-08T03:51:30.4658184Z test actual_qt_worker_inputs_replay_files_cancellation_progress_and_copy_cleanup ... ok
2026-10-08T03:51:30.4658902Z 
2026-10-08T03:51:30.4659378Z test result: ok. 1 passed; 0 failed; 0 ignored; 0 measured; 0 filtered out; finished in 0.32s
2026-10-08T03:51:30.4660016Z 
2026-10-08T03:51:30.4665034Z [1m[92m     Running[0m tests/tag_migration.rs (target/debug/deps/tag_migration-ea2504f2d53ddb7c)
2026-10-08T03:51:30.4682842Z 
2026-10-08T03:51:30.4683008Z running 15 tests
2026-10-08T03:51:30.5908510Z test archive_validation_rejects_wrong_types_and_unsupported_hashes_before_import ... ok
2026-10-08T03:51:30.6146901Z test cancellation_is_a_durable_prefix_and_incremental_counts_match_rebuild ... ok
2026-10-08T03:51:30.6537458Z test archive_exports_preserve_metadata_merge_and_cancelled_committed_prefix ... ok
2026-10-08T03:51:30.6785496Z test overlapping_migration_is_rejected_without_waiting_for_a_reader ... ok
2026-10-08T03:51:30.7176514Z test pair_count_gates_observe_reference_concurrent_mapping_changes_between_batches ... ok
2026-10-08T03:51:30.7917248Z test pair_migration_publishes_graph_and_rebuilt_counts ... ok
2026-10-08T03:51:30.9359912Z test pair_count_gates_replay_real_current_pending_and_terminal_ideal_counts ... ok
2026-10-08T03:51:31.0299574Z test registry_changes_stop_the_next_batch_and_keep_committed_prefix ... ok
2026-10-08T03:51:31.1087202Z test published_job_events_match_reference_phases_and_committed_prefixes ... ok
2026-10-08T03:51:31.1209435Z test repository_union_deduplicates_and_petition_reason_is_persisted ... ok
2026-10-08T03:51:31.1709915Z test pause_waits_after_commit_resume_continues_and_cancel_wakes_without_next_batch ... ok
2026-10-08T03:51:31.1931676Z test selected_files_and_filters_are_applied_before_destination_changes ... ok
2026-10-08T03:51:31.1980662Z test same_service_delete_and_clear_never_skip_mutated_source_rows ... ok
2026-10-08T03:51:31.2330281Z test source_snapshot_excludes_later_inserts_and_retains_later_removed_rows ... ok
2026-10-08T03:51:32.5679416Z test actual_python_archives_import_convert_scope_filter_and_reopen ... ok
2026-10-08T03:51:32.5680147Z 
2026-10-08T03:51:32.5680598Z test result: ok. 15 passed; 0 failed; 0 ignored; 0 measured; 0 filtered out; finished in 2.10s
2026-10-08T03:51:32.5681238Z 
2026-10-08T03:51:32.5698215Z [1m[92m     Running[0m unittests src/lib.rs (target/debug/deps/hydrus_testkit-d4be0a6c0204d9c1)
2026-10-08T03:51:32.5709297Z 
2026-10-08T03:51:32.5709568Z running 3 tests
2026-10-08T03:51:32.5726047Z 
2026-10-08T03:51:32.5726425Z running 1 test
2026-10-08T03:51:32.5728580Z test tests::runtime_fixture_override ... ok
2026-10-08T03:51:32.5729156Z 
2026-10-08T03:51:32.5729785Z test result: ok. 1 passed; 0 failed; 0 ignored; 0 measured; 2 filtered out; finished in 0.00s
2026-10-08T03:51:32.5732297Z 
2026-10-08T03:51:32.5732851Z test tests::runtime_fixture_override ... ok
2026-10-08T03:51:32.6278785Z test tests::basic_fixture_extracts_with_empty_subfolders ... ok
2026-10-08T03:51:32.6847463Z test tests::each_call_gets_its_own_copy ... ok
2026-10-08T03:51:32.6848124Z 
2026-10-08T03:51:32.6848690Z test result: ok. 3 passed; 0 failed; 0 ignored; 0 measured; 0 filtered out; finished in 0.11s
2026-10-08T03:51:32.6849383Z 
2026-10-08T03:51:32.6856928Z [1m[92m     Running[0m unittests src/main.rs (target/debug/deps/xtask-3d9b93e5759a9504)
2026-10-08T03:51:32.6868928Z 
2026-10-08T03:51:32.6869233Z running 0 tests
2026-10-08T03:51:32.6869509Z 
2026-10-08T03:51:32.6871553Z test result: ok. 0 passed; 0 failed; 0 ignored; 0 measured; 0 filtered out; finished in 0.00s
2026-10-08T03:51:32.6871958Z 
2026-10-08T03:51:32.6872212Z [1m[92m   Doc-tests[0m hydrus_api
2026-10-08T03:51:32.9831464Z 
2026-10-08T03:51:32.9832018Z running 0 tests
2026-10-08T03:51:32.9833202Z 
2026-10-08T03:51:32.9833757Z test result: ok. 0 passed; 0 failed; 0 ignored; 0 measured; 0 filtered out; finished in 0.00s
2026-10-08T03:51:32.9834317Z 
2026-10-08T03:51:32.9855652Z [1m[92m   Doc-tests[0m hydrus_core
2026-10-08T03:51:33.5484056Z 
2026-10-08T03:51:33.5484932Z running 0 tests
2026-10-08T03:51:33.5486839Z 
2026-10-08T03:51:33.5487850Z test result: ok. 0 passed; 0 failed; 0 ignored; 0 measured; 0 filtered out; finished in 0.00s
2026-10-08T03:51:33.5488565Z 
2026-10-08T03:51:33.5505626Z [1m[92m   Doc-tests[0m hydrus_download
2026-10-08T03:51:33.7114748Z 
2026-10-08T03:51:33.7115208Z running 0 tests
2026-10-08T03:51:33.7115405Z 
2026-10-08T03:51:33.7115850Z test result: ok. 0 passed; 0 failed; 0 ignored; 0 measured; 0 filtered out; finished in 0.00s
2026-10-08T03:51:33.7116311Z 
2026-10-08T03:51:33.7139270Z [1m[92m   Doc-tests[0m hydrus_downloader_exchange
2026-10-08T03:51:33.7977316Z 
2026-10-08T03:51:33.7977956Z running 0 tests
2026-10-08T03:51:33.7978238Z 
2026-10-08T03:51:33.7978741Z test result: ok. 0 passed; 0 failed; 0 ignored; 0 measured; 0 filtered out; finished in 0.00s
2026-10-08T03:51:33.7979728Z 
2026-10-08T03:51:33.7997935Z [1m[92m   Doc-tests[0m hydrus_duplicates
2026-10-08T03:51:33.8513680Z 
2026-10-08T03:51:33.8514275Z running 0 tests
2026-10-08T03:51:33.8514795Z 
2026-10-08T03:51:33.8515314Z test result: ok. 0 passed; 0 failed; 0 ignored; 0 measured; 0 filtered out; finished in 0.00s
2026-10-08T03:51:33.8515962Z 
2026-10-08T03:51:33.8534980Z [1m[92m   Doc-tests[0m hydrus_gui
2026-10-08T03:51:34.6844458Z 
2026-10-08T03:51:34.6845394Z running 0 tests
2026-10-08T03:51:34.6845711Z 
2026-10-08T03:51:34.6846568Z test result: ok. 0 passed; 0 failed; 0 ignored; 0 measured; 0 filtered out; finished in 0.00s
2026-10-08T03:51:34.6847225Z 
2026-10-08T03:51:34.6874354Z [1m[92m   Doc-tests[0m hydrus_gui_model
2026-10-08T03:51:35.2460873Z 
2026-10-08T03:51:35.2461399Z running 0 tests
2026-10-08T03:51:35.2461684Z 
2026-10-08T03:51:35.2462020Z test result: ok. 0 passed; 0 failed; 0 ignored; 0 measured; 0 filtered out; finished in 0.00s
2026-10-08T03:51:35.2462416Z 
2026-10-08T03:51:35.2484247Z [1m[92m   Doc-tests[0m hydrus_import
2026-10-08T03:51:35.3187456Z 
2026-10-08T03:51:35.3188044Z running 0 tests
2026-10-08T03:51:35.3193678Z 
2026-10-08T03:51:35.3194309Z test result: ok. 0 passed; 0 failed; 0 ignored; 0 measured; 0 filtered out; finished in 0.00s
2026-10-08T03:51:35.3195193Z 
2026-10-08T03:51:35.3209186Z [1m[92m   Doc-tests[0m hydrus_legacy
2026-10-08T03:51:35.7448814Z 
2026-10-08T03:51:35.7449318Z running 1 test
2026-10-08T03:51:35.7450441Z test crates/hydrus-legacy/src/lib.rs - (line 27) - compile ... ok
2026-10-08T03:51:35.7450966Z 
2026-10-08T03:51:35.7451457Z test result: ok. 1 passed; 0 failed; 0 ignored; 0 measured; 0 filtered out; finished in 0.00s
2026-10-08T03:51:35.7452101Z 
2026-10-08T03:51:35.7482580Z all doctests ran in 0.27s; merged doctests compilation took 0.27s
2026-10-08T03:51:35.7503762Z [1m[92m   Doc-tests[0m hydrus_media
2026-10-08T03:51:36.2546311Z 
2026-10-08T03:51:36.2546883Z running 1 test
2026-10-08T03:51:36.2548226Z test crates/hydrus-media/src/lib.rs - (line 10) - compile ... ok
2026-10-08T03:51:36.2548745Z 
2026-10-08T03:51:36.2549162Z test result: ok. 1 passed; 0 failed; 0 ignored; 0 measured; 0 filtered out; finished in 0.00s
2026-10-08T03:51:36.2549808Z 
2026-10-08T03:51:36.2578291Z all doctests ran in 0.35s; merged doctests compilation took 0.35s
2026-10-08T03:51:36.2599791Z [1m[92m   Doc-tests[0m hydrus_net
2026-10-08T03:51:36.3428466Z 
2026-10-08T03:51:36.3429007Z running 0 tests
2026-10-08T03:51:36.3429293Z 
2026-10-08T03:51:36.3429814Z test result: ok. 0 passed; 0 failed; 0 ignored; 0 measured; 0 filtered out; finished in 0.00s
2026-10-08T03:51:36.3430256Z 
2026-10-08T03:51:36.3448944Z [1m[92m   Doc-tests[0m hydrus_parse
2026-10-08T03:51:36.4878129Z 
2026-10-08T03:51:36.4878716Z running 0 tests
2026-10-08T03:51:36.4878915Z 
2026-10-08T03:51:36.4879216Z test result: ok. 0 passed; 0 failed; 0 ignored; 0 measured; 0 filtered out; finished in 0.00s
2026-10-08T03:51:36.4879619Z 
2026-10-08T03:51:36.4899520Z [1m[92m   Doc-tests[0m hydrus_search
2026-10-08T03:51:36.5931767Z 
2026-10-08T03:51:36.5932426Z running 0 tests
2026-10-08T03:51:36.5932787Z 
2026-10-08T03:51:36.5933410Z test result: ok. 0 passed; 0 failed; 0 ignored; 0 measured; 0 filtered out; finished in 0.00s
2026-10-08T03:51:36.5934239Z 
2026-10-08T03:51:36.5952301Z [1m[92m   Doc-tests[0m hydrus_store
2026-10-08T03:51:37.3129822Z 
2026-10-08T03:51:37.3130352Z running 0 tests
2026-10-08T03:51:37.3130645Z 
2026-10-08T03:51:37.3131045Z test result: ok. 0 passed; 0 failed; 0 ignored; 0 measured; 0 filtered out; finished in 0.00s
2026-10-08T03:51:37.3131444Z 
2026-10-08T03:51:37.3150245Z [1m[92m   Doc-tests[0m hydrus_testkit
2026-10-08T03:51:37.3357367Z 
2026-10-08T03:51:37.3357815Z running 0 tests
2026-10-08T03:51:37.3358097Z 
2026-10-08T03:51:37.3358583Z test result: ok. 0 passed; 0 failed; 0 ignored; 0 measured; 0 filtered out; finished in 0.00s
2026-10-08T03:51:37.3359238Z 
2026-10-08T03:51:37.3479197Z ##[group]Run actions/upload-artifact@v4
2026-10-08T03:51:37.3479779Z with:
2026-10-08T03:51:37.3480191Z   name: test-diagnostics-37723417979-1
2026-10-08T03:51:37.3480765Z   path: /tmp/hydrus-tests.log
2026-10-08T03:51:37.3481266Z   if-no-files-found: ignore
2026-10-08T03:51:37.3481743Z   retention-days: 3
2026-10-08T03:51:37.3482167Z   compression-level: 6
2026-10-08T03:51:37.3482619Z   overwrite: false
2026-10-08T03:51:37.3483047Z   include-hidden-files: false
2026-10-08T03:51:37.3483527Z env:
2026-10-08T03:51:37.3483895Z   CARGO_TERM_COLOR: always
2026-10-08T03:51:37.3484376Z   RUSTFLAGS: -D warnings
2026-10-08T03:51:37.3485133Z   CARGO_HOME: /home/runner/.cargo
2026-10-08T03:51:37.3485631Z   CARGO_INCREMENTAL: 0
2026-10-08T03:51:37.3486056Z   CACHE_ON_FAILURE: true
2026-10-08T03:51:37.3486476Z ##[endgroup]
2026-10-08T03:51:37.5828178Z (node:22504) [DEP0040] DeprecationWarning: The `punycode` module is deprecated. Please use a userland alternative instead.
2026-10-08T03:51:37.5829886Z (Use `node --trace-deprecation ...` to show where the warning was created)
2026-10-08T03:51:37.5915936Z With the provided path, there will be 1 file uploaded
2026-10-08T03:51:37.5917164Z Artifact name is valid!
2026-10-08T03:51:37.5917777Z Root directory input is valid!
2026-10-08T03:51:37.7747687Z Beginning upload of artifact content to blob storage
2026-10-08T03:51:37.8008300Z (node:22504) [DEP0169] DeprecationWarning: `url.parse()` behavior is not standardized and prone to errors that have security implications. Use the WHATWG URL API instead. CVEs are not issued for `url.parse()` vulnerabilities.
2026-10-08T03:51:37.8259188Z Uploaded bytes 52992
2026-10-08T03:51:37.8413415Z Finished uploading artifact content to blob storage!
2026-10-08T03:51:37.8414838Z SHA256 digest of uploaded artifact zip is e98aaa172620ca9d648c94cbd45a729a7f8017287915bbb5df85c9c9a9dff1c3
2026-10-08T03:51:37.8416946Z Finalizing artifact upload
2026-10-08T03:51:38.0411656Z Artifact test-diagnostics-37723417979-1.zip successfully finalized. Artifact ID 11527306549
2026-10-08T03:51:38.0413540Z Artifact test-diagnostics-37723417979-1 has been successfully uploaded! Final size is 52992 bytes. Artifact ID is 11527306549
2026-10-08T03:51:38.0420023Z Artifact download URL: https://github.com/jkendall327/hydrus-mine/actions/runs/37723417979/artifacts/11527306549
2026-10-08T03:51:38.0561033Z ##[group]Run cargo xtask ratchet --check
2026-10-08T03:51:38.0561641Z [36;1mcargo xtask ratchet --check[0m
2026-10-08T03:51:38.0687390Z shell: /usr/bin/bash -e {0}
2026-10-08T03:51:38.0687671Z env:
2026-10-08T03:51:38.0687892Z   CARGO_TERM_COLOR: always
2026-10-08T03:51:38.0688160Z   RUSTFLAGS: -D warnings
2026-10-08T03:51:38.0688431Z   CARGO_HOME: /home/runner/.cargo
2026-10-08T03:51:38.0688719Z   CARGO_INCREMENTAL: 0
2026-10-08T03:51:38.0688956Z   CACHE_ON_FAILURE: true
2026-10-08T03:51:38.0689203Z ##[endgroup]
2026-10-08T03:51:38.4496877Z [1m[92m   Compiling[0m xtask v0.1.0 (/home/runner/work/hydrus-mine/hydrus-mine/xtask)
2026-10-08T03:51:38.9028388Z [1m[92m    Finished[0m `dev` profile [unoptimized + debuginfo] target(s) in 0.80s
2026-10-08T03:51:38.9106190Z [1m[92m     Running[0m `target/debug/xtask ratchet --check`
2026-10-08T03:51:38.9185503Z        api:  71/76  done ( 93.4%),   4 partial
2026-10-08T03:51:38.9186288Z   filetype:  57/68  done ( 83.8%),   7 partial
2026-10-08T03:51:38.9187069Z system_predicate:  45/45  done (100.0%),   0 partial
2026-10-08T03:51:38.9239855Z ##[group]Run actions/upload-artifact@v4
2026-10-08T03:51:38.9240178Z with:
2026-10-08T03:51:38.9240415Z   name: native-gui-renders-37723417979-1
2026-10-08T03:51:38.9240723Z   path: target/tmp/*.png
2026-10-08T03:51:38.9240985Z   if-no-files-found: ignore
2026-10-08T03:51:38.9241236Z   retention-days: 3
2026-10-08T03:51:38.9241469Z   compression-level: 6
2026-10-08T03:51:38.9241703Z   overwrite: false
2026-10-08T03:51:38.9241941Z   include-hidden-files: false
2026-10-08T03:51:38.9242199Z env:
2026-10-08T03:51:38.9242399Z   CARGO_TERM_COLOR: always
2026-10-08T03:51:38.9242833Z   RUSTFLAGS: -D warnings
2026-10-08T03:51:38.9243092Z   CARGO_HOME: /home/runner/.cargo
2026-10-08T03:51:38.9243359Z   CARGO_INCREMENTAL: 0
2026-10-08T03:51:38.9243594Z   CACHE_ON_FAILURE: true
2026-10-08T03:51:38.9243826Z ##[endgroup]
2026-10-08T03:51:39.0848881Z (node:22553) [DEP0040] DeprecationWarning: The `punycode` module is deprecated. Please use a userland alternative instead.
2026-10-08T03:51:39.0849714Z (Use `node --trace-deprecation ...` to show where the warning was created)
2026-10-08T03:51:39.1489144Z With the provided path, there will be 404 files uploaded
2026-10-08T03:51:39.1498048Z Artifact name is valid!
2026-10-08T03:51:39.1498552Z Root directory input is valid!
2026-10-08T03:51:39.3335449Z Beginning upload of artifact content to blob storage
2026-10-08T03:51:39.7253571Z (node:22553) [DEP0169] DeprecationWarning: `url.parse()` behavior is not standardized and prone to errors that have security implications. Use the WHATWG URL API instead. CVEs are not issued for `url.parse()` vulnerabilities.
2026-10-08T03:51:39.9503621Z Uploaded bytes 8388608
2026-10-08T03:51:40.2164077Z Uploaded bytes 16777216
2026-10-08T03:51:40.4683468Z Uploaded bytes 23114416
2026-10-08T03:51:40.4819996Z Finished uploading artifact content to blob storage!
2026-10-08T03:51:40.4821487Z SHA256 digest of uploaded artifact zip is 7734ecf8fd91014f47352294cc6cf16ae4f882a93b02d99ecaf319c3108a15c6
2026-10-08T03:51:40.4823322Z Finalizing artifact upload
2026-10-08T03:51:40.6864813Z Artifact native-gui-renders-37723417979-1.zip successfully finalized. Artifact ID 11527081917
2026-10-08T03:51:40.6866164Z Artifact native-gui-renders-37723417979-1 has been successfully uploaded! Final size is 23114416 bytes. Artifact ID is 11527081917
2026-10-08T03:51:40.6871468Z Artifact download URL: https://github.com/jkendall327/hydrus-mine/actions/runs/37723417979/artifacts/11527081917
2026-10-08T03:51:40.7047009Z ##[group]Run python .github/scripts/workspace_artifact_cache.py stage
2026-10-08T03:51:40.7047571Z [36;1mpython .github/scripts/workspace_artifact_cache.py stage[0m
2026-10-08T03:51:40.7107776Z shell: /usr/bin/bash --noprofile --norc -e -o pipefail {0}
2026-10-08T03:51:40.7108141Z env:
2026-10-08T03:51:40.7108365Z   CARGO_TERM_COLOR: always
2026-10-08T03:51:40.7108630Z   RUSTFLAGS: -D warnings
2026-10-08T03:51:40.7108895Z   CARGO_HOME: /home/runner/.cargo
2026-10-08T03:51:40.7109172Z   CARGO_INCREMENTAL: 0
2026-10-08T03:51:40.7109416Z   CACHE_ON_FAILURE: true
2026-10-08T03:51:40.7109659Z ##[endgroup]
2026-10-08T03:51:46.1666909Z Workspace library snapshot candidate: 293 artifact files plus input ledger, 2230296357 bytes (limit 4294967296).
2026-10-08T03:51:46.1804331Z ##[group]Run actions/cache/save@v4
2026-10-08T03:51:46.1804839Z with:
2026-10-08T03:51:46.1805075Z   path: .ci-workspace-artifacts
2026-10-08T03:51:46.1805715Z   key: hydrus-ws-v1-check-Linux-X64-32e5c06fe0e4cb32c838747d-e00ddab707e031bb3a8feaa619dbe18c26a3a6fa-37723417979-1
2026-10-08T03:51:46.1806359Z   enableCrossOsArchive: false
2026-10-08T03:51:46.1806623Z env:
2026-10-08T03:51:46.1806853Z   CARGO_TERM_COLOR: always
2026-10-08T03:51:46.1807115Z   RUSTFLAGS: -D warnings
2026-10-08T03:51:46.1807372Z   CARGO_HOME: /home/runner/.cargo
2026-10-08T03:51:46.1807650Z   CARGO_INCREMENTAL: 0
2026-10-08T03:51:46.1807890Z   CACHE_ON_FAILURE: true
2026-10-08T03:51:46.1808130Z ##[endgroup]
2026-10-08T03:51:46.3565955Z (node:22576) [DEP0040] DeprecationWarning: The `punycode` module is deprecated. Please use a userland alternative instead.
2026-10-08T03:51:46.3567321Z (Use `node --trace-deprecation ...` to show where the warning was created)
2026-10-08T03:51:46.3741170Z [command]/usr/bin/tar --posix -cf cache.tzst --exclude cache.tzst -P -C /home/runner/work/hydrus-mine/hydrus-mine --files-from manifest.txt --use-compress-program zstdmt
2026-10-08T03:51:50.4868776Z (node:22576) [DEP0169] DeprecationWarning: `url.parse()` behavior is not standardized and prone to errors that have security implications. Use the WHATWG URL API instead. CVEs are not issued for `url.parse()` vulnerabilities.
2026-10-08T03:51:51.4711851Z Sent 87607639 of 356043095 (24.6%), 83.5 MBs/sec
2026-10-08T03:51:51.9303497Z Sent 356043095 of 356043095 (100.0%), 232.6 MBs/sec
2026-10-08T03:51:52.0723903Z Cache saved with key: hydrus-ws-v1-check-Linux-X64-32e5c06fe0e4cb32c838747d-e00ddab707e031bb3a8feaa619dbe18c26a3a6fa-37723417979-1
2026-10-08T03:51:52.0986252Z Post job cleanup.
2026-10-08T03:51:52.2318576Z Cache up-to-date.
2026-10-08T03:51:52.2486943Z Post job cleanup.
2026-10-08T03:51:52.3427113Z [command]/usr/bin/git version
2026-10-08T03:51:52.3468274Z git version 2.55.0
2026-10-08T03:51:52.3506044Z Temporarily overriding HOME='/home/runner/work/_temp/0e4a0252-0b14-4a52-88f9-b141d2f727be' before making global git config changes
2026-10-08T03:51:52.3507752Z Adding repository directory to the temporary git global config as a safe directory
2026-10-08T03:51:52.3510876Z [command]/usr/bin/git config --global --add safe.directory /home/runner/work/hydrus-mine/hydrus-mine
2026-10-08T03:51:52.3552796Z [command]/usr/bin/git config --local --name-only --get-regexp core\.sshCommand
2026-10-08T03:51:52.3590271Z [command]/usr/bin/git submodule foreach --recursive sh -c "git config --local --name-only --get-regexp 'core\.sshCommand' && git config --local --unset-all 'core.sshCommand' || :"
2026-10-08T03:51:52.3869792Z [command]/usr/bin/git config --local --name-only --get-regexp http\.https\:\/\/github\.com\/\.extraheader
2026-10-08T03:51:52.3899121Z http.https://github.com/.extraheader
2026-10-08T03:51:52.3910440Z [command]/usr/bin/git config --local --unset-all http.https://github.com/.extraheader
2026-10-08T03:51:52.3942476Z [command]/usr/bin/git submodule foreach --recursive sh -c "git config --local --name-only --get-regexp 'http\.https\:\/\/github\.com\/\.extraheader' && git config --local --unset-all 'http.https://github.com/.extraheader' || :"
2026-10-08T03:51:52.4168282Z [command]/usr/bin/git config --local --name-only --get-regexp ^includeIf\.gitdir:
2026-10-08T03:51:52.4198054Z [command]/usr/bin/git submodule foreach --recursive git config --local --show-origin --name-only --get-regexp remote.origin.url
2026-10-08T03:51:52.4564217Z Cleaning up orphan processes
2026-10-08T03:51:52.5039729Z ##[warning]Node.js 20 is deprecated. The following actions target Node.js 20 but are being forced to run on Node.js 24: actions/cache/restore@v4, actions/cache/save@v4, actions/checkout@v4, actions/upload-artifact@v4. For more information see: https://github.blog/changelog/2025-09-19-deprecation-of-node-20-on-github-actions-runners/

