2026-10-08T03:35:11.0446406Z Current runner version: '2.337.0'
2026-10-08T03:35:11.0470586Z ##[group]Runner Image Provisioner
2026-10-08T03:35:11.0471451Z Hosted Compute Agent
2026-10-08T03:35:11.0472040Z Version: 20260901.588
2026-10-08T03:35:11.0472818Z Commit: f88ec8081b781fac6c440065ac7ff9e710ce3d0b
2026-10-08T03:35:11.0473547Z Build Date: 2026-09-01T19:56:44Z
2026-10-08T03:35:11.0474267Z Worker ID: {55ce3dc5-9664-44f4-b516-16f94bb15681}
2026-10-08T03:35:11.0475001Z Azure Region: eastus
2026-10-08T03:35:11.0475571Z ##[endgroup]
2026-10-08T03:35:11.0477092Z ##[group]Operating System
2026-10-08T03:35:11.0477731Z Ubuntu
2026-10-08T03:35:11.0478314Z 24.04.5
2026-10-08T03:35:11.0478845Z LTS
2026-10-08T03:35:11.0479745Z ##[endgroup]
2026-10-08T03:35:11.0480403Z ##[group]Runner Image
2026-10-08T03:35:11.0481035Z Image: ubuntu-24.04
2026-10-08T03:35:11.0481625Z Version: 20260927.320.1
2026-10-08T03:35:11.0482907Z Included Software: https://github.com/actions/runner-images/blob/ubuntu24/20260927.320/images/ubuntu/Ubuntu2404-Readme.md
2026-10-08T03:35:11.0484557Z Image Release: https://github.com/actions/runner-images/releases/tag/ubuntu24%2F20260927.320
2026-10-08T03:35:11.0485534Z ##[endgroup]
2026-10-08T03:35:11.0486743Z ##[group]GITHUB_TOKEN Permissions
2026-10-08T03:35:11.0488646Z Contents: read
2026-10-08T03:35:11.0489792Z Metadata: read
2026-10-08T03:35:11.0490415Z Packages: read
2026-10-08T03:35:11.0490956Z ##[endgroup]
2026-10-08T03:35:11.0493394Z Secret source: Actions
2026-10-08T03:35:11.0494314Z Cache mode: write
2026-10-08T03:35:11.0495614Z Prepare workflow directory
2026-10-08T03:35:11.0873184Z Prepare all required actions
2026-10-08T03:35:11.0920426Z Getting action download info
2026-10-08T03:35:11.2999878Z Download action repository 'actions/checkout@v4' (SHA:11d5960a326750d5838078e36cf38b85af677262)
2026-10-08T03:35:11.3859315Z Download action repository 'dtolnay/rust-toolchain@master' (SHA:7e38f4b43b4db5c8dd498af069a4f6196df1d067)
2026-10-08T03:35:11.4763134Z Download action repository 'Swatinem/rust-cache@v2' (SHA:6323deb102c322ba6fcbdcafc7e3dddab59af2b6)
2026-10-08T03:35:11.7747042Z Complete job name: parity-models
2026-10-08T03:35:11.8490383Z ##[group]Run actions/checkout@v4
2026-10-08T03:35:11.8491243Z with:
2026-10-08T03:35:11.8491714Z   repository: jkendall327/hydrus-mine
2026-10-08T03:35:11.8495573Z   token: ***
2026-10-08T03:35:11.8495994Z   ssh-strict: true
2026-10-08T03:35:11.8496438Z   ssh-user: git
2026-10-08T03:35:11.8496883Z   persist-credentials: true
2026-10-08T03:35:11.8497373Z   clean: true
2026-10-08T03:35:11.8497832Z   sparse-checkout-cone-mode: true
2026-10-08T03:35:11.8498362Z   fetch-depth: 1
2026-10-08T03:35:11.8498795Z   fetch-tags: false
2026-10-08T03:35:11.8499493Z   show-progress: true
2026-10-08T03:35:11.8499945Z   lfs: false
2026-10-08T03:35:11.8500355Z   submodules: false
2026-10-08T03:35:11.8500806Z   set-safe-directory: true
2026-10-08T03:35:11.8501316Z   allow-unsafe-pr-checkout: false
2026-10-08T03:35:11.8502085Z env:
2026-10-08T03:35:11.8502569Z   CARGO_TERM_COLOR: always
2026-10-08T03:35:11.8503082Z   RUSTFLAGS: -D warnings
2026-10-08T03:35:11.8503545Z ##[endgroup]
2026-10-08T03:35:11.9491846Z Syncing repository: jkendall327/hydrus-mine
2026-10-08T03:35:11.9493593Z ##[group]Getting Git version info
2026-10-08T03:35:11.9494393Z Working directory is '/home/runner/work/hydrus-mine/hydrus-mine'
2026-10-08T03:35:11.9495419Z [command]/usr/bin/git version
2026-10-08T03:35:11.9563071Z git version 2.55.0
2026-10-08T03:35:11.9583228Z ##[endgroup]
2026-10-08T03:35:11.9596375Z Temporarily overriding HOME='/home/runner/work/_temp/e0a964a5-c3b0-4a0e-98c3-b2f05247b3fc' before making global git config changes
2026-10-08T03:35:11.9597825Z Adding repository directory to the temporary git global config as a safe directory
2026-10-08T03:35:11.9601741Z [command]/usr/bin/git config --global --add safe.directory /home/runner/work/hydrus-mine/hydrus-mine
2026-10-08T03:35:11.9647714Z Deleting the contents of '/home/runner/work/hydrus-mine/hydrus-mine'
2026-10-08T03:35:11.9651585Z ##[group]Initializing the repository
2026-10-08T03:35:11.9655965Z [command]/usr/bin/git init /home/runner/work/hydrus-mine/hydrus-mine
2026-10-08T03:35:11.9770554Z hint: Using 'master' as the name for the initial branch. This default branch name
2026-10-08T03:35:11.9772772Z hint: will change to "main" in Git 3.0. To configure the initial branch name
2026-10-08T03:35:11.9774716Z hint: to use in all of your new repositories, which will suppress this warning,
2026-10-08T03:35:11.9775977Z hint: call:
2026-10-08T03:35:11.9776910Z hint:
2026-10-08T03:35:11.9777774Z hint: 	git config --global init.defaultBranch <name>
2026-10-08T03:35:11.9778468Z hint:
2026-10-08T03:35:11.9779331Z hint: Names commonly chosen instead of 'master' are 'main', 'trunk' and
2026-10-08T03:35:11.9780689Z hint: 'development'. The just-created branch can be renamed via this command:
2026-10-08T03:35:11.9781461Z hint:
2026-10-08T03:35:11.9781881Z hint: 	git branch -m <name>
2026-10-08T03:35:11.9782371Z hint:
2026-10-08T03:35:11.9783010Z hint: Disable this message with "git config set advice.defaultBranchName false"
2026-10-08T03:35:11.9784294Z Initialized empty Git repository in /home/runner/work/hydrus-mine/hydrus-mine/.git/
2026-10-08T03:35:11.9786630Z [command]/usr/bin/git remote add origin https://github.com/jkendall327/hydrus-mine
2026-10-08T03:35:11.9837447Z ##[endgroup]
2026-10-08T03:35:11.9838242Z ##[group]Disabling automatic garbage collection
2026-10-08T03:35:11.9842828Z [command]/usr/bin/git config --local gc.auto 0
2026-10-08T03:35:11.9871528Z ##[endgroup]
2026-10-08T03:35:11.9872892Z ##[group]Setting up auth
2026-10-08T03:35:11.9878265Z [command]/usr/bin/git config --local --name-only --get-regexp core\.sshCommand
2026-10-08T03:35:11.9908572Z [command]/usr/bin/git submodule foreach --recursive sh -c "git config --local --name-only --get-regexp 'core\.sshCommand' && git config --local --unset-all 'core.sshCommand' || :"
2026-10-08T03:35:12.0259867Z [command]/usr/bin/git config --local --name-only --get-regexp http\.https\:\/\/github\.com\/\.extraheader
2026-10-08T03:35:12.0291635Z [command]/usr/bin/git submodule foreach --recursive sh -c "git config --local --name-only --get-regexp 'http\.https\:\/\/github\.com\/\.extraheader' && git config --local --unset-all 'http.https://github.com/.extraheader' || :"
2026-10-08T03:35:12.0526534Z [command]/usr/bin/git config --local --name-only --get-regexp ^includeIf\.gitdir:
2026-10-08T03:35:12.0563144Z [command]/usr/bin/git submodule foreach --recursive git config --local --show-origin --name-only --get-regexp remote.origin.url
2026-10-08T03:35:12.0804205Z [command]/usr/bin/git config --local http.https://github.com/.extraheader AUTHORIZATION: basic ***
2026-10-08T03:35:12.0843506Z ##[endgroup]
2026-10-08T03:35:12.0844637Z ##[group]Fetching the repository
2026-10-08T03:35:12.0859504Z [command]/usr/bin/git -c protocol.version=2 fetch --no-tags --prune --no-recurse-submodules --depth=1 origin +e00ddab707e031bb3a8feaa619dbe18c26a3a6fa:refs/remotes/origin/codex/validation-runner
2026-10-08T03:35:25.7811703Z From https://github.com/jkendall327/hydrus-mine
2026-10-08T03:35:25.7813763Z  * [new ref]         e00ddab707e031bb3a8feaa619dbe18c26a3a6fa -> origin/codex/validation-runner
2026-10-08T03:35:25.7817854Z ##[endgroup]
2026-10-08T03:35:25.7819727Z ##[group]Determining the checkout info
2026-10-08T03:35:25.7821382Z ##[endgroup]
2026-10-08T03:35:25.7822640Z [command]/usr/bin/git sparse-checkout disable
2026-10-08T03:35:25.7868049Z [command]/usr/bin/git config --local --unset-all extensions.worktreeConfig
2026-10-08T03:35:25.7894952Z ##[group]Checking out the ref
2026-10-08T03:35:25.7898587Z [command]/usr/bin/git checkout --progress --force -B codex/validation-runner refs/remotes/origin/codex/validation-runner
2026-10-08T03:35:26.8042185Z Updating files:  75% (4483/5917)
2026-10-08T03:35:26.8102814Z Updating files:  76% (4497/5917)
2026-10-08T03:35:26.8249778Z Updating files:  77% (4557/5917)
2026-10-08T03:35:26.8307948Z Updating files:  78% (4616/5917)
2026-10-08T03:35:26.8349635Z Updating files:  79% (4675/5917)
2026-10-08T03:35:26.8402100Z Updating files:  80% (4734/5917)
2026-10-08T03:35:26.8467977Z Updating files:  81% (4793/5917)
2026-10-08T03:35:26.8576370Z Updating files:  82% (4852/5917)
2026-10-08T03:35:26.8665337Z Updating files:  83% (4912/5917)
2026-10-08T03:35:26.8736990Z Updating files:  84% (4971/5917)
2026-10-08T03:35:26.8758508Z Updating files:  85% (5030/5917)
2026-10-08T03:35:26.8880897Z Updating files:  86% (5089/5917)
2026-10-08T03:35:26.8951809Z Updating files:  87% (5148/5917)
2026-10-08T03:35:26.9022082Z Updating files:  88% (5207/5917)
2026-10-08T03:35:26.9064475Z Updating files:  89% (5267/5917)
2026-10-08T03:35:26.9105644Z Updating files:  90% (5326/5917)
2026-10-08T03:35:26.9147320Z Updating files:  91% (5385/5917)
2026-10-08T03:35:26.9190384Z Updating files:  92% (5444/5917)
2026-10-08T03:35:26.9244443Z Updating files:  93% (5503/5917)
2026-10-08T03:35:26.9384153Z Updating files:  94% (5562/5917)
2026-10-08T03:35:26.9783074Z Updating files:  95% (5622/5917)
2026-10-08T03:35:26.9825449Z Updating files:  96% (5681/5917)
2026-10-08T03:35:26.9867477Z Updating files:  97% (5740/5917)
2026-10-08T03:35:26.9894696Z Updating files:  98% (5799/5917)
2026-10-08T03:35:26.9985284Z Updating files:  99% (5858/5917)
2026-10-08T03:35:26.9985827Z Updating files: 100% (5917/5917)
2026-10-08T03:35:26.9986242Z Updating files: 100% (5917/5917), done.
2026-10-08T03:35:27.0052767Z Switched to a new branch 'codex/validation-runner'
2026-10-08T03:35:27.0058310Z branch 'codex/validation-runner' set up to track 'origin/codex/validation-runner'.
2026-10-08T03:35:27.0123523Z ##[endgroup]
2026-10-08T03:35:27.0166171Z [command]/usr/bin/git log -1 --format=%H
2026-10-08T03:35:27.0190168Z e00ddab707e031bb3a8feaa619dbe18c26a3a6fa
2026-10-08T03:35:27.0613977Z ##[group]Run dtolnay/rust-toolchain@master
2026-10-08T03:35:27.0614418Z with:
2026-10-08T03:35:27.0614684Z   toolchain: 1.94
2026-10-08T03:35:27.0614953Z env:
2026-10-08T03:35:27.0615215Z   CARGO_TERM_COLOR: always
2026-10-08T03:35:27.0615535Z   RUSTFLAGS: -D warnings
2026-10-08T03:35:27.0615831Z ##[endgroup]
2026-10-08T03:35:27.0681164Z ##[start-action display=Parse toolchain version;id=__dtolnay_rust-toolchain.parse]
2026-10-08T03:35:27.0737515Z ##[group]Run if [[ -z $toolchain ]]; then
2026-10-08T03:35:27.0737999Z [36;1mif [[ -z $toolchain ]]; then[0m
2026-10-08T03:35:27.0738643Z [36;1m  # GitHub does not enforce `required: true` inputs itself. https://github.com/actions/runner/issues/1070[0m
2026-10-08T03:35:27.0739582Z [36;1m  echo "'toolchain' is a required input" >&2[0m
2026-10-08T03:35:27.0739961Z [36;1m  exit 1[0m
2026-10-08T03:35:27.0740396Z [36;1melif [[ $toolchain =~ ^stable' '[0-9]+' '(year|month|week|day)s?' 'ago$ ]]; then[0m
2026-10-08T03:35:27.0740940Z [36;1m  if [[ Linux == macOS ]]; then[0m
2026-10-08T03:35:27.0741584Z [36;1m    echo "toolchain=1.$((($(date -v-$(sed 's/stable \([0-9]*\) \(.\).*/\1\2/' <<< $toolchain) +%s)/60/60/24-16569)/7/6))" >> $GITHUB_OUTPUT[0m
2026-10-08T03:35:27.0742188Z [36;1m  else[0m
2026-10-08T03:35:27.0742679Z [36;1m    echo "toolchain=1.$((($(date --date "${toolchain#stable }" +%s)/60/60/24-16569)/7/6))" >> $GITHUB_OUTPUT[0m
2026-10-08T03:35:27.0743225Z [36;1m  fi[0m
2026-10-08T03:35:27.0743614Z [36;1melif [[ $toolchain =~ ^stable' 'minus' '[0-9]+' 'releases?$ ]]; then[0m
2026-10-08T03:35:27.0744244Z [36;1m  echo "toolchain=1.$((($(date +%s)/60/60/24-16569)/7/6-${toolchain//[^0-9]/}))" >> $GITHUB_OUTPUT[0m
2026-10-08T03:35:27.0744783Z [36;1melif [[ $toolchain =~ ^1\.[0-9]+$ ]]; then[0m
2026-10-08T03:35:27.0745395Z [36;1m  echo "toolchain=1.$((i=${toolchain#1.}, c=($(date +%s)/60/60/24-16569)/7/6, i+9*i*(10*i<=c)+90*i*(100*i<=c)))" >> $GITHUB_OUTPUT[0m
2026-10-08T03:35:27.0745969Z [36;1melse[0m
2026-10-08T03:35:27.0746288Z [36;1m  echo "toolchain=$toolchain" >> $GITHUB_OUTPUT[0m
2026-10-08T03:35:27.0746654Z [36;1mfi[0m
2026-10-08T03:35:27.0995247Z shell: /usr/bin/bash --noprofile --norc -e -o pipefail {0}
2026-10-08T03:35:27.0995708Z env:
2026-10-08T03:35:27.0995984Z   CARGO_TERM_COLOR: always
2026-10-08T03:35:27.0996311Z   RUSTFLAGS: -D warnings
2026-10-08T03:35:27.0996818Z   toolchain: 1.94
2026-10-08T03:35:27.0997100Z ##[endgroup]
2026-10-08T03:35:27.1138421Z ##[end-action id=__dtolnay_rust-toolchain.parse;outcome=success;conclusion=success;duration_ms=45]
2026-10-08T03:35:27.1151433Z ##[start-action display=Construct rustup command line;id=__dtolnay_rust-toolchain.flags]
2026-10-08T03:35:27.1183348Z ##[group]Run echo "targets=$(for t in ${targets//,/ }; do echo -n ' --target' $t; done)" >> $GITHUB_OUTPUT
2026-10-08T03:35:27.1184078Z [36;1mecho "targets=$(for t in ${targets//,/ }; do echo -n ' --target' $t; done)" >> $GITHUB_OUTPUT[0m
2026-10-08T03:35:27.1184818Z [36;1mecho "components=$(for c in ${components//,/ }; do echo -n ' --component' $c; done)" >> $GITHUB_OUTPUT[0m
2026-10-08T03:35:27.1185370Z [36;1mecho "downgrade=" >> $GITHUB_OUTPUT[0m
2026-10-08T03:35:27.1241220Z shell: /usr/bin/bash --noprofile --norc -e -o pipefail {0}
2026-10-08T03:35:27.1241628Z env:
2026-10-08T03:35:27.1241877Z   CARGO_TERM_COLOR: always
2026-10-08T03:35:27.1242185Z   RUSTFLAGS: -D warnings
2026-10-08T03:35:27.1242458Z   targets: 
2026-10-08T03:35:27.1242705Z   components: 
2026-10-08T03:35:27.1242959Z ##[endgroup]
2026-10-08T03:35:27.1334917Z ##[end-action id=__dtolnay_rust-toolchain.flags;outcome=success;conclusion=success;duration_ms=18]
2026-10-08T03:35:27.1337429Z ##[start-action display=Set $CARGO_HOME;id=__dtolnay_rust-toolchain.__run]
2026-10-08T03:35:27.1359716Z ##[group]Run echo CARGO_HOME=${CARGO_HOME:-"$HOME/.cargo"} >> $GITHUB_ENV
2026-10-08T03:35:27.1360294Z [36;1mecho CARGO_HOME=${CARGO_HOME:-"$HOME/.cargo"} >> $GITHUB_ENV[0m
2026-10-08T03:35:27.1415896Z shell: /usr/bin/bash --noprofile --norc -e -o pipefail {0}
2026-10-08T03:35:27.1416335Z env:
2026-10-08T03:35:27.1416607Z   CARGO_TERM_COLOR: always
2026-10-08T03:35:27.1416923Z   RUSTFLAGS: -D warnings
2026-10-08T03:35:27.1417218Z ##[endgroup]
2026-10-08T03:35:27.1499998Z ##[end-action id=__dtolnay_rust-toolchain.__run;outcome=success;conclusion=success;duration_ms=16]
2026-10-08T03:35:27.1502428Z ##[start-action display=Install rustup if needed;id=__dtolnay_rust-toolchain.__run_2]
2026-10-08T03:35:27.1530076Z ##[group]Run if ! command -v rustup &>/dev/null; then
2026-10-08T03:35:27.1530503Z [36;1mif ! command -v rustup &>/dev/null; then[0m
2026-10-08T03:35:27.1531307Z [36;1m  curl --proto '=https' --tlsv1.2 --retry 10 --retry-connrefused --location --silent --show-error --fail https://sh.rustup.rs | sh -s -- --default-toolchain none -y[0m
2026-10-08T03:35:27.1532083Z [36;1m  echo "$CARGO_HOME/bin" >> $GITHUB_PATH[0m
2026-10-08T03:35:27.1532413Z [36;1mfi[0m
2026-10-08T03:35:27.1587870Z shell: /usr/bin/bash --noprofile --norc -e -o pipefail {0}
2026-10-08T03:35:27.1588278Z env:
2026-10-08T03:35:27.1588526Z   CARGO_TERM_COLOR: always
2026-10-08T03:35:27.1588817Z   RUSTFLAGS: -D warnings
2026-10-08T03:35:27.1589448Z   CARGO_HOME: /home/runner/.cargo
2026-10-08T03:35:27.1589762Z ##[endgroup]
2026-10-08T03:35:27.1670629Z ##[end-action id=__dtolnay_rust-toolchain.__run_2;outcome=success;conclusion=success;duration_ms=16]
2026-10-08T03:35:27.1673090Z ##[start-action display=Install rustup if needed on windows;id=__dtolnay_rust-toolchain.__run_3]
2026-10-08T03:35:27.1680041Z ##[end-action id=__dtolnay_rust-toolchain.__run_3;outcome=skipped;conclusion=skipped;duration_ms=0]
2026-10-08T03:35:27.1691142Z ##[start-action display=rustup toolchain install 1.94;id=__dtolnay_rust-toolchain.__run_4]
2026-10-08T03:35:27.1713002Z ##[group]Run log=$(mktemp)
2026-10-08T03:35:27.1713330Z [36;1mlog=$(mktemp)[0m
2026-10-08T03:35:27.1713614Z [36;1mtrap 'rm -f "$log"' EXIT[0m
2026-10-08T03:35:27.1713929Z [36;1mfor attempt in 1 2 3 4 5; do[0m
2026-10-08T03:35:27.1714519Z [36;1m  if rustup toolchain install 1.94 --profile minimal --no-self-update --force-non-host 2>&1 | tee "$log"; then[0m
2026-10-08T03:35:27.1715096Z [36;1m    break[0m
2026-10-08T03:35:27.1715348Z [36;1m  else[0m
2026-10-08T03:35:27.1715597Z [36;1m    status=$?[0m
2026-10-08T03:35:27.1715871Z [36;1m  fi[0m
2026-10-08T03:35:27.1716222Z [36;1m  if [[ $attempt == 5 ]] || ! grep -Fq 'checksum failed for ' "$log" \[0m
2026-10-08T03:35:27.1717014Z [36;1m      || ! grep -Fq 'this is likely due to an ongoing update of the official release server' "$log"; then[0m
2026-10-08T03:35:27.1717534Z [36;1m    exit "$status"[0m
2026-10-08T03:35:27.1717809Z [36;1m  fi[0m
2026-10-08T03:35:27.1718222Z [36;1m  echo "Retrying rustup toolchain install in 30 seconds (retry $attempt of 4)" >&2[0m
2026-10-08T03:35:27.1718700Z [36;1m  sleep 30[0m
2026-10-08T03:35:27.1719158Z [36;1mdone[0m
2026-10-08T03:35:27.1775042Z shell: /usr/bin/bash --noprofile --norc -e -o pipefail {0}
2026-10-08T03:35:27.1775624Z env:
2026-10-08T03:35:27.1775978Z   CARGO_TERM_COLOR: always
2026-10-08T03:35:27.1776285Z   RUSTFLAGS: -D warnings
2026-10-08T03:35:27.1776573Z   CARGO_HOME: /home/runner/.cargo
2026-10-08T03:35:27.1776886Z   RUSTUP_PERMIT_COPY_RENAME: 1
2026-10-08T03:35:27.1777175Z ##[endgroup]
2026-10-08T03:35:27.2694286Z info: syncing channel updates for 1.94-x86_64-unknown-linux-gnu
2026-10-08T03:35:27.5008383Z info: latest update on 2026-03-26 for version 1.94.1 (e408947bf 2026-03-25)
2026-10-08T03:35:27.5010015Z info: downloading 3 components
2026-10-08T03:35:34.6031030Z 
2026-10-08T03:35:34.6099344Z   1.94-x86_64-unknown-linux-gnu installed - rustc 1.94.1 (e408947bf 2026-03-25)
2026-10-08T03:35:34.6100100Z 
2026-10-08T03:35:34.6165390Z ##[end-action id=__dtolnay_rust-toolchain.__run_4;outcome=success;conclusion=success;duration_ms=7447]
2026-10-08T03:35:34.6173735Z ##[start-action display=rustup default 1.94;id=__dtolnay_rust-toolchain.__run_5]
2026-10-08T03:35:34.6198604Z ##[group]Run rustup default 1.94 --force-non-host
2026-10-08T03:35:34.6199648Z [36;1mrustup default 1.94 --force-non-host[0m
2026-10-08T03:35:34.6264944Z shell: /usr/bin/bash --noprofile --norc -e -o pipefail {0}
2026-10-08T03:35:34.6265315Z env:
2026-10-08T03:35:34.6265549Z   CARGO_TERM_COLOR: always
2026-10-08T03:35:34.6265821Z   RUSTFLAGS: -D warnings
2026-10-08T03:35:34.6266090Z   CARGO_HOME: /home/runner/.cargo
2026-10-08T03:35:34.6266381Z ##[endgroup]
2026-10-08T03:35:34.6388433Z info: using existing install for 1.94-x86_64-unknown-linux-gnu
2026-10-08T03:35:34.6394943Z info: default toolchain set to 1.94-x86_64-unknown-linux-gnu
2026-10-08T03:35:34.6395415Z 
2026-10-08T03:35:34.6460897Z   1.94-x86_64-unknown-linux-gnu unchanged - rustc 1.94.1 (e408947bf 2026-03-25)
2026-10-08T03:35:34.6461485Z 
2026-10-08T03:35:34.6463681Z info: note that the toolchain '1.94-x86_64-unknown-linux-gnu' is currently in use (overridden by '/home/runner/work/hydrus-mine/hydrus-mine/rust-toolchain.toml')
2026-10-08T03:35:34.6477214Z ##[end-action id=__dtolnay_rust-toolchain.__run_5;outcome=success;conclusion=success;duration_ms=30]
2026-10-08T03:35:34.6480170Z ##[start-action display=Create cachekey;id=__dtolnay_rust-toolchain.rustc-version]
2026-10-08T03:35:34.6503046Z ##[group]Run DATE=$(rustc +1.94 --version --verbose | sed -ne 's/^commit-date: \(20[0-9][0-9]\)-\([01][0-9]\)-\([0-3][0-9]\)$/\1\2\3/p')
2026-10-08T03:35:34.6503935Z [36;1mDATE=$(rustc +1.94 --version --verbose | sed -ne 's/^commit-date: \(20[0-9][0-9]\)-\([01][0-9]\)-\([0-3][0-9]\)$/\1\2\3/p')[0m
2026-10-08T03:35:34.6504588Z [36;1mHASH=$(rustc +1.94 --version --verbose | sed -ne 's/^commit-hash: //p')[0m
2026-10-08T03:35:34.6505099Z [36;1mecho "cachekey=$(echo $DATE$HASH | head -c12)" >> $GITHUB_OUTPUT[0m
2026-10-08T03:35:34.6566716Z shell: /usr/bin/bash --noprofile --norc -e -o pipefail {0}
2026-10-08T03:35:34.6567090Z env:
2026-10-08T03:35:34.6567338Z   CARGO_TERM_COLOR: always
2026-10-08T03:35:34.6567618Z   RUSTFLAGS: -D warnings
2026-10-08T03:35:34.6567883Z   CARGO_HOME: /home/runner/.cargo
2026-10-08T03:35:34.6568169Z ##[endgroup]
2026-10-08T03:35:34.6903680Z ##[end-action id=__dtolnay_rust-toolchain.rustc-version;outcome=success;conclusion=success;duration_ms=42]
2026-10-08T03:35:34.6906401Z ##[start-action display=Disable incremental compilation;id=__dtolnay_rust-toolchain.__run_6]
2026-10-08T03:35:34.6951698Z ##[group]Run if [ -z "${CARGO_INCREMENTAL+set}" ]; then
2026-10-08T03:35:34.6952279Z [36;1mif [ -z "${CARGO_INCREMENTAL+set}" ]; then[0m
2026-10-08T03:35:34.6952615Z [36;1m  echo CARGO_INCREMENTAL=0 >> $GITHUB_ENV[0m
2026-10-08T03:35:34.6952901Z [36;1mfi[0m
2026-10-08T03:35:34.7019851Z shell: /usr/bin/bash --noprofile --norc -e -o pipefail {0}
2026-10-08T03:35:34.7020215Z env:
2026-10-08T03:35:34.7020419Z   CARGO_TERM_COLOR: always
2026-10-08T03:35:34.7020664Z   RUSTFLAGS: -D warnings
2026-10-08T03:35:34.7020913Z   CARGO_HOME: /home/runner/.cargo
2026-10-08T03:35:34.7021168Z ##[endgroup]
2026-10-08T03:35:34.7112822Z ##[end-action id=__dtolnay_rust-toolchain.__run_6;outcome=success;conclusion=success;duration_ms=20]
2026-10-08T03:35:34.7115157Z ##[start-action display=Enable colors in Cargo output;id=__dtolnay_rust-toolchain.__run_7]
2026-10-08T03:35:34.7136860Z ##[group]Run if [ -z "${CARGO_TERM_COLOR+set}" ]; then
2026-10-08T03:35:34.7137261Z [36;1mif [ -z "${CARGO_TERM_COLOR+set}" ]; then[0m
2026-10-08T03:35:34.7137622Z [36;1m  echo CARGO_TERM_COLOR=always >> $GITHUB_ENV[0m
2026-10-08T03:35:34.7137965Z [36;1mfi[0m
2026-10-08T03:35:34.7201692Z shell: /usr/bin/bash --noprofile --norc -e -o pipefail {0}
2026-10-08T03:35:34.7202068Z env:
2026-10-08T03:35:34.7202300Z   CARGO_TERM_COLOR: always
2026-10-08T03:35:34.7202569Z   RUSTFLAGS: -D warnings
2026-10-08T03:35:34.7202838Z   CARGO_HOME: /home/runner/.cargo
2026-10-08T03:35:34.7203113Z   CARGO_INCREMENTAL: 0
2026-10-08T03:35:34.7203347Z ##[endgroup]
2026-10-08T03:35:34.7291884Z ##[end-action id=__dtolnay_rust-toolchain.__run_7;outcome=success;conclusion=success;duration_ms=17]
2026-10-08T03:35:34.7294332Z ##[start-action display=Enable Cargo sparse registry;id=__dtolnay_rust-toolchain.__run_8]
2026-10-08T03:35:34.7317132Z ##[group]Run # implemented in 1.66, stabilized in 1.68, made default in 1.70
2026-10-08T03:35:34.7317663Z [36;1m# implemented in 1.66, stabilized in 1.68, made default in 1.70[0m
2026-10-08T03:35:34.7318380Z [36;1mif [ -z "${CARGO_REGISTRIES_CRATES_IO_PROTOCOL+set}" -o -f "/home/runner/work/_temp"/.implicit_cargo_registries_crates_io_protocol ]; then[0m
2026-10-08T03:35:34.7319513Z [36;1m  if rustc +1.94 --version --verbose | grep -q '^release: 1\.6[89]\.'; then[0m
2026-10-08T03:35:34.7320118Z [36;1m    touch "/home/runner/work/_temp"/.implicit_cargo_registries_crates_io_protocol || true[0m
2026-10-08T03:35:34.7320678Z [36;1m    echo CARGO_REGISTRIES_CRATES_IO_PROTOCOL=sparse >> $GITHUB_ENV[0m
2026-10-08T03:35:34.7321172Z [36;1m  elif rustc +1.94 --version --verbose | grep -q '^release: 1\.6[67]\.'; then[0m
2026-10-08T03:35:34.7321756Z [36;1m    touch "/home/runner/work/_temp"/.implicit_cargo_registries_crates_io_protocol || true[0m
2026-10-08T03:35:34.7322286Z [36;1m    echo CARGO_REGISTRIES_CRATES_IO_PROTOCOL=git >> $GITHUB_ENV[0m
2026-10-08T03:35:34.7322642Z [36;1m  fi[0m
2026-10-08T03:35:34.7322836Z [36;1mfi[0m
2026-10-08T03:35:34.7385821Z shell: /usr/bin/bash --noprofile --norc -e -o pipefail {0}
2026-10-08T03:35:34.7386182Z env:
2026-10-08T03:35:34.7386399Z   CARGO_TERM_COLOR: always
2026-10-08T03:35:34.7386641Z   RUSTFLAGS: -D warnings
2026-10-08T03:35:34.7386889Z   CARGO_HOME: /home/runner/.cargo
2026-10-08T03:35:34.7387146Z   CARGO_INCREMENTAL: 0
2026-10-08T03:35:34.7387363Z ##[endgroup]
2026-10-08T03:35:34.7695017Z ##[end-action id=__dtolnay_rust-toolchain.__run_8;outcome=success;conclusion=success;duration_ms=39]
2026-10-08T03:35:34.7697499Z ##[start-action display=Work around spurious network errors in curl 8.0;id=__dtolnay_rust-toolchain.__run_9]
2026-10-08T03:35:34.7720685Z ##[group]Run # https://rust-lang.zulipchat.com/#narrow/stream/246057-t-cargo/topic/timeout.20investigation
2026-10-08T03:35:34.7721499Z [36;1m# https://rust-lang.zulipchat.com/#narrow/stream/246057-t-cargo/topic/timeout.20investigation[0m
2026-10-08T03:35:34.7722139Z [36;1mif rustc +1.94 --version --verbose | grep -q '^release: 1\.7[01]\.'; then[0m
2026-10-08T03:35:34.7722615Z [36;1m  echo CARGO_HTTP_MULTIPLEXING=false >> $GITHUB_ENV[0m
2026-10-08T03:35:34.7722963Z [36;1mfi[0m
2026-10-08T03:35:34.7787026Z shell: /usr/bin/bash --noprofile --norc -e -o pipefail {0}
2026-10-08T03:35:34.7787406Z env:
2026-10-08T03:35:34.7787637Z   CARGO_TERM_COLOR: always
2026-10-08T03:35:34.7787907Z   RUSTFLAGS: -D warnings
2026-10-08T03:35:34.7788177Z   CARGO_HOME: /home/runner/.cargo
2026-10-08T03:35:34.7788466Z   CARGO_INCREMENTAL: 0
2026-10-08T03:35:34.7788703Z ##[endgroup]
2026-10-08T03:35:34.7988456Z ##[end-action id=__dtolnay_rust-toolchain.__run_9;outcome=success;conclusion=success;duration_ms=29]
2026-10-08T03:35:34.7992900Z ##[start-action display=rustc +1.94 --version --verbose;id=__dtolnay_rust-toolchain.__run_10]
2026-10-08T03:35:34.8014130Z ##[group]Run rustc +1.94 --version --verbose
2026-10-08T03:35:34.8014467Z [36;1mrustc +1.94 --version --verbose[0m
2026-10-08T03:35:34.8076726Z shell: /usr/bin/bash --noprofile --norc -e -o pipefail {0}
2026-10-08T03:35:34.8077085Z env:
2026-10-08T03:35:34.8077291Z   CARGO_TERM_COLOR: always
2026-10-08T03:35:34.8077539Z   RUSTFLAGS: -D warnings
2026-10-08T03:35:34.8077794Z   CARGO_HOME: /home/runner/.cargo
2026-10-08T03:35:34.8078051Z   CARGO_INCREMENTAL: 0
2026-10-08T03:35:34.8078264Z ##[endgroup]
2026-10-08T03:35:34.8259897Z rustc 1.94.1 (e408947bf 2026-03-25)
2026-10-08T03:35:34.8260718Z binary: rustc
2026-10-08T03:35:34.8261711Z commit-hash: e408947bfd200af42db322daf0fadfe7e26d3bd1
2026-10-08T03:35:34.8262615Z commit-date: 2026-03-25
2026-10-08T03:35:34.8262998Z host: x86_64-unknown-linux-gnu
2026-10-08T03:35:34.8263260Z release: 1.94.1
2026-10-08T03:35:34.8263584Z LLVM version: 21.1.8
2026-10-08T03:35:34.8280134Z ##[end-action id=__dtolnay_rust-toolchain.__run_10;outcome=success;conclusion=success;duration_ms=28]
2026-10-08T03:35:34.8398274Z ##[group]Run Swatinem/rust-cache@v2
2026-10-08T03:35:34.8398587Z with:
2026-10-08T03:35:34.8398796Z   cache-on-failure: true
2026-10-08T03:35:34.8399400Z   cache-workspace-crates: true
2026-10-08T03:35:34.8399666Z   prefix-key: v0-rust
2026-10-08T03:35:34.8399890Z   add-job-id-key: true
2026-10-08T03:35:34.8400159Z   add-rust-environment-hash-key: true
2026-10-08T03:35:34.8400435Z   cache-targets: true
2026-10-08T03:35:34.8400658Z   cache-all-crates: false
2026-10-08T03:35:34.8400886Z   save-if: true
2026-10-08T03:35:34.8401097Z   cache-provider: github
2026-10-08T03:35:34.8401320Z   cache-bin: true
2026-10-08T03:35:34.8401523Z   lookup-only: false
2026-10-08T03:35:34.8401730Z   cmd-format: {0}
2026-10-08T03:35:34.8401926Z env:
2026-10-08T03:35:34.8402112Z   CARGO_TERM_COLOR: always
2026-10-08T03:35:34.8402348Z   RUSTFLAGS: -D warnings
2026-10-08T03:35:34.8402592Z   CARGO_HOME: /home/runner/.cargo
2026-10-08T03:35:34.8402842Z   CARGO_INCREMENTAL: 0
2026-10-08T03:35:34.8403071Z ##[endgroup]
2026-10-08T03:35:36.4981293Z ##[group]Cache Configuration
2026-10-08T03:35:36.4981616Z Cache Provider:
2026-10-08T03:35:36.4982068Z     github
2026-10-08T03:35:36.4982444Z Workspaces:
2026-10-08T03:35:36.4982890Z     /home/runner/work/hydrus-mine/hydrus-mine
2026-10-08T03:35:36.4983344Z Cache Paths:
2026-10-08T03:35:36.4990195Z     /home/runner/.cargo/bin
2026-10-08T03:35:36.4990874Z     /home/runner/.cargo/.crates.toml
2026-10-08T03:35:36.4991650Z     /home/runner/.cargo/.crates2.json
2026-10-08T03:35:36.4992298Z     /home/runner/.cargo/registry
2026-10-08T03:35:36.4992927Z     /home/runner/.cargo/git
2026-10-08T03:35:36.4993416Z     /home/runner/work/hydrus-mine/hydrus-mine/target
2026-10-08T03:35:36.4993918Z Restore Key:
2026-10-08T03:35:36.4994311Z     v0-rust-parity-models-Linux-x64-6601efbe
2026-10-08T03:35:36.4994796Z Cache Key:
2026-10-08T03:35:36.4995223Z     v0-rust-parity-models-Linux-x64-6601efbe-115c7281
2026-10-08T03:35:36.4995753Z .. Prefix:
2026-10-08T03:35:36.4996152Z   - v0-rust-parity-models-Linux-x64
2026-10-08T03:35:36.4996472Z .. Environment considered:
2026-10-08T03:35:36.4996707Z   - Rust Versions:
2026-10-08T03:35:36.4997039Z     - 1.94.1 x86_64-unknown-linux-gnu e408947bfd200af42db322daf0fadfe7e26d3bd1
2026-10-08T03:35:36.4997556Z     - 1.98.1 x86_64-unknown-linux-gnu 48a229ceaefd4985c50990b14116b6d856af0985
2026-10-08T03:35:36.4998588Z   - CARGO_HOME
2026-10-08T03:35:36.4999138Z   - CARGO_INCREMENTAL
2026-10-08T03:35:36.4999508Z   - CARGO_TERM_COLOR
2026-10-08T03:35:36.4999852Z   - RUSTFLAGS
2026-10-08T03:35:36.5000182Z .. Lockfiles considered:
2026-10-08T03:35:36.5000694Z   - /home/runner/work/hydrus-mine/hydrus-mine/.cargo/config.toml
2026-10-08T03:35:36.5001363Z   - /home/runner/work/hydrus-mine/hydrus-mine/Cargo.lock
2026-10-08T03:35:36.5002009Z   - /home/runner/work/hydrus-mine/hydrus-mine/crates/hydrus-api/Cargo.toml
2026-10-08T03:35:36.5002494Z   - /home/runner/work/hydrus-mine/hydrus-mine/crates/hydrus-cli/Cargo.toml
2026-10-08T03:35:36.5002975Z   - /home/runner/work/hydrus-mine/hydrus-mine/crates/hydrus-core/Cargo.toml
2026-10-08T03:35:36.5003472Z   - /home/runner/work/hydrus-mine/hydrus-mine/crates/hydrus-download/Cargo.toml
2026-10-08T03:35:36.5004036Z   - /home/runner/work/hydrus-mine/hydrus-mine/crates/hydrus-downloader-exchange/Cargo.toml
2026-10-08T03:35:36.5004600Z   - /home/runner/work/hydrus-mine/hydrus-mine/crates/hydrus-duplicates/Cargo.toml
2026-10-08T03:35:36.5005125Z   - /home/runner/work/hydrus-mine/hydrus-mine/crates/hydrus-gui-model/Cargo.toml
2026-10-08T03:35:36.5005633Z   - /home/runner/work/hydrus-mine/hydrus-mine/crates/hydrus-gui-ui/Cargo.toml
2026-10-08T03:35:36.5006109Z   - /home/runner/work/hydrus-mine/hydrus-mine/crates/hydrus-gui/Cargo.toml
2026-10-08T03:35:36.5006585Z   - /home/runner/work/hydrus-mine/hydrus-mine/crates/hydrus-import/Cargo.toml
2026-10-08T03:35:36.5007069Z   - /home/runner/work/hydrus-mine/hydrus-mine/crates/hydrus-legacy/Cargo.toml
2026-10-08T03:35:36.5007793Z   - /home/runner/work/hydrus-mine/hydrus-mine/crates/hydrus-media/Cargo.toml
2026-10-08T03:35:36.5008287Z   - /home/runner/work/hydrus-mine/hydrus-mine/crates/hydrus-net/Cargo.toml
2026-10-08T03:35:36.5008769Z   - /home/runner/work/hydrus-mine/hydrus-mine/crates/hydrus-parse/Cargo.toml
2026-10-08T03:35:36.5009455Z   - /home/runner/work/hydrus-mine/hydrus-mine/crates/hydrus-search/Cargo.toml
2026-10-08T03:35:36.5009957Z   - /home/runner/work/hydrus-mine/hydrus-mine/crates/hydrus-store/Cargo.toml
2026-10-08T03:35:36.5010444Z   - /home/runner/work/hydrus-mine/hydrus-mine/crates/hydrus-testkit/Cargo.toml
2026-10-08T03:35:36.5010906Z   - /home/runner/work/hydrus-mine/hydrus-mine/rust-toolchain.toml
2026-10-08T03:35:36.5011338Z   - /home/runner/work/hydrus-mine/hydrus-mine/xtask/Cargo.toml
2026-10-08T03:35:36.5011893Z ##[endgroup]
2026-10-08T03:35:36.5012009Z 
2026-10-08T03:35:36.5012100Z ... Restoring cache ...
2026-10-08T03:35:36.5701670Z Cache hit for: v0-rust-parity-models-Linux-x64-6601efbe-115c7281
2026-10-08T03:35:37.6208874Z Received 176160768 of 613017924 (28.7%), 168.0 MBs/sec
2026-10-08T03:35:38.6202868Z Received 373293056 of 613017924 (60.9%), 178.0 MBs/sec
2026-10-08T03:35:39.6207261Z Received 562036736 of 613017924 (91.7%), 178.6 MBs/sec
2026-10-08T03:35:39.8429817Z Received 613017924 of 613017924 (100.0%), 181.4 MBs/sec
2026-10-08T03:35:39.8431499Z Cache Size: ~585 MB (613017924 B)
2026-10-08T03:35:39.8514931Z [command]/usr/bin/tar -xf /home/runner/work/_temp/3b5f4015-6e6c-4aed-a161-91fc3cce07d4/cache.tzst -P -C /home/runner/work/hydrus-mine/hydrus-mine --use-compress-program unzstd
2026-10-08T03:35:43.4240055Z Cache restored successfully
2026-10-08T03:35:43.5276259Z Restored from cache key "v0-rust-parity-models-Linux-x64-6601efbe-115c7281" full match: true.
2026-10-08T03:35:43.5522245Z ##[group]Run sudo sed -i \
2026-10-08T03:35:43.5522722Z [36;1msudo sed -i \[0m
2026-10-08T03:35:43.5523256Z [36;1m  -e 's|azure\.archive\.ubuntu\.com|archive.ubuntu.com|g' \[0m
2026-10-08T03:35:43.5524155Z [36;1m  -e 's|mirror+file:/etc/apt/apt-mirrors\.txt|http://archive.ubuntu.com/ubuntu|g' \[0m
2026-10-08T03:35:43.5525581Z [36;1m  /etc/apt/sources.list.d/ubuntu.sources[0m
2026-10-08T03:35:43.5526313Z [36;1msudo apt-get -o Acquire::Retries=3 -o Acquire::http::Timeout=30 update[0m
2026-10-08T03:35:43.5527234Z [36;1msudo apt-get -o Acquire::Retries=3 -o Acquire::http::Timeout=30 install -y ffmpeg[0m
2026-10-08T03:35:43.5596209Z shell: /usr/bin/bash -e {0}
2026-10-08T03:35:43.5596553Z env:
2026-10-08T03:35:43.5596959Z   CARGO_TERM_COLOR: always
2026-10-08T03:35:43.5597349Z   RUSTFLAGS: -D warnings
2026-10-08T03:35:43.5597788Z   CARGO_HOME: /home/runner/.cargo
2026-10-08T03:35:43.5598147Z   CARGO_INCREMENTAL: 0
2026-10-08T03:35:43.5598454Z   CACHE_ON_FAILURE: true
2026-10-08T03:35:43.5599144Z ##[endgroup]
2026-10-08T03:35:45.0871632Z Get:1 https://packages.microsoft.com/ubuntu/24.04/prod noble InRelease [3600 B]
2026-10-08T03:35:45.1453952Z Get:2 https://packages.microsoft.com/ubuntu/24.04/prod noble/main all Packages [640 B]
2026-10-08T03:35:45.1537843Z Get:3 https://packages.microsoft.com/ubuntu/24.04/prod noble/main armhf Packages [12.3 kB]
2026-10-08T03:35:45.1564142Z Get:4 https://packages.microsoft.com/ubuntu/24.04/prod noble/main arm64 Packages [473 kB]
2026-10-08T03:35:45.1625146Z Get:5 https://packages.microsoft.com/ubuntu/24.04/prod noble/main amd64 Packages [529 kB]
2026-10-08T03:35:45.1989271Z Get:6 http://archive.ubuntu.com/ubuntu noble InRelease [256 kB]
2026-10-08T03:35:45.7277018Z Get:7 http://archive.ubuntu.com/ubuntu noble-updates InRelease [126 kB]
2026-10-08T03:35:45.8570759Z Get:8 http://archive.ubuntu.com/ubuntu noble-backports InRelease [126 kB]
2026-10-08T03:35:45.9863907Z Get:9 http://archive.ubuntu.com/ubuntu noble-security InRelease [126 kB]
2026-10-08T03:35:46.1164309Z Get:10 http://archive.ubuntu.com/ubuntu noble/main amd64 Packages [1401 kB]
2026-10-08T03:35:46.5460301Z Get:11 http://archive.ubuntu.com/ubuntu noble/main Translation-en [513 kB]
2026-10-08T03:35:46.6734336Z Get:12 http://archive.ubuntu.com/ubuntu noble/main amd64 Components [464 kB]
2026-10-08T03:35:46.7970801Z Get:13 http://archive.ubuntu.com/ubuntu noble/main amd64 c-n-f Metadata [30.5 kB]
2026-10-08T03:35:46.8933435Z Get:14 http://archive.ubuntu.com/ubuntu noble/universe amd64 Packages [15.0 MB]
2026-10-08T03:35:47.5667032Z Get:15 http://archive.ubuntu.com/ubuntu noble/universe Translation-en [5982 kB]
2026-10-08T03:35:47.7047506Z Get:16 http://archive.ubuntu.com/ubuntu noble/universe amd64 Components [3871 kB]
2026-10-08T03:35:47.8272424Z Get:17 http://archive.ubuntu.com/ubuntu noble/universe amd64 c-n-f Metadata [301 kB]
2026-10-08T03:35:47.9241487Z Get:18 http://archive.ubuntu.com/ubuntu noble/restricted amd64 Packages [93.9 kB]
2026-10-08T03:35:48.0196125Z Get:19 http://archive.ubuntu.com/ubuntu noble/restricted Translation-en [18.7 kB]
2026-10-08T03:35:48.1145165Z Get:20 http://archive.ubuntu.com/ubuntu noble/restricted amd64 c-n-f Metadata [416 B]
2026-10-08T03:35:48.2094427Z Get:21 http://archive.ubuntu.com/ubuntu noble/multiverse amd64 Packages [269 kB]
2026-10-08T03:35:48.4418378Z Get:22 http://archive.ubuntu.com/ubuntu noble/multiverse Translation-en [118 kB]
2026-10-08T03:35:48.5374566Z Get:23 http://archive.ubuntu.com/ubuntu noble/multiverse amd64 Components [35.0 kB]
2026-10-08T03:35:48.6324567Z Get:24 http://archive.ubuntu.com/ubuntu noble/multiverse amd64 c-n-f Metadata [8328 B]
2026-10-08T03:35:48.7275128Z Get:25 http://archive.ubuntu.com/ubuntu noble-updates/main amd64 Packages [1375 kB]
2026-10-08T03:35:48.8318191Z Get:26 http://archive.ubuntu.com/ubuntu noble-updates/main Translation-en [306 kB]
2026-10-08T03:35:48.9285875Z Get:27 http://archive.ubuntu.com/ubuntu noble-updates/main amd64 Components [181 kB]
2026-10-08T03:35:49.0244057Z Get:28 http://archive.ubuntu.com/ubuntu noble-updates/main amd64 c-n-f Metadata [17.7 kB]
2026-10-08T03:35:49.1196909Z Get:29 http://archive.ubuntu.com/ubuntu noble-updates/universe amd64 Packages [1702 kB]
2026-10-08T03:35:49.2264991Z Get:30 http://archive.ubuntu.com/ubuntu noble-updates/universe Translation-en [341 kB]
2026-10-08T03:35:49.3234359Z Get:31 http://archive.ubuntu.com/ubuntu noble-updates/universe amd64 Components [388 kB]
2026-10-08T03:35:49.4207271Z Get:32 http://archive.ubuntu.com/ubuntu noble-updates/universe amd64 c-n-f Metadata [34.9 kB]
2026-10-08T03:35:49.5160838Z Get:33 http://archive.ubuntu.com/ubuntu noble-updates/restricted amd64 Packages [1761 kB]
2026-10-08T03:35:49.6233639Z Get:34 http://archive.ubuntu.com/ubuntu noble-updates/restricted Translation-en [401 kB]
2026-10-08T03:35:49.7210448Z Get:35 http://archive.ubuntu.com/ubuntu noble-updates/restricted amd64 Components [212 B]
2026-10-08T03:35:49.9508563Z Get:36 http://archive.ubuntu.com/ubuntu noble-updates/restricted amd64 c-n-f Metadata [456 B]
2026-10-08T03:35:50.0457781Z Get:37 http://archive.ubuntu.com/ubuntu noble-updates/multiverse amd64 Packages [55.0 kB]
2026-10-08T03:35:50.1409504Z Get:38 http://archive.ubuntu.com/ubuntu noble-updates/multiverse Translation-en [14.3 kB]
2026-10-08T03:35:50.2361199Z Get:39 http://archive.ubuntu.com/ubuntu noble-updates/multiverse amd64 Components [940 B]
2026-10-08T03:35:50.3729421Z Get:40 http://archive.ubuntu.com/ubuntu noble-updates/multiverse amd64 c-n-f Metadata [656 B]
2026-10-08T03:35:50.5149813Z Get:41 http://archive.ubuntu.com/ubuntu noble-backports/main amd64 Packages [40.6 kB]
2026-10-08T03:35:50.6723366Z Get:42 http://archive.ubuntu.com/ubuntu noble-backports/main Translation-en [9172 B]
2026-10-08T03:35:50.8198879Z Get:43 http://archive.ubuntu.com/ubuntu noble-backports/main amd64 Components [5764 B]
2026-10-08T03:35:50.9274633Z Get:44 http://archive.ubuntu.com/ubuntu noble-backports/main amd64 c-n-f Metadata [368 B]
2026-10-08T03:35:51.0682021Z Get:45 http://archive.ubuntu.com/ubuntu noble-backports/universe amd64 Packages [31.0 kB]
2026-10-08T03:35:51.1792187Z Get:46 http://archive.ubuntu.com/ubuntu noble-backports/universe Translation-en [18.6 kB]
2026-10-08T03:35:51.3210194Z Get:47 http://archive.ubuntu.com/ubuntu noble-backports/universe amd64 Components [12.6 kB]
2026-10-08T03:35:51.4162319Z Get:48 http://archive.ubuntu.com/ubuntu noble-backports/universe amd64 c-n-f Metadata [1588 B]
2026-10-08T03:35:51.5270102Z Get:49 http://archive.ubuntu.com/ubuntu noble-backports/restricted amd64 Components [212 B]
2026-10-08T03:35:51.6205917Z Get:50 http://archive.ubuntu.com/ubuntu noble-backports/restricted amd64 c-n-f Metadata [116 B]
2026-10-08T03:35:51.8518494Z Get:51 http://archive.ubuntu.com/ubuntu noble-backports/multiverse amd64 Packages [748 B]
2026-10-08T03:35:51.9704401Z Get:52 http://archive.ubuntu.com/ubuntu noble-backports/multiverse Translation-en [340 B]
2026-10-08T03:35:52.1252733Z Get:53 http://archive.ubuntu.com/ubuntu noble-backports/multiverse amd64 Components [212 B]
2026-10-08T03:35:52.2677592Z Get:54 http://archive.ubuntu.com/ubuntu noble-backports/multiverse amd64 c-n-f Metadata [116 B]
2026-10-08T03:35:52.3627388Z Get:55 http://archive.ubuntu.com/ubuntu noble-security/main amd64 Packages [1074 kB]
2026-10-08T03:35:52.4646882Z Get:56 http://archive.ubuntu.com/ubuntu noble-security/main Translation-en [223 kB]
2026-10-08T03:35:52.5609852Z Get:57 http://archive.ubuntu.com/ubuntu noble-security/main amd64 Components [46.3 kB]
2026-10-08T03:35:52.6561450Z Get:58 http://archive.ubuntu.com/ubuntu noble-security/main amd64 c-n-f Metadata [11.9 kB]
2026-10-08T03:35:52.7513525Z Get:59 http://archive.ubuntu.com/ubuntu noble-security/universe amd64 Packages [1218 kB]
2026-10-08T03:35:52.8546461Z Get:60 http://archive.ubuntu.com/ubuntu noble-security/universe Translation-en [245 kB]
2026-10-08T03:35:52.9509532Z Get:61 http://archive.ubuntu.com/ubuntu noble-security/universe amd64 Components [76.3 kB]
2026-10-08T03:35:53.0463452Z Get:62 http://archive.ubuntu.com/ubuntu noble-security/universe amd64 c-n-f Metadata [24.2 kB]
2026-10-08T03:35:53.1414849Z Get:63 http://archive.ubuntu.com/ubuntu noble-security/restricted amd64 Packages [1566 kB]
2026-10-08T03:35:53.2473756Z Get:64 http://archive.ubuntu.com/ubuntu noble-security/restricted Translation-en [361 kB]
2026-10-08T03:35:53.4809417Z Get:65 http://archive.ubuntu.com/ubuntu noble-security/restricted amd64 Components [212 B]
2026-10-08T03:35:53.5756371Z Get:66 http://archive.ubuntu.com/ubuntu noble-security/restricted amd64 c-n-f Metadata [444 B]
2026-10-08T03:35:53.6706816Z Get:67 http://archive.ubuntu.com/ubuntu noble-security/multiverse amd64 Packages [40.3 kB]
2026-10-08T03:35:53.7657049Z Get:68 http://archive.ubuntu.com/ubuntu noble-security/multiverse Translation-en [11.6 kB]
2026-10-08T03:35:53.8607766Z Get:69 http://archive.ubuntu.com/ubuntu noble-security/multiverse amd64 Components [208 B]
2026-10-08T03:35:53.9555495Z Get:70 http://archive.ubuntu.com/ubuntu noble-security/multiverse amd64 c-n-f Metadata [468 B]
2026-10-08T03:35:59.1123515Z Fetched 41.4 MB in 9s (4517 kB/s)
2026-10-08T03:35:59.9251648Z Reading package lists...
2026-10-08T03:35:59.9547486Z Reading package lists...
2026-10-08T03:36:00.1151999Z Building dependency tree...
2026-10-08T03:36:00.1159351Z Reading state information...
2026-10-08T03:36:00.2455419Z The following additional packages will be installed:
2026-10-08T03:36:00.2456272Z   i965-va-driver intel-media-va-driver libaacs0 libass9 libasyncns0
2026-10-08T03:36:00.2457152Z   libavc1394-0 libavcodec60 libavdevice60 libavfilter9 libavformat60
2026-10-08T03:36:00.2457967Z   libavutil58 libbdplus0 libblas3 libbluray2 libbs2b0 libcaca0
2026-10-08T03:36:00.2458805Z   libcdio-cdda2t64 libcdio-paranoia2t64 libcdio19t64 libchromaprint1 libcjson1
2026-10-08T03:36:00.2460041Z   libcodec2-1.2 libdav1d7 libdc1394-25 libdecor-0-0 libdecor-0-plugin-1-gtk
2026-10-08T03:36:00.2460951Z   libflac12t64 libflite1 libgbm1 libgl1-mesa-dri libglx-mesa0 libgme0 libgsm1
2026-10-08T03:36:00.2461883Z   libhwy1t64 libiec61883-0 libigdgmm12 libjack-jackd2-0 libjxl0.7 liblapack3
2026-10-08T03:36:00.2462713Z   liblilv-0-0 libmbedcrypto7t64 libmp3lame0 libmpg123-0t64 libmysofa1
2026-10-08T03:36:00.2463489Z   libopenal-data libopenal1 libopenmpt0t64 libopus0 libplacebo338
2026-10-08T03:36:00.2464280Z   libpocketsphinx3 libpostproc57 libpulse0 librav1e0 libraw1394-11 librist4
2026-10-08T03:36:00.2465093Z   librsvg2-2 librsvg2-common librubberband2 libsamplerate0 libsdl2-2.0-0
2026-10-08T03:36:00.2465918Z   libserd-0-0 libshine3 libsndfile1 libsndio7.0 libsord-0-0 libsoxr0 libspeex1
2026-10-08T03:36:00.2466761Z   libsphinxbase3t64 libsratom-0-0 libsrt1.5-gnutls libssh-gcrypt-4
2026-10-08T03:36:00.2467629Z   libsvtav1enc1d1 libswresample4 libswscale7 libtheora0 libtwolame0
2026-10-08T03:36:00.2468388Z   libudfread0 libunibreak5 libva-drm2 libva-x11-2 libva2 libvdpau1
2026-10-08T03:36:00.2469386Z   libvidstab1.1 libvorbisenc2 libvpl2 libvpx9 libx264-164 libx265-199
2026-10-08T03:36:00.2470157Z   libxcb-shape0 libxv1 libxvidcore4 libzimg2 libzix-0-0 libzvbi-common
2026-10-08T03:36:00.2470942Z   libzvbi0t64 mesa-libgallium mesa-va-drivers mesa-vdpau-drivers
2026-10-08T03:36:00.2471721Z   ocl-icd-libopencl1 pocketsphinx-en-us va-driver-all vdpau-driver-all
2026-10-08T03:36:00.2472344Z Suggested packages:
2026-10-08T03:36:00.2473085Z   ffmpeg-doc i965-va-driver-shaders libcuda1 libnvcuvid1 libnvidia-encode1
2026-10-08T03:36:00.2473822Z   libbluray-bdj jackd2 libportaudio2 opus-tools pulseaudio libraw1394-doc
2026-10-08T03:36:00.2474319Z   librsvg2-bin serdi sndiod sordi speex opencl-icd libvdpau-va-gl1
2026-10-08T03:36:00.2920858Z The following NEW packages will be installed:
2026-10-08T03:36:00.2921784Z   ffmpeg i965-va-driver intel-media-va-driver libaacs0 libass9 libasyncns0
2026-10-08T03:36:00.2922800Z   libavc1394-0 libavcodec60 libavdevice60 libavfilter9 libavformat60
2026-10-08T03:36:00.2923383Z   libavutil58 libbdplus0 libblas3 libbluray2 libbs2b0 libcaca0
2026-10-08T03:36:00.2924133Z   libcdio-cdda2t64 libcdio-paranoia2t64 libcdio19t64 libchromaprint1 libcjson1
2026-10-08T03:36:00.2925382Z   libcodec2-1.2 libdav1d7 libdc1394-25 libdecor-0-0 libdecor-0-plugin-1-gtk
2026-10-08T03:36:00.2926295Z   libflac12t64 libflite1 libgme0 libgsm1 libhwy1t64 libiec61883-0 libigdgmm12
2026-10-08T03:36:00.2926905Z   libjack-jackd2-0 libjxl0.7 liblapack3 liblilv-0-0 libmbedcrypto7t64
2026-10-08T03:36:00.2927909Z   libmp3lame0 libmpg123-0t64 libmysofa1 libopenal-data libopenal1
2026-10-08T03:36:00.2928658Z   libopenmpt0t64 libopus0 libplacebo338 libpocketsphinx3 libpostproc57
2026-10-08T03:36:00.2929541Z   libpulse0 librav1e0 libraw1394-11 librist4 librsvg2-2 librsvg2-common
2026-10-08T03:36:00.2930069Z   librubberband2 libsamplerate0 libsdl2-2.0-0 libserd-0-0 libshine3
2026-10-08T03:36:00.2930765Z   libsndfile1 libsndio7.0 libsord-0-0 libsoxr0 libspeex1 libsphinxbase3t64
2026-10-08T03:36:00.2931266Z   libsratom-0-0 libsrt1.5-gnutls libssh-gcrypt-4 libsvtav1enc1d1
2026-10-08T03:36:00.2931761Z   libswresample4 libswscale7 libtheora0 libtwolame0 libudfread0 libunibreak5
2026-10-08T03:36:00.2932400Z   libva-drm2 libva-x11-2 libva2 libvdpau1 libvidstab1.1 libvorbisenc2 libvpl2
2026-10-08T03:36:00.2933247Z   libvpx9 libx264-164 libx265-199 libxcb-shape0 libxv1 libxvidcore4 libzimg2
2026-10-08T03:36:00.2933776Z   libzix-0-0 libzvbi-common libzvbi0t64 mesa-va-drivers mesa-vdpau-drivers
2026-10-08T03:36:00.2934297Z   ocl-icd-libopencl1 pocketsphinx-en-us va-driver-all vdpau-driver-all
2026-10-08T03:36:00.2934712Z The following packages will be upgraded:
2026-10-08T03:36:00.2937351Z   libgbm1 libgl1-mesa-dri libglx-mesa0 mesa-libgallium
2026-10-08T03:36:00.5827939Z 4 upgraded, 99 newly installed, 0 to remove and 32 not upgraded.
2026-10-08T03:36:00.5829393Z Need to get 105 MB of archives.
2026-10-08T03:36:00.5830686Z After this operation, 227 MB of additional disk space will be used.
2026-10-08T03:36:00.5832059Z Get:1 http://archive.ubuntu.com/ubuntu noble-updates/universe amd64 libva2 amd64 2.20.0-2ubuntu0.2 [66.4 kB]
2026-10-08T03:36:00.9105283Z Get:2 http://archive.ubuntu.com/ubuntu noble-updates/universe amd64 libva-drm2 amd64 2.20.0-2ubuntu0.2 [7124 B]
2026-10-08T03:36:01.0110711Z Get:3 http://archive.ubuntu.com/ubuntu noble-updates/universe amd64 libva-x11-2 amd64 2.20.0-2ubuntu0.2 [12.0 kB]
2026-10-08T03:36:01.1163535Z Get:4 http://archive.ubuntu.com/ubuntu noble/main amd64 libvdpau1 amd64 1.5-2build1 [27.8 kB]
2026-10-08T03:36:01.2362337Z Get:5 http://archive.ubuntu.com/ubuntu noble/universe amd64 libvpl2 amd64 2023.3.0-1build1 [99.8 kB]
2026-10-08T03:36:01.4343383Z Get:6 http://archive.ubuntu.com/ubuntu noble/universe amd64 ocl-icd-libopencl1 amd64 2.3.2-1build1 [38.5 kB]
2026-10-08T03:36:01.5422630Z Get:7 http://archive.ubuntu.com/ubuntu noble/universe amd64 libavutil58 amd64 7:6.1.1-3ubuntu5 [401 kB]
2026-10-08T03:36:01.8349839Z Get:8 http://archive.ubuntu.com/ubuntu noble/universe amd64 libcodec2-1.2 amd64 1.2.0-2build1 [8998 kB]
2026-10-08T03:36:02.6194616Z Get:9 http://archive.ubuntu.com/ubuntu noble/universe amd64 libdav1d7 amd64 1.4.1-1build1 [604 kB]
2026-10-08T03:36:02.7205938Z Get:10 http://archive.ubuntu.com/ubuntu noble/universe amd64 libgsm1 amd64 1.0.22-1build1 [27.8 kB]
2026-10-08T03:36:02.8157719Z Get:11 http://archive.ubuntu.com/ubuntu noble/universe amd64 libhwy1t64 amd64 1.0.7-8.1build1 [584 kB]
2026-10-08T03:36:02.9168308Z Get:12 http://archive.ubuntu.com/ubuntu noble-updates/universe amd64 libjxl0.7 amd64 0.7.0-10.2ubuntu6.1 [1001 kB]
2026-10-08T03:36:03.0226186Z Get:13 http://archive.ubuntu.com/ubuntu noble/main amd64 libmp3lame0 amd64 3.100-6build1 [142 kB]
2026-10-08T03:36:03.1194454Z Get:14 http://archive.ubuntu.com/ubuntu noble/main amd64 libopus0 amd64 1.4-1build1 [208 kB]
2026-10-08T03:36:03.2162535Z Get:15 http://archive.ubuntu.com/ubuntu noble/universe amd64 librav1e0 amd64 0.7.1-2 [1022 kB]
2026-10-08T03:36:03.3221720Z Get:16 http://archive.ubuntu.com/ubuntu noble-updates/main amd64 librsvg2-2 amd64 2.58.0+dfsg-1ubuntu0.1 [2141 kB]
2026-10-08T03:36:03.4409597Z Get:17 http://archive.ubuntu.com/ubuntu noble/universe amd64 libshine3 amd64 3.1.1-2build1 [23.2 kB]
2026-10-08T03:36:03.5362443Z Get:18 http://archive.ubuntu.com/ubuntu noble-updates/main amd64 libspeex1 amd64 1.2.1-2ubuntu2.24.04.1 [59.6 kB]
2026-10-08T03:36:03.6319358Z Get:19 http://archive.ubuntu.com/ubuntu noble/universe amd64 libsvtav1enc1d1 amd64 1.7.0+dfsg-2build1 [2425 kB]
2026-10-08T03:36:03.8889601Z Get:20 http://archive.ubuntu.com/ubuntu noble/universe amd64 libsoxr0 amd64 0.1.3-4build3 [80.0 kB]
2026-10-08T03:36:03.9846815Z Get:21 http://archive.ubuntu.com/ubuntu noble/universe amd64 libswresample4 amd64 7:6.1.1-3ubuntu5 [63.8 kB]
2026-10-08T03:36:04.0800547Z Get:22 http://archive.ubuntu.com/ubuntu noble/main amd64 libtheora0 amd64 1.1.1+dfsg.1-16.1build3 [211 kB]
2026-10-08T03:36:04.1769460Z Get:23 http://archive.ubuntu.com/ubuntu noble/main amd64 libtwolame0 amd64 0.4.0-2build3 [52.3 kB]
2026-10-08T03:36:04.2731346Z Get:24 http://archive.ubuntu.com/ubuntu noble/main amd64 libvorbisenc2 amd64 1.3.7-1build3 [80.8 kB]
2026-10-08T03:36:04.3686141Z Get:25 http://archive.ubuntu.com/ubuntu noble-updates/main amd64 libvpx9 amd64 1.14.0-1ubuntu2.3 [1143 kB]
2026-10-08T03:36:04.4759064Z Get:26 http://archive.ubuntu.com/ubuntu noble/universe amd64 libx264-164 amd64 2:0.164.3108+git31e19f9-1 [604 kB]
2026-10-08T03:36:04.5771747Z Get:27 http://archive.ubuntu.com/ubuntu noble/universe amd64 libx265-199 amd64 3.5-2build1 [1226 kB]
2026-10-08T03:36:04.6856581Z Get:28 http://archive.ubuntu.com/ubuntu noble/universe amd64 libxvidcore4 amd64 2:1.3.7-1build1 [219 kB]
2026-10-08T03:36:04.7824966Z Get:29 http://archive.ubuntu.com/ubuntu noble/universe amd64 libzvbi-common all 0.2.42-2 [42.4 kB]
2026-10-08T03:36:04.8777860Z Get:30 http://archive.ubuntu.com/ubuntu noble/universe amd64 libzvbi0t64 amd64 0.2.42-2 [261 kB]
2026-10-08T03:36:04.9752309Z Get:31 http://archive.ubuntu.com/ubuntu noble/universe amd64 libavcodec60 amd64 7:6.1.1-3ubuntu5 [5851 kB]
2026-10-08T03:36:05.1667814Z Get:32 http://archive.ubuntu.com/ubuntu noble/main amd64 libraw1394-11 amd64 2.1.2-2build3 [26.2 kB]
2026-10-08T03:36:05.2623446Z Get:33 http://archive.ubuntu.com/ubuntu noble/main amd64 libavc1394-0 amd64 0.5.4-5build3 [15.4 kB]
2026-10-08T03:36:05.3573475Z Get:34 http://archive.ubuntu.com/ubuntu noble/universe amd64 libunibreak5 amd64 5.1-2build1 [25.0 kB]
2026-10-08T03:36:05.4525237Z Get:35 http://archive.ubuntu.com/ubuntu noble/universe amd64 libass9 amd64 1:0.17.1-2build1 [104 kB]
2026-10-08T03:36:05.5481095Z Get:36 http://archive.ubuntu.com/ubuntu noble/universe amd64 libudfread0 amd64 1.1.2-1build1 [19.0 kB]
2026-10-08T03:36:05.6433594Z Get:37 http://archive.ubuntu.com/ubuntu noble/universe amd64 libbluray2 amd64 1:1.3.4-1build1 [159 kB]
2026-10-08T03:36:05.7394470Z Get:38 http://archive.ubuntu.com/ubuntu noble/universe amd64 libchromaprint1 amd64 1.5.1-5 [30.5 kB]
2026-10-08T03:36:05.9703007Z Get:39 http://archive.ubuntu.com/ubuntu noble/universe amd64 libgme0 amd64 0.6.3-7build1 [134 kB]
2026-10-08T03:36:06.0660442Z Get:40 http://archive.ubuntu.com/ubuntu noble-updates/main amd64 libmpg123-0t64 amd64 1.32.5-1ubuntu1.1 [169 kB]
2026-10-08T03:36:06.1623027Z Get:41 http://archive.ubuntu.com/ubuntu noble/universe amd64 libopenmpt0t64 amd64 0.7.3-1.1build3 [647 kB]
2026-10-08T03:36:06.2607973Z Get:42 http://archive.ubuntu.com/ubuntu noble/universe amd64 libcjson1 amd64 1.7.17-1 [24.8 kB]
2026-10-08T03:36:06.3560827Z Get:43 http://archive.ubuntu.com/ubuntu noble/universe amd64 libmbedcrypto7t64 amd64 2.28.8-1 [209 kB]
2026-10-08T03:36:06.4523740Z Get:44 http://archive.ubuntu.com/ubuntu noble/universe amd64 librist4 amd64 0.2.10+dfsg-2 [74.9 kB]
2026-10-08T03:36:06.5478783Z Get:45 http://archive.ubuntu.com/ubuntu noble/universe amd64 libsrt1.5-gnutls amd64 1.5.3-1build2 [316 kB]
2026-10-08T03:36:06.6446841Z Get:46 http://archive.ubuntu.com/ubuntu noble-updates/main amd64 libssh-gcrypt-4 amd64 0.10.6-2ubuntu0.5 [226 kB]
2026-10-08T03:36:06.7407960Z Get:47 http://archive.ubuntu.com/ubuntu noble/universe amd64 libavformat60 amd64 7:6.1.1-3ubuntu5 [1153 kB]
2026-10-08T03:36:06.8422758Z Get:48 http://archive.ubuntu.com/ubuntu noble/universe amd64 libbs2b0 amd64 3.1.0+dfsg-7build1 [10.6 kB]
2026-10-08T03:36:06.9374447Z Get:49 http://archive.ubuntu.com/ubuntu noble/universe amd64 libflite1 amd64 2.2-6build3 [13.6 MB]
2026-10-08T03:36:07.1408559Z Get:50 http://archive.ubuntu.com/ubuntu noble/universe amd64 libserd-0-0 amd64 0.32.2-1 [43.6 kB]
2026-10-08T03:36:07.2360288Z Get:51 http://archive.ubuntu.com/ubuntu noble/universe amd64 libzix-0-0 amd64 0.4.2-2build1 [23.6 kB]
2026-10-08T03:36:07.3310954Z Get:52 http://archive.ubuntu.com/ubuntu noble/universe amd64 libsord-0-0 amd64 0.16.16-2build1 [15.8 kB]
2026-10-08T03:36:07.4262287Z Get:53 http://archive.ubuntu.com/ubuntu noble/universe amd64 libsratom-0-0 amd64 0.6.16-1build1 [17.3 kB]
2026-10-08T03:36:07.5213652Z Get:54 http://archive.ubuntu.com/ubuntu noble/universe amd64 liblilv-0-0 amd64 0.24.22-1build1 [41.0 kB]
2026-10-08T03:36:07.6167600Z Get:55 http://archive.ubuntu.com/ubuntu noble/universe amd64 libmysofa1 amd64 1.3.2+dfsg-2ubuntu2 [1158 kB]
2026-10-08T03:36:07.7176986Z Get:56 http://archive.ubuntu.com/ubuntu noble/universe amd64 libplacebo338 amd64 6.338.2-2build1 [2654 kB]
2026-10-08T03:36:07.8266394Z Get:57 http://archive.ubuntu.com/ubuntu noble-updates/main amd64 libblas3 amd64 3.12.0-3build1.1 [238 kB]
2026-10-08T03:36:07.9230227Z Get:58 http://archive.ubuntu.com/ubuntu noble-updates/main amd64 liblapack3 amd64 3.12.0-3build1.1 [2646 kB]
2026-10-08T03:36:08.1681645Z Get:59 http://archive.ubuntu.com/ubuntu noble/main amd64 libasyncns0 amd64 0.8-6build4 [11.3 kB]
2026-10-08T03:36:08.2631858Z Get:60 http://archive.ubuntu.com/ubuntu noble/main amd64 libflac12t64 amd64 1.4.3+ds-2.1ubuntu2 [197 kB]
2026-10-08T03:36:08.3595722Z Get:61 http://archive.ubuntu.com/ubuntu noble-updates/main amd64 libsndfile1 amd64 1.2.2-1ubuntu5.24.04.1 [209 kB]
2026-10-08T03:36:08.4556203Z Get:62 http://archive.ubuntu.com/ubuntu noble-updates/main amd64 libpulse0 amd64 1:16.1+dfsg1-2ubuntu10.1 [292 kB]
2026-10-08T03:36:08.5525535Z Get:63 http://archive.ubuntu.com/ubuntu noble/universe amd64 libsphinxbase3t64 amd64 0.8+5prealpha+1-17build2 [126 kB]
2026-10-08T03:36:08.6485578Z Get:64 http://archive.ubuntu.com/ubuntu noble/universe amd64 libpocketsphinx3 amd64 0.8.0+real5prealpha+1-15ubuntu5 [133 kB]
2026-10-08T03:36:08.7442273Z Get:65 http://archive.ubuntu.com/ubuntu noble/universe amd64 libpostproc57 amd64 7:6.1.1-3ubuntu5 [49.9 kB]
2026-10-08T03:36:08.8394664Z Get:66 http://archive.ubuntu.com/ubuntu noble/main amd64 libsamplerate0 amd64 0.2.2-4build1 [1344 kB]
2026-10-08T03:36:08.9422701Z Get:67 http://archive.ubuntu.com/ubuntu noble/universe amd64 librubberband2 amd64 3.3.0+dfsg-2build1 [130 kB]
2026-10-08T03:36:09.0381732Z Get:68 http://archive.ubuntu.com/ubuntu noble/universe amd64 libswscale7 amd64 7:6.1.1-3ubuntu5 [193 kB]
2026-10-08T03:36:09.1342378Z Get:69 http://archive.ubuntu.com/ubuntu noble/universe amd64 libvidstab1.1 amd64 1.1.0-2build1 [38.5 kB]
2026-10-08T03:36:09.2295331Z Get:70 http://archive.ubuntu.com/ubuntu noble/universe amd64 libzimg2 amd64 3.0.5+ds1-1build1 [254 kB]
2026-10-08T03:36:09.3264476Z Get:71 http://archive.ubuntu.com/ubuntu noble/universe amd64 libavfilter9 amd64 7:6.1.1-3ubuntu5 [4235 kB]
2026-10-08T03:36:09.4437837Z Get:72 http://archive.ubuntu.com/ubuntu noble-updates/main amd64 libcaca0 amd64 0.99.beta20-4ubuntu0.2 [209 kB]
2026-10-08T03:36:09.5399529Z Get:73 http://archive.ubuntu.com/ubuntu noble-updates/main amd64 libcdio19t64 amd64 2.1.0-4.1ubuntu1.2 [62.4 kB]
2026-10-08T03:36:09.6353177Z Get:74 http://archive.ubuntu.com/ubuntu noble/main amd64 libcdio-cdda2t64 amd64 10.2+2.0.1-1.1build2 [16.5 kB]
2026-10-08T03:36:09.7302061Z Get:75 http://archive.ubuntu.com/ubuntu noble/main amd64 libcdio-paranoia2t64 amd64 10.2+2.0.1-1.1build2 [16.6 kB]
2026-10-08T03:36:09.8252509Z Get:76 http://archive.ubuntu.com/ubuntu noble/universe amd64 libdc1394-25 amd64 2.2.6-4build1 [90.1 kB]
2026-10-08T03:36:10.0554153Z Get:77 http://archive.ubuntu.com/ubuntu noble/main amd64 libiec61883-0 amd64 1.2.0-6build1 [24.5 kB]
2026-10-08T03:36:10.1511137Z Get:78 http://archive.ubuntu.com/ubuntu noble/main amd64 libjack-jackd2-0 amd64 1.9.21~dfsg-3ubuntu3 [289 kB]
2026-10-08T03:36:10.2483808Z Get:79 http://archive.ubuntu.com/ubuntu noble/universe amd64 libopenal-data all 1:1.23.1-4build1 [161 kB]
2026-10-08T03:36:10.3442414Z Get:80 http://archive.ubuntu.com/ubuntu noble/universe amd64 libsndio7.0 amd64 1.9.0-0.3build3 [29.6 kB]
2026-10-08T03:36:10.4395444Z Get:81 http://archive.ubuntu.com/ubuntu noble/universe amd64 libopenal1 amd64 1:1.23.1-4build1 [540 kB]
2026-10-08T03:36:10.5373811Z Get:82 http://archive.ubuntu.com/ubuntu noble/main amd64 libdecor-0-0 amd64 0.2.2-1build2 [16.5 kB]
2026-10-08T03:36:10.6323991Z Get:83 http://archive.ubuntu.com/ubuntu noble-updates/main amd64 libgl1-mesa-dri amd64 25.2.8-0ubuntu0.24.04.4 [38.0 kB]
2026-10-08T03:36:10.7279000Z Get:84 http://archive.ubuntu.com/ubuntu noble-updates/main amd64 libglx-mesa0 amd64 25.2.8-0ubuntu0.24.04.4 [110 kB]
2026-10-08T03:36:10.8236558Z Get:85 http://archive.ubuntu.com/ubuntu noble-updates/main amd64 libgbm1 amd64 25.2.8-0ubuntu0.24.04.4 [34.2 kB]
2026-10-08T03:36:10.9190149Z Get:86 http://archive.ubuntu.com/ubuntu noble-updates/main amd64 mesa-libgallium amd64 25.2.8-0ubuntu0.24.04.4 [10.8 MB]
2026-10-08T03:36:11.0694505Z Get:87 http://archive.ubuntu.com/ubuntu noble-updates/main amd64 libsdl2-2.0-0 amd64 2.30.0+dfsg-1ubuntu3.1 [686 kB]
2026-10-08T03:36:11.1682660Z Get:88 http://archive.ubuntu.com/ubuntu noble/main amd64 libxcb-shape0 amd64 1.15-1ubuntu2 [6100 B]
2026-10-08T03:36:11.2631695Z Get:89 http://archive.ubuntu.com/ubuntu noble/main amd64 libxv1 amd64 2:1.0.11-1.1build1 [10.7 kB]
2026-10-08T03:36:11.3583472Z Get:90 http://archive.ubuntu.com/ubuntu noble/universe amd64 libavdevice60 amd64 7:6.1.1-3ubuntu5 [82.3 kB]
2026-10-08T03:36:11.4537825Z Get:91 http://archive.ubuntu.com/ubuntu noble/universe amd64 ffmpeg amd64 7:6.1.1-3ubuntu5 [1879 kB]
2026-10-08T03:36:11.5588353Z Get:92 http://archive.ubuntu.com/ubuntu noble-updates/universe amd64 libigdgmm12 amd64 22.3.17+ds1-1ubuntu1 [145 kB]
2026-10-08T03:36:11.6552743Z Get:93 http://archive.ubuntu.com/ubuntu noble-updates/universe amd64 intel-media-va-driver amd64 24.1.0+dfsg1-1ubuntu0.2 [3163 kB]
2026-10-08T03:36:11.7666428Z Get:94 http://archive.ubuntu.com/ubuntu noble/universe amd64 libaacs0 amd64 0.11.1-2build1 [62.9 kB]
2026-10-08T03:36:11.8624515Z Get:95 http://archive.ubuntu.com/ubuntu noble/universe amd64 libbdplus0 amd64 0.2.0-3build1 [52.2 kB]
2026-10-08T03:36:12.0923110Z Get:96 http://archive.ubuntu.com/ubuntu noble/main amd64 libdecor-0-plugin-1-gtk amd64 0.2.2-1build2 [22.2 kB]
2026-10-08T03:36:12.1875487Z Get:97 http://archive.ubuntu.com/ubuntu noble-updates/main amd64 librsvg2-common amd64 2.58.0+dfsg-1ubuntu0.1 [11.8 kB]
2026-10-08T03:36:12.2825685Z Get:98 http://archive.ubuntu.com/ubuntu noble-updates/universe amd64 mesa-va-drivers amd64 25.2.8-0ubuntu0.24.04.4 [6778 B]
2026-10-08T03:36:12.3776131Z Get:99 http://archive.ubuntu.com/ubuntu noble-updates/main amd64 mesa-vdpau-drivers amd64 25.2.8-0ubuntu0.24.04.4 [23.4 kB]
2026-10-08T03:36:12.4726979Z Get:100 http://archive.ubuntu.com/ubuntu noble-updates/universe amd64 i965-va-driver amd64 2.4.1+dfsg1-1ubuntu0.2 [332 kB]
2026-10-08T03:36:12.5695595Z Get:101 http://archive.ubuntu.com/ubuntu noble-updates/universe amd64 va-driver-all amd64 2.20.0-2ubuntu0.2 [5014 B]
2026-10-08T03:36:12.7600093Z Get:102 http://archive.ubuntu.com/ubuntu noble/main amd64 vdpau-driver-all amd64 1.5-2build1 [4414 B]
2026-10-08T03:36:12.8553615Z Get:103 http://archive.ubuntu.com/ubuntu noble/universe amd64 pocketsphinx-en-us all 0.8.0+real5prealpha+1-15ubuntu5 [27.4 MB]
2026-10-08T03:36:14.7531466Z Fetched 105 MB in 14s (7433 kB/s)
2026-10-08T03:36:14.7769159Z Selecting previously unselected package libva2:amd64.
2026-10-08T03:36:14.8055123Z (Reading database ... 
2026-10-08T03:36:14.8055473Z (Reading database ... 5%
2026-10-08T03:36:14.8055942Z (Reading database ... 10%
2026-10-08T03:36:14.8056203Z (Reading database ... 15%
2026-10-08T03:36:14.8056828Z (Reading database ... 20%
2026-10-08T03:36:14.8057118Z (Reading database ... 25%
2026-10-08T03:36:14.8057359Z (Reading database ... 30%
2026-10-08T03:36:14.8057816Z (Reading database ... 35%
2026-10-08T03:36:14.8058157Z (Reading database ... 40%
2026-10-08T03:36:14.8058559Z (Reading database ... 45%
2026-10-08T03:36:14.8059185Z (Reading database ... 50%
2026-10-08T03:36:14.8090935Z (Reading database ... 55%
2026-10-08T03:36:14.9320551Z (Reading database ... 60%
2026-10-08T03:36:15.1366850Z (Reading database ... 65%
2026-10-08T03:36:15.3249500Z (Reading database ... 70%
2026-10-08T03:36:15.5285714Z (Reading database ... 75%
2026-10-08T03:36:15.6733711Z (Reading database ... 80%
2026-10-08T03:36:15.8756655Z (Reading database ... 85%
2026-10-08T03:36:16.0865108Z (Reading database ... 90%
2026-10-08T03:36:16.2891547Z (Reading database ... 95%
2026-10-08T03:36:16.2892137Z (Reading database ... 100%
2026-10-08T03:36:16.2892869Z (Reading database ... 202296 files and directories currently installed.)
2026-10-08T03:36:16.2933635Z Preparing to unpack .../000-libva2_2.20.0-2ubuntu0.2_amd64.deb ...
2026-10-08T03:36:16.2964901Z Unpacking libva2:amd64 (2.20.0-2ubuntu0.2) ...
2026-10-08T03:36:16.3173703Z Selecting previously unselected package libva-drm2:amd64.
2026-10-08T03:36:16.3295458Z Preparing to unpack .../001-libva-drm2_2.20.0-2ubuntu0.2_amd64.deb ...
2026-10-08T03:36:16.3302437Z Unpacking libva-drm2:amd64 (2.20.0-2ubuntu0.2) ...
2026-10-08T03:36:16.3488970Z Selecting previously unselected package libva-x11-2:amd64.
2026-10-08T03:36:16.3609413Z Preparing to unpack .../002-libva-x11-2_2.20.0-2ubuntu0.2_amd64.deb ...
2026-10-08T03:36:16.3616385Z Unpacking libva-x11-2:amd64 (2.20.0-2ubuntu0.2) ...
2026-10-08T03:36:16.3802741Z Selecting previously unselected package libvdpau1:amd64.
2026-10-08T03:36:16.3922197Z Preparing to unpack .../003-libvdpau1_1.5-2build1_amd64.deb ...
2026-10-08T03:36:16.3929328Z Unpacking libvdpau1:amd64 (1.5-2build1) ...
2026-10-08T03:36:16.4123597Z Selecting previously unselected package libvpl2.
2026-10-08T03:36:16.4243938Z Preparing to unpack .../004-libvpl2_2023.3.0-1build1_amd64.deb ...
2026-10-08T03:36:16.4250962Z Unpacking libvpl2 (2023.3.0-1build1) ...
2026-10-08T03:36:16.4461390Z Selecting previously unselected package ocl-icd-libopencl1:amd64.
2026-10-08T03:36:16.4581972Z Preparing to unpack .../005-ocl-icd-libopencl1_2.3.2-1build1_amd64.deb ...
2026-10-08T03:36:16.4588206Z Unpacking ocl-icd-libopencl1:amd64 (2.3.2-1build1) ...
2026-10-08T03:36:16.4816987Z Selecting previously unselected package libavutil58:amd64.
2026-10-08T03:36:16.4937609Z Preparing to unpack .../006-libavutil58_7%3a6.1.1-3ubuntu5_amd64.deb ...
2026-10-08T03:36:16.4944127Z Unpacking libavutil58:amd64 (7:6.1.1-3ubuntu5) ...
2026-10-08T03:36:16.5175141Z Selecting previously unselected package libcodec2-1.2:amd64.
2026-10-08T03:36:16.5295783Z Preparing to unpack .../007-libcodec2-1.2_1.2.0-2build1_amd64.deb ...
2026-10-08T03:36:16.5302379Z Unpacking libcodec2-1.2:amd64 (1.2.0-2build1) ...
2026-10-08T03:36:16.6009325Z Selecting previously unselected package libdav1d7:amd64.
2026-10-08T03:36:16.6133560Z Preparing to unpack .../008-libdav1d7_1.4.1-1build1_amd64.deb ...
2026-10-08T03:36:16.6140940Z Unpacking libdav1d7:amd64 (1.4.1-1build1) ...
2026-10-08T03:36:16.6392581Z Selecting previously unselected package libgsm1:amd64.
2026-10-08T03:36:16.6515620Z Preparing to unpack .../009-libgsm1_1.0.22-1build1_amd64.deb ...
2026-10-08T03:36:16.6527266Z Unpacking libgsm1:amd64 (1.0.22-1build1) ...
2026-10-08T03:36:16.6724646Z Selecting previously unselected package libhwy1t64:amd64.
2026-10-08T03:36:16.6844806Z Preparing to unpack .../010-libhwy1t64_1.0.7-8.1build1_amd64.deb ...
2026-10-08T03:36:16.6851717Z Unpacking libhwy1t64:amd64 (1.0.7-8.1build1) ...
2026-10-08T03:36:16.7154169Z Selecting previously unselected package libjxl0.7:amd64.
2026-10-08T03:36:16.7275577Z Preparing to unpack .../011-libjxl0.7_0.7.0-10.2ubuntu6.1_amd64.deb ...
2026-10-08T03:36:16.7282297Z Unpacking libjxl0.7:amd64 (0.7.0-10.2ubuntu6.1) ...
2026-10-08T03:36:16.7600541Z Selecting previously unselected package libmp3lame0:amd64.
2026-10-08T03:36:16.7723228Z Preparing to unpack .../012-libmp3lame0_3.100-6build1_amd64.deb ...
2026-10-08T03:36:16.7730484Z Unpacking libmp3lame0:amd64 (3.100-6build1) ...
2026-10-08T03:36:16.7935095Z Selecting previously unselected package libopus0:amd64.
2026-10-08T03:36:16.8056011Z Preparing to unpack .../013-libopus0_1.4-1build1_amd64.deb ...
2026-10-08T03:36:16.8063064Z Unpacking libopus0:amd64 (1.4-1build1) ...
2026-10-08T03:36:16.8270051Z Selecting previously unselected package librav1e0:amd64.
2026-10-08T03:36:16.8389757Z Preparing to unpack .../014-librav1e0_0.7.1-2_amd64.deb ...
2026-10-08T03:36:16.8397122Z Unpacking librav1e0:amd64 (0.7.1-2) ...
2026-10-08T03:36:16.8705533Z Selecting previously unselected package librsvg2-2:amd64.
2026-10-08T03:36:16.8826320Z Preparing to unpack .../015-librsvg2-2_2.58.0+dfsg-1ubuntu0.1_amd64.deb ...
2026-10-08T03:36:16.8833413Z Unpacking librsvg2-2:amd64 (2.58.0+dfsg-1ubuntu0.1) ...
2026-10-08T03:36:16.9280105Z Selecting previously unselected package libshine3:amd64.
2026-10-08T03:36:16.9403849Z Preparing to unpack .../016-libshine3_3.1.1-2build1_amd64.deb ...
2026-10-08T03:36:16.9410591Z Unpacking libshine3:amd64 (3.1.1-2build1) ...
2026-10-08T03:36:16.9592365Z Selecting previously unselected package libspeex1:amd64.
2026-10-08T03:36:16.9714868Z Preparing to unpack .../017-libspeex1_1.2.1-2ubuntu2.24.04.1_amd64.deb ...
2026-10-08T03:36:16.9722636Z Unpacking libspeex1:amd64 (1.2.1-2ubuntu2.24.04.1) ...
2026-10-08T03:36:16.9910474Z Selecting previously unselected package libsvtav1enc1d1:amd64.
2026-10-08T03:36:17.0031866Z Preparing to unpack .../018-libsvtav1enc1d1_1.7.0+dfsg-2build1_amd64.deb ...
2026-10-08T03:36:17.0038114Z Unpacking libsvtav1enc1d1:amd64 (1.7.0+dfsg-2build1) ...
2026-10-08T03:36:17.0485830Z Selecting previously unselected package libsoxr0:amd64.
2026-10-08T03:36:17.0607932Z Preparing to unpack .../019-libsoxr0_0.1.3-4build3_amd64.deb ...
2026-10-08T03:36:17.0614742Z Unpacking libsoxr0:amd64 (0.1.3-4build3) ...
2026-10-08T03:36:17.0820079Z Selecting previously unselected package libswresample4:amd64.
2026-10-08T03:36:17.0942492Z Preparing to unpack .../020-libswresample4_7%3a6.1.1-3ubuntu5_amd64.deb ...
2026-10-08T03:36:17.0948814Z Unpacking libswresample4:amd64 (7:6.1.1-3ubuntu5) ...
2026-10-08T03:36:17.1145170Z Selecting previously unselected package libtheora0:amd64.
2026-10-08T03:36:17.1265772Z Preparing to unpack .../021-libtheora0_1.1.1+dfsg.1-16.1build3_amd64.deb ...
2026-10-08T03:36:17.1274633Z Unpacking libtheora0:amd64 (1.1.1+dfsg.1-16.1build3) ...
2026-10-08T03:36:17.1492328Z Selecting previously unselected package libtwolame0:amd64.
2026-10-08T03:36:17.1612563Z Preparing to unpack .../022-libtwolame0_0.4.0-2build3_amd64.deb ...
2026-10-08T03:36:17.1619675Z Unpacking libtwolame0:amd64 (0.4.0-2build3) ...
2026-10-08T03:36:17.1813879Z Selecting previously unselected package libvorbisenc2:amd64.
2026-10-08T03:36:17.1934568Z Preparing to unpack .../023-libvorbisenc2_1.3.7-1build3_amd64.deb ...
2026-10-08T03:36:17.1942497Z Unpacking libvorbisenc2:amd64 (1.3.7-1build3) ...
2026-10-08T03:36:17.2159843Z Selecting previously unselected package libvpx9:amd64.
2026-10-08T03:36:17.2278363Z Preparing to unpack .../024-libvpx9_1.14.0-1ubuntu2.3_amd64.deb ...
2026-10-08T03:36:17.2286378Z Unpacking libvpx9:amd64 (1.14.0-1ubuntu2.3) ...
2026-10-08T03:36:17.2593016Z Selecting previously unselected package libx264-164:amd64.
2026-10-08T03:36:17.2713742Z Preparing to unpack .../025-libx264-164_2%3a0.164.3108+git31e19f9-1_amd64.deb ...
2026-10-08T03:36:17.2720496Z Unpacking libx264-164:amd64 (2:0.164.3108+git31e19f9-1) ...
2026-10-08T03:36:17.2976429Z Selecting previously unselected package libx265-199:amd64.
2026-10-08T03:36:17.3097465Z Preparing to unpack .../026-libx265-199_3.5-2build1_amd64.deb ...
2026-10-08T03:36:17.3104236Z Unpacking libx265-199:amd64 (3.5-2build1) ...
2026-10-08T03:36:17.3721195Z Selecting previously unselected package libxvidcore4:amd64.
2026-10-08T03:36:17.3843836Z Preparing to unpack .../027-libxvidcore4_2%3a1.3.7-1build1_amd64.deb ...
2026-10-08T03:36:17.3851603Z Unpacking libxvidcore4:amd64 (2:1.3.7-1build1) ...
2026-10-08T03:36:17.4060370Z Selecting previously unselected package libzvbi-common.
2026-10-08T03:36:17.4181085Z Preparing to unpack .../028-libzvbi-common_0.2.42-2_all.deb ...
2026-10-08T03:36:17.4187431Z Unpacking libzvbi-common (0.2.42-2) ...
2026-10-08T03:36:17.4829956Z Selecting previously unselected package libzvbi0t64:amd64.
2026-10-08T03:36:17.4935569Z Preparing to unpack .../029-libzvbi0t64_0.2.42-2_amd64.deb ...
2026-10-08T03:36:17.4942827Z Unpacking libzvbi0t64:amd64 (0.2.42-2) ...
2026-10-08T03:36:17.5168020Z Selecting previously unselected package libavcodec60:amd64.
2026-10-08T03:36:17.5288828Z Preparing to unpack .../030-libavcodec60_7%3a6.1.1-3ubuntu5_amd64.deb ...
2026-10-08T03:36:17.5296928Z Unpacking libavcodec60:amd64 (7:6.1.1-3ubuntu5) ...
2026-10-08T03:36:17.6087058Z Selecting previously unselected package libraw1394-11:amd64.
2026-10-08T03:36:17.6211907Z Preparing to unpack .../031-libraw1394-11_2.1.2-2build3_amd64.deb ...
2026-10-08T03:36:17.6219215Z Unpacking libraw1394-11:amd64 (2.1.2-2build3) ...
2026-10-08T03:36:17.6410893Z Selecting previously unselected package libavc1394-0:amd64.
2026-10-08T03:36:17.6533671Z Preparing to unpack .../032-libavc1394-0_0.5.4-5build3_amd64.deb ...
2026-10-08T03:36:17.6541114Z Unpacking libavc1394-0:amd64 (0.5.4-5build3) ...
2026-10-08T03:36:17.6732642Z Selecting previously unselected package libunibreak5:amd64.
2026-10-08T03:36:17.6853434Z Preparing to unpack .../033-libunibreak5_5.1-2build1_amd64.deb ...
2026-10-08T03:36:17.6861007Z Unpacking libunibreak5:amd64 (5.1-2build1) ...
2026-10-08T03:36:17.7055634Z Selecting previously unselected package libass9:amd64.
2026-10-08T03:36:17.7177177Z Preparing to unpack .../034-libass9_1%3a0.17.1-2build1_amd64.deb ...
2026-10-08T03:36:17.7184534Z Unpacking libass9:amd64 (1:0.17.1-2build1) ...
2026-10-08T03:36:17.7382827Z Selecting previously unselected package libudfread0:amd64.
2026-10-08T03:36:17.7502507Z Preparing to unpack .../035-libudfread0_1.1.2-1build1_amd64.deb ...
2026-10-08T03:36:17.7508987Z Unpacking libudfread0:amd64 (1.1.2-1build1) ...
2026-10-08T03:36:17.7704074Z Selecting previously unselected package libbluray2:amd64.
2026-10-08T03:36:17.7823371Z Preparing to unpack .../036-libbluray2_1%3a1.3.4-1build1_amd64.deb ...
2026-10-08T03:36:17.7830585Z Unpacking libbluray2:amd64 (1:1.3.4-1build1) ...
2026-10-08T03:36:17.8034557Z Selecting previously unselected package libchromaprint1:amd64.
2026-10-08T03:36:17.8153422Z Preparing to unpack .../037-libchromaprint1_1.5.1-5_amd64.deb ...
2026-10-08T03:36:17.8160031Z Unpacking libchromaprint1:amd64 (1.5.1-5) ...
2026-10-08T03:36:17.8538362Z Selecting previously unselected package libgme0:amd64.
2026-10-08T03:36:17.8657003Z Preparing to unpack .../038-libgme0_0.6.3-7build1_amd64.deb ...
2026-10-08T03:36:17.8664043Z Unpacking libgme0:amd64 (0.6.3-7build1) ...
2026-10-08T03:36:17.8863973Z Selecting previously unselected package libmpg123-0t64:amd64.
2026-10-08T03:36:17.8982760Z Preparing to unpack .../039-libmpg123-0t64_1.32.5-1ubuntu1.1_amd64.deb ...
2026-10-08T03:36:17.8989768Z Unpacking libmpg123-0t64:amd64 (1.32.5-1ubuntu1.1) ...
2026-10-08T03:36:17.9194136Z Selecting previously unselected package libopenmpt0t64:amd64.
2026-10-08T03:36:17.9311768Z Preparing to unpack .../040-libopenmpt0t64_0.7.3-1.1build3_amd64.deb ...
2026-10-08T03:36:17.9318499Z Unpacking libopenmpt0t64:amd64 (0.7.3-1.1build3) ...
2026-10-08T03:36:17.9565433Z Selecting previously unselected package libcjson1:amd64.
2026-10-08T03:36:17.9684347Z Preparing to unpack .../041-libcjson1_1.7.17-1_amd64.deb ...
2026-10-08T03:36:17.9691175Z Unpacking libcjson1:amd64 (1.7.17-1) ...
2026-10-08T03:36:17.9892999Z Selecting previously unselected package libmbedcrypto7t64:amd64.
2026-10-08T03:36:18.0012664Z Preparing to unpack .../042-libmbedcrypto7t64_2.28.8-1_amd64.deb ...
2026-10-08T03:36:18.0019272Z Unpacking libmbedcrypto7t64:amd64 (2.28.8-1) ...
2026-10-08T03:36:18.0235454Z Selecting previously unselected package librist4:amd64.
2026-10-08T03:36:18.0354840Z Preparing to unpack .../043-librist4_0.2.10+dfsg-2_amd64.deb ...
2026-10-08T03:36:18.0362265Z Unpacking librist4:amd64 (0.2.10+dfsg-2) ...
2026-10-08T03:36:18.0554968Z Selecting previously unselected package libsrt1.5-gnutls:amd64.
2026-10-08T03:36:18.0673064Z Preparing to unpack .../044-libsrt1.5-gnutls_1.5.3-1build2_amd64.deb ...
2026-10-08T03:36:18.0680204Z Unpacking libsrt1.5-gnutls:amd64 (1.5.3-1build2) ...
2026-10-08T03:36:18.0907521Z Selecting previously unselected package libssh-gcrypt-4:amd64.
2026-10-08T03:36:18.1025124Z Preparing to unpack .../045-libssh-gcrypt-4_0.10.6-2ubuntu0.5_amd64.deb ...
2026-10-08T03:36:18.1032539Z Unpacking libssh-gcrypt-4:amd64 (0.10.6-2ubuntu0.5) ...
2026-10-08T03:36:18.1245155Z Selecting previously unselected package libavformat60:amd64.
2026-10-08T03:36:18.1361870Z Preparing to unpack .../046-libavformat60_7%3a6.1.1-3ubuntu5_amd64.deb ...
2026-10-08T03:36:18.1368408Z Unpacking libavformat60:amd64 (7:6.1.1-3ubuntu5) ...
2026-10-08T03:36:18.1658102Z Selecting previously unselected package libbs2b0:amd64.
2026-10-08T03:36:18.1774389Z Preparing to unpack .../047-libbs2b0_3.1.0+dfsg-7build1_amd64.deb ...
2026-10-08T03:36:18.1781218Z Unpacking libbs2b0:amd64 (3.1.0+dfsg-7build1) ...
2026-10-08T03:36:18.2005743Z Selecting previously unselected package libflite1:amd64.
2026-10-08T03:36:18.2121833Z Preparing to unpack .../048-libflite1_2.2-6build3_amd64.deb ...
2026-10-08T03:36:18.2129225Z Unpacking libflite1:amd64 (2.2-6build3) ...
2026-10-08T03:36:18.3156145Z Selecting previously unselected package libserd-0-0:amd64.
2026-10-08T03:36:18.3280294Z Preparing to unpack .../049-libserd-0-0_0.32.2-1_amd64.deb ...
2026-10-08T03:36:18.3286762Z Unpacking libserd-0-0:amd64 (0.32.2-1) ...
2026-10-08T03:36:18.3480991Z Selecting previously unselected package libzix-0-0:amd64.
2026-10-08T03:36:18.3598043Z Preparing to unpack .../050-libzix-0-0_0.4.2-2build1_amd64.deb ...
2026-10-08T03:36:18.3604888Z Unpacking libzix-0-0:amd64 (0.4.2-2build1) ...
2026-10-08T03:36:18.3792700Z Selecting previously unselected package libsord-0-0:amd64.
2026-10-08T03:36:18.3910569Z Preparing to unpack .../051-libsord-0-0_0.16.16-2build1_amd64.deb ...
2026-10-08T03:36:18.3917896Z Unpacking libsord-0-0:amd64 (0.16.16-2build1) ...
2026-10-08T03:36:18.4109679Z Selecting previously unselected package libsratom-0-0:amd64.
2026-10-08T03:36:18.4226527Z Preparing to unpack .../052-libsratom-0-0_0.6.16-1build1_amd64.deb ...
2026-10-08T03:36:18.4234244Z Unpacking libsratom-0-0:amd64 (0.6.16-1build1) ...
2026-10-08T03:36:18.4423417Z Selecting previously unselected package liblilv-0-0:amd64.
2026-10-08T03:36:18.4539757Z Preparing to unpack .../053-liblilv-0-0_0.24.22-1build1_amd64.deb ...
2026-10-08T03:36:18.4548196Z Unpacking liblilv-0-0:amd64 (0.24.22-1build1) ...
2026-10-08T03:36:18.4742535Z Selecting previously unselected package libmysofa1:amd64.
2026-10-08T03:36:18.4858391Z Preparing to unpack .../054-libmysofa1_1.3.2+dfsg-2ubuntu2_amd64.deb ...
2026-10-08T03:36:18.4865648Z Unpacking libmysofa1:amd64 (1.3.2+dfsg-2ubuntu2) ...
2026-10-08T03:36:18.5092394Z Selecting previously unselected package libplacebo338:amd64.
2026-10-08T03:36:18.5208640Z Preparing to unpack .../055-libplacebo338_6.338.2-2build1_amd64.deb ...
2026-10-08T03:36:18.5216383Z Unpacking libplacebo338:amd64 (6.338.2-2build1) ...
2026-10-08T03:36:18.5714822Z Selecting previously unselected package libblas3:amd64.
2026-10-08T03:36:18.5833831Z Preparing to unpack .../056-libblas3_3.12.0-3build1.1_amd64.deb ...
2026-10-08T03:36:18.5862485Z Unpacking libblas3:amd64 (3.12.0-3build1.1) ...
2026-10-08T03:36:18.6086011Z Selecting previously unselected package liblapack3:amd64.
2026-10-08T03:36:18.6205407Z Preparing to unpack .../057-liblapack3_3.12.0-3build1.1_amd64.deb ...
2026-10-08T03:36:18.6233070Z Unpacking liblapack3:amd64 (3.12.0-3build1.1) ...
2026-10-08T03:36:18.6727226Z Selecting previously unselected package libasyncns0:amd64.
2026-10-08T03:36:18.6848797Z Preparing to unpack .../058-libasyncns0_0.8-6build4_amd64.deb ...
2026-10-08T03:36:18.6855127Z Unpacking libasyncns0:amd64 (0.8-6build4) ...
2026-10-08T03:36:18.7040724Z Selecting previously unselected package libflac12t64:amd64.
2026-10-08T03:36:18.7157702Z Preparing to unpack .../059-libflac12t64_1.4.3+ds-2.1ubuntu2_amd64.deb ...
2026-10-08T03:36:18.7164529Z Unpacking libflac12t64:amd64 (1.4.3+ds-2.1ubuntu2) ...
2026-10-08T03:36:18.7369230Z Selecting previously unselected package libsndfile1:amd64.
2026-10-08T03:36:18.7484504Z Preparing to unpack .../060-libsndfile1_1.2.2-1ubuntu5.24.04.1_amd64.deb ...
2026-10-08T03:36:18.7491570Z Unpacking libsndfile1:amd64 (1.2.2-1ubuntu5.24.04.1) ...
2026-10-08T03:36:18.7719515Z Selecting previously unselected package libpulse0:amd64.
2026-10-08T03:36:18.7833821Z Preparing to unpack .../061-libpulse0_1%3a16.1+dfsg1-2ubuntu10.1_amd64.deb ...
2026-10-08T03:36:18.7895579Z Unpacking libpulse0:amd64 (1:16.1+dfsg1-2ubuntu10.1) ...
2026-10-08T03:36:18.8137610Z Selecting previously unselected package libsphinxbase3t64:amd64.
2026-10-08T03:36:18.8252750Z Preparing to unpack .../062-libsphinxbase3t64_0.8+5prealpha+1-17build2_amd64.deb ...
2026-10-08T03:36:18.8260059Z Unpacking libsphinxbase3t64:amd64 (0.8+5prealpha+1-17build2) ...
2026-10-08T03:36:18.8460637Z Selecting previously unselected package libpocketsphinx3:amd64.
2026-10-08T03:36:18.8575324Z Preparing to unpack .../063-libpocketsphinx3_0.8.0+real5prealpha+1-15ubuntu5_amd64.deb ...
2026-10-08T03:36:18.8582420Z Unpacking libpocketsphinx3:amd64 (0.8.0+real5prealpha+1-15ubuntu5) ...
2026-10-08T03:36:18.8787450Z Selecting previously unselected package libpostproc57:amd64.
2026-10-08T03:36:18.8901032Z Preparing to unpack .../064-libpostproc57_7%3a6.1.1-3ubuntu5_amd64.deb ...
2026-10-08T03:36:18.8907975Z Unpacking libpostproc57:amd64 (7:6.1.1-3ubuntu5) ...
2026-10-08T03:36:18.9100583Z Selecting previously unselected package libsamplerate0:amd64.
2026-10-08T03:36:18.9214940Z Preparing to unpack .../065-libsamplerate0_0.2.2-4build1_amd64.deb ...
2026-10-08T03:36:18.9223095Z Unpacking libsamplerate0:amd64 (0.2.2-4build1) ...
2026-10-08T03:36:18.9463643Z Selecting previously unselected package librubberband2:amd64.
2026-10-08T03:36:18.9577860Z Preparing to unpack .../066-librubberband2_3.3.0+dfsg-2build1_amd64.deb ...
2026-10-08T03:36:18.9585023Z Unpacking librubberband2:amd64 (3.3.0+dfsg-2build1) ...
2026-10-08T03:36:18.9788022Z Selecting previously unselected package libswscale7:amd64.
2026-10-08T03:36:18.9904004Z Preparing to unpack .../067-libswscale7_7%3a6.1.1-3ubuntu5_amd64.deb ...
2026-10-08T03:36:18.9911005Z Unpacking libswscale7:amd64 (7:6.1.1-3ubuntu5) ...
2026-10-08T03:36:19.0120174Z Selecting previously unselected package libvidstab1.1:amd64.
2026-10-08T03:36:19.0234508Z Preparing to unpack .../068-libvidstab1.1_1.1.0-2build1_amd64.deb ...
2026-10-08T03:36:19.0241192Z Unpacking libvidstab1.1:amd64 (1.1.0-2build1) ...
2026-10-08T03:36:19.0428535Z Selecting previously unselected package libzimg2:amd64.
2026-10-08T03:36:19.0542315Z Preparing to unpack .../069-libzimg2_3.0.5+ds1-1build1_amd64.deb ...
2026-10-08T03:36:19.0549920Z Unpacking libzimg2:amd64 (3.0.5+ds1-1build1) ...
2026-10-08T03:36:19.0815780Z Selecting previously unselected package libavfilter9:amd64.
2026-10-08T03:36:19.0933237Z Preparing to unpack .../070-libavfilter9_7%3a6.1.1-3ubuntu5_amd64.deb ...
2026-10-08T03:36:19.0941086Z Unpacking libavfilter9:amd64 (7:6.1.1-3ubuntu5) ...
2026-10-08T03:36:19.1593310Z Selecting previously unselected package libcaca0:amd64.
2026-10-08T03:36:19.1716055Z Preparing to unpack .../071-libcaca0_0.99.beta20-4ubuntu0.2_amd64.deb ...
2026-10-08T03:36:19.1723575Z Unpacking libcaca0:amd64 (0.99.beta20-4ubuntu0.2) ...
2026-10-08T03:36:19.1949021Z Selecting previously unselected package libcdio19t64:amd64.
2026-10-08T03:36:19.2071189Z Preparing to unpack .../072-libcdio19t64_2.1.0-4.1ubuntu1.2_amd64.deb ...
2026-10-08T03:36:19.2078221Z Unpacking libcdio19t64:amd64 (2.1.0-4.1ubuntu1.2) ...
2026-10-08T03:36:19.2273486Z Selecting previously unselected package libcdio-cdda2t64:amd64.
2026-10-08T03:36:19.2394891Z Preparing to unpack .../073-libcdio-cdda2t64_10.2+2.0.1-1.1build2_amd64.deb ...
2026-10-08T03:36:19.2401709Z Unpacking libcdio-cdda2t64:amd64 (10.2+2.0.1-1.1build2) ...
2026-10-08T03:36:19.2590162Z Selecting previously unselected package libcdio-paranoia2t64:amd64.
2026-10-08T03:36:19.2708539Z Preparing to unpack .../074-libcdio-paranoia2t64_10.2+2.0.1-1.1build2_amd64.deb ...
2026-10-08T03:36:19.2715587Z Unpacking libcdio-paranoia2t64:amd64 (10.2+2.0.1-1.1build2) ...
2026-10-08T03:36:19.2902822Z Selecting previously unselected package libdc1394-25:amd64.
2026-10-08T03:36:19.3020470Z Preparing to unpack .../075-libdc1394-25_2.2.6-4build1_amd64.deb ...
2026-10-08T03:36:19.3027338Z Unpacking libdc1394-25:amd64 (2.2.6-4build1) ...
2026-10-08T03:36:19.3227456Z Selecting previously unselected package libiec61883-0:amd64.
2026-10-08T03:36:19.3344393Z Preparing to unpack .../076-libiec61883-0_1.2.0-6build1_amd64.deb ...
2026-10-08T03:36:19.3352072Z Unpacking libiec61883-0:amd64 (1.2.0-6build1) ...
2026-10-08T03:36:19.3537899Z Selecting previously unselected package libjack-jackd2-0:amd64.
2026-10-08T03:36:19.3654513Z Preparing to unpack .../077-libjack-jackd2-0_1.9.21~dfsg-3ubuntu3_amd64.deb ...
2026-10-08T03:36:19.3661859Z Unpacking libjack-jackd2-0:amd64 (1.9.21~dfsg-3ubuntu3) ...
2026-10-08T03:36:19.3885449Z Selecting previously unselected package libopenal-data.
2026-10-08T03:36:19.4002203Z Preparing to unpack .../078-libopenal-data_1%3a1.23.1-4build1_all.deb ...
2026-10-08T03:36:19.4008824Z Unpacking libopenal-data (1:1.23.1-4build1) ...
2026-10-08T03:36:19.4226322Z Selecting previously unselected package libsndio7.0:amd64.
2026-10-08T03:36:19.4344558Z Preparing to unpack .../079-libsndio7.0_1.9.0-0.3build3_amd64.deb ...
2026-10-08T03:36:19.4351130Z Unpacking libsndio7.0:amd64 (1.9.0-0.3build3) ...
2026-10-08T03:36:19.4553059Z Selecting previously unselected package libopenal1:amd64.
2026-10-08T03:36:19.4670243Z Preparing to unpack .../080-libopenal1_1%3a1.23.1-4build1_amd64.deb ...
2026-10-08T03:36:19.4677652Z Unpacking libopenal1:amd64 (1:1.23.1-4build1) ...
2026-10-08T03:36:19.4952513Z Selecting previously unselected package libdecor-0-0:amd64.
2026-10-08T03:36:19.5070686Z Preparing to unpack .../081-libdecor-0-0_0.2.2-1build2_amd64.deb ...
2026-10-08T03:36:19.5077825Z Unpacking libdecor-0-0:amd64 (0.2.2-1build2) ...
2026-10-08T03:36:19.5387159Z Preparing to unpack .../082-libgl1-mesa-dri_25.2.8-0ubuntu0.24.04.4_amd64.deb ...
2026-10-08T03:36:19.5777668Z Unpacking libgl1-mesa-dri:amd64 (25.2.8-0ubuntu0.24.04.4) over (25.2.8-0ubuntu0.24.04.2) ...
2026-10-08T03:36:19.6244136Z Preparing to unpack .../083-libglx-mesa0_25.2.8-0ubuntu0.24.04.4_amd64.deb ...
2026-10-08T03:36:19.6265659Z Unpacking libglx-mesa0:amd64 (25.2.8-0ubuntu0.24.04.4) over (25.2.8-0ubuntu0.24.04.2) ...
2026-10-08T03:36:19.6608212Z Preparing to unpack .../084-libgbm1_25.2.8-0ubuntu0.24.04.4_amd64.deb ...
2026-10-08T03:36:19.6627909Z Unpacking libgbm1:amd64 (25.2.8-0ubuntu0.24.04.4) over (25.2.8-0ubuntu0.24.04.2) ...
2026-10-08T03:36:19.6961431Z Preparing to unpack .../085-mesa-libgallium_25.2.8-0ubuntu0.24.04.4_amd64.deb ...
2026-10-08T03:36:19.6983095Z Unpacking mesa-libgallium:amd64 (25.2.8-0ubuntu0.24.04.4) over (25.2.8-0ubuntu0.24.04.2) ...
2026-10-08T03:36:19.8662049Z Selecting previously unselected package libsdl2-2.0-0:amd64.
2026-10-08T03:36:19.8786072Z Preparing to unpack .../086-libsdl2-2.0-0_2.30.0+dfsg-1ubuntu3.1_amd64.deb ...
2026-10-08T03:36:19.8804661Z Unpacking libsdl2-2.0-0:amd64 (2.30.0+dfsg-1ubuntu3.1) ...
2026-10-08T03:36:19.9064876Z Selecting previously unselected package libxcb-shape0:amd64.
2026-10-08T03:36:19.9188144Z Preparing to unpack .../087-libxcb-shape0_1.15-1ubuntu2_amd64.deb ...
2026-10-08T03:36:19.9195264Z Unpacking libxcb-shape0:amd64 (1.15-1ubuntu2) ...
2026-10-08T03:36:19.9384992Z Selecting previously unselected package libxv1:amd64.
2026-10-08T03:36:19.9504764Z Preparing to unpack .../088-libxv1_2%3a1.0.11-1.1build1_amd64.deb ...
2026-10-08T03:36:19.9511641Z Unpacking libxv1:amd64 (2:1.0.11-1.1build1) ...
2026-10-08T03:36:19.9703467Z Selecting previously unselected package libavdevice60:amd64.
2026-10-08T03:36:19.9822868Z Preparing to unpack .../089-libavdevice60_7%3a6.1.1-3ubuntu5_amd64.deb ...
2026-10-08T03:36:19.9829852Z Unpacking libavdevice60:amd64 (7:6.1.1-3ubuntu5) ...
2026-10-08T03:36:20.0020648Z Selecting previously unselected package ffmpeg.
2026-10-08T03:36:20.0137924Z Preparing to unpack .../090-ffmpeg_7%3a6.1.1-3ubuntu5_amd64.deb ...
2026-10-08T03:36:20.0147327Z Unpacking ffmpeg (7:6.1.1-3ubuntu5) ...
2026-10-08T03:36:20.0611827Z Selecting previously unselected package libigdgmm12:amd64.
2026-10-08T03:36:20.0732600Z Preparing to unpack .../091-libigdgmm12_22.3.17+ds1-1ubuntu1_amd64.deb ...
2026-10-08T03:36:20.0741580Z Unpacking libigdgmm12:amd64 (22.3.17+ds1-1ubuntu1) ...
2026-10-08T03:36:20.0948071Z Selecting previously unselected package intel-media-va-driver:amd64.
2026-10-08T03:36:20.1069438Z Preparing to unpack .../092-intel-media-va-driver_24.1.0+dfsg1-1ubuntu0.2_amd64.deb ...
2026-10-08T03:36:20.1075394Z Unpacking intel-media-va-driver:amd64 (24.1.0+dfsg1-1ubuntu0.2) ...
2026-10-08T03:36:20.1688623Z Selecting previously unselected package libaacs0:amd64.
2026-10-08T03:36:20.1811769Z Preparing to unpack .../093-libaacs0_0.11.1-2build1_amd64.deb ...
2026-10-08T03:36:20.1818021Z Unpacking libaacs0:amd64 (0.11.1-2build1) ...
2026-10-08T03:36:20.2018791Z Selecting previously unselected package libbdplus0:amd64.
2026-10-08T03:36:20.2140495Z Preparing to unpack .../094-libbdplus0_0.2.0-3build1_amd64.deb ...
2026-10-08T03:36:20.2147081Z Unpacking libbdplus0:amd64 (0.2.0-3build1) ...
2026-10-08T03:36:20.2332886Z Selecting previously unselected package libdecor-0-plugin-1-gtk:amd64.
2026-10-08T03:36:20.2452309Z Preparing to unpack .../095-libdecor-0-plugin-1-gtk_0.2.2-1build2_amd64.deb ...
2026-10-08T03:36:20.2458861Z Unpacking libdecor-0-plugin-1-gtk:amd64 (0.2.2-1build2) ...
2026-10-08T03:36:20.2648047Z Selecting previously unselected package librsvg2-common:amd64.
2026-10-08T03:36:20.2766426Z Preparing to unpack .../096-librsvg2-common_2.58.0+dfsg-1ubuntu0.1_amd64.deb ...
2026-10-08T03:36:20.2774590Z Unpacking librsvg2-common:amd64 (2.58.0+dfsg-1ubuntu0.1) ...
2026-10-08T03:36:20.3140943Z Selecting previously unselected package mesa-va-drivers:amd64.
2026-10-08T03:36:20.3258022Z Preparing to unpack .../097-mesa-va-drivers_25.2.8-0ubuntu0.24.04.4_amd64.deb ...
2026-10-08T03:36:20.3264481Z Unpacking mesa-va-drivers:amd64 (25.2.8-0ubuntu0.24.04.4) ...
2026-10-08T03:36:20.3445872Z Selecting previously unselected package mesa-vdpau-drivers:amd64.
2026-10-08T03:36:20.3562499Z Preparing to unpack .../098-mesa-vdpau-drivers_25.2.8-0ubuntu0.24.04.4_amd64.deb ...
2026-10-08T03:36:20.3569241Z Unpacking mesa-vdpau-drivers:amd64 (25.2.8-0ubuntu0.24.04.4) ...
2026-10-08T03:36:20.3763105Z Selecting previously unselected package i965-va-driver:amd64.
2026-10-08T03:36:20.3878787Z Preparing to unpack .../099-i965-va-driver_2.4.1+dfsg1-1ubuntu0.2_amd64.deb ...
2026-10-08T03:36:20.3885907Z Unpacking i965-va-driver:amd64 (2.4.1+dfsg1-1ubuntu0.2) ...
2026-10-08T03:36:20.4122202Z Selecting previously unselected package va-driver-all:amd64.
2026-10-08T03:36:20.4239348Z Preparing to unpack .../100-va-driver-all_2.20.0-2ubuntu0.2_amd64.deb ...
2026-10-08T03:36:20.4246093Z Unpacking va-driver-all:amd64 (2.20.0-2ubuntu0.2) ...
2026-10-08T03:36:20.4418400Z Selecting previously unselected package vdpau-driver-all:amd64.
2026-10-08T03:36:20.4533364Z Preparing to unpack .../101-vdpau-driver-all_1.5-2build1_amd64.deb ...
2026-10-08T03:36:20.4539930Z Unpacking vdpau-driver-all:amd64 (1.5-2build1) ...
2026-10-08T03:36:20.4717119Z Selecting previously unselected package pocketsphinx-en-us.
2026-10-08T03:36:20.4834264Z Preparing to unpack .../102-pocketsphinx-en-us_0.8.0+real5prealpha+1-15ubuntu5_all.deb ...
2026-10-08T03:36:20.4842915Z Unpacking pocketsphinx-en-us (0.8.0+real5prealpha+1-15ubuntu5) ...
2026-10-08T03:36:20.6735986Z Setting up libgme0:amd64 (0.6.3-7build1) ...
2026-10-08T03:36:20.6759998Z Setting up libchromaprint1:amd64 (1.5.1-5) ...
2026-10-08T03:36:20.6777754Z Setting up libssh-gcrypt-4:amd64 (0.10.6-2ubuntu0.5) ...
2026-10-08T03:36:20.6794837Z Setting up libhwy1t64:amd64 (1.0.7-8.1build1) ...
2026-10-08T03:36:20.6814688Z Setting up libudfread0:amd64 (1.1.2-1build1) ...
2026-10-08T03:36:20.6836808Z Setting up mesa-libgallium:amd64 (25.2.8-0ubuntu0.24.04.4) ...
2026-10-08T03:36:20.6853891Z Setting up libraw1394-11:amd64 (2.1.2-2build3) ...
2026-10-08T03:36:20.6873429Z Setting up libspeex1:amd64 (1.2.1-2ubuntu2.24.04.1) ...
2026-10-08T03:36:20.6890671Z Setting up libshine3:amd64 (3.1.1-2build1) ...
2026-10-08T03:36:20.6907934Z Setting up libcaca0:amd64 (0.99.beta20-4ubuntu0.2) ...
2026-10-08T03:36:20.6929139Z Setting up libvpl2 (2023.3.0-1build1) ...
2026-10-08T03:36:20.6946632Z Setting up libx264-164:amd64 (2:0.164.3108+git31e19f9-1) ...
2026-10-08T03:36:20.6967443Z Setting up libtwolame0:amd64 (0.4.0-2build3) ...
2026-10-08T03:36:20.6986686Z Setting up libmbedcrypto7t64:amd64 (2.28.8-1) ...
2026-10-08T03:36:20.7003932Z Setting up libgbm1:amd64 (25.2.8-0ubuntu0.24.04.4) ...
2026-10-08T03:36:20.7022930Z Setting up libgsm1:amd64 (1.0.22-1build1) ...
2026-10-08T03:36:20.7039965Z Setting up libsoxr0:amd64 (0.1.3-4build3) ...
2026-10-08T03:36:20.7058910Z Setting up libzix-0-0:amd64 (0.4.2-2build1) ...
2026-10-08T03:36:20.7076222Z Setting up libcodec2-1.2:amd64 (1.2.0-2build1) ...
2026-10-08T03:36:20.7092908Z Setting up libgl1-mesa-dri:amd64 (25.2.8-0ubuntu0.24.04.4) ...
2026-10-08T03:36:20.7163584Z Setting up libmysofa1:amd64 (1.3.2+dfsg-2ubuntu2) ...
2026-10-08T03:36:20.7182060Z Setting up libxcb-shape0:amd64 (1.15-1ubuntu2) ...
2026-10-08T03:36:20.7199903Z Setting up libcdio19t64:amd64 (2.1.0-4.1ubuntu1.2) ...
2026-10-08T03:36:20.7216327Z Setting up libsvtav1enc1d1:amd64 (1.7.0+dfsg-2build1) ...
2026-10-08T03:36:20.7243225Z Setting up libigdgmm12:amd64 (22.3.17+ds1-1ubuntu1) ...
2026-10-08T03:36:20.7259649Z Setting up libmpg123-0t64:amd64 (1.32.5-1ubuntu1.1) ...
2026-10-08T03:36:20.7275925Z Setting up libcjson1:amd64 (1.7.17-1) ...
2026-10-08T03:36:20.7294928Z Setting up libxvidcore4:amd64 (2:1.3.7-1build1) ...
2026-10-08T03:36:20.7312916Z Setting up librav1e0:amd64 (0.7.1-2) ...
2026-10-08T03:36:20.7330006Z Setting up libcdio-cdda2t64:amd64 (10.2+2.0.1-1.1build2) ...
2026-10-08T03:36:20.7347664Z Setting up librist4:amd64 (0.2.10+dfsg-2) ...
2026-10-08T03:36:20.7364531Z Setting up librsvg2-2:amd64 (2.58.0+dfsg-1ubuntu0.1) ...
2026-10-08T03:36:20.7382341Z Setting up libblas3:amd64 (3.12.0-3build1.1) ...
2026-10-08T03:36:20.7438245Z update-alternatives: using /usr/lib/x86_64-linux-gnu/blas/libblas.so.3 to provide /usr/lib/x86_64-linux-gnu/libblas.so.3 (libblas.so.3-x86_64-linux-gnu) in auto mode
2026-10-08T03:36:20.7483431Z Setting up libplacebo338:amd64 (6.338.2-2build1) ...
2026-10-08T03:36:20.7503687Z Setting up libva2:amd64 (2.20.0-2ubuntu0.2) ...
2026-10-08T03:36:20.7521548Z Setting up libopus0:amd64 (1.4-1build1) ...
2026-10-08T03:36:20.7540504Z Setting up libcdio-paranoia2t64:amd64 (10.2+2.0.1-1.1build2) ...
2026-10-08T03:36:20.7560364Z Setting up libdc1394-25:amd64 (2.2.6-4build1) ...
2026-10-08T03:36:20.7577733Z Setting up intel-media-va-driver:amd64 (24.1.0+dfsg1-1ubuntu0.2) ...
2026-10-08T03:36:20.7595598Z Setting up libxv1:amd64 (2:1.0.11-1.1build1) ...
2026-10-08T03:36:20.7614356Z Setting up libunibreak5:amd64 (5.1-2build1) ...
2026-10-08T03:36:20.7631780Z Setting up libaacs0:amd64 (0.11.1-2build1) ...
2026-10-08T03:36:20.7650724Z Setting up libjxl0.7:amd64 (0.7.0-10.2ubuntu6.1) ...
2026-10-08T03:36:20.7668042Z Setting up librsvg2-common:amd64 (2.58.0+dfsg-1ubuntu0.1) ...
2026-10-08T03:36:20.7767753Z Setting up pocketsphinx-en-us (0.8.0+real5prealpha+1-15ubuntu5) ...
2026-10-08T03:36:20.7786062Z Setting up libx265-199:amd64 (3.5-2build1) ...
2026-10-08T03:36:20.7805348Z Setting up libsndio7.0:amd64 (1.9.0-0.3build3) ...
2026-10-08T03:36:20.7826552Z Setting up libbdplus0:amd64 (0.2.0-3build1) ...
2026-10-08T03:36:20.7845750Z Setting up libvidstab1.1:amd64 (1.1.0-2build1) ...
2026-10-08T03:36:20.7865000Z Setting up libvpx9:amd64 (1.14.0-1ubuntu2.3) ...
2026-10-08T03:36:20.7884184Z Setting up libsrt1.5-gnutls:amd64 (1.5.3-1build2) ...
2026-10-08T03:36:20.7902888Z Setting up libflite1:amd64 (2.2-6build3) ...
2026-10-08T03:36:20.7921774Z Setting up libdav1d7:amd64 (1.4.1-1build1) ...
2026-10-08T03:36:20.7939328Z Setting up libva-drm2:amd64 (2.20.0-2ubuntu0.2) ...
2026-10-08T03:36:20.7958289Z Setting up ocl-icd-libopencl1:amd64 (2.3.2-1build1) ...
2026-10-08T03:36:20.7976658Z Setting up libasyncns0:amd64 (0.8-6build4) ...
2026-10-08T03:36:20.7994300Z Setting up libvdpau1:amd64 (1.5-2build1) ...
2026-10-08T03:36:20.8019860Z Setting up libbs2b0:amd64 (3.1.0+dfsg-7build1) ...
2026-10-08T03:36:20.8037863Z Setting up libtheora0:amd64 (1.1.1+dfsg.1-16.1build3) ...
2026-10-08T03:36:20.8056806Z Setting up libdecor-0-0:amd64 (0.2.2-1build2) ...
2026-10-08T03:36:20.8075074Z Setting up libzimg2:amd64 (3.0.5+ds1-1build1) ...
2026-10-08T03:36:20.8094417Z Setting up libopenal-data (1:1.23.1-4build1) ...
2026-10-08T03:36:20.8117258Z Setting up libflac12t64:amd64 (1.4.3+ds-2.1ubuntu2) ...
2026-10-08T03:36:20.8136599Z Setting up mesa-va-drivers:amd64 (25.2.8-0ubuntu0.24.04.4) ...
2026-10-08T03:36:20.8153288Z Setting up libbluray2:amd64 (1:1.3.4-1build1) ...
2026-10-08T03:36:20.8171829Z Setting up libsamplerate0:amd64 (0.2.2-4build1) ...
2026-10-08T03:36:20.8190955Z Setting up libva-x11-2:amd64 (2.20.0-2ubuntu0.2) ...
2026-10-08T03:36:20.8208072Z Setting up libdecor-0-plugin-1-gtk:amd64 (0.2.2-1build2) ...
2026-10-08T03:36:20.8225183Z Setting up libopenmpt0t64:amd64 (0.7.3-1.1build3) ...
2026-10-08T03:36:20.8247065Z Setting up libzvbi-common (0.2.42-2) ...
2026-10-08T03:36:20.8264213Z Setting up libmp3lame0:amd64 (3.100-6build1) ...
2026-10-08T03:36:20.8284546Z Setting up i965-va-driver:amd64 (2.4.1+dfsg1-1ubuntu0.2) ...
2026-10-08T03:36:20.8301864Z Setting up libvorbisenc2:amd64 (1.3.7-1build3) ...
2026-10-08T03:36:20.8322685Z Setting up libiec61883-0:amd64 (1.2.0-6build1) ...
2026-10-08T03:36:20.8340116Z Setting up libserd-0-0:amd64 (0.32.2-1) ...
2026-10-08T03:36:20.8358079Z Setting up libavc1394-0:amd64 (0.5.4-5build3) ...
2026-10-08T03:36:20.8378128Z Setting up mesa-vdpau-drivers:amd64 (25.2.8-0ubuntu0.24.04.4) ...
2026-10-08T03:36:20.8396196Z Setting up liblapack3:amd64 (3.12.0-3build1.1) ...
2026-10-08T03:36:20.8452965Z update-alternatives: using /usr/lib/x86_64-linux-gnu/lapack/liblapack.so.3 to provide /usr/lib/x86_64-linux-gnu/liblapack.so.3 (liblapack.so.3-x86_64-linux-gnu) in auto mode
2026-10-08T03:36:20.8468518Z Setting up libglx-mesa0:amd64 (25.2.8-0ubuntu0.24.04.4) ...
2026-10-08T03:36:20.8486987Z Setting up libzvbi0t64:amd64 (0.2.42-2) ...
2026-10-08T03:36:20.8505346Z Setting up libavutil58:amd64 (7:6.1.1-3ubuntu5) ...
2026-10-08T03:36:20.8524496Z Setting up libopenal1:amd64 (1:1.23.1-4build1) ...
2026-10-08T03:36:20.8545002Z Setting up libass9:amd64 (1:0.17.1-2build1) ...
2026-10-08T03:36:20.8795332Z Setting up libswresample4:amd64 (7:6.1.1-3ubuntu5) ...
2026-10-08T03:36:20.8813753Z Setting up va-driver-all:amd64 (2.20.0-2ubuntu0.2) ...
2026-10-08T03:36:20.8830580Z Setting up libavcodec60:amd64 (7:6.1.1-3ubuntu5) ...
2026-10-08T03:36:20.8848897Z Setting up librubberband2:amd64 (3.3.0+dfsg-2build1) ...
2026-10-08T03:36:20.8866526Z Setting up libjack-jackd2-0:amd64 (1.9.21~dfsg-3ubuntu3) ...
2026-10-08T03:36:20.8886459Z Setting up vdpau-driver-all:amd64 (1.5-2build1) ...
2026-10-08T03:36:20.8904428Z Setting up libsord-0-0:amd64 (0.16.16-2build1) ...
2026-10-08T03:36:20.8921514Z Setting up libpostproc57:amd64 (7:6.1.1-3ubuntu5) ...
2026-10-08T03:36:20.8938361Z Setting up libsratom-0-0:amd64 (0.6.16-1build1) ...
2026-10-08T03:36:20.8957005Z Setting up libsndfile1:amd64 (1.2.2-1ubuntu5.24.04.1) ...
2026-10-08T03:36:20.8976157Z Setting up liblilv-0-0:amd64 (0.24.22-1build1) ...
2026-10-08T03:36:20.8992965Z Setting up libswscale7:amd64 (7:6.1.1-3ubuntu5) ...
2026-10-08T03:36:20.9012453Z Setting up libpulse0:amd64 (1:16.1+dfsg1-2ubuntu10.1) ...
2026-10-08T03:36:20.9078656Z Setting up libavformat60:amd64 (7:6.1.1-3ubuntu5) ...
2026-10-08T03:36:20.9097161Z Setting up libsphinxbase3t64:amd64 (0.8+5prealpha+1-17build2) ...
2026-10-08T03:36:20.9114413Z Setting up libsdl2-2.0-0:amd64 (2.30.0+dfsg-1ubuntu3.1) ...
2026-10-08T03:36:20.9132347Z Setting up libpocketsphinx3:amd64 (0.8.0+real5prealpha+1-15ubuntu5) ...
2026-10-08T03:36:20.9148004Z Setting up libavfilter9:amd64 (7:6.1.1-3ubuntu5) ...
2026-10-08T03:36:20.9164153Z Setting up libavdevice60:amd64 (7:6.1.1-3ubuntu5) ...
2026-10-08T03:36:20.9181726Z Setting up ffmpeg (7:6.1.1-3ubuntu5) ...
2026-10-08T03:36:20.9204053Z Processing triggers for man-db (2.12.0-4build2) ...
2026-10-08T03:36:20.9223454Z Not building database; man-db/auto-update is not 'true'.
2026-10-08T03:36:20.9236599Z Processing triggers for libgdk-pixbuf-2.0-0:amd64 (2.42.10+dfsg-3ubuntu3.3) ...
2026-10-08T03:36:21.4144386Z Processing triggers for libc-bin (2.39-0ubuntu8.9) ...
2026-10-08T03:36:22.0544298Z 
2026-10-08T03:36:22.0544817Z Running kernel seems to be up-to-date.
2026-10-08T03:36:22.0545140Z 
2026-10-08T03:36:22.0545278Z No services need to be restarted.
2026-10-08T03:36:22.0545510Z 
2026-10-08T03:36:22.0545632Z No containers need to be restarted.
2026-10-08T03:36:22.0545890Z 
2026-10-08T03:36:22.0546055Z No user sessions are running outdated binaries.
2026-10-08T03:36:22.0546321Z 
2026-10-08T03:36:22.0546567Z No VM guests are running outdated hypervisor (qemu) binaries on this host.
2026-10-08T03:36:22.8390261Z ##[group]Run cargo test -p hydrus-core -p hydrus-download -p hydrus-downloader-exchange -p hydrus-gui-model -p hydrus-net -p hydrus-search -p hydrus-store --locked --no-fail-fast
2026-10-08T03:36:22.8391586Z [36;1mcargo test -p hydrus-core -p hydrus-download -p hydrus-downloader-exchange -p hydrus-gui-model -p hydrus-net -p hydrus-search -p hydrus-store --locked --no-fail-fast[0m
2026-10-08T03:36:22.8451826Z shell: /usr/bin/bash -e {0}
2026-10-08T03:36:22.8452073Z env:
2026-10-08T03:36:22.8452269Z   CARGO_TERM_COLOR: always
2026-10-08T03:36:22.8452516Z   RUSTFLAGS: -D warnings
2026-10-08T03:36:22.8452756Z   CARGO_HOME: /home/runner/.cargo
2026-10-08T03:36:22.8453009Z   CARGO_INCREMENTAL: 0
2026-10-08T03:36:22.8453223Z   CACHE_ON_FAILURE: true
2026-10-08T03:36:22.8453438Z   CARGO_BUILD_JOBS: 2
2026-10-08T03:36:22.8453650Z ##[endgroup]
2026-10-08T03:36:23.0669288Z [1m[92m    Updating[0m crates.io index
2026-10-08T03:36:24.6182163Z [1m[92m   Compiling[0m hydrus-core v0.1.0 (/home/runner/work/hydrus-mine/hydrus-mine/crates/hydrus-core)
2026-10-08T03:36:24.6190380Z [1m[92m   Compiling[0m hydrus-testkit v0.1.0 (/home/runner/work/hydrus-mine/hydrus-mine/crates/hydrus-testkit)
2026-10-08T03:36:31.3538811Z [1m[92m   Compiling[0m hydrus-parse v0.1.0 (/home/runner/work/hydrus-mine/hydrus-mine/crates/hydrus-parse)
2026-10-08T03:36:33.0120369Z [1m[92m   Compiling[0m hydrus-legacy v0.1.0 (/home/runner/work/hydrus-mine/hydrus-mine/crates/hydrus-legacy)
2026-10-08T03:36:33.4690687Z [1m[92m   Compiling[0m hydrus-media v0.1.0 (/home/runner/work/hydrus-mine/hydrus-mine/crates/hydrus-media)
2026-10-08T03:36:39.0434356Z [1m[92m   Compiling[0m hydrus-store v0.1.0 (/home/runner/work/hydrus-mine/hydrus-mine/crates/hydrus-store)
2026-10-08T03:36:57.6728905Z [1m[92m   Compiling[0m hydrus-downloader-exchange v0.1.0 (/home/runner/work/hydrus-mine/hydrus-mine/crates/hydrus-downloader-exchange)
2026-10-08T03:36:59.2559817Z [1m[92m   Compiling[0m hydrus-search v0.1.0 (/home/runner/work/hydrus-mine/hydrus-mine/crates/hydrus-search)
2026-10-08T03:37:02.5754612Z [1m[92m   Compiling[0m hydrus-net v0.1.0 (/home/runner/work/hydrus-mine/hydrus-mine/crates/hydrus-net)
2026-10-08T03:37:04.4513969Z [1m[92m   Compiling[0m hydrus-import v0.1.0 (/home/runner/work/hydrus-mine/hydrus-mine/crates/hydrus-import)
2026-10-08T03:37:05.4893200Z [1m[92m   Compiling[0m hydrus-download v0.1.0 (/home/runner/work/hydrus-mine/hydrus-mine/crates/hydrus-download)
2026-10-08T03:37:06.5150761Z [1m[92m   Compiling[0m hydrus-duplicates v0.1.0 (/home/runner/work/hydrus-mine/hydrus-mine/crates/hydrus-duplicates)
2026-10-08T03:37:07.2418702Z [1m[92m   Compiling[0m hydrus-gui-model v0.1.0 (/home/runner/work/hydrus-mine/hydrus-mine/crates/hydrus-gui-model)
2026-10-08T03:38:08.8431345Z [1m[92m    Finished[0m `test` profile [unoptimized + debuginfo] target(s) in 1m 45s
2026-10-08T03:38:08.8863466Z [1m[92m     Running[0m unittests src/lib.rs (target/debug/deps/hydrus_core-07b2b0806401ed67)
2026-10-08T03:38:08.8880550Z 
2026-10-08T03:38:08.8880719Z running 89 tests
2026-10-08T03:38:08.8891971Z test bandwidth::tests::a_one_per_second_rule_waits_for_the_next_second ... ok
2026-10-08T03:38:08.8892971Z test bandwidth::tests::a_daily_limit_holds_until_usage_ages_out ... ok
2026-10-08T03:38:08.8894218Z test bandwidth::tests::calendar_buckets_are_utc ... ok
2026-10-08T03:38:08.8895276Z test bandwidth::tests::gallery_tokens_space_out_each_site ... ok
2026-10-08T03:38:08.8896676Z test bandwidth::tests::specific_rules_replace_the_default ... ok
2026-10-08T03:38:08.8897633Z test casefold::tests::folds_as_python_does ... ok
2026-10-08T03:38:08.8898472Z test casefold::tests::the_table_is_sorted ... ok
2026-10-08T03:38:08.8914826Z test hash::tests::hex_round_trip ... ok
2026-10-08T03:38:08.8915745Z test content::tests::canvas_codes_match_reference_implementation ... ok
2026-10-08T03:38:08.8935709Z test hash::tests::perceptual_distance ... ok
2026-10-08T03:38:08.8937272Z test hash::tests::rejects_bad_hashes ... ok
2026-10-08T03:38:08.8938492Z test import_options::tests::layers_most_specific_first ... ok
2026-10-08T03:38:08.8939993Z test import_options::tests::presentation_shows_files_as_the_reference_s_does ... ok
2026-10-08T03:38:08.8940986Z test import_options::tests::vetoes_like_the_reference ... ok
2026-10-08T03:38:08.8941794Z test lock::tests::only_the_password_opens_a_lock ... ok
2026-10-08T03:38:08.8942891Z test media_viewer::tests::mpv_video_defaults_fit_the_canvas_and_keep_regular_zoom_steps ... ok
2026-10-08T03:38:08.8944589Z test content::tests::timestamp_codes_match_reference_implementation ... ok
2026-10-08T03:38:08.8950415Z test mime::tests::serde_uses_integer_codes ... ok
2026-10-08T03:38:08.8965748Z test mime::tests::table_matches_reference_implementation ... ok
2026-10-08T03:38:08.8967678Z test numbers::tests::groups_thousands ... ok
2026-10-08T03:38:08.8968922Z test numbers::tests::percentages ... ok
2026-10-08T03:38:08.8969964Z test numbers::tests::sizes_read_like_the_reference ... ok
2026-10-08T03:38:08.8976054Z test pages::tests::a_session_round_trips_through_json ... ok
2026-10-08T03:38:08.8977738Z test pages::tests::names_for_menus_have_their_counts_and_elide_in_the_middle ... ok
2026-10-08T03:38:08.8978798Z test pages::tests::pages_have_the_references_page_types ... ok
2026-10-08T03:38:08.8979931Z test pybytes::tests::base64_like_python ... ok
2026-10-08T03:38:08.8980670Z test pybytes::tests::hex_like_python ... ok
2026-10-08T03:38:08.8981455Z test pyhtml::tests::unescapes_like_python ... ok
2026-10-08T03:38:08.8987835Z test pyjson::tests::parses_what_python_accepts ... ok
2026-10-08T03:38:08.8991225Z test pyjson::tests::python_float_repr ... ok
2026-10-08T03:38:08.8994909Z test pyjson::tests::floats_round_trip_through_python_repr ... ok
2026-10-08T03:38:08.8996397Z test pyjson::tests::python_string_escapes ... ok
2026-10-08T03:38:08.8997195Z test pyjson::tests::rejects_what_python_rejects ... ok
2026-10-08T03:38:08.8998575Z test pyjson::tests::round_trips_reference_style_documents ... ok
2026-10-08T03:38:08.8999969Z test search::context::tests::all_known_files_absorbs_other_domains ... ok
2026-10-08T03:38:08.9010929Z test search::context::tests::defaults_match_the_client_api ... ok
2026-10-08T03:38:08.9018832Z test content::tests::codes_match_reference_implementation ... ok
2026-10-08T03:38:08.9031640Z test search::number::tests::number_tests_render_like_the_reference ... ok
2026-10-08T03:38:08.9033026Z test search::recent::mixed_tests::old_system_history_decodes_and_simple_edits_keep_newest_five_per_type ... ok
2026-10-08T03:38:08.9034322Z test search::recent::tests::widths_and_heights_are_types_13_and_14 ... ok
2026-10-08T03:38:08.9035263Z test search::time::tests::renders_deltas ... ok
2026-10-08T03:38:08.9036050Z test search::time::tests::validates_dates ... ok
2026-10-08T03:38:08.9036839Z test service::tests::builtin_keys_render_readably ... ok
2026-10-08T03:38:08.9060490Z test search::recent::tests::pushed_predicates_are_kept_as_the_reference_keeps_them ... ok
2026-10-08T03:38:08.9061649Z test sort::tests::matches_recorded_clean_tags_order ... ok
2026-10-08T03:38:08.9068313Z test pyjson::tests::strings_round_trip ... ok
2026-10-08T03:38:08.9070370Z test sort::tests::numbers_sort_numerically_and_before_text ... ok
2026-10-08T03:38:08.9072786Z test sort::tests::unicode_decimal_chunks_precede_letters_but_keep_ascii_split_boundaries ... ok
2026-10-08T03:38:08.9073979Z test service::tests::table_matches_reference_implementation ... ok
2026-10-08T03:38:08.9079630Z test subscriptions::tests::checks_follow_file_velocity ... ok
2026-10-08T03:38:08.9090711Z test tag::tests::combine_round_trips ... ok
2026-10-08T03:38:08.9111100Z test tag_filter::tests::specific_rules_win ... ok
2026-10-08T03:38:08.9112688Z test tag_presentation::tests::decimals_are_python_s ... ok
2026-10-08T03:38:08.9115086Z test tag_presentation::tests::rows_take_their_namespace_s_colour ... ok
2026-10-08T03:38:08.9131687Z test tag_sort::tests::counts_sort_with_a_to_z_among_equals ... ok
2026-10-08T03:38:08.9133870Z test tag_sort::tests::the_default_groups_by_the_users_namespaces ... ok
2026-10-08T03:38:08.9189761Z test tag_summary::tests::the_defaults_summarise_as_their_examples_say ... ok
2026-10-08T03:38:08.9201069Z test test_fixtures::versions_match_reference_implementation ... ok
2026-10-08T03:38:08.9201939Z test thumbnail::tests::matches_recorded_thumbnail_sizes ... ok
2026-10-08T03:38:08.9202636Z test tag::tests::cleaning_is_idempotent ... ok
2026-10-08T03:38:08.9227110Z test time::tests::conversions ... ok
2026-10-08T03:38:08.9227789Z test time::tests::durations_as_the_reference_words_them ... ok
2026-10-08T03:38:08.9228608Z test time::tests::scanbar_timestamps_as_the_reference_writes_them ... ok
2026-10-08T03:38:08.9229627Z test time::tests::spans_as_the_reference_words_them ... ok
2026-10-08T03:38:08.9230326Z test url::class::tests::url_types_serialise_as_codes ... ok
2026-10-08T03:38:08.9231120Z test url::functions::tests::components_encode_without_double_encoding ... ok
2026-10-08T03:38:08.9231956Z test url::functions::tests::queries_round_trip_in_order ... ok
2026-10-08T03:38:08.9232654Z test url::class::tests::classes_match_and_normalise ... ok
2026-10-08T03:38:08.9233356Z test url::functions::tests::urls_encode_like_the_reference ... ok
2026-10-08T03:38:08.9234083Z test url::gug::tests::terms_are_encoded_for_where_they_go ... ok
2026-10-08T03:38:08.9234810Z test tag::tests::cleaning_matches_reference_implementation ... ok
2026-10-08T03:38:08.9235510Z test url::psl::tests::punycode_decodes ... ok
2026-10-08T03:38:08.9236096Z test url::pyurl::tests::joins_like_python ... ok
2026-10-08T03:38:08.9244986Z test url::pyurl::tests::quotes_like_python ... ok
2026-10-08T03:38:08.9245655Z test url::pyurl::tests::splits_like_python ... ok
2026-10-08T03:38:08.9246287Z test url::pyurl::urljoin_tests::joins_like_python ... ok
2026-10-08T03:38:08.9261288Z test url::registry::tests::known_urls_are_classified ... ok
2026-10-08T03:38:08.9279853Z test url::registry::tests::unknown_urls_are_just_encoded ... ok
2026-10-08T03:38:08.9329762Z test url::string_dates::tests::date_conversions_match_direct_reference_execution ... ok
2026-10-08T03:38:08.9330927Z test url::string_dates::tests::local_encode_uses_current_offset_and_naive_timezone_fields ... ok
2026-10-08T03:38:08.9428059Z test url::string_dates::tests::local_names_and_dst_boundaries_match_recorded_reference_platform ... ok
2026-10-08T03:38:08.9432997Z test url::strings::tests::converts_like_the_reference ... ok
2026-10-08T03:38:08.9437365Z test url::strings::tests::matches_like_the_reference ... ok
2026-10-08T03:38:08.9439179Z test url::strings::tests::processes_pipelines ... ok
2026-10-08T03:38:08.9440274Z test watchers::tests::a_new_watcher_checks_at_once_and_a_quiet_thread_dies ... ok
2026-10-08T03:38:08.9441153Z test windows::tests::a_saved_frame_keeps_what_it_remembers ... ok
2026-10-08T03:38:08.9499295Z test url::functions::tests::www_is_removed_from_subdomains_only ... ok
2026-10-08T03:38:08.9578920Z test notes::tests::merges_like_the_reference ... ok
2026-10-08T03:38:08.9885096Z test url::psl::tests::matches_the_reference ... ok
2026-10-08T03:38:08.9885512Z 
2026-10-08T03:38:08.9885918Z test result: ok. 89 passed; 0 failed; 0 ignored; 0 measured; 0 filtered out; finished in 0.10s
2026-10-08T03:38:08.9886517Z 
2026-10-08T03:38:08.9892527Z [1m[92m     Running[0m tests/bandwidth.rs (target/debug/deps/bandwidth-c921facadb394ba5)
2026-10-08T03:38:08.9903788Z 
2026-10-08T03:38:08.9903973Z running 2 tests
2026-10-08T03:38:09.1105652Z test the_manager_starts_requests_as_the_reference_does ... ok
2026-10-08T03:38:09.1133531Z test trackers_count_and_rules_judge_as_the_reference_does ... ok
2026-10-08T03:38:09.1134024Z 
2026-10-08T03:38:09.1134313Z test result: ok. 2 passed; 0 failed; 0 ignored; 0 measured; 0 filtered out; finished in 0.12s
2026-10-08T03:38:09.1134718Z 
2026-10-08T03:38:09.1152973Z [1m[92m     Running[0m tests/string_steps.rs (target/debug/deps/string_steps-5da0364e08f60ef6)
2026-10-08T03:38:09.1164801Z 
2026-10-08T03:38:09.1164987Z running 1 test
2026-10-08T03:38:09.1168307Z test a_tag_filter_step_stored_without_its_example_still_loads ... ok
2026-10-08T03:38:09.1168625Z 
2026-10-08T03:38:09.1168888Z test result: ok. 1 passed; 0 failed; 0 ignored; 0 measured; 0 filtered out; finished in 0.00s
2026-10-08T03:38:09.1169396Z 
2026-10-08T03:38:09.1171072Z [1m[92m     Running[0m tests/tab_names.rs (target/debug/deps/tab_names-64c2b1109f7bd07d)
2026-10-08T03:38:09.1181630Z 
2026-10-08T03:38:09.1181811Z running 2 tests
2026-10-08T03:38:09.1539529Z test a_new_clients_settings_are_the_references ... ok
2026-10-08T03:38:09.1566662Z test tabs_are_named_as_the_reference_names_them ... ok
2026-10-08T03:38:09.1566916Z 
2026-10-08T03:38:09.1567179Z test result: ok. 2 passed; 0 failed; 0 ignored; 0 measured; 0 filtered out; finished in 0.04s
2026-10-08T03:38:09.1567523Z 
2026-10-08T03:38:09.1575752Z [1m[92m     Running[0m tests/tag_rendering.rs (target/debug/deps/tag_rendering-68281fb06a194d7b)
2026-10-08T03:38:09.1586499Z 
2026-10-08T03:38:09.1586652Z running 1 test
2026-10-08T03:38:09.1593798Z test tags_render_as_the_reference_renders_them ... ok
2026-10-08T03:38:09.1594076Z 
2026-10-08T03:38:09.1594324Z test result: ok. 1 passed; 0 failed; 0 ignored; 0 measured; 0 filtered out; finished in 0.00s
2026-10-08T03:38:09.1594704Z 
2026-10-08T03:38:09.1596299Z [1m[92m     Running[0m tests/watcher_checker.rs (target/debug/deps/watcher_checker-fdbb17376ebb64fe)
2026-10-08T03:38:09.1606441Z 
2026-10-08T03:38:09.1606588Z running 2 tests
2026-10-08T03:38:09.1609709Z test the_same_checker_options_change_nothing ... ok
2026-10-08T03:38:09.1614038Z test checker_options_set_on_a_watcher_act_as_the_references ... ok
2026-10-08T03:38:09.1614533Z 
2026-10-08T03:38:09.1614997Z test result: ok. 2 passed; 0 failed; 0 ignored; 0 measured; 0 filtered out; finished in 0.00s
2026-10-08T03:38:09.1615547Z 
2026-10-08T03:38:09.1616809Z [1m[92m     Running[0m unittests src/lib.rs (target/debug/deps/hydrus_download-bbf5850a788bd04e)
2026-10-08T03:38:09.1635486Z 
2026-10-08T03:38:09.1635671Z running 16 tests
2026-10-08T03:38:09.1640291Z test folders::tests::integers_parse_as_python_parses_them ... ok
2026-10-08T03:38:09.1641310Z test export::tests::paths_normalise_as_python_normalises_them ... ok
2026-10-08T03:38:09.2618115Z test popups::tests::completed_deadline_survives_producer_drop_and_uses_strict_stored_boundary ... ok
2026-10-08T03:38:09.2661771Z test popups::tests::a_working_popup_says_what_its_downloads_importer_says_after_a_prefix ... ok
2026-10-08T03:38:09.3162113Z test popups::tests::current_callable_is_reentrant_and_removal_invalidates_later_queued_calls ... ok
2026-10-08T03:38:09.3175634Z test popups::tests::concurrent_pollers_cannot_overtake_a_reentrant_callable_removal ... ok
2026-10-08T03:38:09.3697525Z test popups::tests::gui_retirement_during_the_first_callable_invalidates_later_claimed_calls ... ok
2026-10-08T03:38:09.3779959Z test seeds::timestamp_editor_tests::recorded_saved_timestamp_parser_and_date_conversion_reach_actual_file_seeds ... ok
2026-10-08T03:38:09.4322574Z test subscriptions::tests::manager_admission_replays_reference_due_pause_live_limits_and_single_flight ... ok
2026-10-08T03:38:09.4325532Z test subscriptions::tests::outer_typed_exception_budget_replays_recorded_classes_and_reset ... ok
2026-10-08T03:38:09.4338691Z test subscriptions::tests::presented_files_are_labelled_as_the_reference_labels_them ... ok
2026-10-08T03:38:09.4339993Z test work_slots::tests::capacities_keep_running_counts_across_reference_lower_raise_and_release ... ok
2026-10-08T03:38:09.4341031Z test work_slots::tests::independent_categories_and_aborted_owners_release_only_their_permit ... ok
2026-10-08T03:38:09.5143484Z test popups::tests::a_working_popup_keeps_the_store_up_to_date_and_hears_a_cancel ... ok
2026-10-08T03:38:09.6239347Z test popups::tests::finished_callable_dispatches_between_independent_store_handles_and_releases_its_owner ... ok
2026-10-08T03:38:10.0147314Z test popups::tests::a_callable_added_after_finish_restarts_the_single_weak_poller ... ok
2026-10-08T03:38:10.0147856Z 
2026-10-08T03:38:10.0148350Z test result: ok. 16 passed; 0 failed; 0 ignored; 0 measured; 0 filtered out; finished in 0.85s
2026-10-08T03:38:10.0148731Z 
2026-10-08T03:38:10.0161261Z [1m[92m     Running[0m tests/export_folder.rs (target/debug/deps/export_folder-9dc9a4540e52640c)
2026-10-08T03:38:10.0181965Z 
2026-10-08T03:38:10.0182235Z running 1 test
2026-10-08T03:38:10.1498566Z test export_folders_do_what_the_reference_did ... ok
2026-10-08T03:38:10.1499190Z 
2026-10-08T03:38:10.1499658Z test result: ok. 1 passed; 0 failed; 0 ignored; 0 measured; 0 filtered out; finished in 0.13s
2026-10-08T03:38:10.1500254Z 
2026-10-08T03:38:10.1507724Z [1m[92m     Running[0m tests/folder_activity.rs (target/debug/deps/folder_activity-eba4e837ca106f7b)
2026-10-08T03:38:10.1534481Z 
2026-10-08T03:38:10.1534770Z running 2 tests
2026-10-08T03:38:10.1968083Z test successful_manager_apply_resets_due_cache_but_cancel_does_not ... ok
2026-10-08T03:38:10.2689376Z test active_import_finishes_its_commit_before_the_manager_reads_and_stops_before_next_seed ... ok
2026-10-08T03:38:10.2690110Z 
2026-10-08T03:38:10.2690560Z test result: ok. 2 passed; 0 failed; 0 ignored; 0 measured; 0 filtered out; finished in 0.12s
2026-10-08T03:38:10.2691141Z 
2026-10-08T03:38:10.2699998Z [1m[92m     Running[0m tests/import_folder.rs (target/debug/deps/import_folder-33b09015565930b7)
2026-10-08T03:38:10.2728211Z 
2026-10-08T03:38:10.2728638Z running 1 test
2026-10-08T03:38:10.8998365Z test an_import_folder_does_what_the_reference_did ... ok
2026-10-08T03:38:10.8998882Z 
2026-10-08T03:38:10.8999406Z test result: ok. 1 passed; 0 failed; 0 ignored; 0 measured; 0 filtered out; finished in 0.63s
2026-10-08T03:38:10.8999783Z 
2026-10-08T03:38:10.9013131Z [1m[92m     Running[0m tests/local_import.rs (target/debug/deps/local_import-9fa0047c94342534)
2026-10-08T03:38:10.9040984Z 
2026-10-08T03:38:10.9041148Z running 2 tests
2026-10-08T03:38:11.2401348Z test saved_existing_tag_filter_reaches_real_file_importer_for_parsed_and_additional_tags ... ok
2026-10-08T03:38:11.3819631Z test a_local_import_imports_its_files ... ok
2026-10-08T03:38:11.3820052Z 
2026-10-08T03:38:11.3820489Z test result: ok. 2 passed; 0 failed; 0 ignored; 0 measured; 0 filtered out; finished in 0.48s
2026-10-08T03:38:11.3820897Z 
2026-10-08T03:38:11.3840468Z [1m[92m     Running[0m tests/simple_downloader.rs (target/debug/deps/simple_downloader-01ddbb56bfa1e333)
2026-10-08T03:38:11.3868023Z 
2026-10-08T03:38:11.3868226Z running 1 test
2026-10-08T03:38:17.4983440Z test a_simple_downloader_parses_its_pages_for_files ... ok
2026-10-08T03:38:17.4983826Z 
2026-10-08T03:38:17.4984084Z test result: ok. 1 passed; 0 failed; 0 ignored; 0 measured; 0 filtered out; finished in 6.11s
2026-10-08T03:38:17.4984444Z 
2026-10-08T03:38:17.4996206Z [1m[92m     Running[0m tests/subscriptions.rs (target/debug/deps/subscriptions-c7e353ebb3ab64db)
2026-10-08T03:38:17.5024914Z 
2026-10-08T03:38:17.5025067Z running 11 tests
2026-10-08T03:38:17.6463032Z test a_subscription_with_no_import_destination_waits_out_its_error_delay ... ok
2026-10-08T03:38:17.6998904Z test a_subscription_without_its_downloader_pauses ... ok
2026-10-08T03:38:17.7792985Z test a_subscription_syncs_catches_up_and_downloads ... ok
2026-10-08T03:38:19.0483304Z test a_subscription_shows_what_it_does_in_a_popup_which_can_cancel_it ... ok
2026-10-08T03:38:22.0752785Z test handled_http_and_missing_file_failures_do_not_spend_the_outer_error_budget ... ok
2026-10-08T03:38:22.0886651Z test a_subscription_stops_when_its_bandwidth_runs_out ... ok
2026-10-08T03:38:23.1719980Z test subscription_runner_cancels_selected_peer_and_joins_all_on_shutdown ... ok
2026-10-08T03:38:23.2777812Z test subscriptions_wait_while_paused_globally ... ok
2026-10-08T03:38:24.0893406Z test subscription_runner_bounds_real_http_overlap_and_reloads_live_limit ... ok
2026-10-08T03:38:27.8376821Z test escaped_query_tag_errors_count_across_queries_delay_persist_and_reset_next_run ... ok
2026-10-08T03:38:34.1438233Z test none_disables_abandonment_for_real_escaped_store_failures ... ok
2026-10-08T03:38:34.1438754Z 
2026-10-08T03:38:34.1439688Z test result: ok. 11 passed; 0 failed; 0 ignored; 0 measured; 0 filtered out; finished in 16.64s
2026-10-08T03:38:34.1440299Z 
2026-10-08T03:38:34.1471051Z [1m[92m     Running[0m tests/url_queue.rs (target/debug/deps/url_queue-e2c1be4ce141c825)
2026-10-08T03:38:34.1498457Z 
2026-10-08T03:38:34.1498782Z running 11 tests
2026-10-08T03:38:34.3092163Z test a_refusal_from_a_site_hydrus_logged_in_to_says_why ... ok
2026-10-08T03:38:34.3127721Z test a_queue_with_no_import_destination_pauses_its_files ... ok
2026-10-08T03:38:34.4257042Z test existing_downloader_uses_edited_parser_and_new_link_after_reload ... ok
2026-10-08T03:38:34.4540894Z test a_gallery_url_in_a_url_queue_queues_its_posts ... ok
2026-10-08T03:38:34.5504490Z test missing_files_download_again_in_their_own_queue ... ok
2026-10-08T03:38:34.7217965Z test a_url_queue_downloads_posts_and_files ... ok
2026-10-08T03:38:35.4906188Z test files_import_while_later_gallery_pages_are_read ... ok
2026-10-08T03:38:35.6422629Z test running_gallery_searches_pick_up_capacity_growth_and_release_on_error ... ok
2026-10-08T03:38:36.1410824Z test queues_wait_while_their_downloads_are_paused_globally ... ok
2026-10-08T03:38:36.6982229Z test running_file_queues_keep_limits_when_lowered_and_release_on_cancel_or_owner_close ... ok
2026-10-08T03:38:37.4312901Z test a_file_that_fails_does_not_hold_up_the_rest_of_its_queue ... ok
2026-10-08T03:38:37.4313405Z 
2026-10-08T03:38:37.4313763Z test result: ok. 11 passed; 0 failed; 0 ignored; 0 measured; 0 filtered out; finished in 3.28s
2026-10-08T03:38:37.4314158Z 
2026-10-08T03:38:37.4347798Z [1m[92m     Running[0m tests/watchers.rs (target/debug/deps/watchers-20e25d328bf3f7c5)
2026-10-08T03:38:37.4374801Z 
2026-10-08T03:38:37.4374984Z running 2 tests
2026-10-08T03:38:37.7933157Z test watcher_checks_share_their_own_live_capacity_and_owner_close_releases_it ... ok
2026-10-08T03:38:37.8558608Z test a_watcher_follows_a_thread_until_it_404s ... ok
2026-10-08T03:38:37.8559262Z 
2026-10-08T03:38:37.8559730Z test result: ok. 2 passed; 0 failed; 0 ignored; 0 measured; 0 filtered out; finished in 0.42s
2026-10-08T03:38:37.8560333Z 
2026-10-08T03:38:37.8578231Z [1m[92m     Running[0m unittests src/lib.rs (target/debug/deps/hydrus_downloader_exchange-53953a77e0e9a0c8)
2026-10-08T03:38:37.8589224Z 
2026-10-08T03:38:37.8589962Z running 0 tests
2026-10-08T03:38:37.8590198Z 
2026-10-08T03:38:37.8590617Z test result: ok. 0 passed; 0 failed; 0 ignored; 0 measured; 0 filtered out; finished in 0.00s
2026-10-08T03:38:37.8591192Z 
2026-10-08T03:38:37.8592489Z [1m[92m     Running[0m tests/external_calls.rs (target/debug/deps/external_calls-32dab097596eb93a)
2026-10-08T03:38:37.8603146Z 
2026-10-08T03:38:37.8603342Z running 2 tests
2026-10-08T03:38:37.8624491Z test import_rejects_wrong_classes_and_mixed_invalid_packages_before_staging_any_call ... ok
2026-10-08T03:38:37.8641254Z test actual_qt_callable_exports_and_manager_round_trip_without_losing_identity_or_process_options ... ok
2026-10-08T03:38:37.8641861Z 
2026-10-08T03:38:37.8642178Z test result: ok. 2 passed; 0 failed; 0 ignored; 0 measured; 0 filtered out; finished in 0.00s
2026-10-08T03:38:37.8642543Z 
2026-10-08T03:38:37.8644451Z [1m[92m     Running[0m tests/import_options.rs (target/debug/deps/import_options-a70a18917bd1cb2b)
2026-10-08T03:38:37.8654995Z 
2026-10-08T03:38:37.8655290Z running 2 tests
2026-10-08T03:38:37.8703202Z test wrong_objects_and_future_versions_are_rejected ... ok
2026-10-08T03:38:37.8743782Z test recorded_containers_round_trip_all_native_fields_and_pngs ... ok
2026-10-08T03:38:37.8744291Z 
2026-10-08T03:38:37.8744618Z test result: ok. 2 passed; 0 failed; 0 ignored; 0 measured; 0 filtered out; finished in 0.01s
2026-10-08T03:38:37.8744981Z 
2026-10-08T03:38:37.8747096Z [1m[92m     Running[0m tests/interchange.rs (target/debug/deps/interchange-9445052f693b0646)
2026-10-08T03:38:37.8761473Z 
2026-10-08T03:38:37.8761641Z running 12 tests
2026-10-08T03:38:37.8768380Z test formula_metadata_survives_native_serialization_and_edits_take_precedence ... ok
2026-10-08T03:38:37.8772087Z test malformed_old_versions_return_errors_before_any_package_can_be_staged ... ok
2026-10-08T03:38:37.8807238Z test date_conversions_keep_reference_codes_through_definition_exchange ... ok
2026-10-08T03:38:37.8829617Z test old_plain_json_png_is_still_importable ... ok
2026-10-08T03:38:37.9030276Z test authored_static_formulas_roundtrip ... ok
2026-10-08T03:38:37.9064993Z test older_formats_upgrade_or_reject_without_partial_packages ... ok
2026-10-08T03:38:37.9231215Z test registered_mixed_login_package_preserves_json_png_rules_and_rejects_partial_decoding ... ok
2026-10-08T03:38:37.9289546Z test selected_processing_steps_match_qt_clipboard_and_png_exports ... ok
2026-10-08T03:38:37.9420164Z test subsidiary_contexts_follow_stable_page_keys_when_children_are_sorted_and_renamed ... ok
2026-10-08T03:38:37.9575577Z test malformed_png_and_compression_never_allocate_unbounded_data ... ok
2026-10-08T03:38:37.9597615Z test reference_json_and_real_png_roundtrip_without_losing_subsidiary_or_editor_data ... ok
2026-10-08T03:38:38.2417337Z test maximum_documented_definition_count_roundtrips_and_the_next_one_is_rejected ... ok
2026-10-08T03:38:38.2417997Z 
2026-10-08T03:38:38.2418413Z test result: ok. 12 passed; 0 failed; 0 ignored; 0 measured; 0 filtered out; finished in 0.37s
2026-10-08T03:38:38.2419229Z 
2026-10-08T03:38:38.2433789Z [1m[92m     Running[0m tests/logins.rs (target/debug/deps/logins-82f5bdd36ff4ba52)
2026-10-08T03:38:38.2448032Z 
2026-10-08T03:38:38.2448208Z running 3 tests
2026-10-08T03:38:38.2493697Z test native_veto_default_matcher_uses_python_constructor_empty_match_value ... ok
2026-10-08T03:38:38.2506084Z test login_validation_matches_python_and_rejects_mixed_packages_atomically ... ok
2026-10-08T03:38:38.2525207Z test login_scripts_preserve_reference_fields_and_upgrade_cookie_names ... ok
2026-10-08T03:38:38.2525661Z 
2026-10-08T03:38:38.2526102Z test result: ok. 3 passed; 0 failed; 0 ignored; 0 measured; 0 filtered out; finished in 0.01s
2026-10-08T03:38:38.2526704Z 
2026-10-08T03:38:38.2530180Z [1m[92m     Running[0m tests/routers.rs (target/debug/deps/routers-93dc1ba930b94b47)
2026-10-08T03:38:38.2540673Z 
2026-10-08T03:38:38.2540934Z running 3 tests
2026-10-08T03:38:38.2594447Z test router_exchange_rejects_incompatible_or_lossy_packages_atomically ... ok
2026-10-08T03:38:38.2695925Z test recorded_router_queues_preserve_editor_fields_and_reference_png ... ok
2026-10-08T03:38:38.2699924Z test inspected_packages_preserve_routers_with_recognised_other_objects ... ok
2026-10-08T03:38:38.2700781Z 
2026-10-08T03:38:38.2701411Z test result: ok. 3 passed; 0 failed; 0 ignored; 0 measured; 0 filtered out; finished in 0.02s
2026-10-08T03:38:38.2701819Z 
2026-10-08T03:38:38.2706406Z [1m[92m     Running[0m tests/seed_caches.rs (target/debug/deps/seed_caches-7edac3f0543c961e)
2026-10-08T03:38:38.2722108Z 
2026-10-08T03:38:38.2722250Z running 2 tests
2026-10-08T03:38:38.3172002Z test unsafe_or_malformed_history_fails_explicitly_without_truncating_a_package ... ok
2026-10-08T03:38:38.3190186Z test historical_cache_versions_replay_exact_qt_history_headers_and_list_exports ... ok
2026-10-08T03:38:38.3190805Z 
2026-10-08T03:38:38.3191225Z test result: ok. 2 passed; 0 failed; 0 ignored; 0 measured; 0 filtered out; finished in 0.05s
2026-10-08T03:38:38.3191809Z 
2026-10-08T03:38:38.3194502Z [1m[92m     Running[0m tests/subscription_import.rs (target/debug/deps/subscription_import-03f2d8ddd935f38d)
2026-10-08T03:38:38.3209585Z 
2026-10-08T03:38:38.3209764Z running 2 tests
2026-10-08T03:38:38.3356067Z test recorded_nested_packages_warn_after_preserving_complete_permitted_objects ... ok
2026-10-08T03:38:38.3391425Z test future_nested_objects_and_limits_fail_before_any_list_objects_are_returned ... ok
2026-10-08T03:38:38.3392039Z 
2026-10-08T03:38:38.3392452Z test result: ok. 2 passed; 0 failed; 0 ignored; 0 measured; 0 filtered out; finished in 0.02s
2026-10-08T03:38:38.3393028Z 
2026-10-08T03:38:38.3401513Z [1m[92m     Running[0m tests/subscriptions.rs (target/debug/deps/subscriptions-e6ea53fd2f0063f4)
2026-10-08T03:38:38.3415777Z 
2026-10-08T03:38:38.3415924Z running 4 tests
2026-10-08T03:38:38.3560252Z test subscription_exchange_reports_missing_logs_and_rejects_invalid_packages_atomically ... ok
2026-10-08T03:38:38.3601762Z test malformed_and_unsupported_legacy_subscriptions_fail_without_reducing_history ... ok
2026-10-08T03:38:38.3647915Z test actual_subscription_clipboard_and_png_retain_settings_headers_and_both_histories ... ok
2026-10-08T03:38:38.3882174Z test actual_legacy_subscription_list_imports_match_converted_settings_histories_and_caches ... ok
2026-10-08T03:38:38.3882619Z 
2026-10-08T03:38:38.3882878Z test result: ok. 4 passed; 0 failed; 0 ignored; 0 measured; 0 filtered out; finished in 0.05s
2026-10-08T03:38:38.3883272Z 
2026-10-08T03:38:38.3890421Z [1m[92m     Running[0m tests/subsidiaries.rs (target/debug/deps/subsidiaries-9fe403ec36e0192f)
2026-10-08T03:38:38.3905281Z 
2026-10-08T03:38:38.3905645Z running 2 tests
2026-10-08T03:38:38.3947659Z test incompatible_or_unsupported_subsidiary_packages_are_rejected_before_staging ... ok
2026-10-08T03:38:38.3976844Z test real_reference_subsidiary_clipboard_and_png_preserve_recursive_wrappers ... ok
2026-10-08T03:38:38.3977230Z 
2026-10-08T03:38:38.3977495Z test result: ok. 2 passed; 0 failed; 0 ignored; 0 measured; 0 filtered out; finished in 0.01s
2026-10-08T03:38:38.3977849Z 
2026-10-08T03:38:38.3981662Z [1m[92m     Running[0m unittests src/lib.rs (target/debug/deps/hydrus_gui_model-e796d6a368398922)
2026-10-08T03:38:38.4000816Z 
2026-10-08T03:38:38.4000953Z running 39 tests
2026-10-08T03:38:38.4004409Z test duplicate_filter::tests::deletion_reasons_read_as_the_reference_writes_them ... ok
2026-10-08T03:38:38.4005642Z test favourites::tests::names_are_made_unique_as_the_reference_makes_them ... ok
2026-10-08T03:38:38.4006941Z test list_selection::tests::clicks_select_as_qt_s_extended_selection ... ok
2026-10-08T03:38:38.4007644Z test list_selection::tests::a_selection_follows_its_items ... ok
2026-10-08T03:38:38.4012688Z test main_menu::tests::a_disabled_menu_does_not_open ... ok
2026-10-08T03:38:38.4014670Z test main_menu::tests::closed_pages_are_offered_latest_first ... ok
2026-10-08T03:38:38.4015676Z test main_menu::tests::advanced_mode_offers_to_nudge_subscriptions ... ok
2026-10-08T03:38:38.4016825Z test main_menu::tests::clicking_an_entry_chooses_it_unless_it_cannot_be ... ok
2026-10-08T03:38:38.4018062Z test main_menu::tests::entries_hydrus_rs_cannot_do_are_not_usable ... ok
2026-10-08T03:38:38.4019400Z test main_menu::tests::hovering_opens_submenus_beside_their_entries ... ok
2026-10-08T03:38:38.4020500Z test main_menu::tests::separators_show_as_qt_shows_them ... ok
2026-10-08T03:38:38.4021454Z test main_menu::tests::mnemonics_open_the_bar_s_menus ... ok
2026-10-08T03:38:38.4022513Z test main_menu::tests::several_folders_get_a_check_all_and_one_does_not ... ok
2026-10-08T03:38:38.4023716Z test main_menu::tests::keys_move_through_the_menus ... ok
2026-10-08T03:38:38.4024662Z test main_menu::tests::saved_sessions_of_its_own_can_be_saved_over_and_deleted ... ok
2026-10-08T03:38:38.4031458Z test main_menu::tests::the_history_is_numbered_latest_first_and_kept_to_twenty ... ok
2026-10-08T03:38:38.4033154Z test main_menu::tests::the_pending_menu_lists_repositories_with_content_a_to_z ... ok
2026-10-08T03:38:38.4935443Z test options::tests::the_editor_edits_the_page_shown ... ok
2026-10-08T03:38:38.4981000Z test options::tests::thumbnail_rating_sizes_go_up_to_the_thumbnails_width ... ok
2026-10-08T03:38:38.4984154Z test options::tests::times_show_as_the_references_fields ... ok
2026-10-08T03:38:38.5030432Z test options::tests::only_the_options_changed_are_set ... ok
2026-10-08T03:38:38.5034897Z test options::tests::the_search_finds_options_by_their_labels_and_boxes ... ok
2026-10-08T03:38:38.5575053Z test options::tests::values_that_cant_be_had_are_left_saying_why ... ok
2026-10-08T03:38:38.5620189Z test options::tests::times_rates_and_text_that_may_be_none_are_edited ... ok
2026-10-08T03:38:38.5662644Z test page_chooser::tests::menus_lead_to_pages_as_in_the_reference ... ok
2026-10-08T03:38:38.6221847Z test predicate_editors::defaults::tests::namespace_shortcuts_and_empty_results_follow_the_actual_star_menu ... ok
2026-10-08T03:38:38.6599900Z test page_chooser::tests::file_domains_are_offered_by_name ... ok
2026-10-08T03:38:38.7011942Z test predicate_editors::defaults::tests::star_regex_save_skips_accept_validation_like_the_actual_reference ... ok
2026-10-08T03:38:38.7030023Z test predicate_editors::special::tests::hashes_are_read_as_the_reference_reads_them ... ok
2026-10-08T03:38:38.7031166Z test predicate_editors::special::tests::lines_are_summed_up_as_the_reference_sums_them ... ok
2026-10-08T03:38:38.7032113Z test predicate_editors::tests::a_date_is_read_as_typed ... ok
2026-10-08T03:38:38.7033084Z test predicate_editors::tests::rating_is_offered_with_a_rating_service_and_the_rest_everywhere ... ok
2026-10-08T03:38:38.7034176Z test predicate_editors::tests::time_fields_split_a_span_into_its_units ... ok
2026-10-08T03:38:38.7035142Z test sort::tests::choices_are_named_and_ordered_as_the_reference_orders_them ... ok
2026-10-08T03:38:38.7036127Z test status::bandwidth_tests::only_what_is_read_while_the_client_is_open_counts ... ok
2026-10-08T03:38:38.7037102Z test status::bandwidth_tests::the_network_part_reads_as_the_reference_s ... ok
2026-10-08T03:38:38.7195923Z test predicate_editors::defaults::tests::service_keys_and_fractional_viewtime_survive_reordered_contexts_and_reopening ... ok
2026-10-08T03:38:39.3657483Z test predicate_editors::defaults::tests::comparability_replays_all_reference_subtypes_and_rating_services ... ok
2026-10-08T03:38:40.4391655Z test predicate_editors::defaults::tests::all_recorded_panel_families_restore_typed_defaults_and_explicit_inputs ... ok
2026-10-08T03:38:40.4392450Z 
2026-10-08T03:38:40.4392878Z test result: ok. 39 passed; 0 failed; 0 ignored; 0 measured; 0 filtered out; finished in 2.04s
2026-10-08T03:38:40.4393448Z 
2026-10-08T03:38:40.4408421Z [1m[92m     Running[0m tests/model/main.rs (target/debug/deps/model-57f5b48addde7534)
2026-10-08T03:38:40.4442087Z 
2026-10-08T03:38:40.4442269Z running 527 tests
2026-10-08T03:38:40.4479838Z test about::the_about_window_says_what_the_references_does ... ok
2026-10-08T03:38:40.4520997Z test active_predicates::actual_qt_inherited_copy_payloads_and_page_routes_match_all_recorded_selections ... ok
2026-10-08T03:38:40.4532200Z test active_predicates::actual_qt_commands_preserve_inverse_add_vs_ctrl_toggle_and_exact_result_sets ... ok
2026-10-08T03:38:40.4607383Z test active_predicates::supplied_size_and_limit_reopen_exact_values_despite_saved_creation_defaults ... ok
2026-10-08T03:38:40.4609246Z test active_predicates::mixed_controls_replay_real_qt_values_row_order_cancel_and_parser_vetoes ... ok
2026-10-08T03:38:40.7583181Z test api_update_toasts::all_recorded_apply_cancel_reopen_cases_and_concurrent_width_survive ... ok
2026-10-08T03:38:40.8061202Z test archive_delete_policies::real_independent_controls_cancel_reopen_merge_and_retained_legacy_native_precedence ... ok
2026-10-08T03:38:40.8781306Z test animation_start::recorded_raw_constructor_cancel_unchanged_apply_reopen_and_scoped_merge ... ok
2026-10-08T03:38:40.9042820Z test archive_repair::captured_scan_preserves_intervening_edits_and_cancellation_rolls_back_content_transaction ... ok
2026-10-08T03:38:40.9093308Z test auto_resolution_exchange::exported_rules_import_again ... ok
2026-10-08T03:38:40.9228095Z test auto_resolution_exchange::the_reference_s_serialised_rules_import ... ok
2026-10-08T03:38:40.9251878Z test auto_resolution_review::approving_and_denying_report_progress_as_the_reference_s ... ok
2026-10-08T03:38:40.9918022Z test archive_delete_policies::replaced_domain_identity_rejects_entire_commit_before_archiving_kept_files ... ok
2026-10-08T03:38:40.9976694Z test auto_resolution_rules::a_new_rule_searches_as_the_references_add_does ... ok
2026-10-08T03:38:41.0019861Z test auto_resolution_rules::add_offers_the_references_comparators ... ok
2026-10-08T03:38:41.0088127Z test auto_resolution_rules::rules_rows_and_comparators_are_the_references ... ok
2026-10-08T03:38:41.0785939Z test archive_repair::exact_global_scan_questions_population_writes_and_reopened_times_match_reference ... ok
2026-10-08T03:38:41.1661834Z test auto_resolution_review::each_rules_tabs_list_its_pairs_as_the_reference ... ok
2026-10-08T03:38:41.1697288Z test checker_options::edits_change_the_editor_as_the_references ... ok
2026-10-08T03:38:41.1743988Z test checker_options::ok_asks_as_the_references_does ... ok
2026-10-08T03:38:41.1744788Z test checker_options::ok_raises_times_below_their_least ... ok
2026-10-08T03:38:41.2633419Z test autocomplete_tabs::literal_favourite_rows_remain_selected_as_tags_until_explicitly_deselected ... ok
2026-10-08T03:38:41.2718104Z test checker_options::the_editor_opens_as_the_references ... ok
2026-10-08T03:38:41.2746185Z test checker_options::the_reasonable_defaults_are_the_references ... ok
2026-10-08T03:38:41.2747611Z test client_api_admin::browser_url_uses_reported_listener_over_cli_overridden_service_settings ... ok
2026-10-08T03:38:41.3679681Z test client_api_admin::listener_settings_preserve_unrelated_services_and_imported_flags ... ok
2026-10-08T03:38:41.4208172Z test autocomplete_tabs::read_and_write_selection_replay_the_same_qt_tabs_and_persist_only_accepted_edits ... ok
2026-10-08T03:38:41.4391464Z test checker_options::the_downloading_page_edits_the_default_checker_options ... ok
2026-10-08T03:38:41.4434299Z test client_api_admin::reference_rows_permissions_questions_and_duplicates ... ok
2026-10-08T03:38:41.4470145Z test command_palette::calculator_matches_qt_precedence_integer_types_errors_and_special_values ... ok
2026-10-08T03:38:41.4471433Z test command_palette::defaults_and_provider_queue_match_the_qt_options_editor ... ok
2026-10-08T03:38:41.4495895Z test clipboard_urls::changed_text_switches_and_url_policy_match_the_reference ... ok
2026-10-08T03:38:41.4503102Z test command_palette::late_workers_cannot_repopulate_a_new_query_or_closed_owner ... ok
2026-10-08T03:38:41.4523255Z test command_palette::providers_match_real_qt_order_limits_and_thresholds ... ok
2026-10-08T03:38:41.4545499Z test command_palette::unicode_casefold_expands_before_provider_and_menu_thresholds ... ok
2026-10-08T03:38:41.4888537Z test client_api_admin::staged_keys_cancel_persist_collision_and_stale_apply ... ok
2026-10-08T03:38:41.5189358Z test command_palette::each_live_provider_policy_reaches_its_results_and_preferences_persist ... ok
2026-10-08T03:38:41.5195714Z test database_backup::questions_name_the_paths_as_the_reference_does ... ok
2026-10-08T03:38:41.5220625Z test database_backup::the_menu_follows_the_backup_location_and_storage ... ok
2026-10-08T03:38:41.5231758Z test database_locations::rows_and_buttons_follow_the_reference ... ok
2026-10-08T03:38:41.6766614Z test content_undo::archiving_can_be_undone_and_redone_from_the_menu ... ok
2026-10-08T03:38:41.7364972Z test content_undo::tag_changes_name_their_service ... ok
2026-10-08T03:38:41.7366045Z test database_maintenance::the_menus_enable_the_jobs_hydrus_rs_runs ... ok
2026-10-08T03:38:41.7376531Z test datetime_editor::the_date_time_editor_works_as_the_references_does ... ok
2026-10-08T03:38:41.7381123Z test debug_actions::modal_countdown_and_env_dump_read_as_the_reference_s ... ok
2026-10-08T03:38:41.7382469Z test debug_actions::some_popups_are_the_reference_s_less_its_callbacks ... ok
2026-10-08T03:38:41.8957890Z test database_maintenance::questions_buttons_and_service_choices_are_the_reference_s ... ok
2026-10-08T03:38:41.9137750Z test archive_delete_policies::actual_qt_domain_alternatives_priorities_delay_and_selected_transaction ... ok
2026-10-08T03:38:42.1377338Z test delete_files::clean_delete_preserves_locked_files_and_remembered_fields_merge_with_options ... ok
2026-10-08T03:38:42.1441109Z test delete_files::mixed_existing_reasons_match_qt_preserve_each_file_and_do_not_replace_last_reason ... ok
2026-10-08T03:38:42.1453122Z test delete_files::reason_queue_matches_recorded_cancel_empty_duplicate_movement_and_delete ... ok
2026-10-08T03:38:42.1460544Z test downloader_definitions::domain_mask_queue_replays_staged_crud_and_insertion_order ... ok
2026-10-08T03:38:42.1513035Z test downloader_definitions::domain_mode_and_independent_tester_replay_reference_and_preserve_disabled_values ... ok
2026-10-08T03:38:42.2330397Z test downloader_definitions::drafts_preserve_identity_links_and_current_unrelated_settings ... ok
2026-10-08T03:38:42.2370255Z test downloader_definitions::editor_controls_change_matching_normalisation_and_validate_pagination ... ok
2026-10-08T03:38:42.3113924Z test downloader_definitions::generator_copies_nested_repair_and_delete_are_staged ... ok
2026-10-08T03:38:42.3122269Z test downloader_definitions::invalid_examples_and_defaults_cannot_be_committed ... ok
2026-10-08T03:38:42.3940282Z test downloader_definitions::previews_use_native_encoding_options_and_nested_columns_sort_by_count ... ok
2026-10-08T03:38:42.4780639Z test downloader_definitions::reference_rows_previews_and_vetoes_are_replayed ... ok
2026-10-08T03:38:42.4870149Z test downloader_definitions::selectable_preview_values_use_recorded_api_referral_and_gallery_consumers ... ok
2026-10-08T03:38:42.4886515Z test downloader_display::displayed_url_labels_filters_order_and_cap_replay_reference ... ok
2026-10-08T03:38:42.4889736Z test downloader_display::replay_actual_tri_state_questions_and_rows ... ok
2026-10-08T03:38:42.5818734Z test downloader_display::save_merges_only_edited_keys_and_preserves_concurrent_definitions ... ok
2026-10-08T03:38:42.5834549Z test downloader_interchange::an_api_pair_source_yields_to_its_eligible_target_during_parser_linking ... ok
2026-10-08T03:38:42.5836943Z test downloader_interchange::duplicate_class_relinks_the_runtime_winner_instead_of_the_first_equivalent_row ... ok
2026-10-08T03:38:42.6620824Z test downloader_interchange::imported_class_and_parser_link_reaches_the_live_registry ... ok
2026-10-08T03:38:42.7538717Z test downloader_interchange::mixed_login_cancel_malformed_and_stale_scripts_never_partially_save_downloaders ... ok
2026-10-08T03:38:42.8771451Z test downloader_interchange::mixed_login_import_replays_qt_duplicates_links_and_saved_consumer_without_exporting_credentials ... ok
2026-10-08T03:38:43.0008708Z test delete_files::physical_only_dialog_remembers_builtin_and_custom_service_keys_like_qt ... ok
2026-10-08T03:38:43.0570213Z test downloader_interchange::package_invalid_and_cancelled_staging_do_not_mutate_store_and_stale_apply_rolls_back ... ok
2026-10-08T03:38:43.0648021Z test downloader_interchange::reference_duplicate_rules_remap_nested_members_and_keep_auxiliary_context ... ok
2026-10-08T03:38:43.1120180Z test delete_files::advanced_reasons_match_actual_qt_defaults_existing_and_remembered_selection ... ok
2026-10-08T03:38:43.1220056Z test downloader_update_times::strict_deadlines_ratios_minimum_fallback_saved_changes_and_forcing_match_qt ... ok
2026-10-08T03:38:43.1807682Z test downloader_interchange::scoped_list_import_is_atomic_and_parser_save_preserves_original_context ... ok
2026-10-08T03:38:43.1859885Z test duplicate_colours::qcolor_rounding_and_independent_transparency_replay_actual_canvas_outputs ... ok
2026-10-08T03:38:43.4072516Z test duplicates_filtering::counts_and_random_groups_read_the_basic_client ... ok
2026-10-08T03:38:43.4081299Z test duplicates_filtering::edits_and_texts_follow_the_reference ... ok
2026-10-08T03:38:43.5024446Z test downloader_update_times::exact_constructor_fields_unchanged_apply_cancel_legacy_and_concurrent_field_merge ... ok
2026-10-08T03:38:43.5035759Z test duplicates_page::the_auto_resolution_rules_rows_are_the_references ... ok
2026-10-08T03:38:43.5059900Z test duplicates_page::the_preparation_tab_says_what_the_references_does ... ok
2026-10-08T03:38:43.5431116Z test duplicate_colours::options_keep_saved_zero_on_cancel_then_normalise_on_apply_and_preserve_concurrent_background ... ok
2026-10-08T03:38:43.5470271Z test edit_subscription::the_dialog_opens_as_the_references ... ok
2026-10-08T03:38:43.5521038Z test edit_subscription::the_query_buttons_act_as_the_references ... ok
2026-10-08T03:38:43.5541759Z test embedded_metadata::basics_and_png_instruction_match_the_reference ... ok
2026-10-08T03:38:43.5564961Z test embedded_metadata::exif_sort_selection_and_raw_copy_match_the_reference ... ok
2026-10-08T03:38:43.5582456Z test existing_tags_filter::existing_filter_acceptance_enables_only_the_captured_service_and_round_trips ... ok
2026-10-08T03:38:43.6130249Z test duplicates_filtering::resync_drops_pairs_of_files_out_of_local_storage ... ok
2026-10-08T03:38:43.6377607Z test duplicates_progress::qt_staging_persistence_and_scoped_save_drive_strict_caught_up_preparation_labels ... ok
2026-10-08T03:38:43.8158140Z test export_files::cancellation_suppresses_trash_but_missing_sources_trash_successful_prefix ... ok
2026-10-08T03:38:43.9157912Z test export_files::copies_overwrite_existing_files_and_route_metadata ... ok
2026-10-08T03:38:44.1968783Z test export_files::preview_and_confirmations_match_reference_panel ... ok
2026-10-08T03:38:44.4270426Z test export_files::selected_export_tags_counts_sort_selection_and_copy_match_actual_panel ... ok
2026-10-08T03:38:44.4295470Z test export_files::shared_pattern_menu_copies_recorded_phrases_including_its_heading ... ok
2026-10-08T03:38:44.7022503Z test export_files::sidecar_failure_prevents_copy_and_trash_and_success_trashes ... ok
2026-10-08T03:38:44.8374265Z test export_files::later_trash_transaction_failure_retains_export_error_and_committed_prefix ... ok
2026-10-08T03:38:44.8394135Z test external_calls::actual_defaults_menu_routes_preserve_prior_selection_and_generate_unique_named_keys ... ok
2026-10-08T03:38:44.8425461Z test external_calls::actual_qt_sort_tie_break_casefold_and_duplicate_selection_routes ... ok
2026-10-08T03:38:44.8442644Z test external_calls::actual_reference_substitution_validation_and_argument_cleaning ... ok
2026-10-08T03:38:44.8505004Z test external_calls::cancelling_the_owner_terminates_and_reaps_its_started_direct_child ... ok
2026-10-08T03:38:44.8560214Z test external_calls::command_clipboard_review_and_cleaned_example_match_actual_qt ... ok
2026-10-08T03:38:44.8577165Z test external_calls::command_parameter_queue_selection_reorder_and_keyboard_match_actual_qt ... ok
2026-10-08T03:38:44.8610354Z test external_calls::command_queue_reverse_edit_and_keyboard_origins_match_actual_qt ... ok
2026-10-08T03:38:44.8622378Z test external_calls::duplicate_import_warnings_match_python_repr_and_all_size_boundaries ... ok
2026-10-08T03:38:44.8623860Z test external_calls::list_acceptance_retains_edit_key_and_selection_but_regenerates_import_and_duplicate_keys ... ok
2026-10-08T03:38:44.9510860Z test export_files::symlinks_existing_links_and_hardlinks_preserve_source_content ... ok
2026-10-08T03:38:44.9570282Z test external_calls::saved_call_executes_owned_harmless_process_with_exact_single_argument_and_no_shell_interpretation ... ok
2026-10-08T03:38:45.1316628Z test favourite_search_editor::favourite_controls_replay_reference_domain_sort_collect_and_predicate_values ... ok
2026-10-08T03:38:45.2695670Z test export_files::export_failure_and_cancellation_match_reference_durable_membership ... ok
2026-10-08T03:38:45.2710399Z test file_history::dropping_worker_cancels_inflight_read_and_never_runs_pending_read ... ok
2026-10-08T03:38:45.3113027Z test ffmpeg_timeout::qt_options_cancel_bounds_reopen_and_concurrent_changes ... ok
2026-10-08T03:38:45.3119331Z test file_history::owned_worker_runs_only_latest_queued_query_and_discards_cancelled_closed_results ... ok
2026-10-08T03:38:45.3128009Z test file_log::clipboard_source_batches_match_actual_reference_imports ... ok
2026-10-08T03:38:45.3726513Z test file_log::renormalisation_collapses_later_duplicates_and_preserves_first_progress_and_metadata ... ok
2026-10-08T03:38:45.3731658Z test file_log::selected_import_objects_match_full_reference_clipboard_bytes ... ok
2026-10-08T03:38:45.3737590Z test file_log::selected_urls_are_one_exact_match_or_container ... ok
2026-10-08T03:38:45.4390554Z test file_history::global_and_filtered_series_ranges_visibility_refresh_and_cancel_match_actual_chart ... ok
2026-10-08T03:38:45.4398577Z test file_log::the_file_log_is_the_references ... ok
2026-10-08T03:38:45.4404258Z test file_maintenance_current::recorded_counts_selection_due_gate_and_numeric_sort_use_typed_identity ... ok
2026-10-08T03:38:45.5727353Z test file_maintenance_new::chosen_files_get_the_job_queued ... ok
2026-10-08T03:38:45.5728291Z test file_maintenance_new::the_tab_says_what_the_reference_does ... ok
2026-10-08T03:38:45.5729445Z test file_relationships::a_file_alone_offers_only_a_search_reset ... ok
2026-10-08T03:38:45.5731886Z test file_relationships::a_grouped_file_shows_its_group_and_what_can_be_undone ... ok
2026-10-08T03:38:45.7044538Z test file_relationships::setting_and_undoing_relationships_reaches_the_store ... ok
2026-10-08T03:38:46.2800273Z test file_view_removal::actual_qt_media_list_trash_move_and_physical_pruning_matrix ... ok
2026-10-08T03:38:46.4064909Z test file_view_removal::filter_content_pruning_reports_only_domain_departures_after_intervening_trash ... ok
2026-10-08T03:38:46.5320304Z test database_maintenance::accepted_runs_send_the_reference_s_popups ... ok
2026-10-08T03:38:46.5612870Z test filename_rules::advanced_lists_children_and_filename_consumers_match_real_reference ... ok
2026-10-08T03:38:46.5648430Z test filename_rules::both_original_regex_buttons_offer_the_recorded_help_components_and_favourites ... ok
2026-10-08T03:38:46.5660081Z test filename_rules::child_identity_is_frozen_and_unrelated_callbacks_preserve_it ... ok
2026-10-08T03:38:46.5742484Z test file_view_removal::filter_removal_matches_recorded_commit_gates_and_skipped_return_file ... ok
2026-10-08T03:38:46.5748418Z test filename_simple::native_path_backend_matches_actual_reference_rebasing_and_mixed_separator_tags ... ok
2026-10-08T03:38:46.5804236Z test filename_tagging::rows_and_values_are_the_references ... ok
2026-10-08T03:38:46.5805512Z test filename_tagging::single_tags_are_shown_and_removed_for_the_selection ... ok
2026-10-08T03:38:46.5820284Z test filename_tagging::typed_regexes_and_quick_namespaces_are_checked ... ok
2026-10-08T03:38:46.5821494Z test filesize_predicate::choices_bounds_and_explicit_reopening_match_qt ... ok
2026-10-08T03:38:46.5825695Z test filetype_tree::groups_tick_their_filetypes_and_give_back_specific_ones ... ok
2026-10-08T03:38:46.6271478Z test folder_runs::named_then_all_folders_are_flagged_to_run ... ok
2026-10-08T03:38:46.7350619Z test filename_simple::additive_entry_and_selected_union_replay_real_simple_panel_without_spreading_untouched_tags ... ok
2026-10-08T03:38:46.7364820Z test folders::the_export_folder_dialog_is_the_references ... ok
2026-10-08T03:38:46.7381173Z test folders::the_import_folder_dialog_is_the_references ... ok
2026-10-08T03:38:46.7399750Z test folders::the_lists_name_what_they_add_and_edit_uniquely ... ok
2026-10-08T03:38:46.7400498Z test folders::the_lists_rows_are_the_references ... ok
2026-10-08T03:38:46.7405065Z test force_filetype::the_force_filetypes_dialog_is_the_reference_s ... ok
2026-10-08T03:38:46.7424523Z test force_idle::actual_toggle_checks_and_real_worker_entry_matrix ... ok
2026-10-08T03:38:46.7446275Z test formula_editors::fetched_documents_replay_reference_success_error_and_cancellation_context ... ok
2026-10-08T03:38:46.7463285Z test formula_editors::formula_editor_bulk_name_conflicts_match_reference ... ok
2026-10-08T03:38:46.7465291Z test formula_editors::formula_editor_controls_and_parses_match_reference ... ok
2026-10-08T03:38:46.7466250Z test formula_editors::formula_editor_rule_queue_matches_reference_actions ... ok
2026-10-08T03:38:46.7467561Z test formula_editors::formula_editor_type_and_named_list_actions_match_reference ... ok
2026-10-08T03:38:46.7480466Z test formula_editors::formula_editor_type_changes_use_fresh_defaults_and_preserve_separated_content ... ok
2026-10-08T03:38:46.7481940Z test formula_editors::formula_editors_preserve_other_kinds_and_inactive_rule_settings ... ok
2026-10-08T03:38:46.7483436Z test formula_editors::multiple_test_documents_retain_edits_sources_and_selected_child_order ... ok
2026-10-08T03:38:46.7485102Z test formula_editors::recursive_formula_fields_and_transformed_child_data_match_reference ... ok
2026-10-08T03:38:46.7487861Z test formula_editors::scalar_formula_controls_match_reference ... ok
2026-10-08T03:38:46.7495275Z test formula_editors::six_kind_chooser_defaults_match_reference ... ok
2026-10-08T03:38:46.7507467Z test formula_editors::zipper_member_queue_and_substitution_match_reference ... ok
2026-10-08T03:38:46.7553655Z test frame_locations::frame_table_defaults_cells_and_selected_actions_match_actual_qt ... ok
2026-10-08T03:38:46.7985050Z test folders::export_folder_examples_use_recorded_queries_limits_and_media_contexts ... ok
2026-10-08T03:38:46.8250176Z test frame_locations::named_geometry_transactions_preserve_peer_frames_and_latest_viewer_save_preference ... ok
2026-10-08T03:38:46.8290373Z test gallery_source::captions_and_installed_parser_functionality_match_real_reference ... ok
2026-10-08T03:38:46.8299631Z test gallery_source::key_wins_over_conflicting_name_and_cycles_are_bounded ... ok
2026-10-08T03:38:46.8409683Z test gallery_source::two_stage_choices_selection_cancellation_and_empty_warning_match_reference ... ok
2026-10-08T03:38:46.9670199Z test frame_locations::settings_keep_unknown_rows_and_merge_unedited_runtime_geometry ... ok
2026-10-08T03:38:47.0502706Z test gui_colours::all_twenty_six_rgb_roles_and_independent_tabs_stage_cancel_apply_and_reopen_like_qt ... ok
2026-10-08T03:38:47.1690547Z test gui_colours::old_imported_store_keeps_retained_legacy_rgb_until_native_values_take_precedence ... ok
2026-10-08T03:38:47.2122189Z test gui_colours::staged_role_changes_merge_with_live_help_switch_and_other_saved_rgb_roles ... ok
2026-10-08T03:38:47.2152220Z test gui_format::recorded_current_local_offsets_and_ancient_boundaries_match_python ... ok
2026-10-08T03:38:47.2204221Z test gui_format::recorded_summaries_previews_expiry_and_scheduling_variants_reach_existing_models ... ok
2026-10-08T03:38:47.3600354Z test gui_format::precision_reaches_existing_import_png_network_and_service_displays ... ok
2026-10-08T03:38:47.3640288Z test hash_predicate::cleanup_and_explicit_values_match_real_qt ... ok
2026-10-08T03:38:47.4436708Z test file_log::source_png_carriers_import_actual_qt_exports_and_render_custom_headers ... ok
2026-10-08T03:38:47.5101712Z test idle_timeout_options::edited_idle_thresholds_merge_without_overwriting_live_unrelated_preferences ... ok
2026-10-08T03:38:47.5455733Z test how_boned::the_basic_client_s_statistics_read_as_the_reference_s ... ok
2026-10-08T03:38:47.6394530Z test gui_format::staged_bounds_cancel_save_reopen_and_real_log_columns_match_qt ... ok
2026-10-08T03:38:47.6410032Z test idle_timeout_options::implicit_idle_normalisation_preserves_newer_fields_and_explicit_edits_still_apply ... ok
2026-10-08T03:38:47.6440238Z test idle_timeout_options::saved_timeout_choices_replay_strict_qt_boot_activity_and_ignore_gates ... ok
2026-10-08T03:38:47.6510585Z test image_cache::actual_byte_timeout_and_percentage_controls_match_the_recording ... ok
2026-10-08T03:38:47.6785247Z test idle_timeout_options::noneable_timeout_controls_replay_qt_defaults_floor_bounds_retention_and_reopen ... ok
2026-10-08T03:38:47.6858849Z test image_cache::actual_pending_rgb_rgba_touch_admission_soft_overflow_policy_and_expiry ... ok
2026-10-08T03:38:47.7527045Z test image_cache::untouched_normalized_controls_preserve_concurrent_fields_but_explicit_edits_win ... ok
2026-10-08T03:38:47.8770807Z test image_cache::actual_legacy_native_wins_changed_fields_and_raw_control_values_survive_reopen ... ok
2026-10-08T03:38:47.8791079Z test import_options_editor::caller_defaults_lists_and_fallback_labels_match_real_reference_editors ... ok
2026-10-08T03:38:47.8819913Z test import_options_editor::defaults_editor_uses_parent_stack_and_retains_hidden_custom_kinds ... ok
2026-10-08T03:38:47.8836315Z test import_options_editor::each_kinds_summary_is_the_references ... ok
2026-10-08T03:38:47.8843298Z test import_options_editor::text_fields_read_and_write_lists_and_renames ... ok
2026-10-08T03:38:47.8868011Z test import_options_editor::the_editors_lists_are_the_references ... ok
2026-10-08T03:38:47.8920439Z test import_options_overwrite::favourite_add_rename_and_delete_preserve_reference_names_and_other_defaults ... ok
2026-10-08T03:38:47.8965435Z test import_options_overwrite::shared_overwrite_presets_and_manual_default_match_real_dialog ... ok
2026-10-08T03:38:47.8979985Z test import_options_panel::sorted_selection_frozen_clear_and_profile_identity_are_independent ... ok
2026-10-08T03:38:47.9066846Z test image_colour::qt_icc_checkbox_cancel_saved_reopen_preserves_concurrent_viewer_rules ... ok
2026-10-08T03:38:47.9182621Z test import_options_panel::three_lists_and_staged_actions_replay_the_reference ... ok
2026-10-08T03:38:47.9184152Z test import_work_slots::missing_and_raw_legacy_keys_preserve_independent_defaults ... ok
2026-10-08T03:38:47.9736597Z test import_work_slots::loaded_out_of_range_controls_normalize_only_on_unchanged_apply ... ok
2026-10-08T03:38:47.9760058Z test importer_menu::an_importers_own_presentation_is_named_and_not_offered_again ... ok
2026-10-08T03:38:47.9761751Z test importer_menu::presentation_summaries_are_the_references ... ok
2026-10-08T03:38:47.9778463Z test importer_menu::the_list_menus_are_the_references ... ok
2026-10-08T03:38:48.0340763Z test idle_timeout_options::raw_imported_seconds_normalise_only_on_unchanged_acceptance_as_qt_does ... ok
2026-10-08T03:38:48.0374047Z test ffmpeg_timeout::already_open_import_review_uses_live_store_deadline_for_real_metadata_detection ... ok
2026-10-08T03:38:48.0950426Z test import_work_slots::reference_controls_stay_staged_and_saved_limits_survive_reopening ... ok
2026-10-08T03:38:48.2738881Z test incremental_tagging::actual_qt_initial_clamps_and_long_decimal_previews_preserve_safe_native_inference ... ok
2026-10-08T03:38:48.3606039Z test incremental_tagging::actual_child_defaults_conflicts_reverse_pairs_and_nested_cancellation_replay ... ok
2026-10-08T03:38:48.3626390Z test local_import_dialog::parsing_shows_its_progress_and_can_be_paused_and_stopped ... ok
2026-10-08T03:38:48.3656705Z test local_import_dialog::the_list_is_the_references ... ok
2026-10-08T03:38:48.3702354Z test incremental_tagging::initial_start_uses_actual_unicode_decimal_sorting_and_ignores_negative_subtags ... ok
2026-10-08T03:38:48.4010343Z test incremental_tagging::add_then_remove_retains_the_reference_deleted_mapping_in_private_preview ... ok
2026-10-08T03:38:48.6670315Z test local_transfer::deleted_destination_restores_timestamp_and_stale_source_cannot_move ... ok
2026-10-08T03:38:48.7380269Z test local_transfer::actual_qt_options_defaults_drafts_and_field_scoped_save ... ok
2026-10-08T03:38:48.7440231Z test login_script_controls::script_cog_matches_qt_login_context_and_rejects_replaced_requests ... ok
2026-10-08T03:38:48.7470009Z test login_workflows::cookie_requirements_match_real_qt_pair_edits_cancel_and_duplicate_looking_keys ... ok
2026-10-08T03:38:48.7512668Z test login_workflows::credentials_match_reference_display_order_status_and_confirmation ... ok
2026-10-08T03:38:48.7689887Z test login_workflows::domain_add_change_and_delete_replay_all_recorded_prompt_chains ... ok
2026-10-08T03:38:48.8815794Z test login_workflows::domain_apply_preserves_concurrent_script_edits_and_rejects_domain_conflicts ... ok
2026-10-08T03:38:48.8926132Z test login_workflows::domain_credentials_replay_reference_validity_activation_cancel_and_delay_reset ... ok
2026-10-08T03:38:48.8940047Z test login_workflows::embedded_step_cookie_list_replays_sorted_pair_actions_and_confirmed_bulk_delete ... ok
2026-10-08T03:38:48.8990058Z test login_workflows::example_domains_replay_reference_defaults_duplicate_errors_and_final_cancel_acceptance ... ok
2026-10-08T03:38:48.9011613Z test login_workflows::login_domain_rows_replay_cookie_expiry_and_pretty_delay_reference ... ok
2026-10-08T03:38:48.9029979Z test login_workflows::login_step_content_replays_reference_unique_import_cancel_sort_and_request_cleanup ... ok
2026-10-08T03:38:48.9099975Z test local_transfer::stale_destination_membership_and_reused_service_id_never_retarget_a_question ... ok
2026-10-08T03:38:48.9130487Z test login_workflows::preserved_credentials_load_then_native_save_controls_domain_warnings ... ok
2026-10-08T03:38:48.9161866Z test login_workflows::request_arguments_replay_real_qt_rename_duplicates_blank_values_and_cancel ... ok
2026-10-08T03:38:48.9181659Z test login_workflows::scripts_import_rename_and_delete_keep_reference_name_and_key_rules ... ok
2026-10-08T03:38:48.9183466Z test login_workflows::three_argument_lists_keep_independent_extended_selection_and_bulk_deletion ... ok
2026-10-08T03:38:49.0258634Z test main_identity::implicit_name_normalisation_and_other_fields_preserve_concurrent_updates ... ok
2026-10-08T03:38:49.0692442Z test legacy_seed_caches::upgraded_historical_histories_reach_native_counts_restore_and_reopen_intact ... ok
2026-10-08T03:38:49.2953647Z test main_menu::repositories_add_their_pages_and_pending_menu ... ok
2026-10-08T03:38:49.3897924Z test main_menu::import_and_export_folders_are_offered_to_run_now ... ok
2026-10-08T03:38:49.3910064Z test manage_notes::copies_as_python_writes_json ... ok
2026-10-08T03:38:49.3935230Z test manage_notes::notes_dialog_steps_as_the_reference ... ok
2026-10-08T03:38:49.3951869Z test manage_notes::the_menu_counts_the_focused_files_notes ... ok
2026-10-08T03:38:49.4646412Z test main_identity::constructor_cancel_unchanged_apply_and_reopen_match_raw_qt_names ... ok
2026-10-08T03:38:49.5540610Z test main_menu::the_menu_bar_is_the_reference_s ... ok
2026-10-08T03:38:49.8932330Z test manage_tags_sort::independent_defaults_stage_cancel_apply_reopen_and_merge_only_changed_context ... ok
2026-10-08T03:38:49.9290040Z test manage_tag_counts::deleted_counts_status_rows_and_global_toggle_replay_apply_cancel_and_reopen ... ok
2026-10-08T03:38:50.2340516Z test manage_tags_sort::sibling_sort_uses_raw_tags_when_storage_sibling_information_is_disabled ... ok
2026-10-08T03:38:50.2366613Z test media_view_options::delete_spares_classes_and_add_copies_the_class ... ok
2026-10-08T03:38:50.2379864Z test media_view_options::rows_addable_types_and_editor_choices_are_the_reference_s ... ok
2026-10-08T03:38:50.3274321Z test manage_tags_sort::open_service_tabs_keep_local_sort_after_options_change_and_new_dialog_reads_default ... ok
2026-10-08T03:38:50.3373064Z test menu_choice_wheel::signed_wrap_and_empty_single_choice_signals_match_actual_qt ... ok
2026-10-08T03:38:50.4430482Z test menu_choice_wheel::simple_options_sort_retains_the_recorded_text_and_count_orders ... ok
2026-10-08T03:38:50.4784432Z test menu_choice_wheel::real_media_type_flat_order_unknown_current_and_matching_order_labels_match_qt ... ok
2026-10-08T03:38:50.5720191Z test menu_choice_wheel::staged_setting_saves_only_its_key_and_unchanged_draft_preserves_live_value ... ok
2026-10-08T03:38:50.6945386Z test merge_options_editor::the_editor_edits_merge_options_as_the_reference_does ... ok
2026-10-08T03:38:50.6954993Z test namespace_colours::edit_recolours_each_selected_entry_in_place ... ok
2026-10-08T03:38:51.0653001Z test merge_summaries::merges_are_summarised_as_the_reference ... ok
2026-10-08T03:38:51.0694989Z test namespace_colours::qt_namespace_add_normalization_protected_mixed_delete_and_options_cancel_reopen ... ok
2026-10-08T03:38:51.0696392Z test namespace_sorts::duplicate_ids_and_frozen_edits_survive_selection_changes_cancel_and_removal ... ok
2026-10-08T03:38:51.0697699Z test namespace_sorts::replay_actual_queue_add_edit_escaped_names_views_moves_and_delete_answers ... ok
2026-10-08T03:38:51.0739186Z test namespace_colours::sorted_add_keeps_qt_positional_range_anchor_then_delete_resets_it ... ok
2026-10-08T03:38:51.1639653Z test network_data::fresh_live_usage_wins_until_the_daemon_heartbeat_expires ... ok
2026-10-08T03:38:51.2019926Z test network_data::drafts_preserve_unrelated_edits_and_reject_changed_defaults ... ok
2026-10-08T03:38:51.2021514Z test network_data::replay_qt_bandwidth_rows_rules_and_questions ... ok
2026-10-08T03:38:51.2041135Z test network_job_control::cog_replays_actual_qt_context_submenu_and_phase_actions ... ok
2026-10-08T03:38:51.2049788Z test network_job_control::control_auto_policy_targets_future_requests_and_owner_clears_error_once ... ok
2026-10-08T03:38:51.2944538Z test network_data::reference_bandwidth_age_rule_filters_months_and_history_deletion ... ok
2026-10-08T03:38:51.2975795Z test network_sessions::automatic_header_questions_replay_reference_deduplicate_and_reject_changed_payloads ... ok
2026-10-08T03:38:51.3776171Z test network_sessions::cleared_session_draft_preserves_a_later_request_cookie ... ok
2026-10-08T03:38:51.3979300Z test manage_tags_sort::both_contexts_replay_all_real_sort_types_orders_siblings_and_groupings ... ok
2026-10-08T03:38:51.4016211Z test network_sessions::cookie_exchange_replays_reference_fields_questions_and_collisions ... ok
2026-10-08T03:38:51.4886277Z test network_sessions::header_case_groups_delete_exact_rows_and_reject_concurrent_variant_insertions ... ok
2026-10-08T03:38:51.4899468Z test network_sessions::detached_cookie_drafts_preserve_attributes_merge_and_reject_conflicts_atomically ... ok
2026-10-08T03:38:51.4908807Z test network_sessions::reference_rows_validation_and_confirmation ... ok
2026-10-08T03:38:51.4994203Z test network_sessions::headers_merge_unrelated_writes_and_cancel_and_reject_same_key_changes ... ok
2026-10-08T03:38:51.6005515Z test network_sessions::malformed_cookie_batches_never_partially_change_the_draft_and_browser_routes_silos ... ok
2026-10-08T03:38:51.6032111Z test open_externally::actual_qt_registered_choices_queue_order_and_protected_mime_rows ... ok
2026-10-08T03:38:51.6067386Z test open_externally::configured_empty_specific_and_missing_call_never_fall_through_custom_route ... ok
2026-10-08T03:38:51.7095121Z test open_externally::washing_renames_deduplicates_removes_missing_without_name_remap_and_persists ... ok
2026-10-08T03:38:51.7242663Z test local_transfer::recorded_copy_strict_and_merge_questions_drive_real_memberships ... ok
2026-10-08T03:38:51.7807910Z test normal_time_maintenance::recorded_flags_cancel_apply_reopen_and_live_peer_preservation ... ok
2026-10-08T03:38:51.7933882Z test options_dialog::advanced_network_ranges_and_clamps_match_the_reference ... ok
2026-10-08T03:38:51.7983109Z test options_dialog::application_names_and_exit_switch_apply_as_the_reference_does ... ok
2026-10-08T03:38:51.8206532Z test notes_preferences::actual_cog_copy_variants_and_options_persistence_replay ... ok
2026-10-08T03:38:51.8910203Z test options_dialog::export_default_directory_matches_recorded_blank_literal_and_portable_paths ... ok
2026-10-08T03:38:52.0337667Z test options_dialog::closing_controls_stage_all_reference_preferences_without_persisting ... ok
2026-10-08T03:38:52.0728153Z test options_dialog::cursor_autohide_control_matches_reference_default_bounds_and_none ... ok
2026-10-08T03:38:52.0890384Z test options_dialog::eye_menu_preferences_follow_all_reference_combinations_without_saving_detached_edits ... ok
2026-10-08T03:38:52.1620631Z test options_dialog::file_search_boolean_controls_replay_reference_defaults_and_staged_edits ... ok
2026-10-08T03:38:52.3042901Z test options_dialog::file_search_limit_controls_stage_and_clamp_reference_values ... ok
2026-10-08T03:38:52.3395167Z test options_dialog::hash_prefix_control_matches_reference_default_and_checkbox ... ok
2026-10-08T03:38:52.3460673Z test options_dialog::local_location_option_matches_reference_and_keeps_child_changes_staged ... ok
2026-10-08T03:38:52.3818291Z test options_dialog::notebook_navigation_preferences_match_recorded_controls ... ok
2026-10-08T03:38:52.4231614Z test options_dialog::regex_favourites_child_edits_wait_for_parent_apply ... ok
2026-10-08T03:38:52.4885379Z test options_dialog::remembered_options_pages_and_auxiliary_search_match_the_reference ... ok
2026-10-08T03:38:52.5798086Z test options_dialog::reopening_numeric_options_clamps_saved_advanced_values ... ok
2026-10-08T03:38:52.5990234Z test options_dialog::read_presentation_controls_match_reference_ranges_and_staged_values ... ok
2026-10-08T03:38:52.6283234Z test options_dialog::passive_background_controls_match_reference_and_stage_independent_copies ... ok
2026-10-08T03:38:52.6574188Z test options_dialog::removed_service_choices_clamp_drafts_and_service_names_are_searchable ... ok
2026-10-08T03:38:52.8101585Z test options_dialog::session_backup_count_matches_recorded_control_and_clamps ... ok
2026-10-08T03:38:52.8980875Z test options_dialog::subscription_concurrency_replays_recorded_clamps_and_committed_parent_states ... ok
2026-10-08T03:38:52.9280495Z test options_dialog::system_sleep_controls_match_reference_and_clamp ... ok
2026-10-08T03:38:53.0000422Z test options_dialog::subscription_file_failure_limit_replays_qt_noneable_states_in_parent_transaction ... ok
2026-10-08T03:38:53.0321303Z test options_dialog::the_options_search_offers_what_the_references_does ... ok
2026-10-08T03:38:53.0479894Z test options_dialog::tag_service_controls_match_reference_and_remember_interlock ... ok
2026-10-08T03:38:53.1429120Z test options_dialog::the_options_pages_are_the_references ... ok
2026-10-08T03:38:53.2520334Z test options_dialog::the_thumbnail_rating_sizes_go_up_to_the_thumbnails_width ... ok
2026-10-08T03:38:53.2740115Z test options_dialog::viewer_canvas_controls_match_reference_and_stage_bounded_values ... ok
2026-10-08T03:38:53.3714356Z test options_dialog::viewer_hover_controls_replay_reference_enabled_states ... ok
2026-10-08T03:38:53.3715658Z test options_dialog::viewer_focus_controls_stage_independent_reference_policies ... ok
2026-10-08T03:38:53.3730052Z test orphan_files::the_popup_says_what_was_cleared ... ok
2026-10-08T03:38:53.5157179Z test options_dialog::zoom_switch_and_animation_loop_controls_match_reference_and_stage_changes ... ok
2026-10-08T03:38:53.5610340Z test options_dialog::viewer_pointer_controls_stage_the_reference_drag_preferences ... ok
2026-10-08T03:38:53.5955755Z test or_connector::qt_raw_blank_newline_cancel_reopen_and_live_namespace_changes_remain_isolated ... ok
2026-10-08T03:38:53.6009852Z test page_layout::qt_live_sizes_saved_hidden_positions_and_signed_legacy_bounds ... ok
2026-10-08T03:38:53.6039942Z test page_navigation_options::history_limit_replays_actual_menu_without_discarding_backing_history ... ok
2026-10-08T03:38:53.6694564Z test page_layout::hide_draft_cancel_apply_reopen_preserves_concurrent_saved_sizes_and_exit_switch ... ok
2026-10-08T03:38:53.6750339Z test page_tree::cursor_expansion_and_activation_replay_actual_frame_tree ... ok
2026-10-08T03:38:53.6755940Z test page_tree::stable_keys_survive_reorder_rename_and_closed_cursor_without_stale_activation ... ok
2026-10-08T03:38:53.6771811Z test parser_editors::any_namespace_toggle_retains_the_disabled_namespace ... ok
2026-10-08T03:38:53.6863206Z test parser_editors::auto_fill_reference_owner_leaves_candidates_unapplied_and_reviews_api_pairs ... ok
2026-10-08T03:38:53.7210476Z test page_chooser_options::all_flag_combinations_replay_real_service_order_layout_and_choices ... ok
2026-10-08T03:38:53.7234897Z test parser_editors::content_change_keeps_unsupported_formula_and_note_newlines ... ok
2026-10-08T03:38:53.7332216Z test page_chooser_options::legacy_checkbox_defaults_are_imported_and_top_choices_remain_independent ... ok
2026-10-08T03:38:53.7370108Z test parser_editors::per_class_parser_choices_replay_matching_groups_and_validate_stable_keys ... ok
2026-10-08T03:38:53.7383659Z test parser_editors::recorded_content_kinds_and_runtime_previews ... ok
2026-10-08T03:38:53.7478293Z test parser_editors::recorded_recursive_subsidiaries_preserve_context_documents_and_runtime_outputs ... ok
2026-10-08T03:38:53.7525421Z test parser_editors::recorded_subsidiary_queue_import_and_duplicate_preserve_keys_and_select_new_rows ... ok
2026-10-08T03:38:53.7527928Z test parser_editors::test_context_rejects_invalid_duplicate_and_reserved_variables ... ok
2026-10-08T03:38:53.7591172Z test parser_editors::timestamp_editor_normalises_recorded_source_choice_and_preserves_converted_metadata ... ok
2026-10-08T03:38:53.7620064Z test parser_test_data::fetched_media_detection_tracks_example_selection_and_clears_on_text_changes ... ok
2026-10-08T03:38:53.8220250Z test parser_editors::native_parser_save_preserves_other_settings_and_rejects_stale_edits ... ok
2026-10-08T03:38:53.8331028Z test page_navigation_options::imported_defaults_and_options_limits_replay_reference_spinbox_clamping ... ok
2026-10-08T03:38:53.8877451Z test parser_test_data::recorded_raw_data_previews_match_without_changing_the_parser_document ... ok
2026-10-08T03:38:53.8938343Z test popup_freeze::real_qt_hidden_and_minimized_states_do_not_use_focus_and_unknown_is_explicit ... ok
2026-10-08T03:38:53.8960702Z test parser_test_data::typed_png_summary_and_header_keep_the_recorded_object_package ... ok
2026-10-08T03:38:53.9798275Z test popup_width::legacy_raw_integers_and_independent_edited_fields_are_preserved ... ok
2026-10-08T03:38:54.0246491Z test popup_freeze::staged_cancel_save_reopen_and_concurrent_popup_fields_are_preserved ... ok
2026-10-08T03:38:54.0331250Z test predicate_history::actual_histories_replay_toggles_recency_cross_page_or_and_clear ... ok
2026-10-08T03:38:54.0350635Z test predicate_history::refused_inputs_reordering_and_stale_history_commands_do_not_mutate_recency ... ok
2026-10-08T03:38:54.0980194Z test parser_editors::changed_links_revalidate_current_class_capability_and_rollback_atomically ... ok
2026-10-08T03:38:54.1160587Z test preview_default_zoom::exact_real_preview_geometry_uses_preview_rules_and_keeps_full_viewer_zooms ... ok
2026-10-08T03:38:54.3010521Z test preview_default_zoom::actual_qt_choices_staged_cancel_save_reopen_and_independent_viewer_policy ... ok
2026-10-08T03:38:54.3011764Z test physical_delete_delay::real_constructor_cancel_acceptance_reopen_fields_and_concurrent_policy_replacement ... ok
2026-10-08T03:38:54.3012561Z test quick_export_directory::actual_file_submenu_enables_and_selects_quick_export_directory ... ok
2026-10-08T03:38:54.3210047Z test popup_width::qt_bounds_staging_cancel_loaded_normalisation_and_durable_reopen ... ok
2026-10-08T03:38:54.3760419Z test preview_default_zoom::retained_legacy_fallback_and_native_wins_survive_store_reopen ... ok
2026-10-08T03:38:54.5238808Z test ratings_editor::a_middle_click_count_sets_an_inc_dec_control_and_nothing_else ... ok
2026-10-08T03:38:54.5613389Z test radio_return::cancelled_staging_changed_save_and_unchanged_concurrent_apply_match_actual_options ... ok
2026-10-08T03:38:54.5762355Z test ratings_editor::the_manage_ratings_dialog_works_as_the_references_does ... ok
2026-10-08T03:38:54.7420252Z test recent_predicates::each_editor_shows_its_pages_recent_predicates ... ok
2026-10-08T03:38:54.7792668Z test recent_predicates::predicates_have_the_reference_s_type_numbers ... ok
2026-10-08T03:38:54.7839753Z test regex_favourites::favourite_rows_and_input_boundaries_match_real_qt ... ok
2026-10-08T03:38:54.7840906Z test regex_favourites::legacy_favourites_load_until_native_values_including_empty_are_saved ... ok
2026-10-08T03:38:54.7843145Z test regex_favourites::matcher_favourite_menu_matches_actual_qt_actions_and_copy_payloads ... ok
2026-10-08T03:38:54.7870217Z test regex_favourites::readonly_row_input_menu_uses_saved_pairs_without_recursive_management ... ok
2026-10-08T03:38:54.7891979Z test recent_predicates::recent_predicates_are_kept_as_the_reference_keeps_them ... ok
2026-10-08T03:38:54.7899834Z test regex_favourites::regex_clipboard_components_match_real_qt ... ok
2026-10-08T03:38:54.7910177Z test related_weights::folded_header_sorts_add_selection_and_independent_tables_match_actual_qt ... ok
2026-10-08T03:38:54.7914723Z test related_weights::namespace_questions_and_detached_tables_match_actual_qt ... ok
2026-10-08T03:38:54.8297067Z test rating_sizes::four_sizes_replay_qt_ranges_fractional_values_cancel_and_reopen ... ok
2026-10-08T03:38:54.9282416Z test recent_predicates::the_reference_s_recent_predicates_come_across ... ok
2026-10-08T03:38:54.9299871Z test related_weights::search_and_result_weights_change_actual_qt_cosine_ranking_separately ... ok
2026-10-08T03:38:54.9334863Z test search_log::exchange_questions_replay_actual_reference_answers_and_complete_objects ... ok
2026-10-08T03:38:54.9359856Z test search_log::the_search_log_is_the_references ... ok
2026-10-08T03:38:54.9434285Z test search_or::advanced_boolean_preview_replays_all_operators_escapes_and_real_validation ... ok
2026-10-08T03:38:54.9452603Z test search_or::staged_or_replays_actual_read_broadcasts_rewind_cancel_and_single_unwrap ... ok
2026-10-08T03:38:55.0195592Z test related_weights::binary64_result_rounding_and_sibling_contexts_replay_the_actual_db ... ok
2026-10-08T03:38:55.0340530Z test related_weights::options_acceptance_merges_only_weights_and_preserves_live_unrelated_preferences ... ok
2026-10-08T03:38:55.0350126Z test selection::selecting_thumbnails_is_the_reference_s ... ok
2026-10-08T03:38:55.1319924Z test services_editor::cancel_name_collision_and_apply_publish_snapshot ... ok
2026-10-08T03:38:55.1789277Z test related_weights::real_service_mappings_replay_recorded_ranks_and_never_cross_service ... ok
2026-10-08T03:38:55.2365681Z test services_editor::deletion_reconciles_deleted_union_and_display_counts ... ok
2026-10-08T03:38:55.2380647Z test services_editor::numerical_example_one_star_retains_live_conversion_but_saves_normalized_scale ... ok
2026-10-08T03:38:55.2387581Z test services_editor::numerical_settings_normalize_as_reference ... ok
2026-10-08T03:38:55.2405892Z test services_editor::rating_example_whole_widget_pointer_routes_replay_qt ... ok
2026-10-08T03:38:55.2560106Z test services_editor::nonempty_domain_race_rejects_and_rolls_back_all_edits ... ok
2026-10-08T03:38:55.2726738Z test selected_deletion_records::captured_clearable_records_match_actual_reference_changes_during_question ... ok
2026-10-08T03:38:55.3210440Z test selected_deletion_records::real_writer_later_batch_error_preserves_first_commit_and_remaining_records ... ok
2026-10-08T03:38:55.3211937Z test services_review::deleted_record_double_confirmation_matches_reference ... ok
2026-10-08T03:38:55.3395302Z test services_editor::writer_rechecks_last_domain_and_rating_limits ... ok
2026-10-08T03:38:55.4370327Z test services_editor::rating_examples_replay_qt_samples_live_configuration_and_no_saved_values ... ok
2026-10-08T03:38:55.4372149Z test session_lifecycle::autosave_replays_idle_retries_period_changes_and_stopping_for_other_startup ... ok
2026-10-08T03:38:55.4399982Z test session_lifecycle::idle_requires_boot_user_mouse_and_api_timeouts_and_enabled_normal_work ... ok
2026-10-08T03:38:55.4421756Z test session_lifecycle::real_auxiliary_dialog_mouse_and_api_actions_update_independent_idle_timers ... ok
2026-10-08T03:38:55.4459895Z test session_lifecycle::recovery_question_matches_real_startup_dialog_labels_message_and_auto_yes_time ... ok
2026-10-08T03:38:55.4461474Z test session_lifecycle::size_warning_replays_real_threshold_seed_weight_disabled_and_one_boot_latch ... ok
2026-10-08T03:38:55.4489724Z test session_saving::backup_menu_labels_match_the_reference ... ok
2026-10-08T03:38:55.4512790Z test session_saving::clear_and_load_asks_as_the_references_does ... ok
2026-10-08T03:38:55.4514034Z test session_saving::saving_sessions_asks_and_saves_as_the_reference ... ok
2026-10-08T03:38:55.4515154Z test session_weight::the_report_weighs_files_as_one_and_urls_as_twenty ... ok
2026-10-08T03:38:55.4516239Z test set_password::scripted_answers_ask_and_save_as_the_reference ... ok
2026-10-08T03:38:55.4517426Z test shortcut_capture::actual_qt_keyboard_and_mouse_controls_replay_exact_values_text_and_modes ... ok
2026-10-08T03:38:55.4518824Z test shortcut_capture::saved_keypad_policy_preserves_digits_and_resolves_non_number_alternates ... ok
2026-10-08T03:38:55.4520275Z test services_editor::reference_rows_guards_and_defaults ... ok
2026-10-08T03:38:55.5048126Z test services_review::local_bulk_actions_match_recorded_confirmations_and_reject_wrong_service ... ok
2026-10-08T03:38:55.5069703Z test shortcut_content::the_editor_builds_and_reads_back_commands ... ok
2026-10-08T03:38:55.5148221Z test shortcut_sets::a_new_client_has_the_reference_s_default_sets ... ok
2026-10-08T03:38:55.5179925Z test services_review::review_matches_reference_statistics ... ok
2026-10-08T03:38:55.5187729Z test shortcut_sets::custom_sets_are_named_apart_deleted_and_defaults_restored ... ok
2026-10-08T03:38:55.5189484Z test shutdown_work::shutdown_work_runs_asks_or_skips_as_the_reference_decides ... ok
2026-10-08T03:38:55.5191738Z test shortcut_sets::names_order_and_descriptions_are_the_reference_s ... ok
2026-10-08T03:38:55.6239912Z test shutdown_work::the_work_analyzes_the_due_tables_and_registers_itself ... ok
2026-10-08T03:38:55.6558364Z test shortcut_content::a_tag_is_added_then_flipped_off ... ok
2026-10-08T03:38:55.6643395Z test shortcut_content::ratings_set_flip_and_step ... ok
2026-10-08T03:38:55.7460199Z test sidecar_descriptions::routers_are_described_as_the_reference_describes_them ... ok
2026-10-08T03:38:55.7509341Z test sibling_colours::qt_collapsed_parent_suffix_keeps_its_own_fade_and_ideal_trailing_colour ... ok
2026-10-08T03:38:55.7536654Z test sidecar_editors::recorded_router_queue_restrictions_veto_wrong_direction_and_sources ... ok
2026-10-08T03:38:55.8124469Z test sidecar_editors::json_object_name_queue_replays_literal_reference_rows_and_exporter_values ... ok
2026-10-08T03:38:55.8510815Z test sidecar_editors::recorded_router_tables_and_child_strings_use_real_sidecars_and_read_only_media ... ok
2026-10-08T03:38:56.0290031Z test sidecar_previews::each_files_sidecars_are_shown_as_the_reference_shows_them ... ok
2026-10-08T03:38:56.0470074Z test sidecar_editors::the_sidecar_editors_show_and_edit_as_the_reference_does ... ok
2026-10-08T03:38:56.0471577Z test sibling_connector::connector_options_replay_stage_cancel_apply_and_live_consumers ... ok
2026-10-08T03:38:56.0550681Z test string_converter_editor::date_controls_and_live_preview_follow_real_qt_accept_cancel_and_reorder ... ok
2026-10-08T03:38:56.0590003Z test string_converter_editor::last_conversion_loads_reference_options_then_native_override ... ok
2026-10-08T03:38:56.0769946Z test string_converter_editor::the_string_converter_editor_works_as_the_references_does ... ok
2026-10-08T03:38:56.0800324Z test string_match_editor::the_string_match_editor_works_as_the_references_does ... ok
2026-10-08T03:38:56.0830386Z test string_processor_editor::processor_exchange_appends_reference_steps_and_rejects_invalid_data_atomically ... ok
2026-10-08T03:38:56.0992819Z test string_processor_editor::the_string_processor_editor_works_as_the_references_does ... ok
2026-10-08T03:38:56.1009187Z test string_tag_filter_tests::a_tag_filter_step_tests_its_example_as_the_references_does ... ok
2026-10-08T03:38:56.1903767Z test subscription_exchange::draft_log_changes_export_exact_reference_counts_examples_and_complete_histories ... ok
2026-10-08T03:38:56.1929806Z test subscription_exchange::missing_history_question_matches_actual_qt_message_title_and_decisions ... ok
2026-10-08T03:38:56.2560834Z test sort_cog::actual_sidebar_availability_and_independent_collect_service_checks ... ok
2026-10-08T03:38:56.2611201Z test subscription_exchange::unsupported_seed_runtime_data_leaves_the_entire_owner_draft_unchanged ... ok
2026-10-08T03:38:56.2667025Z test subscription_import_options::subscription_paste_modes_and_clear_match_recorded_reference_outputs ... ok
2026-10-08T03:38:56.2670088Z test subscription_exchange::staged_full_subscription_import_resolves_names_and_persists_both_histories ... ok
2026-10-08T03:38:56.2672558Z test subscriptions_buttons::batch_merge_reserves_names_after_absorption_and_keeps_successor_edits ... ok
2026-10-08T03:38:56.2850447Z test sort_cog::menus_replay_service_order_separators_views_checks_and_full_context_preservation ... ok
2026-10-08T03:38:56.2910770Z test subscriptions_dedupe::deduplicate_asks_and_dedupes_as_the_reference ... ok
2026-10-08T03:38:56.3030390Z test subscriptions_list::the_dialogs_buttons_act_as_the_references ... ok
2026-10-08T03:38:56.3071866Z test subscriptions_list::the_list_sorts_by_the_column_chosen ... ok
2026-10-08T03:38:56.3108117Z test subscriptions_list::the_lists_rows_are_the_references ... ok
2026-10-08T03:38:56.3140409Z test system_or_activation::actual_system_activation_replays_shift_cancel_drafts_and_outer_acceptance ... ok
2026-10-08T03:38:56.3153514Z test subscriptions_buttons::the_other_buttons_act_as_the_references ... ok
2026-10-08T03:38:56.3155264Z test tab_context::menus_expose_six_sorts_and_only_possible_moves ... ok
2026-10-08T03:38:56.3170346Z test tab_context::notebook_session_submenus_match_actual_tab_popup_reserved_name_rules ... ok
2026-10-08T03:38:56.3172118Z test tab_context::sorts_and_moves_match_the_reference ... ok
2026-10-08T03:38:56.3172959Z test tab_drag::drag_threshold_disabled_and_cancel_are_owned_and_deterministic ... ok
2026-10-08T03:38:56.3173925Z test tab_context::dynamic_close_select_move_and_sort_menus_match_real_reference ... ok
2026-10-08T03:38:56.3190093Z test tab_drag::real_drop_order_and_independent_shift_decisions_preserve_the_source_object ... ok
2026-10-08T03:38:56.4641722Z test sibling_colours::qt_sibling_colours_stage_cancel_apply_reopen_and_all_live_model_runs ... ok
2026-10-08T03:38:56.4670856Z test tab_presentation::middle_names_replay_actual_qt_paint_without_changing_stored_names ... ok
2026-10-08T03:38:56.4859595Z test tag_banner::detached_banner_drafts_match_actual_qt_queue_and_live_preview ... ok
2026-10-08T03:38:56.5210197Z test subscription_quality::durable_logs_and_current_file_states_match_reference_quality_outputs ... ok
2026-10-08T03:38:56.5229965Z test tag_banner::unicode_decimal_chunk_order_and_live_preview_match_actual_qt ... ok
2026-10-08T03:38:56.5531244Z test tag_banner::option_banner_children_stage_by_original_target_and_save_only_with_parent ... ok
2026-10-08T03:38:56.5850315Z test tab_drag::independent_drag_preferences_replay_exact_qt_options_cancel_save_and_reopen ... ok
2026-10-08T03:38:56.8132019Z test tag_dialog_preferences::options_defaults_stage_cancel_apply_and_preserve_autocomplete_preferences ... ok
2026-10-08T03:38:56.8257803Z test tag_dialog_defaults::tag_service_defaults_and_immediate_memory_replay_reference_dialogs ... ok
2026-10-08T03:38:56.9449603Z test tag_display::deleting_the_last_applied_source_preserves_disabled_self_rules ... ok
2026-10-08T03:38:57.0194957Z test tag_display::staged_interlocks_match_reference ... ok
2026-10-08T03:38:57.0205028Z test tag_display::widget_options_gate_gui_queries_only ... ok
2026-10-08T03:38:57.1783960Z test tag_display::queues_disable_reorder_reopen_counts_daemon_and_clear_filter ... ok
2026-10-08T03:38:57.1881039Z test tag_filter_editor::the_editor_shows_and_edits_a_filter_as_the_reference_does ... ok
2026-10-08T03:38:57.2700413Z test tag_filter_favourites::concurrent_favourite_saves_merge_and_invalid_exchange_cannot_change_settings ... ok
2026-10-08T03:38:57.2708653Z test tag_filter_favourites::reference_bulk_paste_and_extra_blacklist_panels_keep_rule_and_test_semantics ... ok
2026-10-08T03:38:57.3097318Z test tag_display::write_autocomplete_uses_override_or_launcher_domain_and_rejects_tag_locations ... ok
2026-10-08T03:38:57.3384740Z test tag_dialog_preferences::storage_rows_and_service_topologies_replay_all_reference_combinations ... ok
2026-10-08T03:38:57.3685168Z test tag_filter_favourites::reference_favourite_workflow_preserves_cancelled_drafts_and_saves_immediately ... ok
2026-10-08T03:38:57.3688822Z test tag_migration::migration_popup_speed_and_phase_text_replay_actual_qt_outputs ... ok
2026-10-08T03:38:57.4040229Z test tab_presentation::legacy_defaults_and_staged_controls_replay_actual_options_then_reopen ... ok
2026-10-08T03:38:57.4125514Z test tag_migration::archive_inspection_choices_cancellation_and_count_summaries_match_qt ... ok
2026-10-08T03:38:57.4790748Z test tag_migration::reference_choices_and_second_confirmation ... ok
2026-10-08T03:38:57.5640542Z test tag_migration::pair_summary_replays_equal_asymmetric_and_equal_text_distinct_filters ... ok
2026-10-08T03:38:57.6644254Z test tag_namespace_order::namespace_changes_merge_with_concurrent_presentation_edits_and_unchanged_list ... ok
2026-10-08T03:38:57.6683244Z test tag_namespace_order::raw_allow_blank_queue_actions_and_all_tag_sorts_match_qt ... ok
2026-10-08T03:38:57.7152030Z test tag_migration::reference_database_pending_outcomes ... ok
2026-10-08T03:38:57.7491153Z test tag_relationships::apply_republishes_graphs_and_counts_atomically_and_rolls_back_errors ... ok
2026-10-08T03:38:57.7776940Z test tag_list_display_types::exact_choices_stage_cancel_apply_reopen_and_preserve_old_payload_defaults ... ok
2026-10-08T03:38:57.7943062Z test tag_relationships::changes_refresh_other_services_applying_the_source ... ok
2026-10-08T03:38:57.8388555Z test tag_relationships::invalid_batch_graphs_are_reported_and_leave_valid_relationships_untouched ... ok
2026-10-08T03:38:57.8630014Z test tag_relationships::per_service_inputs_cancel_import_and_selection ... ok
2026-10-08T03:38:57.8640454Z test tag_suggestions::broadcast_keeps_selected_tag_identity_but_switching_services_retires_selection ... ok
2026-10-08T03:38:57.9238390Z test tag_relationships::repository_changes_keep_reasons_and_rescinds_across_reopen ... ok
2026-10-08T03:38:57.9433223Z test tag_migration::reference_database_pair_filters_and_destinations ... ok
2026-10-08T03:38:58.0069254Z test tag_sync_review::a_service_counts_its_rules ... ok
2026-10-08T03:38:58.0075156Z test tag_sync_review::the_status_follows_the_sync_switches ... ok
2026-10-08T03:38:58.1327229Z test tag_relationships::reference_rows_questions_conflicts_and_loops ... ok
2026-10-08T03:38:58.1335687Z test thumbnail_cache::byte_amount_unit_decomposition_matches_real_qt_controls ... ok
2026-10-08T03:38:58.1337344Z test thumbnail_cache::byte_lru_soft_overflow_timeout_touch_policy_and_clear_match_actual_reference ... ok
2026-10-08T03:38:58.2340294Z test tag_suggestions::most_used_options_merge_per_service_and_reach_filtered_add_only_media ... ok
2026-10-08T03:38:58.3490554Z test thumbnail_cache::independent_options_edits_merge_with_a_newer_saved_timeout ... ok
2026-10-08T03:38:58.3500461Z test thumbnail_maintenance::jobs_are_in_the_reference_s_order_with_its_words ... ok
2026-10-08T03:38:58.3504802Z test thumbnail_maintenance::questions_follow_the_selection_size ... ok
2026-10-08T03:38:58.3512197Z test thumbnail_navigation::exact_visibility_boundaries_and_rate_ties_negative_zero_and_errors_match_qt ... ok
2026-10-08T03:38:58.3540094Z test thumbnail_navigation::optional_last_hit_origin_preserves_actual_ranges_focus_and_repeated_navigation ... ok
2026-10-08T03:38:58.4136551Z test tag_suggestions::layout_and_default_choices_replay_all_recorded_available_pages_without_eager_writes ... ok
2026-10-08T03:38:58.4388499Z test thumbnail_cache::raw_timeout_is_preserved_until_its_minute_fields_are_edited ... ok
2026-10-08T03:38:58.4470580Z test thumbnail_appearance::actual_defaults_cancel_raw_paths_reopen_and_current_field_merge ... ok
2026-10-08T03:38:58.4580364Z test thumbnail_preview_selection::all_qt_modifier_ranges_focus_anchor_ghost_and_keyboard_publications ... ok
2026-10-08T03:38:58.4609812Z test thumbnail_ratings::a_counter_is_as_wide_as_the_reference_s ... ok
2026-10-08T03:38:58.4639738Z test thumbnail_ratings::a_fraction_is_written_as_the_reference_writes_it ... ok
2026-10-08T03:38:58.4641177Z test thumbnail_preview_selection::exact_singleton_zero_and_collection_aggregate_duration_eligibility ... ok
2026-10-08T03:38:58.7180454Z test thumbnail_ratings::ratings_of_a_kind_share_a_row ... ok
2026-10-08T03:38:58.7362513Z test thumbnail_ratings::numerical_ratings_shapes_are_placed_as_the_reference_s_are ... ok
2026-10-08T03:38:58.7389833Z test times_editor::a_file_modified_time_before_1980_stays_off_a_windows_disk ... ok
2026-10-08T03:38:58.7450032Z test times_editor::the_manage_times_dialog_works_as_the_references_does ... ok
2026-10-08T03:38:59.0166901Z test unselected_tag_cap::recorded_bounds_none_zero_cancel_and_saved_preferences ... ok
2026-10-08T03:38:59.0197812Z test urls_editor::the_manage_urls_dialog_works_as_the_references_does ... ok
2026-10-08T03:38:59.0214156Z test vacuum_review::a_row_says_size_free_space_and_readiness ... ok
2026-10-08T03:38:59.0221866Z test vacuum_review::estimates_read_as_the_reference_s ... ok
2026-10-08T03:38:59.0228699Z test viewer_closing::closing_actions_match_real_reference_notification_order ... ok
2026-10-08T03:38:59.0230509Z test viewer_cursor::actual_cursor_checks_match_reference_clock_focus_menu_and_motion ... ok
2026-10-08T03:38:59.0956992Z test thumbnail_navigation::staged_exact_controls_import_cancel_invalid_rate_save_and_reopen_match_qt ... ok
2026-10-08T03:38:59.0963105Z test viewer_drag::anchored_and_touch_overridden_drags_replay_actual_qt_threshold_and_warps ... ok
2026-10-08T03:38:59.1059990Z test viewer_prefetch::actual_atomic_finished_only_flush_preserves_all_entries_on_failure ... ok
2026-10-08T03:38:59.1157693Z test viewer_prefetch::actual_pending_loaded_recounts_equality_unknown_and_one_miss_passes ... ok
2026-10-08T03:38:59.1209524Z test viewer_drag::anchor_options_remain_drafts_until_apply_and_survive_reopen ... ok
2026-10-08T03:38:59.1239911Z test viewer_prefetch::all_actual_circular_next_first_neighbour_orders_and_controls ... ok
2026-10-08T03:38:59.1250017Z test viewer_shortcut_menu::custom_sets_flip_on_and_off_in_order ... ok
2026-10-08T03:38:59.2268917Z test viewer_prefetch::legacy_native_wins_and_normalized_passive_apply_preserves_concurrent_fields ... ok
2026-10-08T03:38:59.2289592Z test viewer_tag_wheel::four_policy_choices_stage_cancel_save_and_reopen_with_reference_labels ... ok
2026-10-08T03:38:59.2290964Z test viewer_tag_wheel::parent_wheel_gates_replay_actual_qt_boundaries_and_directions ... ok
2026-10-08T03:38:59.3049821Z test viewing_maintenance::cull_reads_current_rules_and_a_preview_validation_failure_preserves_media_rows ... ok
2026-10-08T03:38:59.3149933Z test viewing_statistics::completed_view_policy_matches_real_manager_caps_minima_durations_and_filter_switches ... ok
2026-10-08T03:38:59.4024456Z test thumbnail_ratings::the_ratings_over_thumbnails_are_the_references ... ok
2026-10-08T03:38:59.4053934Z test viewing_statistics::preview_timed_policy_matches_actual_manager_and_keeps_its_own_canvas_category ... ok
2026-10-08T03:38:59.4505986Z test viewing_statistics::preview_options_replay_actual_none_bounds_conversion_and_cancelled_parent ... ok
2026-10-08T03:38:59.4557864Z test viewing_maintenance::reference_clear_cull_questions_rules_errors_and_real_reopened_media_match ... ok
2026-10-08T03:38:59.4810913Z test thumbnail_preview_selection::actual_defaults_disabled_values_cancel_reopen_and_edited_field_merge ... ok
2026-10-08T03:38:59.5295063Z test viewing_statistics::viewing_menu_controls_match_qt_and_preserve_the_parent_draft ... ok
2026-10-08T03:38:59.5349966Z test window_rescue::actual_visibility_corner_order_fuzzy_tests_and_fallback_match_qt ... ok
2026-10-08T03:38:59.5620955Z test viewing_statistics::timing_controls_replay_qt_bounds_none_and_millisecond_conversion ... ok
2026-10-08T03:38:59.6675714Z test viewing_statistics::tracker_counts_once_on_change_or_close_reads_live_policy_and_preserves_latest_start ... ok
2026-10-08T03:38:59.7378917Z test viewtime_milliseconds::editor_and_imported_predicates_match_reference_millisecond_queries ... ok
2026-10-08T03:38:59.8020411Z test write_autocomplete::children_limit_option_matches_reference_and_persists_only_accepted_drafts ... ok
2026-10-08T03:38:59.9252210Z test write_autocomplete::clipboard_additions_keep_existing_text_and_result_selection ... ok
2026-10-08T03:38:59.9656107Z test window_rescue::staged_bounds_import_cancel_persistence_and_reopen_match_actual_qt ... ok
2026-10-08T03:38:59.9955206Z test write_autocomplete::detached_import_tag_lists_replay_reference_and_never_mutate_caller ... ok
2026-10-08T03:39:00.0697570Z test write_autocomplete::exact_rows_counts_domains_decorations_and_first_selection_match_reference ... ok
2026-10-08T03:39:00.1668366Z test write_autocomplete::favourite_and_count_ordered_children_tabs_replay_reference_caps_and_context ... ok
2026-10-08T03:39:00.2395640Z test write_autocomplete::paste_questions_skip_and_add_only_staging_follow_reference ... ok
2026-10-08T03:39:00.2520572Z test write_autocomplete::favourite_options_replay_add_only_choices_and_parent_transaction ... ok
2026-10-08T03:39:00.3556508Z test write_autocomplete::read_favourite_and_children_tabs_replay_real_qt_lists_and_context_changes ... ok
2026-10-08T03:39:00.4395123Z test write_autocomplete::recorded_logical_selection_ranges_parent_hits_and_batch_activation ... ok
2026-10-08T03:39:00.4700088Z test write_autocomplete::relationship_inputs_replay_real_add_only_paste_and_opposite_side_removal ... ok
2026-10-08T03:39:00.4770188Z test write_autocomplete::seeded_relationship_editors_replay_service_defaults_memory_and_cancel ... ok
2026-10-08T03:39:00.5679875Z test write_autocomplete::six_write_options_replay_recorded_defaults_and_stay_staged_until_apply ... ok
2026-10-08T03:39:00.6481878Z test write_autocomplete::write_domain_menus_and_interlocks_replay_reference_without_persisting_options ... ok
2026-10-08T03:39:00.6561640Z test write_autocomplete::tag_menu_copy_decorations_favourites_and_launch_replay_real_qt_actions ... ok
2026-10-08T03:39:00.6562353Z 
2026-10-08T03:39:00.6562778Z test result: ok. 527 passed; 0 failed; 0 ignored; 0 measured; 0 filtered out; finished in 20.21s
2026-10-08T03:39:00.6563373Z 
2026-10-08T03:39:00.6625017Z [1m[92m     Running[0m unittests src/lib.rs (target/debug/deps/hydrus_net-f9a86f8ab507ac73)
2026-10-08T03:39:00.6643497Z 
2026-10-08T03:39:00.6643643Z running 14 tests
2026-10-08T03:39:00.6647905Z test cookies::tests::sends_matching_cookies_longest_path_first ... ok
2026-10-08T03:39:00.6648905Z test cookies::tests::reads_set_cookie_like_cookiejar ... ok
2026-10-08T03:39:00.6650410Z test engine::reload_tests::automatic_control_override_has_strict_five_second_boundary_and_sticks ... ok
2026-10-08T03:39:00.6876069Z test engine::reload_tests::connection_retry_skip_is_consumed_once_and_unrelated_wakes_do_not_skip ... ok
2026-10-08T03:39:00.6880203Z test engine::reload_tests::independent_auto_override_owners_do_not_disable_each_other ... ok
2026-10-08T03:39:00.6881702Z test engine::reload_tests::job_speed_samples_the_current_second_and_expires_at_rollover ... ok
2026-10-08T03:39:00.7650196Z test engine::reload_tests::changed_options_are_picked_up ... ok
2026-10-08T03:39:00.7711507Z test engine::reload_tests::options_unchanged_keep_their_slots ... ok
2026-10-08T03:39:00.7856066Z test engine::reload_tests::formatting_refresh_keeps_a_bandwidth_wait_and_its_usage_and_cancel_reason ... ok
2026-10-08T03:39:00.7884645Z test engine::reload_tests::formatting_refresh_wakes_a_pending_gallery_label_and_preserves_its_token_and_job ... ok
2026-10-08T03:39:00.7886096Z test text::tests::decodes_by_header_then_utf8_then_meta_then_guess ... ok
2026-10-08T03:39:00.8445468Z test engine::reload_tests::sleep_detection_obeys_threshold_delay_and_disabled_pending_wait ... ok
2026-10-08T03:39:00.8510851Z test engine::reload_tests::runtime_domain_scrub_wakes_a_registered_domain_gate_and_preserves_unrelated_errors ... ok
2026-10-08T03:39:00.8770894Z test engine::reload_tests::saved_formatting_replays_actual_backend_waits_and_reopens_without_changing_rules ... ok
2026-10-08T03:39:00.8771376Z 
2026-10-08T03:39:00.8771651Z test result: ok. 14 passed; 0 failed; 0 ignored; 0 measured; 0 filtered out; finished in 0.21s
2026-10-08T03:39:00.8772010Z 
2026-10-08T03:39:00.8785453Z [1m[92m     Running[0m tests/engine.rs (target/debug/deps/engine-5919fe9044c0ba45)
2026-10-08T03:39:00.8805636Z 
2026-10-08T03:39:00.8805781Z running 25 tests
2026-10-08T03:39:01.2009854Z test a_job_ends_as_the_references_do_and_has_a_speed ... ok
2026-10-08T03:39:02.0053978Z test a_domain_with_several_serious_errors_waits ... ok
2026-10-08T03:39:02.1420113Z test cancels ... ok
2026-10-08T03:39:02.2218575Z test deleting_history_discards_stale_flushes_resets_live_limits_and_wakes_waiters ... ok
2026-10-08T03:39:02.3641434Z test disabling_sleep_detection_reloads_and_releases_pending_requests ... ok
2026-10-08T03:39:02.4036714Z test gives_up_on_redirect_loops_and_dead_servers ... ok
2026-10-08T03:39:03.2504634Z test boot_pause_blocks_real_requests_and_resume_does_not_reset_the_preference ... ok
2026-10-08T03:39:03.2858322Z test keeps_cookies_through_redirects ... ok
2026-10-08T03:39:05.0860018Z test independent_engines_add_new_usage_without_replacing_each_other_or_double_counting ... ok
2026-10-08T03:39:05.1282656Z test requests_go_through_the_clients_proxy ... ok
2026-10-08T03:39:05.3227919Z test nothing_goes_out_while_all_new_network_traffic_is_paused ... ok
2026-10-08T03:39:05.3582790Z test resumes_files_with_ranged_requests ... ok
2026-10-08T03:39:05.4086700Z test runtime_cog_connection_override_releases_only_the_current_retry ... ok
2026-10-08T03:39:05.4807817Z test runtime_cog_gallery_override_does_not_release_other_gallery_waiters ... ok
2026-10-08T03:39:05.5297562Z test runtime_cog_server_retry_domain_scrub_and_retained_error ... ok
2026-10-08T03:39:05.5817734Z test runtime_live_transfer_progress_and_usage_precede_the_durable_save ... ok
2026-10-08T03:39:05.6609589Z test runtime_override_releases_a_live_bandwidth_wait_and_counts_usage ... ok
2026-10-08T03:39:05.7564471Z test runtime_registry_cancellation_ipc_and_dropped_fetch ... ok
2026-10-08T03:39:05.8022645Z test saved_byte_precision_reaches_both_real_overlength_errors_after_reload ... ok
2026-10-08T03:39:05.8357477Z test sends_the_clients_headers ... ok
2026-10-08T03:39:05.8736387Z test statuses_become_errors_or_retries ... ok
2026-10-08T03:39:05.9099691Z test url_class_overrides_and_no_range_for_posts ... ok
2026-10-08T03:39:05.9983846Z test a_header_awaiting_approval_holds_its_requests ... ok
2026-10-08T03:39:06.1642057Z test requests_wait_a_little_after_the_computer_wakes ... ok
2026-10-08T03:39:07.0212976Z test bandwidth_rules_space_out_requests_and_count_their_data ... ok
2026-10-08T03:39:07.0213369Z 
2026-10-08T03:39:07.0213647Z test result: ok. 25 passed; 0 failed; 0 ignored; 0 measured; 0 filtered out; finished in 6.14s
2026-10-08T03:39:07.0214034Z 
2026-10-08T03:39:07.0234977Z [1m[92m     Running[0m tests/login.rs (target/debug/deps/login-d97655e61474ced9)
2026-10-08T03:39:07.0255648Z 
2026-10-08T03:39:07.0255984Z running 14 tests
2026-10-08T03:39:07.1450128Z test cancellation_stops_an_active_request_and_keeps_partial_results ... ok
2026-10-08T03:39:07.1550427Z test abandoned_unpolled_login_worker_releases_metadata_and_the_shared_admission_gate ... ok
2026-10-08T03:39:07.2068102Z test confirmed_login_reset_reaches_an_existing_http_engine_and_keeps_other_sessions ... ok
2026-10-08T03:39:07.2432749Z test completed_step_is_delivered_before_later_http_and_survives_wait_cancellation ... ok
2026-10-08T03:39:07.2461844Z test final_outcomes_guard_script_identity_and_preserve_domain_preferences ... ok
2026-10-08T03:39:07.5192581Z test demand_eligibility_replays_actual_reference_domains_cookies_errors_and_key_fallback ... ok
2026-10-08T03:39:07.6241608Z test global_process_cancel_uses_its_owner_id_and_persists_reference_delay_without_a_second_step ... ok
2026-10-08T03:39:07.6622473Z test invalid_demand_waits_for_ordinary_jobs_and_cancels_subscription_with_recorded_note ... ok
2026-10-08T03:39:07.8964024Z test real_http_steps_replay_reference_tokens_cookie_checks_veto_401_and_cancel ... ok
2026-10-08T03:39:07.8965208Z test request_plan_replaces_www_and_orders_static_credentials_then_temporary_values ... ok
2026-10-08T03:39:07.9305416Z test shared_login_session_state_replays_required_cookie_expiry_and_reset ... ok
2026-10-08T03:39:09.1583490Z test automatic_demand_replays_reference_http_and_reuses_one_connection_slot ... ok
2026-10-08T03:39:09.1707054Z test cancelled_trigger_keeps_reference_global_login_alive_for_another_engine ... ok
2026-10-08T03:39:11.3447119Z test forced_manual_login_serializes_demand_across_independently_opened_engines ... ok
2026-10-08T03:39:11.3447757Z 
2026-10-08T03:39:11.3448186Z test result: ok. 14 passed; 0 failed; 0 ignored; 0 measured; 0 filtered out; finished in 4.32s
2026-10-08T03:39:11.3448766Z 
2026-10-08T03:39:11.3469539Z [1m[92m     Running[0m unittests src/lib.rs (target/debug/deps/hydrus_search-2cc7af08605d6765)
2026-10-08T03:39:11.3489926Z 
2026-10-08T03:39:11.3490105Z running 57 tests
2026-10-08T03:39:11.3495031Z test entry::tests::counters_are_known_by_key_and_by_name_in_any_case ... ok
2026-10-08T03:39:11.3499589Z test entry::tests::ratings_by_key_sort_by_their_service_s_name ... ok
2026-10-08T03:39:11.3514321Z test api::tests::negation_wildcards_and_namespaces ... ok
2026-10-08T03:39:11.3521565Z test exec::numbers::tests::counts_match_the_reference_lambda ... ok
2026-10-08T03:39:11.3523706Z test exec::numbers::tests::exclusions_and_edges ... ok
2026-10-08T03:39:11.3525291Z test exec::numbers::tests::open_ranges_are_strict ... ok
2026-10-08T03:39:11.3526798Z test exec::sort::tests::colour_keys_match_the_reference ... ok
2026-10-08T03:39:11.3527989Z test exec::sort::tests::a_page_s_ties_keep_its_order_and_its_files_without_values_its_default ... ok
2026-10-08T03:39:11.3529873Z test exec::sort::tests::ties_keep_id_order_in_both_directions ... ok
2026-10-08T03:39:11.3531272Z test exec::tags::tests::like_follows_sqlite ... ok
2026-10-08T03:39:11.3532637Z test exec::tags::tests::matching_uses_the_searchable_form ... ok
2026-10-08T03:39:11.3533605Z test exec::tags::tests::patterns_follow_the_reference_modes ... ok
2026-10-08T03:39:11.3534564Z test exec::tags::tests::successors_bound_prefix_ranges ... ok
2026-10-08T03:39:11.3558524Z test exec::sort::tests::sort_codes_match_the_reference ... ok
2026-10-08T03:39:11.3582179Z test api::tests::rejects_bad_input ... ok
2026-10-08T03:39:11.3583510Z test api::tests::documented_example ... ok
2026-10-08T03:39:11.4416570Z test exec::tests::a_page_s_fallback_sort_orders_its_sort_s_ties ... ok
2026-10-08T03:39:11.4469916Z test exec::tests::import_time_sorts_agree_whether_probed_or_from_the_cached_order ... ok
2026-10-08T03:39:11.4471163Z test exec::tests::limits_apply_after_sorting ... ok
2026-10-08T03:39:11.4498852Z test exec::tests::constructed_predicates_without_text_syntax_work ... ok
2026-10-08T03:39:11.5191821Z test exec::tests::every_term_is_understood_by_the_model ... ok
2026-10-08T03:39:11.5570056Z test exec::tests::saved_collect_tag_domains_group_files_as_the_reference_does ... ok
2026-10-08T03:39:11.8150691Z test exec::tests::searches_see_added_tags_as_the_reference_did ... ok
2026-10-08T03:39:12.0665511Z test exec::tests::searches_see_file_lifecycle_changes_as_the_reference_did ... ok
2026-10-08T03:39:12.0680608Z test exec::time::tests::ages_subtract_days_then_months_with_clamping ... ok
2026-10-08T03:39:12.0681726Z test exec::time::tests::dates_are_local_days ... ok
2026-10-08T03:39:12.0682630Z test exec::time::tests::today_is_the_local_date ... ok
2026-10-08T03:39:12.0683609Z test filetype_tests::tests::complete_classes_are_summarised ... ok
2026-10-08T03:39:12.2835927Z test filetype_tests::tests::filetype_words_match_reference_implementation ... ok
2026-10-08T03:39:12.2876386Z test filetype_tests::tests::general_classes_match_reference_implementation ... ok
2026-10-08T03:39:12.2877365Z test filetype_tests::tests::partial_classes_stay_specific ... ok
2026-10-08T03:39:12.2903715Z test filetype_tests::tests::searchable_mimes_match_reference_implementation ... ok
2026-10-08T03:39:12.2924994Z test media::tests::number_tests_treat_missing_values_like_the_reference ... ok
2026-10-08T03:39:12.2933241Z test media::tests::wildcards_match_whole_tags ... ok
2026-10-08T03:39:12.2954462Z test parse::date::tests::ages ... ok
2026-10-08T03:39:12.2954972Z test parse::date::tests::dates ... ok
2026-10-08T03:39:12.2955523Z test parse::date::tests::operator_words ... ok
2026-10-08T03:39:12.2956186Z test parse::names::tests::every_pattern_compiles ... ok
2026-10-08T03:39:12.2956961Z test parse::names::tests::order_decides_between_overlapping_names ... ok
2026-10-08T03:39:12.2957709Z test parse::rating::tests::advanced_selections ... ok
2026-10-08T03:39:12.2958361Z test parse::rating::tests::like_ignores_operators ... ok
2026-10-08T03:39:12.2959335Z test parse::rating::tests::operator_is_found_before_the_value ... ok
2026-10-08T03:39:12.2960534Z test parse::tag_advanced::tests::empty_tags_are_rejected ... ok
2026-10-08T03:39:12.2961330Z test parse::tag_advanced::tests::splits_on_the_first_unquoted_colon ... ok
2026-10-08T03:39:12.2986474Z test parse::tag_advanced::tests::status_words_match_reference_implementation ... ok
2026-10-08T03:39:12.2988221Z test parse::text::tests::maps_lowercase_slices_back_to_the_original ... ok
2026-10-08T03:39:12.3005366Z test parse::text::tests::parses_unicode_decimal_digits_like_python ... ok
2026-10-08T03:39:12.3006637Z test parse::text::tests::rejects_non_system_text ... ok
2026-10-08T03:39:12.3007507Z test parse::text::tests::strips_python_whitespace ... ok
2026-10-08T03:39:12.3008287Z test parse::text::tests::widens_whitespace_classes ... ok
2026-10-08T03:39:12.3009241Z test parse::values::tests::durations ... ok
2026-10-08T03:39:12.3009952Z test parse::values::tests::filetype_lists ... ok
2026-10-08T03:39:12.3010695Z test parse::values::tests::numbers_allow_commas_and_has ... ok
2026-10-08T03:39:12.3011565Z test parse::values::tests::size_units_match_the_first_spelling ... ok
2026-10-08T03:39:12.5348618Z test exec::tests::executor_agrees_with_the_naive_model ... ok
2026-10-08T03:39:12.9878872Z test exec::tests::owned_sort_contexts_replay_default_fallback_cogs_for_files_and_collections ... ok
2026-10-08T03:39:14.4089958Z test exec::tests::pages_collect_as_the_reference_s_pages_collect ... ok
2026-10-08T03:39:14.4090606Z 
2026-10-08T03:39:14.4091224Z test result: ok. 57 passed; 0 failed; 0 ignored; 0 measured; 0 filtered out; finished in 3.06s
2026-10-08T03:39:14.4091848Z 
2026-10-08T03:39:14.4115167Z [1m[92m     Running[0m tests/file_search_options.rs (target/debug/deps/file_search_options-07be49b2cc9c8d33)
2026-10-08T03:39:14.4135036Z 
2026-10-08T03:39:14.4135266Z running 2 tests
2026-10-08T03:39:14.4147739Z test database_sort_eligibility_matches_each_reference_system_sort_and_location ... ok
2026-10-08T03:39:14.5333699Z test implicit_limit_and_explicit_override_match_reference_database_queries ... ok
2026-10-08T03:39:14.5334235Z 
2026-10-08T03:39:14.5334736Z test result: ok. 2 passed; 0 failed; 0 ignored; 0 measured; 0 filtered out; finished in 0.12s
2026-10-08T03:39:14.5335099Z 
2026-10-08T03:39:14.5343515Z [1m[92m     Running[0m tests/media_tests.rs (target/debug/deps/media_tests-2e886f36e21b4058)
2026-10-08T03:39:14.5366587Z 
2026-10-08T03:39:14.5366825Z running 2 tests
2026-10-08T03:39:14.6790135Z test comparable_values_match_the_reference ... ok
2026-10-08T03:39:14.7496575Z test predicates_match_the_same_files_as_in_the_reference ... ok
2026-10-08T03:39:14.7498041Z 
2026-10-08T03:39:14.7498367Z test result: ok. 2 passed; 0 failed; 0 ignored; 0 measured; 0 filtered out; finished in 0.21s
2026-10-08T03:39:14.7498726Z 
2026-10-08T03:39:14.7519364Z [1m[92m     Running[0m tests/predicate_entry.rs (target/debug/deps/predicate_entry-316968e66572cf2b)
2026-10-08T03:39:14.7533107Z 
2026-10-08T03:39:14.7533497Z running 3 tests
2026-10-08T03:39:14.7568669Z test the_order_is_by_the_stored_text_whatever_is_shown ... ok
2026-10-08T03:39:14.7627268Z test entering_predicates_leaves_what_the_reference_s_list_does ... ok
2026-10-08T03:39:14.7666342Z test each_predicate_s_inverse_is_the_reference_s ... ok
2026-10-08T03:39:14.7666788Z 
2026-10-08T03:39:14.7667391Z test result: ok. 3 passed; 0 failed; 0 ignored; 0 measured; 0 filtered out; finished in 0.01s
2026-10-08T03:39:14.7668180Z 
2026-10-08T03:39:14.7673487Z [1m[92m     Running[0m tests/predicate_text.rs (target/debug/deps/predicate_text-1a53c3e76b0f0034)
2026-10-08T03:39:14.7686514Z 
2026-10-08T03:39:14.7687095Z running 3 tests
2026-10-08T03:39:14.8450549Z test predicates_the_reference_s_editors_make_are_read_and_written_as_its_own ... ok
2026-10-08T03:39:14.9264070Z test api_searches_are_written_as_the_reference_writes_them ... ok
2026-10-08T03:39:14.9924978Z test predicates_are_written_as_the_reference_writes_them ... ok
2026-10-08T03:39:14.9925579Z 
2026-10-08T03:39:14.9926324Z test result: ok. 3 passed; 0 failed; 0 ignored; 0 measured; 0 filtered out; finished in 0.22s
2026-10-08T03:39:14.9927392Z 
2026-10-08T03:39:14.9977587Z [1m[92m     Running[0m tests/reference_parity.rs (target/debug/deps/reference_parity-abc6de1456989e2b)
2026-10-08T03:39:14.9991907Z 
2026-10-08T03:39:14.9992626Z running 3 tests
2026-10-08T03:39:15.2079906Z test api_searches_match_the_reference ... ok
2026-10-08T03:39:15.3463068Z test stored_predicates_decode_to_what_the_reference_parsed ... ok
2026-10-08T03:39:15.5726963Z test system_predicates_match_the_reference ... ok
2026-10-08T03:39:15.5727238Z 
2026-10-08T03:39:15.5727767Z test result: ok. 3 passed; 0 failed; 0 ignored; 0 measured; 0 filtered out; finished in 0.57s
2026-10-08T03:39:15.5728143Z 
2026-10-08T03:39:15.5816680Z [1m[92m     Running[0m tests/robustness.rs (target/debug/deps/robustness-2f95cd18c52db51a)
2026-10-08T03:39:15.5830159Z 
2026-10-08T03:39:15.5830570Z running 4 tests
2026-10-08T03:39:15.7109918Z test errors_name_the_input ... ok
2026-10-08T03:39:15.7910845Z test long_inputs_are_fast ... ok
2026-10-08T03:39:15.8780141Z test never_panics_on_predicate_like_text ... ok
2026-10-08T03:39:16.0039808Z test never_panics_on_arbitrary_text ... ok
2026-10-08T03:39:16.0040309Z 
2026-10-08T03:39:16.0040752Z test result: ok. 4 passed; 0 failed; 0 ignored; 0 measured; 0 filtered out; finished in 0.42s
2026-10-08T03:39:16.0041306Z 
2026-10-08T03:39:16.0052434Z [1m[92m     Running[0m unittests src/lib.rs (target/debug/deps/hydrus_store-1b24f7d60d698a51)
2026-10-08T03:39:16.0077524Z 
2026-10-08T03:39:16.0077781Z running 252 tests
2026-10-08T03:39:16.0122736Z test api_activity::tests::marker_replaces_atomically_reopens_and_rejects_malformed_data ... ok
2026-10-08T03:39:16.0126549Z test autocomplete::input::tests::rules_open_up_fetch_alls ... ok
2026-10-08T03:39:16.0127721Z test autocomplete::pattern::tests::like_is_sqlite_like ... ok
2026-10-08T03:39:16.0130590Z test autocomplete::pattern::tests::phrases_tokenise_like_fts4 ... ok
2026-10-08T03:39:16.0145102Z test autocomplete::pattern::tests::plans_follow_the_reference ... ok
2026-10-08T03:39:16.0145998Z test autocomplete::input::tests::parses_like_the_reference ... ok
2026-10-08T03:39:16.0146936Z test autocomplete::search::tests::counts_merge_and_render_like_the_reference ... ok
2026-10-08T03:39:16.0147925Z test autocomplete::search::tests::upper_bounds_cover_exactly_the_prefix ... ok
2026-10-08T03:39:16.0180305Z test autocomplete::pattern::tests::result_filter_matches_word_starts ... ok
2026-10-08T03:39:16.0190864Z test backup::tests::a_failed_restore_copy_preserves_the_database_sidecars_media_and_request ... ok
2026-10-08T03:39:16.0210559Z test backup::tests::a_mirror_copies_changes_and_drops_surplus ... ok
2026-10-08T03:39:16.0211651Z test backup::tests::a_missing_backup_retains_the_request_and_original_database ... ok
2026-10-08T03:39:16.0212754Z test backup::tests::an_active_server_prevents_restore_without_consuming_the_request ... ok
2026-10-08T03:39:16.0230219Z test backup::tests::cancellation_during_mirroring_preserves_uncopied_and_surplus_files ... ok
2026-10-08T03:39:16.1159894Z test backup::tests::cancelled_backup_does_not_report_success_or_touch_destination ... ok
2026-10-08T03:39:16.1174660Z test backup::tests::restore_rejects_a_symlink_to_the_store ... ok
2026-10-08T03:39:16.1182049Z test backup::tests::restore_rejects_the_store_itself_before_writing_a_request_or_database ... ok
2026-10-08T03:39:16.1361685Z test animation_start::tests::actual_yaml_upgrade_native_override_reopen_and_invalid_values ... ok
2026-10-08T03:39:16.1595515Z test api_update_toasts::tests::retained_enabled_options_native_override_reopen_corruption_and_exact_expiry ... ok
2026-10-08T03:39:16.1664582Z test backup::tests::a_backup_restores_over_a_changed_store ... ok
2026-10-08T03:39:16.1869147Z test conn::tests::effects_run_only_after_successful_commit ... ok
2026-10-08T03:39:16.2060469Z test conn::tests::failed_write_rolls_back_only_itself ... ok
2026-10-08T03:39:16.2138814Z test conn::tests::readers_see_consistent_snapshots_while_writing ... ok
2026-10-08T03:39:16.2349860Z test conn::tests::the_writer_empties_the_log_every_quarter_hour ... ok
2026-10-08T03:39:16.2466573Z test content::tests::a_forced_filetype_keeps_the_detected_one_and_is_undone ... ok
2026-10-08T03:39:16.2514349Z test conn::tests::write_then_read ... ok
2026-10-08T03:39:16.2707134Z test content::tests::deleting_from_one_of_two_local_domains_does_not_trash ... ok
2026-10-08T03:39:16.2788746Z test content::tests::file_info_round_trips ... ok
2026-10-08T03:39:16.2998326Z test content::tests::import_trash_undelete_and_purge ... ok
2026-10-08T03:39:16.3166308Z test content::tests::mapping_state_machine ... ok
2026-10-08T03:39:16.3635531Z test content::tests::service_bulk_trash_respects_lock_and_restores_all_former_domains ... ok
2026-10-08T03:39:16.4068221Z test content::tests::service_deleted_record_clear_keeps_trash_history_and_physical_queue ... ok
2026-10-08T03:39:16.4584133Z test content::tests::the_delete_lock_keeps_archived_files_from_going_for_good ... ok
2026-10-08T03:39:16.4939815Z test conn::tests::a_pause_empties_the_log_and_holds_work_until_dropped ... ok
2026-10-08T03:39:16.6191726Z test content::tests::service_bulk_rating_scopes_keep_trash_and_other_services ... ok
2026-10-08T03:39:16.6229733Z test db_maintenance::tests::per_service_table_names ... ok
2026-10-08T03:39:16.6232117Z test display::tests::first_sibling_pair_wins_and_cycles_are_dropped ... ok
2026-10-08T03:39:16.7737712Z test db_maintenance::tests::inconsistent_mappings_and_orphans_are_repaired ... ok
2026-10-08T03:39:16.7739494Z test display::tests::parent_loops_are_dropped ... ok
2026-10-08T03:39:16.7740848Z test display::tests::parents_close_transitively_through_ideals ... ok
2026-10-08T03:39:16.7742242Z test display::tests::rules_count_as_the_reference_s_lookup_rows ... ok
2026-10-08T03:39:16.7743694Z test display::tests::sibling_chains_resolve_to_the_end ... ok
2026-10-08T03:39:16.7975454Z test db_maintenance::tests::basic_jobs_find_nothing_and_regeneration_keeps_counts ... ok
2026-10-08T03:39:16.7985832Z test display::tests::graph_invariants ... ok
2026-10-08T03:39:16.8052601Z test duplicates::auto::tests::the_references_suggested_rules_are_all_read ... ok
2026-10-08T03:39:16.8306202Z test domains::tests::a_read_sees_the_domain_as_its_snapshot_has_it ... ok
2026-10-08T03:39:16.8500129Z test domains::tests::import_order_is_by_time_then_id_and_follows_writes ... ok
2026-10-08T03:39:16.8591302Z test duplicates::cache::tests::cached_pairs_follow_writes_and_only_readers_fill_the_cache ... ok
2026-10-08T03:39:16.9861400Z test ffmpeg_policy::tests::actual_legacy_saved_policy_backfill_native_override_and_poll_adapter ... ok
2026-10-08T03:39:16.9956449Z test duplicates_progress::tests::real_saved_disabled_legacy_policy_backfills_native_override_and_reopens ... ok
2026-10-08T03:39:17.0276639Z test file_maintenance::tests::captured_cancel_clears_due_and_future_types_and_keeps_unselected_work ... ok
2026-10-08T03:39:17.0281525Z test file_maintenance::tests::file_work_lease_is_shared_by_independent_owners_and_released_on_drop ... ok
2026-10-08T03:39:17.0283728Z test file_maintenance::tests::job_types_keep_the_reference_s_codes ... ok
2026-10-08T03:39:17.0647491Z test file_maintenance::tests::selected_admission_precedes_batch_limit_and_preserves_due_type_rules ... ok
2026-10-08T03:39:17.0655635Z test folder_activity::tests::abandoned_request_and_old_marker_files_do_not_pause_another_kind ... ok
2026-10-08T03:39:17.0669221Z test folder_activity::tests::request_interrupts_work_waits_for_release_and_rejects_new_work ... ok
2026-10-08T03:39:17.0697843Z test ffmpeg_policy::tests::reader_from_a_borrowed_store_is_live_and_does_not_retain_its_owner ... ok
2026-10-08T03:39:17.1017260Z test duplicates::merge::tests::only_whitelisted_notes_merge_under_their_new_names ... ok
2026-10-08T03:39:17.1549663Z test folder_activity::tests::transient_pause_preserves_original_and_live_user_pause_preferences ... ok
2026-10-08T03:39:17.1570402Z test gallery::tests::a_page_makes_a_search_per_query_with_its_settings ... ok
2026-10-08T03:39:17.1798593Z test gallery::tests::no_downloader_or_no_urls_makes_nothing ... ok
2026-10-08T03:39:17.2235661Z test gallery::tests::queries_merge_and_repeats_are_skipped_as_the_page_says ... ok
2026-10-08T03:39:17.2239700Z test granularity::tests::estimating_a_folder_ignores_non_ascii_names ... ok
2026-10-08T03:39:17.2880925Z test granularity::tests::cancellation_restores_moved_files_to_their_original_locations ... ok
2026-10-08T03:39:17.3291373Z test granularity::tests::failed_publication_restores_exact_split_locations ... ok
2026-10-08T03:39:17.3885463Z test granularity::tests::merged_prefix_records_the_actual_destination_across_locations ... ok
2026-10-08T03:39:17.3919636Z test idle_state::tests::only_a_fresh_idle_marker_is_idle ... ok
2026-10-08T03:39:17.3920947Z test idle_state::tests::pace_follows_the_time_and_caps_the_rest ... ok
2026-10-08T03:39:17.5340324Z test image_colour::tests::real_saved_disabled_legacy_policy_backfills_native_override_and_reopens ... ok
2026-10-08T03:39:17.6620471Z test import::decode::tests::a_clients_simple_downloader_formulae_come_across ... ok
2026-10-08T03:39:17.7610090Z test import::decode::tests::a_new_clients_checker_timings_are_our_defaults ... ok
2026-10-08T03:39:17.8659877Z test import::decode::tests::a_new_clients_headers_are_our_defaults ... ok
2026-10-08T03:39:17.9719320Z test import::decode::tests::a_new_clients_import_options_and_downloaders_convert ... ok
2026-10-08T03:39:18.0772296Z test import::decode::tests::a_new_clients_merge_options_are_our_defaults ... ok
2026-10-08T03:39:18.1589721Z test granularity::tests::the_store_records_its_new_folders ... ok
2026-10-08T03:39:18.1900000Z test import::decode::tests::auto_resolution_rules_convert ... ok
2026-10-08T03:39:18.2231113Z test import::decode::tests::api_update_toasts_import_present_and_absent_client_options ... ok
2026-10-08T03:39:18.3878789Z test import::decode::tests::browser_eye_menu_preferences_migrate_independently ... ok
2026-10-08T03:39:18.4570030Z test import::decode::tests::clipboard_monitor_switches_convert_independently ... ok
2026-10-08T03:39:18.5290287Z test import::decode::tests::command_palette_preferences_migrate_defaults_and_nondefault_provider_policies ... ok
2026-10-08T03:39:18.5379743Z test import::decode::tests::custom_merge_options_convert ... ok
2026-10-08T03:39:18.5865466Z test import::decode::tests::downloader_pages_own_state_converts ... ok
2026-10-08T03:39:18.6400233Z test import::decode::tests::cursor_autohide_import_preserves_timeout_and_do_not_hide ... ok
2026-10-08T03:39:18.8810219Z test import::decode::tests::downloader_update_time_import_preserves_raw_fields_and_reopens ... ok
2026-10-08T03:39:18.9924055Z test import::decode::tests::export_default_directory_import_resolves_recorded_portable_paths ... ok
2026-10-08T03:39:19.1347465Z test import::decode::tests::file_search_defaults_convert_user_values ... ok
2026-10-08T03:39:19.2807680Z test import::decode::tests::file_view_removal_imports_legacy_and_typed_flags_independently ... ok
2026-10-08T03:39:19.3742718Z test import::decode::tests::duplicate_colours_import_none_zero_and_explicit_preferences_then_reopen ... ok
2026-10-08T03:39:19.5250713Z test import::decode::tests::four_note_preferences_import_and_survive_reopen ... ok
2026-10-08T03:39:19.6543301Z test import::decode::tests::idle_timeout_import_preserves_seconds_none_and_missing_defaults ... ok
2026-10-08T03:39:19.6730165Z test import::decode::tests::image_cache_size_raw_timeout_and_future_admission_import_independently ... ok
2026-10-08T03:39:19.9070239Z test import::decode::tests::importing_work_slots_decode_five_legacy_keys_and_persist_native_limits ... ok
2026-10-08T03:39:19.9244851Z test import::decode::tests::local_transfer_confirmations_decode_both_legacy_booleans ... ok
2026-10-08T03:39:20.0611838Z test import::decode::tests::maintenance_gates_import_present_and_absent_client_options ... ok
2026-10-08T03:39:20.1450706Z test import::decode::tests::main_identity_import_preserves_raw_name_and_saved_tag_activation ... ok
2026-10-08T03:39:20.1770545Z test import::decode::tests::manage_tags_live_display_and_incremental_fields_import ... ok
2026-10-08T03:39:20.2769978Z test import::decode::tests::namespace_colours_convert ... ok
2026-10-08T03:39:20.3039969Z test import::decode::tests::manage_tags_sort_contexts_import_siblings_independently_of_sidebar_sorts ... ok
2026-10-08T03:39:20.3069787Z test import::decode::tests::page_sort_import_preserves_its_independent_full_tag_context ... ok
2026-10-08T03:39:20.4517027Z test import::decode::tests::passive_background_options_import_each_draw_key ... ok
2026-10-08T03:39:20.5416138Z test import::decode::tests::network_boot_preference_converts_without_changing_live_pause ... ok
2026-10-08T03:39:20.5917485Z test import::decode::tests::physical_delete_import_preserves_present_delay_and_defaults_without_client_options ... ok
2026-10-08T03:39:20.8440414Z test import::decode::tests::preview_and_dialog_rating_sizes_import_exact_fractional_preferences ... ok
2026-10-08T03:39:20.9692228Z test import::decode::tests::real_client_ffmpeg_timeout_is_imported_without_clamping ... ok
2026-10-08T03:39:21.2566557Z test import::decode::tests::recorded_custom_predicate_defaults_import_with_typed_units_and_keys ... ok
2026-10-08T03:39:21.3931213Z test import::decode::tests::saving_the_page_sort_on_change_converts ... ok
2026-10-08T03:39:21.5348301Z test import::decode::tests::popup_width_imports_raw_reference_preferences_and_reopens_them ... ok
2026-10-08T03:39:21.5362326Z test import::decode::tests::shortcut_capture_policies_import_defaults_and_nondefault_values ... ok
2026-10-08T03:39:21.6350480Z test import::decode::tests::sibling_connector_colours_import_retains_none_empty_and_raw_names ... ok
2026-10-08T03:39:21.6643050Z test import::decode::tests::subscription_concurrency_imports_nondefault_number ... ok
2026-10-08T03:39:21.8103738Z test import::decode::tests::suggested_layout_and_unavailable_default_pages_migrate_without_losing_choices ... ok
2026-10-08T03:39:21.8193667Z test import::decode::tests::subscription_file_failure_threshold_imports_none_and_number ... ok
2026-10-08T03:39:21.8201155Z test import::decode::tests::tag_display_filters_convert ... ok
2026-10-08T03:39:21.9209983Z test import::decode::tests::tag_list_opening_modes_import_independently_and_ignore_unknown_codes ... ok
2026-10-08T03:39:21.9680124Z test import::decode::tests::tag_dialog_defaults_import_independently_of_autocomplete_defaults ... ok
2026-10-08T03:39:22.0232939Z test import::decode::tests::tag_presentation_converts ... ok
2026-10-08T03:39:22.1061199Z test import::decode::tests::the_lock_password_converts ... ok
2026-10-08T03:39:22.1645993Z test import::decode::tests::the_search_defaults_convert ... ok
2026-10-08T03:39:22.2431926Z test import::decode::tests::the_tag_summaries_convert ... ok
2026-10-08T03:39:22.3348346Z test import::decode::tests::the_thumbnail_border_and_margin_convert ... ok
2026-10-08T03:39:22.3990361Z test import::decode::tests::thumbnail_cache_size_and_raw_timeout_import_as_independent_typed_preferences ... ok
2026-10-08T03:39:22.4349873Z test import::decode::tests::unselected_tag_limit_import_preserves_zero_none_and_presentation ... ok
2026-10-08T03:39:22.5534178Z test import::decode::tests::viewer_canvas_options_convert_user_values ... ok
2026-10-08T03:39:22.5689943Z test import::decode::tests::viewer_closing_options_import_each_independent_preference ... ok
2026-10-08T03:39:22.7000420Z test import::decode::tests::viewer_focus_options_import_independent_mouseover_gates ... ok
2026-10-08T03:39:22.7087648Z test import::decode::tests::viewer_hover_options_migrate_disable_keys_as_enabled_controls ... ok
2026-10-08T03:39:22.8590116Z test import::decode::tests::viewer_pointer_options_import_both_drag_preferences ... ok
2026-10-08T03:39:22.9319962Z test import::decode::tests::viewer_playback_import_keeps_zoom_command_and_loop_policy ... ok
2026-10-08T03:39:23.0591100Z test import::decode::tests::viewing_menu_preferences_import_the_display_style_and_canvas_ticks ... ok
2026-10-08T03:39:23.0900321Z test import::decode::tests::viewer_tag_wheel_imports_all_four_reference_policy_codes ... ok
2026-10-08T03:39:23.2655436Z test import::network_tests::copies_the_mpv_conf ... ok
2026-10-08T03:39:23.3320368Z test import::network_tests::a_named_startup_session_keeps_hydrus_s_last_session_apart ... ok
2026-10-08T03:39:23.5408042Z test import::network_tests::downloader_pages_own_state_comes_back_for_earlier_imports ... ok
2026-10-08T03:39:23.5760247Z test import::network_tests::imports_downloader_pages_from_the_last_session ... ok
2026-10-08T03:39:23.7829975Z test import::network_tests::imports_local_import_pages_from_the_last_session ... ok
2026-10-08T03:39:23.8235495Z test import::network_tests::imports_search_pages_from_the_last_session ... ok
2026-10-08T03:39:23.9640097Z test content::tests::incremental_counts_equal_rebuild ... ok
2026-10-08T03:39:23.9670267Z test import::network_tests::imports_session_cookies ... ok
2026-10-08T03:39:24.0691483Z test import::network_tests::imports_subscriptions_with_their_histories ... ok
2026-10-08T03:39:24.0692893Z test import::tests::any_reference_install_counts_match ... ignored, needs HYDRUS_REFERENCE_DB
2026-10-08T03:39:24.0861148Z test import::tests::a_default_install_keeps_the_default_bandwidth_rules ... ok
2026-10-08T03:39:24.1777524Z test import::tests::decodes_the_basic_fixture_settings ... ok
2026-10-08T03:39:24.1949888Z test import::tests::import_options_that_run_programs_are_reported ... ok
2026-10-08T03:39:24.2050759Z test import::network_tests::other_saved_sessions_come_across_without_running_their_downloaders ... ok
2026-10-08T03:39:24.3364801Z test import::tests::imports_the_basic_fixture ... ok
2026-10-08T03:39:24.3650453Z test import::tests::rebuilt_counts_match_the_reference_caches ... ok
2026-10-08T03:39:24.4550548Z test import::tests::the_global_pause_switches_come_across ... ok
2026-10-08T03:39:24.4857138Z test import::tests::the_network_options_come_across ... ok
2026-10-08T03:39:24.4858252Z test live::tests::a_status_shows_its_first_line ... ok
2026-10-08T03:39:24.4888544Z test import::tests::refuses_to_overwrite_or_import_the_wrong_version ... ok
2026-10-08T03:39:24.5057236Z test live::tests::cancels_are_taken_once_and_nudge_the_queue ... ok
2026-10-08T03:39:24.5063035Z test live::tests::only_changes_are_published ... ok
2026-10-08T03:39:24.5093816Z test live::tests::live_state_is_kept_replaced_and_cleared ... ok
2026-10-08T03:39:24.5782100Z test import::tests::the_trash_limits_come_across ... ok
2026-10-08T03:39:24.5870455Z test login_runtime::tests::crashed_process_metadata_cannot_block_or_cancel_the_next_lease ... ok
2026-10-08T03:39:24.6090867Z test login_runtime::tests::separate_store_owners_serialize_cancel_and_retire_only_the_reviewed_login ... ok
2026-10-08T03:39:24.9308119Z test maintenance::tests::cancelled_owned_wait_releases_writer_and_never_admits_a_successor_pair ... ok
2026-10-08T03:39:24.9350189Z test maintenance::tests::captured_wait_follows_committed_pairs_including_last_and_allows_live_readd ... ok
2026-10-08T03:39:25.0840177Z test maintenance::tests::never_deletes_media_shared_with_another_install ... ok
2026-10-08T03:39:25.1534662Z test maintenance::tests::missing_file_still_waits_after_its_thumbnail_and_queue_commit ... ok
2026-10-08T03:39:25.3331257Z test maintenance::tests::pair_failure_keeps_its_queue_and_previous_pair_commit_and_does_not_wait ... ok
2026-10-08T03:39:25.4513118Z test maintenance::tests::rebuilding_the_caches_gives_the_same_caches ... ok
2026-10-08T03:39:25.5173518Z test maintenance::tests::leaves_claimed_files_queued ... ok
2026-10-08T03:39:25.6866269Z test maintenance::tests::retained_local_queue_cleanup_does_not_wait_or_remove_physical_paths ... ok
2026-10-08T03:39:25.7495549Z test maintenance::tests::selected_tag_regeneration_repairs_connected_counts_without_changing_primary_data ... ok
2026-10-08T03:39:25.7640379Z test maintenance_gates::tests::retained_client_options_native_wins_reopen_and_corruption ... ok
2026-10-08T03:39:25.7661336Z test master::tests::interning_is_idempotent_and_reversible ... ok
2026-10-08T03:39:25.7662769Z test master::tests::url_domains_match_urlparse_netloc ... ok
2026-10-08T03:39:25.7765432Z test master::tests::new_subtags_are_indexed_for_autocomplete ... ok
2026-10-08T03:39:25.8758025Z test media::tests::counts_tags_as_each_file_has_them ... ok
2026-10-08T03:39:25.9512494Z test media::tests::hidden_tags_are_left_out_of_the_counts ... ok
2026-10-08T03:39:25.9809945Z test maintenance::tests::purges_files_that_left_local_storage ... ok
2026-10-08T03:39:26.0035827Z test network::login_tests::a_login_covers_its_domain_and_subdomains ... ok
2026-10-08T03:39:26.0177804Z test network::tests::cookies_list_in_jar_order ... ok
2026-10-08T03:39:26.0300495Z test media::tests::loads_the_fixture ... ok
2026-10-08T03:39:26.0361111Z test network::tests::headers_keep_what_is_not_given ... ok
2026-10-08T03:39:26.0519307Z test network::tests::sessions_are_per_registrable_domain ... ok
2026-10-08T03:39:26.0680401Z test menu_choice_wheel::tests::actual_saved_false_legacy_fallback_native_override_and_durable_reopen ... ok
2026-10-08T03:39:26.1299367Z test orphan_files::tests::strays_are_found_and_moved_and_kept_files_stay ... ok
2026-10-08T03:39:26.1305279Z test paths::tests::copies_keep_permissions_unless_told_not_to ... ok
2026-10-08T03:39:26.1559849Z test page_layout::tests::imported_yaml_signed_sizes_exit_switch_and_native_override_survive_reopen ... ok
2026-10-08T03:39:26.1817706Z test popup_actions::tests::answer_survives_dismissal_and_old_owner_cannot_consume_or_retire_successor ... ok
2026-10-08T03:39:26.1958060Z test granularity::tests::a_folder_goes_to_three_and_back ... ok
2026-10-08T03:39:26.2052605Z test popup_actions::tests::gui_retirement_drops_unconsumed_calls_but_preserves_committed_answers ... ok
2026-10-08T03:39:26.2197625Z test popup_actions::tests::pre_action_schema_upgrades_and_restart_forgets_ephemeral_handlers_but_keeps_clipboard ... ok
2026-10-08T03:39:26.2335931Z test or_connector::tests::real_qt_serialised_raw_connector_backfills_and_native_override_survives_reopen ... ok
2026-10-08T03:39:26.2548077Z test popups::tests::mergable_files_with_the_same_label_join_one_popup ... ok
2026-10-08T03:39:26.2559577Z test physical_delete::tests::recorded_retained_options_native_override_constructor_and_reopen ... ok
2026-10-08T03:39:26.2703166Z test popups::tests::popups_queue_oldest_first_until_dismissed ... ok
2026-10-08T03:39:26.2893481Z test queues::tests::a_queues_page_shows_the_files_its_seeds_brought_in_order ... ok
2026-10-08T03:39:26.2915558Z test queues::tests::a_pages_queue_waits_while_closed_and_goes_with_it ... ok
2026-10-08T03:39:26.3044490Z test queues::tests::deleted_queue_identity_is_not_recycled_and_late_seed_updates_ignore_successors ... ok
2026-10-08T03:39:26.3238106Z test queues::tests::nudges_are_taken_once_each ... ok
2026-10-08T03:39:26.3410265Z test queues::tests::seeds_dedupe_order_and_retry ... ok
2026-10-08T03:39:26.3479805Z test popup_freeze::tests::actual_saved_true_legacy_native_override_and_durable_reopen ... ok
2026-10-08T03:39:26.3485892Z test reference_options::tests::unset_values_read_as_their_defaults ... ok
2026-10-08T03:39:26.3487250Z test queues::tests::file_log_drafts_isolate_mutations_and_restore_complete_metadata_in_order ... ok
2026-10-08T03:39:26.3488421Z test schema::tests::refuses_newer_schema ... ok
2026-10-08T03:39:26.3518445Z test queues::tests::urls_typed_into_a_page_are_handed_over_once_in_order ... ok
2026-10-08T03:39:26.3520089Z test services::tests::colours_serialise_as_hex ... ok
2026-10-08T03:39:26.3759275Z test schema::tests::migrations_apply_cleanly_and_are_idempotent ... ok
2026-10-08T03:39:26.3760451Z test services::tests::numerical_stars_match_reference_rounding ... ok
2026-10-08T03:39:26.3824836Z test schema::tests::tag_service_tables_round_trip ... ok
2026-10-08T03:39:26.3877091Z test services::tests::default_services_round_trip ... ok
2026-10-08T03:39:26.4148378Z test session_backups::importer_tests::historical_importers_restore_independent_settings_and_seed_logs ... ok
2026-10-08T03:39:26.4199334Z test session_backups::queue_kind_tests::every_native_page_importer_restores_its_auxiliary_state_and_both_logs ... ok
2026-10-08T03:39:26.4226713Z test session_backups::tests::automatic_last_session_hash_replays_real_unchanged_suppression_and_history ... ok
2026-10-08T03:39:26.4433157Z test session_backups::tests::imported_previous_media_is_independent_and_deletion_clears_backups ... ok
2026-10-08T03:39:26.4530147Z test session_backups::tests::rolling_timestamps_match_the_reference_including_clock_reversal ... ok
2026-10-08T03:39:26.4541404Z test session_reload::tests::committed_reload_slot_is_independent_and_cleanup_keeps_active_media ... ok
2026-10-08T03:39:26.4785523Z test sessions::tests::commands_queue_for_the_gui_or_change_the_session ... ok
2026-10-08T03:39:26.4806870Z test radio_return::tests::actual_saved_false_legacy_fallback_native_override_and_durable_reopen ... ok
2026-10-08T03:39:26.4817370Z test similar::tests::flat_colours_are_blank ... ok
2026-10-08T03:39:26.4829572Z test similar::tests::scale ... ignored, a timing, not a check
2026-10-08T03:39:26.4870142Z test sessions::tests::saving_keeps_the_top_key_the_page_shown_and_selections ... ok
2026-10-08T03:39:26.4879851Z test sessions::tests::media_viewers_are_kept_in_order ... ok
2026-10-08T03:39:26.4880820Z test storage::tests::a_location_without_its_folders_is_missing ... ok
2026-10-08T03:39:26.4883679Z test storage::tests::paths_follow_the_reference_layout ... ok
2026-10-08T03:39:26.4982190Z test sessions::tests::sessions_keep_their_pages_and_files ... ok
2026-10-08T03:39:26.4983402Z test storage_locations::tests::shares_follow_weights_and_limits ... ok
2026-10-08T03:39:26.5734206Z test store::tests::content_writes_use_foreign_relation_graphs_before_the_next_poll ... ok
2026-10-08T03:39:26.5777112Z test similar::tests::the_index_finds_exactly_what_checking_everything_finds ... ok
2026-10-08T03:39:26.6534581Z test store::tests::new_store_has_default_services ... ok
2026-10-08T03:39:26.6843408Z test store::tests::independent_stores_notice_committed_snapshot_changes_without_refresh_loops ... ok
2026-10-08T03:39:26.7062143Z test similar::tests::the_search_finds_the_pairs_the_reference_found ... ok
2026-10-08T03:39:26.7371086Z test store::tests::pre_existing_queue_without_sequence_keeps_its_retired_identity_after_upgrade ... ok
2026-10-08T03:39:26.7670064Z test tag_display::tests::a_service_s_tags_pass_its_filter_and_all_known_tags ... ok
2026-10-08T03:39:26.7741023Z test store::tests::snapshots_refresh_only_after_commit ... ok
2026-10-08T03:39:26.8491826Z test tag_editing::tests::manage_tags_preferences_are_backward_compatible_and_independent ... ok
2026-10-08T03:39:26.8509713Z test text::tests::integers_follow_python_isdecimal ... ok
2026-10-08T03:39:26.8519884Z test text::tests::searchable_forms ... ok
2026-10-08T03:39:26.8520738Z test text::tests::tokenises_like_fts4_simple ... ok
2026-10-08T03:39:26.8599954Z test tag_editing::tests::older_preferences_get_write_defaults_and_tab_memory_preserves_them ... ok
2026-10-08T03:39:26.9790181Z test synth::tests::a_small_library_has_consistent_counts ... ok
2026-10-08T03:39:26.9860202Z test thumbnail_appearance::tests::retained_actual_options_upgrade_native_override_and_reopen ... ok
2026-10-08T03:39:27.2323918Z test transfer::tests::in_place_marks_the_media_as_shared ... ok
2026-10-08T03:39:27.4343972Z test transfer::tests::refuses_an_existing_destination ... ok
2026-10-08T03:39:27.6831012Z test trash::tests::an_oversized_trash_loses_its_oldest_files_eight_at_a_time ... ok
2026-10-08T03:39:27.9473646Z test trash::tests::cancelled_writer_admission_leaves_trash_and_physical_queue_untouched ... ok
2026-10-08T03:39:27.9589957Z test transfer::tests::hardlink_copy_and_move_give_the_store_its_own_media ... ok
2026-10-08T03:39:28.2134491Z test trash::tests::no_limits_leave_the_trash_alone ... ok
2026-10-08T03:39:28.2365183Z test trash::tests::files_trashed_too_long_ago_are_deleted_for_good ... ok
2026-10-08T03:39:28.4711144Z test trash::tests::the_delete_lock_keeps_archived_files_in_the_trash ... ok
2026-10-08T03:39:28.4719545Z test undo::tests::undo_and_redo_step_through_the_log_and_new_changes_cut_it ... ok
2026-10-08T03:39:28.4720922Z test vacuum::tests::room_is_checked_as_the_reference_checks ... ok
2026-10-08T03:39:28.4835390Z test trash::tests::the_size_limit_goes_first_then_the_age_limit ... ok
2026-10-08T03:39:28.5595645Z test transfer::tests::each_drive_s_media_stays_on_it ... ok
2026-10-08T03:39:28.5690659Z test watchers::tests::a_page_watches_each_thread_once_with_its_own_options ... ok
2026-10-08T03:39:28.6246891Z test vacuum::tests::vacuuming_frees_pages_and_is_recorded ... ok
2026-10-08T03:39:28.6354539Z test watchers::tests::checking_now_and_pausing_checking ... ok
2026-10-08T03:39:28.6442212Z test watchers::tests::setting_a_watchers_checker_options ... ok
2026-10-08T03:39:29.0730518Z test storage_locations::tests::a_second_location_takes_half_and_thumbnails_follow ... ok
2026-10-08T03:39:29.0731187Z 
2026-10-08T03:39:29.0731640Z test result: ok. 250 passed; 0 failed; 2 ignored; 0 measured; 0 filtered out; finished in 13.07s
2026-10-08T03:39:29.0732258Z 
2026-10-08T03:39:29.0763256Z [1m[92m     Running[0m tests/import_status.rs (target/debug/deps/import_status-d01141bf22d4b05d)
2026-10-08T03:39:29.0775667Z 
2026-10-08T03:39:29.0775953Z running 3 tests
2026-10-08T03:39:29.0840200Z test owned_precision_replays_actual_network_job_controls_without_changing_gauges_or_cancellation ... ok
2026-10-08T03:39:29.1232606Z test file_and_search_logs_say_what_the_reference_says ... ok
2026-10-08T03:39:29.1259641Z test downloads_lines_say_what_the_references_network_job_control_says ... ok
2026-10-08T03:39:29.1260295Z 
2026-10-08T03:39:29.1260910Z test result: ok. 3 passed; 0 failed; 0 ignored; 0 measured; 0 filtered out; finished in 0.05s
2026-10-08T03:39:29.1261572Z 
2026-10-08T03:39:29.1273912Z [1m[92m     Running[0m tests/metadata_jobs.rs (target/debug/deps/metadata_jobs-d3137ade1a3672c9)
2026-10-08T03:39:29.1293898Z 
2026-10-08T03:39:29.1294048Z running 1 test
2026-10-08T03:39:29.4670021Z test actual_qt_worker_inputs_replay_files_cancellation_progress_and_copy_cleanup ... ok
2026-10-08T03:39:29.4670667Z 
2026-10-08T03:39:29.4671081Z test result: ok. 1 passed; 0 failed; 0 ignored; 0 measured; 0 filtered out; finished in 0.34s
2026-10-08T03:39:29.4671687Z 
2026-10-08T03:39:29.4678604Z [1m[92m     Running[0m tests/tag_migration.rs (target/debug/deps/tag_migration-471cdbe0dc418fb5)
2026-10-08T03:39:29.4698421Z 
2026-10-08T03:39:29.4698571Z running 15 tests
2026-10-08T03:39:29.5783861Z test archive_validation_rejects_wrong_types_and_unsupported_hashes_before_import ... ok
2026-10-08T03:39:29.6013639Z test cancellation_is_a_durable_prefix_and_incremental_counts_match_rebuild ... ok
2026-10-08T03:39:29.6462137Z test archive_exports_preserve_metadata_merge_and_cancelled_committed_prefix ... ok
2026-10-08T03:39:29.6951262Z test overlapping_migration_is_rejected_without_waiting_for_a_reader ... ok
2026-10-08T03:39:29.7083810Z test pair_count_gates_observe_reference_concurrent_mapping_changes_between_batches ... ok
2026-10-08T03:39:29.8060102Z test pair_migration_publishes_graph_and_rebuilt_counts ... ok
2026-10-08T03:39:29.9433547Z test pair_count_gates_replay_real_current_pending_and_terminal_ideal_counts ... ok
2026-10-08T03:39:30.0340087Z test registry_changes_stop_the_next_batch_and_keep_committed_prefix ... ok
2026-10-08T03:39:30.1202359Z test published_job_events_match_reference_phases_and_committed_prefixes ... ok
2026-10-08T03:39:30.1344542Z test repository_union_deduplicates_and_petition_reason_is_persisted ... ok
2026-10-08T03:39:30.1522094Z test pause_waits_after_commit_resume_continues_and_cancel_wakes_without_next_batch ... ok
2026-10-08T03:39:30.2123127Z test same_service_delete_and_clear_never_skip_mutated_source_rows ... ok
2026-10-08T03:39:30.2194746Z test selected_files_and_filters_are_applied_before_destination_changes ... ok
2026-10-08T03:39:30.2322237Z test source_snapshot_excludes_later_inserts_and_retains_later_removed_rows ... ok
2026-10-08T03:39:31.5748365Z test actual_python_archives_import_convert_scope_filter_and_reopen ... ok
2026-10-08T03:39:31.5749215Z 
2026-10-08T03:39:31.5749639Z test result: ok. 15 passed; 0 failed; 0 ignored; 0 measured; 0 filtered out; finished in 2.10s
2026-10-08T03:39:31.5750496Z 
2026-10-08T03:39:31.5762707Z [1m[92m   Doc-tests[0m hydrus_core
2026-10-08T03:39:32.1398610Z 
2026-10-08T03:39:32.1399430Z running 0 tests
2026-10-08T03:39:32.1399901Z 
2026-10-08T03:39:32.1400307Z test result: ok. 0 passed; 0 failed; 0 ignored; 0 measured; 0 filtered out; finished in 0.00s
2026-10-08T03:39:32.1400843Z 
2026-10-08T03:39:32.1415535Z [1m[92m   Doc-tests[0m hydrus_download
2026-10-08T03:39:32.2745154Z 
2026-10-08T03:39:32.2745642Z running 0 tests
2026-10-08T03:39:32.2745866Z 
2026-10-08T03:39:32.2746442Z test result: ok. 0 passed; 0 failed; 0 ignored; 0 measured; 0 filtered out; finished in 0.00s
2026-10-08T03:39:32.2746828Z 
2026-10-08T03:39:32.2762880Z [1m[92m   Doc-tests[0m hydrus_downloader_exchange
2026-10-08T03:39:32.3564669Z 
2026-10-08T03:39:32.3565399Z running 0 tests
2026-10-08T03:39:32.3565679Z 
2026-10-08T03:39:32.3566183Z test result: ok. 0 passed; 0 failed; 0 ignored; 0 measured; 0 filtered out; finished in 0.00s
2026-10-08T03:39:32.3566813Z 
2026-10-08T03:39:32.3580940Z [1m[92m   Doc-tests[0m hydrus_gui_model
2026-10-08T03:39:32.8881903Z 
2026-10-08T03:39:32.8882463Z running 0 tests
2026-10-08T03:39:32.8882706Z 
2026-10-08T03:39:32.8882999Z test result: ok. 0 passed; 0 failed; 0 ignored; 0 measured; 0 filtered out; finished in 0.00s
2026-10-08T03:39:32.8883353Z 
2026-10-08T03:39:32.8904187Z [1m[92m   Doc-tests[0m hydrus_net
2026-10-08T03:39:32.9680694Z 
2026-10-08T03:39:32.9681174Z running 0 tests
2026-10-08T03:39:32.9681372Z 
2026-10-08T03:39:32.9681702Z test result: ok. 0 passed; 0 failed; 0 ignored; 0 measured; 0 filtered out; finished in 0.00s
2026-10-08T03:39:32.9682062Z 
2026-10-08T03:39:32.9700890Z [1m[92m   Doc-tests[0m hydrus_search
2026-10-08T03:39:33.0825585Z 
2026-10-08T03:39:33.0826169Z running 0 tests
2026-10-08T03:39:33.0826370Z 
2026-10-08T03:39:33.0826655Z test result: ok. 0 passed; 0 failed; 0 ignored; 0 measured; 0 filtered out; finished in 0.00s
2026-10-08T03:39:33.0827023Z 
2026-10-08T03:39:33.0841730Z [1m[92m   Doc-tests[0m hydrus_store
2026-10-08T03:39:33.7897484Z 
2026-10-08T03:39:33.7897995Z running 0 tests
2026-10-08T03:39:33.7898197Z 
2026-10-08T03:39:33.7898482Z test result: ok. 0 passed; 0 failed; 0 ignored; 0 measured; 0 filtered out; finished in 0.00s
2026-10-08T03:39:33.7898843Z 
2026-10-08T03:39:33.8061469Z Post job cleanup.
2026-10-08T03:39:33.9311907Z Cache up-to-date.
2026-10-08T03:39:33.9453932Z Post job cleanup.
2026-10-08T03:39:34.0257509Z [command]/usr/bin/git version
2026-10-08T03:39:34.0294142Z git version 2.55.0
2026-10-08T03:39:34.0332717Z Temporarily overriding HOME='/home/runner/work/_temp/9a5a5fd9-3f8f-4466-bbb5-2248fc7c8632' before making global git config changes
2026-10-08T03:39:34.0334505Z Adding repository directory to the temporary git global config as a safe directory
2026-10-08T03:39:34.0339291Z [command]/usr/bin/git config --global --add safe.directory /home/runner/work/hydrus-mine/hydrus-mine
2026-10-08T03:39:34.0376076Z [command]/usr/bin/git config --local --name-only --get-regexp core\.sshCommand
2026-10-08T03:39:34.0409238Z [command]/usr/bin/git submodule foreach --recursive sh -c "git config --local --name-only --get-regexp 'core\.sshCommand' && git config --local --unset-all 'core.sshCommand' || :"
2026-10-08T03:39:34.0637481Z [command]/usr/bin/git config --local --name-only --get-regexp http\.https\:\/\/github\.com\/\.extraheader
2026-10-08T03:39:34.0664006Z http.https://github.com/.extraheader
2026-10-08T03:39:34.0674626Z [command]/usr/bin/git config --local --unset-all http.https://github.com/.extraheader
2026-10-08T03:39:34.0705368Z [command]/usr/bin/git submodule foreach --recursive sh -c "git config --local --name-only --get-regexp 'http\.https\:\/\/github\.com\/\.extraheader' && git config --local --unset-all 'http.https://github.com/.extraheader' || :"
2026-10-08T03:39:34.0956280Z [command]/usr/bin/git config --local --name-only --get-regexp ^includeIf\.gitdir:
2026-10-08T03:39:34.0986339Z [command]/usr/bin/git submodule foreach --recursive git config --local --show-origin --name-only --get-regexp remote.origin.url
2026-10-08T03:39:34.1386584Z Cleaning up orphan processes
2026-10-08T03:39:34.1700892Z ##[warning]Node.js 20 is deprecated. The following actions target Node.js 20 but are being forced to run on Node.js 24: actions/checkout@v4. For more information see: https://github.blog/changelog/2025-09-19-deprecation-of-node-20-on-github-actions-runners/

