2026-10-07T17:57:06.7276836Z Current runner version: '2.337.0'
2026-10-07T17:57:06.7301009Z ##[group]Runner Image Provisioner
2026-10-07T17:57:06.7302293Z Hosted Compute Agent
2026-10-07T17:57:06.7302934Z Version: 20261002.596
2026-10-07T17:57:06.7303714Z Commit: c3d12f3313a95f25162a1503be624f3b0617f8c0
2026-10-07T17:57:06.7304542Z Build Date: 2026-10-02T22:28:27Z
2026-10-07T17:57:06.7305322Z Worker ID: {48636e9e-caee-4f7e-b79a-a027ea9b643a}
2026-10-07T17:57:06.7306086Z Region: westus
2026-10-07T17:57:06.7306625Z Cloud: Azure
2026-10-07T17:57:06.7307251Z ##[endgroup]
2026-10-07T17:57:06.7308741Z ##[group]Operating System
2026-10-07T17:57:06.7309493Z Ubuntu
2026-10-07T17:57:06.7310073Z 24.04.5
2026-10-07T17:57:06.7310600Z LTS
2026-10-07T17:57:06.7311190Z ##[endgroup]
2026-10-07T17:57:06.7311808Z ##[group]Runner Image
2026-10-07T17:57:06.7312829Z Image: ubuntu-24.04
2026-10-07T17:57:06.7313464Z Version: 20261004.327.1
2026-10-07T17:57:06.7314812Z Included Software: https://github.com/actions/runner-images/blob/ubuntu24/20261004.327/images/ubuntu/Ubuntu2404-Readme.md
2026-10-07T17:57:06.7316501Z Image Release: https://github.com/actions/runner-images/releases/tag/ubuntu24%2F20261004.327
2026-10-07T17:57:06.7317557Z ##[endgroup]
2026-10-07T17:57:06.7318799Z ##[group]GITHUB_TOKEN Permissions
2026-10-07T17:57:06.7320834Z Contents: read
2026-10-07T17:57:06.7321476Z Metadata: read
2026-10-07T17:57:06.7322361Z Packages: read
2026-10-07T17:57:06.7323098Z ##[endgroup]
2026-10-07T17:57:06.7325514Z Secret source: Actions
2026-10-07T17:57:06.7326608Z Cache mode: write
2026-10-07T17:57:06.7327312Z Prepare workflow directory
2026-10-07T17:57:06.7727997Z Prepare all required actions
2026-10-07T17:57:06.7775984Z Getting action download info
2026-10-07T17:57:07.2482335Z Download action repository 'actions/checkout@v4' (SHA:11d5960a326750d5838078e36cf38b85af677262)
2026-10-07T17:57:07.3447534Z Download action repository 'dtolnay/rust-toolchain@master' (SHA:7e38f4b43b4db5c8dd498af069a4f6196df1d067)
2026-10-07T17:57:07.5579706Z Download action repository 'Swatinem/rust-cache@v2' (SHA:6323deb102c322ba6fcbdcafc7e3dddab59af2b6)
2026-10-07T17:57:08.0254744Z Download action repository 'actions/cache@v4' (SHA:0057852bfaa89a56745cba8c7296529d2fc39830)
2026-10-07T17:57:08.1241587Z Download action repository 'actions/upload-artifact@v4' (SHA:ea165f8d65b6e75b540449e92b4886f43607fa02)
2026-10-07T17:57:08.4483370Z Complete job name: check
2026-10-07T17:57:08.5578445Z ##[group]Run actions/checkout@v4
2026-10-07T17:57:08.5579832Z with:
2026-10-07T17:57:08.5580715Z   repository: jkendall327/hydrus-mine
2026-10-07T17:57:08.5589988Z   token: ***
2026-10-07T17:57:08.5590847Z   ssh-strict: true
2026-10-07T17:57:08.5591711Z   ssh-user: git
2026-10-07T17:57:08.5592809Z   persist-credentials: true
2026-10-07T17:57:08.5593777Z   clean: true
2026-10-07T17:57:08.5594658Z   sparse-checkout-cone-mode: true
2026-10-07T17:57:08.5595688Z   fetch-depth: 1
2026-10-07T17:57:08.5596544Z   fetch-tags: false
2026-10-07T17:57:08.5597423Z   show-progress: true
2026-10-07T17:57:08.5598314Z   lfs: false
2026-10-07T17:57:08.5599152Z   submodules: false
2026-10-07T17:57:08.5600044Z   set-safe-directory: true
2026-10-07T17:57:08.5601052Z   allow-unsafe-pr-checkout: false
2026-10-07T17:57:08.5602606Z env:
2026-10-07T17:57:08.5603442Z   CARGO_TERM_COLOR: always
2026-10-07T17:57:08.5604417Z   RUSTFLAGS: -D warnings
2026-10-07T17:57:08.5605339Z ##[endgroup]
2026-10-07T17:57:08.6612510Z Syncing repository: jkendall327/hydrus-mine
2026-10-07T17:57:08.6615375Z ##[group]Getting Git version info
2026-10-07T17:57:08.6616797Z Working directory is '/home/runner/work/hydrus-mine/hydrus-mine'
2026-10-07T17:57:08.6618794Z [command]/usr/bin/git version
2026-10-07T17:57:08.6695143Z git version 2.55.0
2026-10-07T17:57:08.6716187Z ##[endgroup]
2026-10-07T17:57:08.6730209Z Temporarily overriding HOME='/home/runner/work/_temp/1c347aa0-f827-4502-9795-fab4a82f8a94' before making global git config changes
2026-10-07T17:57:08.6733447Z Adding repository directory to the temporary git global config as a safe directory
2026-10-07T17:57:08.6737362Z [command]/usr/bin/git config --global --add safe.directory /home/runner/work/hydrus-mine/hydrus-mine
2026-10-07T17:57:08.6788835Z Deleting the contents of '/home/runner/work/hydrus-mine/hydrus-mine'
2026-10-07T17:57:08.6795589Z ##[group]Initializing the repository
2026-10-07T17:57:08.6800285Z [command]/usr/bin/git init /home/runner/work/hydrus-mine/hydrus-mine
2026-10-07T17:57:08.6923061Z hint: Using 'master' as the name for the initial branch. This default branch name
2026-10-07T17:57:08.6925527Z hint: will change to "main" in Git 3.0. To configure the initial branch name
2026-10-07T17:57:08.6928612Z hint: to use in all of your new repositories, which will suppress this warning,
2026-10-07T17:57:08.6930143Z hint: call:
2026-10-07T17:57:08.6930934Z hint:
2026-10-07T17:57:08.6932249Z hint: 	git config --global init.defaultBranch <name>
2026-10-07T17:57:08.6933942Z hint:
2026-10-07T17:57:08.6935161Z hint: Names commonly chosen instead of 'master' are 'main', 'trunk' and
2026-10-07T17:57:08.6937849Z hint: 'development'. The just-created branch can be renamed via this command:
2026-10-07T17:57:08.6939369Z hint:
2026-10-07T17:57:08.6940196Z hint: 	git branch -m <name>
2026-10-07T17:57:08.6941182Z hint:
2026-10-07T17:57:08.6943126Z hint: Disable this message with "git config set advice.defaultBranchName false"
2026-10-07T17:57:08.6945300Z Initialized empty Git repository in /home/runner/work/hydrus-mine/hydrus-mine/.git/
2026-10-07T17:57:08.6948526Z [command]/usr/bin/git remote add origin https://github.com/jkendall327/hydrus-mine
2026-10-07T17:57:08.7005315Z ##[endgroup]
2026-10-07T17:57:08.7006890Z ##[group]Disabling automatic garbage collection
2026-10-07T17:57:08.7010609Z [command]/usr/bin/git config --local gc.auto 0
2026-10-07T17:57:08.7044345Z ##[endgroup]
2026-10-07T17:57:08.7054406Z ##[group]Setting up auth
2026-10-07T17:57:08.7055900Z [command]/usr/bin/git config --local --name-only --get-regexp core\.sshCommand
2026-10-07T17:57:08.7089651Z [command]/usr/bin/git submodule foreach --recursive sh -c "git config --local --name-only --get-regexp 'core\.sshCommand' && git config --local --unset-all 'core.sshCommand' || :"
2026-10-07T17:57:08.7459913Z [command]/usr/bin/git config --local --name-only --get-regexp http\.https\:\/\/github\.com\/\.extraheader
2026-10-07T17:57:08.7489906Z [command]/usr/bin/git submodule foreach --recursive sh -c "git config --local --name-only --get-regexp 'http\.https\:\/\/github\.com\/\.extraheader' && git config --local --unset-all 'http.https://github.com/.extraheader' || :"
2026-10-07T17:57:08.7703152Z [command]/usr/bin/git config --local --name-only --get-regexp ^includeIf\.gitdir:
2026-10-07T17:57:08.7734253Z [command]/usr/bin/git submodule foreach --recursive git config --local --show-origin --name-only --get-regexp remote.origin.url
2026-10-07T17:57:08.7978697Z [command]/usr/bin/git config --local http.https://github.com/.extraheader AUTHORIZATION: basic ***
2026-10-07T17:57:08.8023782Z ##[endgroup]
2026-10-07T17:57:08.8025451Z ##[group]Fetching the repository
2026-10-07T17:57:08.8037923Z [command]/usr/bin/git -c protocol.version=2 fetch --no-tags --prune --no-recurse-submodules --depth=1 origin +e4c2439eccc77508fd8446a5c8ee6dee040e6161:refs/remotes/origin/codex/validation-runner
2026-10-07T17:57:24.2905902Z From https://github.com/jkendall327/hydrus-mine
2026-10-07T17:57:24.2906683Z  * [new ref]         e4c2439eccc77508fd8446a5c8ee6dee040e6161 -> origin/codex/validation-runner
2026-10-07T17:57:24.2910174Z ##[endgroup]
2026-10-07T17:57:24.2910665Z ##[group]Determining the checkout info
2026-10-07T17:57:24.2912648Z ##[endgroup]
2026-10-07T17:57:24.2917819Z [command]/usr/bin/git sparse-checkout disable
2026-10-07T17:57:24.2967054Z [command]/usr/bin/git config --local --unset-all extensions.worktreeConfig
2026-10-07T17:57:24.2992954Z ##[group]Checking out the ref
2026-10-07T17:57:24.2997185Z [command]/usr/bin/git checkout --progress --force -B codex/validation-runner refs/remotes/origin/codex/validation-runner
2026-10-07T17:57:25.3164811Z Updating files:  83% (4773/5744)
2026-10-07T17:57:25.3228228Z Updating files:  84% (4825/5744)
2026-10-07T17:57:25.3263300Z Updating files:  85% (4883/5744)
2026-10-07T17:57:25.3381596Z Updating files:  86% (4940/5744)
2026-10-07T17:57:25.3475826Z Updating files:  87% (4998/5744)
2026-10-07T17:57:25.3516637Z Updating files:  88% (5055/5744)
2026-10-07T17:57:25.3556714Z Updating files:  89% (5113/5744)
2026-10-07T17:57:25.3596347Z Updating files:  90% (5170/5744)
2026-10-07T17:57:25.3634816Z Updating files:  91% (5228/5744)
2026-10-07T17:57:25.3675112Z Updating files:  92% (5285/5744)
2026-10-07T17:57:25.3725600Z Updating files:  93% (5342/5744)
2026-10-07T17:57:25.4005617Z Updating files:  94% (5400/5744)
2026-10-07T17:57:25.4312022Z Updating files:  95% (5457/5744)
2026-10-07T17:57:25.4362146Z Updating files:  96% (5515/5744)
2026-10-07T17:57:25.4392693Z Updating files:  97% (5572/5744)
2026-10-07T17:57:25.4419829Z Updating files:  98% (5630/5744)
2026-10-07T17:57:25.4510155Z Updating files:  99% (5687/5744)
2026-10-07T17:57:25.4510872Z Updating files: 100% (5744/5744)
2026-10-07T17:57:25.4511612Z Updating files: 100% (5744/5744), done.
2026-10-07T17:57:25.4578513Z Switched to a new branch 'codex/validation-runner'
2026-10-07T17:57:25.4585937Z branch 'codex/validation-runner' set up to track 'origin/codex/validation-runner'.
2026-10-07T17:57:25.4648008Z ##[endgroup]
2026-10-07T17:57:25.4699710Z [command]/usr/bin/git log -1 --format=%H
2026-10-07T17:57:25.4724867Z e4c2439eccc77508fd8446a5c8ee6dee040e6161
2026-10-07T17:57:25.5098595Z ##[group]Run dtolnay/rust-toolchain@master
2026-10-07T17:57:25.5098915Z with:
2026-10-07T17:57:25.5099107Z   toolchain: 1.94
2026-10-07T17:57:25.5099333Z   components: rustfmt, clippy
2026-10-07T17:57:25.5099566Z env:
2026-10-07T17:57:25.5099749Z   CARGO_TERM_COLOR: always
2026-10-07T17:57:25.5099980Z   RUSTFLAGS: -D warnings
2026-10-07T17:57:25.5100202Z ##[endgroup]
2026-10-07T17:57:25.5163157Z ##[start-action display=Parse toolchain version;id=__dtolnay_rust-toolchain.parse]
2026-10-07T17:57:25.5218352Z ##[group]Run if [[ -z $toolchain ]]; then
2026-10-07T17:57:25.5218761Z [36;1mif [[ -z $toolchain ]]; then[0m
2026-10-07T17:57:25.5219313Z [36;1m  # GitHub does not enforce `required: true` inputs itself. https://github.com/actions/runner/issues/1070[0m
2026-10-07T17:57:25.5219883Z [36;1m  echo "'toolchain' is a required input" >&2[0m
2026-10-07T17:57:25.5220175Z [36;1m  exit 1[0m
2026-10-07T17:57:25.5220543Z [36;1melif [[ $toolchain =~ ^stable' '[0-9]+' '(year|month|week|day)s?' 'ago$ ]]; then[0m
2026-10-07T17:57:25.5220959Z [36;1m  if [[ Linux == macOS ]]; then[0m
2026-10-07T17:57:25.5221504Z [36;1m    echo "toolchain=1.$((($(date -v-$(sed 's/stable \([0-9]*\) \(.\).*/\1\2/' <<< $toolchain) +%s)/60/60/24-16569)/7/6))" >> $GITHUB_OUTPUT[0m
2026-10-07T17:57:25.5222414Z [36;1m  else[0m
2026-10-07T17:57:25.5222946Z [36;1m    echo "toolchain=1.$((($(date --date "${toolchain#stable }" +%s)/60/60/24-16569)/7/6))" >> $GITHUB_OUTPUT[0m
2026-10-07T17:57:25.5223413Z [36;1m  fi[0m
2026-10-07T17:57:25.5223712Z [36;1melif [[ $toolchain =~ ^stable' 'minus' '[0-9]+' 'releases?$ ]]; then[0m
2026-10-07T17:57:25.5224265Z [36;1m  echo "toolchain=1.$((($(date +%s)/60/60/24-16569)/7/6-${toolchain//[^0-9]/}))" >> $GITHUB_OUTPUT[0m
2026-10-07T17:57:25.5224724Z [36;1melif [[ $toolchain =~ ^1\.[0-9]+$ ]]; then[0m
2026-10-07T17:57:25.5225244Z [36;1m  echo "toolchain=1.$((i=${toolchain#1.}, c=($(date +%s)/60/60/24-16569)/7/6, i+9*i*(10*i<=c)+90*i*(100*i<=c)))" >> $GITHUB_OUTPUT[0m
2026-10-07T17:57:25.5225740Z [36;1melse[0m
2026-10-07T17:57:25.5225992Z [36;1m  echo "toolchain=$toolchain" >> $GITHUB_OUTPUT[0m
2026-10-07T17:57:25.5226292Z [36;1mfi[0m
2026-10-07T17:57:25.5506970Z shell: /usr/bin/bash --noprofile --norc -e -o pipefail {0}
2026-10-07T17:57:25.5507387Z env:
2026-10-07T17:57:25.5507612Z   CARGO_TERM_COLOR: always
2026-10-07T17:57:25.5507902Z   RUSTFLAGS: -D warnings
2026-10-07T17:57:25.5508163Z   toolchain: 1.94
2026-10-07T17:57:25.5508397Z ##[endgroup]
2026-10-07T17:57:25.5659011Z ##[end-action id=__dtolnay_rust-toolchain.parse;outcome=success;conclusion=success;duration_ms=49]
2026-10-07T17:57:25.5672136Z ##[start-action display=Construct rustup command line;id=__dtolnay_rust-toolchain.flags]
2026-10-07T17:57:25.5701698Z ##[group]Run echo "targets=$(for t in ${targets//,/ }; do echo -n ' --target' $t; done)" >> $GITHUB_OUTPUT
2026-10-07T17:57:25.5702684Z [36;1mecho "targets=$(for t in ${targets//,/ }; do echo -n ' --target' $t; done)" >> $GITHUB_OUTPUT[0m
2026-10-07T17:57:25.5703327Z [36;1mecho "components=$(for c in ${components//,/ }; do echo -n ' --component' $c; done)" >> $GITHUB_OUTPUT[0m
2026-10-07T17:57:25.5703814Z [36;1mecho "downgrade=" >> $GITHUB_OUTPUT[0m
2026-10-07T17:57:25.5765942Z shell: /usr/bin/bash --noprofile --norc -e -o pipefail {0}
2026-10-07T17:57:25.5766293Z env:
2026-10-07T17:57:25.5766489Z   CARGO_TERM_COLOR: always
2026-10-07T17:57:25.5766732Z   RUSTFLAGS: -D warnings
2026-10-07T17:57:25.5766955Z   targets: 
2026-10-07T17:57:25.5767157Z   components: rustfmt, clippy
2026-10-07T17:57:25.5767403Z ##[endgroup]
2026-10-07T17:57:25.5867961Z ##[end-action id=__dtolnay_rust-toolchain.flags;outcome=success;conclusion=success;duration_ms=19]
2026-10-07T17:57:25.5870285Z ##[start-action display=Set $CARGO_HOME;id=__dtolnay_rust-toolchain.__run]
2026-10-07T17:57:25.5919146Z ##[group]Run echo CARGO_HOME=${CARGO_HOME:-"$HOME/.cargo"} >> $GITHUB_ENV
2026-10-07T17:57:25.5919627Z [36;1mecho CARGO_HOME=${CARGO_HOME:-"$HOME/.cargo"} >> $GITHUB_ENV[0m
2026-10-07T17:57:25.5984992Z shell: /usr/bin/bash --noprofile --norc -e -o pipefail {0}
2026-10-07T17:57:25.5985362Z env:
2026-10-07T17:57:25.5985622Z   CARGO_TERM_COLOR: always
2026-10-07T17:57:25.5985910Z   RUSTFLAGS: -D warnings
2026-10-07T17:57:25.5986146Z ##[endgroup]
2026-10-07T17:57:25.6078416Z ##[end-action id=__dtolnay_rust-toolchain.__run;outcome=success;conclusion=success;duration_ms=20]
2026-10-07T17:57:25.6080575Z ##[start-action display=Install rustup if needed;id=__dtolnay_rust-toolchain.__run_2]
2026-10-07T17:57:25.6108102Z ##[group]Run if ! command -v rustup &>/dev/null; then
2026-10-07T17:57:25.6108502Z [36;1mif ! command -v rustup &>/dev/null; then[0m
2026-10-07T17:57:25.6109258Z [36;1m  curl --proto '=https' --tlsv1.2 --retry 10 --retry-connrefused --location --silent --show-error --fail https://sh.rustup.rs | sh -s -- --default-toolchain none -y[0m
2026-10-07T17:57:25.6110171Z [36;1m  echo "$CARGO_HOME/bin" >> $GITHUB_PATH[0m
2026-10-07T17:57:25.6110447Z [36;1mfi[0m
2026-10-07T17:57:25.6172829Z shell: /usr/bin/bash --noprofile --norc -e -o pipefail {0}
2026-10-07T17:57:25.6173179Z env:
2026-10-07T17:57:25.6173376Z   CARGO_TERM_COLOR: always
2026-10-07T17:57:25.6173617Z   RUSTFLAGS: -D warnings
2026-10-07T17:57:25.6173853Z   CARGO_HOME: /home/runner/.cargo
2026-10-07T17:57:25.6174107Z ##[endgroup]
2026-10-07T17:57:25.6263193Z ##[end-action id=__dtolnay_rust-toolchain.__run_2;outcome=success;conclusion=success;duration_ms=18]
2026-10-07T17:57:25.6265510Z ##[start-action display=Install rustup if needed on windows;id=__dtolnay_rust-toolchain.__run_3]
2026-10-07T17:57:25.6271756Z ##[end-action id=__dtolnay_rust-toolchain.__run_3;outcome=skipped;conclusion=skipped;duration_ms=0]
2026-10-07T17:57:25.6282554Z ##[start-action display=rustup toolchain install 1.94;id=__dtolnay_rust-toolchain.__run_4]
2026-10-07T17:57:25.6303251Z ##[group]Run log=$(mktemp)
2026-10-07T17:57:25.6303511Z [36;1mlog=$(mktemp)[0m
2026-10-07T17:57:25.6303742Z [36;1mtrap 'rm -f "$log"' EXIT[0m
2026-10-07T17:57:25.6304014Z [36;1mfor attempt in 1 2 3 4 5; do[0m
2026-10-07T17:57:25.6304669Z [36;1m  if rustup toolchain install 1.94 --component rustfmt --component clippy --profile minimal --no-self-update --force-non-host 2>&1 | tee "$log"; then[0m
2026-10-07T17:57:25.6305331Z [36;1m    break[0m
2026-10-07T17:57:25.6305534Z [36;1m  else[0m
2026-10-07T17:57:25.6305729Z [36;1m    status=$?[0m
2026-10-07T17:57:25.6305937Z [36;1m  fi[0m
2026-10-07T17:57:25.6306228Z [36;1m  if [[ $attempt == 5 ]] || ! grep -Fq 'checksum failed for ' "$log" \[0m
2026-10-07T17:57:25.6306956Z [36;1m      || ! grep -Fq 'this is likely due to an ongoing update of the official release server' "$log"; then[0m
2026-10-07T17:57:25.6307423Z [36;1m    exit "$status"[0m
2026-10-07T17:57:25.6307645Z [36;1m  fi[0m
2026-10-07T17:57:25.6308002Z [36;1m  echo "Retrying rustup toolchain install in 30 seconds (retry $attempt of 4)" >&2[0m
2026-10-07T17:57:25.6308433Z [36;1m  sleep 30[0m
2026-10-07T17:57:25.6308636Z [36;1mdone[0m
2026-10-07T17:57:25.6370820Z shell: /usr/bin/bash --noprofile --norc -e -o pipefail {0}
2026-10-07T17:57:25.6371176Z env:
2026-10-07T17:57:25.6371374Z   CARGO_TERM_COLOR: always
2026-10-07T17:57:25.6371614Z   RUSTFLAGS: -D warnings
2026-10-07T17:57:25.6372133Z   CARGO_HOME: /home/runner/.cargo
2026-10-07T17:57:25.6372405Z   RUSTUP_PERMIT_COPY_RENAME: 1
2026-10-07T17:57:25.6372646Z ##[endgroup]
2026-10-07T17:57:25.6986969Z info: syncing channel updates for 1.94-x86_64-unknown-linux-gnu
2026-10-07T17:57:25.8023160Z info: latest update on 2026-03-26 for version 1.94.1 (e408947bf 2026-03-25)
2026-10-07T17:57:25.8024104Z info: downloading 5 components
2026-10-07T17:57:33.5591783Z 
2026-10-07T17:57:33.5662098Z   1.94-x86_64-unknown-linux-gnu installed - rustc 1.94.1 (e408947bf 2026-03-25)
2026-10-07T17:57:33.5662659Z 
2026-10-07T17:57:33.5734855Z ##[end-action id=__dtolnay_rust-toolchain.__run_4;outcome=success;conclusion=success;duration_ms=7945]
2026-10-07T17:57:33.5743324Z ##[start-action display=rustup default 1.94;id=__dtolnay_rust-toolchain.__run_5]
2026-10-07T17:57:33.5761468Z ##[group]Run rustup default 1.94 --force-non-host
2026-10-07T17:57:33.5761837Z [36;1mrustup default 1.94 --force-non-host[0m
2026-10-07T17:57:33.5822304Z shell: /usr/bin/bash --noprofile --norc -e -o pipefail {0}
2026-10-07T17:57:33.5822649Z env:
2026-10-07T17:57:33.5822838Z   CARGO_TERM_COLOR: always
2026-10-07T17:57:33.5823079Z   RUSTFLAGS: -D warnings
2026-10-07T17:57:33.5823312Z   CARGO_HOME: /home/runner/.cargo
2026-10-07T17:57:33.5823551Z ##[endgroup]
2026-10-07T17:57:33.5938047Z info: using existing install for 1.94-x86_64-unknown-linux-gnu
2026-10-07T17:57:33.5945639Z info: default toolchain set to 1.94-x86_64-unknown-linux-gnu
2026-10-07T17:57:33.5946154Z 
2026-10-07T17:57:33.6013289Z   1.94-x86_64-unknown-linux-gnu unchanged - rustc 1.94.1 (e408947bf 2026-03-25)
2026-10-07T17:57:33.6013752Z 
2026-10-07T17:57:33.6016643Z info: note that the toolchain '1.94-x86_64-unknown-linux-gnu' is currently in use (overridden by '/home/runner/work/hydrus-mine/hydrus-mine/rust-toolchain.toml')
2026-10-07T17:57:33.6029435Z ##[end-action id=__dtolnay_rust-toolchain.__run_5;outcome=success;conclusion=success;duration_ms=28]
2026-10-07T17:57:33.6032286Z ##[start-action display=Create cachekey;id=__dtolnay_rust-toolchain.rustc-version]
2026-10-07T17:57:33.6051453Z ##[group]Run DATE=$(rustc +1.94 --version --verbose | sed -ne 's/^commit-date: \(20[0-9][0-9]\)-\([01][0-9]\)-\([0-3][0-9]\)$/\1\2\3/p')
2026-10-07T17:57:33.6052526Z [36;1mDATE=$(rustc +1.94 --version --verbose | sed -ne 's/^commit-date: \(20[0-9][0-9]\)-\([01][0-9]\)-\([0-3][0-9]\)$/\1\2\3/p')[0m
2026-10-07T17:57:33.6053172Z [36;1mHASH=$(rustc +1.94 --version --verbose | sed -ne 's/^commit-hash: //p')[0m
2026-10-07T17:57:33.6053647Z [36;1mecho "cachekey=$(echo $DATE$HASH | head -c12)" >> $GITHUB_OUTPUT[0m
2026-10-07T17:57:33.6110467Z shell: /usr/bin/bash --noprofile --norc -e -o pipefail {0}
2026-10-07T17:57:33.6110797Z env:
2026-10-07T17:57:33.6110987Z   CARGO_TERM_COLOR: always
2026-10-07T17:57:33.6111224Z   RUSTFLAGS: -D warnings
2026-10-07T17:57:33.6111454Z   CARGO_HOME: /home/runner/.cargo
2026-10-07T17:57:33.6111692Z ##[endgroup]
2026-10-07T17:57:33.6439779Z ##[end-action id=__dtolnay_rust-toolchain.rustc-version;outcome=success;conclusion=success;duration_ms=40]
2026-10-07T17:57:33.6442702Z ##[start-action display=Disable incremental compilation;id=__dtolnay_rust-toolchain.__run_6]
2026-10-07T17:57:33.6460337Z ##[group]Run if [ -z "${CARGO_INCREMENTAL+set}" ]; then
2026-10-07T17:57:33.6460717Z [36;1mif [ -z "${CARGO_INCREMENTAL+set}" ]; then[0m
2026-10-07T17:57:33.6461218Z [36;1m  echo CARGO_INCREMENTAL=0 >> $GITHUB_ENV[0m
2026-10-07T17:57:33.6461505Z [36;1mfi[0m
2026-10-07T17:57:33.6521595Z shell: /usr/bin/bash --noprofile --norc -e -o pipefail {0}
2026-10-07T17:57:33.6522185Z env:
2026-10-07T17:57:33.6522383Z   CARGO_TERM_COLOR: always
2026-10-07T17:57:33.6522618Z   RUSTFLAGS: -D warnings
2026-10-07T17:57:33.6522849Z   CARGO_HOME: /home/runner/.cargo
2026-10-07T17:57:33.6523104Z ##[endgroup]
2026-10-07T17:57:33.6605406Z ##[end-action id=__dtolnay_rust-toolchain.__run_6;outcome=success;conclusion=success;duration_ms=16]
2026-10-07T17:57:33.6607450Z ##[start-action display=Enable colors in Cargo output;id=__dtolnay_rust-toolchain.__run_7]
2026-10-07T17:57:33.6624567Z ##[group]Run if [ -z "${CARGO_TERM_COLOR+set}" ]; then
2026-10-07T17:57:33.6624924Z [36;1mif [ -z "${CARGO_TERM_COLOR+set}" ]; then[0m
2026-10-07T17:57:33.6625256Z [36;1m  echo CARGO_TERM_COLOR=always >> $GITHUB_ENV[0m
2026-10-07T17:57:33.6625539Z [36;1mfi[0m
2026-10-07T17:57:33.6680790Z shell: /usr/bin/bash --noprofile --norc -e -o pipefail {0}
2026-10-07T17:57:33.6681121Z env:
2026-10-07T17:57:33.6681309Z   CARGO_TERM_COLOR: always
2026-10-07T17:57:33.6681536Z   RUSTFLAGS: -D warnings
2026-10-07T17:57:33.6681766Z   CARGO_HOME: /home/runner/.cargo
2026-10-07T17:57:33.6682173Z   CARGO_INCREMENTAL: 0
2026-10-07T17:57:33.6682389Z ##[endgroup]
2026-10-07T17:57:33.6760009Z ##[end-action id=__dtolnay_rust-toolchain.__run_7;outcome=success;conclusion=success;duration_ms=15]
2026-10-07T17:57:33.6762368Z ##[start-action display=Enable Cargo sparse registry;id=__dtolnay_rust-toolchain.__run_8]
2026-10-07T17:57:33.6780226Z ##[group]Run # implemented in 1.66, stabilized in 1.68, made default in 1.70
2026-10-07T17:57:33.6780733Z [36;1m# implemented in 1.66, stabilized in 1.68, made default in 1.70[0m
2026-10-07T17:57:33.6781432Z [36;1mif [ -z "${CARGO_REGISTRIES_CRATES_IO_PROTOCOL+set}" -o -f "/home/runner/work/_temp"/.implicit_cargo_registries_crates_io_protocol ]; then[0m
2026-10-07T17:57:33.6782406Z [36;1m  if rustc +1.94 --version --verbose | grep -q '^release: 1\.6[89]\.'; then[0m
2026-10-07T17:57:33.6782964Z [36;1m    touch "/home/runner/work/_temp"/.implicit_cargo_registries_crates_io_protocol || true[0m
2026-10-07T17:57:33.6783503Z [36;1m    echo CARGO_REGISTRIES_CRATES_IO_PROTOCOL=sparse >> $GITHUB_ENV[0m
2026-10-07T17:57:33.6783981Z [36;1m  elif rustc +1.94 --version --verbose | grep -q '^release: 1\.6[67]\.'; then[0m
2026-10-07T17:57:33.6784534Z [36;1m    touch "/home/runner/work/_temp"/.implicit_cargo_registries_crates_io_protocol || true[0m
2026-10-07T17:57:33.6785055Z [36;1m    echo CARGO_REGISTRIES_CRATES_IO_PROTOCOL=git >> $GITHUB_ENV[0m
2026-10-07T17:57:33.6785394Z [36;1m  fi[0m
2026-10-07T17:57:33.6785575Z [36;1mfi[0m
2026-10-07T17:57:33.6839774Z shell: /usr/bin/bash --noprofile --norc -e -o pipefail {0}
2026-10-07T17:57:33.6840113Z env:
2026-10-07T17:57:33.6840305Z   CARGO_TERM_COLOR: always
2026-10-07T17:57:33.6840538Z   RUSTFLAGS: -D warnings
2026-10-07T17:57:33.6840783Z   CARGO_HOME: /home/runner/.cargo
2026-10-07T17:57:33.6841019Z   CARGO_INCREMENTAL: 0
2026-10-07T17:57:33.6841222Z ##[endgroup]
2026-10-07T17:57:33.7142455Z ##[end-action id=__dtolnay_rust-toolchain.__run_8;outcome=success;conclusion=success;duration_ms=37]
2026-10-07T17:57:33.7144894Z ##[start-action display=Work around spurious network errors in curl 8.0;id=__dtolnay_rust-toolchain.__run_9]
2026-10-07T17:57:33.7163748Z ##[group]Run # https://rust-lang.zulipchat.com/#narrow/stream/246057-t-cargo/topic/timeout.20investigation
2026-10-07T17:57:33.7164539Z [36;1m# https://rust-lang.zulipchat.com/#narrow/stream/246057-t-cargo/topic/timeout.20investigation[0m
2026-10-07T17:57:33.7165139Z [36;1mif rustc +1.94 --version --verbose | grep -q '^release: 1\.7[01]\.'; then[0m
2026-10-07T17:57:33.7165582Z [36;1m  echo CARGO_HTTP_MULTIPLEXING=false >> $GITHUB_ENV[0m
2026-10-07T17:57:33.7165896Z [36;1mfi[0m
2026-10-07T17:57:33.7222630Z shell: /usr/bin/bash --noprofile --norc -e -o pipefail {0}
2026-10-07T17:57:33.7223161Z env:
2026-10-07T17:57:33.7223362Z   CARGO_TERM_COLOR: always
2026-10-07T17:57:33.7223607Z   RUSTFLAGS: -D warnings
2026-10-07T17:57:33.7223849Z   CARGO_HOME: /home/runner/.cargo
2026-10-07T17:57:33.7224117Z   CARGO_INCREMENTAL: 0
2026-10-07T17:57:33.7224333Z ##[endgroup]
2026-10-07T17:57:33.7416596Z ##[end-action id=__dtolnay_rust-toolchain.__run_9;outcome=success;conclusion=success;duration_ms=27]
2026-10-07T17:57:33.7437976Z ##[start-action display=rustc +1.94 --version --verbose;id=__dtolnay_rust-toolchain.__run_10]
2026-10-07T17:57:33.7455732Z ##[group]Run rustc +1.94 --version --verbose
2026-10-07T17:57:33.7456044Z [36;1mrustc +1.94 --version --verbose[0m
2026-10-07T17:57:33.7511299Z shell: /usr/bin/bash --noprofile --norc -e -o pipefail {0}
2026-10-07T17:57:33.7511646Z env:
2026-10-07T17:57:33.7512040Z   CARGO_TERM_COLOR: always
2026-10-07T17:57:33.7512298Z   RUSTFLAGS: -D warnings
2026-10-07T17:57:33.7512611Z   CARGO_HOME: /home/runner/.cargo
2026-10-07T17:57:33.7512930Z   CARGO_INCREMENTAL: 0
2026-10-07T17:57:33.7513223Z ##[endgroup]
2026-10-07T17:57:33.7701768Z rustc 1.94.1 (e408947bf 2026-03-25)
2026-10-07T17:57:33.7702619Z binary: rustc
2026-10-07T17:57:33.7703168Z commit-hash: e408947bfd200af42db322daf0fadfe7e26d3bd1
2026-10-07T17:57:33.7703821Z commit-date: 2026-03-25
2026-10-07T17:57:33.7704325Z host: x86_64-unknown-linux-gnu
2026-10-07T17:57:33.7704873Z release: 1.94.1
2026-10-07T17:57:33.7705228Z LLVM version: 21.1.8
2026-10-07T17:57:33.7718591Z ##[end-action id=__dtolnay_rust-toolchain.__run_10;outcome=success;conclusion=success;duration_ms=27]
2026-10-07T17:57:33.7834068Z ##[group]Run Swatinem/rust-cache@v2
2026-10-07T17:57:33.7834356Z with:
2026-10-07T17:57:33.7834553Z   cache-on-failure: true
2026-10-07T17:57:33.7834804Z   cache-workspace-crates: false
2026-10-07T17:57:33.7835056Z   prefix-key: v0-rust
2026-10-07T17:57:33.7835277Z   add-job-id-key: true
2026-10-07T17:57:33.7835510Z   add-rust-environment-hash-key: true
2026-10-07T17:57:33.7835772Z   cache-targets: true
2026-10-07T17:57:33.7835996Z   cache-all-crates: false
2026-10-07T17:57:33.7836210Z   save-if: true
2026-10-07T17:57:33.7836408Z   cache-provider: github
2026-10-07T17:57:33.7836622Z   cache-bin: true
2026-10-07T17:57:33.7836818Z   lookup-only: false
2026-10-07T17:57:33.7837016Z   cmd-format: {0}
2026-10-07T17:57:33.7837198Z env:
2026-10-07T17:57:33.7837380Z   CARGO_TERM_COLOR: always
2026-10-07T17:57:33.7837615Z   RUSTFLAGS: -D warnings
2026-10-07T17:57:33.7837838Z   CARGO_HOME: /home/runner/.cargo
2026-10-07T17:57:33.7838085Z   CARGO_INCREMENTAL: 0
2026-10-07T17:57:33.7838312Z ##[endgroup]
2026-10-07T17:57:34.6662734Z ##[group]Cache Configuration
2026-10-07T17:57:34.6663433Z Cache Provider:
2026-10-07T17:57:34.6663898Z     github
2026-10-07T17:57:34.6664336Z Workspaces:
2026-10-07T17:57:34.6664949Z     /home/runner/work/hydrus-mine/hydrus-mine
2026-10-07T17:57:34.6665460Z Cache Paths:
2026-10-07T17:57:34.6665846Z     /home/runner/.cargo/bin
2026-10-07T17:57:34.6666274Z     /home/runner/.cargo/.crates.toml
2026-10-07T17:57:34.6673381Z     /home/runner/.cargo/.crates2.json
2026-10-07T17:57:34.6674059Z     /home/runner/.cargo/registry
2026-10-07T17:57:34.6674620Z     /home/runner/.cargo/git
2026-10-07T17:57:34.6675190Z     /home/runner/work/hydrus-mine/hydrus-mine/target
2026-10-07T17:57:34.6675801Z Restore Key:
2026-10-07T17:57:34.6676172Z     v0-rust-check-Linux-x64-ff0b8b70
2026-10-07T17:57:34.6676689Z Cache Key:
2026-10-07T17:57:34.6677065Z     v0-rust-check-Linux-x64-ff0b8b70-0ea5e1be
2026-10-07T17:57:34.6677704Z .. Prefix:
2026-10-07T17:57:34.6678096Z   - v0-rust-check-Linux-x64
2026-10-07T17:57:34.6678695Z .. Environment considered:
2026-10-07T17:57:34.6679198Z   - Rust Versions:
2026-10-07T17:57:34.6679897Z     - 1.94.1 x86_64-unknown-linux-gnu e408947bfd200af42db322daf0fadfe7e26d3bd1
2026-10-07T17:57:34.6680906Z     - 1.99.0 x86_64-unknown-linux-gnu b940084d7eb6a299eb4bfeb8e34901bc051e7ac4
2026-10-07T17:57:34.6681761Z   - CARGO_HOME
2026-10-07T17:57:34.6682613Z   - CARGO_INCREMENTAL
2026-10-07T17:57:34.6683652Z   - CARGO_TERM_COLOR
2026-10-07T17:57:34.6684210Z   - RUSTFLAGS
2026-10-07T17:57:34.6684454Z .. Lockfiles considered:
2026-10-07T17:57:34.6684778Z   - /home/runner/work/hydrus-mine/hydrus-mine/.cargo/config.toml
2026-10-07T17:57:34.6685186Z   - /home/runner/work/hydrus-mine/hydrus-mine/Cargo.lock
2026-10-07T17:57:34.6685627Z   - /home/runner/work/hydrus-mine/hydrus-mine/crates/hydrus-api/Cargo.toml
2026-10-07T17:57:34.6686105Z   - /home/runner/work/hydrus-mine/hydrus-mine/crates/hydrus-cli/Cargo.toml
2026-10-07T17:57:34.6686653Z   - /home/runner/work/hydrus-mine/hydrus-mine/crates/hydrus-core/Cargo.toml
2026-10-07T17:57:34.6687157Z   - /home/runner/work/hydrus-mine/hydrus-mine/crates/hydrus-download/Cargo.toml
2026-10-07T17:57:34.6687716Z   - /home/runner/work/hydrus-mine/hydrus-mine/crates/hydrus-downloader-exchange/Cargo.toml
2026-10-07T17:57:34.6688287Z   - /home/runner/work/hydrus-mine/hydrus-mine/crates/hydrus-duplicates/Cargo.toml
2026-10-07T17:57:34.6688804Z   - /home/runner/work/hydrus-mine/hydrus-mine/crates/hydrus-gui-model/Cargo.toml
2026-10-07T17:57:34.6689310Z   - /home/runner/work/hydrus-mine/hydrus-mine/crates/hydrus-gui-ui/Cargo.toml
2026-10-07T17:57:34.6689783Z   - /home/runner/work/hydrus-mine/hydrus-mine/crates/hydrus-gui/Cargo.toml
2026-10-07T17:57:34.6690254Z   - /home/runner/work/hydrus-mine/hydrus-mine/crates/hydrus-import/Cargo.toml
2026-10-07T17:57:34.6690738Z   - /home/runner/work/hydrus-mine/hydrus-mine/crates/hydrus-legacy/Cargo.toml
2026-10-07T17:57:34.6691218Z   - /home/runner/work/hydrus-mine/hydrus-mine/crates/hydrus-media/Cargo.toml
2026-10-07T17:57:34.6692174Z   - /home/runner/work/hydrus-mine/hydrus-mine/crates/hydrus-net/Cargo.toml
2026-10-07T17:57:34.6693042Z   - /home/runner/work/hydrus-mine/hydrus-mine/crates/hydrus-parse/Cargo.toml
2026-10-07T17:57:34.6694028Z   - /home/runner/work/hydrus-mine/hydrus-mine/crates/hydrus-search/Cargo.toml
2026-10-07T17:57:34.6695010Z   - /home/runner/work/hydrus-mine/hydrus-mine/crates/hydrus-store/Cargo.toml
2026-10-07T17:57:34.6696005Z   - /home/runner/work/hydrus-mine/hydrus-mine/crates/hydrus-testkit/Cargo.toml
2026-10-07T17:57:34.6696906Z   - /home/runner/work/hydrus-mine/hydrus-mine/rust-toolchain.toml
2026-10-07T17:57:34.6697689Z   - /home/runner/work/hydrus-mine/hydrus-mine/xtask/Cargo.toml
2026-10-07T17:57:34.6698654Z ##[endgroup]
2026-10-07T17:57:34.6698883Z 
2026-10-07T17:57:34.6699091Z ... Restoring cache ...
2026-10-07T17:57:34.9300038Z Cache hit for: v0-rust-check-Linux-x64-ff0b8b70-0ea5e1be
2026-10-07T17:57:36.2087399Z Received 0 of 835142253 (0.0%), 0.0 MBs/sec
2026-10-07T17:57:37.2138120Z Received 125829120 of 835142253 (15.1%), 60.0 MBs/sec
2026-10-07T17:57:38.2133122Z Received 264241152 of 835142253 (31.6%), 83.9 MBs/sec
2026-10-07T17:57:39.2109711Z Received 402653184 of 835142253 (48.2%), 96.0 MBs/sec
2026-10-07T17:57:40.2117700Z Received 595591168 of 835142253 (71.3%), 113.5 MBs/sec
2026-10-07T17:57:41.2223217Z Received 780140544 of 835142253 (93.4%), 123.9 MBs/sec
2026-10-07T17:57:41.5889719Z Received 835142253 of 835142253 (100.0%), 124.8 MBs/sec
2026-10-07T17:57:41.5890745Z Cache Size: ~796 MB (835142253 B)
2026-10-07T17:57:41.5927825Z [command]/usr/bin/tar -xf /home/runner/work/_temp/326b14bc-1267-47db-978e-89f3278ce681/cache.tzst -P -C /home/runner/work/hydrus-mine/hydrus-mine --use-compress-program unzstd
2026-10-07T17:57:46.4641063Z Cache restored successfully
2026-10-07T17:57:47.9033545Z Restored from cache key "v0-rust-check-Linux-x64-ff0b8b70-0ea5e1be" full match: true.
2026-10-07T17:57:48.0429817Z ##[group]Run python -m unittest discover -s .github/scripts/tests -v
2026-10-07T17:57:48.0430612Z [36;1mpython -m unittest discover -s .github/scripts/tests -v[0m
2026-10-07T17:57:48.0493184Z shell: /usr/bin/bash -e {0}
2026-10-07T17:57:48.0493489Z env:
2026-10-07T17:57:48.0493718Z   CARGO_TERM_COLOR: always
2026-10-07T17:57:48.0494005Z   RUSTFLAGS: -D warnings
2026-10-07T17:57:48.0494297Z   CARGO_HOME: /home/runner/.cargo
2026-10-07T17:57:48.0494614Z   CARGO_INCREMENTAL: 0
2026-10-07T17:57:48.0494874Z   CACHE_ON_FAILURE: true
2026-10-07T17:57:48.0495323Z ##[endgroup]
2026-10-07T17:57:48.2943955Z test_added_deleted_build_or_neighbouring_docs_input_still_rejects_before_stamp (test_publication_input_ledger.PublicationInputs.test_added_deleted_build_or_neighbouring_docs_input_still_rejects_before_stamp) ... ok
2026-10-07T17:57:48.3064042Z test_excluded_paths_still_reject_unsafe_index_entries_and_total_count (test_publication_input_ledger.PublicationInputs.test_excluded_paths_still_reject_unsafe_index_entries_and_total_count) ... ok
2026-10-07T17:57:48.3163122Z test_previous_full_repository_ledger_version_is_not_accepted (test_publication_input_ledger.PublicationInputs.test_previous_full_repository_ledger_version_is_not_accepted) ... ok
2026-10-07T17:57:48.3353984Z test_publication_add_change_delete_preserves_build_reuse_without_stamping_evidence (test_publication_input_ledger.PublicationInputs.test_publication_add_change_delete_preserves_build_reuse_without_stamping_evidence) ... ok
2026-10-07T17:57:48.3549322Z test_added_or_deleted_inputs_reject (test_workspace_artifact_cache.RestoreSafety.test_added_or_deleted_inputs_reject) ... ok
2026-10-07T17:57:48.3687056Z test_backdated_changed_input_rejected_before_any_stamp (test_workspace_artifact_cache.RestoreSafety.test_backdated_changed_input_rejected_before_any_stamp) ... ok
2026-10-07T17:57:48.3879320Z test_baseline_write_failure_rolls_back_successful_restore_and_blocks (test_workspace_artifact_cache.RestoreSafety.test_baseline_write_failure_rolls_back_successful_restore_and_blocks) ... ok
2026-10-07T17:57:48.4520886Z test_cargo_config_env_target_injections_rejected (test_workspace_artifact_cache.RestoreSafety.test_cargo_config_env_target_injections_rejected) ... ok
2026-10-07T17:57:48.4678416Z test_changed_external_input_remains_newer_than_cached_artifacts (test_workspace_artifact_cache.RestoreSafety.test_changed_external_input_remains_newer_than_cached_artifacts) ... ok
2026-10-07T17:57:48.4848781Z test_copy_failure_changes_no_source_mtime_and_purges_mixed_target (test_workspace_artifact_cache.RestoreSafety.test_copy_failure_changes_no_source_mtime_and_purges_mixed_target) ... ok
2026-10-07T17:57:48.5157082Z test_environment_target_or_build_layout_rejected (test_workspace_artifact_cache.RestoreSafety.test_environment_target_or_build_layout_rejected) ... ok
2026-10-07T17:57:48.5335663Z test_healthy_restore_copies_before_stamping_and_invalidates_test_bin_units (test_workspace_artifact_cache.RestoreSafety.test_healthy_restore_copies_before_stamping_and_invalidates_test_bin_units) ... ok
2026-10-07T17:57:48.5534552Z test_missing_incompatible_or_failed_cache_extraction_is_normal_fallback (test_workspace_artifact_cache.RestoreSafety.test_missing_incompatible_or_failed_cache_extraction_is_normal_fallback) ... ok
2026-10-07T17:57:48.5657727Z test_partial_snapshot_missing_artifact_rejected (test_workspace_artifact_cache.RestoreSafety.test_partial_snapshot_missing_artifact_rejected) ... ok
2026-10-07T17:57:48.5841047Z test_partial_stamp_failure_restores_every_mtime_and_purges_target (test_workspace_artifact_cache.RestoreSafety.test_partial_stamp_failure_restores_every_mtime_and_purges_target) ... ok
2026-10-07T17:57:48.6573899Z test_root_ancestor_default_and_explicit_home_cargo_layout_configs_rejected (test_workspace_artifact_cache.RestoreSafety.test_root_ancestor_default_and_explicit_home_cargo_layout_configs_rejected) ... ok
2026-10-07T17:57:48.6654357Z test_safe_input_path_rejects_escape_and_windows_aliases (test_workspace_artifact_cache.RestoreSafety.test_safe_input_path_rejects_escape_and_windows_aliases) ... ok
2026-10-07T17:57:48.6972376Z test_snapshot_inventory_size_count_traversal_and_duplicate_rejected (test_workspace_artifact_cache.RestoreSafety.test_snapshot_inventory_size_count_traversal_and_duplicate_rejected) ... ok
2026-10-07T17:57:48.7096048Z test_snapshot_nonregular_file_rejected_without_opening (test_workspace_artifact_cache.RestoreSafety.test_snapshot_nonregular_file_rejected_without_opening) ... ok
2026-10-07T17:57:48.7219378Z test_snapshot_symlink_rejected (test_workspace_artifact_cache.RestoreSafety.test_snapshot_symlink_rejected) ... ok
2026-10-07T17:57:48.7561430Z test_target_debug_deps_build_and_deep_destination_symlinks_rejected (test_workspace_artifact_cache.RestoreSafety.test_target_debug_deps_build_and_deep_destination_symlinks_rejected) ... ok
2026-10-07T17:57:48.7703277Z test_unrecoverable_rollback_never_claims_safe (test_workspace_artifact_cache.RestoreSafety.test_unrecoverable_rollback_never_claims_safe) ... ok
2026-10-07T17:57:48.7835205Z test_unrecoverable_target_purge_never_claims_safe (test_workspace_artifact_cache.RestoreSafety.test_unrecoverable_target_purge_never_claims_safe) ... ok
2026-10-07T17:57:48.7914969Z test_workflow_compile_gate_allows_disabled_key_failure_and_safe_miss (test_workspace_artifact_cache.RestoreSafety.test_workflow_compile_gate_allows_disabled_key_failure_and_safe_miss) ... ok
2026-10-07T17:57:48.7993813Z test_workflow_fails_closed_and_gates_non_cancelled_compilation (test_workspace_artifact_cache.RestoreSafety.test_workflow_fails_closed_and_gates_non_cancelled_compilation) ... ok
2026-10-07T17:57:48.7995576Z 
2026-10-07T17:57:48.7995938Z ----------------------------------------------------------------------
2026-10-07T17:57:48.7996905Z Ran 25 tests in 0.547s
2026-10-07T17:57:48.7997296Z 
2026-10-07T17:57:48.7997510Z OK
2026-10-07T17:57:48.8178804Z ##[group]Run python .github/scripts/workspace_artifact_cache.py key
2026-10-07T17:57:48.8179337Z [36;1mpython .github/scripts/workspace_artifact_cache.py key[0m
2026-10-07T17:57:48.8240147Z shell: /usr/bin/bash --noprofile --norc -e -o pipefail {0}
2026-10-07T17:57:48.8240526Z env:
2026-10-07T17:57:48.8240742Z   CARGO_TERM_COLOR: always
2026-10-07T17:57:48.8241007Z   RUSTFLAGS: -D warnings
2026-10-07T17:57:48.8241276Z   CARGO_HOME: /home/runner/.cargo
2026-10-07T17:57:48.8241559Z   CARGO_INCREMENTAL: 0
2026-10-07T17:57:48.8241802Z   CACHE_ON_FAILURE: true
2026-10-07T17:57:48.8242267Z ##[endgroup]
2026-10-07T17:57:48.9837331Z Workspace restore prefix: hydrus-ws-v1-check-Linux-X64-41d404dfad11d493117152f4-
2026-10-07T17:57:48.9981070Z ##[group]Run actions/cache/restore@v4
2026-10-07T17:57:48.9981365Z with:
2026-10-07T17:57:48.9981589Z   path: .ci-workspace-artifacts
2026-10-07T17:57:48.9982483Z   key: hydrus-ws-v1-check-Linux-X64-41d404dfad11d493117152f4-e4c2439eccc77508fd8446a5c8ee6dee040e6161-37662892605-1
2026-10-07T17:57:48.9983193Z   restore-keys: hydrus-ws-v1-check-Linux-X64-41d404dfad11d493117152f4-
2026-10-07T17:57:48.9983590Z   enableCrossOsArchive: false
2026-10-07T17:57:48.9983852Z   fail-on-cache-miss: false
2026-10-07T17:57:48.9984087Z   lookup-only: false
2026-10-07T17:57:48.9984295Z env:
2026-10-07T17:57:48.9984482Z   CARGO_TERM_COLOR: always
2026-10-07T17:57:48.9984717Z   RUSTFLAGS: -D warnings
2026-10-07T17:57:48.9984953Z   CARGO_HOME: /home/runner/.cargo
2026-10-07T17:57:48.9985231Z   CARGO_INCREMENTAL: 0
2026-10-07T17:57:48.9985455Z   CACHE_ON_FAILURE: true
2026-10-07T17:57:48.9985673Z ##[endgroup]
2026-10-07T17:57:49.1034274Z (node:2512) [DEP0040] DeprecationWarning: The `punycode` module is deprecated. Please use a userland alternative instead.
2026-10-07T17:57:49.1035596Z (Use `node --trace-deprecation ...` to show where the warning was created)
2026-10-07T17:57:49.3628962Z Cache not found for input keys: hydrus-ws-v1-check-Linux-X64-41d404dfad11d493117152f4-e4c2439eccc77508fd8446a5c8ee6dee040e6161-37662892605-1, hydrus-ws-v1-check-Linux-X64-41d404dfad11d493117152f4-
2026-10-07T17:57:49.3714820Z ##[group]Run python .github/scripts/workspace_artifact_cache.py restore
2026-10-07T17:57:49.3715358Z [36;1mpython .github/scripts/workspace_artifact_cache.py restore[0m
2026-10-07T17:57:49.3776230Z shell: /usr/bin/bash --noprofile --norc -e -o pipefail {0}
2026-10-07T17:57:49.3776570Z env:
2026-10-07T17:57:49.3776768Z   CARGO_TERM_COLOR: always
2026-10-07T17:57:49.3777009Z   RUSTFLAGS: -D warnings
2026-10-07T17:57:49.3777252Z   CARGO_HOME: /home/runner/.cargo
2026-10-07T17:57:49.3777505Z   CARGO_INCREMENTAL: 0
2026-10-07T17:57:49.3777725Z   CACHE_ON_FAILURE: true
2026-10-07T17:57:49.3778156Z   WORKSPACE_CACHE_RESTORE_OUTCOME: success
2026-10-07T17:57:49.3778438Z ##[endgroup]
2026-10-07T17:57:50.6537822Z No workspace library snapshot restored; dependency cache remains usable.
2026-10-07T17:57:50.6664152Z ##[group]Run sudo apt-get update
2026-10-07T17:57:50.6664621Z [36;1msudo apt-get update[0m
2026-10-07T17:57:50.6665211Z [36;1msudo apt-get install -y ffmpeg fontconfig libfontconfig1-dev fonts-noto-cjk[0m
2026-10-07T17:57:50.6665749Z [36;1mfc-match ':lang=ja'[0m
2026-10-07T17:57:50.6727011Z shell: /usr/bin/bash -e {0}
2026-10-07T17:57:50.6727415Z env:
2026-10-07T17:57:50.6727723Z   CARGO_TERM_COLOR: always
2026-10-07T17:57:50.6728127Z   RUSTFLAGS: -D warnings
2026-10-07T17:57:50.6728460Z   CARGO_HOME: /home/runner/.cargo
2026-10-07T17:57:50.6728883Z   CARGO_INCREMENTAL: 0
2026-10-07T17:57:50.6729192Z   CACHE_ON_FAILURE: true
2026-10-07T17:57:50.6729514Z ##[endgroup]
2026-10-07T17:57:50.7536529Z Get:1 file:/etc/apt/apt-mirrors.txt Mirrorlist [144 B]
2026-10-07T17:57:50.7867716Z Hit:2 http://azure.archive.ubuntu.com/ubuntu noble InRelease
2026-10-07T17:57:50.7869524Z Get:3 http://azure.archive.ubuntu.com/ubuntu noble-updates InRelease [126 kB]
2026-10-07T17:57:50.7923245Z Get:4 http://azure.archive.ubuntu.com/ubuntu noble-backports InRelease [126 kB]
2026-10-07T17:57:50.7951829Z Get:6 https://packages.microsoft.com/ubuntu/24.04/prod noble InRelease [3600 B]
2026-10-07T17:57:50.7953400Z Get:5 http://azure.archive.ubuntu.com/ubuntu noble-security InRelease [126 kB]
2026-10-07T17:57:50.9177034Z Get:7 http://azure.archive.ubuntu.com/ubuntu noble-updates/main amd64 Packages [1375 kB]
2026-10-07T17:57:50.9316088Z Get:8 http://azure.archive.ubuntu.com/ubuntu noble-updates/main Translation-en [306 kB]
2026-10-07T17:57:50.9338043Z Get:9 http://azure.archive.ubuntu.com/ubuntu noble-updates/universe amd64 Packages [1702 kB]
2026-10-07T17:57:50.9498631Z Get:10 http://azure.archive.ubuntu.com/ubuntu noble-updates/universe Translation-en [341 kB]
2026-10-07T17:57:50.9543859Z Get:11 http://azure.archive.ubuntu.com/ubuntu noble-updates/restricted amd64 Packages [1730 kB]
2026-10-07T17:57:50.9624221Z Get:12 http://azure.archive.ubuntu.com/ubuntu noble-updates/restricted Translation-en [396 kB]
2026-10-07T17:57:50.9650298Z Get:13 http://azure.archive.ubuntu.com/ubuntu noble-updates/multiverse Translation-en [13.3 kB]
2026-10-07T17:57:51.0278245Z Get:14 https://packages.microsoft.com/ubuntu/24.04/prod noble/main amd64 Packages [519 kB]
2026-10-07T17:57:51.0342930Z Get:15 https://packages.microsoft.com/ubuntu/24.04/prod noble/main arm64 Packages [463 kB]
2026-10-07T17:57:51.0774383Z Get:16 http://azure.archive.ubuntu.com/ubuntu noble-security/main amd64 Packages [1073 kB]
2026-10-07T17:57:51.0832262Z Get:17 http://azure.archive.ubuntu.com/ubuntu noble-security/main Translation-en [223 kB]
2026-10-07T17:57:51.0849289Z Get:18 http://azure.archive.ubuntu.com/ubuntu noble-security/universe amd64 Packages [1218 kB]
2026-10-07T17:57:51.1315202Z Get:19 http://azure.archive.ubuntu.com/ubuntu noble-security/universe Translation-en [245 kB]
2026-10-07T17:57:51.1331950Z Get:20 http://azure.archive.ubuntu.com/ubuntu noble-security/multiverse Translation-en [11.6 kB]
2026-10-07T17:57:54.3618422Z Fetched 9996 kB in 1s (9654 kB/s)
2026-10-07T17:57:55.1883114Z Reading package lists...
2026-10-07T17:57:55.2184642Z Reading package lists...
2026-10-07T17:57:55.3860436Z Building dependency tree...
2026-10-07T17:57:55.3867845Z Reading state information...
2026-10-07T17:57:55.5218357Z fontconfig is already the newest version (2.15.0-1.1ubuntu2).
2026-10-07T17:57:55.5219089Z fontconfig set to manually installed.
2026-10-07T17:57:55.5219914Z The following additional packages will be installed:
2026-10-07T17:57:55.5220891Z   bzip2-doc i965-va-driver intel-media-va-driver libaacs0 libass9 libasyncns0
2026-10-07T17:57:55.5221675Z   libavc1394-0 libavcodec60 libavdevice60 libavfilter9 libavformat60
2026-10-07T17:57:55.5223114Z   libavutil58 libbdplus0 libblas3 libbluray2 libbrotli-dev libbs2b0 libbz2-dev
2026-10-07T17:57:55.5224338Z   libcaca0 libcdio-cdda2t64 libcdio-paranoia2t64 libcdio19t64 libchromaprint1
2026-10-07T17:57:55.5225664Z   libcjson1 libcodec2-1.2 libdav1d7 libdc1394-25 libdecor-0-0
2026-10-07T17:57:55.5226862Z   libdecor-0-plugin-1-gtk libflac12t64 libflite1 libfontconfig-dev
2026-10-07T17:57:55.5227777Z   libfreetype-dev libfreetype6 libgme0 libgsm1 libhwy1t64 libiec61883-0
2026-10-07T17:57:55.5228448Z   libigdgmm12 libjack-jackd2-0 libjxl0.7 liblapack3 liblilv-0-0
2026-10-07T17:57:55.5229006Z   libmbedcrypto7t64 libmp3lame0 libmpg123-0t64 libmysofa1 libopenal-data
2026-10-07T17:57:55.5229622Z   libopenal1 libopenmpt0t64 libopus0 libplacebo338 libpng-dev libpng-tools
2026-10-07T17:57:55.5230238Z   libpocketsphinx3 libpostproc57 libpulse0 librav1e0 libraw1394-11 librist4
2026-10-07T17:57:55.5230862Z   librsvg2-2 librsvg2-common librubberband2 libsamplerate0 libsdl2-2.0-0
2026-10-07T17:57:55.5231475Z   libserd-0-0 libshine3 libsndfile1 libsndio7.0 libsord-0-0 libsoxr0 libspeex1
2026-10-07T17:57:55.5232217Z   libsphinxbase3t64 libsratom-0-0 libsrt1.5-gnutls libssh-gcrypt-4
2026-10-07T17:57:55.5232780Z   libsvtav1enc1d1 libswresample4 libswscale7 libtheora0 libtwolame0
2026-10-07T17:57:55.5233326Z   libudfread0 libunibreak5 libva-drm2 libva-x11-2 libva2 libvdpau1
2026-10-07T17:57:55.5234091Z   libvidstab1.1 libvorbisenc2 libvpl2 libvpx9 libx264-164 libx265-199
2026-10-07T17:57:55.5234799Z   libxcb-shape0 libxv1 libxvidcore4 libzimg2 libzix-0-0 libzvbi-common
2026-10-07T17:57:55.5235366Z   libzvbi0t64 mesa-va-drivers mesa-vdpau-drivers ocl-icd-libopencl1
2026-10-07T17:57:55.5235834Z   pocketsphinx-en-us uuid-dev va-driver-all vdpau-driver-all
2026-10-07T17:57:55.5236205Z Suggested packages:
2026-10-07T17:57:55.5236554Z   ffmpeg-doc fonts-noto-cjk-extra i965-va-driver-shaders libcuda1 libnvcuvid1
2026-10-07T17:57:55.5237048Z   libnvidia-encode1 libbluray-bdj freetype2-doc jackd2 libportaudio2
2026-10-07T17:57:55.5237554Z   opus-tools pulseaudio libraw1394-doc librsvg2-bin serdi sndiod sordi speex
2026-10-07T17:57:55.5237965Z   opencl-icd libvdpau-va-gl1
2026-10-07T17:57:55.5723106Z The following NEW packages will be installed:
2026-10-07T17:57:55.5724048Z   bzip2-doc ffmpeg fonts-noto-cjk i965-va-driver intel-media-va-driver
2026-10-07T17:57:55.5725060Z   libaacs0 libass9 libasyncns0 libavc1394-0 libavcodec60 libavdevice60
2026-10-07T17:57:55.5726113Z   libavfilter9 libavformat60 libavutil58 libbdplus0 libblas3 libbluray2
2026-10-07T17:57:55.5726961Z   libbrotli-dev libbs2b0 libbz2-dev libcaca0 libcdio-cdda2t64
2026-10-07T17:57:55.5733115Z   libcdio-paranoia2t64 libcdio19t64 libchromaprint1 libcjson1 libcodec2-1.2
2026-10-07T17:57:55.5734225Z   libdav1d7 libdc1394-25 libdecor-0-0 libdecor-0-plugin-1-gtk libflac12t64
2026-10-07T17:57:55.5735260Z   libflite1 libfontconfig-dev libfontconfig1-dev libfreetype-dev libgme0
2026-10-07T17:57:55.5736222Z   libgsm1 libhwy1t64 libiec61883-0 libigdgmm12 libjack-jackd2-0 libjxl0.7
2026-10-07T17:57:55.5737032Z   liblapack3 liblilv-0-0 libmbedcrypto7t64 libmp3lame0 libmpg123-0t64
2026-10-07T17:57:55.5737879Z   libmysofa1 libopenal-data libopenal1 libopenmpt0t64 libopus0 libplacebo338
2026-10-07T17:57:55.5738764Z   libpng-dev libpng-tools libpocketsphinx3 libpostproc57 libpulse0 librav1e0
2026-10-07T17:57:55.5739308Z   libraw1394-11 librist4 librsvg2-2 librsvg2-common librubberband2
2026-10-07T17:57:55.5740120Z   libsamplerate0 libsdl2-2.0-0 libserd-0-0 libshine3 libsndfile1 libsndio7.0
2026-10-07T17:57:55.5740867Z   libsord-0-0 libsoxr0 libspeex1 libsphinxbase3t64 libsratom-0-0
2026-10-07T17:57:55.5741379Z   libsrt1.5-gnutls libssh-gcrypt-4 libsvtav1enc1d1 libswresample4 libswscale7
2026-10-07T17:57:55.5742101Z   libtheora0 libtwolame0 libudfread0 libunibreak5 libva-drm2 libva-x11-2
2026-10-07T17:57:55.5742644Z   libva2 libvdpau1 libvidstab1.1 libvorbisenc2 libvpl2 libvpx9 libx264-164
2026-10-07T17:57:55.5743147Z   libx265-199 libxcb-shape0 libxv1 libxvidcore4 libzimg2 libzix-0-0
2026-10-07T17:57:55.5743607Z   libzvbi-common libzvbi0t64 mesa-va-drivers mesa-vdpau-drivers
2026-10-07T17:57:55.5744082Z   ocl-icd-libopencl1 pocketsphinx-en-us uuid-dev va-driver-all
2026-10-07T17:57:55.5744768Z   vdpau-driver-all
2026-10-07T17:57:55.5745026Z The following packages will be upgraded:
2026-10-07T17:57:55.5745472Z   libfreetype6
2026-10-07T17:57:55.5929286Z 1 upgraded, 109 newly installed, 0 to remove and 10 not upgraded.
2026-10-07T17:57:55.5929921Z Need to get 158 MB of archives.
2026-10-07T17:57:55.5930377Z After this operation, 326 MB of additional disk space will be used.
2026-10-07T17:57:55.5930799Z Get:1 file:/etc/apt/apt-mirrors.txt Mirrorlist [144 B]
2026-10-07T17:58:10.5842944Z Get:2 http://azure.archive.ubuntu.com/ubuntu noble-updates/main amd64 bzip2-doc all 1.0.8-5.1ubuntu0.1 [499 kB]
2026-10-07T17:58:15.3272972Z Get:3 http://azure.archive.ubuntu.com/ubuntu noble-updates/universe amd64 libva2 amd64 2.20.0-2ubuntu0.2 [66.4 kB]
2026-10-07T17:58:15.6619638Z Get:4 http://azure.archive.ubuntu.com/ubuntu noble-updates/universe amd64 libva-drm2 amd64 2.20.0-2ubuntu0.2 [7124 B]
2026-10-07T17:58:16.7799005Z Get:5 http://azure.archive.ubuntu.com/ubuntu noble-updates/universe amd64 libva-x11-2 amd64 2.20.0-2ubuntu0.2 [12.0 kB]
2026-10-07T17:58:16.9734316Z Get:6 http://azure.archive.ubuntu.com/ubuntu noble/main amd64 libvdpau1 amd64 1.5-2build1 [27.8 kB]
2026-10-07T17:58:17.1528652Z Get:7 http://azure.archive.ubuntu.com/ubuntu noble/universe amd64 libvpl2 amd64 2023.3.0-1build1 [99.8 kB]
2026-10-07T17:58:17.3344023Z Get:8 http://azure.archive.ubuntu.com/ubuntu noble/universe amd64 ocl-icd-libopencl1 amd64 2.3.2-1build1 [38.5 kB]
2026-10-07T17:58:17.8563928Z Get:9 http://azure.archive.ubuntu.com/ubuntu noble/universe amd64 libavutil58 amd64 7:6.1.1-3ubuntu5 [401 kB]
2026-10-07T17:58:18.0004412Z Get:10 http://azure.archive.ubuntu.com/ubuntu noble/universe amd64 libcodec2-1.2 amd64 1.2.0-2build1 [8998 kB]
2026-10-07T17:58:18.6723438Z Get:11 http://azure.archive.ubuntu.com/ubuntu noble/universe amd64 libdav1d7 amd64 1.4.1-1build1 [604 kB]
2026-10-07T17:58:18.8613244Z Get:12 http://azure.archive.ubuntu.com/ubuntu noble/universe amd64 libgsm1 amd64 1.0.22-1build1 [27.8 kB]
2026-10-07T17:58:19.4486357Z Get:13 http://azure.archive.ubuntu.com/ubuntu noble/universe amd64 libhwy1t64 amd64 1.0.7-8.1build1 [584 kB]
2026-10-07T17:58:22.1148158Z Get:14 http://azure.archive.ubuntu.com/ubuntu noble-updates/universe amd64 libjxl0.7 amd64 0.7.0-10.2ubuntu6.1 [1001 kB]
2026-10-07T17:58:25.7388258Z Get:15 http://azure.archive.ubuntu.com/ubuntu noble/main amd64 libmp3lame0 amd64 3.100-6build1 [142 kB]
2026-10-07T17:58:26.1352687Z Get:16 http://azure.archive.ubuntu.com/ubuntu noble/main amd64 libopus0 amd64 1.4-1build1 [208 kB]
2026-10-07T17:58:26.6602655Z Get:17 http://azure.archive.ubuntu.com/ubuntu noble/universe amd64 librav1e0 amd64 0.7.1-2 [1022 kB]
2026-10-07T17:58:33.0164136Z Get:18 http://azure.archive.ubuntu.com/ubuntu noble-updates/main amd64 librsvg2-2 amd64 2.58.0+dfsg-1ubuntu0.1 [2141 kB]
2026-10-07T17:58:47.0171473Z Get:19 http://azure.archive.ubuntu.com/ubuntu noble/universe amd64 libshine3 amd64 3.1.1-2build1 [23.2 kB]
2026-10-07T17:58:47.2840147Z Get:20 http://azure.archive.ubuntu.com/ubuntu noble-updates/main amd64 libspeex1 amd64 1.2.1-2ubuntu2.24.04.1 [59.6 kB]
2026-10-07T17:58:47.6666974Z Get:21 http://azure.archive.ubuntu.com/ubuntu noble/universe amd64 libsvtav1enc1d1 amd64 1.7.0+dfsg-2build1 [2425 kB]
2026-10-07T17:58:59.2095975Z Get:22 http://azure.archive.ubuntu.com/ubuntu noble/universe amd64 libsoxr0 amd64 0.1.3-4build3 [80.0 kB]
2026-10-07T17:58:59.5413571Z Get:23 http://azure.archive.ubuntu.com/ubuntu noble/universe amd64 libswresample4 amd64 7:6.1.1-3ubuntu5 [63.8 kB]
2026-10-07T17:58:59.8438921Z Get:24 http://azure.archive.ubuntu.com/ubuntu noble/main amd64 libtheora0 amd64 1.1.1+dfsg.1-16.1build3 [211 kB]
2026-10-07T17:59:00.4833732Z Get:25 http://azure.archive.ubuntu.com/ubuntu noble/main amd64 libtwolame0 amd64 0.4.0-2build3 [52.3 kB]
2026-10-07T17:59:00.7561574Z Get:26 http://azure.archive.ubuntu.com/ubuntu noble/main amd64 libvorbisenc2 amd64 1.3.7-1build3 [80.8 kB]
2026-10-07T17:59:01.0914972Z Get:27 http://azure.archive.ubuntu.com/ubuntu noble-updates/main amd64 libvpx9 amd64 1.14.0-1ubuntu2.3 [1143 kB]
2026-10-07T17:59:06.4893662Z Get:28 http://azure.archive.ubuntu.com/ubuntu noble/universe amd64 libx264-164 amd64 2:0.164.3108+git31e19f9-1 [604 kB]
2026-10-07T17:59:08.2436271Z Get:29 http://azure.archive.ubuntu.com/ubuntu noble/universe amd64 libx265-199 amd64 3.5-2build1 [1226 kB]
2026-10-07T17:59:09.3046468Z Get:30 http://azure.archive.ubuntu.com/ubuntu noble/universe amd64 libxvidcore4 amd64 2:1.3.7-1build1 [219 kB]
2026-10-07T17:59:09.5767857Z Get:31 http://azure.archive.ubuntu.com/ubuntu noble/universe amd64 libzvbi-common all 0.2.42-2 [42.4 kB]
2026-10-07T17:59:09.7699880Z Get:32 http://azure.archive.ubuntu.com/ubuntu noble/universe amd64 libzvbi0t64 amd64 0.2.42-2 [261 kB]
2026-10-07T17:59:10.0725010Z Get:33 http://azure.archive.ubuntu.com/ubuntu noble/universe amd64 libavcodec60 amd64 7:6.1.1-3ubuntu5 [5851 kB]
2026-10-07T17:59:18.5188914Z Get:34 http://azure.archive.ubuntu.com/ubuntu noble/main amd64 libraw1394-11 amd64 2.1.2-2build3 [26.2 kB]
2026-10-07T17:59:18.7012232Z Get:35 http://azure.archive.ubuntu.com/ubuntu noble/main amd64 libavc1394-0 amd64 0.5.4-5build3 [15.4 kB]
2026-10-07T17:59:18.8893725Z Get:36 http://azure.archive.ubuntu.com/ubuntu noble-updates/main amd64 libfreetype6 amd64 2.13.2+dfsg-1ubuntu0.2 [403 kB]
2026-10-07T17:59:19.0918705Z Get:37 http://azure.archive.ubuntu.com/ubuntu noble/universe amd64 libunibreak5 amd64 5.1-2build1 [25.0 kB]
2026-10-07T17:59:19.2754167Z Get:38 http://azure.archive.ubuntu.com/ubuntu noble/universe amd64 libass9 amd64 1:0.17.1-2build1 [104 kB]
2026-10-07T17:59:19.4619168Z Get:39 http://azure.archive.ubuntu.com/ubuntu noble/universe amd64 libudfread0 amd64 1.1.2-1build1 [19.0 kB]
2026-10-07T17:59:19.6328307Z Get:40 http://azure.archive.ubuntu.com/ubuntu noble/universe amd64 libbluray2 amd64 1:1.3.4-1build1 [159 kB]
2026-10-07T17:59:19.8104203Z Get:41 http://azure.archive.ubuntu.com/ubuntu noble/universe amd64 libchromaprint1 amd64 1.5.1-5 [30.5 kB]
2026-10-07T17:59:20.0108756Z Get:42 http://azure.archive.ubuntu.com/ubuntu noble/universe amd64 libgme0 amd64 0.6.3-7build1 [134 kB]
2026-10-07T17:59:20.1952342Z Get:43 http://azure.archive.ubuntu.com/ubuntu noble-updates/main amd64 libmpg123-0t64 amd64 1.32.5-1ubuntu1.1 [169 kB]
2026-10-07T17:59:20.3763493Z Get:44 http://azure.archive.ubuntu.com/ubuntu noble/universe amd64 libopenmpt0t64 amd64 0.7.3-1.1build3 [647 kB]
2026-10-07T17:59:20.5773499Z Get:45 http://azure.archive.ubuntu.com/ubuntu noble/universe amd64 libcjson1 amd64 1.7.17-1 [24.8 kB]
2026-10-07T17:59:20.7633940Z Get:46 http://azure.archive.ubuntu.com/ubuntu noble/universe amd64 libmbedcrypto7t64 amd64 2.28.8-1 [209 kB]
2026-10-07T17:59:20.9506458Z Get:47 http://azure.archive.ubuntu.com/ubuntu noble/universe amd64 librist4 amd64 0.2.10+dfsg-2 [74.9 kB]
2026-10-07T17:59:21.1401087Z Get:48 http://azure.archive.ubuntu.com/ubuntu noble/universe amd64 libsrt1.5-gnutls amd64 1.5.3-1build2 [316 kB]
2026-10-07T17:59:21.2748207Z Get:49 http://azure.archive.ubuntu.com/ubuntu noble-updates/main amd64 libssh-gcrypt-4 amd64 0.10.6-2ubuntu0.5 [226 kB]
2026-10-07T17:59:21.4235934Z Get:50 http://azure.archive.ubuntu.com/ubuntu noble/universe amd64 libavformat60 amd64 7:6.1.1-3ubuntu5 [1153 kB]
2026-10-07T17:59:21.6422183Z Get:51 http://azure.archive.ubuntu.com/ubuntu noble/universe amd64 libbs2b0 amd64 3.1.0+dfsg-7build1 [10.6 kB]
2026-10-07T17:59:21.8323483Z Get:52 http://azure.archive.ubuntu.com/ubuntu noble/universe amd64 libflite1 amd64 2.2-6build3 [13.6 MB]
2026-10-07T17:59:23.2344142Z Get:53 http://azure.archive.ubuntu.com/ubuntu noble/universe amd64 libserd-0-0 amd64 0.32.2-1 [43.6 kB]
2026-10-07T17:59:23.4277943Z Get:54 http://azure.archive.ubuntu.com/ubuntu noble/universe amd64 libzix-0-0 amd64 0.4.2-2build1 [23.6 kB]
2026-10-07T17:59:23.6214215Z Get:55 http://azure.archive.ubuntu.com/ubuntu noble/universe amd64 libsord-0-0 amd64 0.16.16-2build1 [15.8 kB]
2026-10-07T17:59:23.7990302Z Get:56 http://azure.archive.ubuntu.com/ubuntu noble/universe amd64 libsratom-0-0 amd64 0.6.16-1build1 [17.3 kB]
2026-10-07T17:59:23.9949903Z Get:57 http://azure.archive.ubuntu.com/ubuntu noble/universe amd64 liblilv-0-0 amd64 0.24.22-1build1 [41.0 kB]
2026-10-07T17:59:24.2011294Z Get:58 http://azure.archive.ubuntu.com/ubuntu noble/universe amd64 libmysofa1 amd64 1.3.2+dfsg-2ubuntu2 [1158 kB]
2026-10-07T17:59:24.4845055Z Get:59 http://azure.archive.ubuntu.com/ubuntu noble/universe amd64 libplacebo338 amd64 6.338.2-2build1 [2654 kB]
2026-10-07T17:59:24.8651031Z Get:60 http://azure.archive.ubuntu.com/ubuntu noble-updates/main amd64 libblas3 amd64 3.12.0-3build1.1 [238 kB]
2026-10-07T17:59:25.4522693Z Get:61 http://azure.archive.ubuntu.com/ubuntu noble-updates/main amd64 liblapack3 amd64 3.12.0-3build1.1 [2646 kB]
2026-10-07T17:59:25.8436378Z Get:62 http://azure.archive.ubuntu.com/ubuntu noble/main amd64 libasyncns0 amd64 0.8-6build4 [11.3 kB]
2026-10-07T17:59:26.0115001Z Get:63 http://azure.archive.ubuntu.com/ubuntu noble/main amd64 libflac12t64 amd64 1.4.3+ds-2.1ubuntu2 [197 kB]
2026-10-07T17:59:26.2199739Z Get:64 http://azure.archive.ubuntu.com/ubuntu noble-updates/main amd64 libsndfile1 amd64 1.2.2-1ubuntu5.24.04.1 [209 kB]
2026-10-07T17:59:26.4148698Z Get:65 http://azure.archive.ubuntu.com/ubuntu noble-updates/main amd64 libpulse0 amd64 1:16.1+dfsg1-2ubuntu10.1 [292 kB]
2026-10-07T17:59:26.6215552Z Get:66 http://azure.archive.ubuntu.com/ubuntu noble/universe amd64 libsphinxbase3t64 amd64 0.8+5prealpha+1-17build2 [126 kB]
2026-10-07T17:59:27.2125269Z Get:67 http://azure.archive.ubuntu.com/ubuntu noble/universe amd64 libpocketsphinx3 amd64 0.8.0+real5prealpha+1-15ubuntu5 [133 kB]
2026-10-07T17:59:27.4023181Z Get:68 http://azure.archive.ubuntu.com/ubuntu noble/universe amd64 libpostproc57 amd64 7:6.1.1-3ubuntu5 [49.9 kB]
2026-10-07T17:59:27.6041678Z Get:69 http://azure.archive.ubuntu.com/ubuntu noble/main amd64 libsamplerate0 amd64 0.2.2-4build1 [1344 kB]
2026-10-07T17:59:27.8843831Z Get:70 http://azure.archive.ubuntu.com/ubuntu noble/universe amd64 librubberband2 amd64 3.3.0+dfsg-2build1 [130 kB]
2026-10-07T17:59:28.0674645Z Get:71 http://azure.archive.ubuntu.com/ubuntu noble/universe amd64 libswscale7 amd64 7:6.1.1-3ubuntu5 [193 kB]
2026-10-07T17:59:28.3053625Z Get:72 http://azure.archive.ubuntu.com/ubuntu noble/universe amd64 libvidstab1.1 amd64 1.1.0-2build1 [38.5 kB]
2026-10-07T17:59:28.4796593Z Get:73 http://azure.archive.ubuntu.com/ubuntu noble/universe amd64 libzimg2 amd64 3.0.5+ds1-1build1 [254 kB]
2026-10-07T17:59:28.6634893Z Get:74 http://azure.archive.ubuntu.com/ubuntu noble/universe amd64 libavfilter9 amd64 7:6.1.1-3ubuntu5 [4235 kB]
2026-10-07T17:59:29.5231342Z Get:75 http://azure.archive.ubuntu.com/ubuntu noble-updates/main amd64 libcaca0 amd64 0.99.beta20-4ubuntu0.2 [209 kB]
2026-10-07T17:59:29.8124160Z Get:76 http://azure.archive.ubuntu.com/ubuntu noble-updates/main amd64 libcdio19t64 amd64 2.1.0-4.1ubuntu1.2 [62.4 kB]
2026-10-07T17:59:30.4954063Z Get:77 http://azure.archive.ubuntu.com/ubuntu noble/main amd64 libcdio-cdda2t64 amd64 10.2+2.0.1-1.1build2 [16.5 kB]
2026-10-07T17:59:31.0758001Z Get:78 http://azure.archive.ubuntu.com/ubuntu noble/main amd64 libcdio-paranoia2t64 amd64 10.2+2.0.1-1.1build2 [16.6 kB]
2026-10-07T17:59:31.2591023Z Get:79 http://azure.archive.ubuntu.com/ubuntu noble/universe amd64 libdc1394-25 amd64 2.2.6-4build1 [90.1 kB]
2026-10-07T17:59:31.8592477Z Get:80 http://azure.archive.ubuntu.com/ubuntu noble/main amd64 libiec61883-0 amd64 1.2.0-6build1 [24.5 kB]
2026-10-07T17:59:32.1057505Z Get:81 http://azure.archive.ubuntu.com/ubuntu noble/main amd64 libjack-jackd2-0 amd64 1.9.21~dfsg-3ubuntu3 [289 kB]
2026-10-07T17:59:33.5550613Z Get:82 http://azure.archive.ubuntu.com/ubuntu noble/universe amd64 libopenal-data all 1:1.23.1-4build1 [161 kB]
2026-10-07T17:59:33.7119155Z Get:83 http://azure.archive.ubuntu.com/ubuntu noble/universe amd64 libsndio7.0 amd64 1.9.0-0.3build3 [29.6 kB]
2026-10-07T17:59:33.8286084Z Get:84 http://azure.archive.ubuntu.com/ubuntu noble/universe amd64 libopenal1 amd64 1:1.23.1-4build1 [540 kB]
2026-10-07T17:59:34.0808646Z Get:85 http://azure.archive.ubuntu.com/ubuntu noble/main amd64 libdecor-0-0 amd64 0.2.2-1build2 [16.5 kB]
2026-10-07T17:59:34.2336335Z Get:86 http://azure.archive.ubuntu.com/ubuntu noble-updates/main amd64 libsdl2-2.0-0 amd64 2.30.0+dfsg-1ubuntu3.1 [686 kB]
2026-10-07T17:59:34.6617821Z Get:87 http://azure.archive.ubuntu.com/ubuntu noble/main amd64 libxcb-shape0 amd64 1.15-1ubuntu2 [6100 B]
2026-10-07T17:59:34.8313843Z Get:88 http://azure.archive.ubuntu.com/ubuntu noble/main amd64 libxv1 amd64 2:1.0.11-1.1build1 [10.7 kB]
2026-10-07T17:59:35.0007967Z Get:89 http://azure.archive.ubuntu.com/ubuntu noble/universe amd64 libavdevice60 amd64 7:6.1.1-3ubuntu5 [82.3 kB]
2026-10-07T17:59:35.5864950Z Get:90 http://azure.archive.ubuntu.com/ubuntu noble/universe amd64 ffmpeg amd64 7:6.1.1-3ubuntu5 [1879 kB]
2026-10-07T17:59:36.5123300Z Get:91 http://azure.archive.ubuntu.com/ubuntu noble/main amd64 fonts-noto-cjk all 1:20230817+repack1-3 [61.2 MB]
2026-10-07T18:07:34.4920334Z Get:92 http://azure.archive.ubuntu.com/ubuntu noble-updates/universe amd64 libigdgmm12 amd64 22.3.17+ds1-1ubuntu1 [145 kB]
2026-10-07T18:07:34.9280825Z Get:93 http://azure.archive.ubuntu.com/ubuntu noble-updates/universe amd64 intel-media-va-driver amd64 24.1.0+dfsg1-1ubuntu0.2 [3163 kB]
2026-10-07T18:07:39.2662400Z Get:94 http://azure.archive.ubuntu.com/ubuntu noble/universe amd64 libaacs0 amd64 0.11.1-2build1 [62.9 kB]
2026-10-07T18:07:39.5440001Z Get:95 http://azure.archive.ubuntu.com/ubuntu noble/universe amd64 libbdplus0 amd64 0.2.0-3build1 [52.2 kB]
2026-10-07T18:07:39.8256333Z Get:96 http://azure.archive.ubuntu.com/ubuntu noble/main amd64 libbrotli-dev amd64 1.1.0-2build2 [353 kB]
2026-10-07T18:07:40.4083492Z Get:97 http://azure.archive.ubuntu.com/ubuntu noble-updates/main amd64 libbz2-dev amd64 1.0.8-5.1ubuntu0.1 [33.6 kB]
2026-10-07T18:07:40.6440044Z Get:98 http://azure.archive.ubuntu.com/ubuntu noble/main amd64 libdecor-0-plugin-1-gtk amd64 0.2.2-1build2 [22.2 kB]
2026-10-07T18:07:40.9001442Z Get:99 http://azure.archive.ubuntu.com/ubuntu noble-updates/main amd64 libpng-dev amd64 1.6.43-5ubuntu0.6 [265 kB]
2026-10-07T18:07:41.3477771Z Get:100 http://azure.archive.ubuntu.com/ubuntu noble-updates/main amd64 libfreetype-dev amd64 2.13.2+dfsg-1ubuntu0.2 [574 kB]
2026-10-07T18:08:11.9715297Z Ign:101 http://azure.archive.ubuntu.com/ubuntu noble-updates/main amd64 uuid-dev amd64 2.39.3-9ubuntu6.6
2026-10-07T18:08:47.1699268Z Ign:102 http://azure.archive.ubuntu.com/ubuntu noble/main amd64 libfontconfig-dev amd64 2.15.0-1.1ubuntu2
2026-10-07T18:09:02.4354978Z Ign:103 http://azure.archive.ubuntu.com/ubuntu noble/main amd64 libfontconfig1-dev amd64 2.15.0-1.1ubuntu2
2026-10-07T18:09:02.4357159Z Ign:104 http://azure.archive.ubuntu.com/ubuntu noble-updates/main amd64 libpng-tools amd64 1.6.43-5ubuntu0.6
2026-10-07T18:09:02.4359086Z Ign:105 http://azure.archive.ubuntu.com/ubuntu noble-updates/main amd64 librsvg2-common amd64 2.58.0+dfsg-1ubuntu0.1
2026-10-07T18:09:02.4361063Z Ign:106 http://azure.archive.ubuntu.com/ubuntu noble-updates/universe amd64 mesa-va-drivers amd64 25.2.8-0ubuntu0.24.04.4
2026-10-07T18:09:02.4363457Z Ign:107 http://azure.archive.ubuntu.com/ubuntu noble-updates/main amd64 mesa-vdpau-drivers amd64 25.2.8-0ubuntu0.24.04.4
2026-10-07T18:09:02.4368137Z Ign:108 http://azure.archive.ubuntu.com/ubuntu noble-updates/universe amd64 i965-va-driver amd64 2.4.1+dfsg1-1ubuntu0.2
2026-10-07T18:09:02.4369792Z Ign:109 http://azure.archive.ubuntu.com/ubuntu noble-updates/universe amd64 va-driver-all amd64 2.20.0-2ubuntu0.2
2026-10-07T18:09:02.4371304Z Ign:110 http://azure.archive.ubuntu.com/ubuntu noble/main amd64 vdpau-driver-all amd64 1.5-2build1
2026-10-07T18:09:02.4372955Z Ign:111 http://azure.archive.ubuntu.com/ubuntu noble/universe amd64 pocketsphinx-en-us all 0.8.0+real5prealpha+1-15ubuntu5
2026-10-07T18:09:02.4374400Z Ign:101 http://azure.archive.ubuntu.com/ubuntu noble-updates/main amd64 uuid-dev amd64 2.39.3-9ubuntu6.6
2026-10-07T18:09:02.4454930Z Ign:102 http://azure.archive.ubuntu.com/ubuntu noble/main amd64 libfontconfig-dev amd64 2.15.0-1.1ubuntu2
2026-10-07T18:09:03.4363454Z Ign:103 http://azure.archive.ubuntu.com/ubuntu noble/main amd64 libfontconfig1-dev amd64 2.15.0-1.1ubuntu2
2026-10-07T18:09:03.4366163Z Ign:104 http://azure.archive.ubuntu.com/ubuntu noble-updates/main amd64 libpng-tools amd64 1.6.43-5ubuntu0.6
2026-10-07T18:09:03.4367420Z Ign:105 http://azure.archive.ubuntu.com/ubuntu noble-updates/main amd64 librsvg2-common amd64 2.58.0+dfsg-1ubuntu0.1
2026-10-07T18:09:03.4368645Z Ign:106 http://azure.archive.ubuntu.com/ubuntu noble-updates/universe amd64 mesa-va-drivers amd64 25.2.8-0ubuntu0.24.04.4
2026-10-07T18:09:03.4369889Z Ign:107 http://azure.archive.ubuntu.com/ubuntu noble-updates/main amd64 mesa-vdpau-drivers amd64 25.2.8-0ubuntu0.24.04.4
2026-10-07T18:09:03.4370956Z Ign:108 http://azure.archive.ubuntu.com/ubuntu noble-updates/universe amd64 i965-va-driver amd64 2.4.1+dfsg1-1ubuntu0.2
2026-10-07T18:09:03.4372171Z Ign:109 http://azure.archive.ubuntu.com/ubuntu noble-updates/universe amd64 va-driver-all amd64 2.20.0-2ubuntu0.2
2026-10-07T18:09:03.4373336Z Ign:110 http://azure.archive.ubuntu.com/ubuntu noble/main amd64 vdpau-driver-all amd64 1.5-2build1
2026-10-07T18:09:03.4374341Z Ign:111 http://azure.archive.ubuntu.com/ubuntu noble/universe amd64 pocketsphinx-en-us all 0.8.0+real5prealpha+1-15ubuntu5
2026-10-07T18:09:06.6708255Z Get:101 https://archive.ubuntu.com/ubuntu noble-updates/main amd64 uuid-dev amd64 2.39.3-9ubuntu6.6 [33.5 kB]
2026-10-07T18:09:07.0025079Z Get:102 https://archive.ubuntu.com/ubuntu noble/main amd64 libfontconfig-dev amd64 2.15.0-1.1ubuntu2 [161 kB]
2026-10-07T18:09:07.4380417Z Get:103 https://archive.ubuntu.com/ubuntu noble/main amd64 libfontconfig1-dev amd64 2.15.0-1.1ubuntu2 [1840 B]
2026-10-07T18:09:07.5791577Z Get:104 https://archive.ubuntu.com/ubuntu noble-updates/main amd64 libpng-tools amd64 1.6.43-5ubuntu0.6 [28.5 kB]
2026-10-07T18:09:07.7326384Z Get:105 https://archive.ubuntu.com/ubuntu noble-updates/main amd64 librsvg2-common amd64 2.58.0+dfsg-1ubuntu0.1 [11.8 kB]
2026-10-07T18:09:07.8767206Z Get:106 https://archive.ubuntu.com/ubuntu noble-updates/universe amd64 mesa-va-drivers amd64 25.2.8-0ubuntu0.24.04.4 [6778 B]
2026-10-07T18:09:08.0174072Z Get:107 https://archive.ubuntu.com/ubuntu noble-updates/main amd64 mesa-vdpau-drivers amd64 25.2.8-0ubuntu0.24.04.4 [23.4 kB]
2026-10-07T18:09:08.1674492Z Get:108 https://archive.ubuntu.com/ubuntu noble-updates/universe amd64 i965-va-driver amd64 2.4.1+dfsg1-1ubuntu0.2 [332 kB]
2026-10-07T18:09:08.5863340Z Get:109 https://archive.ubuntu.com/ubuntu noble-updates/universe amd64 va-driver-all amd64 2.20.0-2ubuntu0.2 [5014 B]
2026-10-07T18:09:08.7251253Z Get:110 https://archive.ubuntu.com/ubuntu noble/main amd64 vdpau-driver-all amd64 1.5-2build1 [4414 B]
2026-10-07T18:09:08.8655251Z Get:111 https://archive.ubuntu.com/ubuntu noble/universe amd64 pocketsphinx-en-us all 0.8.0+real5prealpha+1-15ubuntu5 [27.4 MB]
2026-10-07T18:09:10.6446299Z Fetched 158 MB in 11min 15s (234 kB/s)
2026-10-07T18:09:10.6675685Z Selecting previously unselected package bzip2-doc.
2026-10-07T18:09:10.7006446Z (Reading database ... 
2026-10-07T18:09:10.7007101Z (Reading database ... 5%
2026-10-07T18:09:10.7007857Z (Reading database ... 10%
2026-10-07T18:09:10.7008272Z (Reading database ... 15%
2026-10-07T18:09:10.7009740Z (Reading database ... 20%
2026-10-07T18:09:10.7010280Z (Reading database ... 25%
2026-10-07T18:09:10.7010893Z (Reading database ... 30%
2026-10-07T18:09:10.7011476Z (Reading database ... 35%
2026-10-07T18:09:10.7012359Z (Reading database ... 40%
2026-10-07T18:09:10.7012865Z (Reading database ... 45%
2026-10-07T18:09:10.7013223Z (Reading database ... 50%
2026-10-07T18:09:10.7075143Z (Reading database ... 55%
2026-10-07T18:09:10.7998551Z (Reading database ... 60%
2026-10-07T18:09:11.0075685Z (Reading database ... 65%
2026-10-07T18:09:11.2001385Z (Reading database ... 70%
2026-10-07T18:09:11.3955660Z (Reading database ... 75%
2026-10-07T18:09:11.5027179Z (Reading database ... 80%
2026-10-07T18:09:11.6758257Z (Reading database ... 85%
2026-10-07T18:09:11.7933522Z (Reading database ... 90%
2026-10-07T18:09:11.9017729Z (Reading database ... 95%
2026-10-07T18:09:11.9018869Z (Reading database ... 100%
2026-10-07T18:09:11.9019538Z (Reading database ... 203191 files and directories currently installed.)
2026-10-07T18:09:11.9060731Z Preparing to unpack .../000-bzip2-doc_1.0.8-5.1ubuntu0.1_all.deb ...
2026-10-07T18:09:11.9083589Z Unpacking bzip2-doc (1.0.8-5.1ubuntu0.1) ...
2026-10-07T18:09:11.9333293Z Selecting previously unselected package libva2:amd64.
2026-10-07T18:09:11.9457874Z Preparing to unpack .../001-libva2_2.20.0-2ubuntu0.2_amd64.deb ...
2026-10-07T18:09:11.9473969Z Unpacking libva2:amd64 (2.20.0-2ubuntu0.2) ...
2026-10-07T18:09:11.9679647Z Selecting previously unselected package libva-drm2:amd64.
2026-10-07T18:09:11.9803662Z Preparing to unpack .../002-libva-drm2_2.20.0-2ubuntu0.2_amd64.deb ...
2026-10-07T18:09:11.9811035Z Unpacking libva-drm2:amd64 (2.20.0-2ubuntu0.2) ...
2026-10-07T18:09:11.9999623Z Selecting previously unselected package libva-x11-2:amd64.
2026-10-07T18:09:12.0123629Z Preparing to unpack .../003-libva-x11-2_2.20.0-2ubuntu0.2_amd64.deb ...
2026-10-07T18:09:12.0129957Z Unpacking libva-x11-2:amd64 (2.20.0-2ubuntu0.2) ...
2026-10-07T18:09:12.0321616Z Selecting previously unselected package libvdpau1:amd64.
2026-10-07T18:09:12.0444483Z Preparing to unpack .../004-libvdpau1_1.5-2build1_amd64.deb ...
2026-10-07T18:09:12.0452732Z Unpacking libvdpau1:amd64 (1.5-2build1) ...
2026-10-07T18:09:12.0655682Z Selecting previously unselected package libvpl2.
2026-10-07T18:09:12.0777283Z Preparing to unpack .../005-libvpl2_2023.3.0-1build1_amd64.deb ...
2026-10-07T18:09:12.0784170Z Unpacking libvpl2 (2023.3.0-1build1) ...
2026-10-07T18:09:12.0987266Z Selecting previously unselected package ocl-icd-libopencl1:amd64.
2026-10-07T18:09:12.1108205Z Preparing to unpack .../006-ocl-icd-libopencl1_2.3.2-1build1_amd64.deb ...
2026-10-07T18:09:12.1116136Z Unpacking ocl-icd-libopencl1:amd64 (2.3.2-1build1) ...
2026-10-07T18:09:12.1351029Z Selecting previously unselected package libavutil58:amd64.
2026-10-07T18:09:12.1469641Z Preparing to unpack .../007-libavutil58_7%3a6.1.1-3ubuntu5_amd64.deb ...
2026-10-07T18:09:12.1479956Z Unpacking libavutil58:amd64 (7:6.1.1-3ubuntu5) ...
2026-10-07T18:09:12.1710813Z Selecting previously unselected package libcodec2-1.2:amd64.
2026-10-07T18:09:12.1830795Z Preparing to unpack .../008-libcodec2-1.2_1.2.0-2build1_amd64.deb ...
2026-10-07T18:09:12.1837607Z Unpacking libcodec2-1.2:amd64 (1.2.0-2build1) ...
2026-10-07T18:09:12.2556668Z Selecting previously unselected package libdav1d7:amd64.
2026-10-07T18:09:12.2684159Z Preparing to unpack .../009-libdav1d7_1.4.1-1build1_amd64.deb ...
2026-10-07T18:09:12.2690830Z Unpacking libdav1d7:amd64 (1.4.1-1build1) ...
2026-10-07T18:09:12.2946517Z Selecting previously unselected package libgsm1:amd64.
2026-10-07T18:09:12.3071687Z Preparing to unpack .../010-libgsm1_1.0.22-1build1_amd64.deb ...
2026-10-07T18:09:12.3079228Z Unpacking libgsm1:amd64 (1.0.22-1build1) ...
2026-10-07T18:09:12.3272645Z Selecting previously unselected package libhwy1t64:amd64.
2026-10-07T18:09:12.3397785Z Preparing to unpack .../011-libhwy1t64_1.0.7-8.1build1_amd64.deb ...
2026-10-07T18:09:12.3405075Z Unpacking libhwy1t64:amd64 (1.0.7-8.1build1) ...
2026-10-07T18:09:12.3706454Z Selecting previously unselected package libjxl0.7:amd64.
2026-10-07T18:09:12.3831152Z Preparing to unpack .../012-libjxl0.7_0.7.0-10.2ubuntu6.1_amd64.deb ...
2026-10-07T18:09:12.3837612Z Unpacking libjxl0.7:amd64 (0.7.0-10.2ubuntu6.1) ...
2026-10-07T18:09:12.4146594Z Selecting previously unselected package libmp3lame0:amd64.
2026-10-07T18:09:12.4273842Z Preparing to unpack .../013-libmp3lame0_3.100-6build1_amd64.deb ...
2026-10-07T18:09:12.4280342Z Unpacking libmp3lame0:amd64 (3.100-6build1) ...
2026-10-07T18:09:12.4487144Z Selecting previously unselected package libopus0:amd64.
2026-10-07T18:09:12.4612046Z Preparing to unpack .../014-libopus0_1.4-1build1_amd64.deb ...
2026-10-07T18:09:12.4622351Z Unpacking libopus0:amd64 (1.4-1build1) ...
2026-10-07T18:09:12.4830141Z Selecting previously unselected package librav1e0:amd64.
2026-10-07T18:09:12.4956198Z Preparing to unpack .../015-librav1e0_0.7.1-2_amd64.deb ...
2026-10-07T18:09:12.4963820Z Unpacking librav1e0:amd64 (0.7.1-2) ...
2026-10-07T18:09:12.5292477Z Selecting previously unselected package librsvg2-2:amd64.
2026-10-07T18:09:12.5417748Z Preparing to unpack .../016-librsvg2-2_2.58.0+dfsg-1ubuntu0.1_amd64.deb ...
2026-10-07T18:09:12.5426559Z Unpacking librsvg2-2:amd64 (2.58.0+dfsg-1ubuntu0.1) ...
2026-10-07T18:09:12.5867435Z Selecting previously unselected package libshine3:amd64.
2026-10-07T18:09:12.5993411Z Preparing to unpack .../017-libshine3_3.1.1-2build1_amd64.deb ...
2026-10-07T18:09:12.5999779Z Unpacking libshine3:amd64 (3.1.1-2build1) ...
2026-10-07T18:09:12.6186207Z Selecting previously unselected package libspeex1:amd64.
2026-10-07T18:09:12.6313170Z Preparing to unpack .../018-libspeex1_1.2.1-2ubuntu2.24.04.1_amd64.deb ...
2026-10-07T18:09:12.6320340Z Unpacking libspeex1:amd64 (1.2.1-2ubuntu2.24.04.1) ...
2026-10-07T18:09:12.6510305Z Selecting previously unselected package libsvtav1enc1d1:amd64.
2026-10-07T18:09:12.6634632Z Preparing to unpack .../019-libsvtav1enc1d1_1.7.0+dfsg-2build1_amd64.deb ...
2026-10-07T18:09:12.6641638Z Unpacking libsvtav1enc1d1:amd64 (1.7.0+dfsg-2build1) ...
2026-10-07T18:09:12.7097628Z Selecting previously unselected package libsoxr0:amd64.
2026-10-07T18:09:12.7224160Z Preparing to unpack .../020-libsoxr0_0.1.3-4build3_amd64.deb ...
2026-10-07T18:09:12.7231148Z Unpacking libsoxr0:amd64 (0.1.3-4build3) ...
2026-10-07T18:09:12.7450260Z Selecting previously unselected package libswresample4:amd64.
2026-10-07T18:09:12.7575852Z Preparing to unpack .../021-libswresample4_7%3a6.1.1-3ubuntu5_amd64.deb ...
2026-10-07T18:09:12.7582596Z Unpacking libswresample4:amd64 (7:6.1.1-3ubuntu5) ...
2026-10-07T18:09:12.7779318Z Selecting previously unselected package libtheora0:amd64.
2026-10-07T18:09:12.7903663Z Preparing to unpack .../022-libtheora0_1.1.1+dfsg.1-16.1build3_amd64.deb ...
2026-10-07T18:09:12.7910640Z Unpacking libtheora0:amd64 (1.1.1+dfsg.1-16.1build3) ...
2026-10-07T18:09:12.8134739Z Selecting previously unselected package libtwolame0:amd64.
2026-10-07T18:09:12.8259571Z Preparing to unpack .../023-libtwolame0_0.4.0-2build3_amd64.deb ...
2026-10-07T18:09:12.8266163Z Unpacking libtwolame0:amd64 (0.4.0-2build3) ...
2026-10-07T18:09:12.8467049Z Selecting previously unselected package libvorbisenc2:amd64.
2026-10-07T18:09:12.8592266Z Preparing to unpack .../024-libvorbisenc2_1.3.7-1build3_amd64.deb ...
2026-10-07T18:09:12.8598929Z Unpacking libvorbisenc2:amd64 (1.3.7-1build3) ...
2026-10-07T18:09:12.8812414Z Selecting previously unselected package libvpx9:amd64.
2026-10-07T18:09:12.8937874Z Preparing to unpack .../025-libvpx9_1.14.0-1ubuntu2.3_amd64.deb ...
2026-10-07T18:09:12.8945875Z Unpacking libvpx9:amd64 (1.14.0-1ubuntu2.3) ...
2026-10-07T18:09:12.9263323Z Selecting previously unselected package libx264-164:amd64.
2026-10-07T18:09:12.9388162Z Preparing to unpack .../026-libx264-164_2%3a0.164.3108+git31e19f9-1_amd64.deb ...
2026-10-07T18:09:12.9395759Z Unpacking libx264-164:amd64 (2:0.164.3108+git31e19f9-1) ...
2026-10-07T18:09:12.9656652Z Selecting previously unselected package libx265-199:amd64.
2026-10-07T18:09:12.9781406Z Preparing to unpack .../027-libx265-199_3.5-2build1_amd64.deb ...
2026-10-07T18:09:12.9788070Z Unpacking libx265-199:amd64 (3.5-2build1) ...
2026-10-07T18:09:13.0431169Z Selecting previously unselected package libxvidcore4:amd64.
2026-10-07T18:09:13.0557588Z Preparing to unpack .../028-libxvidcore4_2%3a1.3.7-1build1_amd64.deb ...
2026-10-07T18:09:13.0564758Z Unpacking libxvidcore4:amd64 (2:1.3.7-1build1) ...
2026-10-07T18:09:13.0798837Z Selecting previously unselected package libzvbi-common.
2026-10-07T18:09:13.0923217Z Preparing to unpack .../029-libzvbi-common_0.2.42-2_all.deb ...
2026-10-07T18:09:13.0929888Z Unpacking libzvbi-common (0.2.42-2) ...
2026-10-07T18:09:13.1304707Z Selecting previously unselected package libzvbi0t64:amd64.
2026-10-07T18:09:13.1429490Z Preparing to unpack .../030-libzvbi0t64_0.2.42-2_amd64.deb ...
2026-10-07T18:09:13.1436446Z Unpacking libzvbi0t64:amd64 (0.2.42-2) ...
2026-10-07T18:09:13.1658871Z Selecting previously unselected package libavcodec60:amd64.
2026-10-07T18:09:13.1785184Z Preparing to unpack .../031-libavcodec60_7%3a6.1.1-3ubuntu5_amd64.deb ...
2026-10-07T18:09:13.1792302Z Unpacking libavcodec60:amd64 (7:6.1.1-3ubuntu5) ...
2026-10-07T18:09:13.2581329Z Selecting previously unselected package libraw1394-11:amd64.
2026-10-07T18:09:13.2707851Z Preparing to unpack .../032-libraw1394-11_2.1.2-2build3_amd64.deb ...
2026-10-07T18:09:13.2715401Z Unpacking libraw1394-11:amd64 (2.1.2-2build3) ...
2026-10-07T18:09:13.2912855Z Selecting previously unselected package libavc1394-0:amd64.
2026-10-07T18:09:13.3036579Z Preparing to unpack .../033-libavc1394-0_0.5.4-5build3_amd64.deb ...
2026-10-07T18:09:13.3044090Z Unpacking libavc1394-0:amd64 (0.5.4-5build3) ...
2026-10-07T18:09:13.3359756Z Preparing to unpack .../034-libfreetype6_2.13.2+dfsg-1ubuntu0.2_amd64.deb ...
2026-10-07T18:09:13.3380831Z Unpacking libfreetype6:amd64 (2.13.2+dfsg-1ubuntu0.2) over (2.13.2+dfsg-1ubuntu0.1) ...
2026-10-07T18:09:13.3623404Z Selecting previously unselected package libunibreak5:amd64.
2026-10-07T18:09:13.3748915Z Preparing to unpack .../035-libunibreak5_5.1-2build1_amd64.deb ...
2026-10-07T18:09:13.3755633Z Unpacking libunibreak5:amd64 (5.1-2build1) ...
2026-10-07T18:09:13.3946893Z Selecting previously unselected package libass9:amd64.
2026-10-07T18:09:13.4070849Z Preparing to unpack .../036-libass9_1%3a0.17.1-2build1_amd64.deb ...
2026-10-07T18:09:13.4077927Z Unpacking libass9:amd64 (1:0.17.1-2build1) ...
2026-10-07T18:09:13.4276134Z Selecting previously unselected package libudfread0:amd64.
2026-10-07T18:09:13.4399795Z Preparing to unpack .../037-libudfread0_1.1.2-1build1_amd64.deb ...
2026-10-07T18:09:13.4406743Z Unpacking libudfread0:amd64 (1.1.2-1build1) ...
2026-10-07T18:09:13.4600778Z Selecting previously unselected package libbluray2:amd64.
2026-10-07T18:09:13.4725225Z Preparing to unpack .../038-libbluray2_1%3a1.3.4-1build1_amd64.deb ...
2026-10-07T18:09:13.4732818Z Unpacking libbluray2:amd64 (1:1.3.4-1build1) ...
2026-10-07T18:09:13.4939842Z Selecting previously unselected package libchromaprint1:amd64.
2026-10-07T18:09:13.5064771Z Preparing to unpack .../039-libchromaprint1_1.5.1-5_amd64.deb ...
2026-10-07T18:09:13.5073398Z Unpacking libchromaprint1:amd64 (1.5.1-5) ...
2026-10-07T18:09:13.5264494Z Selecting previously unselected package libgme0:amd64.
2026-10-07T18:09:13.5388123Z Preparing to unpack .../040-libgme0_0.6.3-7build1_amd64.deb ...
2026-10-07T18:09:13.5395304Z Unpacking libgme0:amd64 (0.6.3-7build1) ...
2026-10-07T18:09:13.5595161Z Selecting previously unselected package libmpg123-0t64:amd64.
2026-10-07T18:09:13.5717650Z Preparing to unpack .../041-libmpg123-0t64_1.32.5-1ubuntu1.1_amd64.deb ...
2026-10-07T18:09:13.5725745Z Unpacking libmpg123-0t64:amd64 (1.32.5-1ubuntu1.1) ...
2026-10-07T18:09:13.5933297Z Selecting previously unselected package libopenmpt0t64:amd64.
2026-10-07T18:09:13.6055433Z Preparing to unpack .../042-libopenmpt0t64_0.7.3-1.1build3_amd64.deb ...
2026-10-07T18:09:13.6062953Z Unpacking libopenmpt0t64:amd64 (0.7.3-1.1build3) ...
2026-10-07T18:09:13.6354377Z Selecting previously unselected package libcjson1:amd64.
2026-10-07T18:09:13.6476482Z Preparing to unpack .../043-libcjson1_1.7.17-1_amd64.deb ...
2026-10-07T18:09:13.6486121Z Unpacking libcjson1:amd64 (1.7.17-1) ...
2026-10-07T18:09:13.6675347Z Selecting previously unselected package libmbedcrypto7t64:amd64.
2026-10-07T18:09:13.6795876Z Preparing to unpack .../044-libmbedcrypto7t64_2.28.8-1_amd64.deb ...
2026-10-07T18:09:13.6803529Z Unpacking libmbedcrypto7t64:amd64 (2.28.8-1) ...
2026-10-07T18:09:13.7012236Z Selecting previously unselected package librist4:amd64.
2026-10-07T18:09:13.7132063Z Preparing to unpack .../045-librist4_0.2.10+dfsg-2_amd64.deb ...
2026-10-07T18:09:13.7146429Z Unpacking librist4:amd64 (0.2.10+dfsg-2) ...
2026-10-07T18:09:13.7333412Z Selecting previously unselected package libsrt1.5-gnutls:amd64.
2026-10-07T18:09:13.7452154Z Preparing to unpack .../046-libsrt1.5-gnutls_1.5.3-1build2_amd64.deb ...
2026-10-07T18:09:13.7459494Z Unpacking libsrt1.5-gnutls:amd64 (1.5.3-1build2) ...
2026-10-07T18:09:13.7675857Z Selecting previously unselected package libssh-gcrypt-4:amd64.
2026-10-07T18:09:13.7794225Z Preparing to unpack .../047-libssh-gcrypt-4_0.10.6-2ubuntu0.5_amd64.deb ...
2026-10-07T18:09:13.7801369Z Unpacking libssh-gcrypt-4:amd64 (0.10.6-2ubuntu0.5) ...
2026-10-07T18:09:13.8009911Z Selecting previously unselected package libavformat60:amd64.
2026-10-07T18:09:13.8128214Z Preparing to unpack .../048-libavformat60_7%3a6.1.1-3ubuntu5_amd64.deb ...
2026-10-07T18:09:13.8134584Z Unpacking libavformat60:amd64 (7:6.1.1-3ubuntu5) ...
2026-10-07T18:09:13.8436876Z Selecting previously unselected package libbs2b0:amd64.
2026-10-07T18:09:13.8557594Z Preparing to unpack .../049-libbs2b0_3.1.0+dfsg-7build1_amd64.deb ...
2026-10-07T18:09:13.8565091Z Unpacking libbs2b0:amd64 (3.1.0+dfsg-7build1) ...
2026-10-07T18:09:13.8775119Z Selecting previously unselected package libflite1:amd64.
2026-10-07T18:09:13.8894365Z Preparing to unpack .../050-libflite1_2.2-6build3_amd64.deb ...
2026-10-07T18:09:13.8901336Z Unpacking libflite1:amd64 (2.2-6build3) ...
2026-10-07T18:09:13.9947529Z Selecting previously unselected package libserd-0-0:amd64.
2026-10-07T18:09:14.0074918Z Preparing to unpack .../051-libserd-0-0_0.32.2-1_amd64.deb ...
2026-10-07T18:09:14.0081735Z Unpacking libserd-0-0:amd64 (0.32.2-1) ...
2026-10-07T18:09:14.0272374Z Selecting previously unselected package libzix-0-0:amd64.
2026-10-07T18:09:14.0398010Z Preparing to unpack .../052-libzix-0-0_0.4.2-2build1_amd64.deb ...
2026-10-07T18:09:14.0405436Z Unpacking libzix-0-0:amd64 (0.4.2-2build1) ...
2026-10-07T18:09:14.0613657Z Selecting previously unselected package libsord-0-0:amd64.
2026-10-07T18:09:14.0738926Z Preparing to unpack .../053-libsord-0-0_0.16.16-2build1_amd64.deb ...
2026-10-07T18:09:14.0746158Z Unpacking libsord-0-0:amd64 (0.16.16-2build1) ...
2026-10-07T18:09:14.0940087Z Selecting previously unselected package libsratom-0-0:amd64.
2026-10-07T18:09:14.1065465Z Preparing to unpack .../054-libsratom-0-0_0.6.16-1build1_amd64.deb ...
2026-10-07T18:09:14.1072792Z Unpacking libsratom-0-0:amd64 (0.6.16-1build1) ...
2026-10-07T18:09:14.1262487Z Selecting previously unselected package liblilv-0-0:amd64.
2026-10-07T18:09:14.1387353Z Preparing to unpack .../055-liblilv-0-0_0.24.22-1build1_amd64.deb ...
2026-10-07T18:09:14.1394719Z Unpacking liblilv-0-0:amd64 (0.24.22-1build1) ...
2026-10-07T18:09:14.1590646Z Selecting previously unselected package libmysofa1:amd64.
2026-10-07T18:09:14.1717469Z Preparing to unpack .../056-libmysofa1_1.3.2+dfsg-2ubuntu2_amd64.deb ...
2026-10-07T18:09:14.1725407Z Unpacking libmysofa1:amd64 (1.3.2+dfsg-2ubuntu2) ...
2026-10-07T18:09:14.1955344Z Selecting previously unselected package libplacebo338:amd64.
2026-10-07T18:09:14.2078947Z Preparing to unpack .../057-libplacebo338_6.338.2-2build1_amd64.deb ...
2026-10-07T18:09:14.2086909Z Unpacking libplacebo338:amd64 (6.338.2-2build1) ...
2026-10-07T18:09:14.2602528Z Selecting previously unselected package libblas3:amd64.
2026-10-07T18:09:14.2730290Z Preparing to unpack .../058-libblas3_3.12.0-3build1.1_amd64.deb ...
2026-10-07T18:09:14.2760114Z Unpacking libblas3:amd64 (3.12.0-3build1.1) ...
2026-10-07T18:09:14.2996785Z Selecting previously unselected package liblapack3:amd64.
2026-10-07T18:09:14.3124846Z Preparing to unpack .../059-liblapack3_3.12.0-3build1.1_amd64.deb ...
2026-10-07T18:09:14.3155428Z Unpacking liblapack3:amd64 (3.12.0-3build1.1) ...
2026-10-07T18:09:14.3627931Z Selecting previously unselected package libasyncns0:amd64.
2026-10-07T18:09:14.3754318Z Preparing to unpack .../060-libasyncns0_0.8-6build4_amd64.deb ...
2026-10-07T18:09:14.3764184Z Unpacking libasyncns0:amd64 (0.8-6build4) ...
2026-10-07T18:09:14.3969476Z Selecting previously unselected package libflac12t64:amd64.
2026-10-07T18:09:14.4096846Z Preparing to unpack .../061-libflac12t64_1.4.3+ds-2.1ubuntu2_amd64.deb ...
2026-10-07T18:09:14.4104332Z Unpacking libflac12t64:amd64 (1.4.3+ds-2.1ubuntu2) ...
2026-10-07T18:09:14.4320666Z Selecting previously unselected package libsndfile1:amd64.
2026-10-07T18:09:14.4445117Z Preparing to unpack .../062-libsndfile1_1.2.2-1ubuntu5.24.04.1_amd64.deb ...
2026-10-07T18:09:14.4452731Z Unpacking libsndfile1:amd64 (1.2.2-1ubuntu5.24.04.1) ...
2026-10-07T18:09:14.4679666Z Selecting previously unselected package libpulse0:amd64.
2026-10-07T18:09:14.4802209Z Preparing to unpack .../063-libpulse0_1%3a16.1+dfsg1-2ubuntu10.1_amd64.deb ...
2026-10-07T18:09:14.4865790Z Unpacking libpulse0:amd64 (1:16.1+dfsg1-2ubuntu10.1) ...
2026-10-07T18:09:14.5098275Z Selecting previously unselected package libsphinxbase3t64:amd64.
2026-10-07T18:09:14.5221191Z Preparing to unpack .../064-libsphinxbase3t64_0.8+5prealpha+1-17build2_amd64.deb ...
2026-10-07T18:09:14.5228952Z Unpacking libsphinxbase3t64:amd64 (0.8+5prealpha+1-17build2) ...
2026-10-07T18:09:14.5433262Z Selecting previously unselected package libpocketsphinx3:amd64.
2026-10-07T18:09:14.5555213Z Preparing to unpack .../065-libpocketsphinx3_0.8.0+real5prealpha+1-15ubuntu5_amd64.deb ...
2026-10-07T18:09:14.5562577Z Unpacking libpocketsphinx3:amd64 (0.8.0+real5prealpha+1-15ubuntu5) ...
2026-10-07T18:09:14.5765993Z Selecting previously unselected package libpostproc57:amd64.
2026-10-07T18:09:14.5888329Z Preparing to unpack .../066-libpostproc57_7%3a6.1.1-3ubuntu5_amd64.deb ...
2026-10-07T18:09:14.5895760Z Unpacking libpostproc57:amd64 (7:6.1.1-3ubuntu5) ...
2026-10-07T18:09:14.6092322Z Selecting previously unselected package libsamplerate0:amd64.
2026-10-07T18:09:14.6214021Z Preparing to unpack .../067-libsamplerate0_0.2.2-4build1_amd64.deb ...
2026-10-07T18:09:14.6221628Z Unpacking libsamplerate0:amd64 (0.2.2-4build1) ...
2026-10-07T18:09:14.6466113Z Selecting previously unselected package librubberband2:amd64.
2026-10-07T18:09:14.6588897Z Preparing to unpack .../068-librubberband2_3.3.0+dfsg-2build1_amd64.deb ...
2026-10-07T18:09:14.6595592Z Unpacking librubberband2:amd64 (3.3.0+dfsg-2build1) ...
2026-10-07T18:09:14.6798583Z Selecting previously unselected package libswscale7:amd64.
2026-10-07T18:09:14.6919998Z Preparing to unpack .../069-libswscale7_7%3a6.1.1-3ubuntu5_amd64.deb ...
2026-10-07T18:09:14.6926968Z Unpacking libswscale7:amd64 (7:6.1.1-3ubuntu5) ...
2026-10-07T18:09:14.7136995Z Selecting previously unselected package libvidstab1.1:amd64.
2026-10-07T18:09:14.7260724Z Preparing to unpack .../070-libvidstab1.1_1.1.0-2build1_amd64.deb ...
2026-10-07T18:09:14.7267791Z Unpacking libvidstab1.1:amd64 (1.1.0-2build1) ...
2026-10-07T18:09:14.7462575Z Selecting previously unselected package libzimg2:amd64.
2026-10-07T18:09:14.7580288Z Preparing to unpack .../071-libzimg2_3.0.5+ds1-1build1_amd64.deb ...
2026-10-07T18:09:14.7588739Z Unpacking libzimg2:amd64 (3.0.5+ds1-1build1) ...
2026-10-07T18:09:14.7807454Z Selecting previously unselected package libavfilter9:amd64.
2026-10-07T18:09:14.7926372Z Preparing to unpack .../072-libavfilter9_7%3a6.1.1-3ubuntu5_amd64.deb ...
2026-10-07T18:09:14.7934815Z Unpacking libavfilter9:amd64 (7:6.1.1-3ubuntu5) ...
2026-10-07T18:09:14.8605664Z Selecting previously unselected package libcaca0:amd64.
2026-10-07T18:09:14.8732740Z Preparing to unpack .../073-libcaca0_0.99.beta20-4ubuntu0.2_amd64.deb ...
2026-10-07T18:09:14.8740587Z Unpacking libcaca0:amd64 (0.99.beta20-4ubuntu0.2) ...
2026-10-07T18:09:14.8974768Z Selecting previously unselected package libcdio19t64:amd64.
2026-10-07T18:09:14.9100318Z Preparing to unpack .../074-libcdio19t64_2.1.0-4.1ubuntu1.2_amd64.deb ...
2026-10-07T18:09:14.9108272Z Unpacking libcdio19t64:amd64 (2.1.0-4.1ubuntu1.2) ...
2026-10-07T18:09:14.9313304Z Selecting previously unselected package libcdio-cdda2t64:amd64.
2026-10-07T18:09:14.9439199Z Preparing to unpack .../075-libcdio-cdda2t64_10.2+2.0.1-1.1build2_amd64.deb ...
2026-10-07T18:09:14.9448560Z Unpacking libcdio-cdda2t64:amd64 (10.2+2.0.1-1.1build2) ...
2026-10-07T18:09:14.9641072Z Selecting previously unselected package libcdio-paranoia2t64:amd64.
2026-10-07T18:09:14.9764789Z Preparing to unpack .../076-libcdio-paranoia2t64_10.2+2.0.1-1.1build2_amd64.deb ...
2026-10-07T18:09:14.9772310Z Unpacking libcdio-paranoia2t64:amd64 (10.2+2.0.1-1.1build2) ...
2026-10-07T18:09:14.9961223Z Selecting previously unselected package libdc1394-25:amd64.
2026-10-07T18:09:15.0083827Z Preparing to unpack .../077-libdc1394-25_2.2.6-4build1_amd64.deb ...
2026-10-07T18:09:15.0090670Z Unpacking libdc1394-25:amd64 (2.2.6-4build1) ...
2026-10-07T18:09:15.0284721Z Selecting previously unselected package libiec61883-0:amd64.
2026-10-07T18:09:15.0404831Z Preparing to unpack .../078-libiec61883-0_1.2.0-6build1_amd64.deb ...
2026-10-07T18:09:15.0411735Z Unpacking libiec61883-0:amd64 (1.2.0-6build1) ...
2026-10-07T18:09:15.0602429Z Selecting previously unselected package libjack-jackd2-0:amd64.
2026-10-07T18:09:15.0722605Z Preparing to unpack .../079-libjack-jackd2-0_1.9.21~dfsg-3ubuntu3_amd64.deb ...
2026-10-07T18:09:15.0730564Z Unpacking libjack-jackd2-0:amd64 (1.9.21~dfsg-3ubuntu3) ...
2026-10-07T18:09:15.0997448Z Selecting previously unselected package libopenal-data.
2026-10-07T18:09:15.1116644Z Preparing to unpack .../080-libopenal-data_1%3a1.23.1-4build1_all.deb ...
2026-10-07T18:09:15.1124008Z Unpacking libopenal-data (1:1.23.1-4build1) ...
2026-10-07T18:09:15.1337167Z Selecting previously unselected package libsndio7.0:amd64.
2026-10-07T18:09:15.1457504Z Preparing to unpack .../081-libsndio7.0_1.9.0-0.3build3_amd64.deb ...
2026-10-07T18:09:15.1465998Z Unpacking libsndio7.0:amd64 (1.9.0-0.3build3) ...
2026-10-07T18:09:15.1935415Z Selecting previously unselected package libopenal1:amd64.
2026-10-07T18:09:15.2054971Z Preparing to unpack .../082-libopenal1_1%3a1.23.1-4build1_amd64.deb ...
2026-10-07T18:09:15.2062289Z Unpacking libopenal1:amd64 (1:1.23.1-4build1) ...
2026-10-07T18:09:15.2298390Z Selecting previously unselected package libdecor-0-0:amd64.
2026-10-07T18:09:15.2419735Z Preparing to unpack .../083-libdecor-0-0_0.2.2-1build2_amd64.deb ...
2026-10-07T18:09:15.2427236Z Unpacking libdecor-0-0:amd64 (0.2.2-1build2) ...
2026-10-07T18:09:15.2619009Z Selecting previously unselected package libsdl2-2.0-0:amd64.
2026-10-07T18:09:15.2742435Z Preparing to unpack .../084-libsdl2-2.0-0_2.30.0+dfsg-1ubuntu3.1_amd64.deb ...
2026-10-07T18:09:15.2750061Z Unpacking libsdl2-2.0-0:amd64 (2.30.0+dfsg-1ubuntu3.1) ...
2026-10-07T18:09:15.3015939Z Selecting previously unselected package libxcb-shape0:amd64.
2026-10-07T18:09:15.3138385Z Preparing to unpack .../085-libxcb-shape0_1.15-1ubuntu2_amd64.deb ...
2026-10-07T18:09:15.3149406Z Unpacking libxcb-shape0:amd64 (1.15-1ubuntu2) ...
2026-10-07T18:09:15.3339337Z Selecting previously unselected package libxv1:amd64.
2026-10-07T18:09:15.3460307Z Preparing to unpack .../086-libxv1_2%3a1.0.11-1.1build1_amd64.deb ...
2026-10-07T18:09:15.3467311Z Unpacking libxv1:amd64 (2:1.0.11-1.1build1) ...
2026-10-07T18:09:15.3660151Z Selecting previously unselected package libavdevice60:amd64.
2026-10-07T18:09:15.3783352Z Preparing to unpack .../087-libavdevice60_7%3a6.1.1-3ubuntu5_amd64.deb ...
2026-10-07T18:09:15.3789451Z Unpacking libavdevice60:amd64 (7:6.1.1-3ubuntu5) ...
2026-10-07T18:09:15.3986099Z Selecting previously unselected package ffmpeg.
2026-10-07T18:09:15.4106563Z Preparing to unpack .../088-ffmpeg_7%3a6.1.1-3ubuntu5_amd64.deb ...
2026-10-07T18:09:15.4112841Z Unpacking ffmpeg (7:6.1.1-3ubuntu5) ...
2026-10-07T18:09:15.4509754Z Selecting previously unselected package fonts-noto-cjk.
2026-10-07T18:09:15.4629888Z Preparing to unpack .../089-fonts-noto-cjk_1%3a20230817+repack1-3_all.deb ...
2026-10-07T18:09:15.4689953Z Unpacking fonts-noto-cjk (1:20230817+repack1-3) ...
2026-10-07T18:09:15.8451535Z Selecting previously unselected package libigdgmm12:amd64.
2026-10-07T18:09:15.8577787Z Preparing to unpack .../090-libigdgmm12_22.3.17+ds1-1ubuntu1_amd64.deb ...
2026-10-07T18:09:15.8588011Z Unpacking libigdgmm12:amd64 (22.3.17+ds1-1ubuntu1) ...
2026-10-07T18:09:15.8797813Z Selecting previously unselected package intel-media-va-driver:amd64.
2026-10-07T18:09:15.8924465Z Preparing to unpack .../091-intel-media-va-driver_24.1.0+dfsg1-1ubuntu0.2_amd64.deb ...
2026-10-07T18:09:15.8932217Z Unpacking intel-media-va-driver:amd64 (24.1.0+dfsg1-1ubuntu0.2) ...
2026-10-07T18:09:15.9578605Z Selecting previously unselected package libaacs0:amd64.
2026-10-07T18:09:15.9705840Z Preparing to unpack .../092-libaacs0_0.11.1-2build1_amd64.deb ...
2026-10-07T18:09:15.9713548Z Unpacking libaacs0:amd64 (0.11.1-2build1) ...
2026-10-07T18:09:15.9918365Z Selecting previously unselected package libbdplus0:amd64.
2026-10-07T18:09:16.0045352Z Preparing to unpack .../093-libbdplus0_0.2.0-3build1_amd64.deb ...
2026-10-07T18:09:16.0052484Z Unpacking libbdplus0:amd64 (0.2.0-3build1) ...
2026-10-07T18:09:16.0244646Z Selecting previously unselected package libbrotli-dev:amd64.
2026-10-07T18:09:16.0369865Z Preparing to unpack .../094-libbrotli-dev_1.1.0-2build2_amd64.deb ...
2026-10-07T18:09:16.0376059Z Unpacking libbrotli-dev:amd64 (1.1.0-2build2) ...
2026-10-07T18:09:16.0632787Z Selecting previously unselected package libbz2-dev:amd64.
2026-10-07T18:09:16.0758996Z Preparing to unpack .../095-libbz2-dev_1.0.8-5.1ubuntu0.1_amd64.deb ...
2026-10-07T18:09:16.0766896Z Unpacking libbz2-dev:amd64 (1.0.8-5.1ubuntu0.1) ...
2026-10-07T18:09:16.0954842Z Selecting previously unselected package libdecor-0-plugin-1-gtk:amd64.
2026-10-07T18:09:16.1080392Z Preparing to unpack .../096-libdecor-0-plugin-1-gtk_0.2.2-1build2_amd64.deb ...
2026-10-07T18:09:16.1089856Z Unpacking libdecor-0-plugin-1-gtk:amd64 (0.2.2-1build2) ...
2026-10-07T18:09:16.1287684Z Selecting previously unselected package libpng-dev:amd64.
2026-10-07T18:09:16.1413755Z Preparing to unpack .../097-libpng-dev_1.6.43-5ubuntu0.6_amd64.deb ...
2026-10-07T18:09:16.1420577Z Unpacking libpng-dev:amd64 (1.6.43-5ubuntu0.6) ...
2026-10-07T18:09:16.1718746Z Selecting previously unselected package libfreetype-dev:amd64.
2026-10-07T18:09:16.1846042Z Preparing to unpack .../098-libfreetype-dev_2.13.2+dfsg-1ubuntu0.2_amd64.deb ...
2026-10-07T18:09:16.1854728Z Unpacking libfreetype-dev:amd64 (2.13.2+dfsg-1ubuntu0.2) ...
2026-10-07T18:09:16.2184276Z Selecting previously unselected package uuid-dev:amd64.
2026-10-07T18:09:16.2310977Z Preparing to unpack .../099-uuid-dev_2.39.3-9ubuntu6.6_amd64.deb ...
2026-10-07T18:09:16.2317050Z Unpacking uuid-dev:amd64 (2.39.3-9ubuntu6.6) ...
2026-10-07T18:09:16.2569912Z Selecting previously unselected package libfontconfig-dev:amd64.
2026-10-07T18:09:16.2695927Z Preparing to unpack .../100-libfontconfig-dev_2.15.0-1.1ubuntu2_amd64.deb ...
2026-10-07T18:09:16.2716644Z Unpacking libfontconfig-dev:amd64 (2.15.0-1.1ubuntu2) ...
2026-10-07T18:09:16.2940042Z Selecting previously unselected package libfontconfig1-dev:amd64.
2026-10-07T18:09:16.3066785Z Preparing to unpack .../101-libfontconfig1-dev_2.15.0-1.1ubuntu2_amd64.deb ...
2026-10-07T18:09:16.3073024Z Unpacking libfontconfig1-dev:amd64 (2.15.0-1.1ubuntu2) ...
2026-10-07T18:09:16.3254980Z Selecting previously unselected package libpng-tools.
2026-10-07T18:09:16.3381068Z Preparing to unpack .../102-libpng-tools_1.6.43-5ubuntu0.6_amd64.deb ...
2026-10-07T18:09:16.3389828Z Unpacking libpng-tools (1.6.43-5ubuntu0.6) ...
2026-10-07T18:09:16.3581290Z Selecting previously unselected package librsvg2-common:amd64.
2026-10-07T18:09:16.3707751Z Preparing to unpack .../103-librsvg2-common_2.58.0+dfsg-1ubuntu0.1_amd64.deb ...
2026-10-07T18:09:16.3714534Z Unpacking librsvg2-common:amd64 (2.58.0+dfsg-1ubuntu0.1) ...
2026-10-07T18:09:16.3927985Z Selecting previously unselected package mesa-va-drivers:amd64.
2026-10-07T18:09:16.4052834Z Preparing to unpack .../104-mesa-va-drivers_25.2.8-0ubuntu0.24.04.4_amd64.deb ...
2026-10-07T18:09:16.4060276Z Unpacking mesa-va-drivers:amd64 (25.2.8-0ubuntu0.24.04.4) ...
2026-10-07T18:09:16.4256984Z Selecting previously unselected package mesa-vdpau-drivers:amd64.
2026-10-07T18:09:16.4383125Z Preparing to unpack .../105-mesa-vdpau-drivers_25.2.8-0ubuntu0.24.04.4_amd64.deb ...
2026-10-07T18:09:16.4391093Z Unpacking mesa-vdpau-drivers:amd64 (25.2.8-0ubuntu0.24.04.4) ...
2026-10-07T18:09:16.4601035Z Selecting previously unselected package i965-va-driver:amd64.
2026-10-07T18:09:16.4728724Z Preparing to unpack .../106-i965-va-driver_2.4.1+dfsg1-1ubuntu0.2_amd64.deb ...
2026-10-07T18:09:16.4736603Z Unpacking i965-va-driver:amd64 (2.4.1+dfsg1-1ubuntu0.2) ...
2026-10-07T18:09:16.4977625Z Selecting previously unselected package va-driver-all:amd64.
2026-10-07T18:09:16.5103911Z Preparing to unpack .../107-va-driver-all_2.20.0-2ubuntu0.2_amd64.deb ...
2026-10-07T18:09:16.5110742Z Unpacking va-driver-all:amd64 (2.20.0-2ubuntu0.2) ...
2026-10-07T18:09:16.5292080Z Selecting previously unselected package vdpau-driver-all:amd64.
2026-10-07T18:09:16.5418406Z Preparing to unpack .../108-vdpau-driver-all_1.5-2build1_amd64.deb ...
2026-10-07T18:09:16.5426308Z Unpacking vdpau-driver-all:amd64 (1.5-2build1) ...
2026-10-07T18:09:16.5606344Z Selecting previously unselected package pocketsphinx-en-us.
2026-10-07T18:09:16.5732455Z Preparing to unpack .../109-pocketsphinx-en-us_0.8.0+real5prealpha+1-15ubuntu5_all.deb ...
2026-10-07T18:09:16.5739765Z Unpacking pocketsphinx-en-us (0.8.0+real5prealpha+1-15ubuntu5) ...
2026-10-07T18:09:16.7615182Z Setting up libgme0:amd64 (0.6.3-7build1) ...
2026-10-07T18:09:16.7637390Z Setting up libchromaprint1:amd64 (1.5.1-5) ...
2026-10-07T18:09:16.7657443Z Setting up libssh-gcrypt-4:amd64 (0.10.6-2ubuntu0.5) ...
2026-10-07T18:09:16.7675602Z Setting up libhwy1t64:amd64 (1.0.7-8.1build1) ...
2026-10-07T18:09:16.7695655Z Setting up libudfread0:amd64 (1.1.2-1build1) ...
2026-10-07T18:09:16.7712827Z Setting up bzip2-doc (1.0.8-5.1ubuntu0.1) ...
2026-10-07T18:09:16.7733294Z Setting up libraw1394-11:amd64 (2.1.2-2build3) ...
2026-10-07T18:09:16.7755133Z Setting up libspeex1:amd64 (1.2.1-2ubuntu2.24.04.1) ...
2026-10-07T18:09:16.7776186Z Setting up libshine3:amd64 (3.1.1-2build1) ...
2026-10-07T18:09:16.7794026Z Setting up libcaca0:amd64 (0.99.beta20-4ubuntu0.2) ...
2026-10-07T18:09:16.7811418Z Setting up libvpl2 (2023.3.0-1build1) ...
2026-10-07T18:09:16.7834919Z Setting up libx264-164:amd64 (2:0.164.3108+git31e19f9-1) ...
2026-10-07T18:09:16.7852235Z Setting up libtwolame0:amd64 (0.4.0-2build3) ...
2026-10-07T18:09:16.7882089Z Setting up libmbedcrypto7t64:amd64 (2.28.8-1) ...
2026-10-07T18:09:16.7899999Z Setting up libpng-tools (1.6.43-5ubuntu0.6) ...
2026-10-07T18:09:16.7919023Z Setting up libgsm1:amd64 (1.0.22-1build1) ...
2026-10-07T18:09:16.7942273Z Setting up libsoxr0:amd64 (0.1.3-4build3) ...
2026-10-07T18:09:16.7961470Z Setting up libzix-0-0:amd64 (0.4.2-2build1) ...
2026-10-07T18:09:16.7981451Z Setting up libcodec2-1.2:amd64 (1.2.0-2build1) ...
2026-10-07T18:09:16.7999642Z Setting up fonts-noto-cjk (1:20230817+repack1-3) ...
2026-10-07T18:09:16.8060522Z Setting up libpng-dev:amd64 (1.6.43-5ubuntu0.6) ...
2026-10-07T18:09:16.8082882Z Setting up libmysofa1:amd64 (1.3.2+dfsg-2ubuntu2) ...
2026-10-07T18:09:16.8100583Z Setting up libxcb-shape0:amd64 (1.15-1ubuntu2) ...
2026-10-07T18:09:16.8120064Z Setting up libcdio19t64:amd64 (2.1.0-4.1ubuntu1.2) ...
2026-10-07T18:09:16.8137975Z Setting up libsvtav1enc1d1:amd64 (1.7.0+dfsg-2build1) ...
2026-10-07T18:09:16.8155705Z Setting up libigdgmm12:amd64 (22.3.17+ds1-1ubuntu1) ...
2026-10-07T18:09:16.8173808Z Setting up libmpg123-0t64:amd64 (1.32.5-1ubuntu1.1) ...
2026-10-07T18:09:16.8192868Z Setting up libcjson1:amd64 (1.7.17-1) ...
2026-10-07T18:09:16.8211577Z Setting up libxvidcore4:amd64 (2:1.3.7-1build1) ...
2026-10-07T18:09:16.8270197Z Setting up librav1e0:amd64 (0.7.1-2) ...
2026-10-07T18:09:16.8289875Z Setting up libcdio-cdda2t64:amd64 (10.2+2.0.1-1.1build2) ...
2026-10-07T18:09:16.8307230Z Setting up librist4:amd64 (0.2.10+dfsg-2) ...
2026-10-07T18:09:16.8327675Z Setting up librsvg2-2:amd64 (2.58.0+dfsg-1ubuntu0.1) ...
2026-10-07T18:09:16.8345702Z Setting up libblas3:amd64 (3.12.0-3build1.1) ...
2026-10-07T18:09:16.8403599Z update-alternatives: using /usr/lib/x86_64-linux-gnu/blas/libblas.so.3 to provide /usr/lib/x86_64-linux-gnu/libblas.so.3 (libblas.so.3-x86_64-linux-gnu) in auto mode
2026-10-07T18:09:16.8421387Z Setting up libplacebo338:amd64 (6.338.2-2build1) ...
2026-10-07T18:09:16.8439416Z Setting up libva2:amd64 (2.20.0-2ubuntu0.2) ...
2026-10-07T18:09:16.8459053Z Setting up libfreetype6:amd64 (2.13.2+dfsg-1ubuntu0.2) ...
2026-10-07T18:09:16.8477339Z Setting up uuid-dev:amd64 (2.39.3-9ubuntu6.6) ...
2026-10-07T18:09:16.8494497Z Setting up libopus0:amd64 (1.4-1build1) ...
2026-10-07T18:09:16.8514416Z Setting up libcdio-paranoia2t64:amd64 (10.2+2.0.1-1.1build2) ...
2026-10-07T18:09:16.8532086Z Setting up libdc1394-25:amd64 (2.2.6-4build1) ...
2026-10-07T18:09:16.8553139Z Setting up intel-media-va-driver:amd64 (24.1.0+dfsg1-1ubuntu0.2) ...
2026-10-07T18:09:16.8570929Z Setting up libxv1:amd64 (2:1.0.11-1.1build1) ...
2026-10-07T18:09:16.8589500Z Setting up libunibreak5:amd64 (5.1-2build1) ...
2026-10-07T18:09:16.8609197Z Setting up libaacs0:amd64 (0.11.1-2build1) ...
2026-10-07T18:09:16.8626705Z Setting up libjxl0.7:amd64 (0.7.0-10.2ubuntu6.1) ...
2026-10-07T18:09:16.8645883Z Setting up librsvg2-common:amd64 (2.58.0+dfsg-1ubuntu0.1) ...
2026-10-07T18:09:16.8692691Z Setting up pocketsphinx-en-us (0.8.0+real5prealpha+1-15ubuntu5) ...
2026-10-07T18:09:16.8712271Z Setting up libx265-199:amd64 (3.5-2build1) ...
2026-10-07T18:09:16.8733566Z Setting up libsndio7.0:amd64 (1.9.0-0.3build3) ...
2026-10-07T18:09:16.8752348Z Setting up libbdplus0:amd64 (0.2.0-3build1) ...
2026-10-07T18:09:16.8773660Z Setting up libvidstab1.1:amd64 (1.1.0-2build1) ...
2026-10-07T18:09:16.8792014Z Setting up libvpx9:amd64 (1.14.0-1ubuntu2.3) ...
2026-10-07T18:09:16.8809860Z Setting up libsrt1.5-gnutls:amd64 (1.5.3-1build2) ...
2026-10-07T18:09:16.8830417Z Setting up libflite1:amd64 (2.2-6build3) ...
2026-10-07T18:09:16.8848857Z Setting up libdav1d7:amd64 (1.4.1-1build1) ...
2026-10-07T18:09:16.8873640Z Setting up libva-drm2:amd64 (2.20.0-2ubuntu0.2) ...
2026-10-07T18:09:16.8893806Z Setting up ocl-icd-libopencl1:amd64 (2.3.2-1build1) ...
2026-10-07T18:09:16.8912606Z Setting up libasyncns0:amd64 (0.8-6build4) ...
2026-10-07T18:09:16.8932616Z Setting up libvdpau1:amd64 (1.5-2build1) ...
2026-10-07T18:09:16.8958831Z Setting up libbs2b0:amd64 (3.1.0+dfsg-7build1) ...
2026-10-07T18:09:16.8980093Z Setting up libtheora0:amd64 (1.1.1+dfsg.1-16.1build3) ...
2026-10-07T18:09:16.8998894Z Setting up libdecor-0-0:amd64 (0.2.2-1build2) ...
2026-10-07T18:09:16.9020867Z Setting up libzimg2:amd64 (3.0.5+ds1-1build1) ...
2026-10-07T18:09:16.9040347Z Setting up libopenal-data (1:1.23.1-4build1) ...
2026-10-07T18:09:16.9068338Z Setting up libflac12t64:amd64 (1.4.3+ds-2.1ubuntu2) ...
2026-10-07T18:09:16.9087171Z Setting up mesa-va-drivers:amd64 (25.2.8-0ubuntu0.24.04.4) ...
2026-10-07T18:09:16.9104710Z Setting up libbluray2:amd64 (1:1.3.4-1build1) ...
2026-10-07T18:09:16.9125260Z Setting up libsamplerate0:amd64 (0.2.2-4build1) ...
2026-10-07T18:09:16.9143847Z Setting up libva-x11-2:amd64 (2.20.0-2ubuntu0.2) ...
2026-10-07T18:09:16.9162221Z Setting up libdecor-0-plugin-1-gtk:amd64 (0.2.2-1build2) ...
2026-10-07T18:09:16.9183650Z Setting up libopenmpt0t64:amd64 (0.7.3-1.1build3) ...
2026-10-07T18:09:16.9201559Z Setting up libbrotli-dev:amd64 (1.1.0-2build2) ...
2026-10-07T18:09:16.9219768Z Setting up libzvbi-common (0.2.42-2) ...
2026-10-07T18:09:16.9239836Z Setting up libmp3lame0:amd64 (3.100-6build1) ...
2026-10-07T18:09:16.9259611Z Setting up i965-va-driver:amd64 (2.4.1+dfsg1-1ubuntu0.2) ...
2026-10-07T18:09:16.9280298Z Setting up libvorbisenc2:amd64 (1.3.7-1build3) ...
2026-10-07T18:09:16.9298253Z Setting up libiec61883-0:amd64 (1.2.0-6build1) ...
2026-10-07T18:09:16.9316060Z Setting up libserd-0-0:amd64 (0.32.2-1) ...
2026-10-07T18:09:16.9354518Z Setting up libbz2-dev:amd64 (1.0.8-5.1ubuntu0.1) ...
2026-10-07T18:09:16.9375495Z Setting up libavc1394-0:amd64 (0.5.4-5build3) ...
2026-10-07T18:09:16.9398996Z Setting up mesa-vdpau-drivers:amd64 (25.2.8-0ubuntu0.24.04.4) ...
2026-10-07T18:09:16.9421390Z Setting up liblapack3:amd64 (3.12.0-3build1.1) ...
2026-10-07T18:09:16.9482279Z update-alternatives: using /usr/lib/x86_64-linux-gnu/lapack/liblapack.so.3 to provide /usr/lib/x86_64-linux-gnu/liblapack.so.3 (liblapack.so.3-x86_64-linux-gnu) in auto mode
2026-10-07T18:09:16.9732177Z Setting up libzvbi0t64:amd64 (0.2.42-2) ...
2026-10-07T18:09:16.9752012Z Setting up libavutil58:amd64 (7:6.1.1-3ubuntu5) ...
2026-10-07T18:09:16.9769612Z Setting up libopenal1:amd64 (1:1.23.1-4build1) ...
2026-10-07T18:09:16.9786047Z Setting up libfreetype-dev:amd64 (2.13.2+dfsg-1ubuntu0.2) ...
2026-10-07T18:09:16.9803194Z Setting up libass9:amd64 (1:0.17.1-2build1) ...
2026-10-07T18:09:16.9822535Z Setting up libswresample4:amd64 (7:6.1.1-3ubuntu5) ...
2026-10-07T18:09:16.9839500Z Setting up va-driver-all:amd64 (2.20.0-2ubuntu0.2) ...
2026-10-07T18:09:16.9857554Z Setting up libavcodec60:amd64 (7:6.1.1-3ubuntu5) ...
2026-10-07T18:09:16.9874442Z Setting up librubberband2:amd64 (3.3.0+dfsg-2build1) ...
2026-10-07T18:09:16.9891031Z Setting up libjack-jackd2-0:amd64 (1.9.21~dfsg-3ubuntu3) ...
2026-10-07T18:09:16.9909974Z Setting up vdpau-driver-all:amd64 (1.5-2build1) ...
2026-10-07T18:09:16.9927385Z Setting up libsord-0-0:amd64 (0.16.16-2build1) ...
2026-10-07T18:09:16.9945866Z Setting up libpostproc57:amd64 (7:6.1.1-3ubuntu5) ...
2026-10-07T18:09:16.9964112Z Setting up libsratom-0-0:amd64 (0.6.16-1build1) ...
2026-10-07T18:09:16.9988911Z Setting up libsndfile1:amd64 (1.2.2-1ubuntu5.24.04.1) ...
2026-10-07T18:09:17.0009885Z Setting up liblilv-0-0:amd64 (0.24.22-1build1) ...
2026-10-07T18:09:17.0027579Z Setting up libswscale7:amd64 (7:6.1.1-3ubuntu5) ...
2026-10-07T18:09:17.0046952Z Setting up libpulse0:amd64 (1:16.1+dfsg1-2ubuntu10.1) ...
2026-10-07T18:09:17.0115802Z Setting up libfontconfig-dev:amd64 (2.15.0-1.1ubuntu2) ...
2026-10-07T18:09:17.0138517Z Setting up libavformat60:amd64 (7:6.1.1-3ubuntu5) ...
2026-10-07T18:09:17.0173034Z Setting up libsphinxbase3t64:amd64 (0.8+5prealpha+1-17build2) ...
2026-10-07T18:09:17.0182927Z Setting up libsdl2-2.0-0:amd64 (2.30.0+dfsg-1ubuntu3.1) ...
2026-10-07T18:09:17.0200214Z Setting up libfontconfig1-dev:amd64 (2.15.0-1.1ubuntu2) ...
2026-10-07T18:09:17.0218560Z Setting up libpocketsphinx3:amd64 (0.8.0+real5prealpha+1-15ubuntu5) ...
2026-10-07T18:09:17.0237697Z Setting up libavfilter9:amd64 (7:6.1.1-3ubuntu5) ...
2026-10-07T18:09:17.0255740Z Setting up libavdevice60:amd64 (7:6.1.1-3ubuntu5) ...
2026-10-07T18:09:17.0278177Z Setting up ffmpeg (7:6.1.1-3ubuntu5) ...
2026-10-07T18:09:17.0302696Z Processing triggers for fontconfig (2.15.0-1.1ubuntu2) ...
2026-10-07T18:09:17.1148737Z Processing triggers for libc-bin (2.39-0ubuntu8.9) ...
2026-10-07T18:09:17.1535222Z Processing triggers for man-db (2.12.0-4build2) ...
2026-10-07T18:09:17.1577330Z Not building database; man-db/auto-update is not 'true'.
2026-10-07T18:09:17.1592955Z Processing triggers for libgdk-pixbuf-2.0-0:amd64 (2.42.10+dfsg-3ubuntu3.3) ...
2026-10-07T18:09:17.2251442Z Processing triggers for install-info (7.1-3build2) ...
2026-10-07T18:09:18.0036646Z 
2026-10-07T18:09:18.0037281Z Running kernel seems to be up-to-date.
2026-10-07T18:09:18.0037603Z 
2026-10-07T18:09:18.0037726Z Restarting services...
2026-10-07T18:09:18.0110762Z  systemctl restart php8.3-fpm.service
2026-10-07T18:09:18.1066916Z 
2026-10-07T18:09:18.1068864Z No containers need to be restarted.
2026-10-07T18:09:18.1069255Z 
2026-10-07T18:09:18.1069611Z No user sessions are running outdated binaries.
2026-10-07T18:09:18.1070085Z 
2026-10-07T18:09:18.1070598Z No VM guests are running outdated hypervisor (qemu) binaries on this host.
2026-10-07T18:09:18.8813533Z NotoSansCJK-Regular.ttc: "Noto Sans CJK JP" "Regular"
2026-10-07T18:09:18.8847735Z ##[group]Run cargo fmt --all --check
2026-10-07T18:09:18.8848071Z [36;1mcargo fmt --all --check[0m
2026-10-07T18:09:18.8908096Z shell: /usr/bin/bash -e {0}
2026-10-07T18:09:18.8908343Z env:
2026-10-07T18:09:18.8908537Z   CARGO_TERM_COLOR: always
2026-10-07T18:09:18.8908783Z   RUSTFLAGS: -D warnings
2026-10-07T18:09:18.8909030Z   CARGO_HOME: /home/runner/.cargo
2026-10-07T18:09:18.8909299Z   CARGO_INCREMENTAL: 0
2026-10-07T18:09:18.8909525Z   CACHE_ON_FAILURE: true
2026-10-07T18:09:18.8909748Z ##[endgroup]
2026-10-07T18:09:25.2053670Z ##[group]Run python3 -m unittest discover -s scripts -p test_gui_test_artifact.py
2026-10-07T18:09:25.2054453Z [36;1mpython3 -m unittest discover -s scripts -p test_gui_test_artifact.py[0m
2026-10-07T18:09:25.2114401Z shell: /usr/bin/bash -e {0}
2026-10-07T18:09:25.2114666Z env:
2026-10-07T18:09:25.2114867Z   CARGO_TERM_COLOR: always
2026-10-07T18:09:25.2115124Z   RUSTFLAGS: -D warnings
2026-10-07T18:09:25.2115375Z   CARGO_HOME: /home/runner/.cargo
2026-10-07T18:09:25.2115637Z   CARGO_INCREMENTAL: 0
2026-10-07T18:09:25.2115864Z   CACHE_ON_FAILURE: true
2026-10-07T18:09:25.2116096Z ##[endgroup]
2026-10-07T18:09:25.3457245Z ..............
2026-10-07T18:09:25.3457840Z ----------------------------------------------------------------------
2026-10-07T18:09:25.3458437Z Ran 14 tests in 0.048s
2026-10-07T18:09:25.3458624Z 
2026-10-07T18:09:25.3458720Z OK
2026-10-07T18:09:25.3633838Z ##[group]Run set -o pipefail
2026-10-07T18:09:25.3634234Z [36;1mset -o pipefail[0m
2026-10-07T18:09:25.3634762Z [36;1mcargo clippy --workspace --all-targets --locked --keep-going 2>&1 | tee /tmp/hydrus-clippy.log[0m
2026-10-07T18:09:25.3694960Z shell: /usr/bin/bash -e {0}
2026-10-07T18:09:25.3695270Z env:
2026-10-07T18:09:25.3695527Z   CARGO_TERM_COLOR: always
2026-10-07T18:09:25.3695840Z   RUSTFLAGS: -D warnings
2026-10-07T18:09:25.3696143Z   CARGO_HOME: /home/runner/.cargo
2026-10-07T18:09:25.3696453Z   CARGO_INCREMENTAL: 0
2026-10-07T18:09:25.3696725Z   CACHE_ON_FAILURE: true
2026-10-07T18:09:25.3697001Z   CARGO_BUILD_JOBS: 1
2026-10-07T18:09:25.3697269Z ##[endgroup]
2026-10-07T18:09:25.6331715Z [1m[92m    Updating[0m crates.io index
2026-10-07T18:09:28.4046552Z [1m[92m    Checking[0m hydrus-core v0.1.0 (/home/runner/work/hydrus-mine/hydrus-mine/crates/hydrus-core)
2026-10-07T18:09:33.6286174Z [1m[92m    Checking[0m hydrus-parse v0.1.0 (/home/runner/work/hydrus-mine/hydrus-mine/crates/hydrus-parse)
2026-10-07T18:09:34.9741240Z [1m[92m    Checking[0m hydrus-legacy v0.1.0 (/home/runner/work/hydrus-mine/hydrus-mine/crates/hydrus-legacy)
2026-10-07T18:09:37.1142143Z [1m[92m    Checking[0m hydrus-testkit v0.1.0 (/home/runner/work/hydrus-mine/hydrus-mine/crates/hydrus-testkit)
2026-10-07T18:09:37.1569710Z [1m[92m    Checking[0m hydrus-store v0.1.0 (/home/runner/work/hydrus-mine/hydrus-mine/crates/hydrus-store)
2026-10-07T18:09:44.7574843Z [1m[92m    Checking[0m hydrus-media v0.1.0 (/home/runner/work/hydrus-mine/hydrus-mine/crates/hydrus-media)
2026-10-07T18:09:46.5215664Z [1m[92m    Checking[0m hydrus-search v0.1.0 (/home/runner/work/hydrus-mine/hydrus-mine/crates/hydrus-search)
2026-10-07T18:09:47.7650315Z [1m[92m    Checking[0m hydrus-import v0.1.0 (/home/runner/work/hydrus-mine/hydrus-mine/crates/hydrus-import)
2026-10-07T18:09:48.2430942Z [1m[92m    Checking[0m hydrus-net v0.1.0 (/home/runner/work/hydrus-mine/hydrus-mine/crates/hydrus-net)
2026-10-07T18:09:49.0186887Z [1m[92m    Checking[0m hydrus-download v0.1.0 (/home/runner/work/hydrus-mine/hydrus-mine/crates/hydrus-download)
2026-10-07T18:09:50.5551782Z [1m[92m    Checking[0m hydrus-duplicates v0.1.0 (/home/runner/work/hydrus-mine/hydrus-mine/crates/hydrus-duplicates)
2026-10-07T18:09:50.8343537Z [1m[92m    Checking[0m hydrus-downloader-exchange v0.1.0 (/home/runner/work/hydrus-mine/hydrus-mine/crates/hydrus-downloader-exchange)
2026-10-07T18:09:51.4600085Z [1m[92m    Checking[0m hydrus-api v0.1.0 (/home/runner/work/hydrus-mine/hydrus-mine/crates/hydrus-api)
2026-10-07T18:09:53.3725076Z [1m[92m   Compiling[0m hydrus-gui-ui v0.1.0 (/home/runner/work/hydrus-mine/hydrus-mine/crates/hydrus-gui-ui)
2026-10-07T18:09:54.3858799Z [1m[91merror[0m: failed to run custom build command for `hydrus-gui-ui v0.1.0 (/home/runner/work/hydrus-mine/hydrus-mine/crates/hydrus-gui-ui)`
2026-10-07T18:09:54.3859724Z 
2026-10-07T18:09:54.3859864Z Caused by:
2026-10-07T18:09:54.3860846Z   process didn't exit successfully: `/home/runner/work/hydrus-mine/hydrus-mine/target/debug/build/hydrus-gui-ui-29b79f47e6b207d5/build-script-build` (exit status: 101)
2026-10-07T18:09:54.3862209Z   --- stderr
2026-10-07T18:09:54.3862891Z   [1m[91merror[0m[1m: 'Button' cannot have children. Only components with @children can have children[0m
2026-10-07T18:09:54.3864096Z    [1m[94m--> [0m/home/runner/work/hydrus-mine/hydrus-mine/crates/hydrus-gui/ui/archive_repair.slint:9:5
2026-10-07T18:09:54.3864704Z     [1m[94m|[0m
2026-10-07T18:09:54.3864966Z   [1m[94m9[0m [1m[94m|[0m     Timer {
2026-10-07T18:09:54.3865311Z     [1m[94m|[0m     [1m[91m^^^^^^[0m
2026-10-07T18:09:54.3865499Z 
2026-10-07T18:09:54.3865695Z   thread 'main' (4439) panicked at crates/hydrus-gui-ui/build.rs:18:72:
2026-10-07T18:09:54.3866636Z   the UI compiles: CompileError(["/home/runner/work/hydrus-mine/hydrus-mine/crates/hydrus-gui/ui/archive_repair.slint:9: 'Button' cannot have children. Only components with @children can have children"])
2026-10-07T18:09:54.3867763Z   note: run with `RUST_BACKTRACE=1` environment variable to display a backtrace
2026-10-07T18:09:54.3868079Z 
2026-10-07T18:09:54.3868260Z   thread 'main' (4438) panicked at crates/hydrus-gui-ui/build.rs:12:9:
2026-10-07T18:09:54.3868636Z   the UI compiler child succeeds
2026-10-07T18:09:54.3868995Z   note: run with `RUST_BACKTRACE=1` environment variable to display a backtrace
2026-10-07T18:09:54.3869708Z [1m[92m    Checking[0m hydrus-gui-model v0.1.0 (/home/runner/work/hydrus-mine/hydrus-mine/crates/hydrus-gui-model)
2026-10-07T18:10:01.4087336Z [1m[92m    Checking[0m hydrus-cli v0.1.0 (/home/runner/work/hydrus-mine/hydrus-mine/crates/hydrus-cli)
2026-10-07T18:10:29.9190731Z [1m[92m    Checking[0m xtask v0.1.0 (/home/runner/work/hydrus-mine/hydrus-mine/xtask)
2026-10-07T18:10:59.3535250Z ##[error]Process completed with exit code 101.
2026-10-07T18:10:59.3600411Z ##[group]Run actions/upload-artifact@v4
2026-10-07T18:10:59.3600711Z with:
2026-10-07T18:10:59.3600925Z   name: clippy-diagnostics-37662892605-1
2026-10-07T18:10:59.3601217Z   path: /tmp/hydrus-clippy.log
2026-10-07T18:10:59.3601471Z   if-no-files-found: ignore
2026-10-07T18:10:59.3601700Z   retention-days: 3
2026-10-07T18:10:59.3602378Z   compression-level: 6
2026-10-07T18:10:59.3602662Z   overwrite: false
2026-10-07T18:10:59.3602874Z   include-hidden-files: false
2026-10-07T18:10:59.3603101Z env:
2026-10-07T18:10:59.3603287Z   CARGO_TERM_COLOR: always
2026-10-07T18:10:59.3603533Z   RUSTFLAGS: -D warnings
2026-10-07T18:10:59.3603766Z   CARGO_HOME: /home/runner/.cargo
2026-10-07T18:10:59.3604010Z   CARGO_INCREMENTAL: 0
2026-10-07T18:10:59.3604226Z   CACHE_ON_FAILURE: true
2026-10-07T18:10:59.3604437Z ##[endgroup]
2026-10-07T18:10:59.5253569Z (node:4859) [DEP0040] DeprecationWarning: The `punycode` module is deprecated. Please use a userland alternative instead.
2026-10-07T18:10:59.5255015Z (Use `node --trace-deprecation ...` to show where the warning was created)
2026-10-07T18:10:59.5303105Z With the provided path, there will be 1 file uploaded
2026-10-07T18:10:59.5308303Z Artifact name is valid!
2026-10-07T18:10:59.5309253Z Root directory input is valid!
2026-10-07T18:10:59.9377433Z Beginning upload of artifact content to blob storage
2026-10-07T18:10:59.9560456Z (node:4859) [DEP0169] DeprecationWarning: `url.parse()` behavior is not standardized and prone to errors that have security implications. Use the WHATWG URL API instead. CVEs are not issued for `url.parse()` vulnerabilities.
2026-10-07T18:11:00.2655066Z Uploaded bytes 829
2026-10-07T18:11:00.3531702Z Finished uploading artifact content to blob storage!
2026-10-07T18:11:00.3533235Z SHA256 digest of uploaded artifact zip is 169a0f5783d80f97eb0c4ac25124e6a5623e4daa57fc13803c14e5fd8b476ff4
2026-10-07T18:11:00.3534340Z Finalizing artifact upload
2026-10-07T18:11:00.6319274Z Artifact clippy-diagnostics-37662892605-1.zip successfully finalized. Artifact ID 11501864638
2026-10-07T18:11:00.6320964Z Artifact clippy-diagnostics-37662892605-1 has been successfully uploaded! Final size is 829 bytes. Artifact ID is 11501864638
2026-10-07T18:11:00.6324910Z Artifact download URL: https://github.com/jkendall327/hydrus-mine/actions/runs/37662892605/artifacts/11501864638
2026-10-07T18:11:00.6447926Z ##[group]Run set -o pipefail
2026-10-07T18:11:00.6448298Z [36;1mset -o pipefail[0m
2026-10-07T18:11:00.6448544Z [36;1mmkdir -p target/tmp[0m
2026-10-07T18:11:00.6448956Z [36;1mcargo test --workspace --locked --no-fail-fast 2>&1 | tee /tmp/hydrus-tests.log[0m
2026-10-07T18:11:00.6509713Z shell: /usr/bin/bash -e {0}
2026-10-07T18:11:00.6509973Z env:
2026-10-07T18:11:00.6510175Z   CARGO_TERM_COLOR: always
2026-10-07T18:11:00.6510425Z   RUSTFLAGS: -D warnings
2026-10-07T18:11:00.6510679Z   CARGO_HOME: /home/runner/.cargo
2026-10-07T18:11:00.6510935Z   CARGO_INCREMENTAL: 0
2026-10-07T18:11:00.6511155Z   CACHE_ON_FAILURE: true
2026-10-07T18:11:00.6511379Z   CARGO_BUILD_JOBS: 1
2026-10-07T18:11:00.6511750Z   HYDRUS_INTERCHANGE_SCREENSHOTS: /home/runner/work/hydrus-mine/hydrus-mine/target/tmp
2026-10-07T18:11:00.6512475Z ##[endgroup]
2026-10-07T18:11:01.1948097Z [1m[92m   Compiling[0m hydrus-core v0.1.0 (/home/runner/work/hydrus-mine/hydrus-mine/crates/hydrus-core)
2026-10-07T18:11:07.9801303Z [1m[92m   Compiling[0m hydrus-parse v0.1.0 (/home/runner/work/hydrus-mine/hydrus-mine/crates/hydrus-parse)
2026-10-07T18:11:10.0508054Z [1m[92m   Compiling[0m hydrus-legacy v0.1.0 (/home/runner/work/hydrus-mine/hydrus-mine/crates/hydrus-legacy)
2026-10-07T18:11:16.1667457Z [1m[92m   Compiling[0m hydrus-testkit v0.1.0 (/home/runner/work/hydrus-mine/hydrus-mine/crates/hydrus-testkit)
2026-10-07T18:11:16.3002570Z [1m[92m   Compiling[0m hydrus-store v0.1.0 (/home/runner/work/hydrus-mine/hydrus-mine/crates/hydrus-store)
2026-10-07T18:11:34.9124434Z [1m[92m   Compiling[0m hydrus-media v0.1.0 (/home/runner/work/hydrus-mine/hydrus-mine/crates/hydrus-media)
2026-10-07T18:12:07.8407951Z [1m[92m   Compiling[0m hydrus-search v0.1.0 (/home/runner/work/hydrus-mine/hydrus-mine/crates/hydrus-search)
2026-10-07T18:12:10.9948868Z [1m[92m   Compiling[0m hydrus-import v0.1.0 (/home/runner/work/hydrus-mine/hydrus-mine/crates/hydrus-import)
2026-10-07T18:12:12.0537457Z [1m[92m   Compiling[0m hydrus-net v0.1.0 (/home/runner/work/hydrus-mine/hydrus-mine/crates/hydrus-net)
2026-10-07T18:12:13.8950091Z [1m[92m   Compiling[0m hydrus-download v0.1.0 (/home/runner/work/hydrus-mine/hydrus-mine/crates/hydrus-download)
2026-10-07T18:12:17.8592036Z [1m[92m   Compiling[0m hydrus-duplicates v0.1.0 (/home/runner/work/hydrus-mine/hydrus-mine/crates/hydrus-duplicates)
2026-10-07T18:12:18.5605563Z [1m[92m   Compiling[0m hydrus-downloader-exchange v0.1.0 (/home/runner/work/hydrus-mine/hydrus-mine/crates/hydrus-downloader-exchange)
2026-10-07T18:12:20.1097552Z [1m[92m   Compiling[0m hydrus-api v0.1.0 (/home/runner/work/hydrus-mine/hydrus-mine/crates/hydrus-api)
2026-10-07T18:12:29.4216000Z [1m[92m   Compiling[0m hydrus-gui-ui v0.1.0 (/home/runner/work/hydrus-mine/hydrus-mine/crates/hydrus-gui-ui)
2026-10-07T18:12:30.1551004Z [1m[92m   Compiling[0m hydrus-gui-model v0.1.0 (/home/runner/work/hydrus-mine/hydrus-mine/crates/hydrus-gui-model)
2026-10-07T18:12:49.1394987Z [1m[91merror[0m: failed to run custom build command for `hydrus-gui-ui v0.1.0 (/home/runner/work/hydrus-mine/hydrus-mine/crates/hydrus-gui-ui)`
2026-10-07T18:12:49.1395966Z 
2026-10-07T18:12:49.1396107Z Caused by:
2026-10-07T18:12:49.1397298Z   process didn't exit successfully: `/home/runner/work/hydrus-mine/hydrus-mine/target/debug/build/hydrus-gui-ui-dc5016b59f04d1ec/build-script-build` (exit status: 101)
2026-10-07T18:12:49.1398957Z   --- stderr
2026-10-07T18:12:49.1399782Z   [1m[91merror[0m[1m: 'Button' cannot have children. Only components with @children can have children[0m
2026-10-07T18:12:49.1401236Z    [1m[94m--> [0m/home/runner/work/hydrus-mine/hydrus-mine/crates/hydrus-gui/ui/archive_repair.slint:9:5
2026-10-07T18:12:49.1402379Z     [1m[94m|[0m
2026-10-07T18:12:49.1402899Z   [1m[94m9[0m [1m[94m|[0m     Timer {
2026-10-07T18:12:49.1403434Z     [1m[94m|[0m     [1m[91m^^^^^^[0m
2026-10-07T18:12:49.1403750Z 
2026-10-07T18:12:49.1404502Z   thread 'main' (5265) panicked at crates/hydrus-gui-ui/build.rs:18:72:
2026-10-07T18:12:49.1406311Z   the UI compiles: CompileError(["/home/runner/work/hydrus-mine/hydrus-mine/crates/hydrus-gui/ui/archive_repair.slint:9: 'Button' cannot have children. Only components with @children can have children"])
2026-10-07T18:12:49.1407847Z   note: run with `RUST_BACKTRACE=1` environment variable to display a backtrace
2026-10-07T18:12:49.1408337Z 
2026-10-07T18:12:49.1408626Z   thread 'main' (5264) panicked at crates/hydrus-gui-ui/build.rs:12:9:
2026-10-07T18:12:49.1409222Z   the UI compiler child succeeds
2026-10-07T18:12:49.1409830Z   note: run with `RUST_BACKTRACE=1` environment variable to display a backtrace
2026-10-07T18:12:49.1998324Z ##[error]Process completed with exit code 101.
2026-10-07T18:12:49.2046709Z ##[group]Run actions/upload-artifact@v4
2026-10-07T18:12:49.2047009Z with:
2026-10-07T18:12:49.2047219Z   name: test-diagnostics-37662892605-1
2026-10-07T18:12:49.2047498Z   path: /tmp/hydrus-tests.log
2026-10-07T18:12:49.2047760Z   if-no-files-found: ignore
2026-10-07T18:12:49.2047996Z   retention-days: 3
2026-10-07T18:12:49.2048230Z   compression-level: 6
2026-10-07T18:12:49.2048449Z   overwrite: false
2026-10-07T18:12:49.2048663Z   include-hidden-files: false
2026-10-07T18:12:49.2048897Z env:
2026-10-07T18:12:49.2049082Z   CARGO_TERM_COLOR: always
2026-10-07T18:12:49.2049314Z   RUSTFLAGS: -D warnings
2026-10-07T18:12:49.2049556Z   CARGO_HOME: /home/runner/.cargo
2026-10-07T18:12:49.2049800Z   CARGO_INCREMENTAL: 0
2026-10-07T18:12:49.2050015Z   CACHE_ON_FAILURE: true
2026-10-07T18:12:49.2050224Z ##[endgroup]
2026-10-07T18:12:49.3693740Z (node:5267) [DEP0040] DeprecationWarning: The `punycode` module is deprecated. Please use a userland alternative instead.
2026-10-07T18:12:49.3694526Z (Use `node --trace-deprecation ...` to show where the warning was created)
2026-10-07T18:12:49.3738263Z With the provided path, there will be 1 file uploaded
2026-10-07T18:12:49.3743928Z Artifact name is valid!
2026-10-07T18:12:49.3744865Z Root directory input is valid!
2026-10-07T18:12:49.7735068Z Beginning upload of artifact content to blob storage
2026-10-07T18:12:49.7917635Z (node:5267) [DEP0169] DeprecationWarning: `url.parse()` behavior is not standardized and prone to errors that have security implications. Use the WHATWG URL API instead. CVEs are not issued for `url.parse()` vulnerabilities.
2026-10-07T18:12:50.0717512Z Uploaded bytes 778
2026-10-07T18:12:50.1501691Z Finished uploading artifact content to blob storage!
2026-10-07T18:12:50.1502792Z SHA256 digest of uploaded artifact zip is 14d23c0da5b47196be4ebe35455fa25b8d8405a6fd544dbcb8890e158415113f
2026-10-07T18:12:50.1504434Z Finalizing artifact upload
2026-10-07T18:12:50.4194433Z Artifact test-diagnostics-37662892605-1.zip successfully finalized. Artifact ID 11501994586
2026-10-07T18:12:50.4195561Z Artifact test-diagnostics-37662892605-1 has been successfully uploaded! Final size is 778 bytes. Artifact ID is 11501994586
2026-10-07T18:12:50.4201084Z Artifact download URL: https://github.com/jkendall327/hydrus-mine/actions/runs/37662892605/artifacts/11501994586
2026-10-07T18:12:50.4345414Z ##[group]Run actions/upload-artifact@v4
2026-10-07T18:12:50.4345737Z with:
2026-10-07T18:12:50.4345966Z   name: native-gui-renders-37662892605-1
2026-10-07T18:12:50.4346261Z   path: target/tmp/*.png
2026-10-07T18:12:50.4346507Z   if-no-files-found: ignore
2026-10-07T18:12:50.4346756Z   retention-days: 3
2026-10-07T18:12:50.4346977Z   compression-level: 6
2026-10-07T18:12:50.4347206Z   overwrite: false
2026-10-07T18:12:50.4347431Z   include-hidden-files: false
2026-10-07T18:12:50.4347681Z env:
2026-10-07T18:12:50.4347871Z   CARGO_TERM_COLOR: always
2026-10-07T18:12:50.4348115Z   RUSTFLAGS: -D warnings
2026-10-07T18:12:50.4348363Z   CARGO_HOME: /home/runner/.cargo
2026-10-07T18:12:50.4348633Z   CARGO_INCREMENTAL: 0
2026-10-07T18:12:50.4348856Z   CACHE_ON_FAILURE: true
2026-10-07T18:12:50.4349085Z ##[endgroup]
2026-10-07T18:12:50.5994078Z (node:5280) [DEP0040] DeprecationWarning: The `punycode` module is deprecated. Please use a userland alternative instead.
2026-10-07T18:12:50.5995190Z (Use `node --trace-deprecation ...` to show where the warning was created)
2026-10-07T18:12:50.6044289Z No files were found with the provided path: target/tmp/*.png. No artifacts will be uploaded.
2026-10-07T18:12:50.6165055Z ##[group]Run python .github/scripts/workspace_artifact_cache.py stage
2026-10-07T18:12:50.6165589Z [36;1mpython .github/scripts/workspace_artifact_cache.py stage[0m
2026-10-07T18:12:50.6225910Z shell: /usr/bin/bash --noprofile --norc -e -o pipefail {0}
2026-10-07T18:12:50.6226265Z env:
2026-10-07T18:12:50.6226473Z   CARGO_TERM_COLOR: always
2026-10-07T18:12:50.6226726Z   RUSTFLAGS: -D warnings
2026-10-07T18:12:50.6226984Z   CARGO_HOME: /home/runner/.cargo
2026-10-07T18:12:50.6227252Z   CARGO_INCREMENTAL: 0
2026-10-07T18:12:50.6227475Z   CACHE_ON_FAILURE: true
2026-10-07T18:12:50.6227708Z ##[endgroup]
2026-10-07T18:12:52.3449904Z Workspace library snapshot candidate: 230 artifact files plus input ledger, 532193902 bytes (limit 4294967296).
2026-10-07T18:12:52.3578657Z ##[group]Run actions/cache/save@v4
2026-10-07T18:12:52.3578981Z with:
2026-10-07T18:12:52.3579199Z   path: .ci-workspace-artifacts
2026-10-07T18:12:52.3579781Z   key: hydrus-ws-v1-check-Linux-X64-41d404dfad11d493117152f4-e4c2439eccc77508fd8446a5c8ee6dee040e6161-37662892605-1
2026-10-07T18:12:52.3580406Z   enableCrossOsArchive: false
2026-10-07T18:12:52.3580659Z env:
2026-10-07T18:12:52.3580849Z   CARGO_TERM_COLOR: always
2026-10-07T18:12:52.3581095Z   RUSTFLAGS: -D warnings
2026-10-07T18:12:52.3581339Z   CARGO_HOME: /home/runner/.cargo
2026-10-07T18:12:52.3581621Z   CARGO_INCREMENTAL: 0
2026-10-07T18:12:52.3581847Z   CACHE_ON_FAILURE: true
2026-10-07T18:12:52.3582354Z ##[endgroup]
2026-10-07T18:12:52.4642269Z (node:5301) [DEP0040] DeprecationWarning: The `punycode` module is deprecated. Please use a userland alternative instead.
2026-10-07T18:12:52.4643494Z (Use `node --trace-deprecation ...` to show where the warning was created)
2026-10-07T18:12:52.4805711Z [command]/usr/bin/tar --posix -cf cache.tzst --exclude cache.tzst -P -C /home/runner/work/hydrus-mine/hydrus-mine --files-from manifest.txt --use-compress-program zstdmt
2026-10-07T18:12:53.8409540Z (node:5301) [DEP0169] DeprecationWarning: `url.parse()` behavior is not standardized and prone to errors that have security implications. Use the WHATWG URL API instead. CVEs are not issued for `url.parse()` vulnerabilities.
2026-10-07T18:12:54.8329658Z Sent 22740992 of 112619481 (20.2%), 21.7 MBs/sec
2026-10-07T18:12:55.8344598Z Sent 83165184 of 112619481 (73.8%), 39.6 MBs/sec
2026-10-07T18:12:56.4771337Z Sent 112619481 of 112619481 (100.0%), 40.6 MBs/sec
2026-10-07T18:12:56.6805904Z Cache saved with key: hydrus-ws-v1-check-Linux-X64-41d404dfad11d493117152f4-e4c2439eccc77508fd8446a5c8ee6dee040e6161-37662892605-1
2026-10-07T18:12:56.6974281Z Post job cleanup.
2026-10-07T18:12:56.8188979Z Cache up-to-date.
2026-10-07T18:12:56.8342731Z Post job cleanup.
2026-10-07T18:12:56.9294125Z [command]/usr/bin/git version
2026-10-07T18:12:56.9338478Z git version 2.55.0
2026-10-07T18:12:56.9379649Z Temporarily overriding HOME='/home/runner/work/_temp/52dc2041-00a7-422e-902d-5b228212ea04' before making global git config changes
2026-10-07T18:12:56.9381096Z Adding repository directory to the temporary git global config as a safe directory
2026-10-07T18:12:56.9386999Z [command]/usr/bin/git config --global --add safe.directory /home/runner/work/hydrus-mine/hydrus-mine
2026-10-07T18:12:56.9429104Z [command]/usr/bin/git config --local --name-only --get-regexp core\.sshCommand
2026-10-07T18:12:56.9467888Z [command]/usr/bin/git submodule foreach --recursive sh -c "git config --local --name-only --get-regexp 'core\.sshCommand' && git config --local --unset-all 'core.sshCommand' || :"
2026-10-07T18:12:56.9725582Z [command]/usr/bin/git config --local --name-only --get-regexp http\.https\:\/\/github\.com\/\.extraheader
2026-10-07T18:12:56.9753267Z http.https://github.com/.extraheader
2026-10-07T18:12:56.9764652Z [command]/usr/bin/git config --local --unset-all http.https://github.com/.extraheader
2026-10-07T18:12:56.9798606Z [command]/usr/bin/git submodule foreach --recursive sh -c "git config --local --name-only --get-regexp 'http\.https\:\/\/github\.com\/\.extraheader' && git config --local --unset-all 'http.https://github.com/.extraheader' || :"
2026-10-07T18:12:57.0030581Z [command]/usr/bin/git config --local --name-only --get-regexp ^includeIf\.gitdir:
2026-10-07T18:12:57.0062481Z [command]/usr/bin/git submodule foreach --recursive git config --local --show-origin --name-only --get-regexp remote.origin.url
2026-10-07T18:12:57.0429248Z Cleaning up orphan processes
2026-10-07T18:12:57.0754397Z ##[warning]Node.js 20 is deprecated. The following actions target Node.js 20 but are being forced to run on Node.js 24: actions/cache/restore@v4, actions/cache/save@v4, actions/checkout@v4, actions/upload-artifact@v4. For more information see: https://github.blog/changelog/2025-09-19-deprecation-of-node-20-on-github-actions-runners/

