2026-10-07T10:05:29.9839465Z Current runner version: '2.337.0'
2026-10-07T10:05:29.9874799Z ##[group]Runner Image Provisioner
2026-10-07T10:05:29.9876424Z Hosted Compute Agent
2026-10-07T10:05:29.9877450Z Version: 20261002.596
2026-10-07T10:05:29.9878581Z Commit: c3d12f3313a95f25162a1503be624f3b0617f8c0
2026-10-07T10:05:29.9880071Z Build Date: 2026-10-02T22:28:27Z
2026-10-07T10:05:29.9881330Z Worker ID: {35bc0afd-200b-4cb3-9d74-8cf4c8dbf738}
2026-10-07T10:05:29.9882745Z Region: eastus2
2026-10-07T10:05:29.9884138Z Cloud: Azure
2026-10-07T10:05:29.9885123Z ##[endgroup]
2026-10-07T10:05:29.9887587Z ##[group]Operating System
2026-10-07T10:05:29.9888693Z Ubuntu
2026-10-07T10:05:29.9889673Z 24.04.5
2026-10-07T10:05:29.9890497Z LTS
2026-10-07T10:05:29.9891352Z ##[endgroup]
2026-10-07T10:05:29.9892519Z ##[group]Runner Image
2026-10-07T10:05:29.9893822Z Image: ubuntu-24.04
2026-10-07T10:05:29.9894898Z Version: 20261004.327.1
2026-10-07T10:05:29.9897125Z Included Software: https://github.com/actions/runner-images/blob/ubuntu24/20261004.327/images/ubuntu/Ubuntu2404-Readme.md
2026-10-07T10:05:29.9900059Z Image Release: https://github.com/actions/runner-images/releases/tag/ubuntu24%2F20261004.327
2026-10-07T10:05:29.9901908Z ##[endgroup]
2026-10-07T10:05:29.9904133Z ##[group]GITHUB_TOKEN Permissions
2026-10-07T10:05:29.9907104Z Contents: read
2026-10-07T10:05:29.9908160Z Metadata: read
2026-10-07T10:05:29.9909107Z Packages: read
2026-10-07T10:05:29.9909950Z ##[endgroup]
2026-10-07T10:05:29.9913714Z Secret source: Actions
2026-10-07T10:05:29.9915749Z Cache mode: write
2026-10-07T10:05:29.9916980Z Prepare workflow directory
2026-10-07T10:05:30.0494000Z Prepare all required actions
2026-10-07T10:05:30.0567561Z Getting action download info
2026-10-07T10:05:30.2704594Z Download action repository 'actions/checkout@v4' (SHA:11d5960a326750d5838078e36cf38b85af677262)
2026-10-07T10:05:30.3620277Z Download action repository 'dtolnay/rust-toolchain@master' (SHA:7e38f4b43b4db5c8dd498af069a4f6196df1d067)
2026-10-07T10:05:30.4748732Z Download action repository 'Swatinem/rust-cache@v2' (SHA:6323deb102c322ba6fcbdcafc7e3dddab59af2b6)
2026-10-07T10:05:30.8984812Z Complete job name: parity-models
2026-10-07T10:05:30.9917669Z ##[group]Run actions/checkout@v4
2026-10-07T10:05:30.9918958Z with:
2026-10-07T10:05:30.9919451Z   repository: jkendall327/hydrus-mine
2026-10-07T10:05:30.9924322Z   token: ***
2026-10-07T10:05:30.9924999Z   ssh-strict: true
2026-10-07T10:05:30.9925715Z   ssh-user: git
2026-10-07T10:05:30.9926443Z   persist-credentials: true
2026-10-07T10:05:30.9927134Z   clean: true
2026-10-07T10:05:30.9927613Z   sparse-checkout-cone-mode: true
2026-10-07T10:05:30.9928156Z   fetch-depth: 1
2026-10-07T10:05:30.9928582Z   fetch-tags: false
2026-10-07T10:05:30.9929013Z   show-progress: true
2026-10-07T10:05:30.9929455Z   lfs: false
2026-10-07T10:05:30.9929852Z   submodules: false
2026-10-07T10:05:30.9930293Z   set-safe-directory: true
2026-10-07T10:05:30.9930788Z   allow-unsafe-pr-checkout: false
2026-10-07T10:05:30.9931765Z env:
2026-10-07T10:05:30.9932198Z   CARGO_TERM_COLOR: always
2026-10-07T10:05:30.9932728Z   RUSTFLAGS: -D warnings
2026-10-07T10:05:30.9933518Z ##[endgroup]
2026-10-07T10:05:31.1024869Z Syncing repository: jkendall327/hydrus-mine
2026-10-07T10:05:31.1026770Z ##[group]Getting Git version info
2026-10-07T10:05:31.1027572Z Working directory is '/home/runner/work/hydrus-mine/hydrus-mine'
2026-10-07T10:05:31.1028681Z [command]/usr/bin/git version
2026-10-07T10:05:31.1097099Z git version 2.55.0
2026-10-07T10:05:31.1119740Z ##[endgroup]
2026-10-07T10:05:31.1135104Z Temporarily overriding HOME='/home/runner/work/_temp/573a93a5-34a5-422f-900a-a0d6b5d851ce' before making global git config changes
2026-10-07T10:05:31.1137413Z Adding repository directory to the temporary git global config as a safe directory
2026-10-07T10:05:31.1140853Z [command]/usr/bin/git config --global --add safe.directory /home/runner/work/hydrus-mine/hydrus-mine
2026-10-07T10:05:31.1188383Z Deleting the contents of '/home/runner/work/hydrus-mine/hydrus-mine'
2026-10-07T10:05:31.1192486Z ##[group]Initializing the repository
2026-10-07T10:05:31.1196774Z [command]/usr/bin/git init /home/runner/work/hydrus-mine/hydrus-mine
2026-10-07T10:05:31.1312973Z hint: Using 'master' as the name for the initial branch. This default branch name
2026-10-07T10:05:31.1315103Z hint: will change to "main" in Git 3.0. To configure the initial branch name
2026-10-07T10:05:31.1316627Z hint: to use in all of your new repositories, which will suppress this warning,
2026-10-07T10:05:31.1317824Z hint: call:
2026-10-07T10:05:31.1318460Z hint:
2026-10-07T10:05:31.1319269Z hint: 	git config --global init.defaultBranch <name>
2026-10-07T10:05:31.1320267Z hint:
2026-10-07T10:05:31.1321096Z hint: Names commonly chosen instead of 'master' are 'main', 'trunk' and
2026-10-07T10:05:31.1323000Z hint: 'development'. The just-created branch can be renamed via this command:
2026-10-07T10:05:31.1323960Z hint:
2026-10-07T10:05:31.1324381Z hint: 	git branch -m <name>
2026-10-07T10:05:31.1324857Z hint:
2026-10-07T10:05:31.1325490Z hint: Disable this message with "git config set advice.defaultBranchName false"
2026-10-07T10:05:31.1326565Z Initialized empty Git repository in /home/runner/work/hydrus-mine/hydrus-mine/.git/
2026-10-07T10:05:31.1328455Z [command]/usr/bin/git remote add origin https://github.com/jkendall327/hydrus-mine
2026-10-07T10:05:31.1371564Z ##[endgroup]
2026-10-07T10:05:31.1372344Z ##[group]Disabling automatic garbage collection
2026-10-07T10:05:31.1376289Z [command]/usr/bin/git config --local gc.auto 0
2026-10-07T10:05:31.1408034Z ##[endgroup]
2026-10-07T10:05:31.1408761Z ##[group]Setting up auth
2026-10-07T10:05:31.1415442Z [command]/usr/bin/git config --local --name-only --get-regexp core\.sshCommand
2026-10-07T10:05:31.1448814Z [command]/usr/bin/git submodule foreach --recursive sh -c "git config --local --name-only --get-regexp 'core\.sshCommand' && git config --local --unset-all 'core.sshCommand' || :"
2026-10-07T10:05:31.1800096Z [command]/usr/bin/git config --local --name-only --get-regexp http\.https\:\/\/github\.com\/\.extraheader
2026-10-07T10:05:31.1835242Z [command]/usr/bin/git submodule foreach --recursive sh -c "git config --local --name-only --get-regexp 'http\.https\:\/\/github\.com\/\.extraheader' && git config --local --unset-all 'http.https://github.com/.extraheader' || :"
2026-10-07T10:05:31.2064753Z [command]/usr/bin/git config --local --name-only --get-regexp ^includeIf\.gitdir:
2026-10-07T10:05:31.2100248Z [command]/usr/bin/git submodule foreach --recursive git config --local --show-origin --name-only --get-regexp remote.origin.url
2026-10-07T10:05:31.2330316Z [command]/usr/bin/git config --local http.https://github.com/.extraheader AUTHORIZATION: basic ***
2026-10-07T10:05:31.2367589Z ##[endgroup]
2026-10-07T10:05:31.2368467Z ##[group]Fetching the repository
2026-10-07T10:05:31.2377049Z [command]/usr/bin/git -c protocol.version=2 fetch --no-tags --prune --no-recurse-submodules --depth=1 origin +1e2b2e25fd89b24253f4387f71115e675fdb657b:refs/remotes/origin/codex/validation-runner
2026-10-07T10:05:44.3385919Z From https://github.com/jkendall327/hydrus-mine
2026-10-07T10:05:44.3387363Z  * [new ref]         1e2b2e25fd89b24253f4387f71115e675fdb657b -> origin/codex/validation-runner
2026-10-07T10:05:44.3389185Z ##[endgroup]
2026-10-07T10:05:44.3389799Z ##[group]Determining the checkout info
2026-10-07T10:05:44.3390776Z ##[endgroup]
2026-10-07T10:05:44.3391422Z [command]/usr/bin/git sparse-checkout disable
2026-10-07T10:05:44.3428847Z [command]/usr/bin/git config --local --unset-all extensions.worktreeConfig
2026-10-07T10:05:44.3462447Z ##[group]Checking out the ref
2026-10-07T10:05:44.3468389Z [command]/usr/bin/git checkout --progress --force -B codex/validation-runner refs/remotes/origin/codex/validation-runner
2026-10-07T10:05:45.3924011Z Updating files:  94% (5006/5293)
2026-10-07T10:05:45.3962521Z Updating files:  95% (5029/5293)
2026-10-07T10:05:45.4003592Z Updating files:  96% (5082/5293)
2026-10-07T10:05:45.4028429Z Updating files:  97% (5135/5293)
2026-10-07T10:05:45.4055782Z Updating files:  98% (5188/5293)
2026-10-07T10:05:45.4145280Z Updating files:  99% (5241/5293)
2026-10-07T10:05:45.4146011Z Updating files: 100% (5293/5293)
2026-10-07T10:05:45.4146678Z Updating files: 100% (5293/5293), done.
2026-10-07T10:05:45.4208227Z Switched to a new branch 'codex/validation-runner'
2026-10-07T10:05:45.4212829Z branch 'codex/validation-runner' set up to track 'origin/codex/validation-runner'.
2026-10-07T10:05:45.4275555Z ##[endgroup]
2026-10-07T10:05:45.4320951Z [command]/usr/bin/git log -1 --format=%H
2026-10-07T10:05:45.4345435Z 1e2b2e25fd89b24253f4387f71115e675fdb657b
2026-10-07T10:05:45.4787262Z ##[group]Run dtolnay/rust-toolchain@master
2026-10-07T10:05:45.4787699Z with:
2026-10-07T10:05:45.4787941Z   toolchain: 1.94
2026-10-07T10:05:45.4788190Z env:
2026-10-07T10:05:45.4788432Z   CARGO_TERM_COLOR: always
2026-10-07T10:05:45.4788721Z   RUSTFLAGS: -D warnings
2026-10-07T10:05:45.4788994Z ##[endgroup]
2026-10-07T10:05:45.4862133Z ##[start-action display=Parse toolchain version;id=__dtolnay_rust-toolchain.parse]
2026-10-07T10:05:45.4924888Z ##[group]Run if [[ -z $toolchain ]]; then
2026-10-07T10:05:45.4925381Z [36;1mif [[ -z $toolchain ]]; then[0m
2026-10-07T10:05:45.4925984Z [36;1m  # GitHub does not enforce `required: true` inputs itself. https://github.com/actions/runner/issues/1070[0m
2026-10-07T10:05:45.4926609Z [36;1m  echo "'toolchain' is a required input" >&2[0m
2026-10-07T10:05:45.4926960Z [36;1m  exit 1[0m
2026-10-07T10:05:45.4927365Z [36;1melif [[ $toolchain =~ ^stable' '[0-9]+' '(year|month|week|day)s?' 'ago$ ]]; then[0m
2026-10-07T10:05:45.4927899Z [36;1m  if [[ Linux == macOS ]]; then[0m
2026-10-07T10:05:45.4928503Z [36;1m    echo "toolchain=1.$((($(date -v-$(sed 's/stable \([0-9]*\) \(.\).*/\1\2/' <<< $toolchain) +%s)/60/60/24-16569)/7/6))" >> $GITHUB_OUTPUT[0m
2026-10-07T10:05:45.4929073Z [36;1m  else[0m
2026-10-07T10:05:45.4929525Z [36;1m    echo "toolchain=1.$((($(date --date "${toolchain#stable }" +%s)/60/60/24-16569)/7/6))" >> $GITHUB_OUTPUT[0m
2026-10-07T10:05:45.4930044Z [36;1m  fi[0m
2026-10-07T10:05:45.4930414Z [36;1melif [[ $toolchain =~ ^stable' 'minus' '[0-9]+' 'releases?$ ]]; then[0m
2026-10-07T10:05:45.4931012Z [36;1m  echo "toolchain=1.$((($(date +%s)/60/60/24-16569)/7/6-${toolchain//[^0-9]/}))" >> $GITHUB_OUTPUT[0m
2026-10-07T10:05:45.4931526Z [36;1melif [[ $toolchain =~ ^1\.[0-9]+$ ]]; then[0m
2026-10-07T10:05:45.4932114Z [36;1m  echo "toolchain=1.$((i=${toolchain#1.}, c=($(date +%s)/60/60/24-16569)/7/6, i+9*i*(10*i<=c)+90*i*(100*i<=c)))" >> $GITHUB_OUTPUT[0m
2026-10-07T10:05:45.4932658Z [36;1melse[0m
2026-10-07T10:05:45.4933148Z [36;1m  echo "toolchain=$toolchain" >> $GITHUB_OUTPUT[0m
2026-10-07T10:05:45.4933496Z [36;1mfi[0m
2026-10-07T10:05:45.5198742Z shell: /usr/bin/bash --noprofile --norc -e -o pipefail {0}
2026-10-07T10:05:45.5199520Z env:
2026-10-07T10:05:45.5199947Z   CARGO_TERM_COLOR: always
2026-10-07T10:05:45.5200315Z   RUSTFLAGS: -D warnings
2026-10-07T10:05:45.5200598Z   toolchain: 1.94
2026-10-07T10:05:45.5200856Z ##[endgroup]
2026-10-07T10:05:45.5367217Z ##[end-action id=__dtolnay_rust-toolchain.parse;outcome=success;conclusion=success;duration_ms=50]
2026-10-07T10:05:45.5383966Z ##[start-action display=Construct rustup command line;id=__dtolnay_rust-toolchain.flags]
2026-10-07T10:05:45.5419966Z ##[group]Run echo "targets=$(for t in ${targets//,/ }; do echo -n ' --target' $t; done)" >> $GITHUB_OUTPUT
2026-10-07T10:05:45.5420758Z [36;1mecho "targets=$(for t in ${targets//,/ }; do echo -n ' --target' $t; done)" >> $GITHUB_OUTPUT[0m
2026-10-07T10:05:45.5421490Z [36;1mecho "components=$(for c in ${components//,/ }; do echo -n ' --component' $c; done)" >> $GITHUB_OUTPUT[0m
2026-10-07T10:05:45.5422040Z [36;1mecho "downgrade=" >> $GITHUB_OUTPUT[0m
2026-10-07T10:05:45.5486088Z shell: /usr/bin/bash --noprofile --norc -e -o pipefail {0}
2026-10-07T10:05:45.5486543Z env:
2026-10-07T10:05:45.5486810Z   CARGO_TERM_COLOR: always
2026-10-07T10:05:45.5487108Z   RUSTFLAGS: -D warnings
2026-10-07T10:05:45.5487383Z   targets: 
2026-10-07T10:05:45.5487621Z   components: 
2026-10-07T10:05:45.5488151Z ##[endgroup]
2026-10-07T10:05:45.5597419Z ##[end-action id=__dtolnay_rust-toolchain.flags;outcome=success;conclusion=success;duration_ms=21]
2026-10-07T10:05:45.5600734Z ##[start-action display=Set $CARGO_HOME;id=__dtolnay_rust-toolchain.__run]
2026-10-07T10:05:45.5625734Z ##[group]Run echo CARGO_HOME=${CARGO_HOME:-"$HOME/.cargo"} >> $GITHUB_ENV
2026-10-07T10:05:45.5626286Z [36;1mecho CARGO_HOME=${CARGO_HOME:-"$HOME/.cargo"} >> $GITHUB_ENV[0m
2026-10-07T10:05:45.5690671Z shell: /usr/bin/bash --noprofile --norc -e -o pipefail {0}
2026-10-07T10:05:45.5691137Z env:
2026-10-07T10:05:45.5691395Z   CARGO_TERM_COLOR: always
2026-10-07T10:05:45.5691691Z   RUSTFLAGS: -D warnings
2026-10-07T10:05:45.5691965Z ##[endgroup]
2026-10-07T10:05:45.5791420Z ##[end-action id=__dtolnay_rust-toolchain.__run;outcome=success;conclusion=success;duration_ms=18]
2026-10-07T10:05:45.5794883Z ##[start-action display=Install rustup if needed;id=__dtolnay_rust-toolchain.__run_2]
2026-10-07T10:05:45.5827047Z ##[group]Run if ! command -v rustup &>/dev/null; then
2026-10-07T10:05:45.5827495Z [36;1mif ! command -v rustup &>/dev/null; then[0m
2026-10-07T10:05:45.5828314Z [36;1m  curl --proto '=https' --tlsv1.2 --retry 10 --retry-connrefused --location --silent --show-error --fail https://sh.rustup.rs | sh -s -- --default-toolchain none -y[0m
2026-10-07T10:05:45.5829114Z [36;1m  echo "$CARGO_HOME/bin" >> $GITHUB_PATH[0m
2026-10-07T10:05:45.5829446Z [36;1mfi[0m
2026-10-07T10:05:45.5892076Z shell: /usr/bin/bash --noprofile --norc -e -o pipefail {0}
2026-10-07T10:05:45.5892539Z env:
2026-10-07T10:05:45.5893163Z   CARGO_TERM_COLOR: always
2026-10-07T10:05:45.5893474Z   RUSTFLAGS: -D warnings
2026-10-07T10:05:45.5893917Z   CARGO_HOME: /home/runner/.cargo
2026-10-07T10:05:45.5894215Z ##[endgroup]
2026-10-07T10:05:45.5990643Z ##[end-action id=__dtolnay_rust-toolchain.__run_2;outcome=success;conclusion=success;duration_ms=19]
2026-10-07T10:05:45.5994063Z ##[start-action display=Install rustup if needed on windows;id=__dtolnay_rust-toolchain.__run_3]
2026-10-07T10:05:45.6003824Z ##[end-action id=__dtolnay_rust-toolchain.__run_3;outcome=skipped;conclusion=skipped;duration_ms=0]
2026-10-07T10:05:45.6015984Z ##[start-action display=rustup toolchain install 1.94;id=__dtolnay_rust-toolchain.__run_4]
2026-10-07T10:05:45.6039824Z ##[group]Run log=$(mktemp)
2026-10-07T10:05:45.6040164Z [36;1mlog=$(mktemp)[0m
2026-10-07T10:05:45.6040447Z [36;1mtrap 'rm -f "$log"' EXIT[0m
2026-10-07T10:05:45.6040766Z [36;1mfor attempt in 1 2 3 4 5; do[0m
2026-10-07T10:05:45.6041356Z [36;1m  if rustup toolchain install 1.94 --profile minimal --no-self-update --force-non-host 2>&1 | tee "$log"; then[0m
2026-10-07T10:05:45.6041918Z [36;1m    break[0m
2026-10-07T10:05:45.6042167Z [36;1m  else[0m
2026-10-07T10:05:45.6042422Z [36;1m    status=$?[0m
2026-10-07T10:05:45.6042694Z [36;1m  fi[0m
2026-10-07T10:05:45.6043380Z [36;1m  if [[ $attempt == 5 ]] || ! grep -Fq 'checksum failed for ' "$log" \[0m
2026-10-07T10:05:45.6044008Z [36;1m      || ! grep -Fq 'this is likely due to an ongoing update of the official release server' "$log"; then[0m
2026-10-07T10:05:45.6044548Z [36;1m    exit "$status"[0m
2026-10-07T10:05:45.6044825Z [36;1m  fi[0m
2026-10-07T10:05:45.6045230Z [36;1m  echo "Retrying rustup toolchain install in 30 seconds (retry $attempt of 4)" >&2[0m
2026-10-07T10:05:45.6045701Z [36;1m  sleep 30[0m
2026-10-07T10:05:45.6045955Z [36;1mdone[0m
2026-10-07T10:05:45.6108910Z shell: /usr/bin/bash --noprofile --norc -e -o pipefail {0}
2026-10-07T10:05:45.6109352Z env:
2026-10-07T10:05:45.6109637Z   CARGO_TERM_COLOR: always
2026-10-07T10:05:45.6109943Z   RUSTFLAGS: -D warnings
2026-10-07T10:05:45.6110236Z   CARGO_HOME: /home/runner/.cargo
2026-10-07T10:05:45.6110549Z   RUSTUP_PERMIT_COPY_RENAME: 1
2026-10-07T10:05:45.6110839Z ##[endgroup]
2026-10-07T10:05:45.6685822Z info: syncing channel updates for 1.94-x86_64-unknown-linux-gnu
2026-10-07T10:05:45.8303297Z info: latest update on 2026-03-26 for version 1.94.1 (e408947bf 2026-03-25)
2026-10-07T10:05:45.8304579Z info: downloading 3 components
2026-10-07T10:05:53.2873246Z 
2026-10-07T10:05:53.2943759Z   1.94-x86_64-unknown-linux-gnu installed - rustc 1.94.1 (e408947bf 2026-03-25)
2026-10-07T10:05:53.2944315Z 
2026-10-07T10:05:53.3023600Z ##[end-action id=__dtolnay_rust-toolchain.__run_4;outcome=success;conclusion=success;duration_ms=7700]
2026-10-07T10:05:53.3031840Z ##[start-action display=rustup default 1.94;id=__dtolnay_rust-toolchain.__run_5]
2026-10-07T10:05:53.3056874Z ##[group]Run rustup default 1.94 --force-non-host
2026-10-07T10:05:53.3057524Z [36;1mrustup default 1.94 --force-non-host[0m
2026-10-07T10:05:53.3122684Z shell: /usr/bin/bash --noprofile --norc -e -o pipefail {0}
2026-10-07T10:05:53.3123373Z env:
2026-10-07T10:05:53.3123595Z   CARGO_TERM_COLOR: always
2026-10-07T10:05:53.3123848Z   RUSTFLAGS: -D warnings
2026-10-07T10:05:53.3124097Z   CARGO_HOME: /home/runner/.cargo
2026-10-07T10:05:53.3124351Z ##[endgroup]
2026-10-07T10:05:53.3257578Z info: using existing install for 1.94-x86_64-unknown-linux-gnu
2026-10-07T10:05:53.3264544Z info: default toolchain set to 1.94-x86_64-unknown-linux-gnu
2026-10-07T10:05:53.3265044Z 
2026-10-07T10:05:53.3335352Z   1.94-x86_64-unknown-linux-gnu unchanged - rustc 1.94.1 (e408947bf 2026-03-25)
2026-10-07T10:05:53.3335809Z 
2026-10-07T10:05:53.3338331Z info: note that the toolchain '1.94-x86_64-unknown-linux-gnu' is currently in use (overridden by '/home/runner/work/hydrus-mine/hydrus-mine/rust-toolchain.toml')
2026-10-07T10:05:53.3353460Z ##[end-action id=__dtolnay_rust-toolchain.__run_5;outcome=success;conclusion=success;duration_ms=32]
2026-10-07T10:05:53.3356291Z ##[start-action display=Create cachekey;id=__dtolnay_rust-toolchain.rustc-version]
2026-10-07T10:05:53.3381236Z ##[group]Run DATE=$(rustc +1.94 --version --verbose | sed -ne 's/^commit-date: \(20[0-9][0-9]\)-\([01][0-9]\)-\([0-3][0-9]\)$/\1\2\3/p')
2026-10-07T10:05:53.3382078Z [36;1mDATE=$(rustc +1.94 --version --verbose | sed -ne 's/^commit-date: \(20[0-9][0-9]\)-\([01][0-9]\)-\([0-3][0-9]\)$/\1\2\3/p')[0m
2026-10-07T10:05:53.3382740Z [36;1mHASH=$(rustc +1.94 --version --verbose | sed -ne 's/^commit-hash: //p')[0m
2026-10-07T10:05:53.3383552Z [36;1mecho "cachekey=$(echo $DATE$HASH | head -c12)" >> $GITHUB_OUTPUT[0m
2026-10-07T10:05:53.3447806Z shell: /usr/bin/bash --noprofile --norc -e -o pipefail {0}
2026-10-07T10:05:53.3448186Z env:
2026-10-07T10:05:53.3448424Z   CARGO_TERM_COLOR: always
2026-10-07T10:05:53.3448672Z   RUSTFLAGS: -D warnings
2026-10-07T10:05:53.3448950Z   CARGO_HOME: /home/runner/.cargo
2026-10-07T10:05:53.3449233Z ##[endgroup]
2026-10-07T10:05:53.3811520Z ##[end-action id=__dtolnay_rust-toolchain.rustc-version;outcome=success;conclusion=success;duration_ms=45]
2026-10-07T10:05:53.3814809Z ##[start-action display=Disable incremental compilation;id=__dtolnay_rust-toolchain.__run_6]
2026-10-07T10:05:53.3859384Z ##[group]Run if [ -z "${CARGO_INCREMENTAL+set}" ]; then
2026-10-07T10:05:53.3859833Z [36;1mif [ -z "${CARGO_INCREMENTAL+set}" ]; then[0m
2026-10-07T10:05:53.3860175Z [36;1m  echo CARGO_INCREMENTAL=0 >> $GITHUB_ENV[0m
2026-10-07T10:05:53.3860466Z [36;1mfi[0m
2026-10-07T10:05:53.3928624Z shell: /usr/bin/bash --noprofile --norc -e -o pipefail {0}
2026-10-07T10:05:53.3929028Z env:
2026-10-07T10:05:53.3929251Z   CARGO_TERM_COLOR: always
2026-10-07T10:05:53.3929502Z   RUSTFLAGS: -D warnings
2026-10-07T10:05:53.3929746Z   CARGO_HOME: /home/runner/.cargo
2026-10-07T10:05:53.3930002Z ##[endgroup]
2026-10-07T10:05:53.4031517Z ##[end-action id=__dtolnay_rust-toolchain.__run_6;outcome=success;conclusion=success;duration_ms=21]
2026-10-07T10:05:53.4034658Z ##[start-action display=Enable colors in Cargo output;id=__dtolnay_rust-toolchain.__run_7]
2026-10-07T10:05:53.4057652Z ##[group]Run if [ -z "${CARGO_TERM_COLOR+set}" ]; then
2026-10-07T10:05:53.4058052Z [36;1mif [ -z "${CARGO_TERM_COLOR+set}" ]; then[0m
2026-10-07T10:05:53.4058399Z [36;1m  echo CARGO_TERM_COLOR=always >> $GITHUB_ENV[0m
2026-10-07T10:05:53.4058694Z [36;1mfi[0m
2026-10-07T10:05:53.4125628Z shell: /usr/bin/bash --noprofile --norc -e -o pipefail {0}
2026-10-07T10:05:53.4126237Z env:
2026-10-07T10:05:53.4126456Z   CARGO_TERM_COLOR: always
2026-10-07T10:05:53.4126709Z   RUSTFLAGS: -D warnings
2026-10-07T10:05:53.4126954Z   CARGO_HOME: /home/runner/.cargo
2026-10-07T10:05:53.4127218Z   CARGO_INCREMENTAL: 0
2026-10-07T10:05:53.4127443Z ##[endgroup]
2026-10-07T10:05:53.4225158Z ##[end-action id=__dtolnay_rust-toolchain.__run_7;outcome=success;conclusion=success;duration_ms=18]
2026-10-07T10:05:53.4228122Z ##[start-action display=Enable Cargo sparse registry;id=__dtolnay_rust-toolchain.__run_8]
2026-10-07T10:05:53.4252719Z ##[group]Run # implemented in 1.66, stabilized in 1.68, made default in 1.70
2026-10-07T10:05:53.4253603Z [36;1m# implemented in 1.66, stabilized in 1.68, made default in 1.70[0m
2026-10-07T10:05:53.4254388Z [36;1mif [ -z "${CARGO_REGISTRIES_CRATES_IO_PROTOCOL+set}" -o -f "/home/runner/work/_temp"/.implicit_cargo_registries_crates_io_protocol ]; then[0m
2026-10-07T10:05:53.4255145Z [36;1m  if rustc +1.94 --version --verbose | grep -q '^release: 1\.6[89]\.'; then[0m
2026-10-07T10:05:53.4255718Z [36;1m    touch "/home/runner/work/_temp"/.implicit_cargo_registries_crates_io_protocol || true[0m
2026-10-07T10:05:53.4256268Z [36;1m    echo CARGO_REGISTRIES_CRATES_IO_PROTOCOL=sparse >> $GITHUB_ENV[0m
2026-10-07T10:05:53.4256796Z [36;1m  elif rustc +1.94 --version --verbose | grep -q '^release: 1\.6[67]\.'; then[0m
2026-10-07T10:05:53.4257392Z [36;1m    touch "/home/runner/work/_temp"/.implicit_cargo_registries_crates_io_protocol || true[0m
2026-10-07T10:05:53.4257945Z [36;1m    echo CARGO_REGISTRIES_CRATES_IO_PROTOCOL=git >> $GITHUB_ENV[0m
2026-10-07T10:05:53.4258307Z [36;1m  fi[0m
2026-10-07T10:05:53.4258503Z [36;1mfi[0m
2026-10-07T10:05:53.4325343Z shell: /usr/bin/bash --noprofile --norc -e -o pipefail {0}
2026-10-07T10:05:53.4325729Z env:
2026-10-07T10:05:53.4325944Z   CARGO_TERM_COLOR: always
2026-10-07T10:05:53.4326206Z   RUSTFLAGS: -D warnings
2026-10-07T10:05:53.4326474Z   CARGO_HOME: /home/runner/.cargo
2026-10-07T10:05:53.4326738Z   CARGO_INCREMENTAL: 0
2026-10-07T10:05:53.4326959Z ##[endgroup]
2026-10-07T10:05:53.4668645Z ##[end-action id=__dtolnay_rust-toolchain.__run_8;outcome=success;conclusion=success;duration_ms=43]
2026-10-07T10:05:53.4671684Z ##[start-action display=Work around spurious network errors in curl 8.0;id=__dtolnay_rust-toolchain.__run_9]
2026-10-07T10:05:53.4696747Z ##[group]Run # https://rust-lang.zulipchat.com/#narrow/stream/246057-t-cargo/topic/timeout.20investigation
2026-10-07T10:05:53.4697566Z [36;1m# https://rust-lang.zulipchat.com/#narrow/stream/246057-t-cargo/topic/timeout.20investigation[0m
2026-10-07T10:05:53.4698196Z [36;1mif rustc +1.94 --version --verbose | grep -q '^release: 1\.7[01]\.'; then[0m
2026-10-07T10:05:53.4698652Z [36;1m  echo CARGO_HTTP_MULTIPLEXING=false >> $GITHUB_ENV[0m
2026-10-07T10:05:53.4698976Z [36;1mfi[0m
2026-10-07T10:05:53.4766241Z shell: /usr/bin/bash --noprofile --norc -e -o pipefail {0}
2026-10-07T10:05:53.4766635Z env:
2026-10-07T10:05:53.4766859Z   CARGO_TERM_COLOR: always
2026-10-07T10:05:53.4767106Z   RUSTFLAGS: -D warnings
2026-10-07T10:05:53.4767351Z   CARGO_HOME: /home/runner/.cargo
2026-10-07T10:05:53.4767627Z   CARGO_INCREMENTAL: 0
2026-10-07T10:05:53.4767847Z ##[endgroup]
2026-10-07T10:05:53.5000792Z ##[end-action id=__dtolnay_rust-toolchain.__run_9;outcome=success;conclusion=success;duration_ms=32]
2026-10-07T10:05:53.5007418Z ##[start-action display=rustc +1.94 --version --verbose;id=__dtolnay_rust-toolchain.__run_10]
2026-10-07T10:05:53.5041760Z ##[group]Run rustc +1.94 --version --verbose
2026-10-07T10:05:53.5042337Z [36;1mrustc +1.94 --version --verbose[0m
2026-10-07T10:05:53.5138473Z shell: /usr/bin/bash --noprofile --norc -e -o pipefail {0}
2026-10-07T10:05:53.5139120Z env:
2026-10-07T10:05:53.5139495Z   CARGO_TERM_COLOR: always
2026-10-07T10:05:53.5139918Z   RUSTFLAGS: -D warnings
2026-10-07T10:05:53.5140341Z   CARGO_HOME: /home/runner/.cargo
2026-10-07T10:05:53.5140792Z   CARGO_INCREMENTAL: 0
2026-10-07T10:05:53.5141461Z ##[endgroup]
2026-10-07T10:05:53.5345561Z rustc 1.94.1 (e408947bf 2026-03-25)
2026-10-07T10:05:53.5346792Z binary: rustc
2026-10-07T10:05:53.5347871Z commit-hash: e408947bfd200af42db322daf0fadfe7e26d3bd1
2026-10-07T10:05:53.5348427Z commit-date: 2026-03-25
2026-10-07T10:05:53.5348721Z host: x86_64-unknown-linux-gnu
2026-10-07T10:05:53.5348991Z release: 1.94.1
2026-10-07T10:05:53.5349234Z LLVM version: 21.1.8
2026-10-07T10:05:53.5369860Z ##[end-action id=__dtolnay_rust-toolchain.__run_10;outcome=success;conclusion=success;duration_ms=36]
2026-10-07T10:05:53.5495428Z ##[group]Run Swatinem/rust-cache@v2
2026-10-07T10:05:53.5495765Z with:
2026-10-07T10:05:53.5495977Z   cache-on-failure: true
2026-10-07T10:05:53.5496240Z   cache-workspace-crates: true
2026-10-07T10:05:53.5496500Z   prefix-key: v0-rust
2026-10-07T10:05:53.5496730Z   add-job-id-key: true
2026-10-07T10:05:53.5496983Z   add-rust-environment-hash-key: true
2026-10-07T10:05:53.5497260Z   cache-targets: true
2026-10-07T10:05:53.5497509Z   cache-all-crates: false
2026-10-07T10:05:53.5497735Z   save-if: true
2026-10-07T10:05:53.5497946Z   cache-provider: github
2026-10-07T10:05:53.5498175Z   cache-bin: true
2026-10-07T10:05:53.5498382Z   lookup-only: false
2026-10-07T10:05:53.5498594Z   cmd-format: {0}
2026-10-07T10:05:53.5498787Z env:
2026-10-07T10:05:53.5498982Z   CARGO_TERM_COLOR: always
2026-10-07T10:05:53.5499224Z   RUSTFLAGS: -D warnings
2026-10-07T10:05:53.5499482Z   CARGO_HOME: /home/runner/.cargo
2026-10-07T10:05:53.5499739Z   CARGO_INCREMENTAL: 0
2026-10-07T10:05:53.5499989Z ##[endgroup]
2026-10-07T10:05:55.2847487Z ##[group]Cache Configuration
2026-10-07T10:05:55.2848235Z Cache Provider:
2026-10-07T10:05:55.2848776Z     github
2026-10-07T10:05:55.2849277Z Workspaces:
2026-10-07T10:05:55.2849740Z     /home/runner/work/hydrus-mine/hydrus-mine
2026-10-07T10:05:55.2850375Z Cache Paths:
2026-10-07T10:05:55.2850836Z     /home/runner/.cargo/bin
2026-10-07T10:05:55.2851426Z     /home/runner/.cargo/.crates.toml
2026-10-07T10:05:55.2852103Z     /home/runner/.cargo/.crates2.json
2026-10-07T10:05:55.2852655Z     /home/runner/.cargo/registry
2026-10-07T10:05:55.2853430Z     /home/runner/.cargo/git
2026-10-07T10:05:55.2854022Z     /home/runner/work/hydrus-mine/hydrus-mine/target
2026-10-07T10:05:55.2854712Z Restore Key:
2026-10-07T10:05:55.2855217Z     v0-rust-parity-models-Linux-x64-ff0b8b70
2026-10-07T10:05:55.2855886Z Cache Key:
2026-10-07T10:05:55.2856419Z     v0-rust-parity-models-Linux-x64-ff0b8b70-0ea5e1be
2026-10-07T10:05:55.2857082Z .. Prefix:
2026-10-07T10:05:55.2857583Z   - v0-rust-parity-models-Linux-x64
2026-10-07T10:05:55.2858089Z .. Environment considered:
2026-10-07T10:05:55.2858516Z   - Rust Versions:
2026-10-07T10:05:55.2859105Z     - 1.94.1 x86_64-unknown-linux-gnu e408947bfd200af42db322daf0fadfe7e26d3bd1
2026-10-07T10:05:55.2859966Z     - 1.99.0 x86_64-unknown-linux-gnu b940084d7eb6a299eb4bfeb8e34901bc051e7ac4
2026-10-07T10:05:55.2860582Z   - CARGO_HOME
2026-10-07T10:05:55.2860915Z   - CARGO_INCREMENTAL
2026-10-07T10:05:55.2861280Z   - CARGO_TERM_COLOR
2026-10-07T10:05:55.2861611Z   - RUSTFLAGS
2026-10-07T10:05:55.2861945Z .. Lockfiles considered:
2026-10-07T10:05:55.2862494Z   - /home/runner/work/hydrus-mine/hydrus-mine/.cargo/config.toml
2026-10-07T10:05:55.2863479Z   - /home/runner/work/hydrus-mine/hydrus-mine/Cargo.lock
2026-10-07T10:05:55.2864281Z   - /home/runner/work/hydrus-mine/hydrus-mine/crates/hydrus-api/Cargo.toml
2026-10-07T10:05:55.2865170Z   - /home/runner/work/hydrus-mine/hydrus-mine/crates/hydrus-cli/Cargo.toml
2026-10-07T10:05:55.2866019Z   - /home/runner/work/hydrus-mine/hydrus-mine/crates/hydrus-core/Cargo.toml
2026-10-07T10:05:55.2866973Z   - /home/runner/work/hydrus-mine/hydrus-mine/crates/hydrus-download/Cargo.toml
2026-10-07T10:05:55.2868025Z   - /home/runner/work/hydrus-mine/hydrus-mine/crates/hydrus-downloader-exchange/Cargo.toml
2026-10-07T10:05:55.2869139Z   - /home/runner/work/hydrus-mine/hydrus-mine/crates/hydrus-duplicates/Cargo.toml
2026-10-07T10:05:55.2870072Z   - /home/runner/work/hydrus-mine/hydrus-mine/crates/hydrus-gui-model/Cargo.toml
2026-10-07T10:05:55.2871597Z   - /home/runner/work/hydrus-mine/hydrus-mine/crates/hydrus-gui-ui/Cargo.toml
2026-10-07T10:05:55.2873715Z   - /home/runner/work/hydrus-mine/hydrus-mine/crates/hydrus-gui/Cargo.toml
2026-10-07T10:05:55.2874743Z   - /home/runner/work/hydrus-mine/hydrus-mine/crates/hydrus-import/Cargo.toml
2026-10-07T10:05:55.2875694Z   - /home/runner/work/hydrus-mine/hydrus-mine/crates/hydrus-legacy/Cargo.toml
2026-10-07T10:05:55.2876941Z   - /home/runner/work/hydrus-mine/hydrus-mine/crates/hydrus-media/Cargo.toml
2026-10-07T10:05:55.2877949Z   - /home/runner/work/hydrus-mine/hydrus-mine/crates/hydrus-net/Cargo.toml
2026-10-07T10:05:55.2878915Z   - /home/runner/work/hydrus-mine/hydrus-mine/crates/hydrus-parse/Cargo.toml
2026-10-07T10:05:55.2879868Z   - /home/runner/work/hydrus-mine/hydrus-mine/crates/hydrus-search/Cargo.toml
2026-10-07T10:05:55.2880740Z   - /home/runner/work/hydrus-mine/hydrus-mine/crates/hydrus-store/Cargo.toml
2026-10-07T10:05:55.2881693Z   - /home/runner/work/hydrus-mine/hydrus-mine/crates/hydrus-testkit/Cargo.toml
2026-10-07T10:05:55.2882609Z   - /home/runner/work/hydrus-mine/hydrus-mine/rust-toolchain.toml
2026-10-07T10:05:55.2883659Z   - /home/runner/work/hydrus-mine/hydrus-mine/xtask/Cargo.toml
2026-10-07T10:05:55.2884637Z ##[endgroup]
2026-10-07T10:05:55.2884826Z 
2026-10-07T10:05:55.2884980Z ... Restoring cache ...
2026-10-07T10:05:55.3684911Z Cache hit for: v0-rust-parity-models-Linux-x64-ff0b8b70-0ea5e1be
2026-10-07T10:05:56.4241817Z Received 234881024 of 613098716 (38.3%), 222.9 MBs/sec
2026-10-07T10:05:57.4245421Z Received 486539264 of 613098716 (79.4%), 231.3 MBs/sec
2026-10-07T10:05:57.9793978Z Received 613098716 of 613098716 (100.0%), 228.6 MBs/sec
2026-10-07T10:05:57.9795309Z Cache Size: ~585 MB (613098716 B)
2026-10-07T10:05:57.9874876Z [command]/usr/bin/tar -xf /home/runner/work/_temp/4bffdf7e-f1a1-4716-8637-9d13d54d4186/cache.tzst -P -C /home/runner/work/hydrus-mine/hydrus-mine --use-compress-program unzstd
2026-10-07T10:06:01.6963662Z Cache restored successfully
2026-10-07T10:06:02.5559682Z Restored from cache key "v0-rust-parity-models-Linux-x64-ff0b8b70-0ea5e1be" full match: true.
2026-10-07T10:06:02.5718620Z ##[group]Run sudo apt-get update && sudo apt-get install -y ffmpeg
2026-10-07T10:06:02.5719120Z [36;1msudo apt-get update && sudo apt-get install -y ffmpeg[0m
2026-10-07T10:06:02.5783576Z shell: /usr/bin/bash -e {0}
2026-10-07T10:06:02.5783865Z env:
2026-10-07T10:06:02.5784075Z   CARGO_TERM_COLOR: always
2026-10-07T10:06:02.5784327Z   RUSTFLAGS: -D warnings
2026-10-07T10:06:02.5784576Z   CARGO_HOME: /home/runner/.cargo
2026-10-07T10:06:02.5784842Z   CARGO_INCREMENTAL: 0
2026-10-07T10:06:02.5785069Z   CACHE_ON_FAILURE: true
2026-10-07T10:06:02.5785294Z ##[endgroup]
2026-10-07T10:06:02.6723293Z Get:1 file:/etc/apt/apt-mirrors.txt Mirrorlist [144 B]
2026-10-07T10:06:02.7065054Z Get:6 https://packages.microsoft.com/ubuntu/24.04/prod noble InRelease [3600 B]
2026-10-07T10:06:02.7196692Z Hit:2 http://azure.archive.ubuntu.com/ubuntu noble InRelease
2026-10-07T10:06:02.7204642Z Get:3 http://azure.archive.ubuntu.com/ubuntu noble-updates InRelease [126 kB]
2026-10-07T10:06:02.7247327Z Get:4 http://azure.archive.ubuntu.com/ubuntu noble-backports InRelease [126 kB]
2026-10-07T10:06:02.7282087Z Get:5 http://azure.archive.ubuntu.com/ubuntu noble-security InRelease [126 kB]
2026-10-07T10:06:02.7894235Z Get:7 https://packages.microsoft.com/ubuntu/24.04/prod noble/main amd64 Packages [519 kB]
2026-10-07T10:06:02.8080449Z Get:8 https://packages.microsoft.com/ubuntu/24.04/prod noble/main arm64 Packages [463 kB]
2026-10-07T10:06:02.9097549Z Get:9 http://azure.archive.ubuntu.com/ubuntu noble-updates/main amd64 Packages [1375 kB]
2026-10-07T10:06:02.9172152Z Get:10 http://azure.archive.ubuntu.com/ubuntu noble-updates/main Translation-en [306 kB]
2026-10-07T10:06:02.9191000Z Get:11 http://azure.archive.ubuntu.com/ubuntu noble-updates/universe amd64 Packages [1701 kB]
2026-10-07T10:06:02.9274320Z Get:12 http://azure.archive.ubuntu.com/ubuntu noble-updates/universe Translation-en [341 kB]
2026-10-07T10:06:02.9296079Z Get:13 http://azure.archive.ubuntu.com/ubuntu noble-updates/restricted amd64 Packages [1730 kB]
2026-10-07T10:06:02.9399045Z Get:14 http://azure.archive.ubuntu.com/ubuntu noble-updates/restricted Translation-en [396 kB]
2026-10-07T10:06:02.9405946Z Get:15 http://azure.archive.ubuntu.com/ubuntu noble-updates/multiverse Translation-en [13.3 kB]
2026-10-07T10:06:03.0225328Z Get:16 http://azure.archive.ubuntu.com/ubuntu noble-security/main amd64 Packages [1073 kB]
2026-10-07T10:06:03.0281664Z Get:17 http://azure.archive.ubuntu.com/ubuntu noble-security/main Translation-en [223 kB]
2026-10-07T10:06:03.0297249Z Get:18 http://azure.archive.ubuntu.com/ubuntu noble-security/universe amd64 Packages [1218 kB]
2026-10-07T10:06:03.0804042Z Get:19 http://azure.archive.ubuntu.com/ubuntu noble-security/universe Translation-en [245 kB]
2026-10-07T10:06:03.0817220Z Get:20 http://azure.archive.ubuntu.com/ubuntu noble-security/multiverse Translation-en [11.6 kB]
2026-10-07T10:06:07.2806280Z Fetched 9996 kB in 1s (9135 kB/s)
2026-10-07T10:06:08.1934526Z Reading package lists...
2026-10-07T10:06:08.2238826Z Reading package lists...
2026-10-07T10:06:08.4484297Z Building dependency tree...
2026-10-07T10:06:08.4492660Z Reading state information...
2026-10-07T10:06:08.7253860Z The following additional packages will be installed:
2026-10-07T10:06:08.7256120Z   i965-va-driver intel-media-va-driver libaacs0 libass9 libasyncns0
2026-10-07T10:06:08.7256978Z   libavc1394-0 libavcodec60 libavdevice60 libavfilter9 libavformat60
2026-10-07T10:06:08.7257800Z   libavutil58 libbdplus0 libblas3 libbluray2 libbs2b0 libcaca0
2026-10-07T10:06:08.7258677Z   libcdio-cdda2t64 libcdio-paranoia2t64 libcdio19t64 libchromaprint1 libcjson1
2026-10-07T10:06:08.7259584Z   libcodec2-1.2 libdav1d7 libdc1394-25 libdecor-0-0 libdecor-0-plugin-1-gtk
2026-10-07T10:06:08.7260477Z   libflac12t64 libflite1 libgme0 libgsm1 libhwy1t64 libiec61883-0 libigdgmm12
2026-10-07T10:06:08.7261335Z   libjack-jackd2-0 libjxl0.7 liblapack3 liblilv-0-0 libmbedcrypto7t64
2026-10-07T10:06:08.7262117Z   libmp3lame0 libmpg123-0t64 libmysofa1 libopenal-data libopenal1
2026-10-07T10:06:08.7263778Z   libopenmpt0t64 libopus0 libplacebo338 libpocketsphinx3 libpostproc57
2026-10-07T10:06:08.7264613Z   libpulse0 librav1e0 libraw1394-11 librist4 librsvg2-2 librsvg2-common
2026-10-07T10:06:08.7265403Z   librubberband2 libsamplerate0 libsdl2-2.0-0 libserd-0-0 libshine3
2026-10-07T10:06:08.7266208Z   libsndfile1 libsndio7.0 libsord-0-0 libsoxr0 libspeex1 libsphinxbase3t64
2026-10-07T10:06:08.7267004Z   libsratom-0-0 libsrt1.5-gnutls libssh-gcrypt-4 libsvtav1enc1d1
2026-10-07T10:06:08.7267775Z   libswresample4 libswscale7 libtheora0 libtwolame0 libudfread0 libunibreak5
2026-10-07T10:06:08.7268610Z   libva-drm2 libva-x11-2 libva2 libvdpau1 libvidstab1.1 libvorbisenc2 libvpl2
2026-10-07T10:06:08.7269428Z   libvpx9 libx264-164 libx265-199 libxcb-shape0 libxv1 libxvidcore4 libzimg2
2026-10-07T10:06:08.7270254Z   libzix-0-0 libzvbi-common libzvbi0t64 mesa-va-drivers mesa-vdpau-drivers
2026-10-07T10:06:08.7271084Z   ocl-icd-libopencl1 pocketsphinx-en-us va-driver-all vdpau-driver-all
2026-10-07T10:06:08.7280395Z Suggested packages:
2026-10-07T10:06:08.7280975Z   ffmpeg-doc i965-va-driver-shaders libcuda1 libnvcuvid1 libnvidia-encode1
2026-10-07T10:06:08.7281521Z   libbluray-bdj jackd2 libportaudio2 opus-tools pulseaudio libraw1394-doc
2026-10-07T10:06:08.7282009Z   librsvg2-bin serdi sndiod sordi speex opencl-icd libvdpau-va-gl1
2026-10-07T10:06:08.7772043Z The following NEW packages will be installed:
2026-10-07T10:06:08.7773254Z   ffmpeg i965-va-driver intel-media-va-driver libaacs0 libass9 libasyncns0
2026-10-07T10:06:08.7775574Z   libavc1394-0 libavcodec60 libavdevice60 libavfilter9 libavformat60
2026-10-07T10:06:08.7776637Z   libavutil58 libbdplus0 libblas3 libbluray2 libbs2b0 libcaca0
2026-10-07T10:06:08.7777661Z   libcdio-cdda2t64 libcdio-paranoia2t64 libcdio19t64 libchromaprint1 libcjson1
2026-10-07T10:06:08.7778753Z   libcodec2-1.2 libdav1d7 libdc1394-25 libdecor-0-0 libdecor-0-plugin-1-gtk
2026-10-07T10:06:08.7780310Z   libflac12t64 libflite1 libgme0 libgsm1 libhwy1t64 libiec61883-0 libigdgmm12
2026-10-07T10:06:08.7781371Z   libjack-jackd2-0 libjxl0.7 liblapack3 liblilv-0-0 libmbedcrypto7t64
2026-10-07T10:06:08.7782336Z   libmp3lame0 libmpg123-0t64 libmysofa1 libopenal-data libopenal1
2026-10-07T10:06:08.7783567Z   libopenmpt0t64 libopus0 libplacebo338 libpocketsphinx3 libpostproc57
2026-10-07T10:06:08.7784640Z   libpulse0 librav1e0 libraw1394-11 librist4 librsvg2-2 librsvg2-common
2026-10-07T10:06:08.7785389Z   librubberband2 libsamplerate0 libsdl2-2.0-0 libserd-0-0 libshine3
2026-10-07T10:06:08.7786174Z   libsndfile1 libsndio7.0 libsord-0-0 libsoxr0 libspeex1 libsphinxbase3t64
2026-10-07T10:06:08.7786938Z   libsratom-0-0 libsrt1.5-gnutls libssh-gcrypt-4 libsvtav1enc1d1
2026-10-07T10:06:08.7787740Z   libswresample4 libswscale7 libtheora0 libtwolame0 libudfread0 libunibreak5
2026-10-07T10:06:08.7788597Z   libva-drm2 libva-x11-2 libva2 libvdpau1 libvidstab1.1 libvorbisenc2 libvpl2
2026-10-07T10:06:08.7789448Z   libvpx9 libx264-164 libx265-199 libxcb-shape0 libxv1 libxvidcore4 libzimg2
2026-10-07T10:06:08.7790242Z   libzix-0-0 libzvbi-common libzvbi0t64 mesa-va-drivers mesa-vdpau-drivers
2026-10-07T10:06:08.7791064Z   ocl-icd-libopencl1 pocketsphinx-en-us va-driver-all vdpau-driver-all
2026-10-07T10:06:08.8034919Z 0 upgraded, 99 newly installed, 0 to remove and 10 not upgraded.
2026-10-07T10:06:08.8035625Z Need to get 94.1 MB of archives.
2026-10-07T10:06:08.8036221Z After this operation, 227 MB of additional disk space will be used.
2026-10-07T10:06:08.8036942Z Get:1 file:/etc/apt/apt-mirrors.txt Mirrorlist [144 B]
2026-10-07T10:06:09.0323521Z Get:2 http://azure.archive.ubuntu.com/ubuntu noble-updates/universe amd64 libva2 amd64 2.20.0-2ubuntu0.2 [66.4 kB]
2026-10-07T10:06:09.1446049Z Get:3 http://azure.archive.ubuntu.com/ubuntu noble-updates/universe amd64 libva-drm2 amd64 2.20.0-2ubuntu0.2 [7124 B]
2026-10-07T10:06:09.2539603Z Get:4 http://azure.archive.ubuntu.com/ubuntu noble-updates/universe amd64 libva-x11-2 amd64 2.20.0-2ubuntu0.2 [12.0 kB]
2026-10-07T10:06:09.3638406Z Get:5 http://azure.archive.ubuntu.com/ubuntu noble/main amd64 libvdpau1 amd64 1.5-2build1 [27.8 kB]
2026-10-07T10:06:09.4738871Z Get:6 http://azure.archive.ubuntu.com/ubuntu noble/universe amd64 libvpl2 amd64 2023.3.0-1build1 [99.8 kB]
2026-10-07T10:06:09.5861992Z Get:7 http://azure.archive.ubuntu.com/ubuntu noble/universe amd64 ocl-icd-libopencl1 amd64 2.3.2-1build1 [38.5 kB]
2026-10-07T10:06:09.6960849Z Get:8 http://azure.archive.ubuntu.com/ubuntu noble/universe amd64 libavutil58 amd64 7:6.1.1-3ubuntu5 [401 kB]
2026-10-07T10:06:09.8206377Z Get:9 http://azure.archive.ubuntu.com/ubuntu noble/universe amd64 libcodec2-1.2 amd64 1.2.0-2build1 [8998 kB]
2026-10-07T10:06:10.3325858Z Get:10 http://azure.archive.ubuntu.com/ubuntu noble/universe amd64 libdav1d7 amd64 1.4.1-1build1 [604 kB]
2026-10-07T10:06:10.4688999Z Get:11 http://azure.archive.ubuntu.com/ubuntu noble/universe amd64 libgsm1 amd64 1.0.22-1build1 [27.8 kB]
2026-10-07T10:06:10.5854036Z Get:12 http://azure.archive.ubuntu.com/ubuntu noble/universe amd64 libhwy1t64 amd64 1.0.7-8.1build1 [584 kB]
2026-10-07T10:06:10.7446887Z Get:13 http://azure.archive.ubuntu.com/ubuntu noble-updates/universe amd64 libjxl0.7 amd64 0.7.0-10.2ubuntu6.1 [1001 kB]
2026-10-07T10:06:10.8968873Z Get:14 http://azure.archive.ubuntu.com/ubuntu noble/main amd64 libmp3lame0 amd64 3.100-6build1 [142 kB]
2026-10-07T10:06:11.0207553Z Get:15 http://azure.archive.ubuntu.com/ubuntu noble/main amd64 libopus0 amd64 1.4-1build1 [208 kB]
2026-10-07T10:06:11.1472361Z Get:16 http://azure.archive.ubuntu.com/ubuntu noble/universe amd64 librav1e0 amd64 0.7.1-2 [1022 kB]
2026-10-07T10:06:11.3035086Z Get:17 http://azure.archive.ubuntu.com/ubuntu noble-updates/main amd64 librsvg2-2 amd64 2.58.0+dfsg-1ubuntu0.1 [2141 kB]
2026-10-07T10:06:11.5661181Z Get:18 http://azure.archive.ubuntu.com/ubuntu noble/universe amd64 libshine3 amd64 3.1.1-2build1 [23.2 kB]
2026-10-07T10:06:11.6810941Z Get:19 http://azure.archive.ubuntu.com/ubuntu noble-updates/main amd64 libspeex1 amd64 1.2.1-2ubuntu2.24.04.1 [59.6 kB]
2026-10-07T10:06:11.7929622Z Get:20 http://azure.archive.ubuntu.com/ubuntu noble/universe amd64 libsvtav1enc1d1 amd64 1.7.0+dfsg-2build1 [2425 kB]
2026-10-07T10:06:12.0691356Z Get:21 http://azure.archive.ubuntu.com/ubuntu noble/universe amd64 libsoxr0 amd64 0.1.3-4build3 [80.0 kB]
2026-10-07T10:06:12.3483706Z Get:22 http://azure.archive.ubuntu.com/ubuntu noble/universe amd64 libswresample4 amd64 7:6.1.1-3ubuntu5 [63.8 kB]
2026-10-07T10:06:12.7404077Z Get:23 http://azure.archive.ubuntu.com/ubuntu noble/main amd64 libtheora0 amd64 1.1.1+dfsg.1-16.1build3 [211 kB]
2026-10-07T10:06:13.1005965Z Get:24 http://azure.archive.ubuntu.com/ubuntu noble/main amd64 libtwolame0 amd64 0.4.0-2build3 [52.3 kB]
2026-10-07T10:06:13.2185722Z Get:25 http://azure.archive.ubuntu.com/ubuntu noble/main amd64 libvorbisenc2 amd64 1.3.7-1build3 [80.8 kB]
2026-10-07T10:06:13.3245152Z Get:26 http://azure.archive.ubuntu.com/ubuntu noble-updates/main amd64 libvpx9 amd64 1.14.0-1ubuntu2.3 [1143 kB]
2026-10-07T10:06:13.5005768Z Get:27 http://azure.archive.ubuntu.com/ubuntu noble/universe amd64 libx264-164 amd64 2:0.164.3108+git31e19f9-1 [604 kB]
2026-10-07T10:06:13.6186235Z Get:28 http://azure.archive.ubuntu.com/ubuntu noble/universe amd64 libx265-199 amd64 3.5-2build1 [1226 kB]
2026-10-07T10:06:13.7561023Z Get:29 http://azure.archive.ubuntu.com/ubuntu noble/universe amd64 libxvidcore4 amd64 2:1.3.7-1build1 [219 kB]
2026-10-07T10:06:13.8617649Z Get:30 http://azure.archive.ubuntu.com/ubuntu noble/universe amd64 libzvbi-common all 0.2.42-2 [42.4 kB]
2026-10-07T10:06:13.9635692Z Get:31 http://azure.archive.ubuntu.com/ubuntu noble/universe amd64 libzvbi0t64 amd64 0.2.42-2 [261 kB]
2026-10-07T10:06:14.0763813Z Get:32 http://azure.archive.ubuntu.com/ubuntu noble/universe amd64 libavcodec60 amd64 7:6.1.1-3ubuntu5 [5851 kB]
2026-10-07T10:06:14.4292135Z Get:33 http://azure.archive.ubuntu.com/ubuntu noble/main amd64 libraw1394-11 amd64 2.1.2-2build3 [26.2 kB]
2026-10-07T10:06:14.5304024Z Get:34 http://azure.archive.ubuntu.com/ubuntu noble/main amd64 libavc1394-0 amd64 0.5.4-5build3 [15.4 kB]
2026-10-07T10:06:14.6311910Z Get:35 http://azure.archive.ubuntu.com/ubuntu noble/universe amd64 libunibreak5 amd64 5.1-2build1 [25.0 kB]
2026-10-07T10:06:14.7320944Z Get:36 http://azure.archive.ubuntu.com/ubuntu noble/universe amd64 libass9 amd64 1:0.17.1-2build1 [104 kB]
2026-10-07T10:06:14.8373132Z Get:37 http://azure.archive.ubuntu.com/ubuntu noble/universe amd64 libudfread0 amd64 1.1.2-1build1 [19.0 kB]
2026-10-07T10:06:14.9377959Z Get:38 http://azure.archive.ubuntu.com/ubuntu noble/universe amd64 libbluray2 amd64 1:1.3.4-1build1 [159 kB]
2026-10-07T10:06:15.0410758Z Get:39 http://azure.archive.ubuntu.com/ubuntu noble/universe amd64 libchromaprint1 amd64 1.5.1-5 [30.5 kB]
2026-10-07T10:06:15.1429522Z Get:40 http://azure.archive.ubuntu.com/ubuntu noble/universe amd64 libgme0 amd64 0.6.3-7build1 [134 kB]
2026-10-07T10:06:15.2487883Z Get:41 http://azure.archive.ubuntu.com/ubuntu noble-updates/main amd64 libmpg123-0t64 amd64 1.32.5-1ubuntu1.1 [169 kB]
2026-10-07T10:06:15.3571317Z Get:42 http://azure.archive.ubuntu.com/ubuntu noble/universe amd64 libopenmpt0t64 amd64 0.7.3-1.1build3 [647 kB]
2026-10-07T10:06:15.4980483Z Get:43 http://azure.archive.ubuntu.com/ubuntu noble/universe amd64 libcjson1 amd64 1.7.17-1 [24.8 kB]
2026-10-07T10:06:15.5986508Z Get:44 http://azure.archive.ubuntu.com/ubuntu noble/universe amd64 libmbedcrypto7t64 amd64 2.28.8-1 [209 kB]
2026-10-07T10:06:15.7042352Z Get:45 http://azure.archive.ubuntu.com/ubuntu noble/universe amd64 librist4 amd64 0.2.10+dfsg-2 [74.9 kB]
2026-10-07T10:06:15.8068627Z Get:46 http://azure.archive.ubuntu.com/ubuntu noble/universe amd64 libsrt1.5-gnutls amd64 1.5.3-1build2 [316 kB]
2026-10-07T10:06:15.9166042Z Get:47 http://azure.archive.ubuntu.com/ubuntu noble-updates/main amd64 libssh-gcrypt-4 amd64 0.10.6-2ubuntu0.5 [226 kB]
2026-10-07T10:06:16.0223843Z Get:48 http://azure.archive.ubuntu.com/ubuntu noble/universe amd64 libavformat60 amd64 7:6.1.1-3ubuntu5 [1153 kB]
2026-10-07T10:06:16.1718496Z Get:49 http://azure.archive.ubuntu.com/ubuntu noble/universe amd64 libbs2b0 amd64 3.1.0+dfsg-7build1 [10.6 kB]
2026-10-07T10:06:16.2724090Z Get:50 http://azure.archive.ubuntu.com/ubuntu noble/universe amd64 libflite1 amd64 2.2-6build3 [13.6 MB]
2026-10-07T10:06:17.2814890Z Get:51 http://azure.archive.ubuntu.com/ubuntu noble/universe amd64 libserd-0-0 amd64 0.32.2-1 [43.6 kB]
2026-10-07T10:06:17.3820289Z Get:52 http://azure.archive.ubuntu.com/ubuntu noble/universe amd64 libzix-0-0 amd64 0.4.2-2build1 [23.6 kB]
2026-10-07T10:06:17.4820168Z Get:53 http://azure.archive.ubuntu.com/ubuntu noble/universe amd64 libsord-0-0 amd64 0.16.16-2build1 [15.8 kB]
2026-10-07T10:06:17.5818570Z Get:54 http://azure.archive.ubuntu.com/ubuntu noble/universe amd64 libsratom-0-0 amd64 0.6.16-1build1 [17.3 kB]
2026-10-07T10:06:17.6833763Z Get:55 http://azure.archive.ubuntu.com/ubuntu noble/universe amd64 liblilv-0-0 amd64 0.24.22-1build1 [41.0 kB]
2026-10-07T10:06:17.7837177Z Get:56 http://azure.archive.ubuntu.com/ubuntu noble/universe amd64 libmysofa1 amd64 1.3.2+dfsg-2ubuntu2 [1158 kB]
2026-10-07T10:06:17.9193157Z Get:57 http://azure.archive.ubuntu.com/ubuntu noble/universe amd64 libplacebo338 amd64 6.338.2-2build1 [2654 kB]
2026-10-07T10:06:18.1285527Z Get:58 http://azure.archive.ubuntu.com/ubuntu noble-updates/main amd64 libblas3 amd64 3.12.0-3build1.1 [238 kB]
2026-10-07T10:06:18.2638124Z Get:59 http://azure.archive.ubuntu.com/ubuntu noble-updates/main amd64 liblapack3 amd64 3.12.0-3build1.1 [2646 kB]
2026-10-07T10:06:18.5178450Z Get:60 http://azure.archive.ubuntu.com/ubuntu noble/main amd64 libasyncns0 amd64 0.8-6build4 [11.3 kB]
2026-10-07T10:06:18.6458844Z Get:61 http://azure.archive.ubuntu.com/ubuntu noble/main amd64 libflac12t64 amd64 1.4.3+ds-2.1ubuntu2 [197 kB]
2026-10-07T10:06:18.7901380Z Get:62 http://azure.archive.ubuntu.com/ubuntu noble-updates/main amd64 libsndfile1 amd64 1.2.2-1ubuntu5.24.04.1 [209 kB]
2026-10-07T10:06:18.9356231Z Get:63 http://azure.archive.ubuntu.com/ubuntu noble-updates/main amd64 libpulse0 amd64 1:16.1+dfsg1-2ubuntu10.1 [292 kB]
2026-10-07T10:06:19.0784942Z Get:64 http://azure.archive.ubuntu.com/ubuntu noble/universe amd64 libsphinxbase3t64 amd64 0.8+5prealpha+1-17build2 [126 kB]
2026-10-07T10:06:19.2119287Z Get:65 http://azure.archive.ubuntu.com/ubuntu noble/universe amd64 libpocketsphinx3 amd64 0.8.0+real5prealpha+1-15ubuntu5 [133 kB]
2026-10-07T10:06:19.3447079Z Get:66 http://azure.archive.ubuntu.com/ubuntu noble/universe amd64 libpostproc57 amd64 7:6.1.1-3ubuntu5 [49.9 kB]
2026-10-07T10:06:19.4710272Z Get:67 http://azure.archive.ubuntu.com/ubuntu noble/main amd64 libsamplerate0 amd64 0.2.2-4build1 [1344 kB]
2026-10-07T10:06:19.6649424Z Get:68 http://azure.archive.ubuntu.com/ubuntu noble/universe amd64 librubberband2 amd64 3.3.0+dfsg-2build1 [130 kB]
2026-10-07T10:06:19.7889528Z Get:69 http://azure.archive.ubuntu.com/ubuntu noble/universe amd64 libswscale7 amd64 7:6.1.1-3ubuntu5 [193 kB]
2026-10-07T10:06:19.9097243Z Get:70 http://azure.archive.ubuntu.com/ubuntu noble/universe amd64 libvidstab1.1 amd64 1.1.0-2build1 [38.5 kB]
2026-10-07T10:06:20.0267977Z Get:71 http://azure.archive.ubuntu.com/ubuntu noble/universe amd64 libzimg2 amd64 3.0.5+ds1-1build1 [254 kB]
2026-10-07T10:06:20.1606159Z Get:72 http://azure.archive.ubuntu.com/ubuntu noble/universe amd64 libavfilter9 amd64 7:6.1.1-3ubuntu5 [4235 kB]
2026-10-07T10:06:20.4288885Z Get:73 http://azure.archive.ubuntu.com/ubuntu noble-updates/main amd64 libcaca0 amd64 0.99.beta20-4ubuntu0.2 [209 kB]
2026-10-07T10:06:20.5371569Z Get:74 http://azure.archive.ubuntu.com/ubuntu noble-updates/main amd64 libcdio19t64 amd64 2.1.0-4.1ubuntu1.2 [62.4 kB]
2026-10-07T10:06:20.6515382Z Get:75 http://azure.archive.ubuntu.com/ubuntu noble/main amd64 libcdio-cdda2t64 amd64 10.2+2.0.1-1.1build2 [16.5 kB]
2026-10-07T10:06:20.7651057Z Get:76 http://azure.archive.ubuntu.com/ubuntu noble/main amd64 libcdio-paranoia2t64 amd64 10.2+2.0.1-1.1build2 [16.6 kB]
2026-10-07T10:06:20.8807378Z Get:77 http://azure.archive.ubuntu.com/ubuntu noble/universe amd64 libdc1394-25 amd64 2.2.6-4build1 [90.1 kB]
2026-10-07T10:06:20.9988619Z Get:78 http://azure.archive.ubuntu.com/ubuntu noble/main amd64 libiec61883-0 amd64 1.2.0-6build1 [24.5 kB]
2026-10-07T10:06:21.1123480Z Get:79 http://azure.archive.ubuntu.com/ubuntu noble/main amd64 libjack-jackd2-0 amd64 1.9.21~dfsg-3ubuntu3 [289 kB]
2026-10-07T10:06:21.2412444Z Get:80 http://azure.archive.ubuntu.com/ubuntu noble/universe amd64 libopenal-data all 1:1.23.1-4build1 [161 kB]
2026-10-07T10:06:21.3604698Z Get:81 http://azure.archive.ubuntu.com/ubuntu noble/universe amd64 libsndio7.0 amd64 1.9.0-0.3build3 [29.6 kB]
2026-10-07T10:06:21.4742967Z Get:82 http://azure.archive.ubuntu.com/ubuntu noble/universe amd64 libopenal1 amd64 1:1.23.1-4build1 [540 kB]
2026-10-07T10:06:21.6065001Z Get:83 http://azure.archive.ubuntu.com/ubuntu noble/main amd64 libdecor-0-0 amd64 0.2.2-1build2 [16.5 kB]
2026-10-07T10:06:21.7197803Z Get:84 http://azure.archive.ubuntu.com/ubuntu noble-updates/main amd64 libsdl2-2.0-0 amd64 2.30.0+dfsg-1ubuntu3.1 [686 kB]
2026-10-07T10:06:21.8709323Z Get:85 http://azure.archive.ubuntu.com/ubuntu noble/main amd64 libxcb-shape0 amd64 1.15-1ubuntu2 [6100 B]
2026-10-07T10:06:21.9836655Z Get:86 http://azure.archive.ubuntu.com/ubuntu noble/main amd64 libxv1 amd64 2:1.0.11-1.1build1 [10.7 kB]
2026-10-07T10:06:22.0965891Z Get:87 http://azure.archive.ubuntu.com/ubuntu noble/universe amd64 libavdevice60 amd64 7:6.1.1-3ubuntu5 [82.3 kB]
2026-10-07T10:06:22.2138425Z Get:88 http://azure.archive.ubuntu.com/ubuntu noble/universe amd64 ffmpeg amd64 7:6.1.1-3ubuntu5 [1879 kB]
2026-10-07T10:06:22.4066346Z Get:89 http://azure.archive.ubuntu.com/ubuntu noble-updates/universe amd64 libigdgmm12 amd64 22.3.17+ds1-1ubuntu1 [145 kB]
2026-10-07T10:06:22.5234060Z Get:90 http://azure.archive.ubuntu.com/ubuntu noble-updates/universe amd64 intel-media-va-driver amd64 24.1.0+dfsg1-1ubuntu0.2 [3163 kB]
2026-10-07T10:06:22.7468423Z Get:91 http://azure.archive.ubuntu.com/ubuntu noble/universe amd64 libaacs0 amd64 0.11.1-2build1 [62.9 kB]
2026-10-07T10:06:22.8654549Z Get:92 http://azure.archive.ubuntu.com/ubuntu noble/universe amd64 libbdplus0 amd64 0.2.0-3build1 [52.2 kB]
2026-10-07T10:06:22.9788982Z Get:93 http://azure.archive.ubuntu.com/ubuntu noble/main amd64 libdecor-0-plugin-1-gtk amd64 0.2.2-1build2 [22.2 kB]
2026-10-07T10:06:23.0916629Z Get:94 http://azure.archive.ubuntu.com/ubuntu noble-updates/main amd64 librsvg2-common amd64 2.58.0+dfsg-1ubuntu0.1 [11.8 kB]
2026-10-07T10:06:23.2040500Z Get:95 http://azure.archive.ubuntu.com/ubuntu noble-updates/universe amd64 mesa-va-drivers amd64 25.2.8-0ubuntu0.24.04.4 [6778 B]
2026-10-07T10:06:23.3159723Z Get:96 http://azure.archive.ubuntu.com/ubuntu noble-updates/main amd64 mesa-vdpau-drivers amd64 25.2.8-0ubuntu0.24.04.4 [23.4 kB]
2026-10-07T10:06:23.4208500Z Get:97 http://azure.archive.ubuntu.com/ubuntu noble-updates/universe amd64 i965-va-driver amd64 2.4.1+dfsg1-1ubuntu0.2 [332 kB]
2026-10-07T10:06:23.6494369Z Get:98 http://azure.archive.ubuntu.com/ubuntu noble-updates/universe amd64 va-driver-all amd64 2.20.0-2ubuntu0.2 [5014 B]
2026-10-07T10:06:23.7583043Z Get:99 http://azure.archive.ubuntu.com/ubuntu noble/main amd64 vdpau-driver-all amd64 1.5-2build1 [4414 B]
2026-10-07T10:06:23.8674833Z Get:100 http://azure.archive.ubuntu.com/ubuntu noble/universe amd64 pocketsphinx-en-us all 0.8.0+real5prealpha+1-15ubuntu5 [27.4 MB]
2026-10-07T10:06:25.2373638Z Fetched 94.1 MB in 16s (5847 kB/s)
2026-10-07T10:06:25.2635682Z Selecting previously unselected package libva2:amd64.
2026-10-07T10:06:25.2916225Z (Reading database ... 
2026-10-07T10:06:25.2917098Z (Reading database ... 5%
2026-10-07T10:06:25.2918206Z (Reading database ... 10%
2026-10-07T10:06:25.2918896Z (Reading database ... 15%
2026-10-07T10:06:25.2919633Z (Reading database ... 20%
2026-10-07T10:06:25.2920182Z (Reading database ... 25%
2026-10-07T10:06:25.2920760Z (Reading database ... 30%
2026-10-07T10:06:25.2921286Z (Reading database ... 35%
2026-10-07T10:06:25.2921653Z (Reading database ... 40%
2026-10-07T10:06:25.2922372Z (Reading database ... 45%
2026-10-07T10:06:25.2922714Z (Reading database ... 50%
2026-10-07T10:06:25.2963527Z (Reading database ... 55%
2026-10-07T10:06:25.4098566Z (Reading database ... 60%
2026-10-07T10:06:25.6163585Z (Reading database ... 65%
2026-10-07T10:06:25.7664920Z (Reading database ... 70%
2026-10-07T10:06:25.8654464Z (Reading database ... 75%
2026-10-07T10:06:26.0224727Z (Reading database ... 80%
2026-10-07T10:06:26.2006251Z (Reading database ... 85%
2026-10-07T10:06:26.3615542Z (Reading database ... 90%
2026-10-07T10:06:26.4525616Z (Reading database ... 95%
2026-10-07T10:06:26.4526115Z (Reading database ... 100%
2026-10-07T10:06:26.4526889Z (Reading database ... 203191 files and directories currently installed.)
2026-10-07T10:06:26.4569221Z Preparing to unpack .../00-libva2_2.20.0-2ubuntu0.2_amd64.deb ...
2026-10-07T10:06:26.4605534Z Unpacking libva2:amd64 (2.20.0-2ubuntu0.2) ...
2026-10-07T10:06:26.4826645Z Selecting previously unselected package libva-drm2:amd64.
2026-10-07T10:06:26.4954030Z Preparing to unpack .../01-libva-drm2_2.20.0-2ubuntu0.2_amd64.deb ...
2026-10-07T10:06:26.4962661Z Unpacking libva-drm2:amd64 (2.20.0-2ubuntu0.2) ...
2026-10-07T10:06:26.5169874Z Selecting previously unselected package libva-x11-2:amd64.
2026-10-07T10:06:26.5298811Z Preparing to unpack .../02-libva-x11-2_2.20.0-2ubuntu0.2_amd64.deb ...
2026-10-07T10:06:26.5307354Z Unpacking libva-x11-2:amd64 (2.20.0-2ubuntu0.2) ...
2026-10-07T10:06:26.5517635Z Selecting previously unselected package libvdpau1:amd64.
2026-10-07T10:06:26.5647034Z Preparing to unpack .../03-libvdpau1_1.5-2build1_amd64.deb ...
2026-10-07T10:06:26.5654737Z Unpacking libvdpau1:amd64 (1.5-2build1) ...
2026-10-07T10:06:26.5870218Z Selecting previously unselected package libvpl2.
2026-10-07T10:06:26.6001118Z Preparing to unpack .../04-libvpl2_2023.3.0-1build1_amd64.deb ...
2026-10-07T10:06:26.6009483Z Unpacking libvpl2 (2023.3.0-1build1) ...
2026-10-07T10:06:26.6232213Z Selecting previously unselected package ocl-icd-libopencl1:amd64.
2026-10-07T10:06:26.6363336Z Preparing to unpack .../05-ocl-icd-libopencl1_2.3.2-1build1_amd64.deb ...
2026-10-07T10:06:26.6370955Z Unpacking ocl-icd-libopencl1:amd64 (2.3.2-1build1) ...
2026-10-07T10:06:26.6618724Z Selecting previously unselected package libavutil58:amd64.
2026-10-07T10:06:26.6751210Z Preparing to unpack .../06-libavutil58_7%3a6.1.1-3ubuntu5_amd64.deb ...
2026-10-07T10:06:26.6758686Z Unpacking libavutil58:amd64 (7:6.1.1-3ubuntu5) ...
2026-10-07T10:06:26.7015723Z Selecting previously unselected package libcodec2-1.2:amd64.
2026-10-07T10:06:26.7147225Z Preparing to unpack .../07-libcodec2-1.2_1.2.0-2build1_amd64.deb ...
2026-10-07T10:06:26.7154848Z Unpacking libcodec2-1.2:amd64 (1.2.0-2build1) ...
2026-10-07T10:06:26.7892406Z Selecting previously unselected package libdav1d7:amd64.
2026-10-07T10:06:26.8024086Z Preparing to unpack .../08-libdav1d7_1.4.1-1build1_amd64.deb ...
2026-10-07T10:06:26.8031990Z Unpacking libdav1d7:amd64 (1.4.1-1build1) ...
2026-10-07T10:06:26.8337686Z Selecting previously unselected package libgsm1:amd64.
2026-10-07T10:06:26.8470135Z Preparing to unpack .../09-libgsm1_1.0.22-1build1_amd64.deb ...
2026-10-07T10:06:26.8478455Z Unpacking libgsm1:amd64 (1.0.22-1build1) ...
2026-10-07T10:06:26.8692716Z Selecting previously unselected package libhwy1t64:amd64.
2026-10-07T10:06:26.8823906Z Preparing to unpack .../10-libhwy1t64_1.0.7-8.1build1_amd64.deb ...
2026-10-07T10:06:26.8831945Z Unpacking libhwy1t64:amd64 (1.0.7-8.1build1) ...
2026-10-07T10:06:26.9158085Z Selecting previously unselected package libjxl0.7:amd64.
2026-10-07T10:06:26.9290972Z Preparing to unpack .../11-libjxl0.7_0.7.0-10.2ubuntu6.1_amd64.deb ...
2026-10-07T10:06:26.9299333Z Unpacking libjxl0.7:amd64 (0.7.0-10.2ubuntu6.1) ...
2026-10-07T10:06:26.9635796Z Selecting previously unselected package libmp3lame0:amd64.
2026-10-07T10:06:26.9766939Z Preparing to unpack .../12-libmp3lame0_3.100-6build1_amd64.deb ...
2026-10-07T10:06:26.9774461Z Unpacking libmp3lame0:amd64 (3.100-6build1) ...
2026-10-07T10:06:26.9994527Z Selecting previously unselected package libopus0:amd64.
2026-10-07T10:06:27.0125207Z Preparing to unpack .../13-libopus0_1.4-1build1_amd64.deb ...
2026-10-07T10:06:27.0133067Z Unpacking libopus0:amd64 (1.4-1build1) ...
2026-10-07T10:06:27.0377355Z Selecting previously unselected package librav1e0:amd64.
2026-10-07T10:06:27.0504918Z Preparing to unpack .../14-librav1e0_0.7.1-2_amd64.deb ...
2026-10-07T10:06:27.0514595Z Unpacking librav1e0:amd64 (0.7.1-2) ...
2026-10-07T10:06:27.0846097Z Selecting previously unselected package librsvg2-2:amd64.
2026-10-07T10:06:27.0973342Z Preparing to unpack .../15-librsvg2-2_2.58.0+dfsg-1ubuntu0.1_amd64.deb ...
2026-10-07T10:06:27.0981200Z Unpacking librsvg2-2:amd64 (2.58.0+dfsg-1ubuntu0.1) ...
2026-10-07T10:06:27.1425381Z Selecting previously unselected package libshine3:amd64.
2026-10-07T10:06:27.1555916Z Preparing to unpack .../16-libshine3_3.1.1-2build1_amd64.deb ...
2026-10-07T10:06:27.1563747Z Unpacking libshine3:amd64 (3.1.1-2build1) ...
2026-10-07T10:06:27.1767739Z Selecting previously unselected package libspeex1:amd64.
2026-10-07T10:06:27.1895195Z Preparing to unpack .../17-libspeex1_1.2.1-2ubuntu2.24.04.1_amd64.deb ...
2026-10-07T10:06:27.1902906Z Unpacking libspeex1:amd64 (1.2.1-2ubuntu2.24.04.1) ...
2026-10-07T10:06:27.2112481Z Selecting previously unselected package libsvtav1enc1d1:amd64.
2026-10-07T10:06:27.2241569Z Preparing to unpack .../18-libsvtav1enc1d1_1.7.0+dfsg-2build1_amd64.deb ...
2026-10-07T10:06:27.2249053Z Unpacking libsvtav1enc1d1:amd64 (1.7.0+dfsg-2build1) ...
2026-10-07T10:06:27.2747747Z Selecting previously unselected package libsoxr0:amd64.
2026-10-07T10:06:27.2876116Z Preparing to unpack .../19-libsoxr0_0.1.3-4build3_amd64.deb ...
2026-10-07T10:06:27.2884471Z Unpacking libsoxr0:amd64 (0.1.3-4build3) ...
2026-10-07T10:06:27.3096034Z Selecting previously unselected package libswresample4:amd64.
2026-10-07T10:06:27.3224315Z Preparing to unpack .../20-libswresample4_7%3a6.1.1-3ubuntu5_amd64.deb ...
2026-10-07T10:06:27.3232126Z Unpacking libswresample4:amd64 (7:6.1.1-3ubuntu5) ...
2026-10-07T10:06:27.3450133Z Selecting previously unselected package libtheora0:amd64.
2026-10-07T10:06:27.3581076Z Preparing to unpack .../21-libtheora0_1.1.1+dfsg.1-16.1build3_amd64.deb ...
2026-10-07T10:06:27.3588549Z Unpacking libtheora0:amd64 (1.1.1+dfsg.1-16.1build3) ...
2026-10-07T10:06:27.3828965Z Selecting previously unselected package libtwolame0:amd64.
2026-10-07T10:06:27.3957239Z Preparing to unpack .../22-libtwolame0_0.4.0-2build3_amd64.deb ...
2026-10-07T10:06:27.3965188Z Unpacking libtwolame0:amd64 (0.4.0-2build3) ...
2026-10-07T10:06:27.4183490Z Selecting previously unselected package libvorbisenc2:amd64.
2026-10-07T10:06:27.4313977Z Preparing to unpack .../23-libvorbisenc2_1.3.7-1build3_amd64.deb ...
2026-10-07T10:06:27.4321629Z Unpacking libvorbisenc2:amd64 (1.3.7-1build3) ...
2026-10-07T10:06:27.4551801Z Selecting previously unselected package libvpx9:amd64.
2026-10-07T10:06:27.4683215Z Preparing to unpack .../24-libvpx9_1.14.0-1ubuntu2.3_amd64.deb ...
2026-10-07T10:06:27.4690712Z Unpacking libvpx9:amd64 (1.14.0-1ubuntu2.3) ...
2026-10-07T10:06:27.5026938Z Selecting previously unselected package libx264-164:amd64.
2026-10-07T10:06:27.5156410Z Preparing to unpack .../25-libx264-164_2%3a0.164.3108+git31e19f9-1_amd64.deb ...
2026-10-07T10:06:27.5162720Z Unpacking libx264-164:amd64 (2:0.164.3108+git31e19f9-1) ...
2026-10-07T10:06:27.5444904Z Selecting previously unselected package libx265-199:amd64.
2026-10-07T10:06:27.5573457Z Preparing to unpack .../26-libx265-199_3.5-2build1_amd64.deb ...
2026-10-07T10:06:27.5581522Z Unpacking libx265-199:amd64 (3.5-2build1) ...
2026-10-07T10:06:27.6216014Z Selecting previously unselected package libxvidcore4:amd64.
2026-10-07T10:06:27.6346112Z Preparing to unpack .../27-libxvidcore4_2%3a1.3.7-1build1_amd64.deb ...
2026-10-07T10:06:27.6353787Z Unpacking libxvidcore4:amd64 (2:1.3.7-1build1) ...
2026-10-07T10:06:27.6577119Z Selecting previously unselected package libzvbi-common.
2026-10-07T10:06:27.6706425Z Preparing to unpack .../28-libzvbi-common_0.2.42-2_all.deb ...
2026-10-07T10:06:27.6714272Z Unpacking libzvbi-common (0.2.42-2) ...
2026-10-07T10:06:27.7003716Z Selecting previously unselected package libzvbi0t64:amd64.
2026-10-07T10:06:27.7131276Z Preparing to unpack .../29-libzvbi0t64_0.2.42-2_amd64.deb ...
2026-10-07T10:06:27.7139961Z Unpacking libzvbi0t64:amd64 (0.2.42-2) ...
2026-10-07T10:06:27.7381005Z Selecting previously unselected package libavcodec60:amd64.
2026-10-07T10:06:27.7511171Z Preparing to unpack .../30-libavcodec60_7%3a6.1.1-3ubuntu5_amd64.deb ...
2026-10-07T10:06:27.7518504Z Unpacking libavcodec60:amd64 (7:6.1.1-3ubuntu5) ...
2026-10-07T10:06:27.8350271Z Selecting previously unselected package libraw1394-11:amd64.
2026-10-07T10:06:27.8478278Z Preparing to unpack .../31-libraw1394-11_2.1.2-2build3_amd64.deb ...
2026-10-07T10:06:27.8486766Z Unpacking libraw1394-11:amd64 (2.1.2-2build3) ...
2026-10-07T10:06:27.8692118Z Selecting previously unselected package libavc1394-0:amd64.
2026-10-07T10:06:27.8819281Z Preparing to unpack .../32-libavc1394-0_0.5.4-5build3_amd64.deb ...
2026-10-07T10:06:27.8827795Z Unpacking libavc1394-0:amd64 (0.5.4-5build3) ...
2026-10-07T10:06:27.9034665Z Selecting previously unselected package libunibreak5:amd64.
2026-10-07T10:06:27.9161030Z Preparing to unpack .../33-libunibreak5_5.1-2build1_amd64.deb ...
2026-10-07T10:06:27.9168205Z Unpacking libunibreak5:amd64 (5.1-2build1) ...
2026-10-07T10:06:27.9414729Z Selecting previously unselected package libass9:amd64.
2026-10-07T10:06:27.9542548Z Preparing to unpack .../34-libass9_1%3a0.17.1-2build1_amd64.deb ...
2026-10-07T10:06:27.9550623Z Unpacking libass9:amd64 (1:0.17.1-2build1) ...
2026-10-07T10:06:27.9776600Z Selecting previously unselected package libudfread0:amd64.
2026-10-07T10:06:27.9906515Z Preparing to unpack .../35-libudfread0_1.1.2-1build1_amd64.deb ...
2026-10-07T10:06:27.9913793Z Unpacking libudfread0:amd64 (1.1.2-1build1) ...
2026-10-07T10:06:28.0127508Z Selecting previously unselected package libbluray2:amd64.
2026-10-07T10:06:28.0257597Z Preparing to unpack .../36-libbluray2_1%3a1.3.4-1build1_amd64.deb ...
2026-10-07T10:06:28.0267375Z Unpacking libbluray2:amd64 (1:1.3.4-1build1) ...
2026-10-07T10:06:28.0500196Z Selecting previously unselected package libchromaprint1:amd64.
2026-10-07T10:06:28.0630904Z Preparing to unpack .../37-libchromaprint1_1.5.1-5_amd64.deb ...
2026-10-07T10:06:28.0638736Z Unpacking libchromaprint1:amd64 (1.5.1-5) ...
2026-10-07T10:06:28.0853573Z Selecting previously unselected package libgme0:amd64.
2026-10-07T10:06:28.0982235Z Preparing to unpack .../38-libgme0_0.6.3-7build1_amd64.deb ...
2026-10-07T10:06:28.0989545Z Unpacking libgme0:amd64 (0.6.3-7build1) ...
2026-10-07T10:06:28.1215606Z Selecting previously unselected package libmpg123-0t64:amd64.
2026-10-07T10:06:28.1344902Z Preparing to unpack .../39-libmpg123-0t64_1.32.5-1ubuntu1.1_amd64.deb ...
2026-10-07T10:06:28.1353222Z Unpacking libmpg123-0t64:amd64 (1.32.5-1ubuntu1.1) ...
2026-10-07T10:06:28.1600353Z Selecting previously unselected package libopenmpt0t64:amd64.
2026-10-07T10:06:28.1729981Z Preparing to unpack .../40-libopenmpt0t64_0.7.3-1.1build3_amd64.deb ...
2026-10-07T10:06:28.1738200Z Unpacking libopenmpt0t64:amd64 (0.7.3-1.1build3) ...
2026-10-07T10:06:28.2010343Z Selecting previously unselected package libcjson1:amd64.
2026-10-07T10:06:28.2141984Z Preparing to unpack .../41-libcjson1_1.7.17-1_amd64.deb ...
2026-10-07T10:06:28.2149688Z Unpacking libcjson1:amd64 (1.7.17-1) ...
2026-10-07T10:06:28.2360140Z Selecting previously unselected package libmbedcrypto7t64:amd64.
2026-10-07T10:06:28.2490344Z Preparing to unpack .../42-libmbedcrypto7t64_2.28.8-1_amd64.deb ...
2026-10-07T10:06:28.2498873Z Unpacking libmbedcrypto7t64:amd64 (2.28.8-1) ...
2026-10-07T10:06:28.2730362Z Selecting previously unselected package librist4:amd64.
2026-10-07T10:06:28.2863688Z Preparing to unpack .../43-librist4_0.2.10+dfsg-2_amd64.deb ...
2026-10-07T10:06:28.2872133Z Unpacking librist4:amd64 (0.2.10+dfsg-2) ...
2026-10-07T10:06:28.3084222Z Selecting previously unselected package libsrt1.5-gnutls:amd64.
2026-10-07T10:06:28.3213764Z Preparing to unpack .../44-libsrt1.5-gnutls_1.5.3-1build2_amd64.deb ...
2026-10-07T10:06:28.3220562Z Unpacking libsrt1.5-gnutls:amd64 (1.5.3-1build2) ...
2026-10-07T10:06:28.3465777Z Selecting previously unselected package libssh-gcrypt-4:amd64.
2026-10-07T10:06:28.3594869Z Preparing to unpack .../45-libssh-gcrypt-4_0.10.6-2ubuntu0.5_amd64.deb ...
2026-10-07T10:06:28.3602939Z Unpacking libssh-gcrypt-4:amd64 (0.10.6-2ubuntu0.5) ...
2026-10-07T10:06:28.3837845Z Selecting previously unselected package libavformat60:amd64.
2026-10-07T10:06:28.3965263Z Preparing to unpack .../46-libavformat60_7%3a6.1.1-3ubuntu5_amd64.deb ...
2026-10-07T10:06:28.3974223Z Unpacking libavformat60:amd64 (7:6.1.1-3ubuntu5) ...
2026-10-07T10:06:28.4299012Z Selecting previously unselected package libbs2b0:amd64.
2026-10-07T10:06:28.4429691Z Preparing to unpack .../47-libbs2b0_3.1.0+dfsg-7build1_amd64.deb ...
2026-10-07T10:06:28.4437779Z Unpacking libbs2b0:amd64 (3.1.0+dfsg-7build1) ...
2026-10-07T10:06:28.4667561Z Selecting previously unselected package libflite1:amd64.
2026-10-07T10:06:28.4798379Z Preparing to unpack .../48-libflite1_2.2-6build3_amd64.deb ...
2026-10-07T10:06:28.4807288Z Unpacking libflite1:amd64 (2.2-6build3) ...
2026-10-07T10:06:28.5946720Z Selecting previously unselected package libserd-0-0:amd64.
2026-10-07T10:06:28.6075110Z Preparing to unpack .../49-libserd-0-0_0.32.2-1_amd64.deb ...
2026-10-07T10:06:28.6082409Z Unpacking libserd-0-0:amd64 (0.32.2-1) ...
2026-10-07T10:06:28.6292430Z Selecting previously unselected package libzix-0-0:amd64.
2026-10-07T10:06:28.6419644Z Preparing to unpack .../50-libzix-0-0_0.4.2-2build1_amd64.deb ...
2026-10-07T10:06:28.6427249Z Unpacking libzix-0-0:amd64 (0.4.2-2build1) ...
2026-10-07T10:06:28.6631994Z Selecting previously unselected package libsord-0-0:amd64.
2026-10-07T10:06:28.6759309Z Preparing to unpack .../51-libsord-0-0_0.16.16-2build1_amd64.deb ...
2026-10-07T10:06:28.6768137Z Unpacking libsord-0-0:amd64 (0.16.16-2build1) ...
2026-10-07T10:06:28.6973092Z Selecting previously unselected package libsratom-0-0:amd64.
2026-10-07T10:06:28.7102111Z Preparing to unpack .../52-libsratom-0-0_0.6.16-1build1_amd64.deb ...
2026-10-07T10:06:28.7112260Z Unpacking libsratom-0-0:amd64 (0.6.16-1build1) ...
2026-10-07T10:06:28.7320463Z Selecting previously unselected package liblilv-0-0:amd64.
2026-10-07T10:06:28.7449487Z Preparing to unpack .../53-liblilv-0-0_0.24.22-1build1_amd64.deb ...
2026-10-07T10:06:28.7457270Z Unpacking liblilv-0-0:amd64 (0.24.22-1build1) ...
2026-10-07T10:06:28.7667480Z Selecting previously unselected package libmysofa1:amd64.
2026-10-07T10:06:28.7797494Z Preparing to unpack .../54-libmysofa1_1.3.2+dfsg-2ubuntu2_amd64.deb ...
2026-10-07T10:06:28.7805400Z Unpacking libmysofa1:amd64 (1.3.2+dfsg-2ubuntu2) ...
2026-10-07T10:06:28.8055609Z Selecting previously unselected package libplacebo338:amd64.
2026-10-07T10:06:28.8181950Z Preparing to unpack .../55-libplacebo338_6.338.2-2build1_amd64.deb ...
2026-10-07T10:06:28.8190175Z Unpacking libplacebo338:amd64 (6.338.2-2build1) ...
2026-10-07T10:06:28.8725870Z Selecting previously unselected package libblas3:amd64.
2026-10-07T10:06:28.8853791Z Preparing to unpack .../56-libblas3_3.12.0-3build1.1_amd64.deb ...
2026-10-07T10:06:28.8885784Z Unpacking libblas3:amd64 (3.12.0-3build1.1) ...
2026-10-07T10:06:28.9124793Z Selecting previously unselected package liblapack3:amd64.
2026-10-07T10:06:28.9253957Z Preparing to unpack .../57-liblapack3_3.12.0-3build1.1_amd64.deb ...
2026-10-07T10:06:28.9285246Z Unpacking liblapack3:amd64 (3.12.0-3build1.1) ...
2026-10-07T10:06:28.9760338Z Selecting previously unselected package libasyncns0:amd64.
2026-10-07T10:06:28.9890976Z Preparing to unpack .../58-libasyncns0_0.8-6build4_amd64.deb ...
2026-10-07T10:06:28.9898275Z Unpacking libasyncns0:amd64 (0.8-6build4) ...
2026-10-07T10:06:29.0106632Z Selecting previously unselected package libflac12t64:amd64.
2026-10-07T10:06:29.0238722Z Preparing to unpack .../59-libflac12t64_1.4.3+ds-2.1ubuntu2_amd64.deb ...
2026-10-07T10:06:29.0245625Z Unpacking libflac12t64:amd64 (1.4.3+ds-2.1ubuntu2) ...
2026-10-07T10:06:29.0479073Z Selecting previously unselected package libsndfile1:amd64.
2026-10-07T10:06:29.0609950Z Preparing to unpack .../60-libsndfile1_1.2.2-1ubuntu5.24.04.1_amd64.deb ...
2026-10-07T10:06:29.0617816Z Unpacking libsndfile1:amd64 (1.2.2-1ubuntu5.24.04.1) ...
2026-10-07T10:06:29.0870863Z Selecting previously unselected package libpulse0:amd64.
2026-10-07T10:06:29.1001945Z Preparing to unpack .../61-libpulse0_1%3a16.1+dfsg1-2ubuntu10.1_amd64.deb ...
2026-10-07T10:06:29.1072513Z Unpacking libpulse0:amd64 (1:16.1+dfsg1-2ubuntu10.1) ...
2026-10-07T10:06:29.1317142Z Selecting previously unselected package libsphinxbase3t64:amd64.
2026-10-07T10:06:29.1447231Z Preparing to unpack .../62-libsphinxbase3t64_0.8+5prealpha+1-17build2_amd64.deb ...
2026-10-07T10:06:29.1466017Z Unpacking libsphinxbase3t64:amd64 (0.8+5prealpha+1-17build2) ...
2026-10-07T10:06:29.1691633Z Selecting previously unselected package libpocketsphinx3:amd64.
2026-10-07T10:06:29.1822647Z Preparing to unpack .../63-libpocketsphinx3_0.8.0+real5prealpha+1-15ubuntu5_amd64.deb ...
2026-10-07T10:06:29.1831075Z Unpacking libpocketsphinx3:amd64 (0.8.0+real5prealpha+1-15ubuntu5) ...
2026-10-07T10:06:29.2066028Z Selecting previously unselected package libpostproc57:amd64.
2026-10-07T10:06:29.2197838Z Preparing to unpack .../64-libpostproc57_7%3a6.1.1-3ubuntu5_amd64.deb ...
2026-10-07T10:06:29.2205323Z Unpacking libpostproc57:amd64 (7:6.1.1-3ubuntu5) ...
2026-10-07T10:06:29.2425485Z Selecting previously unselected package libsamplerate0:amd64.
2026-10-07T10:06:29.2557759Z Preparing to unpack .../65-libsamplerate0_0.2.2-4build1_amd64.deb ...
2026-10-07T10:06:29.2586505Z Unpacking libsamplerate0:amd64 (0.2.2-4build1) ...
2026-10-07T10:06:29.2849041Z Selecting previously unselected package librubberband2:amd64.
2026-10-07T10:06:29.2979909Z Preparing to unpack .../66-librubberband2_3.3.0+dfsg-2build1_amd64.deb ...
2026-10-07T10:06:29.2987713Z Unpacking librubberband2:amd64 (3.3.0+dfsg-2build1) ...
2026-10-07T10:06:29.3211965Z Selecting previously unselected package libswscale7:amd64.
2026-10-07T10:06:29.3341225Z Preparing to unpack .../67-libswscale7_7%3a6.1.1-3ubuntu5_amd64.deb ...
2026-10-07T10:06:29.3349781Z Unpacking libswscale7:amd64 (7:6.1.1-3ubuntu5) ...
2026-10-07T10:06:29.3579935Z Selecting previously unselected package libvidstab1.1:amd64.
2026-10-07T10:06:29.3709213Z Preparing to unpack .../68-libvidstab1.1_1.1.0-2build1_amd64.deb ...
2026-10-07T10:06:29.3718027Z Unpacking libvidstab1.1:amd64 (1.1.0-2build1) ...
2026-10-07T10:06:29.3925569Z Selecting previously unselected package libzimg2:amd64.
2026-10-07T10:06:29.4054462Z Preparing to unpack .../69-libzimg2_3.0.5+ds1-1build1_amd64.deb ...
2026-10-07T10:06:29.4062184Z Unpacking libzimg2:amd64 (3.0.5+ds1-1build1) ...
2026-10-07T10:06:29.4303953Z Selecting previously unselected package libavfilter9:amd64.
2026-10-07T10:06:29.4434335Z Preparing to unpack .../70-libavfilter9_7%3a6.1.1-3ubuntu5_amd64.deb ...
2026-10-07T10:06:29.4442518Z Unpacking libavfilter9:amd64 (7:6.1.1-3ubuntu5) ...
2026-10-07T10:06:29.5168012Z Selecting previously unselected package libcaca0:amd64.
2026-10-07T10:06:29.5298425Z Preparing to unpack .../71-libcaca0_0.99.beta20-4ubuntu0.2_amd64.deb ...
2026-10-07T10:06:29.5305336Z Unpacking libcaca0:amd64 (0.99.beta20-4ubuntu0.2) ...
2026-10-07T10:06:29.5555253Z Selecting previously unselected package libcdio19t64:amd64.
2026-10-07T10:06:29.5685091Z Preparing to unpack .../72-libcdio19t64_2.1.0-4.1ubuntu1.2_amd64.deb ...
2026-10-07T10:06:29.5692273Z Unpacking libcdio19t64:amd64 (2.1.0-4.1ubuntu1.2) ...
2026-10-07T10:06:29.5915801Z Selecting previously unselected package libcdio-cdda2t64:amd64.
2026-10-07T10:06:29.6045478Z Preparing to unpack .../73-libcdio-cdda2t64_10.2+2.0.1-1.1build2_amd64.deb ...
2026-10-07T10:06:29.6054851Z Unpacking libcdio-cdda2t64:amd64 (10.2+2.0.1-1.1build2) ...
2026-10-07T10:06:29.6264395Z Selecting previously unselected package libcdio-paranoia2t64:amd64.
2026-10-07T10:06:29.6395837Z Preparing to unpack .../74-libcdio-paranoia2t64_10.2+2.0.1-1.1build2_amd64.deb ...
2026-10-07T10:06:29.6403518Z Unpacking libcdio-paranoia2t64:amd64 (10.2+2.0.1-1.1build2) ...
2026-10-07T10:06:29.6609186Z Selecting previously unselected package libdc1394-25:amd64.
2026-10-07T10:06:29.6738301Z Preparing to unpack .../75-libdc1394-25_2.2.6-4build1_amd64.deb ...
2026-10-07T10:06:29.6745529Z Unpacking libdc1394-25:amd64 (2.2.6-4build1) ...
2026-10-07T10:06:29.6969911Z Selecting previously unselected package libiec61883-0:amd64.
2026-10-07T10:06:29.7100066Z Preparing to unpack .../76-libiec61883-0_1.2.0-6build1_amd64.deb ...
2026-10-07T10:06:29.7110430Z Unpacking libiec61883-0:amd64 (1.2.0-6build1) ...
2026-10-07T10:06:29.7321110Z Selecting previously unselected package libjack-jackd2-0:amd64.
2026-10-07T10:06:29.7449293Z Preparing to unpack .../77-libjack-jackd2-0_1.9.21~dfsg-3ubuntu3_amd64.deb ...
2026-10-07T10:06:29.7456712Z Unpacking libjack-jackd2-0:amd64 (1.9.21~dfsg-3ubuntu3) ...
2026-10-07T10:06:29.7739050Z Selecting previously unselected package libopenal-data.
2026-10-07T10:06:29.7869823Z Preparing to unpack .../78-libopenal-data_1%3a1.23.1-4build1_all.deb ...
2026-10-07T10:06:29.7878433Z Unpacking libopenal-data (1:1.23.1-4build1) ...
2026-10-07T10:06:29.8123926Z Selecting previously unselected package libsndio7.0:amd64.
2026-10-07T10:06:29.8253711Z Preparing to unpack .../79-libsndio7.0_1.9.0-0.3build3_amd64.deb ...
2026-10-07T10:06:29.8261944Z Unpacking libsndio7.0:amd64 (1.9.0-0.3build3) ...
2026-10-07T10:06:29.8473604Z Selecting previously unselected package libopenal1:amd64.
2026-10-07T10:06:29.8602166Z Preparing to unpack .../80-libopenal1_1%3a1.23.1-4build1_amd64.deb ...
2026-10-07T10:06:29.8610035Z Unpacking libopenal1:amd64 (1:1.23.1-4build1) ...
2026-10-07T10:06:29.8930580Z Selecting previously unselected package libdecor-0-0:amd64.
2026-10-07T10:06:29.9059459Z Preparing to unpack .../81-libdecor-0-0_0.2.2-1build2_amd64.deb ...
2026-10-07T10:06:29.9067441Z Unpacking libdecor-0-0:amd64 (0.2.2-1build2) ...
2026-10-07T10:06:29.9278039Z Selecting previously unselected package libsdl2-2.0-0:amd64.
2026-10-07T10:06:29.9409506Z Preparing to unpack .../82-libsdl2-2.0-0_2.30.0+dfsg-1ubuntu3.1_amd64.deb ...
2026-10-07T10:06:29.9416713Z Unpacking libsdl2-2.0-0:amd64 (2.30.0+dfsg-1ubuntu3.1) ...
2026-10-07T10:06:29.9952633Z Selecting previously unselected package libxcb-shape0:amd64.
2026-10-07T10:06:30.0080788Z Preparing to unpack .../83-libxcb-shape0_1.15-1ubuntu2_amd64.deb ...
2026-10-07T10:06:30.0088753Z Unpacking libxcb-shape0:amd64 (1.15-1ubuntu2) ...
2026-10-07T10:06:30.0289569Z Selecting previously unselected package libxv1:amd64.
2026-10-07T10:06:30.0421723Z Preparing to unpack .../84-libxv1_2%3a1.0.11-1.1build1_amd64.deb ...
2026-10-07T10:06:30.0429833Z Unpacking libxv1:amd64 (2:1.0.11-1.1build1) ...
2026-10-07T10:06:30.0641898Z Selecting previously unselected package libavdevice60:amd64.
2026-10-07T10:06:30.0771351Z Preparing to unpack .../85-libavdevice60_7%3a6.1.1-3ubuntu5_amd64.deb ...
2026-10-07T10:06:30.0778420Z Unpacking libavdevice60:amd64 (7:6.1.1-3ubuntu5) ...
2026-10-07T10:06:30.0984398Z Selecting previously unselected package ffmpeg.
2026-10-07T10:06:30.1113182Z Preparing to unpack .../86-ffmpeg_7%3a6.1.1-3ubuntu5_amd64.deb ...
2026-10-07T10:06:30.1119871Z Unpacking ffmpeg (7:6.1.1-3ubuntu5) ...
2026-10-07T10:06:30.1527400Z Selecting previously unselected package libigdgmm12:amd64.
2026-10-07T10:06:30.1656517Z Preparing to unpack .../87-libigdgmm12_22.3.17+ds1-1ubuntu1_amd64.deb ...
2026-10-07T10:06:30.1664867Z Unpacking libigdgmm12:amd64 (22.3.17+ds1-1ubuntu1) ...
2026-10-07T10:06:30.1888592Z Selecting previously unselected package intel-media-va-driver:amd64.
2026-10-07T10:06:30.2018731Z Preparing to unpack .../88-intel-media-va-driver_24.1.0+dfsg1-1ubuntu0.2_amd64.deb ...
2026-10-07T10:06:30.2026826Z Unpacking intel-media-va-driver:amd64 (24.1.0+dfsg1-1ubuntu0.2) ...
2026-10-07T10:06:30.2724901Z Selecting previously unselected package libaacs0:amd64.
2026-10-07T10:06:30.2853460Z Preparing to unpack .../89-libaacs0_0.11.1-2build1_amd64.deb ...
2026-10-07T10:06:30.2860904Z Unpacking libaacs0:amd64 (0.11.1-2build1) ...
2026-10-07T10:06:30.3079528Z Selecting previously unselected package libbdplus0:amd64.
2026-10-07T10:06:30.3208046Z Preparing to unpack .../90-libbdplus0_0.2.0-3build1_amd64.deb ...
2026-10-07T10:06:30.3215121Z Unpacking libbdplus0:amd64 (0.2.0-3build1) ...
2026-10-07T10:06:30.3424874Z Selecting previously unselected package libdecor-0-plugin-1-gtk:amd64.
2026-10-07T10:06:30.3555408Z Preparing to unpack .../91-libdecor-0-plugin-1-gtk_0.2.2-1build2_amd64.deb ...
2026-10-07T10:06:30.3562338Z Unpacking libdecor-0-plugin-1-gtk:amd64 (0.2.2-1build2) ...
2026-10-07T10:06:30.3776737Z Selecting previously unselected package librsvg2-common:amd64.
2026-10-07T10:06:30.3907714Z Preparing to unpack .../92-librsvg2-common_2.58.0+dfsg-1ubuntu0.1_amd64.deb ...
2026-10-07T10:06:30.3914682Z Unpacking librsvg2-common:amd64 (2.58.0+dfsg-1ubuntu0.1) ...
2026-10-07T10:06:30.4147220Z Selecting previously unselected package mesa-va-drivers:amd64.
2026-10-07T10:06:30.4278589Z Preparing to unpack .../93-mesa-va-drivers_25.2.8-0ubuntu0.24.04.4_amd64.deb ...
2026-10-07T10:06:30.4286719Z Unpacking mesa-va-drivers:amd64 (25.2.8-0ubuntu0.24.04.4) ...
2026-10-07T10:06:30.4499731Z Selecting previously unselected package mesa-vdpau-drivers:amd64.
2026-10-07T10:06:30.4631968Z Preparing to unpack .../94-mesa-vdpau-drivers_25.2.8-0ubuntu0.24.04.4_amd64.deb ...
2026-10-07T10:06:30.4639156Z Unpacking mesa-vdpau-drivers:amd64 (25.2.8-0ubuntu0.24.04.4) ...
2026-10-07T10:06:30.4880200Z Selecting previously unselected package i965-va-driver:amd64.
2026-10-07T10:06:30.5013544Z Preparing to unpack .../95-i965-va-driver_2.4.1+dfsg1-1ubuntu0.2_amd64.deb ...
2026-10-07T10:06:30.5021041Z Unpacking i965-va-driver:amd64 (2.4.1+dfsg1-1ubuntu0.2) ...
2026-10-07T10:06:30.5278461Z Selecting previously unselected package va-driver-all:amd64.
2026-10-07T10:06:30.5409409Z Preparing to unpack .../96-va-driver-all_2.20.0-2ubuntu0.2_amd64.deb ...
2026-10-07T10:06:30.5416997Z Unpacking va-driver-all:amd64 (2.20.0-2ubuntu0.2) ...
2026-10-07T10:06:30.5611923Z Selecting previously unselected package vdpau-driver-all:amd64.
2026-10-07T10:06:30.5741714Z Preparing to unpack .../97-vdpau-driver-all_1.5-2build1_amd64.deb ...
2026-10-07T10:06:30.5749152Z Unpacking vdpau-driver-all:amd64 (1.5-2build1) ...
2026-10-07T10:06:30.5983279Z Selecting previously unselected package pocketsphinx-en-us.
2026-10-07T10:06:30.6114364Z Preparing to unpack .../98-pocketsphinx-en-us_0.8.0+real5prealpha+1-15ubuntu5_all.deb ...
2026-10-07T10:06:30.6122154Z Unpacking pocketsphinx-en-us (0.8.0+real5prealpha+1-15ubuntu5) ...
2026-10-07T10:06:30.8045703Z Setting up libgme0:amd64 (0.6.3-7build1) ...
2026-10-07T10:06:30.8080512Z Setting up libchromaprint1:amd64 (1.5.1-5) ...
2026-10-07T10:06:30.8097528Z Setting up libssh-gcrypt-4:amd64 (0.10.6-2ubuntu0.5) ...
2026-10-07T10:06:30.8115089Z Setting up libhwy1t64:amd64 (1.0.7-8.1build1) ...
2026-10-07T10:06:30.8132029Z Setting up libudfread0:amd64 (1.1.2-1build1) ...
2026-10-07T10:06:30.8151111Z Setting up libraw1394-11:amd64 (2.1.2-2build3) ...
2026-10-07T10:06:30.8168730Z Setting up libspeex1:amd64 (1.2.1-2ubuntu2.24.04.1) ...
2026-10-07T10:06:30.8186540Z Setting up libshine3:amd64 (3.1.1-2build1) ...
2026-10-07T10:06:30.8207696Z Setting up libcaca0:amd64 (0.99.beta20-4ubuntu0.2) ...
2026-10-07T10:06:30.8223740Z Setting up libvpl2 (2023.3.0-1build1) ...
2026-10-07T10:06:30.8244098Z Setting up libx264-164:amd64 (2:0.164.3108+git31e19f9-1) ...
2026-10-07T10:06:30.8262587Z Setting up libtwolame0:amd64 (0.4.0-2build3) ...
2026-10-07T10:06:30.8279923Z Setting up libmbedcrypto7t64:amd64 (2.28.8-1) ...
2026-10-07T10:06:30.8298255Z Setting up libgsm1:amd64 (1.0.22-1build1) ...
2026-10-07T10:06:30.8314575Z Setting up libsoxr0:amd64 (0.1.3-4build3) ...
2026-10-07T10:06:30.8332267Z Setting up libzix-0-0:amd64 (0.4.2-2build1) ...
2026-10-07T10:06:30.8351479Z Setting up libcodec2-1.2:amd64 (1.2.0-2build1) ...
2026-10-07T10:06:30.8371151Z Setting up libmysofa1:amd64 (1.3.2+dfsg-2ubuntu2) ...
2026-10-07T10:06:30.8391571Z Setting up libxcb-shape0:amd64 (1.15-1ubuntu2) ...
2026-10-07T10:06:30.8410114Z Setting up libcdio19t64:amd64 (2.1.0-4.1ubuntu1.2) ...
2026-10-07T10:06:30.8428459Z Setting up libsvtav1enc1d1:amd64 (1.7.0+dfsg-2build1) ...
2026-10-07T10:06:30.8448341Z Setting up libigdgmm12:amd64 (22.3.17+ds1-1ubuntu1) ...
2026-10-07T10:06:30.8466353Z Setting up libmpg123-0t64:amd64 (1.32.5-1ubuntu1.1) ...
2026-10-07T10:06:30.8485423Z Setting up libcjson1:amd64 (1.7.17-1) ...
2026-10-07T10:06:30.8503099Z Setting up libxvidcore4:amd64 (2:1.3.7-1build1) ...
2026-10-07T10:06:30.8523210Z Setting up librav1e0:amd64 (0.7.1-2) ...
2026-10-07T10:06:30.8543007Z Setting up libcdio-cdda2t64:amd64 (10.2+2.0.1-1.1build2) ...
2026-10-07T10:06:30.8560994Z Setting up librist4:amd64 (0.2.10+dfsg-2) ...
2026-10-07T10:06:30.8579958Z Setting up librsvg2-2:amd64 (2.58.0+dfsg-1ubuntu0.1) ...
2026-10-07T10:06:30.8599763Z Setting up libblas3:amd64 (3.12.0-3build1.1) ...
2026-10-07T10:06:30.8661174Z update-alternatives: using /usr/lib/x86_64-linux-gnu/blas/libblas.so.3 to provide /usr/lib/x86_64-linux-gnu/libblas.so.3 (libblas.so.3-x86_64-linux-gnu) in auto mode
2026-10-07T10:06:30.8680510Z Setting up libplacebo338:amd64 (6.338.2-2build1) ...
2026-10-07T10:06:30.8701380Z Setting up libva2:amd64 (2.20.0-2ubuntu0.2) ...
2026-10-07T10:06:30.8719939Z Setting up libopus0:amd64 (1.4-1build1) ...
2026-10-07T10:06:30.8740880Z Setting up libcdio-paranoia2t64:amd64 (10.2+2.0.1-1.1build2) ...
2026-10-07T10:06:30.8759114Z Setting up libdc1394-25:amd64 (2.2.6-4build1) ...
2026-10-07T10:06:30.8776900Z Setting up intel-media-va-driver:amd64 (24.1.0+dfsg1-1ubuntu0.2) ...
2026-10-07T10:06:30.8796099Z Setting up libxv1:amd64 (2:1.0.11-1.1build1) ...
2026-10-07T10:06:30.8826071Z Setting up libunibreak5:amd64 (5.1-2build1) ...
2026-10-07T10:06:30.8836242Z Setting up libaacs0:amd64 (0.11.1-2build1) ...
2026-10-07T10:06:30.8854908Z Setting up libjxl0.7:amd64 (0.7.0-10.2ubuntu6.1) ...
2026-10-07T10:06:30.8873585Z Setting up librsvg2-common:amd64 (2.58.0+dfsg-1ubuntu0.1) ...
2026-10-07T10:06:30.8934914Z Setting up pocketsphinx-en-us (0.8.0+real5prealpha+1-15ubuntu5) ...
2026-10-07T10:06:30.8946084Z Setting up libx265-199:amd64 (3.5-2build1) ...
2026-10-07T10:06:30.8961689Z Setting up libsndio7.0:amd64 (1.9.0-0.3build3) ...
2026-10-07T10:06:30.8977576Z Setting up libbdplus0:amd64 (0.2.0-3build1) ...
2026-10-07T10:06:30.9000118Z Setting up libvidstab1.1:amd64 (1.1.0-2build1) ...
2026-10-07T10:06:30.9020308Z Setting up libvpx9:amd64 (1.14.0-1ubuntu2.3) ...
2026-10-07T10:06:30.9037706Z Setting up libsrt1.5-gnutls:amd64 (1.5.3-1build2) ...
2026-10-07T10:06:30.9056496Z Setting up libflite1:amd64 (2.2-6build3) ...
2026-10-07T10:06:30.9073788Z Setting up libdav1d7:amd64 (1.4.1-1build1) ...
2026-10-07T10:06:30.9092090Z Setting up libva-drm2:amd64 (2.20.0-2ubuntu0.2) ...
2026-10-07T10:06:30.9109583Z Setting up ocl-icd-libopencl1:amd64 (2.3.2-1build1) ...
2026-10-07T10:06:30.9126815Z Setting up libasyncns0:amd64 (0.8-6build4) ...
2026-10-07T10:06:30.9165550Z Setting up libvdpau1:amd64 (1.5-2build1) ...
2026-10-07T10:06:30.9191337Z Setting up libbs2b0:amd64 (3.1.0+dfsg-7build1) ...
2026-10-07T10:06:30.9211085Z Setting up libtheora0:amd64 (1.1.1+dfsg.1-16.1build3) ...
2026-10-07T10:06:30.9228198Z Setting up libdecor-0-0:amd64 (0.2.2-1build2) ...
2026-10-07T10:06:30.9250261Z Setting up libzimg2:amd64 (3.0.5+ds1-1build1) ...
2026-10-07T10:06:30.9268317Z Setting up libopenal-data (1:1.23.1-4build1) ...
2026-10-07T10:06:30.9294275Z Setting up libflac12t64:amd64 (1.4.3+ds-2.1ubuntu2) ...
2026-10-07T10:06:30.9312657Z Setting up mesa-va-drivers:amd64 (25.2.8-0ubuntu0.24.04.4) ...
2026-10-07T10:06:30.9329673Z Setting up libbluray2:amd64 (1:1.3.4-1build1) ...
2026-10-07T10:06:30.9347609Z Setting up libsamplerate0:amd64 (0.2.2-4build1) ...
2026-10-07T10:06:30.9364907Z Setting up libva-x11-2:amd64 (2.20.0-2ubuntu0.2) ...
2026-10-07T10:06:30.9385026Z Setting up libdecor-0-plugin-1-gtk:amd64 (0.2.2-1build2) ...
2026-10-07T10:06:30.9402361Z Setting up libopenmpt0t64:amd64 (0.7.3-1.1build3) ...
2026-10-07T10:06:30.9419566Z Setting up libzvbi-common (0.2.42-2) ...
2026-10-07T10:06:30.9437249Z Setting up libmp3lame0:amd64 (3.100-6build1) ...
2026-10-07T10:06:30.9455161Z Setting up i965-va-driver:amd64 (2.4.1+dfsg1-1ubuntu0.2) ...
2026-10-07T10:06:30.9474379Z Setting up libvorbisenc2:amd64 (1.3.7-1build3) ...
2026-10-07T10:06:30.9494603Z Setting up libiec61883-0:amd64 (1.2.0-6build1) ...
2026-10-07T10:06:30.9514051Z Setting up libserd-0-0:amd64 (0.32.2-1) ...
2026-10-07T10:06:30.9535274Z Setting up libavc1394-0:amd64 (0.5.4-5build3) ...
2026-10-07T10:06:30.9552447Z Setting up mesa-vdpau-drivers:amd64 (25.2.8-0ubuntu0.24.04.4) ...
2026-10-07T10:06:30.9570746Z Setting up liblapack3:amd64 (3.12.0-3build1.1) ...
2026-10-07T10:06:30.9638279Z update-alternatives: using /usr/lib/x86_64-linux-gnu/lapack/liblapack.so.3 to provide /usr/lib/x86_64-linux-gnu/liblapack.so.3 (liblapack.so.3-x86_64-linux-gnu) in auto mode
2026-10-07T10:06:30.9657951Z Setting up libzvbi0t64:amd64 (0.2.42-2) ...
2026-10-07T10:06:30.9679219Z Setting up libavutil58:amd64 (7:6.1.1-3ubuntu5) ...
2026-10-07T10:06:30.9698971Z Setting up libopenal1:amd64 (1:1.23.1-4build1) ...
2026-10-07T10:06:30.9717133Z Setting up libass9:amd64 (1:0.17.1-2build1) ...
2026-10-07T10:06:30.9735151Z Setting up libswresample4:amd64 (7:6.1.1-3ubuntu5) ...
2026-10-07T10:06:30.9754145Z Setting up va-driver-all:amd64 (2.20.0-2ubuntu0.2) ...
2026-10-07T10:06:30.9773011Z Setting up libavcodec60:amd64 (7:6.1.1-3ubuntu5) ...
2026-10-07T10:06:30.9794553Z Setting up librubberband2:amd64 (3.3.0+dfsg-2build1) ...
2026-10-07T10:06:31.0040963Z Setting up libjack-jackd2-0:amd64 (1.9.21~dfsg-3ubuntu3) ...
2026-10-07T10:06:31.0060643Z Setting up vdpau-driver-all:amd64 (1.5-2build1) ...
2026-10-07T10:06:31.0077957Z Setting up libsord-0-0:amd64 (0.16.16-2build1) ...
2026-10-07T10:06:31.0097103Z Setting up libpostproc57:amd64 (7:6.1.1-3ubuntu5) ...
2026-10-07T10:06:31.0116407Z Setting up libsratom-0-0:amd64 (0.6.16-1build1) ...
2026-10-07T10:06:31.0133150Z Setting up libsndfile1:amd64 (1.2.2-1ubuntu5.24.04.1) ...
2026-10-07T10:06:31.0153831Z Setting up liblilv-0-0:amd64 (0.24.22-1build1) ...
2026-10-07T10:06:31.0171081Z Setting up libswscale7:amd64 (7:6.1.1-3ubuntu5) ...
2026-10-07T10:06:31.0188515Z Setting up libpulse0:amd64 (1:16.1+dfsg1-2ubuntu10.1) ...
2026-10-07T10:06:31.0274573Z Setting up libavformat60:amd64 (7:6.1.1-3ubuntu5) ...
2026-10-07T10:06:31.0295966Z Setting up libsphinxbase3t64:amd64 (0.8+5prealpha+1-17build2) ...
2026-10-07T10:06:31.0316895Z Setting up libsdl2-2.0-0:amd64 (2.30.0+dfsg-1ubuntu3.1) ...
2026-10-07T10:06:31.0334860Z Setting up libpocketsphinx3:amd64 (0.8.0+real5prealpha+1-15ubuntu5) ...
2026-10-07T10:06:31.0352450Z Setting up libavfilter9:amd64 (7:6.1.1-3ubuntu5) ...
2026-10-07T10:06:31.0371928Z Setting up libavdevice60:amd64 (7:6.1.1-3ubuntu5) ...
2026-10-07T10:06:31.0392232Z Setting up ffmpeg (7:6.1.1-3ubuntu5) ...
2026-10-07T10:06:31.0415606Z Processing triggers for man-db (2.12.0-4build2) ...
2026-10-07T10:06:31.0439458Z Not building database; man-db/auto-update is not 'true'.
2026-10-07T10:06:31.0457779Z Processing triggers for libgdk-pixbuf-2.0-0:amd64 (2.42.10+dfsg-3ubuntu3.3) ...
2026-10-07T10:06:31.1136921Z Processing triggers for libc-bin (2.39-0ubuntu8.9) ...
2026-10-07T10:06:31.8066733Z 
2026-10-07T10:06:31.8067317Z Running kernel seems to be up-to-date.
2026-10-07T10:06:31.8067721Z 
2026-10-07T10:06:31.8067919Z No services need to be restarted.
2026-10-07T10:06:31.8068134Z 
2026-10-07T10:06:31.8068242Z No containers need to be restarted.
2026-10-07T10:06:31.8068441Z 
2026-10-07T10:06:31.8068581Z No user sessions are running outdated binaries.
2026-10-07T10:06:31.8068811Z 
2026-10-07T10:06:31.8069025Z No VM guests are running outdated hypervisor (qemu) binaries on this host.
2026-10-07T10:06:32.9961636Z ##[group]Run cargo test -p hydrus-core -p hydrus-download -p hydrus-downloader-exchange -p hydrus-gui-model -p hydrus-net -p hydrus-search -p hydrus-store --locked --no-fail-fast
2026-10-07T10:06:32.9964784Z [36;1mcargo test -p hydrus-core -p hydrus-download -p hydrus-downloader-exchange -p hydrus-gui-model -p hydrus-net -p hydrus-search -p hydrus-store --locked --no-fail-fast[0m
2026-10-07T10:06:33.0025137Z shell: /usr/bin/bash -e {0}
2026-10-07T10:06:33.0025413Z env:
2026-10-07T10:06:33.0025629Z   CARGO_TERM_COLOR: always
2026-10-07T10:06:33.0025900Z   RUSTFLAGS: -D warnings
2026-10-07T10:06:33.0026162Z   CARGO_HOME: /home/runner/.cargo
2026-10-07T10:06:33.0026438Z   CARGO_INCREMENTAL: 0
2026-10-07T10:06:33.0026672Z   CACHE_ON_FAILURE: true
2026-10-07T10:06:33.0026906Z   CARGO_BUILD_JOBS: 2
2026-10-07T10:06:33.0027130Z ##[endgroup]
2026-10-07T10:06:33.2593349Z [1m[92m    Updating[0m crates.io index
2026-10-07T10:06:34.8474274Z [1m[92m   Compiling[0m hydrus-core v0.1.0 (/home/runner/work/hydrus-mine/hydrus-mine/crates/hydrus-core)
2026-10-07T10:06:34.8480957Z [1m[92m   Compiling[0m hydrus-testkit v0.1.0 (/home/runner/work/hydrus-mine/hydrus-mine/crates/hydrus-testkit)
2026-10-07T10:06:42.2509809Z [1m[92m   Compiling[0m hydrus-parse v0.1.0 (/home/runner/work/hydrus-mine/hydrus-mine/crates/hydrus-parse)
2026-10-07T10:06:44.2841210Z [1m[92m   Compiling[0m hydrus-legacy v0.1.0 (/home/runner/work/hydrus-mine/hydrus-mine/crates/hydrus-legacy)
2026-10-07T10:06:44.5862414Z [1m[92m   Compiling[0m hydrus-media v0.1.0 (/home/runner/work/hydrus-mine/hydrus-mine/crates/hydrus-media)
2026-10-07T10:06:50.7589710Z [1m[92m   Compiling[0m hydrus-store v0.1.0 (/home/runner/work/hydrus-mine/hydrus-mine/crates/hydrus-store)
2026-10-07T10:07:11.0519533Z [1m[92m   Compiling[0m hydrus-downloader-exchange v0.1.0 (/home/runner/work/hydrus-mine/hydrus-mine/crates/hydrus-downloader-exchange)
2026-10-07T10:07:12.8034167Z [1m[92m   Compiling[0m hydrus-search v0.1.0 (/home/runner/work/hydrus-mine/hydrus-mine/crates/hydrus-search)
2026-10-07T10:07:16.2969149Z [1m[92m   Compiling[0m hydrus-net v0.1.0 (/home/runner/work/hydrus-mine/hydrus-mine/crates/hydrus-net)
2026-10-07T10:07:18.2894058Z [1m[92m   Compiling[0m hydrus-import v0.1.0 (/home/runner/work/hydrus-mine/hydrus-mine/crates/hydrus-import)
2026-10-07T10:07:19.4718146Z [1m[92m   Compiling[0m hydrus-download v0.1.0 (/home/runner/work/hydrus-mine/hydrus-mine/crates/hydrus-download)
2026-10-07T10:07:19.9612307Z [1m[92m   Compiling[0m hydrus-duplicates v0.1.0 (/home/runner/work/hydrus-mine/hydrus-mine/crates/hydrus-duplicates)
2026-10-07T10:07:23.8558028Z [1m[92m   Compiling[0m hydrus-gui-model v0.1.0 (/home/runner/work/hydrus-mine/hydrus-mine/crates/hydrus-gui-model)
2026-10-07T10:08:25.7442391Z [1m[92m    Finished[0m `test` profile [unoptimized + debuginfo] target(s) in 1m 52s
2026-10-07T10:08:25.7861405Z [1m[92m     Running[0m unittests src/lib.rs (target/debug/deps/hydrus_core-07b2b0806401ed67)
2026-10-07T10:08:25.7879765Z 
2026-10-07T10:08:25.7879990Z running 89 tests
2026-10-07T10:08:25.7890679Z test bandwidth::tests::a_one_per_second_rule_waits_for_the_next_second ... ok
2026-10-07T10:08:25.7891243Z test bandwidth::tests::a_daily_limit_holds_until_usage_ages_out ... ok
2026-10-07T10:08:25.7892206Z test casefold::tests::folds_as_python_does ... ok
2026-10-07T10:08:25.7893223Z test bandwidth::tests::specific_rules_replace_the_default ... ok
2026-10-07T10:08:25.7894949Z test bandwidth::tests::gallery_tokens_space_out_each_site ... ok
2026-10-07T10:08:25.7908195Z test casefold::tests::the_table_is_sorted ... ok
2026-10-07T10:08:25.7908825Z test bandwidth::tests::calendar_buckets_are_utc ... ok
2026-10-07T10:08:25.7909388Z test hash::tests::hex_round_trip ... ok
2026-10-07T10:08:25.7909899Z test hash::tests::perceptual_distance ... ok
2026-10-07T10:08:25.7910424Z test hash::tests::rejects_bad_hashes ... ok
2026-10-07T10:08:25.7911035Z test import_options::tests::layers_most_specific_first ... ok
2026-10-07T10:08:25.7912294Z test import_options::tests::presentation_shows_files_as_the_reference_s_does ... ok
2026-10-07T10:08:25.7913458Z test import_options::tests::vetoes_like_the_reference ... ok
2026-10-07T10:08:25.7914355Z test lock::tests::only_the_password_opens_a_lock ... ok
2026-10-07T10:08:25.7915101Z test media_viewer::tests::mpv_video_defaults_fit_the_canvas_and_keep_regular_zoom_steps ... ok
2026-10-07T10:08:25.7915601Z test mime::tests::serde_uses_integer_codes ... ok
2026-10-07T10:08:25.7943660Z test content::tests::timestamp_codes_match_reference_implementation ... ok
2026-10-07T10:08:25.7944784Z test content::tests::canvas_codes_match_reference_implementation ... ok
2026-10-07T10:08:25.7960944Z test mime::tests::table_matches_reference_implementation ... ok
2026-10-07T10:08:25.7962448Z test numbers::tests::percentages ... ok
2026-10-07T10:08:25.7993524Z test numbers::tests::sizes_read_like_the_reference ... ok
2026-10-07T10:08:25.8023602Z test numbers::tests::groups_thousands ... ok
2026-10-07T10:08:25.8054102Z test pages::tests::names_for_menus_have_their_counts_and_elide_in_the_middle ... ok
2026-10-07T10:08:25.8055238Z test pages::tests::pages_have_the_references_page_types ... ok
2026-10-07T10:08:25.8056041Z test pybytes::tests::base64_like_python ... ok
2026-10-07T10:08:25.8056661Z test pybytes::tests::hex_like_python ... ok
2026-10-07T10:08:25.8057362Z test pages::tests::a_session_round_trips_through_json ... ok
2026-10-07T10:08:25.8058142Z test pyhtml::tests::unescapes_like_python ... ok
2026-10-07T10:08:25.8058872Z test pyjson::tests::parses_what_python_accepts ... ok
2026-10-07T10:08:25.8059564Z test pyjson::tests::python_float_repr ... ok
2026-10-07T10:08:25.8060233Z test pyjson::tests::python_string_escapes ... ok
2026-10-07T10:08:25.8060940Z test pyjson::tests::rejects_what_python_rejects ... ok
2026-10-07T10:08:25.8061738Z test pyjson::tests::round_trips_reference_style_documents ... ok
2026-10-07T10:08:25.8062618Z test pyjson::tests::floats_round_trip_through_python_repr ... ok
2026-10-07T10:08:25.8063776Z test search::context::tests::all_known_files_absorbs_other_domains ... ok
2026-10-07T10:08:25.8064694Z test search::context::tests::defaults_match_the_client_api ... ok
2026-10-07T10:08:25.8065619Z test search::number::tests::number_tests_render_like_the_reference ... ok
2026-10-07T10:08:25.8066787Z test search::recent::mixed_tests::old_system_history_decodes_and_simple_edits_keep_newest_five_per_type ... ok
2026-10-07T10:08:25.8068062Z test search::recent::tests::pushed_predicates_are_kept_as_the_reference_keeps_them ... ok
2026-10-07T10:08:25.8069125Z test search::recent::tests::widths_and_heights_are_types_13_and_14 ... ok
2026-10-07T10:08:25.8069933Z test search::time::tests::renders_deltas ... ok
2026-10-07T10:08:25.8070602Z test search::time::tests::validates_dates ... ok
2026-10-07T10:08:25.8071323Z test service::tests::builtin_keys_render_readably ... ok
2026-10-07T10:08:25.8072130Z test content::tests::codes_match_reference_implementation ... ok
2026-10-07T10:08:25.8073210Z test sort::tests::matches_recorded_clean_tags_order ... ok
2026-10-07T10:08:25.8074067Z test sort::tests::numbers_sort_numerically_and_before_text ... ok
2026-10-07T10:08:25.8075110Z test sort::tests::unicode_decimal_chunks_precede_letters_but_keep_ascii_split_boundaries ... ok
2026-10-07T10:08:25.8076165Z test subscriptions::tests::checks_follow_file_velocity ... ok
2026-10-07T10:08:25.8077024Z test service::tests::table_matches_reference_implementation ... ok
2026-10-07T10:08:25.8089028Z test pyjson::tests::strings_round_trip ... ok
2026-10-07T10:08:25.8089623Z test tag::tests::combine_round_trips ... ok
2026-10-07T10:08:25.8090245Z test tag_filter::tests::specific_rules_win ... ok
2026-10-07T10:08:25.8091666Z test tag_presentation::tests::decimals_are_python_s ... ok
2026-10-07T10:08:25.8133655Z test tag_presentation::tests::rows_take_their_namespace_s_colour ... ok
2026-10-07T10:08:25.8187147Z test tag_sort::tests::counts_sort_with_a_to_z_among_equals ... ok
2026-10-07T10:08:25.8188583Z test tag_sort::tests::the_default_groups_by_the_users_namespaces ... ok
2026-10-07T10:08:25.8189669Z test tag_summary::tests::the_defaults_summarise_as_their_examples_say ... ok
2026-10-07T10:08:25.8190659Z test test_fixtures::versions_match_reference_implementation ... ok
2026-10-07T10:08:25.8191793Z test thumbnail::tests::matches_recorded_thumbnail_sizes ... ok
2026-10-07T10:08:25.8192515Z test time::tests::conversions ... ok
2026-10-07T10:08:25.8193517Z test time::tests::durations_as_the_reference_words_them ... ok
2026-10-07T10:08:25.8194332Z test time::tests::scanbar_timestamps_as_the_reference_writes_them ... ok
2026-10-07T10:08:25.8195108Z test time::tests::spans_as_the_reference_words_them ... ok
2026-10-07T10:08:25.8195786Z test url::class::tests::classes_match_and_normalise ... ok
2026-10-07T10:08:25.8196463Z test url::class::tests::url_types_serialise_as_codes ... ok
2026-10-07T10:08:25.8197264Z test url::functions::tests::components_encode_without_double_encoding ... ok
2026-10-07T10:08:25.8198084Z test url::functions::tests::queries_round_trip_in_order ... ok
2026-10-07T10:08:25.8203531Z test tag::tests::cleaning_is_idempotent ... ok
2026-10-07T10:08:25.8204358Z test url::functions::tests::urls_encode_like_the_reference ... ok
2026-10-07T10:08:25.8213780Z test url::gug::tests::terms_are_encoded_for_where_they_go ... ok
2026-10-07T10:08:25.8234425Z test tag::tests::cleaning_matches_reference_implementation ... ok
2026-10-07T10:08:25.8263662Z test url::psl::tests::punycode_decodes ... ok
2026-10-07T10:08:25.8274803Z test url::pyurl::tests::joins_like_python ... ok
2026-10-07T10:08:25.8285482Z test url::pyurl::tests::quotes_like_python ... ok
2026-10-07T10:08:25.8304676Z test url::pyurl::tests::splits_like_python ... ok
2026-10-07T10:08:25.8323784Z test url::pyurl::urljoin_tests::joins_like_python ... ok
2026-10-07T10:08:25.8338271Z test url::registry::tests::known_urls_are_classified ... ok
2026-10-07T10:08:25.8345431Z test url::registry::tests::unknown_urls_are_just_encoded ... ok
2026-10-07T10:08:25.8407675Z test url::string_dates::tests::date_conversions_match_direct_reference_execution ... ok
2026-10-07T10:08:25.8415337Z test url::string_dates::tests::local_encode_uses_current_offset_and_naive_timezone_fields ... ok
2026-10-07T10:08:25.8443292Z test url::functions::tests::www_is_removed_from_subdomains_only ... ok
2026-10-07T10:08:25.8454832Z test url::strings::tests::converts_like_the_reference ... ok
2026-10-07T10:08:25.8456131Z test url::strings::tests::matches_like_the_reference ... ok
2026-10-07T10:08:25.8457013Z test url::strings::tests::processes_pipelines ... ok
2026-10-07T10:08:25.8457984Z test watchers::tests::a_new_watcher_checks_at_once_and_a_quiet_thread_dies ... ok
2026-10-07T10:08:25.8459055Z test windows::tests::a_saved_frame_keeps_what_it_remembers ... ok
2026-10-07T10:08:25.8490764Z test notes::tests::merges_like_the_reference ... ok
2026-10-07T10:08:25.8491730Z test url::string_dates::tests::local_names_and_dst_boundaries_match_recorded_reference_platform ... ok
2026-10-07T10:08:25.8837902Z test url::psl::tests::matches_the_reference ... ok
2026-10-07T10:08:25.8838275Z 
2026-10-07T10:08:25.8838611Z test result: ok. 89 passed; 0 failed; 0 ignored; 0 measured; 0 filtered out; finished in 0.10s
2026-10-07T10:08:25.8839093Z 
2026-10-07T10:08:25.8844991Z [1m[92m     Running[0m tests/bandwidth.rs (target/debug/deps/bandwidth-c921facadb394ba5)
2026-10-07T10:08:25.8863245Z 
2026-10-07T10:08:25.8863437Z running 2 tests
2026-10-07T10:08:26.0063847Z test the_manager_starts_requests_as_the_reference_does ... ok
2026-10-07T10:08:26.0064376Z test trackers_count_and_rules_judge_as_the_reference_does ... ok
2026-10-07T10:08:26.0064649Z 
2026-10-07T10:08:26.0064898Z test result: ok. 2 passed; 0 failed; 0 ignored; 0 measured; 0 filtered out; finished in 0.12s
2026-10-07T10:08:26.0065256Z 
2026-10-07T10:08:26.0083341Z [1m[92m     Running[0m tests/string_steps.rs (target/debug/deps/string_steps-5da0364e08f60ef6)
2026-10-07T10:08:26.0095584Z 
2026-10-07T10:08:26.0095936Z running 1 test
2026-10-07T10:08:26.0099668Z test a_tag_filter_step_stored_without_its_example_still_loads ... ok
2026-10-07T10:08:26.0100102Z 
2026-10-07T10:08:26.0100586Z test result: ok. 1 passed; 0 failed; 0 ignored; 0 measured; 0 filtered out; finished in 0.00s
2026-10-07T10:08:26.0101480Z 
2026-10-07T10:08:26.0102127Z [1m[92m     Running[0m tests/tab_names.rs (target/debug/deps/tab_names-64c2b1109f7bd07d)
2026-10-07T10:08:26.0112998Z 
2026-10-07T10:08:26.0113260Z running 2 tests
2026-10-07T10:08:26.0469868Z test a_new_clients_settings_are_the_references ... ok
2026-10-07T10:08:26.0500636Z test tabs_are_named_as_the_reference_names_them ... ok
2026-10-07T10:08:26.0500968Z 
2026-10-07T10:08:26.0501248Z test result: ok. 2 passed; 0 failed; 0 ignored; 0 measured; 0 filtered out; finished in 0.04s
2026-10-07T10:08:26.0501610Z 
2026-10-07T10:08:26.0510569Z [1m[92m     Running[0m tests/tag_rendering.rs (target/debug/deps/tag_rendering-68281fb06a194d7b)
2026-10-07T10:08:26.0522700Z 
2026-10-07T10:08:26.0523080Z running 1 test
2026-10-07T10:08:26.0530158Z test tags_render_as_the_reference_renders_them ... ok
2026-10-07T10:08:26.0530578Z 
2026-10-07T10:08:26.0530953Z test result: ok. 1 passed; 0 failed; 0 ignored; 0 measured; 0 filtered out; finished in 0.00s
2026-10-07T10:08:26.0531356Z 
2026-10-07T10:08:26.0532603Z [1m[92m     Running[0m tests/watcher_checker.rs (target/debug/deps/watcher_checker-fdbb17376ebb64fe)
2026-10-07T10:08:26.0543395Z 
2026-10-07T10:08:26.0543619Z running 2 tests
2026-10-07T10:08:26.0546478Z test the_same_checker_options_change_nothing ... ok
2026-10-07T10:08:26.0551398Z test checker_options_set_on_a_watcher_act_as_the_references ... ok
2026-10-07T10:08:26.0551709Z 
2026-10-07T10:08:26.0551973Z test result: ok. 2 passed; 0 failed; 0 ignored; 0 measured; 0 filtered out; finished in 0.00s
2026-10-07T10:08:26.0552369Z 
2026-10-07T10:08:26.0554906Z [1m[92m     Running[0m unittests src/lib.rs (target/debug/deps/hydrus_download-bbf5850a788bd04e)
2026-10-07T10:08:26.0573955Z 
2026-10-07T10:08:26.0574120Z running 16 tests
2026-10-07T10:08:26.0577760Z test folders::tests::integers_parse_as_python_parses_them ... ok
2026-10-07T10:08:26.0588673Z test export::tests::paths_normalise_as_python_normalises_them ... ok
2026-10-07T10:08:26.1615442Z test popups::tests::completed_deadline_survives_producer_drop_and_uses_strict_stored_boundary ... ok
2026-10-07T10:08:26.1622288Z test popups::tests::a_working_popup_says_what_its_downloads_importer_says_after_a_prefix ... ok
2026-10-07T10:08:26.2169756Z test popups::tests::current_callable_is_reentrant_and_removal_invalidates_later_queued_calls ... ok
2026-10-07T10:08:26.2224837Z test popups::tests::concurrent_pollers_cannot_overtake_a_reentrant_callable_removal ... ok
2026-10-07T10:08:26.2715908Z test popups::tests::gui_retirement_during_the_first_callable_invalidates_later_claimed_calls ... ok
2026-10-07T10:08:26.2768340Z test seeds::timestamp_editor_tests::recorded_saved_timestamp_parser_and_date_conversion_reach_actual_file_seeds ... ok
2026-10-07T10:08:26.3291678Z test subscriptions::tests::manager_admission_replays_reference_due_pause_live_limits_and_single_flight ... ok
2026-10-07T10:08:26.3295302Z test subscriptions::tests::outer_typed_exception_budget_replays_recorded_classes_and_reset ... ok
2026-10-07T10:08:26.3303971Z test subscriptions::tests::presented_files_are_labelled_as_the_reference_labels_them ... ok
2026-10-07T10:08:26.3305391Z test work_slots::tests::capacities_keep_running_counts_across_reference_lower_raise_and_release ... ok
2026-10-07T10:08:26.3306103Z test work_slots::tests::independent_categories_and_aborted_owners_release_only_their_permit ... ok
2026-10-07T10:08:26.4125788Z test popups::tests::a_working_popup_keeps_the_store_up_to_date_and_hears_a_cancel ... ok
2026-10-07T10:08:26.5270005Z test popups::tests::finished_callable_dispatches_between_independent_store_handles_and_releases_its_owner ... ok
2026-10-07T10:08:26.9137138Z test popups::tests::a_callable_added_after_finish_restarts_the_single_weak_poller ... ok
2026-10-07T10:08:26.9137928Z 
2026-10-07T10:08:26.9138722Z test result: ok. 16 passed; 0 failed; 0 ignored; 0 measured; 0 filtered out; finished in 0.86s
2026-10-07T10:08:26.9139337Z 
2026-10-07T10:08:26.9151327Z [1m[92m     Running[0m tests/export_folder.rs (target/debug/deps/export_folder-9dc9a4540e52640c)
2026-10-07T10:08:26.9173857Z 
2026-10-07T10:08:26.9174054Z running 1 test
2026-10-07T10:08:27.0546398Z test export_folders_do_what_the_reference_did ... ok
2026-10-07T10:08:27.0546865Z 
2026-10-07T10:08:27.0547286Z test result: ok. 1 passed; 0 failed; 0 ignored; 0 measured; 0 filtered out; finished in 0.14s
2026-10-07T10:08:27.0547942Z 
2026-10-07T10:08:27.0556710Z [1m[92m     Running[0m tests/folder_activity.rs (target/debug/deps/folder_activity-eba4e837ca106f7b)
2026-10-07T10:08:27.0586287Z 
2026-10-07T10:08:27.0586489Z running 2 tests
2026-10-07T10:08:27.1064256Z test successful_manager_apply_resets_due_cache_but_cancel_does_not ... ok
2026-10-07T10:08:27.1755978Z test active_import_finishes_its_commit_before_the_manager_reads_and_stops_before_next_seed ... ok
2026-10-07T10:08:27.1756505Z 
2026-10-07T10:08:27.1756788Z test result: ok. 2 passed; 0 failed; 0 ignored; 0 measured; 0 filtered out; finished in 0.12s
2026-10-07T10:08:27.1757188Z 
2026-10-07T10:08:27.1768118Z [1m[92m     Running[0m tests/import_folder.rs (target/debug/deps/import_folder-33b09015565930b7)
2026-10-07T10:08:27.1797141Z 
2026-10-07T10:08:27.1797555Z running 1 test
2026-10-07T10:08:27.5795897Z test an_import_folder_does_what_the_reference_did ... ok
2026-10-07T10:08:27.5796263Z 
2026-10-07T10:08:27.5796563Z test result: ok. 1 passed; 0 failed; 0 ignored; 0 measured; 0 filtered out; finished in 0.40s
2026-10-07T10:08:27.5796992Z 
2026-10-07T10:08:27.5811162Z [1m[92m     Running[0m tests/local_import.rs (target/debug/deps/local_import-9fa0047c94342534)
2026-10-07T10:08:27.5840154Z 
2026-10-07T10:08:27.5840493Z running 2 tests
2026-10-07T10:08:27.9187972Z test saved_existing_tag_filter_reaches_real_file_importer_for_parsed_and_additional_tags ... ok
2026-10-07T10:08:28.0617397Z test a_local_import_imports_its_files ... ok
2026-10-07T10:08:28.0617855Z 
2026-10-07T10:08:28.0618168Z test result: ok. 2 passed; 0 failed; 0 ignored; 0 measured; 0 filtered out; finished in 0.48s
2026-10-07T10:08:28.0618567Z 
2026-10-07T10:08:28.0639142Z [1m[92m     Running[0m tests/simple_downloader.rs (target/debug/deps/simple_downloader-01ddbb56bfa1e333)
2026-10-07T10:08:28.0668189Z 
2026-10-07T10:08:28.0668481Z running 1 test
2026-10-07T10:08:34.1441796Z test a_simple_downloader_parses_its_pages_for_files ... ok
2026-10-07T10:08:34.1442305Z 
2026-10-07T10:08:34.1442757Z test result: ok. 1 passed; 0 failed; 0 ignored; 0 measured; 0 filtered out; finished in 6.08s
2026-10-07T10:08:34.1443615Z 
2026-10-07T10:08:34.1457263Z [1m[92m     Running[0m tests/subscriptions.rs (target/debug/deps/subscriptions-c7e353ebb3ab64db)
2026-10-07T10:08:34.1485847Z 
2026-10-07T10:08:34.1486060Z running 11 tests
2026-10-07T10:08:34.2984842Z test a_subscription_with_no_import_destination_waits_out_its_error_delay ... ok
2026-10-07T10:08:34.3519599Z test a_subscription_without_its_downloader_pauses ... ok
2026-10-07T10:08:34.4640186Z test a_subscription_syncs_catches_up_and_downloads ... ok
2026-10-07T10:08:35.7151931Z test a_subscription_shows_what_it_does_in_a_popup_which_can_cancel_it ... ok
2026-10-07T10:08:37.5331451Z test handled_http_and_missing_file_failures_do_not_spend_the_outer_error_budget ... ok
2026-10-07T10:08:39.1038683Z test a_subscription_stops_when_its_bandwidth_runs_out ... ok
2026-10-07T10:08:39.5386652Z test subscription_runner_bounds_real_http_overlap_and_reloads_live_limit ... ok
2026-10-07T10:08:39.6489595Z test subscriptions_wait_while_paused_globally ... ok
2026-10-07T10:08:40.1915165Z test subscription_runner_cancels_selected_peer_and_joins_all_on_shutdown ... ok
2026-10-07T10:08:44.5139893Z test escaped_query_tag_errors_count_across_queries_delay_persist_and_reset_next_run ... ok
2026-10-07T10:08:50.8193619Z test none_disables_abandonment_for_real_escaped_store_failures ... ok
2026-10-07T10:08:50.8193984Z 
2026-10-07T10:08:50.8194520Z test result: ok. 11 passed; 0 failed; 0 ignored; 0 measured; 0 filtered out; finished in 16.67s
2026-10-07T10:08:50.8194894Z 
2026-10-07T10:08:50.8218921Z [1m[92m     Running[0m tests/url_queue.rs (target/debug/deps/url_queue-e2c1be4ce141c825)
2026-10-07T10:08:50.8247683Z 
2026-10-07T10:08:50.8247850Z running 11 tests
2026-10-07T10:08:50.9971459Z test a_queue_with_no_import_destination_pauses_its_files ... ok
2026-10-07T10:08:50.9985342Z test a_refusal_from_a_site_hydrus_logged_in_to_says_why ... ok
2026-10-07T10:08:51.1193396Z test existing_downloader_uses_edited_parser_and_new_link_after_reload ... ok
2026-10-07T10:08:51.1549569Z test a_gallery_url_in_a_url_queue_queues_its_posts ... ok
2026-10-07T10:08:51.2564670Z test missing_files_download_again_in_their_own_queue ... ok
2026-10-07T10:08:51.3675644Z test a_url_queue_downloads_posts_and_files ... ok
2026-10-07T10:08:52.1887885Z test files_import_while_later_gallery_pages_are_read ... ok
2026-10-07T10:08:52.3453440Z test running_gallery_searches_pick_up_capacity_growth_and_release_on_error ... ok
2026-10-07T10:08:52.8556901Z test queues_wait_while_their_downloads_are_paused_globally ... ok
2026-10-07T10:08:53.3335335Z test running_file_queues_keep_limits_when_lowered_and_release_on_cancel_or_owner_close ... ok
2026-10-07T10:08:54.1268124Z test a_file_that_fails_does_not_hold_up_the_rest_of_its_queue ... ok
2026-10-07T10:08:54.1268497Z 
2026-10-07T10:08:54.1268788Z test result: ok. 11 passed; 0 failed; 0 ignored; 0 measured; 0 filtered out; finished in 3.30s
2026-10-07T10:08:54.1269176Z 
2026-10-07T10:08:54.1304442Z [1m[92m     Running[0m tests/watchers.rs (target/debug/deps/watchers-20e25d328bf3f7c5)
2026-10-07T10:08:54.1332702Z 
2026-10-07T10:08:54.1333156Z running 2 tests
2026-10-07T10:08:54.4979548Z test watcher_checks_share_their_own_live_capacity_and_owner_close_releases_it ... ok
2026-10-07T10:08:54.5637337Z test a_watcher_follows_a_thread_until_it_404s ... ok
2026-10-07T10:08:54.5637781Z 
2026-10-07T10:08:54.5638249Z test result: ok. 2 passed; 0 failed; 0 ignored; 0 measured; 0 filtered out; finished in 0.43s
2026-10-07T10:08:54.5638872Z 
2026-10-07T10:08:54.5660396Z [1m[92m     Running[0m unittests src/lib.rs (target/debug/deps/hydrus_downloader_exchange-53953a77e0e9a0c8)
2026-10-07T10:08:54.5672079Z 
2026-10-07T10:08:54.5672348Z running 0 tests
2026-10-07T10:08:54.5672589Z 
2026-10-07T10:08:54.5673279Z test result: ok. 0 passed; 0 failed; 0 ignored; 0 measured; 0 filtered out; finished in 0.00s
2026-10-07T10:08:54.5673664Z 
2026-10-07T10:08:54.5675795Z [1m[92m     Running[0m tests/external_calls.rs (target/debug/deps/external_calls-32dab097596eb93a)
2026-10-07T10:08:54.5686854Z 
2026-10-07T10:08:54.5687000Z running 2 tests
2026-10-07T10:08:54.5703020Z test import_rejects_wrong_classes_and_mixed_invalid_packages_before_staging_any_call ... ok
2026-10-07T10:08:54.5719277Z test actual_qt_callable_exports_and_manager_round_trip_without_losing_identity_or_process_options ... ok
2026-10-07T10:08:54.5720004Z 
2026-10-07T10:08:54.5720484Z test result: ok. 2 passed; 0 failed; 0 ignored; 0 measured; 0 filtered out; finished in 0.00s
2026-10-07T10:08:54.5721089Z 
2026-10-07T10:08:54.5723432Z [1m[92m     Running[0m tests/import_options.rs (target/debug/deps/import_options-a70a18917bd1cb2b)
2026-10-07T10:08:54.5734916Z 
2026-10-07T10:08:54.5735142Z running 2 tests
2026-10-07T10:08:54.5770390Z test wrong_objects_and_future_versions_are_rejected ... ok
2026-10-07T10:08:54.5811200Z test recorded_containers_round_trip_all_native_fields_and_pngs ... ok
2026-10-07T10:08:54.5811536Z 
2026-10-07T10:08:54.5811794Z test result: ok. 2 passed; 0 failed; 0 ignored; 0 measured; 0 filtered out; finished in 0.01s
2026-10-07T10:08:54.5812154Z 
2026-10-07T10:08:54.5815400Z [1m[92m     Running[0m tests/interchange.rs (target/debug/deps/interchange-9445052f693b0646)
2026-10-07T10:08:54.5830652Z 
2026-10-07T10:08:54.5830789Z running 12 tests
2026-10-07T10:08:54.5851701Z test formula_metadata_survives_native_serialization_and_edits_take_precedence ... ok
2026-10-07T10:08:54.5870346Z test malformed_old_versions_return_errors_before_any_package_can_be_staged ... ok
2026-10-07T10:08:54.5871403Z test date_conversions_keep_reference_codes_through_definition_exchange ... ok
2026-10-07T10:08:54.5893570Z test old_plain_json_png_is_still_importable ... ok
2026-10-07T10:08:54.6073655Z test authored_static_formulas_roundtrip ... ok
2026-10-07T10:08:54.6141206Z test older_formats_upgrade_or_reject_without_partial_packages ... ok
2026-10-07T10:08:54.6374231Z test registered_mixed_login_package_preserves_json_png_rules_and_rejects_partial_decoding ... ok
2026-10-07T10:08:54.6401010Z test selected_processing_steps_match_qt_clipboard_and_png_exports ... ok
2026-10-07T10:08:54.6533559Z test subsidiary_contexts_follow_stable_page_keys_when_children_are_sorted_and_renamed ... ok
2026-10-07T10:08:54.6618581Z test malformed_png_and_compression_never_allocate_unbounded_data ... ok
2026-10-07T10:08:54.6645129Z test reference_json_and_real_png_roundtrip_without_losing_subsidiary_or_editor_data ... ok
2026-10-07T10:08:54.9604757Z test maximum_documented_definition_count_roundtrips_and_the_next_one_is_rejected ... ok
2026-10-07T10:08:54.9605414Z 
2026-10-07T10:08:54.9605804Z test result: ok. 12 passed; 0 failed; 0 ignored; 0 measured; 0 filtered out; finished in 0.38s
2026-10-07T10:08:54.9606504Z 
2026-10-07T10:08:54.9624026Z [1m[92m     Running[0m tests/logins.rs (target/debug/deps/logins-82f5bdd36ff4ba52)
2026-10-07T10:08:54.9637771Z 
2026-10-07T10:08:54.9638293Z running 3 tests
2026-10-07T10:08:54.9684680Z test native_veto_default_matcher_uses_python_constructor_empty_match_value ... ok
2026-10-07T10:08:54.9697198Z test login_validation_matches_python_and_rejects_mixed_packages_atomically ... ok
2026-10-07T10:08:54.9715145Z test login_scripts_preserve_reference_fields_and_upgrade_cookie_names ... ok
2026-10-07T10:08:54.9715560Z 
2026-10-07T10:08:54.9715827Z test result: ok. 3 passed; 0 failed; 0 ignored; 0 measured; 0 filtered out; finished in 0.01s
2026-10-07T10:08:54.9716197Z 
2026-10-07T10:08:54.9719740Z [1m[92m     Running[0m tests/routers.rs (target/debug/deps/routers-93dc1ba930b94b47)
2026-10-07T10:08:54.9730756Z 
2026-10-07T10:08:54.9730905Z running 3 tests
2026-10-07T10:08:54.9798016Z test router_exchange_rejects_incompatible_or_lossy_packages_atomically ... ok
2026-10-07T10:08:54.9868567Z test recorded_router_queues_preserve_editor_fields_and_reference_png ... ok
2026-10-07T10:08:54.9907142Z test inspected_packages_preserve_routers_with_recognised_other_objects ... ok
2026-10-07T10:08:54.9907520Z 
2026-10-07T10:08:54.9907788Z test result: ok. 3 passed; 0 failed; 0 ignored; 0 measured; 0 filtered out; finished in 0.02s
2026-10-07T10:08:54.9908163Z 
2026-10-07T10:08:54.9914630Z [1m[92m     Running[0m tests/seed_caches.rs (target/debug/deps/seed_caches-7edac3f0543c961e)
2026-10-07T10:08:54.9930874Z 
2026-10-07T10:08:54.9931034Z running 2 tests
2026-10-07T10:08:55.0386104Z test unsafe_or_malformed_history_fails_explicitly_without_truncating_a_package ... ok
2026-10-07T10:08:55.0410260Z test historical_cache_versions_replay_exact_qt_history_headers_and_list_exports ... ok
2026-10-07T10:08:55.0410925Z 
2026-10-07T10:08:55.0411351Z test result: ok. 2 passed; 0 failed; 0 ignored; 0 measured; 0 filtered out; finished in 0.05s
2026-10-07T10:08:55.0417413Z [1m[92m     Running[0m tests/subscription_import.rs (target/debug/deps/subscription_import-03f2d8ddd935f38d)
2026-10-07T10:08:55.0417879Z 
2026-10-07T10:08:55.0434134Z 
2026-10-07T10:08:55.0434312Z running 2 tests
2026-10-07T10:08:55.0585346Z test recorded_nested_packages_warn_after_preserving_complete_permitted_objects ... ok
2026-10-07T10:08:55.0618022Z test future_nested_objects_and_limits_fail_before_any_list_objects_are_returned ... ok
2026-10-07T10:08:55.0618471Z 
2026-10-07T10:08:55.0618736Z test result: ok. 2 passed; 0 failed; 0 ignored; 0 measured; 0 filtered out; finished in 0.02s
2026-10-07T10:08:55.0619091Z 
2026-10-07T10:08:55.0628138Z [1m[92m     Running[0m tests/subscriptions.rs (target/debug/deps/subscriptions-e6ea53fd2f0063f4)
2026-10-07T10:08:55.0644317Z 
2026-10-07T10:08:55.0644469Z running 4 tests
2026-10-07T10:08:55.0795502Z test subscription_exchange_reports_missing_logs_and_rejects_invalid_packages_atomically ... ok
2026-10-07T10:08:55.0853776Z test malformed_and_unsupported_legacy_subscriptions_fail_without_reducing_history ... ok
2026-10-07T10:08:55.0884357Z test actual_subscription_clipboard_and_png_retain_settings_headers_and_both_histories ... ok
2026-10-07T10:08:55.1111809Z test actual_legacy_subscription_list_imports_match_converted_settings_histories_and_caches ... ok
2026-10-07T10:08:55.1112630Z 
2026-10-07T10:08:55.1113362Z test result: ok. 4 passed; 0 failed; 0 ignored; 0 measured; 0 filtered out; finished in 0.05s
2026-10-07T10:08:55.1114063Z 
2026-10-07T10:08:55.1121874Z [1m[92m     Running[0m tests/subsidiaries.rs (target/debug/deps/subsidiaries-9fe403ec36e0192f)
2026-10-07T10:08:55.1139079Z 
2026-10-07T10:08:55.1139280Z running 2 tests
2026-10-07T10:08:55.1184821Z test incompatible_or_unsupported_subsidiary_packages_are_rejected_before_staging ... ok
2026-10-07T10:08:55.1211930Z test real_reference_subsidiary_clipboard_and_png_preserve_recursive_wrappers ... ok
2026-10-07T10:08:55.1212343Z 
2026-10-07T10:08:55.1212621Z test result: ok. 2 passed; 0 failed; 0 ignored; 0 measured; 0 filtered out; finished in 0.01s
2026-10-07T10:08:55.1213107Z 
2026-10-07T10:08:55.1218042Z [1m[92m     Running[0m unittests src/lib.rs (target/debug/deps/hydrus_gui_model-e796d6a368398922)
2026-10-07T10:08:55.1239042Z 
2026-10-07T10:08:55.1239229Z running 39 tests
2026-10-07T10:08:55.1244675Z test duplicate_filter::tests::deletion_reasons_read_as_the_reference_writes_them ... ok
2026-10-07T10:08:55.1245751Z test favourites::tests::names_are_made_unique_as_the_reference_makes_them ... ok
2026-10-07T10:08:55.1247031Z test list_selection::tests::clicks_select_as_qt_s_extended_selection ... ok
2026-10-07T10:08:55.1247750Z test list_selection::tests::a_selection_follows_its_items ... ok
2026-10-07T10:08:55.1251873Z test main_menu::tests::a_disabled_menu_does_not_open ... ok
2026-10-07T10:08:55.1252550Z test main_menu::tests::closed_pages_are_offered_latest_first ... ok
2026-10-07T10:08:55.1253608Z test main_menu::tests::clicking_an_entry_chooses_it_unless_it_cannot_be ... ok
2026-10-07T10:08:55.1254542Z test main_menu::tests::advanced_mode_offers_to_nudge_subscriptions ... ok
2026-10-07T10:08:55.1260157Z test main_menu::tests::entries_hydrus_rs_cannot_do_are_not_usable ... ok
2026-10-07T10:08:55.1261081Z test main_menu::tests::mnemonics_open_the_bar_s_menus ... ok
2026-10-07T10:08:55.1266523Z test main_menu::tests::hovering_opens_submenus_beside_their_entries ... ok
2026-10-07T10:08:55.1267347Z test main_menu::tests::keys_move_through_the_menus ... ok
2026-10-07T10:08:55.1268054Z test main_menu::tests::separators_show_as_qt_shows_them ... ok
2026-10-07T10:08:55.1268999Z test main_menu::tests::several_folders_get_a_check_all_and_one_does_not ... ok
2026-10-07T10:08:55.1269966Z test main_menu::tests::saved_sessions_of_its_own_can_be_saved_over_and_deleted ... ok
2026-10-07T10:08:55.1271501Z test main_menu::tests::the_history_is_numbered_latest_first_and_kept_to_twenty ... ok
2026-10-07T10:08:55.1274319Z test main_menu::tests::the_pending_menu_lists_repositories_with_content_a_to_z ... ok
2026-10-07T10:08:55.2250622Z test options::tests::only_the_options_changed_are_set ... ok
2026-10-07T10:08:55.2281501Z test options::tests::thumbnail_rating_sizes_go_up_to_the_thumbnails_width ... ok
2026-10-07T10:08:55.2286893Z test options::tests::the_editor_edits_the_page_shown ... ok
2026-10-07T10:08:55.2287994Z test options::tests::times_show_as_the_references_fields ... ok
2026-10-07T10:08:55.2301741Z test options::tests::the_search_finds_options_by_their_labels_and_boxes ... ok
2026-10-07T10:08:55.2885121Z test options::tests::times_rates_and_text_that_may_be_none_are_edited ... ok
2026-10-07T10:08:55.2926687Z test page_chooser::tests::menus_lead_to_pages_as_in_the_reference ... ok
2026-10-07T10:08:55.3014812Z test options::tests::values_that_cant_be_had_are_left_saying_why ... ok
2026-10-07T10:08:55.3524582Z test predicate_editors::defaults::tests::namespace_shortcuts_and_empty_results_follow_the_actual_star_menu ... ok
2026-10-07T10:08:55.4034070Z test page_chooser::tests::file_domains_are_offered_by_name ... ok
2026-10-07T10:08:55.4508476Z test predicate_editors::defaults::tests::star_regex_save_skips_accept_validation_like_the_actual_reference ... ok
2026-10-07T10:08:55.4520042Z test predicate_editors::special::tests::hashes_are_read_as_the_reference_reads_them ... ok
2026-10-07T10:08:55.4521469Z test predicate_editors::special::tests::lines_are_summed_up_as_the_reference_sums_them ... ok
2026-10-07T10:08:55.4522588Z test predicate_editors::tests::a_date_is_read_as_typed ... ok
2026-10-07T10:08:55.4524052Z test predicate_editors::tests::rating_is_offered_with_a_rating_service_and_the_rest_everywhere ... ok
2026-10-07T10:08:55.4525301Z test predicate_editors::tests::time_fields_split_a_span_into_its_units ... ok
2026-10-07T10:08:55.4526459Z test sort::tests::choices_are_named_and_ordered_as_the_reference_orders_them ... ok
2026-10-07T10:08:55.4527628Z test status::bandwidth_tests::only_what_is_read_while_the_client_is_open_counts ... ok
2026-10-07T10:08:55.4528805Z test status::bandwidth_tests::the_network_part_reads_as_the_reference_s ... ok
2026-10-07T10:08:55.4613839Z test predicate_editors::defaults::tests::service_keys_and_fractional_viewtime_survive_reordered_contexts_and_reopening ... ok
2026-10-07T10:08:56.0917145Z test predicate_editors::defaults::tests::comparability_replays_all_reference_subtypes_and_rating_services ... ok
2026-10-07T10:08:57.1804454Z test predicate_editors::defaults::tests::all_recorded_panel_families_restore_typed_defaults_and_explicit_inputs ... ok
2026-10-07T10:08:57.1804985Z 
2026-10-07T10:08:57.1805247Z test result: ok. 39 passed; 0 failed; 0 ignored; 0 measured; 0 filtered out; finished in 2.06s
2026-10-07T10:08:57.1805610Z 
2026-10-07T10:08:57.1828801Z [1m[92m     Running[0m tests/model/main.rs (target/debug/deps/model-57f5b48addde7534)
2026-10-07T10:08:57.1864531Z 
2026-10-07T10:08:57.1864797Z running 525 tests
2026-10-07T10:08:57.1903579Z test about::the_about_window_says_what_the_references_does ... ok
2026-10-07T10:08:57.1948101Z test active_predicates::actual_qt_inherited_copy_payloads_and_page_routes_match_all_recorded_selections ... ok
2026-10-07T10:08:57.1968617Z test active_predicates::actual_qt_commands_preserve_inverse_add_vs_ctrl_toggle_and_exact_result_sets ... ok
2026-10-07T10:08:57.2114281Z test active_predicates::supplied_size_and_limit_reopen_exact_values_despite_saved_creation_defaults ... ok
2026-10-07T10:08:57.2115523Z test active_predicates::mixed_controls_replay_real_qt_values_row_order_cancel_and_parser_vetoes ... ok
2026-10-07T10:08:57.5144670Z test api_update_toasts::all_recorded_apply_cancel_reopen_cases_and_concurrent_width_survive ... ok
2026-10-07T10:08:57.5710815Z test archive_delete_policies::real_independent_controls_cancel_reopen_merge_and_retained_legacy_native_precedence ... ok
2026-10-07T10:08:57.6357489Z test animation_start::recorded_raw_constructor_cancel_unchanged_apply_reopen_and_scoped_merge ... ok
2026-10-07T10:08:57.6955546Z test archive_repair::captured_scan_preserves_intervening_edits_and_cancellation_rolls_back_content_transaction ... ok
2026-10-07T10:08:57.7015840Z test auto_resolution_exchange::exported_rules_import_again ... ok
2026-10-07T10:08:57.7164315Z test auto_resolution_exchange::the_reference_s_serialised_rules_import ... ok
2026-10-07T10:08:57.7184840Z test auto_resolution_review::approving_and_denying_report_progress_as_the_reference_s ... ok
2026-10-07T10:08:57.7664629Z test archive_delete_policies::replaced_domain_identity_rejects_entire_commit_before_archiving_kept_files ... ok
2026-10-07T10:08:57.7702995Z test auto_resolution_rules::a_new_rule_searches_as_the_references_add_does ... ok
2026-10-07T10:08:57.7721194Z test auto_resolution_rules::add_offers_the_references_comparators ... ok
2026-10-07T10:08:57.7814766Z test auto_resolution_rules::rules_rows_and_comparators_are_the_references ... ok
2026-10-07T10:08:57.8504614Z test archive_repair::exact_global_scan_questions_population_writes_and_reopened_times_match_reference ... ok
2026-10-07T10:08:57.9456311Z test auto_resolution_review::each_rules_tabs_list_its_pairs_as_the_reference ... ok
2026-10-07T10:08:57.9494397Z test checker_options::edits_change_the_editor_as_the_references ... ok
2026-10-07T10:08:57.9515648Z test checker_options::ok_asks_as_the_references_does ... ok
2026-10-07T10:08:57.9516726Z test checker_options::ok_raises_times_below_their_least ... ok
2026-10-07T10:08:58.0587525Z test autocomplete_tabs::literal_favourite_rows_remain_selected_as_tags_until_explicitly_deselected ... ok
2026-10-07T10:08:58.0655759Z test checker_options::the_editor_opens_as_the_references ... ok
2026-10-07T10:08:58.0688509Z test checker_options::the_reasonable_defaults_are_the_references ... ok
2026-10-07T10:08:58.0698103Z test client_api_admin::browser_url_uses_reported_listener_over_cli_overridden_service_settings ... ok
2026-10-07T10:08:58.1601375Z test client_api_admin::listener_settings_preserve_unrelated_services_and_imported_flags ... ok
2026-10-07T10:08:58.1975116Z test checker_options::the_downloading_page_edits_the_default_checker_options ... ok
2026-10-07T10:08:58.2029090Z test autocomplete_tabs::read_and_write_selection_replay_the_same_qt_tabs_and_persist_only_accepted_edits ... ok
2026-10-07T10:08:58.2112675Z test clipboard_urls::changed_text_switches_and_url_policy_match_the_reference ... ok
2026-10-07T10:08:58.2144335Z test command_palette::calculator_matches_qt_precedence_integer_types_errors_and_special_values ... ok
2026-10-07T10:08:58.2156256Z test command_palette::defaults_and_provider_queue_match_the_qt_options_editor ... ok
2026-10-07T10:08:58.2375206Z test client_api_admin::reference_rows_permissions_questions_and_duplicates ... ok
2026-10-07T10:08:58.2380048Z test command_palette::late_workers_cannot_repopulate_a_new_query_or_closed_owner ... ok
2026-10-07T10:08:58.2399297Z test command_palette::providers_match_real_qt_order_limits_and_thresholds ... ok
2026-10-07T10:08:58.2422209Z test command_palette::unicode_casefold_expands_before_provider_and_menu_thresholds ... ok
2026-10-07T10:08:58.2724390Z test client_api_admin::staged_keys_cancel_persist_collision_and_stale_apply ... ok
2026-10-07T10:08:58.2934760Z test command_palette::each_live_provider_policy_reaches_its_results_and_preferences_persist ... ok
2026-10-07T10:08:58.2937084Z test database_backup::questions_name_the_paths_as_the_reference_does ... ok
2026-10-07T10:08:58.2941821Z test database_backup::the_menu_follows_the_backup_location_and_storage ... ok
2026-10-07T10:08:58.2943697Z test database_locations::rows_and_buttons_follow_the_reference ... ok
2026-10-07T10:08:58.4995822Z test content_undo::archiving_can_be_undone_and_redone_from_the_menu ... ok
2026-10-07T10:08:58.5169793Z test content_undo::tag_changes_name_their_service ... ok
2026-10-07T10:08:58.5178737Z test database_maintenance::the_menus_enable_the_jobs_hydrus_rs_runs ... ok
2026-10-07T10:08:58.5193797Z test datetime_editor::the_date_time_editor_works_as_the_references_does ... ok
2026-10-07T10:08:58.5199081Z test debug_actions::modal_countdown_and_env_dump_read_as_the_reference_s ... ok
2026-10-07T10:08:58.5203364Z test debug_actions::some_popups_are_the_reference_s_less_its_callbacks ... ok
2026-10-07T10:08:58.7329336Z test archive_delete_policies::actual_qt_domain_alternatives_priorities_delay_and_selected_transaction ... ok
2026-10-07T10:08:58.7395511Z test database_maintenance::questions_buttons_and_service_choices_are_the_reference_s ... ok
2026-10-07T10:08:58.9560338Z test delete_files::clean_delete_preserves_locked_files_and_remembered_fields_merge_with_options ... ok
2026-10-07T10:08:58.9610389Z test delete_files::mixed_existing_reasons_match_qt_preserve_each_file_and_do_not_replace_last_reason ... ok
2026-10-07T10:08:58.9620463Z test delete_files::reason_queue_matches_recorded_cancel_empty_duplicate_movement_and_delete ... ok
2026-10-07T10:08:58.9634369Z test downloader_definitions::domain_mask_queue_replays_staged_crud_and_insertion_order ... ok
2026-10-07T10:08:58.9713261Z test downloader_definitions::domain_mode_and_independent_tester_replay_reference_and_preserve_disabled_values ... ok
2026-10-07T10:08:59.0699423Z test downloader_definitions::drafts_preserve_identity_links_and_current_unrelated_settings ... ok
2026-10-07T10:08:59.0743828Z test downloader_definitions::editor_controls_change_matching_normalisation_and_validate_pagination ... ok
2026-10-07T10:08:59.1531335Z test downloader_definitions::generator_copies_nested_repair_and_delete_are_staged ... ok
2026-10-07T10:08:59.1534376Z test downloader_definitions::invalid_examples_and_defaults_cannot_be_committed ... ok
2026-10-07T10:08:59.2429842Z test downloader_definitions::previews_use_native_encoding_options_and_nested_columns_sort_by_count ... ok
2026-10-07T10:08:59.3314252Z test downloader_definitions::reference_rows_previews_and_vetoes_are_replayed ... ok
2026-10-07T10:08:59.3404193Z test downloader_definitions::selectable_preview_values_use_recorded_api_referral_and_gallery_consumers ... ok
2026-10-07T10:08:59.3417069Z test downloader_display::displayed_url_labels_filters_order_and_cap_replay_reference ... ok
2026-10-07T10:08:59.3433950Z test downloader_display::replay_actual_tri_state_questions_and_rows ... ok
2026-10-07T10:08:59.4440021Z test downloader_display::save_merges_only_edited_keys_and_preserves_concurrent_definitions ... ok
2026-10-07T10:08:59.4469678Z test downloader_interchange::an_api_pair_source_yields_to_its_eligible_target_during_parser_linking ... ok
2026-10-07T10:08:59.4471548Z test downloader_interchange::duplicate_class_relinks_the_runtime_winner_instead_of_the_first_equivalent_row ... ok
2026-10-07T10:08:59.5201639Z test downloader_interchange::imported_class_and_parser_link_reaches_the_live_registry ... ok
2026-10-07T10:08:59.6034642Z test downloader_interchange::mixed_login_cancel_malformed_and_stale_scripts_never_partially_save_downloaders ... ok
2026-10-07T10:08:59.7308618Z test downloader_interchange::mixed_login_import_replays_qt_duplicates_links_and_saved_consumer_without_exporting_credentials ... ok
2026-10-07T10:08:59.8123170Z test delete_files::physical_only_dialog_remembers_builtin_and_custom_service_keys_like_qt ... ok
2026-10-07T10:08:59.8830791Z test downloader_interchange::reference_duplicate_rules_remap_nested_members_and_keep_auxiliary_context ... ok
2026-10-07T10:08:59.8857720Z test downloader_interchange::package_invalid_and_cancelled_staging_do_not_mutate_store_and_stale_apply_rolls_back ... ok
2026-10-07T10:08:59.9594450Z test delete_files::advanced_reasons_match_actual_qt_defaults_existing_and_remembered_selection ... ok
2026-10-07T10:08:59.9694495Z test downloader_update_times::strict_deadlines_ratios_minimum_fallback_saved_changes_and_forcing_match_qt ... ok
2026-10-07T10:09:00.0140762Z test downloader_interchange::scoped_list_import_is_atomic_and_parser_save_preserves_original_context ... ok
2026-10-07T10:09:00.0184005Z test duplicate_colours::qcolor_rounding_and_independent_transparency_replay_actual_canvas_outputs ... ok
2026-10-07T10:09:00.2317050Z test duplicates_filtering::counts_and_random_groups_read_the_basic_client ... ok
2026-10-07T10:09:00.2320001Z test duplicates_filtering::edits_and_texts_follow_the_reference ... ok
2026-10-07T10:09:00.3475333Z test downloader_update_times::exact_constructor_fields_unchanged_apply_cancel_legacy_and_concurrent_field_merge ... ok
2026-10-07T10:09:00.3513849Z test duplicates_page::the_auto_resolution_rules_rows_are_the_references ... ok
2026-10-07T10:09:00.3515170Z test duplicates_page::the_preparation_tab_says_what_the_references_does ... ok
2026-10-07T10:09:00.4288829Z test duplicates_filtering::resync_drops_pairs_of_files_out_of_local_storage ... ok
2026-10-07T10:09:00.4325039Z test duplicate_colours::options_keep_saved_zero_on_cancel_then_normalise_on_apply_and_preserve_concurrent_background ... ok
2026-10-07T10:09:00.4354373Z test edit_subscription::the_dialog_opens_as_the_references ... ok
2026-10-07T10:09:00.4358339Z test embedded_metadata::basics_and_png_instruction_match_the_reference ... ok
2026-10-07T10:09:00.4371403Z test embedded_metadata::exif_sort_selection_and_raw_copy_match_the_reference ... ok
2026-10-07T10:09:00.4373293Z test existing_tags_filter::existing_filter_acceptance_enables_only_the_captured_service_and_round_trips ... ok
2026-10-07T10:09:00.4375458Z test edit_subscription::the_query_buttons_act_as_the_references ... ok
2026-10-07T10:09:00.4884508Z test duplicates_progress::qt_staging_persistence_and_scoped_save_drive_strict_caught_up_preparation_labels ... ok
2026-10-07T10:09:00.7125134Z test export_files::cancellation_and_missing_sources_never_trash_partial_exports ... ok
2026-10-07T10:09:00.7655047Z test export_files::preview_and_confirmations_match_reference_panel ... ok
2026-10-07T10:09:00.7684215Z test export_files::shared_pattern_menu_copies_recorded_phrases_including_its_heading ... ok
2026-10-07T10:09:00.8294119Z test export_files::copies_overwrite_existing_files_and_route_metadata ... ok
2026-10-07T10:09:00.9535929Z test export_files::selected_export_tags_counts_sort_selection_and_copy_match_actual_panel ... ok
2026-10-07T10:09:00.9624119Z test external_calls::actual_defaults_menu_routes_preserve_prior_selection_and_generate_unique_named_keys ... ok
2026-10-07T10:09:00.9651662Z test external_calls::actual_qt_sort_tie_break_casefold_and_duplicate_selection_routes ... ok
2026-10-07T10:09:00.9664082Z test external_calls::actual_reference_substitution_validation_and_argument_cleaning ... ok
2026-10-07T10:09:00.9733365Z test external_calls::cancelling_the_owner_terminates_and_reaps_its_started_direct_child ... ok
2026-10-07T10:09:00.9768141Z test external_calls::command_clipboard_review_and_cleaned_example_match_actual_qt ... ok
2026-10-07T10:09:00.9790552Z test external_calls::command_parameter_queue_selection_reorder_and_keyboard_match_actual_qt ... ok
2026-10-07T10:09:00.9823747Z test external_calls::command_queue_reverse_edit_and_keyboard_origins_match_actual_qt ... ok
2026-10-07T10:09:00.9842122Z test external_calls::duplicate_import_warnings_match_python_repr_and_all_size_boundaries ... ok
2026-10-07T10:09:00.9847314Z test external_calls::list_acceptance_retains_edit_key_and_selection_but_regenerates_import_and_duplicate_keys ... ok
2026-10-07T10:09:01.0258564Z test export_files::sidecar_failure_blocks_trash_even_after_copy_and_success_trashes ... ok
2026-10-07T10:09:01.0773494Z test external_calls::saved_call_executes_owned_harmless_process_with_exact_single_argument_and_no_shell_interpretation ... ok
2026-10-07T10:09:01.1161409Z test export_files::symlinks_existing_links_and_hardlinks_preserve_source_content ... ok
2026-10-07T10:09:01.2339730Z test favourite_search_editor::favourite_controls_replay_reference_domain_sort_collect_and_predicate_values ... ok
2026-10-07T10:09:01.2341377Z test file_history::dropping_worker_cancels_inflight_read_and_never_runs_pending_read ... ok
2026-10-07T10:09:01.3061060Z test ffmpeg_timeout::qt_options_cancel_bounds_reopen_and_concurrent_changes ... ok
2026-10-07T10:09:01.3068613Z test file_history::owned_worker_runs_only_latest_queued_query_and_discards_cancelled_closed_results ... ok
2026-10-07T10:09:01.3078761Z test file_log::clipboard_source_batches_match_actual_reference_imports ... ok
2026-10-07T10:09:01.3726249Z test file_log::renormalisation_collapses_later_duplicates_and_preserves_first_progress_and_metadata ... ok
2026-10-07T10:09:01.3730409Z test file_log::selected_import_objects_match_full_reference_clipboard_bytes ... ok
2026-10-07T10:09:01.3743667Z test file_log::selected_urls_are_one_exact_match_or_container ... ok
2026-10-07T10:09:01.4094074Z test file_history::global_and_filtered_series_ranges_visibility_refresh_and_cancel_match_actual_chart ... ok
2026-10-07T10:09:01.4104175Z test file_log::the_file_log_is_the_references ... ok
2026-10-07T10:09:01.4109532Z test file_maintenance_current::recorded_counts_selection_due_gate_and_numeric_sort_use_typed_identity ... ok
2026-10-07T10:09:01.4561555Z test file_log::source_png_carriers_import_actual_qt_exports_and_render_custom_headers ... ok
2026-10-07T10:09:01.4563225Z test file_maintenance_new::the_tab_says_what_the_reference_does ... ok
2026-10-07T10:09:01.4564565Z test file_relationships::a_file_alone_offers_only_a_search_reset ... ok
2026-10-07T10:09:01.4566034Z test file_relationships::a_grouped_file_shows_its_group_and_what_can_be_undone ... ok
2026-10-07T10:09:01.5567307Z test file_maintenance_new::chosen_files_get_the_job_queued ... ok
2026-10-07T10:09:01.6591327Z test file_relationships::setting_and_undoing_relationships_reaches_the_store ... ok
2026-10-07T10:09:01.8626658Z test file_view_removal::filter_content_pruning_reports_only_domain_departures_after_intervening_trash ... ok
2026-10-07T10:09:02.1080533Z test file_view_removal::filter_removal_matches_recorded_commit_gates_and_skipped_return_file ... ok
2026-10-07T10:09:02.1396551Z test filename_rules::advanced_lists_children_and_filename_consumers_match_real_reference ... ok
2026-10-07T10:09:02.1420982Z test filename_rules::both_original_regex_buttons_offer_the_recorded_help_components_and_favourites ... ok
2026-10-07T10:09:02.1422708Z test filename_rules::child_identity_is_frozen_and_unrelated_callbacks_preserve_it ... ok
2026-10-07T10:09:02.3321747Z test filename_simple::additive_entry_and_selected_union_replay_real_simple_panel_without_spreading_untouched_tags ... ok
2026-10-07T10:09:02.3328311Z test filename_simple::native_path_backend_matches_actual_reference_rebasing_and_mixed_separator_tags ... ok
2026-10-07T10:09:02.3407059Z test filename_tagging::rows_and_values_are_the_references ... ok
2026-10-07T10:09:02.3408317Z test filename_tagging::single_tags_are_shown_and_removed_for_the_selection ... ok
2026-10-07T10:09:02.3422158Z test filename_tagging::typed_regexes_and_quick_namespaces_are_checked ... ok
2026-10-07T10:09:02.3425977Z test filesize_predicate::choices_bounds_and_explicit_reopening_match_qt ... ok
2026-10-07T10:09:02.3434088Z test filetype_tree::groups_tick_their_filetypes_and_give_back_specific_ones ... ok
2026-10-07T10:09:02.4012382Z test file_view_removal::actual_qt_media_list_trash_move_and_physical_pruning_matrix ... ok
2026-10-07T10:09:02.4059130Z test folder_runs::named_then_all_folders_are_flagged_to_run ... ok
2026-10-07T10:09:02.4091232Z test folders::the_export_folder_dialog_is_the_references ... ok
2026-10-07T10:09:02.4093580Z test folders::the_import_folder_dialog_is_the_references ... ok
2026-10-07T10:09:02.4094649Z test folders::the_lists_name_what_they_add_and_edit_uniquely ... ok
2026-10-07T10:09:02.4098952Z test folders::the_lists_rows_are_the_references ... ok
2026-10-07T10:09:02.4123771Z test force_filetype::the_force_filetypes_dialog_is_the_reference_s ... ok
2026-10-07T10:09:02.4133360Z test force_idle::actual_toggle_checks_and_real_worker_entry_matrix ... ok
2026-10-07T10:09:02.4139836Z test formula_editors::fetched_documents_replay_reference_success_error_and_cancellation_context ... ok
2026-10-07T10:09:02.4146511Z test formula_editors::formula_editor_bulk_name_conflicts_match_reference ... ok
2026-10-07T10:09:02.4163753Z test formula_editors::formula_editor_controls_and_parses_match_reference ... ok
2026-10-07T10:09:02.4170547Z test formula_editors::formula_editor_rule_queue_matches_reference_actions ... ok
2026-10-07T10:09:02.4181789Z test formula_editors::formula_editor_type_and_named_list_actions_match_reference ... ok
2026-10-07T10:09:02.4183395Z test formula_editors::formula_editor_type_changes_use_fresh_defaults_and_preserve_separated_content ... ok
2026-10-07T10:09:02.4184893Z test formula_editors::formula_editors_preserve_other_kinds_and_inactive_rule_settings ... ok
2026-10-07T10:09:02.4189683Z test formula_editors::multiple_test_documents_retain_edits_sources_and_selected_child_order ... ok
2026-10-07T10:09:02.4203526Z test formula_editors::recursive_formula_fields_and_transformed_child_data_match_reference ... ok
2026-10-07T10:09:02.4210670Z test formula_editors::scalar_formula_controls_match_reference ... ok
2026-10-07T10:09:02.4217690Z test formula_editors::six_kind_chooser_defaults_match_reference ... ok
2026-10-07T10:09:02.4230356Z test formula_editors::zipper_member_queue_and_substitution_match_reference ... ok
2026-10-07T10:09:02.4276493Z test frame_locations::frame_table_defaults_cells_and_selected_actions_match_actual_qt ... ok
2026-10-07T10:09:02.5080638Z test frame_locations::named_geometry_transactions_preserve_peer_frames_and_latest_viewer_save_preference ... ok
2026-10-07T10:09:02.5857575Z test folders::export_folder_examples_use_recorded_queries_limits_and_media_contexts ... ok
2026-10-07T10:09:02.5913407Z test gallery_source::captions_and_installed_parser_functionality_match_real_reference ... ok
2026-10-07T10:09:02.5939437Z test gallery_source::key_wins_over_conflicting_name_and_cycles_are_bounded ... ok
2026-10-07T10:09:02.6080966Z test gallery_source::two_stage_choices_selection_cancellation_and_empty_warning_match_reference ... ok
2026-10-07T10:09:02.6824582Z test frame_locations::settings_keep_unknown_rows_and_merge_unedited_runtime_geometry ... ok
2026-10-07T10:09:02.8309545Z test gui_colours::all_twenty_six_rgb_roles_and_independent_tabs_stage_cancel_apply_and_reopen_like_qt ... ok
2026-10-07T10:09:02.9218708Z test gui_colours::old_imported_store_keeps_retained_legacy_rgb_until_native_values_take_precedence ... ok
2026-10-07T10:09:03.0005230Z test gui_colours::staged_role_changes_merge_with_live_help_switch_and_other_saved_rgb_roles ... ok
2026-10-07T10:09:03.0043981Z test gui_format::recorded_current_local_offsets_and_ancient_boundaries_match_python ... ok
2026-10-07T10:09:03.0099557Z test gui_format::recorded_summaries_previews_expiry_and_scheduling_variants_reach_existing_models ... ok
2026-10-07T10:09:03.1333882Z test gui_format::precision_reaches_existing_import_png_network_and_service_displays ... ok
2026-10-07T10:09:03.1369069Z test hash_predicate::cleanup_and_explicit_values_match_real_qt ... ok
2026-10-07T10:09:03.2877167Z test how_boned::the_basic_client_s_statistics_read_as_the_reference_s ... ok
2026-10-07T10:09:03.3456518Z test idle_timeout_options::edited_idle_thresholds_merge_without_overwriting_live_unrelated_preferences ... ok
2026-10-07T10:09:03.4656474Z test gui_format::staged_bounds_cancel_save_reopen_and_real_log_columns_match_qt ... ok
2026-10-07T10:09:03.4673500Z test idle_timeout_options::implicit_idle_normalisation_preserves_newer_fields_and_explicit_edits_still_apply ... ok
2026-10-07T10:09:03.5315110Z test database_maintenance::accepted_runs_send_the_reference_s_popups ... ok
2026-10-07T10:09:03.5334140Z test idle_timeout_options::saved_timeout_choices_replay_strict_qt_boot_activity_and_ignore_gates ... ok
2026-10-07T10:09:03.5400007Z test image_cache::actual_byte_timeout_and_percentage_controls_match_the_recording ... ok
2026-10-07T10:09:03.5851307Z test idle_timeout_options::noneable_timeout_controls_replay_qt_defaults_floor_bounds_retention_and_reopen ... ok
2026-10-07T10:09:03.5917774Z test image_cache::actual_pending_rgb_rgba_touch_admission_soft_overflow_policy_and_expiry ... ok
2026-10-07T10:09:03.6524370Z test image_cache::untouched_normalized_controls_preserve_concurrent_fields_but_explicit_edits_win ... ok
2026-10-07T10:09:03.7653820Z test image_cache::actual_legacy_native_wins_changed_fields_and_raw_control_values_survive_reopen ... ok
2026-10-07T10:09:03.7682063Z test import_options_editor::caller_defaults_lists_and_fallback_labels_match_real_reference_editors ... ok
2026-10-07T10:09:03.7710426Z test import_options_editor::defaults_editor_uses_parent_stack_and_retains_hidden_custom_kinds ... ok
2026-10-07T10:09:03.7728532Z test import_options_editor::each_kinds_summary_is_the_references ... ok
2026-10-07T10:09:03.7731232Z test import_options_editor::text_fields_read_and_write_lists_and_renames ... ok
2026-10-07T10:09:03.7744449Z test import_options_editor::the_editors_lists_are_the_references ... ok
2026-10-07T10:09:03.7799771Z test import_options_overwrite::favourite_add_rename_and_delete_preserve_reference_names_and_other_defaults ... ok
2026-10-07T10:09:03.7836554Z test import_options_overwrite::shared_overwrite_presets_and_manual_default_match_real_dialog ... ok
2026-10-07T10:09:03.7853924Z test import_options_panel::sorted_selection_frozen_clear_and_profile_identity_are_independent ... ok
2026-10-07T10:09:03.7893908Z test idle_timeout_options::raw_imported_seconds_normalise_only_on_unchanged_acceptance_as_qt_does ... ok
2026-10-07T10:09:03.7904228Z test image_colour::qt_icc_checkbox_cancel_saved_reopen_preserves_concurrent_viewer_rules ... ok
2026-10-07T10:09:03.7915579Z test import_work_slots::missing_and_raw_legacy_keys_preserve_independent_defaults ... ok
2026-10-07T10:09:03.8046347Z test import_options_panel::three_lists_and_staged_actions_replay_the_reference ... ok
2026-10-07T10:09:03.8048545Z test importer_menu::an_importers_own_presentation_is_named_and_not_offered_again ... ok
2026-10-07T10:09:03.8053306Z test importer_menu::presentation_summaries_are_the_references ... ok
2026-10-07T10:09:03.8061133Z test importer_menu::the_list_menus_are_the_references ... ok
2026-10-07T10:09:03.8455850Z test import_work_slots::loaded_out_of_range_controls_normalize_only_on_unchanged_apply ... ok
2026-10-07T10:09:03.9011859Z test import_work_slots::reference_controls_stay_staged_and_saved_limits_survive_reopening ... ok
2026-10-07T10:09:04.0462296Z test incremental_tagging::actual_qt_initial_clamps_and_long_decimal_previews_preserve_safe_native_inference ... ok
2026-10-07T10:09:04.1178423Z test incremental_tagging::add_then_remove_retains_the_reference_deleted_mapping_in_private_preview ... ok
2026-10-07T10:09:04.1218294Z test incremental_tagging::actual_child_defaults_conflicts_reverse_pairs_and_nested_cancellation_replay ... ok
2026-10-07T10:09:04.1236814Z test local_import_dialog::parsing_shows_its_progress_and_can_be_paused_and_stopped ... ok
2026-10-07T10:09:04.1274435Z test local_import_dialog::the_list_is_the_references ... ok
2026-10-07T10:09:04.1484258Z test ffmpeg_timeout::already_open_import_review_uses_live_store_deadline_for_real_metadata_detection ... ok
2026-10-07T10:09:04.2534511Z test incremental_tagging::initial_start_uses_actual_unicode_decimal_sorting_and_ignores_negative_subtags ... ok
2026-10-07T10:09:04.4290155Z test local_transfer::deleted_destination_restores_timestamp_and_stale_source_cannot_move ... ok
2026-10-07T10:09:04.4929187Z test local_transfer::actual_qt_options_defaults_drafts_and_field_scoped_save ... ok
2026-10-07T10:09:04.4936832Z test login_script_controls::script_cog_matches_qt_login_context_and_rejects_replaced_requests ... ok
2026-10-07T10:09:04.5014165Z test login_workflows::cookie_requirements_match_real_qt_pair_edits_cancel_and_duplicate_looking_keys ... ok
2026-10-07T10:09:04.5044002Z test login_workflows::credentials_match_reference_display_order_status_and_confirmation ... ok
2026-10-07T10:09:04.5168602Z test login_workflows::domain_add_change_and_delete_replay_all_recorded_prompt_chains ... ok
2026-10-07T10:09:04.6036383Z test login_workflows::domain_apply_preserves_concurrent_script_edits_and_rejects_domain_conflicts ... ok
2026-10-07T10:09:04.6148588Z test login_workflows::domain_credentials_replay_reference_validity_activation_cancel_and_delay_reset ... ok
2026-10-07T10:09:04.6164460Z test login_workflows::embedded_step_cookie_list_replays_sorted_pair_actions_and_confirmed_bulk_delete ... ok
2026-10-07T10:09:04.6183248Z test login_workflows::example_domains_replay_reference_defaults_duplicate_errors_and_final_cancel_acceptance ... ok
2026-10-07T10:09:04.6189491Z test login_workflows::login_domain_rows_replay_cookie_expiry_and_pretty_delay_reference ... ok
2026-10-07T10:09:04.6231813Z test login_workflows::login_step_content_replays_reference_unique_import_cancel_sort_and_request_cleanup ... ok
2026-10-07T10:09:04.6284136Z test login_workflows::preserved_credentials_load_then_native_save_controls_domain_warnings ... ok
2026-10-07T10:09:04.6322595Z test login_workflows::request_arguments_replay_real_qt_rename_duplicates_blank_values_and_cancel ... ok
2026-10-07T10:09:04.6369714Z test login_workflows::scripts_import_rename_and_delete_keep_reference_name_and_key_rules ... ok
2026-10-07T10:09:04.6403736Z test login_workflows::three_argument_lists_keep_independent_extended_selection_and_bulk_deletion ... ok
2026-10-07T10:09:04.6927542Z test local_transfer::stale_destination_membership_and_reused_service_id_never_retarget_a_question ... ok
2026-10-07T10:09:04.7795956Z test main_identity::implicit_name_normalisation_and_other_fields_preserve_concurrent_updates ... ok
2026-10-07T10:09:04.8104418Z test legacy_seed_caches::upgraded_historical_histories_reach_native_counts_restore_and_reopen_intact ... ok
2026-10-07T10:09:05.0413226Z test main_menu::repositories_add_their_pages_and_pending_menu ... ok
2026-10-07T10:09:05.0830249Z test main_identity::constructor_cancel_unchanged_apply_and_reopen_match_raw_qt_names ... ok
2026-10-07T10:09:05.0873712Z test manage_notes::copies_as_python_writes_json ... ok
2026-10-07T10:09:05.0874790Z test manage_notes::notes_dialog_steps_as_the_reference ... ok
2026-10-07T10:09:05.0903652Z test manage_notes::the_menu_counts_the_focused_files_notes ... ok
2026-10-07T10:09:05.1164329Z test main_menu::import_and_export_folders_are_offered_to_run_now ... ok
2026-10-07T10:09:05.2534044Z test main_menu::the_menu_bar_is_the_reference_s ... ok
2026-10-07T10:09:05.5909616Z test manage_tag_counts::deleted_counts_status_rows_and_global_toggle_replay_apply_cancel_and_reopen ... ok
2026-10-07T10:09:05.6034476Z test manage_tags_sort::independent_defaults_stage_cancel_apply_reopen_and_merge_only_changed_context ... ok
2026-10-07T10:09:05.9126536Z test manage_tags_sort::sibling_sort_uses_raw_tags_when_storage_sibling_information_is_disabled ... ok
2026-10-07T10:09:05.9144097Z test media_view_options::delete_spares_classes_and_add_copies_the_class ... ok
2026-10-07T10:09:05.9181982Z test media_view_options::rows_addable_types_and_editor_choices_are_the_reference_s ... ok
2026-10-07T10:09:06.0260185Z test manage_tags_sort::open_service_tabs_keep_local_sort_after_options_change_and_new_dialog_reads_default ... ok
2026-10-07T10:09:06.0346311Z test menu_choice_wheel::signed_wrap_and_empty_single_choice_signals_match_actual_qt ... ok
2026-10-07T10:09:06.1300040Z test menu_choice_wheel::simple_options_sort_retains_the_recorded_text_and_count_orders ... ok
2026-10-07T10:09:06.1630949Z test menu_choice_wheel::real_media_type_flat_order_unknown_current_and_matching_order_labels_match_qt ... ok
2026-10-07T10:09:06.2453609Z test menu_choice_wheel::staged_setting_saves_only_its_key_and_unchanged_draft_preserves_live_value ... ok
2026-10-07T10:09:06.3910314Z test merge_options_editor::the_editor_edits_merge_options_as_the_reference_does ... ok
2026-10-07T10:09:06.3924300Z test namespace_colours::edit_recolours_each_selected_entry_in_place ... ok
2026-10-07T10:09:06.7380361Z test merge_summaries::merges_are_summarised_as_the_reference ... ok
2026-10-07T10:09:06.7453246Z test namespace_colours::sorted_add_keeps_qt_positional_range_anchor_then_delete_resets_it ... ok
2026-10-07T10:09:06.7457026Z test namespace_sorts::duplicate_ids_and_frozen_edits_survive_selection_changes_cancel_and_removal ... ok
2026-10-07T10:09:06.7470548Z test namespace_sorts::replay_actual_queue_add_edit_escaped_names_views_moves_and_delete_answers ... ok
2026-10-07T10:09:06.7902662Z test namespace_colours::qt_namespace_add_normalization_protected_mixed_delete_and_options_cancel_reopen ... ok
2026-10-07T10:09:06.8714311Z test network_data::drafts_preserve_unrelated_edits_and_reject_changed_defaults ... ok
2026-10-07T10:09:06.8803907Z test network_data::fresh_live_usage_wins_until_the_daemon_heartbeat_expires ... ok
2026-10-07T10:09:06.8814033Z test network_data::replay_qt_bandwidth_rows_rules_and_questions ... ok
2026-10-07T10:09:06.8821640Z test network_job_control::cog_replays_actual_qt_context_submenu_and_phase_actions ... ok
2026-10-07T10:09:06.8823362Z test network_job_control::control_auto_policy_targets_future_requests_and_owner_clears_error_once ... ok
2026-10-07T10:09:06.9722121Z test network_sessions::automatic_header_questions_replay_reference_deduplicate_and_reject_changed_payloads ... ok
2026-10-07T10:09:06.9751492Z test network_data::reference_bandwidth_age_rule_filters_months_and_history_deletion ... ok
2026-10-07T10:09:07.0087518Z test manage_tags_sort::both_contexts_replay_all_real_sort_types_orders_siblings_and_groupings ... ok
2026-10-07T10:09:07.0620299Z test network_sessions::cookie_exchange_replays_reference_fields_questions_and_collisions ... ok
2026-10-07T10:09:07.0625429Z test network_sessions::cleared_session_draft_preserves_a_later_request_cookie ... ok
2026-10-07T10:09:07.1108054Z test network_sessions::detached_cookie_drafts_preserve_attributes_merge_and_reject_conflicts_atomically ... ok
2026-10-07T10:09:07.1523387Z test network_sessions::headers_merge_unrelated_writes_and_cancel_and_reject_same_key_changes ... ok
2026-10-07T10:09:07.1543976Z test network_sessions::reference_rows_validation_and_confirmation ... ok
2026-10-07T10:09:07.1571069Z test network_sessions::header_case_groups_delete_exact_rows_and_reject_concurrent_variant_insertions ... ok
2026-10-07T10:09:07.1954580Z test network_sessions::malformed_cookie_batches_never_partially_change_the_draft_and_browser_routes_silos ... ok
2026-10-07T10:09:07.1993508Z test open_externally::actual_qt_registered_choices_queue_order_and_protected_mime_rows ... ok
2026-10-07T10:09:07.2023951Z test open_externally::configured_empty_specific_and_missing_call_never_fall_through_custom_route ... ok
2026-10-07T10:09:07.2963715Z test open_externally::washing_renames_deduplicates_removes_missing_without_name_remap_and_persists ... ok
2026-10-07T10:09:07.3963791Z test local_transfer::recorded_copy_strict_and_merge_questions_drive_real_memberships ... ok
2026-10-07T10:09:07.4135701Z test options_dialog::advanced_network_ranges_and_clamps_match_the_reference ... ok
2026-10-07T10:09:07.4284028Z test normal_time_maintenance::recorded_flags_cancel_apply_reopen_and_live_peer_preservation ... ok
2026-10-07T10:09:07.4735134Z test options_dialog::application_names_and_exit_switch_apply_as_the_reference_does ... ok
2026-10-07T10:09:07.5114326Z test notes_preferences::actual_cog_copy_variants_and_options_persistence_replay ... ok
2026-10-07T10:09:07.5784055Z test options_dialog::export_default_directory_matches_recorded_blank_literal_and_portable_paths ... ok
2026-10-07T10:09:07.6812132Z test options_dialog::closing_controls_stage_all_reference_preferences_without_persisting ... ok
2026-10-07T10:09:07.7164210Z test options_dialog::cursor_autohide_control_matches_reference_default_bounds_and_none ... ok
2026-10-07T10:09:07.7904567Z test options_dialog::eye_menu_preferences_follow_all_reference_combinations_without_saving_detached_edits ... ok
2026-10-07T10:09:07.8480720Z test options_dialog::file_search_boolean_controls_replay_reference_defaults_and_staged_edits ... ok
2026-10-07T10:09:07.9174872Z test options_dialog::file_search_limit_controls_stage_and_clamp_reference_values ... ok
2026-10-07T10:09:07.9523769Z test options_dialog::hash_prefix_control_matches_reference_default_and_checkbox ... ok
2026-10-07T10:09:08.0928015Z test options_dialog::local_location_option_matches_reference_and_keeps_child_changes_staged ... ok
2026-10-07T10:09:08.1420886Z test options_dialog::notebook_navigation_preferences_match_recorded_controls ... ok
2026-10-07T10:09:08.1792587Z test options_dialog::regex_favourites_child_edits_wait_for_parent_apply ... ok
2026-10-07T10:09:08.2295673Z test options_dialog::read_presentation_controls_match_reference_ranges_and_staged_values ... ok
2026-10-07T10:09:08.2384230Z test options_dialog::remembered_options_pages_and_auxiliary_search_match_the_reference ... ok
2026-10-07T10:09:08.2460234Z test options_dialog::passive_background_controls_match_reference_and_stage_independent_copies ... ok
2026-10-07T10:09:08.3304100Z test options_dialog::reopening_numeric_options_clamps_saved_advanced_values ... ok
2026-10-07T10:09:08.4453552Z test options_dialog::removed_service_choices_clamp_drafts_and_service_names_are_searchable ... ok
2026-10-07T10:09:08.5068848Z test options_dialog::session_backup_count_matches_recorded_control_and_clamps ... ok
2026-10-07T10:09:08.6184854Z test options_dialog::subscription_concurrency_replays_recorded_clamps_and_committed_parent_states ... ok
2026-10-07T10:09:08.6619089Z test options_dialog::subscription_file_failure_limit_replays_qt_noneable_states_in_parent_transaction ... ok
2026-10-07T10:09:08.7354405Z test options_dialog::system_sleep_controls_match_reference_and_clamp ... ok
2026-10-07T10:09:08.7462285Z test options_dialog::tag_service_controls_match_reference_and_remember_interlock ... ok
2026-10-07T10:09:08.7507355Z test options_dialog::the_options_search_offers_what_the_references_does ... ok
2026-10-07T10:09:08.8674263Z test options_dialog::the_options_pages_are_the_references ... ok
2026-10-07T10:09:08.9717712Z test options_dialog::the_thumbnail_rating_sizes_go_up_to_the_thumbnails_width ... ok
2026-10-07T10:09:09.0544802Z test options_dialog::viewer_focus_controls_stage_independent_reference_policies ... ok
2026-10-07T10:09:09.0884515Z test options_dialog::viewer_canvas_controls_match_reference_and_stage_bounded_values ... ok
2026-10-07T10:09:09.1075313Z test options_dialog::viewer_hover_controls_replay_reference_enabled_states ... ok
2026-10-07T10:09:09.1091784Z test orphan_files::the_popup_says_what_was_cleared ... ok
2026-10-07T10:09:09.2213865Z test options_dialog::viewer_pointer_controls_stage_the_reference_drag_preferences ... ok
2026-10-07T10:09:09.3273311Z test or_connector::qt_raw_blank_newline_cancel_reopen_and_live_namespace_changes_remain_isolated ... ok
2026-10-07T10:09:09.3326727Z test options_dialog::zoom_switch_and_animation_loop_controls_match_reference_and_stage_changes ... ok
2026-10-07T10:09:09.3347046Z test page_layout::qt_live_sizes_saved_hidden_positions_and_signed_legacy_bounds ... ok
2026-10-07T10:09:09.3364534Z test page_navigation_options::history_limit_replays_actual_menu_without_discarding_backing_history ... ok
2026-10-07T10:09:09.4322237Z test page_layout::hide_draft_cancel_apply_reopen_preserves_concurrent_saved_sizes_and_exit_switch ... ok
2026-10-07T10:09:09.4334019Z test page_tree::cursor_expansion_and_activation_replay_actual_frame_tree ... ok
2026-10-07T10:09:09.4354403Z test page_tree::stable_keys_survive_reorder_rename_and_closed_cursor_without_stale_activation ... ok
2026-10-07T10:09:09.4355734Z test parser_editors::any_namespace_toggle_retains_the_disabled_namespace ... ok
2026-10-07T10:09:09.4397360Z test parser_editors::auto_fill_reference_owner_leaves_candidates_unapplied_and_reviews_api_pairs ... ok
2026-10-07T10:09:09.4753476Z test page_chooser_options::legacy_checkbox_defaults_are_imported_and_top_choices_remain_independent ... ok
2026-10-07T10:09:09.4754872Z test parser_editors::content_change_keeps_unsupported_formula_and_note_newlines ... ok
2026-10-07T10:09:09.4906042Z test page_chooser_options::all_flag_combinations_replay_real_service_order_layout_and_choices ... ok
2026-10-07T10:09:09.4931669Z test parser_editors::per_class_parser_choices_replay_matching_groups_and_validate_stable_keys ... ok
2026-10-07T10:09:09.4961705Z test parser_editors::recorded_content_kinds_and_runtime_previews ... ok
2026-10-07T10:09:09.5023484Z test parser_editors::recorded_recursive_subsidiaries_preserve_context_documents_and_runtime_outputs ... ok
2026-10-07T10:09:09.5054766Z test parser_editors::recorded_subsidiary_queue_import_and_duplicate_preserve_keys_and_select_new_rows ... ok
2026-10-07T10:09:09.5083909Z test parser_editors::test_context_rejects_invalid_duplicate_and_reserved_variables ... ok
2026-10-07T10:09:09.5089897Z test parser_editors::timestamp_editor_normalises_recorded_source_choice_and_preserves_converted_metadata ... ok
2026-10-07T10:09:09.5092046Z test parser_test_data::fetched_media_detection_tracks_example_selection_and_clears_on_text_changes ... ok
2026-10-07T10:09:09.5696075Z test parser_editors::native_parser_save_preserves_other_settings_and_rejects_stale_edits ... ok
2026-10-07T10:09:09.5706128Z test page_navigation_options::imported_defaults_and_options_limits_replay_reference_spinbox_clamping ... ok
2026-10-07T10:09:09.6401029Z test parser_test_data::recorded_raw_data_previews_match_without_changing_the_parser_document ... ok
2026-10-07T10:09:09.6477286Z test parser_test_data::typed_png_summary_and_header_keep_the_recorded_object_package ... ok
2026-10-07T10:09:09.6506599Z test popup_freeze::real_qt_hidden_and_minimized_states_do_not_use_focus_and_unknown_is_explicit ... ok
2026-10-07T10:09:09.7353877Z test popup_width::legacy_raw_integers_and_independent_edited_fields_are_preserved ... ok
2026-10-07T10:09:09.7757442Z test popup_freeze::staged_cancel_save_reopen_and_concurrent_popup_fields_are_preserved ... ok
2026-10-07T10:09:09.7833996Z test predicate_history::actual_histories_replay_toggles_recency_cross_page_or_and_clear ... ok
2026-10-07T10:09:09.7854775Z test predicate_history::refused_inputs_reordering_and_stale_history_commands_do_not_mutate_recency ... ok
2026-10-07T10:09:09.8876608Z test parser_editors::changed_links_revalidate_current_class_capability_and_rollback_atomically ... ok
2026-10-07T10:09:09.9174417Z test preview_default_zoom::exact_real_preview_geometry_uses_preview_rules_and_keeps_full_viewer_zooms ... ok
2026-10-07T10:09:10.0676284Z test preview_default_zoom::actual_qt_choices_staged_cancel_save_reopen_and_independent_viewer_policy ... ok
2026-10-07T10:09:10.0690616Z test quick_export_directory::actual_file_submenu_enables_and_selects_quick_export_directory ... ok
2026-10-07T10:09:10.1554339Z test physical_delete_delay::real_constructor_cancel_acceptance_reopen_fields_and_concurrent_policy_replacement ... ok
2026-10-07T10:09:10.1895136Z test popup_width::qt_bounds_staging_cancel_loaded_normalisation_and_durable_reopen ... ok
2026-10-07T10:09:10.2066675Z test preview_default_zoom::retained_legacy_fallback_and_native_wins_survive_store_reopen ... ok
2026-10-07T10:09:10.3873266Z test ratings_editor::a_middle_click_count_sets_an_inc_dec_control_and_nothing_else ... ok
2026-10-07T10:09:10.4144513Z test radio_return::cancelled_staging_changed_save_and_unchanged_concurrent_apply_match_actual_options ... ok
2026-10-07T10:09:10.4484663Z test ratings_editor::the_manage_ratings_dialog_works_as_the_references_does ... ok
2026-10-07T10:09:10.5824904Z test recent_predicates::each_editor_shows_its_pages_recent_predicates ... ok
2026-10-07T10:09:10.6851054Z test recent_predicates::recent_predicates_are_kept_as_the_reference_keeps_them ... ok
2026-10-07T10:09:10.6876181Z test regex_favourites::favourite_rows_and_input_boundaries_match_real_qt ... ok
2026-10-07T10:09:10.6896299Z test regex_favourites::legacy_favourites_load_until_native_values_including_empty_are_saved ... ok
2026-10-07T10:09:10.6897771Z test regex_favourites::matcher_favourite_menu_matches_actual_qt_actions_and_copy_payloads ... ok
2026-10-07T10:09:10.6899396Z test regex_favourites::readonly_row_input_menu_uses_saved_pairs_without_recursive_management ... ok
2026-10-07T10:09:10.6900688Z test regex_favourites::regex_clipboard_components_match_real_qt ... ok
2026-10-07T10:09:10.7269096Z test recent_predicates::predicates_have_the_reference_s_type_numbers ... ok
2026-10-07T10:09:10.7279322Z test related_weights::folded_header_sorts_add_selection_and_independent_tables_match_actual_qt ... ok
2026-10-07T10:09:10.7302075Z test related_weights::namespace_questions_and_detached_tables_match_actual_qt ... ok
2026-10-07T10:09:10.7644155Z test rating_sizes::four_sizes_replay_qt_ranges_fractional_values_cancel_and_reopen ... ok
2026-10-07T10:09:10.7703748Z test recent_predicates::the_reference_s_recent_predicates_come_across ... ok
2026-10-07T10:09:10.7734007Z test related_weights::search_and_result_weights_change_actual_qt_cosine_ranking_separately ... ok
2026-10-07T10:09:10.7763932Z test search_log::exchange_questions_replay_actual_reference_answers_and_complete_objects ... ok
2026-10-07T10:09:10.7765155Z test search_log::the_search_log_is_the_references ... ok
2026-10-07T10:09:10.7820048Z test search_or::advanced_boolean_preview_replays_all_operators_escapes_and_real_validation ... ok
2026-10-07T10:09:10.7843745Z test search_or::staged_or_replays_actual_read_broadcasts_rewind_cancel_and_single_unwrap ... ok
2026-10-07T10:09:10.9416133Z test related_weights::binary64_result_rounding_and_sibling_contexts_replay_the_actual_db ... ok
2026-10-07T10:09:11.0182082Z test related_weights::options_acceptance_merges_only_weights_and_preserves_live_unrelated_preferences ... ok
2026-10-07T10:09:11.0205766Z test selection::selecting_thumbnails_is_the_reference_s ... ok
2026-10-07T10:09:11.1252755Z test services_editor::cancel_name_collision_and_apply_publish_snapshot ... ok
2026-10-07T10:09:11.1387880Z test selected_deletion_records::captured_clearable_records_match_actual_reference_changes_during_question ... ok
2026-10-07T10:09:11.2084324Z test related_weights::real_service_mappings_replay_recorded_ranks_and_never_cross_service ... ok
2026-10-07T10:09:11.2094346Z test services_editor::numerical_example_one_star_retains_live_conversion_but_saves_normalized_scale ... ok
2026-10-07T10:09:11.2099712Z test services_editor::numerical_settings_normalize_as_reference ... ok
2026-10-07T10:09:11.2127120Z test services_editor::rating_example_whole_widget_pointer_routes_replay_qt ... ok
2026-10-07T10:09:11.2248861Z test services_editor::nonempty_domain_race_rejects_and_rolls_back_all_edits ... ok
2026-10-07T10:09:11.2487855Z test services_editor::deletion_reconciles_deleted_union_and_display_counts ... ok
2026-10-07T10:09:11.2918404Z test selected_deletion_records::real_writer_later_batch_error_preserves_first_commit_and_remaining_records ... ok
2026-10-07T10:09:11.2935059Z test services_review::deleted_record_double_confirmation_matches_reference ... ok
2026-10-07T10:09:11.3531323Z test services_editor::writer_rechecks_last_domain_and_rating_limits ... ok
2026-10-07T10:09:11.4020658Z test services_editor::rating_examples_replay_qt_samples_live_configuration_and_no_saved_values ... ok
2026-10-07T10:09:11.4048161Z test session_lifecycle::autosave_replays_idle_retries_period_changes_and_stopping_for_other_startup ... ok
2026-10-07T10:09:11.4083783Z test session_lifecycle::idle_requires_boot_user_mouse_and_api_timeouts_and_enabled_normal_work ... ok
2026-10-07T10:09:11.4113783Z test session_lifecycle::real_auxiliary_dialog_mouse_and_api_actions_update_independent_idle_timers ... ok
2026-10-07T10:09:11.4143773Z test session_lifecycle::recovery_question_matches_real_startup_dialog_labels_message_and_auto_yes_time ... ok
2026-10-07T10:09:11.4163913Z test session_lifecycle::size_warning_replays_real_threshold_seed_weight_disabled_and_one_boot_latch ... ok
2026-10-07T10:09:11.4193854Z test session_saving::backup_menu_labels_match_the_reference ... ok
2026-10-07T10:09:11.4233606Z test session_saving::clear_and_load_asks_as_the_references_does ... ok
2026-10-07T10:09:11.4263593Z test session_saving::saving_sessions_asks_and_saves_as_the_reference ... ok
2026-10-07T10:09:11.4293580Z test session_weight::the_report_weighs_files_as_one_and_urls_as_twenty ... ok
2026-10-07T10:09:11.4323597Z test set_password::scripted_answers_ask_and_save_as_the_reference ... ok
2026-10-07T10:09:11.4353775Z test shortcut_capture::actual_qt_keyboard_and_mouse_controls_replay_exact_values_text_and_modes ... ok
2026-10-07T10:09:11.4383791Z test shortcut_capture::saved_keypad_policy_preserves_digits_and_resolves_non_number_alternates ... ok
2026-10-07T10:09:11.4810730Z test services_editor::reference_rows_guards_and_defaults ... ok
2026-10-07T10:09:11.5403250Z test services_review::review_matches_reference_statistics ... ok
2026-10-07T10:09:11.5423715Z test shortcut_content::the_editor_builds_and_reads_back_commands ... ok
2026-10-07T10:09:11.5509428Z test shortcut_sets::a_new_client_has_the_reference_s_default_sets ... ok
2026-10-07T10:09:11.5533670Z test shortcut_sets::custom_sets_are_named_apart_deleted_and_defaults_restored ... ok
2026-10-07T10:09:11.5545482Z test shortcut_sets::names_order_and_descriptions_are_the_reference_s ... ok
2026-10-07T10:09:11.5552041Z test shutdown_work::shutdown_work_runs_asks_or_skips_as_the_reference_decides ... ok
2026-10-07T10:09:11.5624430Z test services_review::local_bulk_actions_match_recorded_confirmations_and_reject_wrong_service ... ok
2026-10-07T10:09:11.6119421Z test shortcut_content::a_tag_is_added_then_flipped_off ... ok
2026-10-07T10:09:11.6741791Z test shutdown_work::the_work_analyzes_the_due_tables_and_registers_itself ... ok
2026-10-07T10:09:11.6791149Z test shortcut_content::ratings_set_flip_and_step ... ok
2026-10-07T10:09:11.7447163Z test sidecar_descriptions::routers_are_described_as_the_reference_describes_them ... ok
2026-10-07T10:09:11.8525746Z test sidecar_editors::json_object_name_queue_replays_literal_reference_rows_and_exporter_values ... ok
2026-10-07T10:09:11.8606829Z test sidecar_editors::recorded_router_queue_restrictions_veto_wrong_direction_and_sources ... ok
2026-10-07T10:09:11.8844006Z test sibling_colours::qt_collapsed_parent_suffix_keeps_its_own_fade_and_ideal_trailing_colour ... ok
2026-10-07T10:09:12.0125661Z test sidecar_editors::recorded_router_tables_and_child_strings_use_real_sidecars_and_read_only_media ... ok
2026-10-07T10:09:12.0695167Z test sibling_connector::connector_options_replay_stage_cancel_apply_and_live_consumers ... ok
2026-10-07T10:09:12.1333186Z test sidecar_editors::the_sidecar_editors_show_and_edit_as_the_reference_does ... ok
2026-10-07T10:09:12.2237630Z test sidecar_previews::each_files_sidecars_are_shown_as_the_reference_shows_them ... ok
2026-10-07T10:09:12.2345086Z test string_converter_editor::date_controls_and_live_preview_follow_real_qt_accept_cancel_and_reorder ... ok
2026-10-07T10:09:12.2373727Z test string_converter_editor::last_conversion_loads_reference_options_then_native_override ... ok
2026-10-07T10:09:12.2513868Z test string_converter_editor::the_string_converter_editor_works_as_the_references_does ... ok
2026-10-07T10:09:12.2568783Z test string_match_editor::the_string_match_editor_works_as_the_references_does ... ok
2026-10-07T10:09:12.2570188Z test string_processor_editor::processor_exchange_appends_reference_steps_and_rejects_invalid_data_atomically ... ok
2026-10-07T10:09:12.2679274Z test string_processor_editor::the_string_processor_editor_works_as_the_references_does ... ok
2026-10-07T10:09:12.2703717Z test string_tag_filter_tests::a_tag_filter_step_tests_its_example_as_the_references_does ... ok
2026-10-07T10:09:12.3299860Z test sort_cog::actual_sidebar_availability_and_independent_collect_service_checks ... ok
2026-10-07T10:09:12.3391098Z test subscription_exchange::missing_history_question_matches_actual_qt_message_title_and_decisions ... ok
2026-10-07T10:09:12.3707924Z test subscription_exchange::draft_log_changes_export_exact_reference_counts_examples_and_complete_histories ... ok
2026-10-07T10:09:12.3779866Z test subscription_exchange::unsupported_seed_runtime_data_leaves_the_entire_owner_draft_unchanged ... ok
2026-10-07T10:09:12.3839107Z test subscription_import_options::subscription_paste_modes_and_clear_match_recorded_reference_outputs ... ok
2026-10-07T10:09:12.4270652Z test sort_cog::menus_replay_service_order_separators_views_checks_and_full_context_preservation ... ok
2026-10-07T10:09:12.4290733Z test subscriptions_buttons::batch_merge_reserves_names_after_absorption_and_keeps_successor_edits ... ok
2026-10-07T10:09:12.4344118Z test subscription_exchange::staged_full_subscription_import_resolves_names_and_persists_both_histories ... ok
2026-10-07T10:09:12.4413706Z test subscriptions_dedupe::deduplicate_asks_and_dedupes_as_the_reference ... ok
2026-10-07T10:09:12.4696132Z test subscriptions_list::the_dialogs_buttons_act_as_the_references ... ok
2026-10-07T10:09:12.4735675Z test subscriptions_list::the_list_sorts_by_the_column_chosen ... ok
2026-10-07T10:09:12.4823682Z test subscriptions_list::the_lists_rows_are_the_references ... ok
2026-10-07T10:09:12.4853564Z test subscriptions_buttons::the_other_buttons_act_as_the_references ... ok
2026-10-07T10:09:12.4855133Z test system_or_activation::actual_system_activation_replays_shift_cancel_drafts_and_outer_acceptance ... ok
2026-10-07T10:09:12.4856377Z test tab_context::menus_expose_six_sorts_and_only_possible_moves ... ok
2026-10-07T10:09:12.4868104Z test tab_context::notebook_session_submenus_match_actual_tab_popup_reserved_name_rules ... ok
2026-10-07T10:09:12.4883564Z test tab_context::sorts_and_moves_match_the_reference ... ok
2026-10-07T10:09:12.4913989Z test tab_drag::drag_threshold_disabled_and_cancel_are_owned_and_deterministic ... ok
2026-10-07T10:09:12.4943621Z test tab_context::dynamic_close_select_move_and_sort_menus_match_real_reference ... ok
2026-10-07T10:09:12.4945178Z test tab_drag::real_drop_order_and_independent_shift_decisions_preserve_the_source_object ... ok
2026-10-07T10:09:12.5484603Z test sibling_colours::qt_sibling_colours_stage_cancel_apply_reopen_and_all_live_model_runs ... ok
2026-10-07T10:09:12.5533751Z test tab_presentation::middle_names_replay_actual_qt_paint_without_changing_stored_names ... ok
2026-10-07T10:09:12.5879632Z test tag_banner::detached_banner_drafts_match_actual_qt_queue_and_live_preview ... ok
2026-10-07T10:09:12.7138412Z test subscription_quality::durable_logs_and_current_file_states_match_reference_quality_outputs ... ok
2026-10-07T10:09:12.7163742Z test tag_banner::option_banner_children_stage_by_original_target_and_save_only_with_parent ... ok
2026-10-07T10:09:12.7193892Z test tag_banner::unicode_decimal_chunk_order_and_live_preview_match_actual_qt ... ok
2026-10-07T10:09:12.7744473Z test tab_drag::independent_drag_preferences_replay_exact_qt_options_cancel_save_and_reopen ... ok
2026-10-07T10:09:12.9967189Z test tag_dialog_preferences::options_defaults_stage_cancel_apply_and_preserve_autocomplete_preferences ... ok
2026-10-07T10:09:13.0837368Z test tag_dialog_defaults::tag_service_defaults_and_immediate_memory_replay_reference_dialogs ... ok
2026-10-07T10:09:13.1712411Z test tag_display::deleting_the_last_applied_source_preserves_disabled_self_rules ... ok
2026-10-07T10:09:13.2476791Z test tag_display::staged_interlocks_match_reference ... ok
2026-10-07T10:09:13.2478193Z test tag_display::widget_options_gate_gui_queries_only ... ok
2026-10-07T10:09:13.4891000Z test tag_display::queues_disable_reorder_reopen_counts_daemon_and_clear_filter ... ok
2026-10-07T10:09:13.4969267Z test tag_filter_editor::the_editor_shows_and_edits_a_filter_as_the_reference_does ... ok
2026-10-07T10:09:13.5663727Z test tag_display::write_autocomplete_uses_override_or_launcher_domain_and_rejects_tag_locations ... ok
2026-10-07T10:09:13.5684310Z test tag_filter_favourites::reference_bulk_paste_and_extra_blacklist_panels_keep_rule_and_test_semantics ... ok
2026-10-07T10:09:13.5704940Z test tag_dialog_preferences::storage_rows_and_service_topologies_replay_all_reference_combinations ... ok
2026-10-07T10:09:13.5917238Z test tag_filter_favourites::concurrent_favourite_saves_merge_and_invalid_exchange_cannot_change_settings ... ok
2026-10-07T10:09:13.6796313Z test tag_filter_favourites::reference_favourite_workflow_preserves_cancelled_drafts_and_saves_immediately ... ok
2026-10-07T10:09:13.6817546Z test tag_migration::migration_popup_speed_and_phase_text_replay_actual_qt_outputs ... ok
2026-10-07T10:09:13.6834097Z test tag_migration::archive_inspection_choices_cancellation_and_count_summaries_match_qt ... ok
2026-10-07T10:09:13.6944418Z test tab_presentation::legacy_defaults_and_staged_controls_replay_actual_options_then_reopen ... ok
2026-10-07T10:09:13.7814573Z test tag_migration::reference_choices_and_second_confirmation ... ok
2026-10-07T10:09:13.8950955Z test tag_migration::pair_summary_replays_equal_asymmetric_and_equal_text_distinct_filters ... ok
2026-10-07T10:09:14.0006193Z test tag_namespace_order::namespace_changes_merge_with_concurrent_presentation_edits_and_unchanged_list ... ok
2026-10-07T10:09:14.0049942Z test tag_namespace_order::raw_allow_blank_queue_actions_and_all_tag_sorts_match_qt ... ok
2026-10-07T10:09:14.0422310Z test tag_migration::reference_database_pending_outcomes ... ok
2026-10-07T10:09:14.1250803Z test tag_relationships::apply_republishes_graphs_and_counts_atomically_and_rolls_back_errors ... ok
2026-10-07T10:09:14.1345243Z test tag_relationships::changes_refresh_other_services_applying_the_source ... ok
2026-10-07T10:09:14.1398404Z test tag_list_display_types::exact_choices_stage_cancel_apply_reopen_and_preserve_old_payload_defaults ... ok
2026-10-07T10:09:14.2280314Z test tag_relationships::per_service_inputs_cancel_import_and_selection ... ok
2026-10-07T10:09:14.2295296Z test tag_relationships::invalid_batch_graphs_are_reported_and_leave_valid_relationships_untouched ... ok
2026-10-07T10:09:14.2297277Z test tag_suggestions::broadcast_keeps_selected_tag_identity_but_switching_services_retires_selection ... ok
2026-10-07T10:09:14.3284376Z test tag_relationships::repository_changes_keep_reasons_and_rescinds_across_reopen ... ok
2026-10-07T10:09:14.3286002Z test tag_migration::reference_database_pair_filters_and_destinations ... ok
2026-10-07T10:09:14.4146523Z test tag_sync_review::a_service_counts_its_rules ... ok
2026-10-07T10:09:14.4173940Z test tag_sync_review::the_status_follows_the_sync_switches ... ok
2026-10-07T10:09:14.5159503Z test tag_relationships::reference_rows_questions_conflicts_and_loops ... ok
2026-10-07T10:09:14.5165827Z test thumbnail_cache::byte_amount_unit_decomposition_matches_real_qt_controls ... ok
2026-10-07T10:09:14.5203127Z test thumbnail_cache::byte_lru_soft_overflow_timeout_touch_policy_and_clear_match_actual_reference ... ok
2026-10-07T10:09:14.6978434Z test tag_suggestions::most_used_options_merge_per_service_and_reach_filtered_add_only_media ... ok
2026-10-07T10:09:14.8037926Z test thumbnail_cache::independent_options_edits_merge_with_a_newer_saved_timeout ... ok
2026-10-07T10:09:14.8067324Z test thumbnail_maintenance::jobs_are_in_the_reference_s_order_with_its_words ... ok
2026-10-07T10:09:14.8088581Z test thumbnail_maintenance::questions_follow_the_selection_size ... ok
2026-10-07T10:09:14.8115534Z test thumbnail_navigation::exact_visibility_boundaries_and_rate_ties_negative_zero_and_errors_match_qt ... ok
2026-10-07T10:09:14.8117489Z test thumbnail_navigation::optional_last_hit_origin_preserves_actual_ranges_focus_and_repeated_navigation ... ok
2026-10-07T10:09:14.8234094Z test tag_suggestions::layout_and_default_choices_replay_all_recorded_available_pages_without_eager_writes ... ok
2026-10-07T10:09:14.9024249Z test thumbnail_cache::raw_timeout_is_preserved_until_its_minute_fields_are_edited ... ok
2026-10-07T10:09:14.9204118Z test thumbnail_preview_selection::all_qt_modifier_ranges_focus_anchor_ghost_and_keyboard_publications ... ok
2026-10-07T10:09:14.9271386Z test thumbnail_appearance::actual_defaults_cancel_raw_paths_reopen_and_current_field_merge ... ok
2026-10-07T10:09:14.9302088Z test thumbnail_ratings::a_counter_is_as_wide_as_the_reference_s ... ok
2026-10-07T10:09:14.9345775Z test thumbnail_ratings::a_fraction_is_written_as_the_reference_writes_it ... ok
2026-10-07T10:09:14.9360318Z test thumbnail_preview_selection::exact_singleton_zero_and_collection_aggregate_duration_eligibility ... ok
2026-10-07T10:09:15.1978121Z test thumbnail_ratings::numerical_ratings_shapes_are_placed_as_the_reference_s_are ... ok
2026-10-07T10:09:15.2332146Z test thumbnail_ratings::ratings_of_a_kind_share_a_row ... ok
2026-10-07T10:09:15.2335623Z test times_editor::a_file_modified_time_before_1980_stays_off_a_windows_disk ... ok
2026-10-07T10:09:15.2390386Z test times_editor::the_manage_times_dialog_works_as_the_references_does ... ok
2026-10-07T10:09:15.5456944Z test unselected_tag_cap::recorded_bounds_none_zero_cancel_and_saved_preferences ... ok
2026-10-07T10:09:15.5484894Z test urls_editor::the_manage_urls_dialog_works_as_the_references_does ... ok
2026-10-07T10:09:15.5486683Z test vacuum_review::a_row_says_size_free_space_and_readiness ... ok
2026-10-07T10:09:15.5489546Z test vacuum_review::estimates_read_as_the_reference_s ... ok
2026-10-07T10:09:15.5506457Z test viewer_closing::closing_actions_match_real_reference_notification_order ... ok
2026-10-07T10:09:15.5510683Z test viewer_cursor::actual_cursor_checks_match_reference_clock_focus_menu_and_motion ... ok
2026-10-07T10:09:15.6609928Z test viewer_drag::anchor_options_remain_drafts_until_apply_and_survive_reopen ... ok
2026-10-07T10:09:15.6621976Z test viewer_drag::anchored_and_touch_overridden_drags_replay_actual_qt_threshold_and_warps ... ok
2026-10-07T10:09:15.6714555Z test viewer_prefetch::actual_atomic_finished_only_flush_preserves_all_entries_on_failure ... ok
2026-10-07T10:09:15.6799104Z test viewer_prefetch::actual_pending_loaded_recounts_equality_unknown_and_one_miss_passes ... ok
2026-10-07T10:09:15.6884143Z test viewer_prefetch::all_actual_circular_next_first_neighbour_orders_and_controls ... ok
2026-10-07T10:09:15.7034743Z test thumbnail_navigation::staged_exact_controls_import_cancel_invalid_rate_save_and_reopen_match_qt ... ok
2026-10-07T10:09:15.7047480Z test viewer_shortcut_menu::custom_sets_flip_on_and_off_in_order ... ok
2026-10-07T10:09:15.8100793Z test viewer_prefetch::legacy_native_wins_and_normalized_passive_apply_preserves_concurrent_fields ... ok
2026-10-07T10:09:15.8124422Z test viewer_tag_wheel::parent_wheel_gates_replay_actual_qt_boundaries_and_directions ... ok
2026-10-07T10:09:15.8231521Z test viewer_tag_wheel::four_policy_choices_stage_cancel_save_and_reopen_with_reference_labels ... ok
2026-10-07T10:09:15.8925289Z test viewing_maintenance::cull_reads_current_rules_and_a_preview_validation_failure_preserves_media_rows ... ok
2026-10-07T10:09:15.9008808Z test viewing_statistics::completed_view_policy_matches_real_manager_caps_minima_durations_and_filter_switches ... ok
2026-10-07T10:09:15.9118391Z test thumbnail_ratings::the_ratings_over_thumbnails_are_the_references ... ok
2026-10-07T10:09:15.9135696Z test viewing_statistics::preview_timed_policy_matches_actual_manager_and_keeps_its_own_canvas_category ... ok
2026-10-07T10:09:16.0322241Z test viewing_maintenance::reference_clear_cull_questions_rules_errors_and_real_reopened_media_match ... ok
2026-10-07T10:09:16.0394581Z test viewing_statistics::preview_options_replay_actual_none_bounds_conversion_and_cancelled_parent ... ok
2026-10-07T10:09:16.0438049Z test thumbnail_preview_selection::actual_defaults_disabled_values_cancel_reopen_and_edited_field_merge ... ok
2026-10-07T10:09:16.0850515Z test viewing_statistics::timing_controls_replay_qt_bounds_none_and_millisecond_conversion ... ok
2026-10-07T10:09:16.0852316Z test window_rescue::actual_visibility_corner_order_fuzzy_tests_and_fallback_match_qt ... ok
2026-10-07T10:09:16.1124313Z test viewing_statistics::viewing_menu_controls_match_qt_and_preserve_the_parent_draft ... ok
2026-10-07T10:09:16.2521520Z test viewing_statistics::tracker_counts_once_on_change_or_close_reads_live_policy_and_preserves_latest_start ... ok
2026-10-07T10:09:16.3019283Z test viewtime_milliseconds::editor_and_imported_predicates_match_reference_millisecond_queries ... ok
2026-10-07T10:09:16.3578005Z test write_autocomplete::children_limit_option_matches_reference_and_persists_only_accepted_drafts ... ok
2026-10-07T10:09:16.5124559Z test write_autocomplete::clipboard_additions_keep_existing_text_and_result_selection ... ok
2026-10-07T10:09:16.5487606Z test write_autocomplete::detached_import_tag_lists_replay_reference_and_never_mutate_caller ... ok
2026-10-07T10:09:16.5699222Z test window_rescue::staged_bounds_import_cancel_persistence_and_reopen_match_actual_qt ... ok
2026-10-07T10:09:16.6294755Z test write_autocomplete::exact_rows_counts_domains_decorations_and_first_selection_match_reference ... ok
2026-10-07T10:09:16.7609387Z test write_autocomplete::favourite_and_count_ordered_children_tabs_replay_reference_caps_and_context ... ok
2026-10-07T10:09:16.8425376Z test write_autocomplete::paste_questions_skip_and_add_only_staging_follow_reference ... ok
2026-10-07T10:09:16.8597660Z test write_autocomplete::favourite_options_replay_add_only_choices_and_parent_transaction ... ok
2026-10-07T10:09:16.8993235Z test write_autocomplete::read_favourite_and_children_tabs_replay_real_qt_lists_and_context_changes ... ok
2026-10-07T10:09:17.0398798Z test write_autocomplete::recorded_logical_selection_ranges_parent_hits_and_batch_activation ... ok
2026-10-07T10:09:17.0924361Z test write_autocomplete::relationship_inputs_replay_real_add_only_paste_and_opposite_side_removal ... ok
2026-10-07T10:09:17.1174209Z test write_autocomplete::seeded_relationship_editors_replay_service_defaults_memory_and_cancel ... ok
2026-10-07T10:09:17.1526408Z test write_autocomplete::six_write_options_replay_recorded_defaults_and_stay_staged_until_apply ... ok
2026-10-07T10:09:17.2593215Z test write_autocomplete::tag_menu_copy_decorations_favourites_and_launch_replay_real_qt_actions ... ok
2026-10-07T10:09:17.2612079Z test write_autocomplete::write_domain_menus_and_interlocks_replay_reference_without_persisting_options ... ok
2026-10-07T10:09:17.2613164Z 
2026-10-07T10:09:17.2613624Z test result: ok. 525 passed; 0 failed; 0 ignored; 0 measured; 0 filtered out; finished in 20.07s
2026-10-07T10:09:17.2614246Z 
2026-10-07T10:09:17.2669097Z [1m[92m     Running[0m unittests src/lib.rs (target/debug/deps/hydrus_net-f9a86f8ab507ac73)
2026-10-07T10:09:17.2688464Z 
2026-10-07T10:09:17.2688651Z running 14 tests
2026-10-07T10:09:17.2693275Z test cookies::tests::sends_matching_cookies_longest_path_first ... ok
2026-10-07T10:09:17.2694096Z test cookies::tests::reads_set_cookie_like_cookiejar ... ok
2026-10-07T10:09:17.2698570Z test engine::reload_tests::automatic_control_override_has_strict_five_second_boundary_and_sticks ... ok
2026-10-07T10:09:17.2919948Z test engine::reload_tests::connection_retry_skip_is_consumed_once_and_unrelated_wakes_do_not_skip ... ok
2026-10-07T10:09:17.2921618Z test engine::reload_tests::independent_auto_override_owners_do_not_disable_each_other ... ok
2026-10-07T10:09:17.2923421Z test engine::reload_tests::job_speed_samples_the_current_second_and_expires_at_rollover ... ok
2026-10-07T10:09:17.3674745Z test engine::reload_tests::changed_options_are_picked_up ... ok
2026-10-07T10:09:17.3808690Z test engine::reload_tests::options_unchanged_keep_their_slots ... ok
2026-10-07T10:09:17.3944736Z test engine::reload_tests::formatting_refresh_keeps_a_bandwidth_wait_and_its_usage_and_cancel_reason ... ok
2026-10-07T10:09:17.3961009Z test engine::reload_tests::formatting_refresh_wakes_a_pending_gallery_label_and_preserves_its_token_and_job ... ok
2026-10-07T10:09:17.3962302Z test text::tests::decodes_by_header_then_utf8_then_meta_then_guess ... ok
2026-10-07T10:09:17.4551909Z test engine::reload_tests::runtime_domain_scrub_wakes_a_registered_domain_gate_and_preserves_unrelated_errors ... ok
2026-10-07T10:09:17.4592233Z test engine::reload_tests::sleep_detection_obeys_threshold_delay_and_disabled_pending_wait ... ok
2026-10-07T10:09:17.4964126Z test engine::reload_tests::saved_formatting_replays_actual_backend_waits_and_reopens_without_changing_rules ... ok
2026-10-07T10:09:17.4964679Z 
2026-10-07T10:09:17.4964969Z test result: ok. 14 passed; 0 failed; 0 ignored; 0 measured; 0 filtered out; finished in 0.23s
2026-10-07T10:09:17.4965340Z 
2026-10-07T10:09:17.4982313Z [1m[92m     Running[0m tests/engine.rs (target/debug/deps/engine-5919fe9044c0ba45)
2026-10-07T10:09:17.5003584Z 
2026-10-07T10:09:17.5003771Z running 25 tests
2026-10-07T10:09:17.8263190Z test a_job_ends_as_the_references_do_and_has_a_speed ... ok
2026-10-07T10:09:18.6275105Z test a_domain_with_several_serious_errors_waits ... ok
2026-10-07T10:09:18.7647457Z test cancels ... ok
2026-10-07T10:09:18.8485322Z test deleting_history_discards_stale_flushes_resets_live_limits_and_wakes_waiters ... ok
2026-10-07T10:09:18.9916072Z test disabling_sleep_detection_reloads_and_releases_pending_requests ... ok
2026-10-07T10:09:19.0341933Z test gives_up_on_redirect_loops_and_dead_servers ... ok
2026-10-07T10:09:19.8787700Z test boot_pause_blocks_real_requests_and_resume_does_not_reset_the_preference ... ok
2026-10-07T10:09:19.9151479Z test keeps_cookies_through_redirects ... ok
2026-10-07T10:09:21.9533569Z test nothing_goes_out_while_all_new_network_traffic_is_paused ... ok
2026-10-07T10:09:21.9936840Z test requests_go_through_the_clients_proxy ... ok
2026-10-07T10:09:22.0233280Z test independent_engines_add_new_usage_without_replacing_each_other_or_double_counting ... ok
2026-10-07T10:09:22.0597755Z test resumes_files_with_ranged_requests ... ok
2026-10-07T10:09:22.1114895Z test runtime_cog_connection_override_releases_only_the_current_retry ... ok
2026-10-07T10:09:22.1829839Z test runtime_cog_gallery_override_does_not_release_other_gallery_waiters ... ok
2026-10-07T10:09:22.2337274Z test runtime_cog_server_retry_domain_scrub_and_retained_error ... ok
2026-10-07T10:09:22.2844779Z test runtime_live_transfer_progress_and_usage_precede_the_durable_save ... ok
2026-10-07T10:09:22.3651810Z test runtime_override_releases_a_live_bandwidth_wait_and_counts_usage ... ok
2026-10-07T10:09:22.4628600Z test runtime_registry_cancellation_ipc_and_dropped_fetch ... ok
2026-10-07T10:09:22.5105531Z test saved_byte_precision_reaches_both_real_overlength_errors_after_reload ... ok
2026-10-07T10:09:22.5456249Z test sends_the_clients_headers ... ok
2026-10-07T10:09:22.5839174Z test statuses_become_errors_or_retries ... ok
2026-10-07T10:09:22.6239137Z test a_header_awaiting_approval_holds_its_requests ... ok
2026-10-07T10:09:22.6253674Z test url_class_overrides_and_no_range_for_posts ... ok
2026-10-07T10:09:23.0305453Z test requests_wait_a_little_after_the_computer_wakes ... ok
2026-10-07T10:09:24.0541266Z test bandwidth_rules_space_out_requests_and_count_their_data ... ok
2026-10-07T10:09:24.0541644Z 
2026-10-07T10:09:24.0541914Z test result: ok. 25 passed; 0 failed; 0 ignored; 0 measured; 0 filtered out; finished in 6.55s
2026-10-07T10:09:24.0542295Z 
2026-10-07T10:09:24.0560876Z [1m[92m     Running[0m tests/login.rs (target/debug/deps/login-d97655e61474ced9)
2026-10-07T10:09:24.0581541Z 
2026-10-07T10:09:24.0581706Z running 14 tests
2026-10-07T10:09:24.1783386Z test cancellation_stops_an_active_request_and_keeps_partial_results ... ok
2026-10-07T10:09:24.1908483Z test abandoned_unpolled_login_worker_releases_metadata_and_the_shared_admission_gate ... ok
2026-10-07T10:09:24.2470327Z test confirmed_login_reset_reaches_an_existing_http_engine_and_keeps_other_sessions ... ok
2026-10-07T10:09:24.2837023Z test completed_step_is_delivered_before_later_http_and_survives_wait_cancellation ... ok
2026-10-07T10:09:24.2866041Z test final_outcomes_guard_script_identity_and_preserve_domain_preferences ... ok
2026-10-07T10:09:24.5735506Z test demand_eligibility_replays_actual_reference_domains_cookies_errors_and_key_fallback ... ok
2026-10-07T10:09:24.6792704Z test global_process_cancel_uses_its_owner_id_and_persists_reference_delay_without_a_second_step ... ok
2026-10-07T10:09:24.7193351Z test invalid_demand_waits_for_ordinary_jobs_and_cancels_subscription_with_recorded_note ... ok
2026-10-07T10:09:24.9571958Z test real_http_steps_replay_reference_tokens_cookie_checks_veto_401_and_cancel ... ok
2026-10-07T10:09:24.9573243Z test request_plan_replaces_www_and_orders_static_credentials_then_temporary_values ... ok
2026-10-07T10:09:24.9923220Z test shared_login_session_state_replays_required_cookie_expiry_and_reset ... ok
2026-10-07T10:09:26.1959827Z test automatic_demand_replays_reference_http_and_reuses_one_connection_slot ... ok
2026-10-07T10:09:26.2487450Z test cancelled_trigger_keeps_reference_global_login_alive_for_another_engine ... ok
2026-10-07T10:09:28.3909920Z test forced_manual_login_serializes_demand_across_independently_opened_engines ... ok
2026-10-07T10:09:28.3910610Z 
2026-10-07T10:09:28.3911082Z test result: ok. 14 passed; 0 failed; 0 ignored; 0 measured; 0 filtered out; finished in 4.33s
2026-10-07T10:09:28.3911684Z 
2026-10-07T10:09:28.3934233Z [1m[92m     Running[0m unittests src/lib.rs (target/debug/deps/hydrus_search-2cc7af08605d6765)
2026-10-07T10:09:28.3955193Z 
2026-10-07T10:09:28.3955455Z running 57 tests
2026-10-07T10:09:28.3961879Z test entry::tests::counters_are_known_by_key_and_by_name_in_any_case ... ok
2026-10-07T10:09:28.3962458Z test entry::tests::ratings_by_key_sort_by_their_service_s_name ... ok
2026-10-07T10:09:28.3979014Z test api::tests::negation_wildcards_and_namespaces ... ok
2026-10-07T10:09:28.3980598Z test exec::numbers::tests::exclusions_and_edges ... ok
2026-10-07T10:09:28.3983835Z test exec::numbers::tests::counts_match_the_reference_lambda ... ok
2026-10-07T10:09:28.3984808Z test exec::sort::tests::a_page_s_ties_keep_its_order_and_its_files_without_values_its_default ... ok
2026-10-07T10:09:28.3986058Z test exec::sort::tests::colour_keys_match_the_reference ... ok
2026-10-07T10:09:28.3989001Z test exec::numbers::tests::open_ranges_are_strict ... ok
2026-10-07T10:09:28.3989755Z test exec::sort::tests::ties_keep_id_order_in_both_directions ... ok
2026-10-07T10:09:28.3990707Z test exec::tags::tests::like_follows_sqlite ... ok
2026-10-07T10:09:28.3994428Z test exec::tags::tests::matching_uses_the_searchable_form ... ok
2026-10-07T10:09:28.3995316Z test exec::tags::tests::patterns_follow_the_reference_modes ... ok
2026-10-07T10:09:28.4013140Z test exec::tags::tests::successors_bound_prefix_ranges ... ok
2026-10-07T10:09:28.4033717Z test exec::sort::tests::sort_codes_match_the_reference ... ok
2026-10-07T10:09:28.4053353Z test api::tests::rejects_bad_input ... ok
2026-10-07T10:09:28.4056180Z test api::tests::documented_example ... ok
2026-10-07T10:09:28.4877776Z test exec::tests::a_page_s_fallback_sort_orders_its_sort_s_ties ... ok
2026-10-07T10:09:28.4933776Z test exec::tests::import_time_sorts_agree_whether_probed_or_from_the_cached_order ... ok
2026-10-07T10:09:28.4934810Z test exec::tests::constructed_predicates_without_text_syntax_work ... ok
2026-10-07T10:09:28.4939770Z test exec::tests::limits_apply_after_sorting ... ok
2026-10-07T10:09:28.5641021Z test exec::tests::every_term_is_understood_by_the_model ... ok
2026-10-07T10:09:28.6064058Z test exec::tests::saved_collect_tag_domains_group_files_as_the_reference_does ... ok
2026-10-07T10:09:28.8738838Z test exec::tests::searches_see_added_tags_as_the_reference_did ... ok
2026-10-07T10:09:29.1452319Z test exec::tests::searches_see_file_lifecycle_changes_as_the_reference_did ... ok
2026-10-07T10:09:29.1456745Z test exec::time::tests::ages_subtract_days_then_months_with_clamping ... ok
2026-10-07T10:09:29.1463857Z test exec::time::tests::dates_are_local_days ... ok
2026-10-07T10:09:29.1464703Z test exec::time::tests::today_is_the_local_date ... ok
2026-10-07T10:09:29.1471725Z test filetype_tests::tests::complete_classes_are_summarised ... ok
2026-10-07T10:09:29.3604047Z test filetype_tests::tests::filetype_words_match_reference_implementation ... ok
2026-10-07T10:09:29.3621161Z test filetype_tests::tests::general_classes_match_reference_implementation ... ok
2026-10-07T10:09:29.3628188Z test filetype_tests::tests::partial_classes_stay_specific ... ok
2026-10-07T10:09:29.3664145Z test filetype_tests::tests::searchable_mimes_match_reference_implementation ... ok
2026-10-07T10:09:29.3665620Z test media::tests::number_tests_treat_missing_values_like_the_reference ... ok
2026-10-07T10:09:29.3687703Z test media::tests::wildcards_match_whole_tags ... ok
2026-10-07T10:09:29.3690523Z test parse::date::tests::ages ... ok
2026-10-07T10:09:29.3707811Z test parse::date::tests::dates ... ok
2026-10-07T10:09:29.3708428Z test parse::date::tests::operator_words ... ok
2026-10-07T10:09:29.3709283Z test parse::names::tests::every_pattern_compiles ... ok
2026-10-07T10:09:29.3710290Z test parse::names::tests::order_decides_between_overlapping_names ... ok
2026-10-07T10:09:29.3711245Z test parse::rating::tests::advanced_selections ... ok
2026-10-07T10:09:29.3712137Z test parse::rating::tests::like_ignores_operators ... ok
2026-10-07T10:09:29.3716041Z test parse::rating::tests::operator_is_found_before_the_value ... ok
2026-10-07T10:09:29.3720912Z test parse::tag_advanced::tests::empty_tags_are_rejected ... ok
2026-10-07T10:09:29.3743642Z test parse::tag_advanced::tests::splits_on_the_first_unquoted_colon ... ok
2026-10-07T10:09:29.3761155Z test parse::tag_advanced::tests::status_words_match_reference_implementation ... ok
2026-10-07T10:09:29.3762132Z test parse::text::tests::maps_lowercase_slices_back_to_the_original ... ok
2026-10-07T10:09:29.3768111Z test parse::text::tests::parses_unicode_decimal_digits_like_python ... ok
2026-10-07T10:09:29.3770020Z test parse::text::tests::rejects_non_system_text ... ok
2026-10-07T10:09:29.3772235Z test parse::text::tests::strips_python_whitespace ... ok
2026-10-07T10:09:29.3786469Z test parse::text::tests::widens_whitespace_classes ... ok
2026-10-07T10:09:29.3787711Z test parse::values::tests::durations ... ok
2026-10-07T10:09:29.3793529Z test parse::values::tests::filetype_lists ... ok
2026-10-07T10:09:29.3795635Z test parse::values::tests::numbers_allow_commas_and_has ... ok
2026-10-07T10:09:29.3796893Z test parse::values::tests::size_units_match_the_first_spelling ... ok
2026-10-07T10:09:29.5862329Z test exec::tests::executor_agrees_with_the_naive_model ... ok
2026-10-07T10:09:30.0738114Z test exec::tests::owned_sort_contexts_replay_default_fallback_cogs_for_files_and_collections ... ok
2026-10-07T10:09:31.4713417Z test exec::tests::pages_collect_as_the_reference_s_pages_collect ... ok
2026-10-07T10:09:31.4713808Z 
2026-10-07T10:09:31.4714088Z test result: ok. 57 passed; 0 failed; 0 ignored; 0 measured; 0 filtered out; finished in 3.08s
2026-10-07T10:09:31.4714460Z 
2026-10-07T10:09:31.4743035Z [1m[92m     Running[0m tests/file_search_options.rs (target/debug/deps/file_search_options-07be49b2cc9c8d33)
2026-10-07T10:09:31.4763747Z 
2026-10-07T10:09:31.4763962Z running 2 tests
2026-10-07T10:09:31.4784235Z test database_sort_eligibility_matches_each_reference_system_sort_and_location ... ok
2026-10-07T10:09:31.5943419Z test implicit_limit_and_explicit_override_match_reference_database_queries ... ok
2026-10-07T10:09:31.5944021Z 
2026-10-07T10:09:31.5944372Z test result: ok. 2 passed; 0 failed; 0 ignored; 0 measured; 0 filtered out; finished in 0.12s
2026-10-07T10:09:31.5944954Z 
2026-10-07T10:09:31.5954721Z [1m[92m     Running[0m tests/media_tests.rs (target/debug/deps/media_tests-2e886f36e21b4058)
2026-10-07T10:09:31.5973064Z 
2026-10-07T10:09:31.5973252Z running 2 tests
2026-10-07T10:09:31.7405924Z test comparable_values_match_the_reference ... ok
2026-10-07T10:09:31.7915514Z test predicates_match_the_same_files_as_in_the_reference ... ok
2026-10-07T10:09:31.7915856Z 
2026-10-07T10:09:31.7916112Z test result: ok. 2 passed; 0 failed; 0 ignored; 0 measured; 0 filtered out; finished in 0.19s
2026-10-07T10:09:31.7916493Z 
2026-10-07T10:09:31.7934694Z [1m[92m     Running[0m tests/predicate_entry.rs (target/debug/deps/predicate_entry-316968e66572cf2b)
2026-10-07T10:09:31.7948185Z 
2026-10-07T10:09:31.7948328Z running 3 tests
2026-10-07T10:09:31.7978727Z test the_order_is_by_the_stored_text_whatever_is_shown ... ok
2026-10-07T10:09:31.8041960Z test entering_predicates_leaves_what_the_reference_s_list_does ... ok
2026-10-07T10:09:31.8064929Z test each_predicate_s_inverse_is_the_reference_s ... ok
2026-10-07T10:09:31.8065378Z 
2026-10-07T10:09:31.8065789Z test result: ok. 3 passed; 0 failed; 0 ignored; 0 measured; 0 filtered out; finished in 0.01s
2026-10-07T10:09:31.8066367Z 
2026-10-07T10:09:31.8072289Z [1m[92m     Running[0m tests/predicate_text.rs (target/debug/deps/predicate_text-1a53c3e76b0f0034)
2026-10-07T10:09:31.8086032Z 
2026-10-07T10:09:31.8086187Z running 3 tests
2026-10-07T10:09:31.8828977Z test predicates_the_reference_s_editors_make_are_read_and_written_as_its_own ... ok
2026-10-07T10:09:31.9619237Z test api_searches_are_written_as_the_reference_writes_them ... ok
2026-10-07T10:09:31.9872608Z test predicates_are_written_as_the_reference_writes_them ... ok
2026-10-07T10:09:31.9873173Z 
2026-10-07T10:09:31.9873509Z test result: ok. 3 passed; 0 failed; 0 ignored; 0 measured; 0 filtered out; finished in 0.18s
2026-10-07T10:09:31.9874268Z 
2026-10-07T10:09:31.9928620Z [1m[92m     Running[0m tests/reference_parity.rs (target/debug/deps/reference_parity-abc6de1456989e2b)
2026-10-07T10:09:31.9945471Z 
2026-10-07T10:09:31.9945706Z running 3 tests
2026-10-07T10:09:32.1982107Z test api_searches_match_the_reference ... ok
2026-10-07T10:09:32.2818467Z test stored_predicates_decode_to_what_the_reference_parsed ... ok
2026-10-07T10:09:32.5308172Z test system_predicates_match_the_reference ... ok
2026-10-07T10:09:32.5308608Z 
2026-10-07T10:09:32.5308990Z test result: ok. 3 passed; 0 failed; 0 ignored; 0 measured; 0 filtered out; finished in 0.54s
2026-10-07T10:09:32.5309530Z 
2026-10-07T10:09:32.5373887Z [1m[92m     Running[0m tests/robustness.rs (target/debug/deps/robustness-2f95cd18c52db51a)
2026-10-07T10:09:32.5388320Z 
2026-10-07T10:09:32.5388501Z running 4 tests
2026-10-07T10:09:32.6054680Z test errors_name_the_input ... ok
2026-10-07T10:09:32.6846390Z test long_inputs_are_fast ... ok
2026-10-07T10:09:32.6903690Z test never_panics_on_predicate_like_text ... ok
2026-10-07T10:09:32.9159208Z test never_panics_on_arbitrary_text ... ok
2026-10-07T10:09:32.9159641Z 
2026-10-07T10:09:32.9160088Z test result: ok. 4 passed; 0 failed; 0 ignored; 0 measured; 0 filtered out; finished in 0.38s
2026-10-07T10:09:32.9160489Z 
2026-10-07T10:09:32.9172022Z [1m[92m     Running[0m unittests src/lib.rs (target/debug/deps/hydrus_store-1b24f7d60d698a51)
2026-10-07T10:09:32.9194196Z 
2026-10-07T10:09:32.9194416Z running 252 tests
2026-10-07T10:09:32.9218026Z test api_activity::tests::marker_replaces_atomically_reopens_and_rejects_malformed_data ... ok
2026-10-07T10:09:32.9220299Z test autocomplete::input::tests::parses_like_the_reference ... ok
2026-10-07T10:09:32.9222183Z test autocomplete::input::tests::rules_open_up_fetch_alls ... ok
2026-10-07T10:09:32.9223769Z test autocomplete::pattern::tests::like_is_sqlite_like ... ok
2026-10-07T10:09:32.9224495Z test autocomplete::pattern::tests::phrases_tokenise_like_fts4 ... ok
2026-10-07T10:09:32.9225007Z test autocomplete::pattern::tests::plans_follow_the_reference ... ok
2026-10-07T10:09:32.9234627Z test autocomplete::search::tests::counts_merge_and_render_like_the_reference ... ok
2026-10-07T10:09:32.9241163Z test autocomplete::search::tests::upper_bounds_cover_exactly_the_prefix ... ok
2026-10-07T10:09:32.9250789Z test autocomplete::pattern::tests::result_filter_matches_word_starts ... ok
2026-10-07T10:09:32.9274805Z test backup::tests::a_failed_restore_copy_preserves_the_database_sidecars_media_and_request ... ok
2026-10-07T10:09:32.9285867Z test backup::tests::a_mirror_copies_changes_and_drops_surplus ... ok
2026-10-07T10:09:32.9301041Z test backup::tests::a_missing_backup_retains_the_request_and_original_database ... ok
2026-10-07T10:09:32.9305263Z test backup::tests::an_active_server_prevents_restore_without_consuming_the_request ... ok
2026-10-07T10:09:32.9310910Z test backup::tests::cancellation_during_mirroring_preserves_uncopied_and_surplus_files ... ok
2026-10-07T10:09:33.0227472Z test backup::tests::cancelled_backup_does_not_report_success_or_touch_destination ... ok
2026-10-07T10:09:33.0229526Z test backup::tests::restore_rejects_a_symlink_to_the_store ... ok
2026-10-07T10:09:33.0230990Z test backup::tests::restore_rejects_the_store_itself_before_writing_a_request_or_database ... ok
2026-10-07T10:09:33.0462292Z test animation_start::tests::actual_yaml_upgrade_native_override_reopen_and_invalid_values ... ok
2026-10-07T10:09:33.0713584Z test backup::tests::a_backup_restores_over_a_changed_store ... ok
2026-10-07T10:09:33.0826025Z test api_update_toasts::tests::retained_enabled_options_native_override_reopen_corruption_and_exact_expiry ... ok
2026-10-07T10:09:33.0942689Z test conn::tests::effects_run_only_after_successful_commit ... ok
2026-10-07T10:09:33.1125619Z test conn::tests::failed_write_rolls_back_only_itself ... ok
2026-10-07T10:09:33.1243560Z test conn::tests::readers_see_consistent_snapshots_while_writing ... ok
2026-10-07T10:09:33.1298530Z test conn::tests::the_writer_empties_the_log_every_quarter_hour ... ok
2026-10-07T10:09:33.1555980Z test content::tests::deleting_from_one_of_two_local_domains_does_not_trash ... ok
2026-10-07T10:09:33.1582378Z test conn::tests::write_then_read ... ok
2026-10-07T10:09:33.1655350Z test content::tests::a_forced_filetype_keeps_the_detected_one_and_is_undone ... ok
2026-10-07T10:09:33.1870963Z test content::tests::file_info_round_trips ... ok
2026-10-07T10:09:33.2026574Z test content::tests::import_trash_undelete_and_purge ... ok
2026-10-07T10:09:33.2168711Z test content::tests::mapping_state_machine ... ok
2026-10-07T10:09:33.2650321Z test content::tests::service_bulk_trash_respects_lock_and_restores_all_former_domains ... ok
2026-10-07T10:09:33.3099280Z test content::tests::service_deleted_record_clear_keeps_trash_history_and_physical_queue ... ok
2026-10-07T10:09:33.3615817Z test content::tests::the_delete_lock_keeps_archived_files_from_going_for_good ... ok
2026-10-07T10:09:33.3884196Z test conn::tests::a_pause_empties_the_log_and_holds_work_until_dropped ... ok
2026-10-07T10:09:33.5300404Z test content::tests::service_bulk_rating_scopes_keep_trash_and_other_services ... ok
2026-10-07T10:09:33.5301900Z test db_maintenance::tests::per_service_table_names ... ok
2026-10-07T10:09:33.5324388Z test display::tests::first_sibling_pair_wins_and_cycles_are_dropped ... ok
2026-10-07T10:09:33.6310689Z test db_maintenance::tests::inconsistent_mappings_and_orphans_are_repaired ... ok
2026-10-07T10:09:33.6321235Z test display::tests::parent_loops_are_dropped ... ok
2026-10-07T10:09:33.6322456Z test display::tests::parents_close_transitively_through_ideals ... ok
2026-10-07T10:09:33.6324427Z test display::tests::rules_count_as_the_reference_s_lookup_rows ... ok
2026-10-07T10:09:33.6325442Z test display::tests::sibling_chains_resolve_to_the_end ... ok
2026-10-07T10:09:33.6416939Z test db_maintenance::tests::basic_jobs_find_nothing_and_regeneration_keeps_counts ... ok
2026-10-07T10:09:33.6864088Z test domains::tests::a_read_sees_the_domain_as_its_snapshot_has_it ... ok
2026-10-07T10:09:33.6893715Z test domains::tests::import_order_is_by_time_then_id_and_follows_writes ... ok
2026-10-07T10:09:33.6923805Z test duplicates::auto::tests::the_references_suggested_rules_are_all_read ... ok
2026-10-07T10:09:33.7308310Z test display::tests::graph_invariants ... ok
2026-10-07T10:09:33.7353957Z test duplicates::cache::tests::cached_pairs_follow_writes_and_only_readers_fill_the_cache ... ok
2026-10-07T10:09:33.8744437Z test ffmpeg_policy::tests::actual_legacy_saved_policy_backfill_native_override_and_poll_adapter ... ok
2026-10-07T10:09:33.9023755Z test duplicates_progress::tests::real_saved_disabled_legacy_policy_backfills_native_override_and_reopens ... ok
2026-10-07T10:09:33.9345290Z test file_maintenance::tests::captured_cancel_clears_due_and_future_types_and_keeps_unselected_work ... ok
2026-10-07T10:09:33.9360146Z test file_maintenance::tests::file_work_lease_is_shared_by_independent_owners_and_released_on_drop ... ok
2026-10-07T10:09:33.9361226Z test file_maintenance::tests::job_types_keep_the_reference_s_codes ... ok
2026-10-07T10:09:33.9622312Z test duplicates::merge::tests::only_whitelisted_notes_merge_under_their_new_names ... ok
2026-10-07T10:09:33.9628586Z test ffmpeg_policy::tests::reader_from_a_borrowed_store_is_live_and_does_not_retain_its_owner ... ok
2026-10-07T10:09:33.9644874Z test folder_activity::tests::abandoned_request_and_old_marker_files_do_not_pause_another_kind ... ok
2026-10-07T10:09:33.9646405Z test folder_activity::tests::request_interrupts_work_waits_for_release_and_rejects_new_work ... ok
2026-10-07T10:09:33.9655857Z test file_maintenance::tests::selected_admission_precedes_batch_limit_and_preserves_due_type_rules ... ok
2026-10-07T10:09:34.0513922Z test gallery::tests::no_downloader_or_no_urls_makes_nothing ... ok
2026-10-07T10:09:34.0562171Z test gallery::tests::a_page_makes_a_search_per_query_with_its_settings ... ok
2026-10-07T10:09:34.0573892Z test folder_activity::tests::transient_pause_preserves_original_and_live_user_pause_preferences ... ok
2026-10-07T10:09:34.1229566Z test gallery::tests::queries_merge_and_repeats_are_skipped_as_the_page_says ... ok
2026-10-07T10:09:34.1253914Z test granularity::tests::estimating_a_folder_ignores_non_ascii_names ... ok
2026-10-07T10:09:34.1771463Z test granularity::tests::cancellation_restores_moved_files_to_their_original_locations ... ok
2026-10-07T10:09:34.2314230Z test granularity::tests::failed_publication_restores_exact_split_locations ... ok
2026-10-07T10:09:34.2823267Z test granularity::tests::merged_prefix_records_the_actual_destination_across_locations ... ok
2026-10-07T10:09:34.2853694Z test idle_state::tests::only_a_fresh_idle_marker_is_idle ... ok
2026-10-07T10:09:34.2883531Z test idle_state::tests::pace_follows_the_time_and_caps_the_rest ... ok
2026-10-07T10:09:34.4291929Z test image_colour::tests::real_saved_disabled_legacy_policy_backfills_native_override_and_reopens ... ok
2026-10-07T10:09:34.5394068Z test import::decode::tests::a_clients_simple_downloader_formulae_come_across ... ok
2026-10-07T10:09:34.6464110Z test import::decode::tests::a_new_clients_checker_timings_are_our_defaults ... ok
2026-10-07T10:09:34.7544056Z test import::decode::tests::a_new_clients_headers_are_our_defaults ... ok
2026-10-07T10:09:34.8628549Z test import::decode::tests::a_new_clients_import_options_and_downloaders_convert ... ok
2026-10-07T10:09:34.9710871Z test import::decode::tests::a_new_clients_merge_options_are_our_defaults ... ok
2026-10-07T10:09:35.1174252Z test import::decode::tests::api_update_toasts_import_present_and_absent_client_options ... ok
2026-10-07T10:09:35.1233761Z test granularity::tests::the_store_records_its_new_folders ... ok
2026-10-07T10:09:35.1448488Z test import::decode::tests::auto_resolution_rules_convert ... ok
2026-10-07T10:09:35.2670611Z test import::decode::tests::browser_eye_menu_preferences_migrate_independently ... ok
2026-10-07T10:09:35.3354273Z test import::decode::tests::clipboard_monitor_switches_convert_independently ... ok
2026-10-07T10:09:35.4094499Z test import::decode::tests::command_palette_preferences_migrate_defaults_and_nondefault_provider_policies ... ok
2026-10-07T10:09:35.4183739Z test import::decode::tests::custom_merge_options_convert ... ok
2026-10-07T10:09:35.5141726Z test import::decode::tests::downloader_pages_own_state_converts ... ok
2026-10-07T10:09:35.5481637Z test import::decode::tests::cursor_autohide_import_preserves_timeout_and_do_not_hide ... ok
2026-10-07T10:09:36.0031630Z test import::decode::tests::downloader_update_time_import_preserves_raw_fields_and_reopens ... ok
2026-10-07T10:09:36.1334959Z test import::decode::tests::export_default_directory_import_resolves_recorded_portable_paths ... ok
2026-10-07T10:09:36.3924251Z test import::decode::tests::file_search_defaults_convert_user_values ... ok
2026-10-07T10:09:36.5701091Z test import::decode::tests::duplicate_colours_import_none_zero_and_explicit_preferences_then_reopen ... ok
2026-10-07T10:09:36.5817973Z test import::decode::tests::file_view_removal_imports_legacy_and_typed_flags_independently ... ok
2026-10-07T10:09:36.9044613Z test import::decode::tests::four_note_preferences_import_and_survive_reopen ... ok
2026-10-07T10:09:36.9776263Z test import::decode::tests::idle_timeout_import_preserves_seconds_none_and_missing_defaults ... ok
2026-10-07T10:09:37.0464983Z test import::decode::tests::image_cache_size_raw_timeout_and_future_admission_import_independently ... ok
2026-10-07T10:09:37.3540377Z test import::decode::tests::importing_work_slots_decode_five_legacy_keys_and_persist_native_limits ... ok
2026-10-07T10:09:37.3944503Z test import::decode::tests::local_transfer_confirmations_decode_both_legacy_booleans ... ok
2026-10-07T10:09:37.6124574Z test import::decode::tests::maintenance_gates_import_present_and_absent_client_options ... ok
2026-10-07T10:09:37.6714825Z test import::decode::tests::main_identity_import_preserves_raw_name_and_saved_tag_activation ... ok
2026-10-07T10:09:37.7514039Z test import::decode::tests::manage_tags_live_display_and_incremental_fields_import ... ok
2026-10-07T10:09:37.8953949Z test import::decode::tests::namespace_colours_convert ... ok
2026-10-07T10:09:37.9494303Z test import::decode::tests::manage_tags_sort_contexts_import_siblings_independently_of_sidebar_sorts ... ok
2026-10-07T10:09:37.9523783Z test import::decode::tests::page_sort_import_preserves_its_independent_full_tag_context ... ok
2026-10-07T10:09:38.2174286Z test import::decode::tests::passive_background_options_import_each_draw_key ... ok
2026-10-07T10:09:38.2806354Z test import::decode::tests::network_boot_preference_converts_without_changing_live_pause ... ok
2026-10-07T10:09:38.4934753Z test import::decode::tests::physical_delete_import_preserves_present_delay_and_defaults_without_client_options ... ok
2026-10-07T10:09:38.8019630Z test import::decode::tests::preview_and_dialog_rating_sizes_import_exact_fractional_preferences ... ok
2026-10-07T10:09:38.9614229Z test import::decode::tests::real_client_ffmpeg_timeout_is_imported_without_clamping ... ok
2026-10-07T10:09:39.2874425Z test import::decode::tests::recorded_custom_predicate_defaults_import_with_typed_units_and_keys ... ok
2026-10-07T10:09:39.4675036Z test import::decode::tests::saving_the_page_sort_on_change_converts ... ok
2026-10-07T10:09:39.6264547Z test import::decode::tests::popup_width_imports_raw_reference_preferences_and_reopens_them ... ok
2026-10-07T10:09:39.6354450Z test import::decode::tests::shortcut_capture_policies_import_defaults_and_nondefault_values ... ok
2026-10-07T10:09:39.7351557Z test import::decode::tests::sibling_connector_colours_import_retains_none_empty_and_raw_names ... ok
2026-10-07T10:09:39.7675613Z test import::decode::tests::subscription_concurrency_imports_nondefault_number ... ok
2026-10-07T10:09:39.9207787Z test import::decode::tests::subscription_file_failure_threshold_imports_none_and_number ... ok
2026-10-07T10:09:39.9226602Z test import::decode::tests::suggested_layout_and_unavailable_default_pages_migrate_without_losing_choices ... ok
2026-10-07T10:09:39.9253829Z test import::decode::tests::tag_display_filters_convert ... ok
2026-10-07T10:09:40.0284246Z test import::decode::tests::tag_list_opening_modes_import_independently_and_ignore_unknown_codes ... ok
2026-10-07T10:09:40.0764794Z test import::decode::tests::tag_dialog_defaults_import_independently_of_autocomplete_defaults ... ok
2026-10-07T10:09:40.1250875Z test import::decode::tests::tag_presentation_converts ... ok
2026-10-07T10:09:40.2227911Z test import::decode::tests::the_lock_password_converts ... ok
2026-10-07T10:09:40.2856204Z test import::decode::tests::the_search_defaults_convert ... ok
2026-10-07T10:09:40.3814313Z test import::decode::tests::the_tag_summaries_convert ... ok
2026-10-07T10:09:40.4659213Z test import::decode::tests::the_thumbnail_border_and_margin_convert ... ok
2026-10-07T10:09:40.5427415Z test import::decode::tests::thumbnail_cache_size_and_raw_timeout_import_as_independent_typed_preferences ... ok
2026-10-07T10:09:40.5764623Z test import::decode::tests::unselected_tag_limit_import_preserves_zero_none_and_presentation ... ok
2026-10-07T10:09:40.7245601Z test import::decode::tests::viewer_canvas_options_convert_user_values ... ok
2026-10-07T10:09:40.7938884Z test import::decode::tests::viewer_closing_options_import_each_independent_preference ... ok
2026-10-07T10:09:40.8791388Z test import::decode::tests::viewer_focus_options_import_independent_mouseover_gates ... ok
2026-10-07T10:09:40.9517855Z test import::decode::tests::viewer_hover_options_migrate_disable_keys_as_enabled_controls ... ok
2026-10-07T10:09:41.1084280Z test import::decode::tests::viewer_pointer_options_import_both_drag_preferences ... ok
2026-10-07T10:09:41.1214124Z test import::decode::tests::viewer_playback_import_keeps_zoom_command_and_loop_policy ... ok
2026-10-07T10:09:41.2607366Z test import::decode::tests::viewing_menu_preferences_import_the_display_style_and_canvas_ticks ... ok
2026-10-07T10:09:41.3440568Z test content::tests::incremental_counts_equal_rebuild ... ok
2026-10-07T10:09:41.3479459Z test import::decode::tests::viewer_tag_wheel_imports_all_four_reference_policy_codes ... ok
2026-10-07T10:09:41.5044348Z test import::network_tests::a_named_startup_session_keeps_hydrus_s_last_session_apart ... ok
2026-10-07T10:09:41.5194039Z test import::network_tests::copies_the_mpv_conf ... ok
2026-10-07T10:09:41.6269212Z test import::network_tests::downloader_pages_own_state_comes_back_for_earlier_imports ... ok
2026-10-07T10:09:41.7564446Z test import::network_tests::imports_downloader_pages_from_the_last_session ... ok
2026-10-07T10:09:41.7641169Z test import::network_tests::imports_local_import_pages_from_the_last_session ... ok
2026-10-07T10:09:41.8450346Z test import::network_tests::imports_search_pages_from_the_last_session ... ok
2026-10-07T10:09:41.9244797Z test import::network_tests::imports_session_cookies ... ok
2026-10-07T10:09:42.0328608Z test import::network_tests::imports_subscriptions_with_their_histories ... ok
2026-10-07T10:09:42.0374123Z test import::tests::any_reference_install_counts_match ... ignored, needs HYDRUS_REFERENCE_DB
2026-10-07T10:09:42.0494124Z test import::tests::a_default_install_keeps_the_default_bandwidth_rules ... ok
2026-10-07T10:09:42.0866510Z test import::network_tests::other_saved_sessions_come_across_without_running_their_downloaders ... ok
2026-10-07T10:09:42.1406847Z test import::tests::decodes_the_basic_fixture_settings ... ok
2026-10-07T10:09:42.1533971Z test import::tests::import_options_that_run_programs_are_reported ... ok
2026-10-07T10:09:42.2465940Z test import::tests::imports_the_basic_fixture ... ok
2026-10-07T10:09:42.3170464Z test import::tests::rebuilt_counts_match_the_reference_caches ... ok
2026-10-07T10:09:42.3574256Z test import::tests::the_global_pause_switches_come_across ... ok
2026-10-07T10:09:42.4317751Z test import::tests::the_network_options_come_across ... ok
2026-10-07T10:09:42.4318647Z test live::tests::a_status_shows_its_first_line ... ok
2026-10-07T10:09:42.4344695Z test import::tests::refuses_to_overwrite_or_import_the_wrong_version ... ok
2026-10-07T10:09:42.4567928Z test live::tests::cancels_are_taken_once_and_nudge_the_queue ... ok
2026-10-07T10:09:42.4568873Z test live::tests::live_state_is_kept_replaced_and_cleared ... ok
2026-10-07T10:09:42.4570232Z test live::tests::only_changes_are_published ... ok
2026-10-07T10:09:42.4825371Z test import::tests::the_trash_limits_come_across ... ok
2026-10-07T10:09:42.5466128Z test login_runtime::tests::separate_store_owners_serialize_cancel_and_retire_only_the_reviewed_login ... ok
2026-10-07T10:09:42.5484052Z test login_runtime::tests::crashed_process_metadata_cannot_block_or_cancel_the_next_lease ... ok
2026-10-07T10:09:42.8073765Z test maintenance::tests::cancelled_owned_wait_releases_writer_and_never_admits_a_successor_pair ... ok
2026-10-07T10:09:42.8700762Z test maintenance::tests::captured_wait_follows_committed_pairs_including_last_and_allows_live_readd ... ok
2026-10-07T10:09:43.0331233Z test maintenance::tests::never_deletes_media_shared_with_another_install ... ok
2026-10-07T10:09:43.0488198Z test maintenance::tests::missing_file_still_waits_after_its_thumbnail_and_queue_commit ... ok
2026-10-07T10:09:43.2894254Z test maintenance::tests::pair_failure_keeps_its_queue_and_previous_pair_commit_and_does_not_wait ... ok
2026-10-07T10:09:43.4421643Z test maintenance::tests::rebuilding_the_caches_gives_the_same_caches ... ok
2026-10-07T10:09:43.4592256Z test maintenance::tests::leaves_claimed_files_queued ... ok
2026-10-07T10:09:43.5058063Z test granularity::tests::a_folder_goes_to_three_and_back ... ok
2026-10-07T10:09:43.6257437Z test maintenance_gates::tests::retained_client_options_native_wins_reopen_and_corruption ... ok
2026-10-07T10:09:43.6465205Z test master::tests::interning_is_idempotent_and_reversible ... ok
2026-10-07T10:09:43.6633664Z test master::tests::new_subtags_are_indexed_for_autocomplete ... ok
2026-10-07T10:09:43.6634619Z test master::tests::url_domains_match_urlparse_netloc ... ok
2026-10-07T10:09:43.7144661Z test maintenance::tests::retained_local_queue_cleanup_does_not_wait_or_remove_physical_paths ... ok
2026-10-07T10:09:43.7321380Z test maintenance::tests::selected_tag_regeneration_repairs_connected_counts_without_changing_primary_data ... ok
2026-10-07T10:09:43.8355567Z test media::tests::counts_tags_as_each_file_has_them ... ok
2026-10-07T10:09:43.8582587Z test media::tests::hidden_tags_are_left_out_of_the_counts ... ok
2026-10-07T10:09:43.8835894Z test network::login_tests::a_login_covers_its_domain_and_subdomains ... ok
2026-10-07T10:09:43.8997560Z test network::tests::cookies_list_in_jar_order ... ok
2026-10-07T10:09:43.9089757Z test media::tests::loads_the_fixture ... ok
2026-10-07T10:09:43.9153902Z test network::tests::headers_keep_what_is_not_given ... ok
2026-10-07T10:09:43.9195834Z test maintenance::tests::purges_files_that_left_local_storage ... ok
2026-10-07T10:09:43.9245828Z test network::tests::sessions_are_per_registrable_domain ... ok
2026-10-07T10:09:43.9665522Z test menu_choice_wheel::tests::actual_saved_false_legacy_fallback_native_override_and_durable_reopen ... ok
2026-10-07T10:09:43.9676364Z test paths::tests::copies_keep_permissions_unless_told_not_to ... ok
2026-10-07T10:09:44.0253441Z test orphan_files::tests::strays_are_found_and_moved_and_kept_files_stay ... ok
2026-10-07T10:09:44.0317469Z test page_layout::tests::imported_yaml_signed_sizes_exit_switch_and_native_override_survive_reopen ... ok
2026-10-07T10:09:44.0614349Z test popup_actions::tests::answer_survives_dismissal_and_old_owner_cannot_consume_or_retire_successor ... ok
2026-10-07T10:09:44.0648556Z test popup_actions::tests::gui_retirement_drops_unconsumed_calls_but_preserves_committed_answers ... ok
2026-10-07T10:09:44.0884261Z test popup_actions::tests::pre_action_schema_upgrades_and_restart_forgets_ephemeral_handlers_but_keeps_clipboard ... ok
2026-10-07T10:09:44.1023785Z test physical_delete::tests::recorded_retained_options_native_override_constructor_and_reopen ... ok
2026-10-07T10:09:44.1207210Z test popups::tests::mergable_files_with_the_same_label_join_one_popup ... ok
2026-10-07T10:09:44.1376604Z test popups::tests::popups_queue_oldest_first_until_dismissed ... ok
2026-10-07T10:09:44.1539091Z test or_connector::tests::real_qt_serialised_raw_connector_backfills_and_native_override_survives_reopen ... ok
2026-10-07T10:09:44.1551883Z test queues::tests::a_pages_queue_waits_while_closed_and_goes_with_it ... ok
2026-10-07T10:09:44.1684283Z test queues::tests::a_queues_page_shows_the_files_its_seeds_brought_in_order ... ok
2026-10-07T10:09:44.1902690Z test queues::tests::deleted_queue_identity_is_not_recycled_and_late_seed_updates_ignore_successors ... ok
2026-10-07T10:09:44.2028733Z test queues::tests::nudges_are_taken_once_each ... ok
2026-10-07T10:09:44.2084242Z test popup_freeze::tests::actual_saved_true_legacy_native_override_and_durable_reopen ... ok
2026-10-07T10:09:44.2238844Z test queues::tests::seeds_dedupe_order_and_retry ... ok
2026-10-07T10:09:44.2239921Z test queues::tests::file_log_drafts_isolate_mutations_and_restore_complete_metadata_in_order ... ok
2026-10-07T10:09:44.2241932Z test reference_options::tests::unset_values_read_as_their_defaults ... ok
2026-10-07T10:09:44.2247446Z test schema::tests::refuses_newer_schema ... ok
2026-10-07T10:09:44.2295211Z test queues::tests::urls_typed_into_a_page_are_handed_over_once_in_order ... ok
2026-10-07T10:09:44.2296464Z test services::tests::colours_serialise_as_hex ... ok
2026-10-07T10:09:44.2583252Z test schema::tests::migrations_apply_cleanly_and_are_idempotent ... ok
2026-10-07T10:09:44.2585069Z test services::tests::numerical_stars_match_reference_rounding ... ok
2026-10-07T10:09:44.2590971Z test schema::tests::tag_service_tables_round_trip ... ok
2026-10-07T10:09:44.2683220Z test services::tests::default_services_round_trip ... ok
2026-10-07T10:09:44.2971824Z test session_backups::importer_tests::historical_importers_restore_independent_settings_and_seed_logs ... ok
2026-10-07T10:09:44.2975509Z test session_backups::queue_kind_tests::every_native_page_importer_restores_its_auxiliary_state_and_both_logs ... ok
2026-10-07T10:09:44.3027236Z test session_backups::tests::automatic_last_session_hash_replays_real_unchanged_suppression_and_history ... ok
2026-10-07T10:09:44.3286933Z test session_backups::tests::imported_previous_media_is_independent_and_deletion_clears_backups ... ok
2026-10-07T10:09:44.3329568Z test session_backups::tests::rolling_timestamps_match_the_reference_including_clock_reversal ... ok
2026-10-07T10:09:44.3338675Z test session_reload::tests::committed_reload_slot_is_independent_and_cleanup_keeps_active_media ... ok
2026-10-07T10:09:44.3554947Z test radio_return::tests::actual_saved_false_legacy_fallback_native_override_and_durable_reopen ... ok
2026-10-07T10:09:44.3617135Z test sessions::tests::commands_queue_for_the_gui_or_change_the_session ... ok
2026-10-07T10:09:44.3618610Z test similar::tests::flat_colours_are_blank ... ok
2026-10-07T10:09:44.3621150Z test similar::tests::scale ... ignored, a timing, not a check
2026-10-07T10:09:44.3671149Z test sessions::tests::media_viewers_are_kept_in_order ... ok
2026-10-07T10:09:44.3703613Z test sessions::tests::saving_keeps_the_top_key_the_page_shown_and_selections ... ok
2026-10-07T10:09:44.3735040Z test storage::tests::a_location_without_its_folders_is_missing ... ok
2026-10-07T10:09:44.3743735Z test storage::tests::paths_follow_the_reference_layout ... ok
2026-10-07T10:09:44.3767340Z test sessions::tests::sessions_keep_their_pages_and_files ... ok
2026-10-07T10:09:44.3768605Z test storage_locations::tests::shares_follow_weights_and_limits ... ok
2026-10-07T10:09:44.4555817Z test store::tests::content_writes_use_foreign_relation_graphs_before_the_next_poll ... ok
2026-10-07T10:09:44.4671038Z test similar::tests::the_index_finds_exactly_what_checking_everything_finds ... ok
2026-10-07T10:09:44.5482234Z test store::tests::new_store_has_default_services ... ok
2026-10-07T10:09:44.5844480Z test store::tests::independent_stores_notice_committed_snapshot_changes_without_refresh_loops ... ok
2026-10-07T10:09:44.5970224Z test similar::tests::the_search_finds_the_pairs_the_reference_found ... ok
2026-10-07T10:09:44.6421587Z test store::tests::pre_existing_queue_without_sequence_keeps_its_retired_identity_after_upgrade ... ok
2026-10-07T10:09:44.6685586Z test store::tests::snapshots_refresh_only_after_commit ... ok
2026-10-07T10:09:44.6694278Z test tag_display::tests::a_service_s_tags_pass_its_filter_and_all_known_tags ... ok
2026-10-07T10:09:44.7413674Z test tag_editing::tests::older_preferences_get_write_defaults_and_tab_memory_preserves_them ... ok
2026-10-07T10:09:44.7415057Z test text::tests::integers_follow_python_isdecimal ... ok
2026-10-07T10:09:44.7416020Z test text::tests::searchable_forms ... ok
2026-10-07T10:09:44.7416856Z test text::tests::tokenises_like_fts4_simple ... ok
2026-10-07T10:09:44.7482647Z test tag_editing::tests::manage_tags_preferences_are_backward_compatible_and_independent ... ok
2026-10-07T10:09:44.8495425Z test thumbnail_appearance::tests::retained_actual_options_upgrade_native_override_and_reopen ... ok
2026-10-07T10:09:44.8619787Z test synth::tests::a_small_library_has_consistent_counts ... ok
2026-10-07T10:09:45.0591798Z test transfer::tests::in_place_marks_the_media_as_shared ... ok
2026-10-07T10:09:45.2486160Z test transfer::tests::refuses_an_existing_destination ... ok
2026-10-07T10:09:45.4797224Z test trash::tests::an_oversized_trash_loses_its_oldest_files_eight_at_a_time ... ok
2026-10-07T10:09:45.7428709Z test trash::tests::cancelled_writer_admission_leaves_trash_and_physical_queue_untouched ... ok
2026-10-07T10:09:45.7819486Z test transfer::tests::hardlink_copy_and_move_give_the_store_its_own_media ... ok
2026-10-07T10:09:46.0111912Z test trash::tests::files_trashed_too_long_ago_are_deleted_for_good ... ok
2026-10-07T10:09:46.0280863Z test trash::tests::no_limits_leave_the_trash_alone ... ok
2026-10-07T10:09:46.2591503Z test trash::tests::the_delete_lock_keeps_archived_files_in_the_trash ... ok
2026-10-07T10:09:46.2592536Z test undo::tests::undo_and_redo_step_through_the_log_and_new_changes_cut_it ... ok
2026-10-07T10:09:46.2593883Z test vacuum::tests::room_is_checked_as_the_reference_checks ... ok
2026-10-07T10:09:46.2650536Z test trash::tests::the_size_limit_goes_first_then_the_age_limit ... ok
2026-10-07T10:09:46.2698835Z test transfer::tests::each_drive_s_media_stays_on_it ... ok
2026-10-07T10:09:46.3547549Z test watchers::tests::a_page_watches_each_thread_once_with_its_own_options ... ok
2026-10-07T10:09:46.3713233Z test watchers::tests::checking_now_and_pausing_checking ... ok
2026-10-07T10:09:46.3974119Z test vacuum::tests::vacuuming_frees_pages_and_is_recorded ... ok
2026-10-07T10:09:46.4118691Z test watchers::tests::setting_a_watchers_checker_options ... ok
2026-10-07T10:09:46.7449812Z test storage_locations::tests::a_second_location_takes_half_and_thumbnails_follow ... ok
2026-10-07T10:09:46.7450711Z 
2026-10-07T10:09:46.7451682Z test result: ok. 250 passed; 0 failed; 2 ignored; 0 measured; 0 filtered out; finished in 13.83s
2026-10-07T10:09:46.7452537Z 
2026-10-07T10:09:46.7481292Z [1m[92m     Running[0m tests/import_status.rs (target/debug/deps/import_status-d01141bf22d4b05d)
2026-10-07T10:09:46.7493407Z 
2026-10-07T10:09:46.7493970Z running 3 tests
2026-10-07T10:09:46.7535593Z test owned_precision_replays_actual_network_job_controls_without_changing_gauges_or_cancellation ... ok
2026-10-07T10:09:46.7849963Z test downloads_lines_say_what_the_references_network_job_control_says ... ok
2026-10-07T10:09:46.7920199Z test file_and_search_logs_say_what_the_reference_says ... ok
2026-10-07T10:09:46.7920539Z 
2026-10-07T10:09:46.7920807Z test result: ok. 3 passed; 0 failed; 0 ignored; 0 measured; 0 filtered out; finished in 0.04s
2026-10-07T10:09:46.7921160Z 
2026-10-07T10:09:46.7935512Z [1m[92m     Running[0m tests/metadata_jobs.rs (target/debug/deps/metadata_jobs-d3137ade1a3672c9)
2026-10-07T10:09:46.7953544Z 
2026-10-07T10:09:46.7953710Z running 1 test
2026-10-07T10:09:47.1299937Z test actual_qt_worker_inputs_replay_files_cancellation_progress_and_copy_cleanup ... ok
2026-10-07T10:09:47.1300369Z 
2026-10-07T10:09:47.1300644Z test result: ok. 1 passed; 0 failed; 0 ignored; 0 measured; 0 filtered out; finished in 0.33s
2026-10-07T10:09:47.1301029Z 
2026-10-07T10:09:47.1306824Z [1m[92m     Running[0m tests/tag_migration.rs (target/debug/deps/tag_migration-471cdbe0dc418fb5)
2026-10-07T10:09:47.1325660Z 
2026-10-07T10:09:47.1325931Z running 15 tests
2026-10-07T10:09:47.2567614Z test archive_validation_rejects_wrong_types_and_unsupported_hashes_before_import ... ok
2026-10-07T10:09:47.2825735Z test cancellation_is_a_durable_prefix_and_incremental_counts_match_rebuild ... ok
2026-10-07T10:09:47.3279062Z test archive_exports_preserve_metadata_merge_and_cancelled_committed_prefix ... ok
2026-10-07T10:09:47.3486400Z test overlapping_migration_is_rejected_without_waiting_for_a_reader ... ok
2026-10-07T10:09:47.3856892Z test pair_count_gates_observe_reference_concurrent_mapping_changes_between_batches ... ok
2026-10-07T10:09:47.4617353Z test pair_migration_publishes_graph_and_rebuilt_counts ... ok
2026-10-07T10:09:47.6091826Z test pair_count_gates_replay_real_current_pending_and_terminal_ideal_counts ... ok
2026-10-07T10:09:47.7019966Z test registry_changes_stop_the_next_batch_and_keep_committed_prefix ... ok
2026-10-07T10:09:47.7719012Z test published_job_events_match_reference_phases_and_committed_prefixes ... ok
2026-10-07T10:09:47.7985423Z test repository_union_deduplicates_and_petition_reason_is_persisted ... ok
2026-10-07T10:09:47.8441871Z test pause_waits_after_commit_resume_continues_and_cancel_wakes_without_next_batch ... ok
2026-10-07T10:09:47.8634564Z test same_service_delete_and_clear_never_skip_mutated_source_rows ... ok
2026-10-07T10:09:47.8773378Z test selected_files_and_filters_are_applied_before_destination_changes ... ok
2026-10-07T10:09:47.9154356Z test source_snapshot_excludes_later_inserts_and_retains_later_removed_rows ... ok
2026-10-07T10:09:49.3518627Z test actual_python_archives_import_convert_scope_filter_and_reopen ... ok
2026-10-07T10:09:49.3519225Z 
2026-10-07T10:09:49.3519659Z test result: ok. 15 passed; 0 failed; 0 ignored; 0 measured; 0 filtered out; finished in 2.22s
2026-10-07T10:09:49.3520266Z 
2026-10-07T10:09:49.3537349Z [1m[92m   Doc-tests[0m hydrus_core
2026-10-07T10:09:49.9652802Z 
2026-10-07T10:09:49.9653866Z running 0 tests
2026-10-07T10:09:49.9654123Z 
2026-10-07T10:09:49.9654479Z test result: ok. 0 passed; 0 failed; 0 ignored; 0 measured; 0 filtered out; finished in 0.00s
2026-10-07T10:09:49.9654932Z 
2026-10-07T10:09:49.9670193Z [1m[92m   Doc-tests[0m hydrus_download
2026-10-07T10:09:50.1208269Z 
2026-10-07T10:09:50.1208781Z running 0 tests
2026-10-07T10:09:50.1208988Z 
2026-10-07T10:09:50.1209284Z test result: ok. 0 passed; 0 failed; 0 ignored; 0 measured; 0 filtered out; finished in 0.00s
2026-10-07T10:09:50.1209653Z 
2026-10-07T10:09:50.1227442Z [1m[92m   Doc-tests[0m hydrus_downloader_exchange
2026-10-07T10:09:50.2126538Z 
2026-10-07T10:09:50.2127158Z running 0 tests
2026-10-07T10:09:50.2127663Z 
2026-10-07T10:09:50.2127967Z test result: ok. 0 passed; 0 failed; 0 ignored; 0 measured; 0 filtered out; finished in 0.00s
2026-10-07T10:09:50.2128356Z 
2026-10-07T10:09:50.2142722Z [1m[92m   Doc-tests[0m hydrus_gui_model
2026-10-07T10:09:50.8083201Z 
2026-10-07T10:09:50.8084137Z running 0 tests
2026-10-07T10:09:50.8084453Z 
2026-10-07T10:09:50.8084919Z test result: ok. 0 passed; 0 failed; 0 ignored; 0 measured; 0 filtered out; finished in 0.00s
2026-10-07T10:09:50.8085521Z 
2026-10-07T10:09:50.8105859Z [1m[92m   Doc-tests[0m hydrus_net
2026-10-07T10:09:50.8989562Z 
2026-10-07T10:09:50.8990218Z running 0 tests
2026-10-07T10:09:50.8990512Z 
2026-10-07T10:09:50.8990957Z test result: ok. 0 passed; 0 failed; 0 ignored; 0 measured; 0 filtered out; finished in 0.00s
2026-10-07T10:09:50.8991367Z 
2026-10-07T10:09:50.9011280Z [1m[92m   Doc-tests[0m hydrus_search
2026-10-07T10:09:51.0170387Z 
2026-10-07T10:09:51.0171035Z running 0 tests
2026-10-07T10:09:51.0171302Z 
2026-10-07T10:09:51.0171801Z test result: ok. 0 passed; 0 failed; 0 ignored; 0 measured; 0 filtered out; finished in 0.00s
2026-10-07T10:09:51.0172426Z 
2026-10-07T10:09:51.0189028Z [1m[92m   Doc-tests[0m hydrus_store
2026-10-07T10:09:51.8170546Z 
2026-10-07T10:09:51.8171113Z running 0 tests
2026-10-07T10:09:51.8171311Z 
2026-10-07T10:09:51.8171602Z test result: ok. 0 passed; 0 failed; 0 ignored; 0 measured; 0 filtered out; finished in 0.00s
2026-10-07T10:09:51.8171976Z 
2026-10-07T10:09:51.8361989Z Post job cleanup.
2026-10-07T10:09:51.9748486Z Cache up-to-date.
2026-10-07T10:09:51.9908885Z Post job cleanup.
2026-10-07T10:09:52.0810968Z [command]/usr/bin/git version
2026-10-07T10:09:52.0853359Z git version 2.55.0
2026-10-07T10:09:52.0894051Z Temporarily overriding HOME='/home/runner/work/_temp/96187c19-5efe-43bf-ae97-48cbbb40f099' before making global git config changes
2026-10-07T10:09:52.0895677Z Adding repository directory to the temporary git global config as a safe directory
2026-10-07T10:09:52.0902004Z [command]/usr/bin/git config --global --add safe.directory /home/runner/work/hydrus-mine/hydrus-mine
2026-10-07T10:09:52.0946757Z [command]/usr/bin/git config --local --name-only --get-regexp core\.sshCommand
2026-10-07T10:09:52.0994008Z [command]/usr/bin/git submodule foreach --recursive sh -c "git config --local --name-only --get-regexp 'core\.sshCommand' && git config --local --unset-all 'core.sshCommand' || :"
2026-10-07T10:09:52.1244072Z [command]/usr/bin/git config --local --name-only --get-regexp http\.https\:\/\/github\.com\/\.extraheader
2026-10-07T10:09:52.1273063Z http.https://github.com/.extraheader
2026-10-07T10:09:52.1285970Z [command]/usr/bin/git config --local --unset-all http.https://github.com/.extraheader
2026-10-07T10:09:52.1328509Z [command]/usr/bin/git submodule foreach --recursive sh -c "git config --local --name-only --get-regexp 'http\.https\:\/\/github\.com\/\.extraheader' && git config --local --unset-all 'http.https://github.com/.extraheader' || :"
2026-10-07T10:09:52.1597633Z [command]/usr/bin/git config --local --name-only --get-regexp ^includeIf\.gitdir:
2026-10-07T10:09:52.1641256Z [command]/usr/bin/git submodule foreach --recursive git config --local --show-origin --name-only --get-regexp remote.origin.url
2026-10-07T10:09:52.2062240Z Cleaning up orphan processes
2026-10-07T10:09:52.2550891Z ##[warning]Node.js 20 is deprecated. The following actions target Node.js 20 but are being forced to run on Node.js 24: actions/checkout@v4. For more information see: https://github.blog/changelog/2025-09-19-deprecation-of-node-20-on-github-actions-runners/
