2026-10-06T15:59:01.9965311Z Current runner version: '2.337.0'
2026-10-06T15:59:02.0000223Z ##[group]Runner Image Provisioner
2026-10-06T15:59:02.0001493Z Hosted Compute Agent
2026-10-06T15:59:02.0003067Z Version: 20261002.596
2026-10-06T15:59:02.0004111Z Commit: c3d12f3313a95f25162a1503be624f3b0617f8c0
2026-10-06T15:59:02.0005249Z Build Date: 2026-10-02T22:28:27Z
2026-10-06T15:59:02.0006498Z Worker ID: {0e5112a4-9628-42e3-a313-0e0f84a3983f}
2026-10-06T15:59:02.0007728Z Region: eastus
2026-10-06T15:59:02.0008639Z Cloud: Azure
2026-10-06T15:59:02.0009566Z ##[endgroup]
2026-10-06T15:59:02.0012196Z ##[group]Operating System
2026-10-06T15:59:02.0013642Z Ubuntu
2026-10-06T15:59:02.0014530Z 24.04.5
2026-10-06T15:59:02.0015421Z LTS
2026-10-06T15:59:02.0016237Z ##[endgroup]
2026-10-06T15:59:02.0017136Z ##[group]Runner Image
2026-10-06T15:59:02.0018173Z Image: ubuntu-24.04
2026-10-06T15:59:02.0019103Z Version: 20261004.327.1
2026-10-06T15:59:02.0021366Z Included Software: https://github.com/actions/runner-images/blob/ubuntu24/20261004.327/images/ubuntu/Ubuntu2404-Readme.md
2026-10-06T15:59:02.0024879Z Image Release: https://github.com/actions/runner-images/releases/tag/ubuntu24%2F20261004.327
2026-10-06T15:59:02.0026550Z ##[endgroup]
2026-10-06T15:59:02.0028664Z ##[group]GITHUB_TOKEN Permissions
2026-10-06T15:59:02.0031764Z Contents: read
2026-10-06T15:59:02.0033007Z Metadata: read
2026-10-06T15:59:02.0033977Z Packages: read
2026-10-06T15:59:02.0034914Z ##[endgroup]
2026-10-06T15:59:02.0038168Z Secret source: Actions
2026-10-06T15:59:02.0039697Z Cache mode: write
2026-10-06T15:59:02.0041171Z Prepare workflow directory
2026-10-06T15:59:02.0629481Z Prepare all required actions
2026-10-06T15:59:02.0703782Z Getting action download info
2026-10-06T15:59:02.3093755Z Download action repository 'actions/checkout@v4' (SHA:11d5960a326750d5838078e36cf38b85af677262)
2026-10-06T15:59:02.4261742Z Download action repository 'dtolnay/rust-toolchain@master' (SHA:7e38f4b43b4db5c8dd498af069a4f6196df1d067)
2026-10-06T15:59:02.5251715Z Download action repository 'Swatinem/rust-cache@v2' (SHA:6323deb102c322ba6fcbdcafc7e3dddab59af2b6)
2026-10-06T15:59:02.8647141Z Complete job name: parity-models
2026-10-06T15:59:02.9438352Z ##[group]Run actions/checkout@v4
2026-10-06T15:59:02.9439309Z with:
2026-10-06T15:59:02.9439777Z   repository: jkendall327/hydrus-mine
2026-10-06T15:59:02.9443931Z   token: ***
2026-10-06T15:59:02.9444369Z   ssh-strict: true
2026-10-06T15:59:02.9444805Z   ssh-user: git
2026-10-06T15:59:02.9445259Z   persist-credentials: true
2026-10-06T15:59:02.9445744Z   clean: true
2026-10-06T15:59:02.9446185Z   sparse-checkout-cone-mode: true
2026-10-06T15:59:02.9446705Z   fetch-depth: 1
2026-10-06T15:59:02.9447136Z   fetch-tags: false
2026-10-06T15:59:02.9447583Z   show-progress: true
2026-10-06T15:59:02.9448040Z   lfs: false
2026-10-06T15:59:02.9448446Z   submodules: false
2026-10-06T15:59:02.9448900Z   set-safe-directory: true
2026-10-06T15:59:02.9449399Z   allow-unsafe-pr-checkout: false
2026-10-06T15:59:02.9450232Z env:
2026-10-06T15:59:02.9450661Z   CARGO_TERM_COLOR: always
2026-10-06T15:59:02.9451194Z   RUSTFLAGS: -D warnings
2026-10-06T15:59:02.9451663Z ##[endgroup]
2026-10-06T15:59:03.0565424Z Syncing repository: jkendall327/hydrus-mine
2026-10-06T15:59:03.0567797Z ##[group]Getting Git version info
2026-10-06T15:59:03.0569026Z Working directory is '/home/runner/work/hydrus-mine/hydrus-mine'
2026-10-06T15:59:03.0570732Z [command]/usr/bin/git version
2026-10-06T15:59:03.0667458Z git version 2.55.0
2026-10-06T15:59:03.0690368Z ##[endgroup]
2026-10-06T15:59:03.0706034Z Temporarily overriding HOME='/home/runner/work/_temp/a4e590dd-22c8-4b6c-9d0a-73639e5496a9' before making global git config changes
2026-10-06T15:59:03.0707836Z Adding repository directory to the temporary git global config as a safe directory
2026-10-06T15:59:03.0711898Z [command]/usr/bin/git config --global --add safe.directory /home/runner/work/hydrus-mine/hydrus-mine
2026-10-06T15:59:03.0782834Z Deleting the contents of '/home/runner/work/hydrus-mine/hydrus-mine'
2026-10-06T15:59:03.0788494Z ##[group]Initializing the repository
2026-10-06T15:59:03.0793989Z [command]/usr/bin/git init /home/runner/work/hydrus-mine/hydrus-mine
2026-10-06T15:59:03.0931661Z hint: Using 'master' as the name for the initial branch. This default branch name
2026-10-06T15:59:03.0933716Z hint: will change to "main" in Git 3.0. To configure the initial branch name
2026-10-06T15:59:03.0935233Z hint: to use in all of your new repositories, which will suppress this warning,
2026-10-06T15:59:03.0936147Z hint: call:
2026-10-06T15:59:03.0936566Z hint:
2026-10-06T15:59:03.0937427Z hint: 	git config --global init.defaultBranch <name>
2026-10-06T15:59:03.0938341Z hint:
2026-10-06T15:59:03.0939423Z hint: Names commonly chosen instead of 'master' are 'main', 'trunk' and
2026-10-06T15:59:03.0940916Z hint: 'development'. The just-created branch can be renamed via this command:
2026-10-06T15:59:03.0941721Z hint:
2026-10-06T15:59:03.0942150Z hint: 	git branch -m <name>
2026-10-06T15:59:03.0942816Z hint:
2026-10-06T15:59:03.0943475Z hint: Disable this message with "git config set advice.defaultBranchName false"
2026-10-06T15:59:03.0944595Z Initialized empty Git repository in /home/runner/work/hydrus-mine/hydrus-mine/.git/
2026-10-06T15:59:03.0947702Z [command]/usr/bin/git remote add origin https://github.com/jkendall327/hydrus-mine
2026-10-06T15:59:03.1004554Z ##[endgroup]
2026-10-06T15:59:03.1005369Z ##[group]Disabling automatic garbage collection
2026-10-06T15:59:03.1008765Z [command]/usr/bin/git config --local gc.auto 0
2026-10-06T15:59:03.1043129Z ##[endgroup]
2026-10-06T15:59:03.1043907Z ##[group]Setting up auth
2026-10-06T15:59:03.1051138Z [command]/usr/bin/git config --local --name-only --get-regexp core\.sshCommand
2026-10-06T15:59:03.1089775Z [command]/usr/bin/git submodule foreach --recursive sh -c "git config --local --name-only --get-regexp 'core\.sshCommand' && git config --local --unset-all 'core.sshCommand' || :"
2026-10-06T15:59:03.1497516Z [command]/usr/bin/git config --local --name-only --get-regexp http\.https\:\/\/github\.com\/\.extraheader
2026-10-06T15:59:03.1533243Z [command]/usr/bin/git submodule foreach --recursive sh -c "git config --local --name-only --get-regexp 'http\.https\:\/\/github\.com\/\.extraheader' && git config --local --unset-all 'http.https://github.com/.extraheader' || :"
2026-10-06T15:59:03.1764935Z [command]/usr/bin/git config --local --name-only --get-regexp ^includeIf\.gitdir:
2026-10-06T15:59:03.1800603Z [command]/usr/bin/git submodule foreach --recursive git config --local --show-origin --name-only --get-regexp remote.origin.url
2026-10-06T15:59:03.2034393Z [command]/usr/bin/git config --local http.https://github.com/.extraheader AUTHORIZATION: basic ***
2026-10-06T15:59:03.2075519Z ##[endgroup]
2026-10-06T15:59:03.2076952Z ##[group]Fetching the repository
2026-10-06T15:59:03.2086957Z [command]/usr/bin/git -c protocol.version=2 fetch --no-tags --prune --no-recurse-submodules --depth=1 origin +9bec37964725add7a4f6f072c6a9426ef2e3789b:refs/remotes/origin/codex/full-validation
2026-10-06T15:59:10.5878760Z From https://github.com/jkendall327/hydrus-mine
2026-10-06T15:59:10.5879764Z  * [new ref]         9bec37964725add7a4f6f072c6a9426ef2e3789b -> origin/codex/full-validation
2026-10-06T15:59:10.5881941Z ##[endgroup]
2026-10-06T15:59:10.5883220Z ##[group]Determining the checkout info
2026-10-06T15:59:10.5884373Z ##[endgroup]
2026-10-06T15:59:10.5885166Z [command]/usr/bin/git sparse-checkout disable
2026-10-06T15:59:10.5975884Z [command]/usr/bin/git config --local --unset-all extensions.worktreeConfig
2026-10-06T15:59:10.6012160Z ##[group]Checking out the ref
2026-10-06T15:59:10.6017141Z [command]/usr/bin/git checkout --progress --force -B codex/full-validation refs/remotes/origin/codex/full-validation
2026-10-06T15:59:11.4153715Z Switched to a new branch 'codex/full-validation'
2026-10-06T15:59:11.4160928Z branch 'codex/full-validation' set up to track 'origin/codex/full-validation'.
2026-10-06T15:59:11.4207302Z ##[endgroup]
2026-10-06T15:59:11.4252306Z [command]/usr/bin/git log -1 --format=%H
2026-10-06T15:59:11.4276699Z 9bec37964725add7a4f6f072c6a9426ef2e3789b
2026-10-06T15:59:11.4781647Z ##[group]Run dtolnay/rust-toolchain@master
2026-10-06T15:59:11.4782127Z with:
2026-10-06T15:59:11.4782379Z   toolchain: 1.94
2026-10-06T15:59:11.4782969Z env:
2026-10-06T15:59:11.4783221Z   CARGO_TERM_COLOR: always
2026-10-06T15:59:11.4783523Z   RUSTFLAGS: -D warnings
2026-10-06T15:59:11.4783800Z ##[endgroup]
2026-10-06T15:59:11.4854931Z ##[start-action display=Parse toolchain version;id=__dtolnay_rust-toolchain.parse]
2026-10-06T15:59:11.4947364Z ##[group]Run if [[ -z $toolchain ]]; then
2026-10-06T15:59:11.4947872Z [36;1mif [[ -z $toolchain ]]; then[0m
2026-10-06T15:59:11.4948500Z [36;1m  # GitHub does not enforce `required: true` inputs itself. https://github.com/actions/runner/issues/1070[0m
2026-10-06T15:59:11.4949117Z [36;1m  echo "'toolchain' is a required input" >&2[0m
2026-10-06T15:59:11.4949474Z [36;1m  exit 1[0m
2026-10-06T15:59:11.4949861Z [36;1melif [[ $toolchain =~ ^stable' '[0-9]+' '(year|month|week|day)s?' 'ago$ ]]; then[0m
2026-10-06T15:59:11.4950422Z [36;1m  if [[ Linux == macOS ]]; then[0m
2026-10-06T15:59:11.4951034Z [36;1m    echo "toolchain=1.$((($(date -v-$(sed 's/stable \([0-9]*\) \(.\).*/\1\2/' <<< $toolchain) +%s)/60/60/24-16569)/7/6))" >> $GITHUB_OUTPUT[0m
2026-10-06T15:59:11.4951622Z [36;1m  else[0m
2026-10-06T15:59:11.4952076Z [36;1m    echo "toolchain=1.$((($(date --date "${toolchain#stable }" +%s)/60/60/24-16569)/7/6))" >> $GITHUB_OUTPUT[0m
2026-10-06T15:59:11.4952889Z [36;1m  fi[0m
2026-10-06T15:59:11.4953253Z [36;1melif [[ $toolchain =~ ^stable' 'minus' '[0-9]+' 'releases?$ ]]; then[0m
2026-10-06T15:59:11.4953842Z [36;1m  echo "toolchain=1.$((($(date +%s)/60/60/24-16569)/7/6-${toolchain//[^0-9]/}))" >> $GITHUB_OUTPUT[0m
2026-10-06T15:59:11.4954354Z [36;1melif [[ $toolchain =~ ^1\.[0-9]+$ ]]; then[0m
2026-10-06T15:59:11.4954941Z [36;1m  echo "toolchain=1.$((i=${toolchain#1.}, c=($(date +%s)/60/60/24-16569)/7/6, i+9*i*(10*i<=c)+90*i*(100*i<=c)))" >> $GITHUB_OUTPUT[0m
2026-10-06T15:59:11.4955504Z [36;1melse[0m
2026-10-06T15:59:11.4955813Z [36;1m  echo "toolchain=$toolchain" >> $GITHUB_OUTPUT[0m
2026-10-06T15:59:11.4956162Z [36;1mfi[0m
2026-10-06T15:59:11.5247525Z shell: /usr/bin/bash --noprofile --norc -e -o pipefail {0}
2026-10-06T15:59:11.5248239Z env:
2026-10-06T15:59:11.5248612Z   CARGO_TERM_COLOR: always
2026-10-06T15:59:11.5249036Z   RUSTFLAGS: -D warnings
2026-10-06T15:59:11.5249431Z   toolchain: 1.94
2026-10-06T15:59:11.5249787Z ##[endgroup]
2026-10-06T15:59:11.5429897Z ##[end-action id=__dtolnay_rust-toolchain.parse;outcome=success;conclusion=success;duration_ms=57]
2026-10-06T15:59:11.5449507Z ##[start-action display=Construct rustup command line;id=__dtolnay_rust-toolchain.flags]
2026-10-06T15:59:11.5494423Z ##[group]Run echo "targets=$(for t in ${targets//,/ }; do echo -n ' --target' $t; done)" >> $GITHUB_OUTPUT
2026-10-06T15:59:11.5495699Z [36;1mecho "targets=$(for t in ${targets//,/ }; do echo -n ' --target' $t; done)" >> $GITHUB_OUTPUT[0m
2026-10-06T15:59:11.5496986Z [36;1mecho "components=$(for c in ${components//,/ }; do echo -n ' --component' $c; done)" >> $GITHUB_OUTPUT[0m
2026-10-06T15:59:11.5497960Z [36;1mecho "downgrade=" >> $GITHUB_OUTPUT[0m
2026-10-06T15:59:11.5583445Z shell: /usr/bin/bash --noprofile --norc -e -o pipefail {0}
2026-10-06T15:59:11.5584131Z env:
2026-10-06T15:59:11.5584563Z   CARGO_TERM_COLOR: always
2026-10-06T15:59:11.5585066Z   RUSTFLAGS: -D warnings
2026-10-06T15:59:11.5585527Z   targets: 
2026-10-06T15:59:11.5585925Z   components: 
2026-10-06T15:59:11.5586336Z ##[endgroup]
2026-10-06T15:59:11.5698823Z ##[end-action id=__dtolnay_rust-toolchain.flags;outcome=success;conclusion=success;duration_ms=24]
2026-10-06T15:59:11.5703390Z ##[start-action display=Set $CARGO_HOME;id=__dtolnay_rust-toolchain.__run]
2026-10-06T15:59:11.5732043Z ##[group]Run echo CARGO_HOME=${CARGO_HOME:-"$HOME/.cargo"} >> $GITHUB_ENV
2026-10-06T15:59:11.5732982Z [36;1mecho CARGO_HOME=${CARGO_HOME:-"$HOME/.cargo"} >> $GITHUB_ENV[0m
2026-10-06T15:59:11.5795845Z shell: /usr/bin/bash --noprofile --norc -e -o pipefail {0}
2026-10-06T15:59:11.5796432Z env:
2026-10-06T15:59:11.5796692Z   CARGO_TERM_COLOR: always
2026-10-06T15:59:11.5797006Z   RUSTFLAGS: -D warnings
2026-10-06T15:59:11.5797288Z ##[endgroup]
2026-10-06T15:59:11.5898331Z ##[end-action id=__dtolnay_rust-toolchain.__run;outcome=success;conclusion=success;duration_ms=19]
2026-10-06T15:59:11.5902796Z ##[start-action display=Install rustup if needed;id=__dtolnay_rust-toolchain.__run_2]
2026-10-06T15:59:11.5943745Z ##[group]Run if ! command -v rustup &>/dev/null; then
2026-10-06T15:59:11.5944473Z [36;1mif ! command -v rustup &>/dev/null; then[0m
2026-10-06T15:59:11.5945932Z [36;1m  curl --proto '=https' --tlsv1.2 --retry 10 --retry-connrefused --location --silent --show-error --fail https://sh.rustup.rs | sh -s -- --default-toolchain none -y[0m
2026-10-06T15:59:11.5947356Z [36;1m  echo "$CARGO_HOME/bin" >> $GITHUB_PATH[0m
2026-10-06T15:59:11.5947945Z [36;1mfi[0m
2026-10-06T15:59:11.6028870Z shell: /usr/bin/bash --noprofile --norc -e -o pipefail {0}
2026-10-06T15:59:11.6029491Z env:
2026-10-06T15:59:11.6029852Z   CARGO_TERM_COLOR: always
2026-10-06T15:59:11.6030271Z   RUSTFLAGS: -D warnings
2026-10-06T15:59:11.6030809Z   CARGO_HOME: /home/runner/.cargo
2026-10-06T15:59:11.6031233Z ##[endgroup]
2026-10-06T15:59:11.6130730Z ##[end-action id=__dtolnay_rust-toolchain.__run_2;outcome=success;conclusion=success;duration_ms=22]
2026-10-06T15:59:11.6135444Z ##[start-action display=Install rustup if needed on windows;id=__dtolnay_rust-toolchain.__run_3]
2026-10-06T15:59:11.6147923Z ##[end-action id=__dtolnay_rust-toolchain.__run_3;outcome=skipped;conclusion=skipped;duration_ms=0]
2026-10-06T15:59:11.6165268Z ##[start-action display=rustup toolchain install 1.94;id=__dtolnay_rust-toolchain.__run_4]
2026-10-06T15:59:11.6206451Z ##[group]Run log=$(mktemp)
2026-10-06T15:59:11.6207004Z [36;1mlog=$(mktemp)[0m
2026-10-06T15:59:11.6207495Z [36;1mtrap 'rm -f "$log"' EXIT[0m
2026-10-06T15:59:11.6208035Z [36;1mfor attempt in 1 2 3 4 5; do[0m
2026-10-06T15:59:11.6209075Z [36;1m  if rustup toolchain install 1.94 --profile minimal --no-self-update --force-non-host 2>&1 | tee "$log"; then[0m
2026-10-06T15:59:11.6210110Z [36;1m    break[0m
2026-10-06T15:59:11.6210562Z [36;1m  else[0m
2026-10-06T15:59:11.6210987Z [36;1m    status=$?[0m
2026-10-06T15:59:11.6211452Z [36;1m  fi[0m
2026-10-06T15:59:11.6212067Z [36;1m  if [[ $attempt == 5 ]] || ! grep -Fq 'checksum failed for ' "$log" \[0m
2026-10-06T15:59:11.6213441Z [36;1m      || ! grep -Fq 'this is likely due to an ongoing update of the official release server' "$log"; then[0m
2026-10-06T15:59:11.6214385Z [36;1m    exit "$status"[0m
2026-10-06T15:59:11.6214877Z [36;1m  fi[0m
2026-10-06T15:59:11.6215613Z [36;1m  echo "Retrying rustup toolchain install in 30 seconds (retry $attempt of 4)" >&2[0m
2026-10-06T15:59:11.6216465Z [36;1m  sleep 30[0m
2026-10-06T15:59:11.6216906Z [36;1mdone[0m
2026-10-06T15:59:11.6300676Z shell: /usr/bin/bash --noprofile --norc -e -o pipefail {0}
2026-10-06T15:59:11.6301374Z env:
2026-10-06T15:59:11.6301807Z   CARGO_TERM_COLOR: always
2026-10-06T15:59:11.6302308Z   RUSTFLAGS: -D warnings
2026-10-06T15:59:11.6303006Z   CARGO_HOME: /home/runner/.cargo
2026-10-06T15:59:11.6303555Z   RUSTUP_PERMIT_COPY_RENAME: 1
2026-10-06T15:59:11.6304056Z ##[endgroup]
2026-10-06T15:59:12.0839366Z info: syncing channel updates for 1.94-x86_64-unknown-linux-gnu
2026-10-06T15:59:12.3068298Z info: latest update on 2026-03-26 for version 1.94.1 (e408947bf 2026-03-25)
2026-10-06T15:59:12.3069053Z info: downloading 3 components
2026-10-06T15:59:19.8671342Z 
2026-10-06T15:59:19.8747693Z   1.94-x86_64-unknown-linux-gnu installed - rustc 1.94.1 (e408947bf 2026-03-25)
2026-10-06T15:59:19.8748434Z 
2026-10-06T15:59:19.8840562Z ##[end-action id=__dtolnay_rust-toolchain.__run_4;outcome=success;conclusion=success;duration_ms=8267]
2026-10-06T15:59:19.8850381Z ##[start-action display=rustup default 1.94;id=__dtolnay_rust-toolchain.__run_5]
2026-10-06T15:59:19.8874467Z ##[group]Run rustup default 1.94 --force-non-host
2026-10-06T15:59:19.8875242Z [36;1mrustup default 1.94 --force-non-host[0m
2026-10-06T15:59:19.8942825Z shell: /usr/bin/bash --noprofile --norc -e -o pipefail {0}
2026-10-06T15:59:19.8943224Z env:
2026-10-06T15:59:19.8943445Z   CARGO_TERM_COLOR: always
2026-10-06T15:59:19.8943717Z   RUSTFLAGS: -D warnings
2026-10-06T15:59:19.8943991Z   CARGO_HOME: /home/runner/.cargo
2026-10-06T15:59:19.8944289Z ##[endgroup]
2026-10-06T15:59:19.9083190Z info: using existing install for 1.94-x86_64-unknown-linux-gnu
2026-10-06T15:59:19.9089985Z info: default toolchain set to 1.94-x86_64-unknown-linux-gnu
2026-10-06T15:59:19.9090318Z 
2026-10-06T15:59:19.9161186Z   1.94-x86_64-unknown-linux-gnu unchanged - rustc 1.94.1 (e408947bf 2026-03-25)
2026-10-06T15:59:19.9161733Z 
2026-10-06T15:59:19.9162968Z info: note that the toolchain '1.94-x86_64-unknown-linux-gnu' is currently in use (overridden by '/home/runner/work/hydrus-mine/hydrus-mine/rust-toolchain.toml')
2026-10-06T15:59:19.9182132Z ##[end-action id=__dtolnay_rust-toolchain.__run_5;outcome=success;conclusion=success;duration_ms=33]
2026-10-06T15:59:19.9185618Z ##[start-action display=Create cachekey;id=__dtolnay_rust-toolchain.rustc-version]
2026-10-06T15:59:19.9210040Z ##[group]Run DATE=$(rustc +1.94 --version --verbose | sed -ne 's/^commit-date: \(20[0-9][0-9]\)-\([01][0-9]\)-\([0-3][0-9]\)$/\1\2\3/p')
2026-10-06T15:59:19.9210972Z [36;1mDATE=$(rustc +1.94 --version --verbose | sed -ne 's/^commit-date: \(20[0-9][0-9]\)-\([01][0-9]\)-\([0-3][0-9]\)$/\1\2\3/p')[0m
2026-10-06T15:59:19.9211676Z [36;1mHASH=$(rustc +1.94 --version --verbose | sed -ne 's/^commit-hash: //p')[0m
2026-10-06T15:59:19.9212205Z [36;1mecho "cachekey=$(echo $DATE$HASH | head -c12)" >> $GITHUB_OUTPUT[0m
2026-10-06T15:59:19.9281022Z shell: /usr/bin/bash --noprofile --norc -e -o pipefail {0}
2026-10-06T15:59:19.9281443Z env:
2026-10-06T15:59:19.9281705Z   CARGO_TERM_COLOR: always
2026-10-06T15:59:19.9282012Z   RUSTFLAGS: -D warnings
2026-10-06T15:59:19.9282303Z   CARGO_HOME: /home/runner/.cargo
2026-10-06T15:59:19.9282962Z ##[endgroup]
2026-10-06T15:59:19.9661224Z ##[end-action id=__dtolnay_rust-toolchain.rustc-version;outcome=success;conclusion=success;duration_ms=47]
2026-10-06T15:59:19.9664940Z ##[start-action display=Disable incremental compilation;id=__dtolnay_rust-toolchain.__run_6]
2026-10-06T15:59:19.9687164Z ##[group]Run if [ -z "${CARGO_INCREMENTAL+set}" ]; then
2026-10-06T15:59:19.9687583Z [36;1mif [ -z "${CARGO_INCREMENTAL+set}" ]; then[0m
2026-10-06T15:59:19.9687935Z [36;1m  echo CARGO_INCREMENTAL=0 >> $GITHUB_ENV[0m
2026-10-06T15:59:19.9688239Z [36;1mfi[0m
2026-10-06T15:59:19.9759950Z shell: /usr/bin/bash --noprofile --norc -e -o pipefail {0}
2026-10-06T15:59:19.9760351Z env:
2026-10-06T15:59:19.9760575Z   CARGO_TERM_COLOR: always
2026-10-06T15:59:19.9760847Z   RUSTFLAGS: -D warnings
2026-10-06T15:59:19.9761126Z   CARGO_HOME: /home/runner/.cargo
2026-10-06T15:59:19.9784109Z ##[endgroup]
2026-10-06T15:59:19.9892122Z ##[end-action id=__dtolnay_rust-toolchain.__run_6;outcome=success;conclusion=success;duration_ms=22]
2026-10-06T15:59:19.9895473Z ##[start-action display=Enable colors in Cargo output;id=__dtolnay_rust-toolchain.__run_7]
2026-10-06T15:59:19.9917557Z ##[group]Run if [ -z "${CARGO_TERM_COLOR+set}" ]; then
2026-10-06T15:59:19.9917952Z [36;1mif [ -z "${CARGO_TERM_COLOR+set}" ]; then[0m
2026-10-06T15:59:19.9918294Z [36;1m  echo CARGO_TERM_COLOR=always >> $GITHUB_ENV[0m
2026-10-06T15:59:19.9918595Z [36;1mfi[0m
2026-10-06T15:59:19.9990208Z shell: /usr/bin/bash --noprofile --norc -e -o pipefail {0}
2026-10-06T15:59:19.9990631Z env:
2026-10-06T15:59:19.9990870Z   CARGO_TERM_COLOR: always
2026-10-06T15:59:19.9991170Z   RUSTFLAGS: -D warnings
2026-10-06T15:59:19.9991457Z   CARGO_HOME: /home/runner/.cargo
2026-10-06T15:59:19.9991764Z   CARGO_INCREMENTAL: 0
2026-10-06T15:59:19.9992021Z ##[endgroup]
2026-10-06T15:59:20.0097815Z ##[end-action id=__dtolnay_rust-toolchain.__run_7;outcome=success;conclusion=success;duration_ms=20]
2026-10-06T15:59:20.0101494Z ##[start-action display=Enable Cargo sparse registry;id=__dtolnay_rust-toolchain.__run_8]
2026-10-06T15:59:20.0125551Z ##[group]Run # implemented in 1.66, stabilized in 1.68, made default in 1.70
2026-10-06T15:59:20.0126137Z [36;1m# implemented in 1.66, stabilized in 1.68, made default in 1.70[0m
2026-10-06T15:59:20.0126906Z [36;1mif [ -z "${CARGO_REGISTRIES_CRATES_IO_PROTOCOL+set}" -o -f "/home/runner/work/_temp"/.implicit_cargo_registries_crates_io_protocol ]; then[0m
2026-10-06T15:59:20.0127686Z [36;1m  if rustc +1.94 --version --verbose | grep -q '^release: 1\.6[89]\.'; then[0m
2026-10-06T15:59:20.0128305Z [36;1m    touch "/home/runner/work/_temp"/.implicit_cargo_registries_crates_io_protocol || true[0m
2026-10-06T15:59:20.0128892Z [36;1m    echo CARGO_REGISTRIES_CRATES_IO_PROTOCOL=sparse >> $GITHUB_ENV[0m
2026-10-06T15:59:20.0129422Z [36;1m  elif rustc +1.94 --version --verbose | grep -q '^release: 1\.6[67]\.'; then[0m
2026-10-06T15:59:20.0130030Z [36;1m    touch "/home/runner/work/_temp"/.implicit_cargo_registries_crates_io_protocol || true[0m
2026-10-06T15:59:20.0130604Z [36;1m    echo CARGO_REGISTRIES_CRATES_IO_PROTOCOL=git >> $GITHUB_ENV[0m
2026-10-06T15:59:20.0130980Z [36;1m  fi[0m
2026-10-06T15:59:20.0131180Z [36;1mfi[0m
2026-10-06T15:59:20.0203081Z shell: /usr/bin/bash --noprofile --norc -e -o pipefail {0}
2026-10-06T15:59:20.0203520Z env:
2026-10-06T15:59:20.0203760Z   CARGO_TERM_COLOR: always
2026-10-06T15:59:20.0204050Z   RUSTFLAGS: -D warnings
2026-10-06T15:59:20.0204338Z   CARGO_HOME: /home/runner/.cargo
2026-10-06T15:59:20.0204642Z   CARGO_INCREMENTAL: 0
2026-10-06T15:59:20.0204906Z ##[endgroup]
2026-10-06T15:59:20.0562471Z ##[end-action id=__dtolnay_rust-toolchain.__run_8;outcome=success;conclusion=success;duration_ms=45]
2026-10-06T15:59:20.0566298Z ##[start-action display=Work around spurious network errors in curl 8.0;id=__dtolnay_rust-toolchain.__run_9]
2026-10-06T15:59:20.0590541Z ##[group]Run # https://rust-lang.zulipchat.com/#narrow/stream/246057-t-cargo/topic/timeout.20investigation
2026-10-06T15:59:20.0591466Z [36;1m# https://rust-lang.zulipchat.com/#narrow/stream/246057-t-cargo/topic/timeout.20investigation[0m
2026-10-06T15:59:20.0592176Z [36;1mif rustc +1.94 --version --verbose | grep -q '^release: 1\.7[01]\.'; then[0m
2026-10-06T15:59:20.0593065Z [36;1m  echo CARGO_HTTP_MULTIPLEXING=false >> $GITHUB_ENV[0m
2026-10-06T15:59:20.0593437Z [36;1mfi[0m
2026-10-06T15:59:20.0664804Z shell: /usr/bin/bash --noprofile --norc -e -o pipefail {0}
2026-10-06T15:59:20.0665267Z env:
2026-10-06T15:59:20.0665526Z   CARGO_TERM_COLOR: always
2026-10-06T15:59:20.0665846Z   RUSTFLAGS: -D warnings
2026-10-06T15:59:20.0666153Z   CARGO_HOME: /home/runner/.cargo
2026-10-06T15:59:20.0666503Z   CARGO_INCREMENTAL: 0
2026-10-06T15:59:20.0666780Z ##[endgroup]
2026-10-06T15:59:20.0900421Z ##[end-action id=__dtolnay_rust-toolchain.__run_9;outcome=success;conclusion=success;duration_ms=33]
2026-10-06T15:59:20.0905566Z ##[start-action display=rustc +1.94 --version --verbose;id=__dtolnay_rust-toolchain.__run_10]
2026-10-06T15:59:20.0956720Z ##[group]Run rustc +1.94 --version --verbose
2026-10-06T15:59:20.0957146Z [36;1mrustc +1.94 --version --verbose[0m
2026-10-06T15:59:20.1026801Z shell: /usr/bin/bash --noprofile --norc -e -o pipefail {0}
2026-10-06T15:59:20.1027265Z env:
2026-10-06T15:59:20.1027523Z   CARGO_TERM_COLOR: always
2026-10-06T15:59:20.1027834Z   RUSTFLAGS: -D warnings
2026-10-06T15:59:20.1028142Z   CARGO_HOME: /home/runner/.cargo
2026-10-06T15:59:20.1028482Z   CARGO_INCREMENTAL: 0
2026-10-06T15:59:20.1028760Z ##[endgroup]
2026-10-06T15:59:20.1238560Z rustc 1.94.1 (e408947bf 2026-03-25)
2026-10-06T15:59:20.1239972Z binary: rustc
2026-10-06T15:59:20.1240635Z commit-hash: e408947bfd200af42db322daf0fadfe7e26d3bd1
2026-10-06T15:59:20.1241185Z commit-date: 2026-03-25
2026-10-06T15:59:20.1241514Z host: x86_64-unknown-linux-gnu
2026-10-06T15:59:20.1241828Z release: 1.94.1
2026-10-06T15:59:20.1242145Z LLVM version: 21.1.8
2026-10-06T15:59:20.1259088Z ##[end-action id=__dtolnay_rust-toolchain.__run_10;outcome=success;conclusion=success;duration_ms=35]
2026-10-06T15:59:20.1379783Z ##[group]Run Swatinem/rust-cache@v2
2026-10-06T15:59:20.1380100Z with:
2026-10-06T15:59:20.1380310Z   cache-on-failure: true
2026-10-06T15:59:20.1380572Z   cache-workspace-crates: true
2026-10-06T15:59:20.1380831Z   prefix-key: v0-rust
2026-10-06T15:59:20.1381059Z   add-job-id-key: true
2026-10-06T15:59:20.1381300Z   add-rust-environment-hash-key: true
2026-10-06T15:59:20.1381577Z   cache-targets: true
2026-10-06T15:59:20.1381800Z   cache-all-crates: false
2026-10-06T15:59:20.1382031Z   save-if: true
2026-10-06T15:59:20.1382239Z   cache-provider: github
2026-10-06T15:59:20.1382458Z   cache-bin: true
2026-10-06T15:59:20.1383022Z   lookup-only: false
2026-10-06T15:59:20.1383234Z   cmd-format: {0}
2026-10-06T15:59:20.1383425Z env:
2026-10-06T15:59:20.1383612Z   CARGO_TERM_COLOR: always
2026-10-06T15:59:20.1383850Z   RUSTFLAGS: -D warnings
2026-10-06T15:59:20.1384087Z   CARGO_HOME: /home/runner/.cargo
2026-10-06T15:59:20.1384356Z   CARGO_INCREMENTAL: 0
2026-10-06T15:59:20.1384603Z ##[endgroup]
2026-10-06T15:59:22.6787210Z ##[group]Cache Configuration
2026-10-06T15:59:22.6787728Z Cache Provider:
2026-10-06T15:59:22.6788067Z     github
2026-10-06T15:59:22.6788381Z Workspaces:
2026-10-06T15:59:22.6788751Z     /home/runner/work/hydrus-mine/hydrus-mine
2026-10-06T15:59:22.6789241Z Cache Paths:
2026-10-06T15:59:22.6789607Z     /home/runner/.cargo/bin
2026-10-06T15:59:22.6790059Z     /home/runner/.cargo/.crates.toml
2026-10-06T15:59:22.6790561Z     /home/runner/.cargo/.crates2.json
2026-10-06T15:59:22.6791041Z     /home/runner/.cargo/registry
2026-10-06T15:59:22.6791536Z     /home/runner/.cargo/git
2026-10-06T15:59:22.6792014Z     /home/runner/work/hydrus-mine/hydrus-mine/target
2026-10-06T15:59:22.6792774Z Restore Key:
2026-10-06T15:59:22.6793195Z     v0-rust-parity-models-Linux-x64-ff0b8b70
2026-10-06T15:59:22.6793692Z Cache Key:
2026-10-06T15:59:22.6794126Z     v0-rust-parity-models-Linux-x64-ff0b8b70-0ea5e1be
2026-10-06T15:59:22.6794704Z .. Prefix:
2026-10-06T15:59:22.6795076Z   - v0-rust-parity-models-Linux-x64
2026-10-06T15:59:22.6795546Z .. Environment considered:
2026-10-06T15:59:22.6795941Z   - Rust Versions:
2026-10-06T15:59:22.6796497Z     - 1.94.1 x86_64-unknown-linux-gnu e408947bfd200af42db322daf0fadfe7e26d3bd1
2026-10-06T15:59:22.6797350Z     - 1.99.0 x86_64-unknown-linux-gnu b940084d7eb6a299eb4bfeb8e34901bc051e7ac4
2026-10-06T15:59:22.6797992Z   - CARGO_HOME
2026-10-06T15:59:22.6798203Z   - CARGO_INCREMENTAL
2026-10-06T15:59:22.6798418Z   - CARGO_TERM_COLOR
2026-10-06T15:59:22.6798626Z   - RUSTFLAGS
2026-10-06T15:59:22.6798824Z .. Lockfiles considered:
2026-10-06T15:59:22.6799134Z   - /home/runner/work/hydrus-mine/hydrus-mine/.cargo/config.toml
2026-10-06T15:59:22.6799529Z   - /home/runner/work/hydrus-mine/hydrus-mine/Cargo.lock
2026-10-06T15:59:22.6799968Z   - /home/runner/work/hydrus-mine/hydrus-mine/crates/hydrus-api/Cargo.toml
2026-10-06T15:59:22.6800765Z   - /home/runner/work/hydrus-mine/hydrus-mine/crates/hydrus-cli/Cargo.toml
2026-10-06T15:59:22.6801657Z   - /home/runner/work/hydrus-mine/hydrus-mine/crates/hydrus-core/Cargo.toml
2026-10-06T15:59:22.6802828Z   - /home/runner/work/hydrus-mine/hydrus-mine/crates/hydrus-download/Cargo.toml
2026-10-06T15:59:22.6803870Z   - /home/runner/work/hydrus-mine/hydrus-mine/crates/hydrus-downloader-exchange/Cargo.toml
2026-10-06T15:59:22.6804932Z   - /home/runner/work/hydrus-mine/hydrus-mine/crates/hydrus-duplicates/Cargo.toml
2026-10-06T15:59:22.6805918Z   - /home/runner/work/hydrus-mine/hydrus-mine/crates/hydrus-gui-model/Cargo.toml
2026-10-06T15:59:22.6806902Z   - /home/runner/work/hydrus-mine/hydrus-mine/crates/hydrus-gui-ui/Cargo.toml
2026-10-06T15:59:22.6807841Z   - /home/runner/work/hydrus-mine/hydrus-mine/crates/hydrus-gui/Cargo.toml
2026-10-06T15:59:22.6808749Z   - /home/runner/work/hydrus-mine/hydrus-mine/crates/hydrus-import/Cargo.toml
2026-10-06T15:59:22.6809685Z   - /home/runner/work/hydrus-mine/hydrus-mine/crates/hydrus-legacy/Cargo.toml
2026-10-06T15:59:22.6811113Z   - /home/runner/work/hydrus-mine/hydrus-mine/crates/hydrus-media/Cargo.toml
2026-10-06T15:59:22.6812233Z   - /home/runner/work/hydrus-mine/hydrus-mine/crates/hydrus-net/Cargo.toml
2026-10-06T15:59:22.6813571Z   - /home/runner/work/hydrus-mine/hydrus-mine/crates/hydrus-parse/Cargo.toml
2026-10-06T15:59:22.6814502Z   - /home/runner/work/hydrus-mine/hydrus-mine/crates/hydrus-search/Cargo.toml
2026-10-06T15:59:22.6815450Z   - /home/runner/work/hydrus-mine/hydrus-mine/crates/hydrus-store/Cargo.toml
2026-10-06T15:59:22.6816406Z   - /home/runner/work/hydrus-mine/hydrus-mine/crates/hydrus-testkit/Cargo.toml
2026-10-06T15:59:22.6817251Z   - /home/runner/work/hydrus-mine/hydrus-mine/rust-toolchain.toml
2026-10-06T15:59:22.6818013Z   - /home/runner/work/hydrus-mine/hydrus-mine/xtask/Cargo.toml
2026-10-06T15:59:22.6818953Z ##[endgroup]
2026-10-06T15:59:22.6819186Z 
2026-10-06T15:59:22.6819296Z ... Restoring cache ...
2026-10-06T15:59:22.7504566Z No cache found.
2026-10-06T15:59:22.7613735Z ##[group]Run sudo apt-get update && sudo apt-get install -y ffmpeg
2026-10-06T15:59:22.7614271Z [36;1msudo apt-get update && sudo apt-get install -y ffmpeg[0m
2026-10-06T15:59:22.7676733Z shell: /usr/bin/bash -e {0}
2026-10-06T15:59:22.7677031Z env:
2026-10-06T15:59:22.7677254Z   CARGO_TERM_COLOR: always
2026-10-06T15:59:22.7677533Z   RUSTFLAGS: -D warnings
2026-10-06T15:59:22.7677814Z   CARGO_HOME: /home/runner/.cargo
2026-10-06T15:59:22.7678112Z   CARGO_INCREMENTAL: 0
2026-10-06T15:59:22.7678371Z   CACHE_ON_FAILURE: true
2026-10-06T15:59:22.7678628Z ##[endgroup]
2026-10-06T15:59:22.8584857Z Get:1 file:/etc/apt/apt-mirrors.txt Mirrorlist [144 B]
2026-10-06T15:59:22.9017126Z Hit:2 http://azure.archive.ubuntu.com/ubuntu noble InRelease
2026-10-06T15:59:22.9018614Z Get:6 https://packages.microsoft.com/ubuntu/24.04/prod noble InRelease [3600 B]
2026-10-06T15:59:22.9037292Z Get:3 http://azure.archive.ubuntu.com/ubuntu noble-updates InRelease [126 kB]
2026-10-06T15:59:22.9081772Z Get:4 http://azure.archive.ubuntu.com/ubuntu noble-backports InRelease [126 kB]
2026-10-06T15:59:22.9130287Z Get:5 http://azure.archive.ubuntu.com/ubuntu noble-security InRelease [126 kB]
2026-10-06T15:59:23.0266935Z Get:7 https://packages.microsoft.com/ubuntu/24.04/prod noble/main arm64 Packages [458 kB]
2026-10-06T15:59:23.0420583Z Get:8 https://packages.microsoft.com/ubuntu/24.04/prod noble/main amd64 Packages [515 kB]
2026-10-06T15:59:23.0834740Z Get:9 http://azure.archive.ubuntu.com/ubuntu noble-updates/main amd64 Packages [1374 kB]
2026-10-06T15:59:23.0943562Z Get:10 http://azure.archive.ubuntu.com/ubuntu noble-updates/main Translation-en [306 kB]
2026-10-06T15:59:23.0951427Z Get:11 http://azure.archive.ubuntu.com/ubuntu noble-updates/universe amd64 Packages [1700 kB]
2026-10-06T15:59:23.1053243Z Get:12 http://azure.archive.ubuntu.com/ubuntu noble-updates/universe Translation-en [341 kB]
2026-10-06T15:59:23.1133700Z Get:13 http://azure.archive.ubuntu.com/ubuntu noble-updates/restricted amd64 Packages [1730 kB]
2026-10-06T15:59:23.1229824Z Get:14 http://azure.archive.ubuntu.com/ubuntu noble-updates/restricted Translation-en [396 kB]
2026-10-06T15:59:23.1266132Z Get:15 http://azure.archive.ubuntu.com/ubuntu noble-updates/multiverse Translation-en [13.3 kB]
2026-10-06T15:59:23.2020414Z Get:16 http://azure.archive.ubuntu.com/ubuntu noble-security/main amd64 Packages [1072 kB]
2026-10-06T15:59:23.2084509Z Get:17 http://azure.archive.ubuntu.com/ubuntu noble-security/main Translation-en [222 kB]
2026-10-06T15:59:23.2096548Z Get:18 http://azure.archive.ubuntu.com/ubuntu noble-security/universe amd64 Packages [1216 kB]
2026-10-06T15:59:26.0653691Z Fetched 9725 kB in 1s (9383 kB/s)
2026-10-06T15:59:26.9766800Z Reading package lists...
2026-10-06T15:59:27.0085540Z Reading package lists...
2026-10-06T15:59:27.2660689Z Building dependency tree...
2026-10-06T15:59:27.2669728Z Reading state information...
2026-10-06T15:59:27.4575759Z The following additional packages will be installed:
2026-10-06T15:59:27.4576607Z   i965-va-driver intel-media-va-driver libaacs0 libass9 libasyncns0
2026-10-06T15:59:27.4578165Z   libavc1394-0 libavcodec60 libavdevice60 libavfilter9 libavformat60
2026-10-06T15:59:27.4578991Z   libavutil58 libbdplus0 libblas3 libbluray2 libbs2b0 libcaca0
2026-10-06T15:59:27.4579846Z   libcdio-cdda2t64 libcdio-paranoia2t64 libcdio19t64 libchromaprint1 libcjson1
2026-10-06T15:59:27.4580866Z   libcodec2-1.2 libdav1d7 libdc1394-25 libdecor-0-0 libdecor-0-plugin-1-gtk
2026-10-06T15:59:27.4581773Z   libflac12t64 libflite1 libgme0 libgsm1 libhwy1t64 libiec61883-0 libigdgmm12
2026-10-06T15:59:27.4582919Z   libjack-jackd2-0 libjxl0.7 liblapack3 liblilv-0-0 libmbedcrypto7t64
2026-10-06T15:59:27.4583712Z   libmp3lame0 libmpg123-0t64 libmysofa1 libopenal-data libopenal1
2026-10-06T15:59:27.4584514Z   libopenmpt0t64 libopus0 libplacebo338 libpocketsphinx3 libpostproc57
2026-10-06T15:59:27.4585361Z   libpulse0 librav1e0 libraw1394-11 librist4 librsvg2-2 librsvg2-common
2026-10-06T15:59:27.4586484Z   librubberband2 libsamplerate0 libsdl2-2.0-0 libserd-0-0 libshine3
2026-10-06T15:59:27.4587320Z   libsndfile1 libsndio7.0 libsord-0-0 libsoxr0 libspeex1 libsphinxbase3t64
2026-10-06T15:59:27.4588142Z   libsratom-0-0 libsrt1.5-gnutls libssh-gcrypt-4 libsvtav1enc1d1
2026-10-06T15:59:27.4589010Z   libswresample4 libswscale7 libtheora0 libtwolame0 libudfread0 libunibreak5
2026-10-06T15:59:27.4590045Z   libva-drm2 libva-x11-2 libva2 libvdpau1 libvidstab1.1 libvorbisenc2 libvpl2
2026-10-06T15:59:27.4590949Z   libvpx9 libx264-164 libx265-199 libxcb-shape0 libxv1 libxvidcore4 libzimg2
2026-10-06T15:59:27.4591962Z   libzix-0-0 libzvbi-common libzvbi0t64 mesa-va-drivers mesa-vdpau-drivers
2026-10-06T15:59:27.4593076Z   ocl-icd-libopencl1 pocketsphinx-en-us va-driver-all vdpau-driver-all
2026-10-06T15:59:27.4596023Z Suggested packages:
2026-10-06T15:59:27.4596595Z   ffmpeg-doc i965-va-driver-shaders libcuda1 libnvcuvid1 libnvidia-encode1
2026-10-06T15:59:27.4597148Z   libbluray-bdj jackd2 libportaudio2 opus-tools pulseaudio libraw1394-doc
2026-10-06T15:59:27.4597648Z   librsvg2-bin serdi sndiod sordi speex opencl-icd libvdpau-va-gl1
2026-10-06T15:59:27.5074833Z The following NEW packages will be installed:
2026-10-06T15:59:27.5075891Z   ffmpeg i965-va-driver intel-media-va-driver libaacs0 libass9 libasyncns0
2026-10-06T15:59:27.5076976Z   libavc1394-0 libavcodec60 libavdevice60 libavfilter9 libavformat60
2026-10-06T15:59:27.5078016Z   libavutil58 libbdplus0 libblas3 libbluray2 libbs2b0 libcaca0
2026-10-06T15:59:27.5078907Z   libcdio-cdda2t64 libcdio-paranoia2t64 libcdio19t64 libchromaprint1 libcjson1
2026-10-06T15:59:27.5079880Z   libcodec2-1.2 libdav1d7 libdc1394-25 libdecor-0-0 libdecor-0-plugin-1-gtk
2026-10-06T15:59:27.5083333Z   libflac12t64 libflite1 libgme0 libgsm1 libhwy1t64 libiec61883-0 libigdgmm12
2026-10-06T15:59:27.5084369Z   libjack-jackd2-0 libjxl0.7 liblapack3 liblilv-0-0 libmbedcrypto7t64
2026-10-06T15:59:27.5085276Z   libmp3lame0 libmpg123-0t64 libmysofa1 libopenal-data libopenal1
2026-10-06T15:59:27.5086228Z   libopenmpt0t64 libopus0 libplacebo338 libpocketsphinx3 libpostproc57
2026-10-06T15:59:27.5087199Z   libpulse0 librav1e0 libraw1394-11 librist4 librsvg2-2 librsvg2-common
2026-10-06T15:59:27.5088005Z   librubberband2 libsamplerate0 libsdl2-2.0-0 libserd-0-0 libshine3
2026-10-06T15:59:27.5088888Z   libsndfile1 libsndio7.0 libsord-0-0 libsoxr0 libspeex1 libsphinxbase3t64
2026-10-06T15:59:27.5089822Z   libsratom-0-0 libsrt1.5-gnutls libssh-gcrypt-4 libsvtav1enc1d1
2026-10-06T15:59:27.5090831Z   libswresample4 libswscale7 libtheora0 libtwolame0 libudfread0 libunibreak5
2026-10-06T15:59:27.5091923Z   libva-drm2 libva-x11-2 libva2 libvdpau1 libvidstab1.1 libvorbisenc2 libvpl2
2026-10-06T15:59:27.5093043Z   libvpx9 libx264-164 libx265-199 libxcb-shape0 libxv1 libxvidcore4 libzimg2
2026-10-06T15:59:27.5094106Z   libzix-0-0 libzvbi-common libzvbi0t64 mesa-va-drivers mesa-vdpau-drivers
2026-10-06T15:59:27.5095119Z   ocl-icd-libopencl1 pocketsphinx-en-us va-driver-all vdpau-driver-all
2026-10-06T15:59:27.5323551Z 0 upgraded, 99 newly installed, 0 to remove and 10 not upgraded.
2026-10-06T15:59:27.5324076Z Need to get 94.1 MB of archives.
2026-10-06T15:59:27.5325038Z After this operation, 227 MB of additional disk space will be used.
2026-10-06T15:59:27.5325881Z Get:1 file:/etc/apt/apt-mirrors.txt Mirrorlist [144 B]
2026-10-06T15:59:27.7274677Z Get:2 http://azure.archive.ubuntu.com/ubuntu noble-updates/universe amd64 libva2 amd64 2.20.0-2ubuntu0.2 [66.4 kB]
2026-10-06T15:59:28.0347294Z Get:3 http://azure.archive.ubuntu.com/ubuntu noble-updates/universe amd64 libva-drm2 amd64 2.20.0-2ubuntu0.2 [7124 B]
2026-10-06T15:59:28.1291209Z Get:4 http://azure.archive.ubuntu.com/ubuntu noble-updates/universe amd64 libva-x11-2 amd64 2.20.0-2ubuntu0.2 [12.0 kB]
2026-10-06T15:59:28.2264265Z Get:5 http://azure.archive.ubuntu.com/ubuntu noble/main amd64 libvdpau1 amd64 1.5-2build1 [27.8 kB]
2026-10-06T15:59:28.3405296Z Get:6 http://azure.archive.ubuntu.com/ubuntu noble/universe amd64 libvpl2 amd64 2023.3.0-1build1 [99.8 kB]
2026-10-06T15:59:28.5249259Z Get:7 http://azure.archive.ubuntu.com/ubuntu noble/universe amd64 ocl-icd-libopencl1 amd64 2.3.2-1build1 [38.5 kB]
2026-10-06T15:59:28.6268762Z Get:8 http://azure.archive.ubuntu.com/ubuntu noble/universe amd64 libavutil58 amd64 7:6.1.1-3ubuntu5 [401 kB]
2026-10-06T15:59:28.8720717Z Get:9 http://azure.archive.ubuntu.com/ubuntu noble/universe amd64 libcodec2-1.2 amd64 1.2.0-2build1 [8998 kB]
2026-10-06T15:59:29.4110332Z Get:10 http://azure.archive.ubuntu.com/ubuntu noble/universe amd64 libdav1d7 amd64 1.4.1-1build1 [604 kB]
2026-10-06T15:59:29.5056663Z Get:11 http://azure.archive.ubuntu.com/ubuntu noble/universe amd64 libgsm1 amd64 1.0.22-1build1 [27.8 kB]
2026-10-06T15:59:29.5967830Z Get:12 http://azure.archive.ubuntu.com/ubuntu noble/universe amd64 libhwy1t64 amd64 1.0.7-8.1build1 [584 kB]
2026-10-06T15:59:29.7985032Z Get:13 http://azure.archive.ubuntu.com/ubuntu noble-updates/universe amd64 libjxl0.7 amd64 0.7.0-10.2ubuntu6.1 [1001 kB]
2026-10-06T15:59:29.9886923Z Get:14 http://azure.archive.ubuntu.com/ubuntu noble/main amd64 libmp3lame0 amd64 3.100-6build1 [142 kB]
2026-10-06T15:59:30.0830699Z Get:15 http://azure.archive.ubuntu.com/ubuntu noble/main amd64 libopus0 amd64 1.4-1build1 [208 kB]
2026-10-06T15:59:30.1800647Z Get:16 http://azure.archive.ubuntu.com/ubuntu noble/universe amd64 librav1e0 amd64 0.7.1-2 [1022 kB]
2026-10-06T15:59:30.3071132Z Get:17 http://azure.archive.ubuntu.com/ubuntu noble/main amd64 librsvg2-2 amd64 2.58.0+dfsg-1build1 [2135 kB]
2026-10-06T15:59:30.4765570Z Get:18 http://azure.archive.ubuntu.com/ubuntu noble/universe amd64 libshine3 amd64 3.1.1-2build1 [23.2 kB]
2026-10-06T15:59:30.5669104Z Get:19 http://azure.archive.ubuntu.com/ubuntu noble-updates/main amd64 libspeex1 amd64 1.2.1-2ubuntu2.24.04.1 [59.6 kB]
2026-10-06T15:59:30.6581226Z Get:20 http://azure.archive.ubuntu.com/ubuntu noble/universe amd64 libsvtav1enc1d1 amd64 1.7.0+dfsg-2build1 [2425 kB]
2026-10-06T15:59:30.8141467Z Get:21 http://azure.archive.ubuntu.com/ubuntu noble/universe amd64 libsoxr0 amd64 0.1.3-4build3 [80.0 kB]
2026-10-06T15:59:30.9052229Z Get:22 http://azure.archive.ubuntu.com/ubuntu noble/universe amd64 libswresample4 amd64 7:6.1.1-3ubuntu5 [63.8 kB]
2026-10-06T15:59:30.9959642Z Get:23 http://azure.archive.ubuntu.com/ubuntu noble/main amd64 libtheora0 amd64 1.1.1+dfsg.1-16.1build3 [211 kB]
2026-10-06T15:59:31.0901264Z Get:24 http://azure.archive.ubuntu.com/ubuntu noble/main amd64 libtwolame0 amd64 0.4.0-2build3 [52.3 kB]
2026-10-06T15:59:31.1809069Z Get:25 http://azure.archive.ubuntu.com/ubuntu noble/main amd64 libvorbisenc2 amd64 1.3.7-1build3 [80.8 kB]
2026-10-06T15:59:31.2791255Z Get:26 http://azure.archive.ubuntu.com/ubuntu noble-updates/main amd64 libvpx9 amd64 1.14.0-1ubuntu2.3 [1143 kB]
2026-10-06T15:59:31.3867839Z Get:27 http://azure.archive.ubuntu.com/ubuntu noble/universe amd64 libx264-164 amd64 2:0.164.3108+git31e19f9-1 [604 kB]
2026-10-06T15:59:31.4895631Z Get:28 http://azure.archive.ubuntu.com/ubuntu noble/universe amd64 libx265-199 amd64 3.5-2build1 [1226 kB]
2026-10-06T15:59:31.6066350Z Get:29 http://azure.archive.ubuntu.com/ubuntu noble/universe amd64 libxvidcore4 amd64 2:1.3.7-1build1 [219 kB]
2026-10-06T15:59:31.7008638Z Get:30 http://azure.archive.ubuntu.com/ubuntu noble/universe amd64 libzvbi-common all 0.2.42-2 [42.4 kB]
2026-10-06T15:59:31.7922409Z Get:31 http://azure.archive.ubuntu.com/ubuntu noble/universe amd64 libzvbi0t64 amd64 0.2.42-2 [261 kB]
2026-10-06T15:59:31.8871204Z Get:32 http://azure.archive.ubuntu.com/ubuntu noble/universe amd64 libavcodec60 amd64 7:6.1.1-3ubuntu5 [5851 kB]
2026-10-06T15:59:32.1278455Z Get:33 http://azure.archive.ubuntu.com/ubuntu noble/main amd64 libraw1394-11 amd64 2.1.2-2build3 [26.2 kB]
2026-10-06T15:59:32.2185906Z Get:34 http://azure.archive.ubuntu.com/ubuntu noble/main amd64 libavc1394-0 amd64 0.5.4-5build3 [15.4 kB]
2026-10-06T15:59:32.3089545Z Get:35 http://azure.archive.ubuntu.com/ubuntu noble/universe amd64 libunibreak5 amd64 5.1-2build1 [25.0 kB]
2026-10-06T15:59:32.3994717Z Get:36 http://azure.archive.ubuntu.com/ubuntu noble/universe amd64 libass9 amd64 1:0.17.1-2build1 [104 kB]
2026-10-06T15:59:32.4901423Z Get:37 http://azure.archive.ubuntu.com/ubuntu noble/universe amd64 libudfread0 amd64 1.1.2-1build1 [19.0 kB]
2026-10-06T15:59:32.5806889Z Get:38 http://azure.archive.ubuntu.com/ubuntu noble/universe amd64 libbluray2 amd64 1:1.3.4-1build1 [159 kB]
2026-10-06T15:59:32.6732056Z Get:39 http://azure.archive.ubuntu.com/ubuntu noble/universe amd64 libchromaprint1 amd64 1.5.1-5 [30.5 kB]
2026-10-06T15:59:32.7635570Z Get:40 http://azure.archive.ubuntu.com/ubuntu noble/universe amd64 libgme0 amd64 0.6.3-7build1 [134 kB]
2026-10-06T15:59:32.8549341Z Get:41 http://azure.archive.ubuntu.com/ubuntu noble-updates/main amd64 libmpg123-0t64 amd64 1.32.5-1ubuntu1.1 [169 kB]
2026-10-06T15:59:32.9474312Z Get:42 http://azure.archive.ubuntu.com/ubuntu noble/universe amd64 libopenmpt0t64 amd64 0.7.3-1.1build3 [647 kB]
2026-10-06T15:59:33.0424505Z Get:43 http://azure.archive.ubuntu.com/ubuntu noble/universe amd64 libcjson1 amd64 1.7.17-1 [24.8 kB]
2026-10-06T15:59:33.1328577Z Get:44 http://azure.archive.ubuntu.com/ubuntu noble/universe amd64 libmbedcrypto7t64 amd64 2.28.8-1 [209 kB]
2026-10-06T15:59:33.2280030Z Get:45 http://azure.archive.ubuntu.com/ubuntu noble/universe amd64 librist4 amd64 0.2.10+dfsg-2 [74.9 kB]
2026-10-06T15:59:33.3191172Z Get:46 http://azure.archive.ubuntu.com/ubuntu noble/universe amd64 libsrt1.5-gnutls amd64 1.5.3-1build2 [316 kB]
2026-10-06T15:59:33.4130850Z Get:47 http://azure.archive.ubuntu.com/ubuntu noble-updates/main amd64 libssh-gcrypt-4 amd64 0.10.6-2ubuntu0.5 [226 kB]
2026-10-06T15:59:33.5048048Z Get:48 http://azure.archive.ubuntu.com/ubuntu noble/universe amd64 libavformat60 amd64 7:6.1.1-3ubuntu5 [1153 kB]
2026-10-06T15:59:33.6091192Z Get:49 http://azure.archive.ubuntu.com/ubuntu noble/universe amd64 libbs2b0 amd64 3.1.0+dfsg-7build1 [10.6 kB]
2026-10-06T15:59:33.6999750Z Get:50 http://azure.archive.ubuntu.com/ubuntu noble/universe amd64 libflite1 amd64 2.2-6build3 [13.6 MB]
2026-10-06T15:59:34.1643188Z Get:51 http://azure.archive.ubuntu.com/ubuntu noble/universe amd64 libserd-0-0 amd64 0.32.2-1 [43.6 kB]
2026-10-06T15:59:34.2549346Z Get:52 http://azure.archive.ubuntu.com/ubuntu noble/universe amd64 libzix-0-0 amd64 0.4.2-2build1 [23.6 kB]
2026-10-06T15:59:34.3452817Z Get:53 http://azure.archive.ubuntu.com/ubuntu noble/universe amd64 libsord-0-0 amd64 0.16.16-2build1 [15.8 kB]
2026-10-06T15:59:34.4360812Z Get:54 http://azure.archive.ubuntu.com/ubuntu noble/universe amd64 libsratom-0-0 amd64 0.6.16-1build1 [17.3 kB]
2026-10-06T15:59:34.5265080Z Get:55 http://azure.archive.ubuntu.com/ubuntu noble/universe amd64 liblilv-0-0 amd64 0.24.22-1build1 [41.0 kB]
2026-10-06T15:59:34.6113038Z Get:56 http://azure.archive.ubuntu.com/ubuntu noble/universe amd64 libmysofa1 amd64 1.3.2+dfsg-2ubuntu2 [1158 kB]
2026-10-06T15:59:34.7220442Z Get:57 http://azure.archive.ubuntu.com/ubuntu noble/universe amd64 libplacebo338 amd64 6.338.2-2build1 [2654 kB]
2026-10-06T15:59:34.8687613Z Get:58 http://azure.archive.ubuntu.com/ubuntu noble-updates/main amd64 libblas3 amd64 3.12.0-3build1.1 [238 kB]
2026-10-06T15:59:34.9572737Z Get:59 http://azure.archive.ubuntu.com/ubuntu noble-updates/main amd64 liblapack3 amd64 3.12.0-3build1.1 [2646 kB]
2026-10-06T15:59:35.0914312Z Get:60 http://azure.archive.ubuntu.com/ubuntu noble/main amd64 libasyncns0 amd64 0.8-6build4 [11.3 kB]
2026-10-06T15:59:35.1758665Z Get:61 http://azure.archive.ubuntu.com/ubuntu noble/main amd64 libflac12t64 amd64 1.4.3+ds-2.1ubuntu2 [197 kB]
2026-10-06T15:59:35.2629247Z Get:62 http://azure.archive.ubuntu.com/ubuntu noble-updates/main amd64 libsndfile1 amd64 1.2.2-1ubuntu5.24.04.1 [209 kB]
2026-10-06T15:59:35.3499935Z Get:63 http://azure.archive.ubuntu.com/ubuntu noble-updates/main amd64 libpulse0 amd64 1:16.1+dfsg1-2ubuntu10.1 [292 kB]
2026-10-06T15:59:35.4388080Z Get:64 http://azure.archive.ubuntu.com/ubuntu noble/universe amd64 libsphinxbase3t64 amd64 0.8+5prealpha+1-17build2 [126 kB]
2026-10-06T15:59:35.5249835Z Get:65 http://azure.archive.ubuntu.com/ubuntu noble/universe amd64 libpocketsphinx3 amd64 0.8.0+real5prealpha+1-15ubuntu5 [133 kB]
2026-10-06T15:59:35.6111078Z Get:66 http://azure.archive.ubuntu.com/ubuntu noble/universe amd64 libpostproc57 amd64 7:6.1.1-3ubuntu5 [49.9 kB]
2026-10-06T15:59:35.6964273Z Get:67 http://azure.archive.ubuntu.com/ubuntu noble/main amd64 libsamplerate0 amd64 0.2.2-4build1 [1344 kB]
2026-10-06T15:59:35.8043364Z Get:68 http://azure.archive.ubuntu.com/ubuntu noble/universe amd64 librubberband2 amd64 3.3.0+dfsg-2build1 [130 kB]
2026-10-06T15:59:35.8905691Z Get:69 http://azure.archive.ubuntu.com/ubuntu noble/universe amd64 libswscale7 amd64 7:6.1.1-3ubuntu5 [193 kB]
2026-10-06T15:59:35.9772767Z Get:70 http://azure.archive.ubuntu.com/ubuntu noble/universe amd64 libvidstab1.1 amd64 1.1.0-2build1 [38.5 kB]
2026-10-06T15:59:36.0625719Z Get:71 http://azure.archive.ubuntu.com/ubuntu noble/universe amd64 libzimg2 amd64 3.0.5+ds1-1build1 [254 kB]
2026-10-06T15:59:36.1507366Z Get:72 http://azure.archive.ubuntu.com/ubuntu noble/universe amd64 libavfilter9 amd64 7:6.1.1-3ubuntu5 [4235 kB]
2026-10-06T15:59:36.3388668Z Get:73 http://azure.archive.ubuntu.com/ubuntu noble-updates/main amd64 libcaca0 amd64 0.99.beta20-4ubuntu0.2 [209 kB]
2026-10-06T15:59:36.4250014Z Get:74 http://azure.archive.ubuntu.com/ubuntu noble-updates/main amd64 libcdio19t64 amd64 2.1.0-4.1ubuntu1.2 [62.4 kB]
2026-10-06T15:59:36.5101814Z Get:75 http://azure.archive.ubuntu.com/ubuntu noble/main amd64 libcdio-cdda2t64 amd64 10.2+2.0.1-1.1build2 [16.5 kB]
2026-10-06T15:59:36.5954613Z Get:76 http://azure.archive.ubuntu.com/ubuntu noble/main amd64 libcdio-paranoia2t64 amd64 10.2+2.0.1-1.1build2 [16.6 kB]
2026-10-06T15:59:36.6864041Z Get:77 http://azure.archive.ubuntu.com/ubuntu noble/universe amd64 libdc1394-25 amd64 2.2.6-4build1 [90.1 kB]
2026-10-06T15:59:36.7713605Z Get:78 http://azure.archive.ubuntu.com/ubuntu noble/main amd64 libiec61883-0 amd64 1.2.0-6build1 [24.5 kB]
2026-10-06T15:59:36.8562245Z Get:79 http://azure.archive.ubuntu.com/ubuntu noble/main amd64 libjack-jackd2-0 amd64 1.9.21~dfsg-3ubuntu3 [289 kB]
2026-10-06T15:59:36.9511096Z Get:80 http://azure.archive.ubuntu.com/ubuntu noble/universe amd64 libopenal-data all 1:1.23.1-4build1 [161 kB]
2026-10-06T15:59:37.0386888Z Get:81 http://azure.archive.ubuntu.com/ubuntu noble/universe amd64 libsndio7.0 amd64 1.9.0-0.3build3 [29.6 kB]
2026-10-06T15:59:37.1233716Z Get:82 http://azure.archive.ubuntu.com/ubuntu noble/universe amd64 libopenal1 amd64 1:1.23.1-4build1 [540 kB]
2026-10-06T15:59:37.2213250Z Get:83 http://azure.archive.ubuntu.com/ubuntu noble/main amd64 libdecor-0-0 amd64 0.2.2-1build2 [16.5 kB]
2026-10-06T15:59:37.3059122Z Get:84 http://azure.archive.ubuntu.com/ubuntu noble-updates/main amd64 libsdl2-2.0-0 amd64 2.30.0+dfsg-1ubuntu3.1 [686 kB]
2026-10-06T15:59:37.4165042Z Get:85 http://azure.archive.ubuntu.com/ubuntu noble/main amd64 libxcb-shape0 amd64 1.15-1ubuntu2 [6100 B]
2026-10-06T15:59:37.5066127Z Get:86 http://azure.archive.ubuntu.com/ubuntu noble/main amd64 libxv1 amd64 2:1.0.11-1.1build1 [10.7 kB]
2026-10-06T15:59:37.5969734Z Get:87 http://azure.archive.ubuntu.com/ubuntu noble/universe amd64 libavdevice60 amd64 7:6.1.1-3ubuntu5 [82.3 kB]
2026-10-06T15:59:37.6879745Z Get:88 http://azure.archive.ubuntu.com/ubuntu noble/universe amd64 ffmpeg amd64 7:6.1.1-3ubuntu5 [1879 kB]
2026-10-06T15:59:37.8016083Z Get:89 http://azure.archive.ubuntu.com/ubuntu noble-updates/universe amd64 libigdgmm12 amd64 22.3.17+ds1-1ubuntu1 [145 kB]
2026-10-06T15:59:37.8935541Z Get:90 http://azure.archive.ubuntu.com/ubuntu noble-updates/universe amd64 intel-media-va-driver amd64 24.1.0+dfsg1-1ubuntu0.2 [3163 kB]
2026-10-06T15:59:38.0725692Z Get:91 http://azure.archive.ubuntu.com/ubuntu noble/universe amd64 libaacs0 amd64 0.11.1-2build1 [62.9 kB]
2026-10-06T15:59:38.1633103Z Get:92 http://azure.archive.ubuntu.com/ubuntu noble/universe amd64 libbdplus0 amd64 0.2.0-3build1 [52.2 kB]
2026-10-06T15:59:38.2542968Z Get:93 http://azure.archive.ubuntu.com/ubuntu noble/main amd64 libdecor-0-plugin-1-gtk amd64 0.2.2-1build2 [22.2 kB]
2026-10-06T15:59:38.3474982Z Get:94 http://azure.archive.ubuntu.com/ubuntu noble/main amd64 librsvg2-common amd64 2.58.0+dfsg-1build1 [11.8 kB]
2026-10-06T15:59:38.4403409Z Get:95 http://azure.archive.ubuntu.com/ubuntu noble-updates/universe amd64 mesa-va-drivers amd64 25.2.8-0ubuntu0.24.04.4 [6778 B]
2026-10-06T15:59:38.5307010Z Get:96 http://azure.archive.ubuntu.com/ubuntu noble-updates/main amd64 mesa-vdpau-drivers amd64 25.2.8-0ubuntu0.24.04.4 [23.4 kB]
2026-10-06T15:59:38.6211733Z Get:97 http://azure.archive.ubuntu.com/ubuntu noble-updates/universe amd64 i965-va-driver amd64 2.4.1+dfsg1-1ubuntu0.2 [332 kB]
2026-10-06T15:59:38.7138536Z Get:98 http://azure.archive.ubuntu.com/ubuntu noble-updates/universe amd64 va-driver-all amd64 2.20.0-2ubuntu0.2 [5014 B]
2026-10-06T15:59:38.8042170Z Get:99 http://azure.archive.ubuntu.com/ubuntu noble/main amd64 vdpau-driver-all amd64 1.5-2build1 [4414 B]
2026-10-06T15:59:38.8948708Z Get:100 http://azure.archive.ubuntu.com/ubuntu noble/universe amd64 pocketsphinx-en-us all 0.8.0+real5prealpha+1-15ubuntu5 [27.4 MB]
2026-10-06T15:59:40.0293641Z Fetched 94.1 MB in 12s (7738 kB/s)
2026-10-06T15:59:40.0543975Z Selecting previously unselected package libva2:amd64.
2026-10-06T15:59:40.0862329Z (Reading database ... 
2026-10-06T15:59:40.0863127Z (Reading database ... 5%
2026-10-06T15:59:40.0863514Z (Reading database ... 10%
2026-10-06T15:59:40.0863844Z (Reading database ... 15%
2026-10-06T15:59:40.0864164Z (Reading database ... 20%
2026-10-06T15:59:40.0864485Z (Reading database ... 25%
2026-10-06T15:59:40.0864800Z (Reading database ... 30%
2026-10-06T15:59:40.0865113Z (Reading database ... 35%
2026-10-06T15:59:40.0865429Z (Reading database ... 40%
2026-10-06T15:59:40.0865744Z (Reading database ... 45%
2026-10-06T15:59:40.0866056Z (Reading database ... 50%
2026-10-06T15:59:40.0903955Z (Reading database ... 55%
2026-10-06T15:59:40.2044319Z (Reading database ... 60%
2026-10-06T15:59:40.4118859Z (Reading database ... 65%
2026-10-06T15:59:40.6051444Z (Reading database ... 70%
2026-10-06T15:59:40.8024632Z (Reading database ... 75%
2026-10-06T15:59:40.9613280Z (Reading database ... 80%
2026-10-06T15:59:41.1528955Z (Reading database ... 85%
2026-10-06T15:59:41.3544863Z (Reading database ... 90%
2026-10-06T15:59:41.5239450Z (Reading database ... 95%
2026-10-06T15:59:41.5240049Z (Reading database ... 100%
2026-10-06T15:59:41.5240829Z (Reading database ... 203191 files and directories currently installed.)
2026-10-06T15:59:41.5285815Z Preparing to unpack .../00-libva2_2.20.0-2ubuntu0.2_amd64.deb ...
2026-10-06T15:59:41.5322664Z Unpacking libva2:amd64 (2.20.0-2ubuntu0.2) ...
2026-10-06T15:59:41.5567468Z Selecting previously unselected package libva-drm2:amd64.
2026-10-06T15:59:41.5700635Z Preparing to unpack .../01-libva-drm2_2.20.0-2ubuntu0.2_amd64.deb ...
2026-10-06T15:59:41.5709022Z Unpacking libva-drm2:amd64 (2.20.0-2ubuntu0.2) ...
2026-10-06T15:59:41.5925834Z Selecting previously unselected package libva-x11-2:amd64.
2026-10-06T15:59:41.6058133Z Preparing to unpack .../02-libva-x11-2_2.20.0-2ubuntu0.2_amd64.deb ...
2026-10-06T15:59:41.6066449Z Unpacking libva-x11-2:amd64 (2.20.0-2ubuntu0.2) ...
2026-10-06T15:59:41.6282388Z Selecting previously unselected package libvdpau1:amd64.
2026-10-06T15:59:41.6414169Z Preparing to unpack .../03-libvdpau1_1.5-2build1_amd64.deb ...
2026-10-06T15:59:41.6424588Z Unpacking libvdpau1:amd64 (1.5-2build1) ...
2026-10-06T15:59:41.6655316Z Selecting previously unselected package libvpl2.
2026-10-06T15:59:41.6787336Z Preparing to unpack .../04-libvpl2_2023.3.0-1build1_amd64.deb ...
2026-10-06T15:59:41.6796585Z Unpacking libvpl2 (2023.3.0-1build1) ...
2026-10-06T15:59:41.7035047Z Selecting previously unselected package ocl-icd-libopencl1:amd64.
2026-10-06T15:59:41.7167510Z Preparing to unpack .../05-ocl-icd-libopencl1_2.3.2-1build1_amd64.deb ...
2026-10-06T15:59:41.7176530Z Unpacking ocl-icd-libopencl1:amd64 (2.3.2-1build1) ...
2026-10-06T15:59:41.7453499Z Selecting previously unselected package libavutil58:amd64.
2026-10-06T15:59:41.7586602Z Preparing to unpack .../06-libavutil58_7%3a6.1.1-3ubuntu5_amd64.deb ...
2026-10-06T15:59:41.7600616Z Unpacking libavutil58:amd64 (7:6.1.1-3ubuntu5) ...
2026-10-06T15:59:41.7869485Z Selecting previously unselected package libcodec2-1.2:amd64.
2026-10-06T15:59:41.8000716Z Preparing to unpack .../07-libcodec2-1.2_1.2.0-2build1_amd64.deb ...
2026-10-06T15:59:41.8009655Z Unpacking libcodec2-1.2:amd64 (1.2.0-2build1) ...
2026-10-06T15:59:41.8757438Z Selecting previously unselected package libdav1d7:amd64.
2026-10-06T15:59:41.8887757Z Preparing to unpack .../08-libdav1d7_1.4.1-1build1_amd64.deb ...
2026-10-06T15:59:41.8896750Z Unpacking libdav1d7:amd64 (1.4.1-1build1) ...
2026-10-06T15:59:41.9202250Z Selecting previously unselected package libgsm1:amd64.
2026-10-06T15:59:41.9333408Z Preparing to unpack .../09-libgsm1_1.0.22-1build1_amd64.deb ...
2026-10-06T15:59:41.9342513Z Unpacking libgsm1:amd64 (1.0.22-1build1) ...
2026-10-06T15:59:41.9569233Z Selecting previously unselected package libhwy1t64:amd64.
2026-10-06T15:59:41.9698638Z Preparing to unpack .../10-libhwy1t64_1.0.7-8.1build1_amd64.deb ...
2026-10-06T15:59:41.9707104Z Unpacking libhwy1t64:amd64 (1.0.7-8.1build1) ...
2026-10-06T15:59:42.0044169Z Selecting previously unselected package libjxl0.7:amd64.
2026-10-06T15:59:42.0173081Z Preparing to unpack .../11-libjxl0.7_0.7.0-10.2ubuntu6.1_amd64.deb ...
2026-10-06T15:59:42.0183183Z Unpacking libjxl0.7:amd64 (0.7.0-10.2ubuntu6.1) ...
2026-10-06T15:59:42.0524210Z Selecting previously unselected package libmp3lame0:amd64.
2026-10-06T15:59:42.0654580Z Preparing to unpack .../12-libmp3lame0_3.100-6build1_amd64.deb ...
2026-10-06T15:59:42.0664525Z Unpacking libmp3lame0:amd64 (3.100-6build1) ...
2026-10-06T15:59:42.0899851Z Selecting previously unselected package libopus0:amd64.
2026-10-06T15:59:42.1030721Z Preparing to unpack .../13-libopus0_1.4-1build1_amd64.deb ...
2026-10-06T15:59:42.1038466Z Unpacking libopus0:amd64 (1.4-1build1) ...
2026-10-06T15:59:42.1276947Z Selecting previously unselected package librav1e0:amd64.
2026-10-06T15:59:42.1407510Z Preparing to unpack .../14-librav1e0_0.7.1-2_amd64.deb ...
2026-10-06T15:59:42.1417677Z Unpacking librav1e0:amd64 (0.7.1-2) ...
2026-10-06T15:59:42.1753909Z Selecting previously unselected package librsvg2-2:amd64.
2026-10-06T15:59:42.1885773Z Preparing to unpack .../15-librsvg2-2_2.58.0+dfsg-1build1_amd64.deb ...
2026-10-06T15:59:42.1895131Z Unpacking librsvg2-2:amd64 (2.58.0+dfsg-1build1) ...
2026-10-06T15:59:42.2380345Z Selecting previously unselected package libshine3:amd64.
2026-10-06T15:59:42.2512104Z Preparing to unpack .../16-libshine3_3.1.1-2build1_amd64.deb ...
2026-10-06T15:59:42.2521408Z Unpacking libshine3:amd64 (3.1.1-2build1) ...
2026-10-06T15:59:42.2738351Z Selecting previously unselected package libspeex1:amd64.
2026-10-06T15:59:42.2871446Z Preparing to unpack .../17-libspeex1_1.2.1-2ubuntu2.24.04.1_amd64.deb ...
2026-10-06T15:59:42.2880591Z Unpacking libspeex1:amd64 (1.2.1-2ubuntu2.24.04.1) ...
2026-10-06T15:59:42.3105107Z Selecting previously unselected package libsvtav1enc1d1:amd64.
2026-10-06T15:59:42.3237760Z Preparing to unpack .../18-libsvtav1enc1d1_1.7.0+dfsg-2build1_amd64.deb ...
2026-10-06T15:59:42.3246493Z Unpacking libsvtav1enc1d1:amd64 (1.7.0+dfsg-2build1) ...
2026-10-06T15:59:42.3771154Z Selecting previously unselected package libsoxr0:amd64.
2026-10-06T15:59:42.3900000Z Preparing to unpack .../19-libsoxr0_0.1.3-4build3_amd64.deb ...
2026-10-06T15:59:42.3909210Z Unpacking libsoxr0:amd64 (0.1.3-4build3) ...
2026-10-06T15:59:42.4119795Z Selecting previously unselected package libswresample4:amd64.
2026-10-06T15:59:42.4250336Z Preparing to unpack .../20-libswresample4_7%3a6.1.1-3ubuntu5_amd64.deb ...
2026-10-06T15:59:42.4257018Z Unpacking libswresample4:amd64 (7:6.1.1-3ubuntu5) ...
2026-10-06T15:59:42.4467568Z Selecting previously unselected package libtheora0:amd64.
2026-10-06T15:59:42.4595075Z Preparing to unpack .../21-libtheora0_1.1.1+dfsg.1-16.1build3_amd64.deb ...
2026-10-06T15:59:42.4602305Z Unpacking libtheora0:amd64 (1.1.1+dfsg.1-16.1build3) ...
2026-10-06T15:59:42.4869126Z Selecting previously unselected package libtwolame0:amd64.
2026-10-06T15:59:42.4999796Z Preparing to unpack .../22-libtwolame0_0.4.0-2build3_amd64.deb ...
2026-10-06T15:59:42.5010509Z Unpacking libtwolame0:amd64 (0.4.0-2build3) ...
2026-10-06T15:59:42.5223955Z Selecting previously unselected package libvorbisenc2:amd64.
2026-10-06T15:59:42.5356055Z Preparing to unpack .../23-libvorbisenc2_1.3.7-1build3_amd64.deb ...
2026-10-06T15:59:42.5364652Z Unpacking libvorbisenc2:amd64 (1.3.7-1build3) ...
2026-10-06T15:59:42.5593788Z Selecting previously unselected package libvpx9:amd64.
2026-10-06T15:59:42.5721533Z Preparing to unpack .../24-libvpx9_1.14.0-1ubuntu2.3_amd64.deb ...
2026-10-06T15:59:42.5728306Z Unpacking libvpx9:amd64 (1.14.0-1ubuntu2.3) ...
2026-10-06T15:59:42.6070027Z Selecting previously unselected package libx264-164:amd64.
2026-10-06T15:59:42.6201154Z Preparing to unpack .../25-libx264-164_2%3a0.164.3108+git31e19f9-1_amd64.deb ...
2026-10-06T15:59:42.6208064Z Unpacking libx264-164:amd64 (2:0.164.3108+git31e19f9-1) ...
2026-10-06T15:59:42.6500338Z Selecting previously unselected package libx265-199:amd64.
2026-10-06T15:59:42.6630038Z Preparing to unpack .../26-libx265-199_3.5-2build1_amd64.deb ...
2026-10-06T15:59:42.6637137Z Unpacking libx265-199:amd64 (3.5-2build1) ...
2026-10-06T15:59:42.7277191Z Selecting previously unselected package libxvidcore4:amd64.
2026-10-06T15:59:42.7407573Z Preparing to unpack .../27-libxvidcore4_2%3a1.3.7-1build1_amd64.deb ...
2026-10-06T15:59:42.7415015Z Unpacking libxvidcore4:amd64 (2:1.3.7-1build1) ...
2026-10-06T15:59:42.7637223Z Selecting previously unselected package libzvbi-common.
2026-10-06T15:59:42.7768104Z Preparing to unpack .../28-libzvbi-common_0.2.42-2_all.deb ...
2026-10-06T15:59:42.7774933Z Unpacking libzvbi-common (0.2.42-2) ...
2026-10-06T15:59:42.8070554Z Selecting previously unselected package libzvbi0t64:amd64.
2026-10-06T15:59:42.8204196Z Preparing to unpack .../29-libzvbi0t64_0.2.42-2_amd64.deb ...
2026-10-06T15:59:42.8213173Z Unpacking libzvbi0t64:amd64 (0.2.42-2) ...
2026-10-06T15:59:42.8460824Z Selecting previously unselected package libavcodec60:amd64.
2026-10-06T15:59:42.8591800Z Preparing to unpack .../30-libavcodec60_7%3a6.1.1-3ubuntu5_amd64.deb ...
2026-10-06T15:59:42.8598974Z Unpacking libavcodec60:amd64 (7:6.1.1-3ubuntu5) ...
2026-10-06T15:59:42.9443120Z Selecting previously unselected package libraw1394-11:amd64.
2026-10-06T15:59:42.9573829Z Preparing to unpack .../31-libraw1394-11_2.1.2-2build3_amd64.deb ...
2026-10-06T15:59:42.9581039Z Unpacking libraw1394-11:amd64 (2.1.2-2build3) ...
2026-10-06T15:59:42.9791795Z Selecting previously unselected package libavc1394-0:amd64.
2026-10-06T15:59:42.9919537Z Preparing to unpack .../32-libavc1394-0_0.5.4-5build3_amd64.deb ...
2026-10-06T15:59:42.9927375Z Unpacking libavc1394-0:amd64 (0.5.4-5build3) ...
2026-10-06T15:59:43.0142083Z Selecting previously unselected package libunibreak5:amd64.
2026-10-06T15:59:43.0277913Z Preparing to unpack .../33-libunibreak5_5.1-2build1_amd64.deb ...
2026-10-06T15:59:43.0287346Z Unpacking libunibreak5:amd64 (5.1-2build1) ...
2026-10-06T15:59:43.0510548Z Selecting previously unselected package libass9:amd64.
2026-10-06T15:59:43.0640823Z Preparing to unpack .../34-libass9_1%3a0.17.1-2build1_amd64.deb ...
2026-10-06T15:59:43.0648526Z Unpacking libass9:amd64 (1:0.17.1-2build1) ...
2026-10-06T15:59:43.0874543Z Selecting previously unselected package libudfread0:amd64.
2026-10-06T15:59:43.1006357Z Preparing to unpack .../35-libudfread0_1.1.2-1build1_amd64.deb ...
2026-10-06T15:59:43.1015684Z Unpacking libudfread0:amd64 (1.1.2-1build1) ...
2026-10-06T15:59:43.1228986Z Selecting previously unselected package libbluray2:amd64.
2026-10-06T15:59:43.1361032Z Preparing to unpack .../36-libbluray2_1%3a1.3.4-1build1_amd64.deb ...
2026-10-06T15:59:43.1369710Z Unpacking libbluray2:amd64 (1:1.3.4-1build1) ...
2026-10-06T15:59:43.1602184Z Selecting previously unselected package libchromaprint1:amd64.
2026-10-06T15:59:43.1736908Z Preparing to unpack .../37-libchromaprint1_1.5.1-5_amd64.deb ...
2026-10-06T15:59:43.1744841Z Unpacking libchromaprint1:amd64 (1.5.1-5) ...
2026-10-06T15:59:43.1966095Z Selecting previously unselected package libgme0:amd64.
2026-10-06T15:59:43.2099359Z Preparing to unpack .../38-libgme0_0.6.3-7build1_amd64.deb ...
2026-10-06T15:59:43.2107336Z Unpacking libgme0:amd64 (0.6.3-7build1) ...
2026-10-06T15:59:43.2337317Z Selecting previously unselected package libmpg123-0t64:amd64.
2026-10-06T15:59:43.2468464Z Preparing to unpack .../39-libmpg123-0t64_1.32.5-1ubuntu1.1_amd64.deb ...
2026-10-06T15:59:43.2477394Z Unpacking libmpg123-0t64:amd64 (1.32.5-1ubuntu1.1) ...
2026-10-06T15:59:43.2704615Z Selecting previously unselected package libopenmpt0t64:amd64.
2026-10-06T15:59:43.2836539Z Preparing to unpack .../40-libopenmpt0t64_0.7.3-1.1build3_amd64.deb ...
2026-10-06T15:59:43.2845171Z Unpacking libopenmpt0t64:amd64 (0.7.3-1.1build3) ...
2026-10-06T15:59:43.3119977Z Selecting previously unselected package libcjson1:amd64.
2026-10-06T15:59:43.3256786Z Preparing to unpack .../41-libcjson1_1.7.17-1_amd64.deb ...
2026-10-06T15:59:43.3264607Z Unpacking libcjson1:amd64 (1.7.17-1) ...
2026-10-06T15:59:43.3477322Z Selecting previously unselected package libmbedcrypto7t64:amd64.
2026-10-06T15:59:43.3612811Z Preparing to unpack .../42-libmbedcrypto7t64_2.28.8-1_amd64.deb ...
2026-10-06T15:59:43.3620724Z Unpacking libmbedcrypto7t64:amd64 (2.28.8-1) ...
2026-10-06T15:59:43.3856055Z Selecting previously unselected package librist4:amd64.
2026-10-06T15:59:43.3986656Z Preparing to unpack .../43-librist4_0.2.10+dfsg-2_amd64.deb ...
2026-10-06T15:59:43.3994802Z Unpacking librist4:amd64 (0.2.10+dfsg-2) ...
2026-10-06T15:59:43.4208933Z Selecting previously unselected package libsrt1.5-gnutls:amd64.
2026-10-06T15:59:43.4338919Z Preparing to unpack .../44-libsrt1.5-gnutls_1.5.3-1build2_amd64.deb ...
2026-10-06T15:59:43.4363538Z Unpacking libsrt1.5-gnutls:amd64 (1.5.3-1build2) ...
2026-10-06T15:59:43.4595861Z Selecting previously unselected package libssh-gcrypt-4:amd64.
2026-10-06T15:59:43.4726420Z Preparing to unpack .../45-libssh-gcrypt-4_0.10.6-2ubuntu0.5_amd64.deb ...
2026-10-06T15:59:43.4734490Z Unpacking libssh-gcrypt-4:amd64 (0.10.6-2ubuntu0.5) ...
2026-10-06T15:59:43.4973011Z Selecting previously unselected package libavformat60:amd64.
2026-10-06T15:59:43.5103889Z Preparing to unpack .../46-libavformat60_7%3a6.1.1-3ubuntu5_amd64.deb ...
2026-10-06T15:59:43.5111879Z Unpacking libavformat60:amd64 (7:6.1.1-3ubuntu5) ...
2026-10-06T15:59:43.5444556Z Selecting previously unselected package libbs2b0:amd64.
2026-10-06T15:59:43.5574522Z Preparing to unpack .../47-libbs2b0_3.1.0+dfsg-7build1_amd64.deb ...
2026-10-06T15:59:43.5582456Z Unpacking libbs2b0:amd64 (3.1.0+dfsg-7build1) ...
2026-10-06T15:59:43.5809075Z Selecting previously unselected package libflite1:amd64.
2026-10-06T15:59:43.5937269Z Preparing to unpack .../48-libflite1_2.2-6build3_amd64.deb ...
2026-10-06T15:59:43.5945354Z Unpacking libflite1:amd64 (2.2-6build3) ...
2026-10-06T15:59:43.7067665Z Selecting previously unselected package libserd-0-0:amd64.
2026-10-06T15:59:43.7198042Z Preparing to unpack .../49-libserd-0-0_0.32.2-1_amd64.deb ...
2026-10-06T15:59:43.7206554Z Unpacking libserd-0-0:amd64 (0.32.2-1) ...
2026-10-06T15:59:43.7417969Z Selecting previously unselected package libzix-0-0:amd64.
2026-10-06T15:59:43.7548560Z Preparing to unpack .../50-libzix-0-0_0.4.2-2build1_amd64.deb ...
2026-10-06T15:59:43.7556507Z Unpacking libzix-0-0:amd64 (0.4.2-2build1) ...
2026-10-06T15:59:43.7774857Z Selecting previously unselected package libsord-0-0:amd64.
2026-10-06T15:59:43.7905335Z Preparing to unpack .../51-libsord-0-0_0.16.16-2build1_amd64.deb ...
2026-10-06T15:59:43.7912932Z Unpacking libsord-0-0:amd64 (0.16.16-2build1) ...
2026-10-06T15:59:43.8124145Z Selecting previously unselected package libsratom-0-0:amd64.
2026-10-06T15:59:43.8253272Z Preparing to unpack .../52-libsratom-0-0_0.6.16-1build1_amd64.deb ...
2026-10-06T15:59:43.8260841Z Unpacking libsratom-0-0:amd64 (0.6.16-1build1) ...
2026-10-06T15:59:43.8511698Z Selecting previously unselected package liblilv-0-0:amd64.
2026-10-06T15:59:43.8642995Z Preparing to unpack .../53-liblilv-0-0_0.24.22-1build1_amd64.deb ...
2026-10-06T15:59:43.8652289Z Unpacking liblilv-0-0:amd64 (0.24.22-1build1) ...
2026-10-06T15:59:43.8871882Z Selecting previously unselected package libmysofa1:amd64.
2026-10-06T15:59:43.9001652Z Preparing to unpack .../54-libmysofa1_1.3.2+dfsg-2ubuntu2_amd64.deb ...
2026-10-06T15:59:43.9008596Z Unpacking libmysofa1:amd64 (1.3.2+dfsg-2ubuntu2) ...
2026-10-06T15:59:43.9266407Z Selecting previously unselected package libplacebo338:amd64.
2026-10-06T15:59:43.9399583Z Preparing to unpack .../55-libplacebo338_6.338.2-2build1_amd64.deb ...
2026-10-06T15:59:43.9407937Z Unpacking libplacebo338:amd64 (6.338.2-2build1) ...
2026-10-06T15:59:43.9956135Z Selecting previously unselected package libblas3:amd64.
2026-10-06T15:59:44.0086636Z Preparing to unpack .../56-libblas3_3.12.0-3build1.1_amd64.deb ...
2026-10-06T15:59:44.0118217Z Unpacking libblas3:amd64 (3.12.0-3build1.1) ...
2026-10-06T15:59:44.0364165Z Selecting previously unselected package liblapack3:amd64.
2026-10-06T15:59:44.0494523Z Preparing to unpack .../57-liblapack3_3.12.0-3build1.1_amd64.deb ...
2026-10-06T15:59:44.0526624Z Unpacking liblapack3:amd64 (3.12.0-3build1.1) ...
2026-10-06T15:59:44.1041430Z Selecting previously unselected package libasyncns0:amd64.
2026-10-06T15:59:44.1171707Z Preparing to unpack .../58-libasyncns0_0.8-6build4_amd64.deb ...
2026-10-06T15:59:44.1179097Z Unpacking libasyncns0:amd64 (0.8-6build4) ...
2026-10-06T15:59:44.1443564Z Selecting previously unselected package libflac12t64:amd64.
2026-10-06T15:59:44.1574389Z Preparing to unpack .../59-libflac12t64_1.4.3+ds-2.1ubuntu2_amd64.deb ...
2026-10-06T15:59:44.1582077Z Unpacking libflac12t64:amd64 (1.4.3+ds-2.1ubuntu2) ...
2026-10-06T15:59:44.1826535Z Selecting previously unselected package libsndfile1:amd64.
2026-10-06T15:59:44.1960698Z Preparing to unpack .../60-libsndfile1_1.2.2-1ubuntu5.24.04.1_amd64.deb ...
2026-10-06T15:59:44.1968652Z Unpacking libsndfile1:amd64 (1.2.2-1ubuntu5.24.04.1) ...
2026-10-06T15:59:44.2227540Z Selecting previously unselected package libpulse0:amd64.
2026-10-06T15:59:44.2362854Z Preparing to unpack .../61-libpulse0_1%3a16.1+dfsg1-2ubuntu10.1_amd64.deb ...
2026-10-06T15:59:44.2447708Z Unpacking libpulse0:amd64 (1:16.1+dfsg1-2ubuntu10.1) ...
2026-10-06T15:59:44.2706987Z Selecting previously unselected package libsphinxbase3t64:amd64.
2026-10-06T15:59:44.2841340Z Preparing to unpack .../62-libsphinxbase3t64_0.8+5prealpha+1-17build2_amd64.deb ...
2026-10-06T15:59:44.2849262Z Unpacking libsphinxbase3t64:amd64 (0.8+5prealpha+1-17build2) ...
2026-10-06T15:59:44.3075780Z Selecting previously unselected package libpocketsphinx3:amd64.
2026-10-06T15:59:44.3208305Z Preparing to unpack .../63-libpocketsphinx3_0.8.0+real5prealpha+1-15ubuntu5_amd64.deb ...
2026-10-06T15:59:44.3215866Z Unpacking libpocketsphinx3:amd64 (0.8.0+real5prealpha+1-15ubuntu5) ...
2026-10-06T15:59:44.3440290Z Selecting previously unselected package libpostproc57:amd64.
2026-10-06T15:59:44.3570683Z Preparing to unpack .../64-libpostproc57_7%3a6.1.1-3ubuntu5_amd64.deb ...
2026-10-06T15:59:44.3578954Z Unpacking libpostproc57:amd64 (7:6.1.1-3ubuntu5) ...
2026-10-06T15:59:44.3791848Z Selecting previously unselected package libsamplerate0:amd64.
2026-10-06T15:59:44.3922248Z Preparing to unpack .../65-libsamplerate0_0.2.2-4build1_amd64.deb ...
2026-10-06T15:59:44.3933795Z Unpacking libsamplerate0:amd64 (0.2.2-4build1) ...
2026-10-06T15:59:44.4199808Z Selecting previously unselected package librubberband2:amd64.
2026-10-06T15:59:44.4330209Z Preparing to unpack .../66-librubberband2_3.3.0+dfsg-2build1_amd64.deb ...
2026-10-06T15:59:44.4337892Z Unpacking librubberband2:amd64 (3.3.0+dfsg-2build1) ...
2026-10-06T15:59:44.4604368Z Selecting previously unselected package libswscale7:amd64.
2026-10-06T15:59:44.4737736Z Preparing to unpack .../67-libswscale7_7%3a6.1.1-3ubuntu5_amd64.deb ...
2026-10-06T15:59:44.4745120Z Unpacking libswscale7:amd64 (7:6.1.1-3ubuntu5) ...
2026-10-06T15:59:44.5018417Z Selecting previously unselected package libvidstab1.1:amd64.
2026-10-06T15:59:44.5146092Z Preparing to unpack .../68-libvidstab1.1_1.1.0-2build1_amd64.deb ...
2026-10-06T15:59:44.5153391Z Unpacking libvidstab1.1:amd64 (1.1.0-2build1) ...
2026-10-06T15:59:44.5357838Z Selecting previously unselected package libzimg2:amd64.
2026-10-06T15:59:44.5486721Z Preparing to unpack .../69-libzimg2_3.0.5+ds1-1build1_amd64.deb ...
2026-10-06T15:59:44.5494269Z Unpacking libzimg2:amd64 (3.0.5+ds1-1build1) ...
2026-10-06T15:59:44.5737417Z Selecting previously unselected package libavfilter9:amd64.
2026-10-06T15:59:44.5867702Z Preparing to unpack .../70-libavfilter9_7%3a6.1.1-3ubuntu5_amd64.deb ...
2026-10-06T15:59:44.5876450Z Unpacking libavfilter9:amd64 (7:6.1.1-3ubuntu5) ...
2026-10-06T15:59:44.6604460Z Selecting previously unselected package libcaca0:amd64.
2026-10-06T15:59:44.6736045Z Preparing to unpack .../71-libcaca0_0.99.beta20-4ubuntu0.2_amd64.deb ...
2026-10-06T15:59:44.6745619Z Unpacking libcaca0:amd64 (0.99.beta20-4ubuntu0.2) ...
2026-10-06T15:59:44.6996893Z Selecting previously unselected package libcdio19t64:amd64.
2026-10-06T15:59:44.7125667Z Preparing to unpack .../72-libcdio19t64_2.1.0-4.1ubuntu1.2_amd64.deb ...
2026-10-06T15:59:44.7133253Z Unpacking libcdio19t64:amd64 (2.1.0-4.1ubuntu1.2) ...
2026-10-06T15:59:44.7350907Z Selecting previously unselected package libcdio-cdda2t64:amd64.
2026-10-06T15:59:44.7478138Z Preparing to unpack .../73-libcdio-cdda2t64_10.2+2.0.1-1.1build2_amd64.deb ...
2026-10-06T15:59:44.7486601Z Unpacking libcdio-cdda2t64:amd64 (10.2+2.0.1-1.1build2) ...
2026-10-06T15:59:44.7702927Z Selecting previously unselected package libcdio-paranoia2t64:amd64.
2026-10-06T15:59:44.7832415Z Preparing to unpack .../74-libcdio-paranoia2t64_10.2+2.0.1-1.1build2_amd64.deb ...
2026-10-06T15:59:44.7840408Z Unpacking libcdio-paranoia2t64:amd64 (10.2+2.0.1-1.1build2) ...
2026-10-06T15:59:44.8079988Z Selecting previously unselected package libdc1394-25:amd64.
2026-10-06T15:59:44.8208909Z Preparing to unpack .../75-libdc1394-25_2.2.6-4build1_amd64.deb ...
2026-10-06T15:59:44.8217930Z Unpacking libdc1394-25:amd64 (2.2.6-4build1) ...
2026-10-06T15:59:44.8439749Z Selecting previously unselected package libiec61883-0:amd64.
2026-10-06T15:59:44.8570184Z Preparing to unpack .../76-libiec61883-0_1.2.0-6build1_amd64.deb ...
2026-10-06T15:59:44.8580822Z Unpacking libiec61883-0:amd64 (1.2.0-6build1) ...
2026-10-06T15:59:44.8800894Z Selecting previously unselected package libjack-jackd2-0:amd64.
2026-10-06T15:59:44.8929790Z Preparing to unpack .../77-libjack-jackd2-0_1.9.21~dfsg-3ubuntu3_amd64.deb ...
2026-10-06T15:59:44.8938322Z Unpacking libjack-jackd2-0:amd64 (1.9.21~dfsg-3ubuntu3) ...
2026-10-06T15:59:44.9201114Z Selecting previously unselected package libopenal-data.
2026-10-06T15:59:44.9328309Z Preparing to unpack .../78-libopenal-data_1%3a1.23.1-4build1_all.deb ...
2026-10-06T15:59:44.9335327Z Unpacking libopenal-data (1:1.23.1-4build1) ...
2026-10-06T15:59:44.9609281Z Selecting previously unselected package libsndio7.0:amd64.
2026-10-06T15:59:44.9739432Z Preparing to unpack .../79-libsndio7.0_1.9.0-0.3build3_amd64.deb ...
2026-10-06T15:59:44.9746715Z Unpacking libsndio7.0:amd64 (1.9.0-0.3build3) ...
2026-10-06T15:59:44.9964863Z Selecting previously unselected package libopenal1:amd64.
2026-10-06T15:59:45.0094506Z Preparing to unpack .../80-libopenal1_1%3a1.23.1-4build1_amd64.deb ...
2026-10-06T15:59:45.0101183Z Unpacking libopenal1:amd64 (1:1.23.1-4build1) ...
2026-10-06T15:59:45.0359729Z Selecting previously unselected package libdecor-0-0:amd64.
2026-10-06T15:59:45.0489173Z Preparing to unpack .../81-libdecor-0-0_0.2.2-1build2_amd64.deb ...
2026-10-06T15:59:45.0527689Z Unpacking libdecor-0-0:amd64 (0.2.2-1build2) ...
2026-10-06T15:59:45.0749738Z Selecting previously unselected package libsdl2-2.0-0:amd64.
2026-10-06T15:59:45.0879937Z Preparing to unpack .../82-libsdl2-2.0-0_2.30.0+dfsg-1ubuntu3.1_amd64.deb ...
2026-10-06T15:59:45.0888376Z Unpacking libsdl2-2.0-0:amd64 (2.30.0+dfsg-1ubuntu3.1) ...
2026-10-06T15:59:45.1515010Z Selecting previously unselected package libxcb-shape0:amd64.
2026-10-06T15:59:45.1644777Z Preparing to unpack .../83-libxcb-shape0_1.15-1ubuntu2_amd64.deb ...
2026-10-06T15:59:45.1652845Z Unpacking libxcb-shape0:amd64 (1.15-1ubuntu2) ...
2026-10-06T15:59:45.1856817Z Selecting previously unselected package libxv1:amd64.
2026-10-06T15:59:45.1984028Z Preparing to unpack .../84-libxv1_2%3a1.0.11-1.1build1_amd64.deb ...
2026-10-06T15:59:45.1995539Z Unpacking libxv1:amd64 (2:1.0.11-1.1build1) ...
2026-10-06T15:59:45.2207378Z Selecting previously unselected package libavdevice60:amd64.
2026-10-06T15:59:45.2342200Z Preparing to unpack .../85-libavdevice60_7%3a6.1.1-3ubuntu5_amd64.deb ...
2026-10-06T15:59:45.2352141Z Unpacking libavdevice60:amd64 (7:6.1.1-3ubuntu5) ...
2026-10-06T15:59:45.2566685Z Selecting previously unselected package ffmpeg.
2026-10-06T15:59:45.2695318Z Preparing to unpack .../86-ffmpeg_7%3a6.1.1-3ubuntu5_amd64.deb ...
2026-10-06T15:59:45.2702956Z Unpacking ffmpeg (7:6.1.1-3ubuntu5) ...
2026-10-06T15:59:45.3138591Z Selecting previously unselected package libigdgmm12:amd64.
2026-10-06T15:59:45.3270742Z Preparing to unpack .../87-libigdgmm12_22.3.17+ds1-1ubuntu1_amd64.deb ...
2026-10-06T15:59:45.3278869Z Unpacking libigdgmm12:amd64 (22.3.17+ds1-1ubuntu1) ...
2026-10-06T15:59:45.3527216Z Selecting previously unselected package intel-media-va-driver:amd64.
2026-10-06T15:59:45.3657947Z Preparing to unpack .../88-intel-media-va-driver_24.1.0+dfsg1-1ubuntu0.2_amd64.deb ...
2026-10-06T15:59:45.3665393Z Unpacking intel-media-va-driver:amd64 (24.1.0+dfsg1-1ubuntu0.2) ...
2026-10-06T15:59:45.4359469Z Selecting previously unselected package libaacs0:amd64.
2026-10-06T15:59:45.4491968Z Preparing to unpack .../89-libaacs0_0.11.1-2build1_amd64.deb ...
2026-10-06T15:59:45.4500202Z Unpacking libaacs0:amd64 (0.11.1-2build1) ...
2026-10-06T15:59:45.4733698Z Selecting previously unselected package libbdplus0:amd64.
2026-10-06T15:59:45.4864580Z Preparing to unpack .../90-libbdplus0_0.2.0-3build1_amd64.deb ...
2026-10-06T15:59:45.4871835Z Unpacking libbdplus0:amd64 (0.2.0-3build1) ...
2026-10-06T15:59:45.5083328Z Selecting previously unselected package libdecor-0-plugin-1-gtk:amd64.
2026-10-06T15:59:45.5213421Z Preparing to unpack .../91-libdecor-0-plugin-1-gtk_0.2.2-1build2_amd64.deb ...
2026-10-06T15:59:45.5220317Z Unpacking libdecor-0-plugin-1-gtk:amd64 (0.2.2-1build2) ...
2026-10-06T15:59:45.5430405Z Selecting previously unselected package librsvg2-common:amd64.
2026-10-06T15:59:45.5559935Z Preparing to unpack .../92-librsvg2-common_2.58.0+dfsg-1build1_amd64.deb ...
2026-10-06T15:59:45.5567101Z Unpacking librsvg2-common:amd64 (2.58.0+dfsg-1build1) ...
2026-10-06T15:59:45.5900600Z Selecting previously unselected package mesa-va-drivers:amd64.
2026-10-06T15:59:45.6031918Z Preparing to unpack .../93-mesa-va-drivers_25.2.8-0ubuntu0.24.04.4_amd64.deb ...
2026-10-06T15:59:45.6039106Z Unpacking mesa-va-drivers:amd64 (25.2.8-0ubuntu0.24.04.4) ...
2026-10-06T15:59:45.6295008Z Selecting previously unselected package mesa-vdpau-drivers:amd64.
2026-10-06T15:59:45.6427021Z Preparing to unpack .../94-mesa-vdpau-drivers_25.2.8-0ubuntu0.24.04.4_amd64.deb ...
2026-10-06T15:59:45.6435221Z Unpacking mesa-vdpau-drivers:amd64 (25.2.8-0ubuntu0.24.04.4) ...
2026-10-06T15:59:45.6665308Z Selecting previously unselected package i965-va-driver:amd64.
2026-10-06T15:59:45.6797102Z Preparing to unpack .../95-i965-va-driver_2.4.1+dfsg1-1ubuntu0.2_amd64.deb ...
2026-10-06T15:59:45.6805416Z Unpacking i965-va-driver:amd64 (2.4.1+dfsg1-1ubuntu0.2) ...
2026-10-06T15:59:45.7068114Z Selecting previously unselected package va-driver-all:amd64.
2026-10-06T15:59:45.7199671Z Preparing to unpack .../96-va-driver-all_2.20.0-2ubuntu0.2_amd64.deb ...
2026-10-06T15:59:45.7207093Z Unpacking va-driver-all:amd64 (2.20.0-2ubuntu0.2) ...
2026-10-06T15:59:45.7405067Z Selecting previously unselected package vdpau-driver-all:amd64.
2026-10-06T15:59:45.7534861Z Preparing to unpack .../97-vdpau-driver-all_1.5-2build1_amd64.deb ...
2026-10-06T15:59:45.7541352Z Unpacking vdpau-driver-all:amd64 (1.5-2build1) ...
2026-10-06T15:59:45.7747634Z Selecting previously unselected package pocketsphinx-en-us.
2026-10-06T15:59:45.7883106Z Preparing to unpack .../98-pocketsphinx-en-us_0.8.0+real5prealpha+1-15ubuntu5_all.deb ...
2026-10-06T15:59:45.7890910Z Unpacking pocketsphinx-en-us (0.8.0+real5prealpha+1-15ubuntu5) ...
2026-10-06T15:59:45.9901608Z Setting up libgme0:amd64 (0.6.3-7build1) ...
2026-10-06T15:59:45.9922146Z Setting up libchromaprint1:amd64 (1.5.1-5) ...
2026-10-06T15:59:45.9939089Z Setting up libssh-gcrypt-4:amd64 (0.10.6-2ubuntu0.5) ...
2026-10-06T15:59:45.9954766Z Setting up libhwy1t64:amd64 (1.0.7-8.1build1) ...
2026-10-06T15:59:45.9970920Z Setting up libudfread0:amd64 (1.1.2-1build1) ...
2026-10-06T15:59:45.9987587Z Setting up libraw1394-11:amd64 (2.1.2-2build3) ...
2026-10-06T15:59:46.0004778Z Setting up libspeex1:amd64 (1.2.1-2ubuntu2.24.04.1) ...
2026-10-06T15:59:46.0021941Z Setting up libshine3:amd64 (3.1.1-2build1) ...
2026-10-06T15:59:46.0039202Z Setting up libcaca0:amd64 (0.99.beta20-4ubuntu0.2) ...
2026-10-06T15:59:46.0088653Z Setting up libvpl2 (2023.3.0-1build1) ...
2026-10-06T15:59:46.0112418Z Setting up libx264-164:amd64 (2:0.164.3108+git31e19f9-1) ...
2026-10-06T15:59:46.0130304Z Setting up libtwolame0:amd64 (0.4.0-2build3) ...
2026-10-06T15:59:46.0148382Z Setting up libmbedcrypto7t64:amd64 (2.28.8-1) ...
2026-10-06T15:59:46.0169257Z Setting up libgsm1:amd64 (1.0.22-1build1) ...
2026-10-06T15:59:46.0190191Z Setting up libsoxr0:amd64 (0.1.3-4build3) ...
2026-10-06T15:59:46.0210623Z Setting up libzix-0-0:amd64 (0.4.2-2build1) ...
2026-10-06T15:59:46.0230433Z Setting up libcodec2-1.2:amd64 (1.2.0-2build1) ...
2026-10-06T15:59:46.0248862Z Setting up libmysofa1:amd64 (1.3.2+dfsg-2ubuntu2) ...
2026-10-06T15:59:46.0266579Z Setting up libxcb-shape0:amd64 (1.15-1ubuntu2) ...
2026-10-06T15:59:46.0284449Z Setting up libcdio19t64:amd64 (2.1.0-4.1ubuntu1.2) ...
2026-10-06T15:59:46.0302458Z Setting up libsvtav1enc1d1:amd64 (1.7.0+dfsg-2build1) ...
2026-10-06T15:59:46.0319465Z Setting up libigdgmm12:amd64 (22.3.17+ds1-1ubuntu1) ...
2026-10-06T15:59:46.0337434Z Setting up libmpg123-0t64:amd64 (1.32.5-1ubuntu1.1) ...
2026-10-06T15:59:46.0354731Z Setting up libcjson1:amd64 (1.7.17-1) ...
2026-10-06T15:59:46.0376470Z Setting up libxvidcore4:amd64 (2:1.3.7-1build1) ...
2026-10-06T15:59:46.0394342Z Setting up librav1e0:amd64 (0.7.1-2) ...
2026-10-06T15:59:46.0414993Z Setting up libcdio-cdda2t64:amd64 (10.2+2.0.1-1.1build2) ...
2026-10-06T15:59:46.0431962Z Setting up librist4:amd64 (0.2.10+dfsg-2) ...
2026-10-06T15:59:46.0449605Z Setting up librsvg2-2:amd64 (2.58.0+dfsg-1build1) ...
2026-10-06T15:59:46.0467174Z Setting up libblas3:amd64 (3.12.0-3build1.1) ...
2026-10-06T15:59:46.0529756Z update-alternatives: using /usr/lib/x86_64-linux-gnu/blas/libblas.so.3 to provide /usr/lib/x86_64-linux-gnu/libblas.so.3 (libblas.so.3-x86_64-linux-gnu) in auto mode
2026-10-06T15:59:46.0546634Z Setting up libplacebo338:amd64 (6.338.2-2build1) ...
2026-10-06T15:59:46.0566043Z Setting up libva2:amd64 (2.20.0-2ubuntu0.2) ...
2026-10-06T15:59:46.0586068Z Setting up libopus0:amd64 (1.4-1build1) ...
2026-10-06T15:59:46.0605228Z Setting up libcdio-paranoia2t64:amd64 (10.2+2.0.1-1.1build2) ...
2026-10-06T15:59:46.0623928Z Setting up libdc1394-25:amd64 (2.2.6-4build1) ...
2026-10-06T15:59:46.0642861Z Setting up intel-media-va-driver:amd64 (24.1.0+dfsg1-1ubuntu0.2) ...
2026-10-06T15:59:46.0660493Z Setting up libxv1:amd64 (2:1.0.11-1.1build1) ...
2026-10-06T15:59:46.0682019Z Setting up libunibreak5:amd64 (5.1-2build1) ...
2026-10-06T15:59:46.0702261Z Setting up libaacs0:amd64 (0.11.1-2build1) ...
2026-10-06T15:59:46.0720647Z Setting up libjxl0.7:amd64 (0.7.0-10.2ubuntu6.1) ...
2026-10-06T15:59:46.0742194Z Setting up librsvg2-common:amd64 (2.58.0+dfsg-1build1) ...
2026-10-06T15:59:46.1033880Z Setting up pocketsphinx-en-us (0.8.0+real5prealpha+1-15ubuntu5) ...
2026-10-06T15:59:46.1054139Z Setting up libx265-199:amd64 (3.5-2build1) ...
2026-10-06T15:59:46.1073185Z Setting up libsndio7.0:amd64 (1.9.0-0.3build3) ...
2026-10-06T15:59:46.1092216Z Setting up libbdplus0:amd64 (0.2.0-3build1) ...
2026-10-06T15:59:46.1113761Z Setting up libvidstab1.1:amd64 (1.1.0-2build1) ...
2026-10-06T15:59:46.1132947Z Setting up libvpx9:amd64 (1.14.0-1ubuntu2.3) ...
2026-10-06T15:59:46.1180034Z Setting up libsrt1.5-gnutls:amd64 (1.5.3-1build2) ...
2026-10-06T15:59:46.1201615Z Setting up libflite1:amd64 (2.2-6build3) ...
2026-10-06T15:59:46.1220579Z Setting up libdav1d7:amd64 (1.4.1-1build1) ...
2026-10-06T15:59:46.1238421Z Setting up libva-drm2:amd64 (2.20.0-2ubuntu0.2) ...
2026-10-06T15:59:46.1257116Z Setting up ocl-icd-libopencl1:amd64 (2.3.2-1build1) ...
2026-10-06T15:59:46.1275159Z Setting up libasyncns0:amd64 (0.8-6build4) ...
2026-10-06T15:59:46.1292801Z Setting up libvdpau1:amd64 (1.5-2build1) ...
2026-10-06T15:59:46.1320208Z Setting up libbs2b0:amd64 (3.1.0+dfsg-7build1) ...
2026-10-06T15:59:46.1339016Z Setting up libtheora0:amd64 (1.1.1+dfsg.1-16.1build3) ...
2026-10-06T15:59:46.1358934Z Setting up libdecor-0-0:amd64 (0.2.2-1build2) ...
2026-10-06T15:59:46.1376848Z Setting up libzimg2:amd64 (3.0.5+ds1-1build1) ...
2026-10-06T15:59:46.1394395Z Setting up libopenal-data (1:1.23.1-4build1) ...
2026-10-06T15:59:46.1419977Z Setting up libflac12t64:amd64 (1.4.3+ds-2.1ubuntu2) ...
2026-10-06T15:59:46.1438125Z Setting up mesa-va-drivers:amd64 (25.2.8-0ubuntu0.24.04.4) ...
2026-10-06T15:59:46.1456238Z Setting up libbluray2:amd64 (1:1.3.4-1build1) ...
2026-10-06T15:59:46.1482560Z Setting up libsamplerate0:amd64 (0.2.2-4build1) ...
2026-10-06T15:59:46.1503181Z Setting up libva-x11-2:amd64 (2.20.0-2ubuntu0.2) ...
2026-10-06T15:59:46.1526992Z Setting up libdecor-0-plugin-1-gtk:amd64 (0.2.2-1build2) ...
2026-10-06T15:59:46.1546849Z Setting up libopenmpt0t64:amd64 (0.7.3-1.1build3) ...
2026-10-06T15:59:46.1567826Z Setting up libzvbi-common (0.2.42-2) ...
2026-10-06T15:59:46.1585470Z Setting up libmp3lame0:amd64 (3.100-6build1) ...
2026-10-06T15:59:46.1604210Z Setting up i965-va-driver:amd64 (2.4.1+dfsg1-1ubuntu0.2) ...
2026-10-06T15:59:46.1621541Z Setting up libvorbisenc2:amd64 (1.3.7-1build3) ...
2026-10-06T15:59:46.1640987Z Setting up libiec61883-0:amd64 (1.2.0-6build1) ...
2026-10-06T15:59:46.1658535Z Setting up libserd-0-0:amd64 (0.32.2-1) ...
2026-10-06T15:59:46.1676254Z Setting up libavc1394-0:amd64 (0.5.4-5build3) ...
2026-10-06T15:59:46.1694359Z Setting up mesa-vdpau-drivers:amd64 (25.2.8-0ubuntu0.24.04.4) ...
2026-10-06T15:59:46.1711632Z Setting up liblapack3:amd64 (3.12.0-3build1.1) ...
2026-10-06T15:59:46.1774124Z update-alternatives: using /usr/lib/x86_64-linux-gnu/lapack/liblapack.so.3 to provide /usr/lib/x86_64-linux-gnu/liblapack.so.3 (liblapack.so.3-x86_64-linux-gnu) in auto mode
2026-10-06T15:59:46.1789930Z Setting up libzvbi0t64:amd64 (0.2.42-2) ...
2026-10-06T15:59:46.1808778Z Setting up libavutil58:amd64 (7:6.1.1-3ubuntu5) ...
2026-10-06T15:59:46.1827551Z Setting up libopenal1:amd64 (1:1.23.1-4build1) ...
2026-10-06T15:59:46.1845662Z Setting up libass9:amd64 (1:0.17.1-2build1) ...
2026-10-06T15:59:46.1864254Z Setting up libswresample4:amd64 (7:6.1.1-3ubuntu5) ...
2026-10-06T15:59:46.1880995Z Setting up va-driver-all:amd64 (2.20.0-2ubuntu0.2) ...
2026-10-06T15:59:46.1899021Z Setting up libavcodec60:amd64 (7:6.1.1-3ubuntu5) ...
2026-10-06T15:59:46.1917140Z Setting up librubberband2:amd64 (3.3.0+dfsg-2build1) ...
2026-10-06T15:59:46.2194251Z Setting up libjack-jackd2-0:amd64 (1.9.21~dfsg-3ubuntu3) ...
2026-10-06T15:59:46.2211000Z Setting up vdpau-driver-all:amd64 (1.5-2build1) ...
2026-10-06T15:59:46.2228031Z Setting up libsord-0-0:amd64 (0.16.16-2build1) ...
2026-10-06T15:59:46.2245051Z Setting up libpostproc57:amd64 (7:6.1.1-3ubuntu5) ...
2026-10-06T15:59:46.2308450Z Setting up libsratom-0-0:amd64 (0.6.16-1build1) ...
2026-10-06T15:59:46.2326362Z Setting up libsndfile1:amd64 (1.2.2-1ubuntu5.24.04.1) ...
2026-10-06T15:59:46.2344025Z Setting up liblilv-0-0:amd64 (0.24.22-1build1) ...
2026-10-06T15:59:46.2363436Z Setting up libswscale7:amd64 (7:6.1.1-3ubuntu5) ...
2026-10-06T15:59:46.2381274Z Setting up libpulse0:amd64 (1:16.1+dfsg1-2ubuntu10.1) ...
2026-10-06T15:59:46.2454623Z Setting up libavformat60:amd64 (7:6.1.1-3ubuntu5) ...
2026-10-06T15:59:46.2472696Z Setting up libsphinxbase3t64:amd64 (0.8+5prealpha+1-17build2) ...
2026-10-06T15:59:46.2490064Z Setting up libsdl2-2.0-0:amd64 (2.30.0+dfsg-1ubuntu3.1) ...
2026-10-06T15:59:46.2508368Z Setting up libpocketsphinx3:amd64 (0.8.0+real5prealpha+1-15ubuntu5) ...
2026-10-06T15:59:46.2526250Z Setting up libavfilter9:amd64 (7:6.1.1-3ubuntu5) ...
2026-10-06T15:59:46.2544671Z Setting up libavdevice60:amd64 (7:6.1.1-3ubuntu5) ...
2026-10-06T15:59:46.2564073Z Setting up ffmpeg (7:6.1.1-3ubuntu5) ...
2026-10-06T15:59:46.2597815Z Processing triggers for man-db (2.12.0-4build2) ...
2026-10-06T15:59:46.2621709Z Not building database; man-db/auto-update is not 'true'.
2026-10-06T15:59:46.2637698Z Processing triggers for libgdk-pixbuf-2.0-0:amd64 (2.42.10+dfsg-3ubuntu3.3) ...
2026-10-06T15:59:46.4204105Z Processing triggers for libc-bin (2.39-0ubuntu8.9) ...
2026-10-06T15:59:47.1144304Z 
2026-10-06T15:59:47.1144998Z Running kernel seems to be up-to-date.
2026-10-06T15:59:47.1145495Z 
2026-10-06T15:59:47.1145680Z No services need to be restarted.
2026-10-06T15:59:47.1145931Z 
2026-10-06T15:59:47.1146084Z No containers need to be restarted.
2026-10-06T15:59:47.1146338Z 
2026-10-06T15:59:47.1146515Z No user sessions are running outdated binaries.
2026-10-06T15:59:47.1146825Z 
2026-10-06T15:59:47.1147110Z No VM guests are running outdated hypervisor (qemu) binaries on this host.
2026-10-06T15:59:48.3208193Z ##[group]Run cargo test -p hydrus-core -p hydrus-download -p hydrus-downloader-exchange -p hydrus-gui-model -p hydrus-net -p hydrus-search -p hydrus-store --locked --no-fail-fast
2026-10-06T15:59:48.3209571Z [36;1mcargo test -p hydrus-core -p hydrus-download -p hydrus-downloader-exchange -p hydrus-gui-model -p hydrus-net -p hydrus-search -p hydrus-store --locked --no-fail-fast[0m
2026-10-06T15:59:48.3270984Z shell: /usr/bin/bash -e {0}
2026-10-06T15:59:48.3271255Z env:
2026-10-06T15:59:48.3271469Z   CARGO_TERM_COLOR: always
2026-10-06T15:59:48.3271744Z   RUSTFLAGS: -D warnings
2026-10-06T15:59:48.3272010Z   CARGO_HOME: /home/runner/.cargo
2026-10-06T15:59:48.3272291Z   CARGO_INCREMENTAL: 0
2026-10-06T15:59:48.3272783Z   CACHE_ON_FAILURE: true
2026-10-06T15:59:48.3273032Z   CARGO_BUILD_JOBS: 2
2026-10-06T15:59:48.3273261Z ##[endgroup]
2026-10-06T15:59:48.4044059Z [1m[92m    Updating[0m crates.io index
2026-10-06T15:59:50.2395864Z [1m[92m Downloading[0m crates ...
2026-10-06T15:59:50.4779310Z [1m[92m  Downloaded[0m alloca v0.4.0
2026-10-06T15:59:50.4808776Z [1m[92m  Downloaded[0m anyhow v1.0.104
2026-10-06T15:59:50.4869132Z [1m[92m  Downloaded[0m ciborium-ll v0.2.2
2026-10-06T15:59:50.4897185Z [1m[92m  Downloaded[0m fs4 v0.13.1
2026-10-06T15:59:50.4953219Z [1m[92m  Downloaded[0m crc v3.4.0
2026-10-06T15:59:50.4987059Z [1m[92m  Downloaded[0m deranged v0.5.8
2026-10-06T15:59:50.5016664Z [1m[92m  Downloaded[0m chacha20 v0.10.2
2026-10-06T15:59:50.5057805Z [1m[92m  Downloaded[0m ciborium v0.2.2
2026-10-06T15:59:50.5100126Z [1m[92m  Downloaded[0m http-body v1.1.0
2026-10-06T15:59:50.5127880Z [1m[92m  Downloaded[0m glifo v0.1.1
2026-10-06T15:59:50.5166728Z [1m[92m  Downloaded[0m hayro-ccitt v0.3.0
2026-10-06T15:59:50.5198271Z [1m[92m  Downloaded[0m imagesize v0.15.0
2026-10-06T15:59:50.5245733Z [1m[92m  Downloaded[0m gcd v2.3.0
2026-10-06T15:59:50.5274522Z [1m[92m  Downloaded[0m defmt-parser v1.0.0
2026-10-06T15:59:50.5300761Z [1m[92m  Downloaded[0m foreign-types-macros v0.2.4
2026-10-06T15:59:50.5330108Z [1m[92m  Downloaded[0m bit-vec v0.8.0
2026-10-06T15:59:50.5362830Z [1m[92m  Downloaded[0m futures-macro v0.3.34
2026-10-06T15:59:50.5396151Z [1m[92m  Downloaded[0m idna_adapter v1.2.2
2026-10-06T15:59:50.5433129Z [1m[92m  Downloaded[0m cfg-if v1.0.5
2026-10-06T15:59:50.5466878Z [1m[92m  Downloaded[0m fallible-streaming-iterator v0.1.9
2026-10-06T15:59:50.5500935Z [1m[92m  Downloaded[0m pico-args v0.5.0
2026-10-06T15:59:50.5532775Z [1m[92m  Downloaded[0m plotters-backend v0.3.7
2026-10-06T15:59:50.5564384Z [1m[92m  Downloaded[0m plotters-svg v0.3.7
2026-10-06T15:59:50.5590744Z [1m[92m  Downloaded[0m phf_generator v0.13.1
2026-10-06T15:59:50.5622535Z [1m[92m  Downloaded[0m phf v0.13.1
2026-10-06T15:59:50.5656591Z [1m[92m  Downloaded[0m polycool v0.4.0
2026-10-06T15:59:50.5691389Z [1m[92m  Downloaded[0m lzma-rs v0.3.0
2026-10-06T15:59:50.5735856Z [1m[92m  Downloaded[0m fastrand v2.5.0
2026-10-06T15:59:50.5768055Z [1m[92m  Downloaded[0m fallible-iterator v0.3.0
2026-10-06T15:59:50.5798353Z [1m[92m  Downloaded[0m rand_core v0.9.5
2026-10-06T15:59:50.5831354Z [1m[92m  Downloaded[0m rand_core v0.10.1
2026-10-06T15:59:50.5864288Z [1m[92m  Downloaded[0m flate2 v1.1.10
2026-10-06T15:59:50.5932992Z [1m[92m  Downloaded[0m rand_xorshift v0.4.0
2026-10-06T15:59:50.5966301Z [1m[92m  Downloaded[0m sync_wrapper v1.0.2
2026-10-06T15:59:50.5996165Z [1m[92m  Downloaded[0m sha1 v0.11.0
2026-10-06T15:59:50.6043117Z [1m[92m  Downloaded[0m serde_derive v1.0.229
2026-10-06T15:59:50.6124402Z [1m[92m  Downloaded[0m strict-num v0.1.1
2026-10-06T15:59:50.6187381Z [1m[92m  Downloaded[0m tower-service v0.3.3
2026-10-06T15:59:50.6244296Z [1m[92m  Downloaded[0m tinyvec v1.13.3
2026-10-06T15:59:50.6310865Z [1m[92m  Downloaded[0m wait-timeout v0.2.1
2026-10-06T15:59:50.6371052Z [1m[92m  Downloaded[0m utf8_iter v1.0.4
2026-10-06T15:59:50.6413953Z [1m[92m  Downloaded[0m unicode-script v0.5.8
2026-10-06T15:59:50.6467890Z [1m[92m  Downloaded[0m zerofrom v0.1.8
2026-10-06T15:59:50.6516837Z [1m[92m  Downloaded[0m xmlwriter v0.1.0
2026-10-06T15:59:50.6569121Z [1m[92m  Downloaded[0m zerofrom-derive v0.1.8
2026-10-06T15:59:50.6605986Z [1m[92m  Downloaded[0m zeroize v1.9.0
2026-10-06T15:59:50.6648285Z [1m[92m  Downloaded[0m untrusted v0.9.0
2026-10-06T15:59:50.6685370Z [1m[92m  Downloaded[0m zstd-safe v8.0.0
2026-10-06T15:59:50.6724721Z [1m[92m  Downloaded[0m weezl v0.1.12
2026-10-06T15:59:50.6772380Z [1m[92m  Downloaded[0m yoke v0.8.3
2026-10-06T15:59:50.6806999Z [1m[92m  Downloaded[0m zune-core v0.5.3
2026-10-06T15:59:50.6847719Z [1m[92m  Downloaded[0m zmij v1.0.23
2026-10-06T15:59:50.6878473Z [1m[92m  Downloaded[0m trash v5.2.9
2026-10-06T15:59:50.6908263Z [1m[92m  Downloaded[0m zstd v0.14.0
2026-10-06T15:59:50.6949332Z [1m[92m  Downloaded[0m zerovec-derive v0.11.6
2026-10-06T15:59:50.6973846Z [1m[92m  Downloaded[0m vello_common v0.0.8
2026-10-06T15:59:50.7025084Z [1m[92m  Downloaded[0m rustls v0.23.45
2026-10-06T15:59:50.7153437Z [1m[92m  Downloaded[0m hayro-interpret v0.7.0
2026-10-06T15:59:50.7244438Z [1m[92m  Downloaded[0m zerocopy v0.8.59
2026-10-06T15:59:50.7467275Z [1m[92m  Downloaded[0m xml5ever v0.39.0
2026-10-06T15:59:50.7500818Z [1m[92m  Downloaded[0m tokio v1.53.1
2026-10-06T15:59:50.7961794Z [1m[92m  Downloaded[0m web_atoms v0.2.6
2026-10-06T15:59:50.7979378Z [1m[92m  Downloaded[0m zune-jpeg v0.5.15
2026-10-06T15:59:50.8028638Z [1m[92m  Downloaded[0m uuid v1.26.1
2026-10-06T15:59:50.8066901Z [1m[92m  Downloaded[0m tracing v0.1.44
2026-10-06T15:59:50.8228845Z [1m[92m  Downloaded[0m web-time v1.1.0
2026-10-06T15:59:50.8251291Z [1m[92m  Downloaded[0m icu_normalizer v2.3.0
2026-10-06T15:59:50.8350989Z [1m[92m  Downloaded[0m ring v0.17.14
2026-10-06T15:59:50.8772008Z [1m[92m  Downloaded[0m zstd-sys v2.1.0+zstd.1.5.7
2026-10-06T15:59:50.8944525Z [1m[92m  Downloaded[0m unicode-normalization v0.1.25
2026-10-06T15:59:50.8983955Z [1m[92m  Downloaded[0m xattr v1.6.1
2026-10-06T15:59:50.9006698Z [1m[92m  Downloaded[0m brotli v8.0.4
2026-10-06T15:59:50.9158073Z [1m[92m  Downloaded[0m jiff v0.2.37
2026-10-06T15:59:50.9310362Z [1m[92m  Downloaded[0m vello_common v0.0.9
2026-10-06T15:59:50.9355857Z [1m[92m  Downloaded[0m tokio-util v0.7.19
2026-10-06T15:59:50.9439076Z [1m[92m  Downloaded[0m tiny-skia v0.12.0
2026-10-06T15:59:50.9587195Z [1m[92m  Downloaded[0m regex-automata v0.4.18
2026-10-06T15:59:50.9734687Z [1m[92m  Downloaded[0m lcms2-sys v4.0.7
2026-10-06T15:59:50.9795821Z [1m[92m  Downloaded[0m zerocopy-derive v0.8.59
2026-10-06T15:59:50.9926046Z [1m[92m  Downloaded[0m yoke-derive v0.8.3
2026-10-06T15:59:50.9942988Z [1m[92m  Downloaded[0m pxfm v0.1.30
2026-10-06T15:59:51.0195808Z [1m[92m  Downloaded[0m libc v0.2.189
2026-10-06T15:59:51.0628065Z [1m[92m  Downloaded[0m vcpkg v0.2.15
2026-10-06T15:59:51.1170992Z [1m[92m  Downloaded[0m url v2.5.8
2026-10-06T15:59:51.1201162Z [1m[92m  Downloaded[0m read-fonts v0.39.2
2026-10-06T15:59:51.1383965Z [1m[92m  Downloaded[0m yaml-rust2 v0.13.0
2026-10-06T15:59:51.1421328Z [1m[92m  Downloaded[0m writeable v0.6.4
2026-10-06T15:59:51.1446969Z [1m[92m  Downloaded[0m rustix v1.1.5
2026-10-06T15:59:51.1721708Z [1m[92m  Downloaded[0m read-fonts v0.41.0
2026-10-06T15:59:51.1913244Z [1m[92m  Downloaded[0m image v0.25.10
2026-10-06T15:59:51.2008832Z [1m[92m  Downloaded[0m usvg v0.48.1
2026-10-06T15:59:51.2057410Z [1m[92m  Downloaded[0m tracing-core v0.1.36
2026-10-06T15:59:51.2087877Z [1m[92m  Downloaded[0m zerotrie v0.2.5
2026-10-06T15:59:51.2130186Z [1m[92m  Downloaded[0m walkdir v2.5.0
2026-10-06T15:59:51.2151687Z [1m[92m  Downloaded[0m urlencoding v2.1.3
2026-10-06T15:59:51.2163807Z [1m[92m  Downloaded[0m syn v3.0.6
2026-10-06T15:59:51.2274340Z [1m[92m  Downloaded[0m turbojpeg-sys v1.2.0
2026-10-06T15:59:51.2677687Z [1m[92m  Downloaded[0m harfrust v0.12.0
2026-10-06T15:59:51.2766937Z [1m[92m  Downloaded[0m time v0.3.55
2026-10-06T15:59:51.2916847Z [1m[92m  Downloaded[0m syn v2.0.119
2026-10-06T15:59:51.3024459Z [1m[92m  Downloaded[0m skrifa v0.44.0
2026-10-06T15:59:51.3122807Z [1m[92m  Downloaded[0m skrifa v0.42.1
2026-10-06T15:59:51.3218864Z [1m[92m  Downloaded[0m regex-syntax v0.8.11
2026-10-06T15:59:51.3289259Z [1m[92m  Downloaded[0m kurbo v0.13.1
2026-10-06T15:59:51.3343802Z [1m[92m  Downloaded[0m hyper v1.11.1
2026-10-06T15:59:51.3417331Z [1m[92m  Downloaded[0m h2 v0.4.19
2026-10-06T15:59:51.3484726Z [1m[92m  Downloaded[0m encoding_rs v0.8.42
2026-10-06T15:59:51.3583371Z [1m[92m  Downloaded[0m unicode-vo v0.1.0
2026-10-06T15:59:51.3593076Z [1m[92m  Downloaded[0m zip v8.6.0
2026-10-06T15:59:51.3645431Z [1m[92m  Downloaded[0m unicode-bidi v0.3.18
2026-10-06T15:59:51.3671347Z [1m[92m  Downloaded[0m moxcms v0.8.1
2026-10-06T15:59:51.3777470Z [1m[92m  Downloaded[0m futures-util v0.3.34
2026-10-06T15:59:51.3914154Z [1m[92m  Downloaded[0m zerovec v0.11.8
2026-10-06T15:59:51.3976538Z [1m[92m  Downloaded[0m tracing-attributes v0.1.31
2026-10-06T15:59:51.4005850Z [1m[92m  Downloaded[0m tower-http v0.6.11
2026-10-06T15:59:51.4103749Z [1m[92m  Downloaded[0m tower v0.5.3
2026-10-06T15:59:51.4208389Z [1m[92m  Downloaded[0m tiff v0.11.3
2026-10-06T15:59:51.4265715Z [1m[92m  Downloaded[0m thiserror-impl v1.0.69
2026-10-06T15:59:51.4280949Z [1m[92m  Downloaded[0m quinn-proto v0.11.18
2026-10-06T15:59:51.4349887Z [1m[92m  Downloaded[0m hashbrown v0.17.1
2026-10-06T15:59:51.4404361Z [1m[92m  Downloaded[0m want v0.3.1
2026-10-06T15:59:51.4415044Z [1m[92m  Downloaded[0m vello_cpu v0.0.8
2026-10-06T15:59:51.4462571Z [1m[92m  Downloaded[0m typenum v1.20.1
2026-10-06T15:59:51.4498806Z [1m[92m  Downloaded[0m serde_json v1.0.151
2026-10-06T15:59:51.4574845Z [1m[92m  Downloaded[0m rayon v1.12.0
2026-10-06T15:59:51.4670503Z [1m[92m  Downloaded[0m quick-xml v0.42.0
2026-10-06T15:59:51.4732349Z [1m[92m  Downloaded[0m libm v0.2.16
2026-10-06T15:59:51.4843664Z [1m[92m  Downloaded[0m hyper-util v0.1.21
2026-10-06T15:59:51.4909934Z [1m[92m  Downloaded[0m typed-path v0.12.3
2026-10-06T15:59:51.4978580Z [1m[92m  Downloaded[0m turbojpeg v1.5.1
2026-10-06T15:59:51.5006833Z [1m[92m  Downloaded[0m time-macros v0.2.32
2026-10-06T15:59:51.5032783Z [1m[92m  Downloaded[0m thiserror v1.0.69
2026-10-06T15:59:51.5092781Z [1m[92m  Downloaded[0m tar v0.4.46
2026-10-06T15:59:51.5122699Z [1m[92m  Downloaded[0m rusqlite v0.40.2
2026-10-06T15:59:51.5191789Z [1m[92m  Downloaded[0m reqwest v0.13.5
2026-10-06T15:59:51.5247177Z [1m[92m  Downloaded[0m regex v1.13.1
2026-10-06T15:59:51.5302367Z [1m[92m  Downloaded[0m rand v0.10.3
2026-10-06T15:59:51.5341315Z [1m[92m  Downloaded[0m rand v0.9.5
2026-10-06T15:59:51.5381089Z [1m[92m  Downloaded[0m jiff-core v0.1.1
2026-10-06T15:59:51.5418556Z [1m[92m  Downloaded[0m itertools v0.13.0
2026-10-06T15:59:51.5487950Z [1m[92m  Downloaded[0m icu_properties_data v2.3.0
2026-10-06T15:59:51.5597184Z [1m[92m  Downloaded[0m hayro-syntax v0.7.2
2026-10-06T15:59:51.5646576Z [1m[92m  Downloaded[0m unicode-ident v1.0.26
2026-10-06T15:59:51.5677064Z [1m[92m  Downloaded[0m tokio-rustls v0.26.6
2026-10-06T15:59:51.5694688Z [1m[92m  Downloaded[0m tempfile v3.27.0
2026-10-06T15:59:51.5722397Z [1m[92m  Downloaded[0m roaring v0.11.3
2026-10-06T15:59:51.5786529Z [1m[92m  Downloaded[0m qoi v0.4.1
2026-10-06T15:59:51.5818817Z [1m[92m  Downloaded[0m proptest v1.11.0
2026-10-06T15:59:51.5916998Z [1m[92m  Downloaded[0m pic-scale v0.7.12
2026-10-06T15:59:51.6088834Z [1m[92m  Downloaded[0m num-bigint v0.4.8
2026-10-06T15:59:51.6137747Z [1m[92m  Downloaded[0m mio v1.2.3
2026-10-06T15:59:51.6203720Z [1m[92m  Downloaded[0m miniz_oxide v0.8.9
2026-10-06T15:59:51.6229318Z [1m[92m  Downloaded[0m memchr v2.8.3
2026-10-06T15:59:51.6286245Z [1m[92m  Downloaded[0m idna v1.1.0
2026-10-06T15:59:51.6322915Z [1m[92m  Downloaded[0m icu_properties v2.3.0
2026-10-06T15:59:51.6357617Z [1m[92m  Downloaded[0m icu_locale_core v2.3.0
2026-10-06T15:59:51.6430003Z [1m[92m  Downloaded[0m icu_collections v2.3.0
2026-10-06T15:59:51.6494242Z [1m[92m  Downloaded[0m hayro-jpeg2000 v0.3.5
2026-10-06T15:59:51.6531741Z [1m[92m  Downloaded[0m hayro-jbig2 v0.3.0
2026-10-06T15:59:51.6563730Z [1m[92m  Downloaded[0m fearless_simd v0.4.1
2026-10-06T15:59:51.6632706Z [1m[92m  Downloaded[0m chrono v0.4.45
2026-10-06T15:59:51.6699428Z [1m[92m  Downloaded[0m aws-lc-rs v1.18.1
2026-10-06T15:59:51.6809592Z [1m[92m  Downloaded[0m unarray v0.1.4
2026-10-06T15:59:51.6822911Z [1m[92m  Downloaded[0m zlib-rs v0.6.8
2026-10-06T15:59:51.6879517Z [1m[92m  Downloaded[0m try-lock v0.2.5
2026-10-06T15:59:51.6889742Z [1m[92m  Downloaded[0m tower-layer v0.3.3
2026-10-06T15:59:51.6899817Z [1m[92m  Downloaded[0m tokio-macros v2.7.2
2026-10-06T15:59:51.6912272Z [1m[92m  Downloaded[0m tinystr v0.8.4
2026-10-06T15:59:51.6934945Z [1m[92m  Downloaded[0m signal-hook-registry v1.4.8
2026-10-06T15:59:51.6947600Z [1m[92m  Downloaded[0m proc-macro2 v1.0.107
2026-10-06T15:59:51.6978976Z [1m[92m  Downloaded[0m miniz_oxide v0.9.1
2026-10-06T15:59:51.7005180Z [1m[92m  Downloaded[0m http v1.5.0
2026-10-06T15:59:51.7042100Z [1m[92m  Downloaded[0m html5ever v0.39.0
2026-10-06T15:59:51.7079079Z [1m[92m  Downloaded[0m half v2.7.1
2026-10-06T15:59:51.7108252Z [1m[92m  Downloaded[0m getrandom v0.3.4
2026-10-06T15:59:51.7142633Z [1m[92m  Downloaded[0m version_check v0.9.5
2026-10-06T15:59:51.7156363Z [1m[92m  Downloaded[0m tiny-skia-path v0.12.0
2026-10-06T15:59:51.7176484Z [1m[92m  Downloaded[0m simdutf8 v0.1.5
2026-10-06T15:59:51.7201125Z [1m[92m  Downloaded[0m rustls-webpki v0.103.15
2026-10-06T15:59:51.7233508Z [1m[92m  Downloaded[0m parking_lot_core v0.9.12
2026-10-06T15:59:51.7255396Z [1m[92m  Downloaded[0m parking_lot v0.12.5
2026-10-06T15:59:51.7281432Z [1m[92m  Downloaded[0m once_cell v1.21.4
2026-10-06T15:59:51.7310042Z [1m[92m  Downloaded[0m num-traits v0.2.19
2026-10-06T15:59:51.7337899Z [1m[92m  Downloaded[0m lz4_flex v0.14.0
2026-10-06T15:59:51.7358428Z [1m[92m  Downloaded[0m log v0.4.34
2026-10-06T15:59:51.7384411Z [1m[92m  Downloaded[0m lock_api v0.4.14
2026-10-06T15:59:51.7397982Z [1m[92m  Downloaded[0m indexmap v2.14.2
2026-10-06T15:59:51.7442465Z [1m[92m  Downloaded[0m image-webp v0.2.4
2026-10-06T15:59:51.7465415Z [1m[92m  Downloaded[0m icu_provider v2.3.1
2026-10-06T15:59:51.7492887Z [1m[92m  Downloaded[0m icu_normalizer_data v2.3.0
2026-10-06T15:59:51.7514769Z [1m[92m  Downloaded[0m hybrid-array v0.4.15
2026-10-06T15:59:51.7538070Z [1m[92m  Downloaded[0m tinytemplate v1.2.1
2026-10-06T15:59:51.7556234Z [1m[92m  Downloaded[0m thiserror-impl v2.0.21
2026-10-06T15:59:51.7571753Z [1m[92m  Downloaded[0m svgtypes v0.16.1
2026-10-06T15:59:51.7597259Z [1m[92m  Downloaded[0m string_cache v0.9.0
2026-10-06T15:59:51.7615081Z [1m[92m  Downloaded[0m stable_deref_trait v1.2.1
2026-10-06T15:59:51.7623982Z [1m[92m  Downloaded[0m linux-raw-sys v0.12.1
2026-10-06T15:59:51.8239140Z [1m[92m  Downloaded[0m socket2 v0.6.5
2026-10-06T15:59:51.8258715Z [1m[92m  Downloaded[0m simplecss v0.2.2
2026-10-06T15:59:51.8278240Z [1m[92m  Downloaded[0m simd-adler32 v0.3.10
2026-10-06T15:59:51.8297555Z [1m[92m  Downloaded[0m sha2 v0.11.0
2026-10-06T15:59:51.8335796Z [1m[92m  Downloaded[0m serde v1.0.229
2026-10-06T15:59:51.8372455Z [1m[92m  Downloaded[0m quick-error v1.2.3
2026-10-06T15:59:51.8385947Z [1m[92m  Downloaded[0m ppv-lite86 v0.2.21
2026-10-06T15:59:51.8399266Z [1m[92m  Downloaded[0m powerfmt v0.2.0
2026-10-06T15:59:51.8411192Z [1m[92m  Downloaded[0m memmap2 v0.9.11
2026-10-06T15:59:51.8428857Z [1m[92m  Downloaded[0m md-5 v0.11.0
2026-10-06T15:59:51.8447058Z [1m[92m  Downloaded[0m markup5ever_rcdom v0.39.0+unofficial
2026-10-06T15:59:51.8456261Z [1m[92m  Downloaded[0m litemap v0.8.3
2026-10-06T15:59:51.8479938Z [1m[92m  Downloaded[0m iana-time-zone v0.1.65
2026-10-06T15:59:51.8509148Z [1m[92m  Downloaded[0m hyper-rustls v0.27.10
2026-10-06T15:59:51.8524646Z [1m[92m  Downloaded[0m httparse v1.10.1
2026-10-06T15:59:51.8550083Z [1m[92m  Downloaded[0m hashlink v0.12.2
2026-10-06T15:59:51.8569451Z [1m[92m  Downloaded[0m getrandom v0.4.3
2026-10-06T15:59:51.8608057Z [1m[92m  Downloaded[0m clap_builder v4.6.7
2026-10-06T15:59:51.8671814Z [1m[92m  Downloaded[0m axum v0.8.9
2026-10-06T15:59:51.8756247Z [1m[92m  Downloaded[0m time-core v0.1.9
2026-10-06T15:59:51.8767269Z [1m[92m  Downloaded[0m thiserror v2.0.21
2026-10-06T15:59:51.8833371Z [1m[92m  Downloaded[0m tendril v0.5.1
2026-10-06T15:59:51.8852759Z [1m[92m  Downloaded[0m synstructure v0.14.0
2026-10-06T15:59:51.8863379Z [1m[92m  Downloaded[0m subtle v2.6.1
2026-10-06T15:59:51.8875960Z [1m[92m  Downloaded[0m string_cache_codegen v0.6.1
2026-10-06T15:59:51.8883984Z [1m[92m  Downloaded[0m smallvec v1.16.2
2026-10-06T15:59:51.8897624Z [1m[92m  Downloaded[0m slab v0.4.12
2026-10-06T15:59:51.8911240Z [1m[92m  Downloaded[0m shlex v2.0.1
2026-10-06T15:59:51.8926837Z [1m[92m  Downloaded[0m serde_urlencoded v0.7.1
2026-10-06T15:59:51.8944973Z [1m[92m  Downloaded[0m serde_path_to_error v0.1.20
2026-10-06T15:59:51.8961245Z [1m[92m  Downloaded[0m scopeguard v1.2.0
2026-10-06T15:59:51.8974558Z [1m[92m  Downloaded[0m same-file v1.0.6
2026-10-06T15:59:51.8989445Z [1m[92m  Downloaded[0m rusty-fork v0.3.1
2026-10-06T15:59:51.9005035Z [1m[92m  Downloaded[0m resvg v0.48.1
2026-10-06T15:59:51.9033472Z [1m[92m  Downloaded[0m rand_pcg v0.10.2
2026-10-06T15:59:51.9048750Z [1m[92m  Downloaded[0m quinn v0.11.12
2026-10-06T15:59:51.9082791Z [1m[92m  Downloaded[0m png v0.18.1
2026-10-06T15:59:51.9125180Z [1m[92m  Downloaded[0m plotters v0.3.7
2026-10-06T15:59:51.9218250Z [1m[92m  Downloaded[0m pin-project-lite v0.2.17
2026-10-06T15:59:51.9278162Z [1m[92m  Downloaded[0m oorandom v11.1.5
2026-10-06T15:59:51.9289105Z [1m[92m  Downloaded[0m num-integer v0.1.47
2026-10-06T15:59:51.9306486Z [1m[92m  Downloaded[0m matchit v0.8.4
2026-10-06T15:59:51.9328605Z [1m[92m  Downloaded[0m markup5ever v0.39.0
2026-10-06T15:59:51.9341231Z [1m[92m  Downloaded[0m lcms2 v6.2.0
2026-10-06T15:59:51.9361042Z [1m[92m  Downloaded[0m jobserver v0.1.35
2026-10-06T15:59:51.9380465Z [1m[92m  Downloaded[0m hayro v0.7.1
2026-10-06T15:59:51.9393158Z [1m[92m  Downloaded[0m getrandom v0.2.17
2026-10-06T15:59:51.9422935Z [1m[92m  Downloaded[0m fontdb v0.24.0
2026-10-06T15:59:51.9450817Z [1m[92m  Downloaded[0m slotmap v1.1.1
2026-10-06T15:59:51.9472436Z [1m[92m  Downloaded[0m siphasher v1.0.4
2026-10-06T15:59:51.9487871Z [1m[92m  Downloaded[0m serde_core v1.0.229
2026-10-06T15:59:51.9516362Z [1m[92m  Downloaded[0m ryu v1.0.23
2026-10-06T15:59:51.9549929Z [1m[92m  Downloaded[0m rustversion v1.0.23
2026-10-06T15:59:51.9578386Z [1m[92m  Downloaded[0m rustls-platform-verifier v0.7.1
2026-10-06T15:59:51.9619641Z [1m[92m  Downloaded[0m roxmltree v0.21.1
2026-10-06T15:59:51.9753412Z [1m[92m  Downloaded[0m rayon-core v1.13.0
2026-10-06T15:59:51.9792370Z [1m[92m  Downloaded[0m quick-error v2.0.1
2026-10-06T15:59:51.9806504Z [1m[92m  Downloaded[0m precomputed-hash v0.1.1
2026-10-06T15:59:51.9812932Z [1m[92m  Downloaded[0m potential_utf v0.1.6
2026-10-06T15:59:51.9825200Z [1m[92m  Downloaded[0m peniko v0.6.1
2026-10-06T15:59:51.9840769Z [1m[92m  Downloaded[0m ipnet v2.12.2
2026-10-06T15:59:51.9858639Z [1m[92m  Downloaded[0m hex v0.4.3
2026-10-06T15:59:51.9874772Z [1m[92m  Downloaded[0m fancy-regex v0.19.2
2026-10-06T15:59:51.9941006Z [1m[92m  Downloaded[0m cfb v0.15.0
2026-10-06T15:59:51.9990845Z [1m[92m  Downloaded[0m async-compression v0.4.49
2026-10-06T15:59:52.0065492Z [1m[92m  Downloaded[0m rustls-pki-types v1.15.1
2026-10-06T15:59:52.0092223Z [1m[92m  Downloaded[0m rgb v0.8.53
2026-10-06T15:59:52.0117101Z [1m[92m  Downloaded[0m httpdate v1.0.3
2026-10-06T15:59:52.0131199Z [1m[92m  Downloaded[0m hayro-postscript v0.1.0
2026-10-06T15:59:52.0147942Z [1m[92m  Downloaded[0m cc v1.5.1
2026-10-06T15:59:52.0182540Z [1m[92m  Downloaded[0m rustls-native-certs v0.8.4
2026-10-06T15:59:52.0195784Z [1m[92m  Downloaded[0m roxmltree v0.20.0
2026-10-06T15:59:52.0325790Z [1m[92m  Downloaded[0m quote v1.0.47
2026-10-06T15:59:52.0354555Z [1m[92m  Downloaded[0m rustc-hash v2.1.3
2026-10-06T15:59:52.0368780Z [1m[92m  Downloaded[0m crossbeam-channel v0.5.17
2026-10-06T15:59:52.0409754Z [1m[92m  Downloaded[0m base64 v0.23.1
2026-10-06T15:59:52.0449566Z [1m[92m  Downloaded[0m clap v4.6.7
2026-10-06T15:59:52.0547032Z [1m[92m  Downloaded[0m bytes v1.12.1
2026-10-06T15:59:52.0582900Z [1m[92m  Downloaded[0m arc-swap v1.9.2
2026-10-06T15:59:52.0623526Z [1m[92m  Downloaded[0m multiversion_no_op v1.0.0
2026-10-06T15:59:52.0632397Z [1m[92m  Downloaded[0m jiff-static v0.2.37
2026-10-06T15:59:52.0642018Z [1m[92m  Downloaded[0m euclid v0.22.14
2026-10-06T15:59:52.0674353Z [1m[92m  Downloaded[0m chardetng v1.0.0
2026-10-06T15:59:52.0692468Z [1m[92m  Downloaded[0m brotli-decompressor v5.0.3
2026-10-06T15:59:52.0750379Z [1m[92m  Downloaded[0m base64 v0.22.1
2026-10-06T15:59:52.0788633Z [1m[92m  Downloaded[0m rand_chacha v0.9.0
2026-10-06T15:59:52.0801548Z [1m[92m  Downloaded[0m quinn-udp v0.5.15
2026-10-06T15:59:52.0819548Z [1m[92m  Downloaded[0m plist v1.10.1
2026-10-06T15:59:52.0861259Z [1m[92m  Downloaded[0m percent-encoding v2.3.2
2026-10-06T15:59:52.0870332Z [1m[92m  Downloaded[0m page_size v0.6.0
2026-10-06T15:59:52.0881166Z [1m[92m  Downloaded[0m bytemuck v1.25.2
2026-10-06T15:59:52.0913029Z [1m[92m  Downloaded[0m crossbeam-epoch v0.9.21
2026-10-06T15:59:52.0938641Z [1m[92m  Downloaded[0m axum-core v0.5.6
2026-10-06T15:59:52.0960582Z [1m[92m  Downloaded[0m futures-task v0.3.34
2026-10-06T15:59:52.0972899Z [1m[92m  Downloaded[0m fontconfig-parser v0.5.8
2026-10-06T15:59:52.1029959Z [1m[92m  Downloaded[0m digest v0.11.3
2026-10-06T15:59:52.1054838Z [1m[92m  Downloaded[0m crossbeam-utils v0.8.23
2026-10-06T15:59:52.1083319Z [1m[92m  Downloaded[0m core_detect v1.0.0
2026-10-06T15:59:52.1099857Z [1m[92m  Downloaded[0m compression-codecs v0.4.44
2026-10-06T15:59:52.1142665Z [1m[92m  Downloaded[0m pkg-config v0.3.34
2026-10-06T15:59:52.1158195Z [1m[92m  Downloaded[0m phf_macros v0.13.1
2026-10-06T15:59:52.1168214Z [1m[92m  Downloaded[0m openssl-probe v0.2.1
2026-10-06T15:59:52.1181173Z [1m[92m  Downloaded[0m font-types v0.12.5
2026-10-06T15:59:52.1200144Z [1m[92m  Downloaded[0m fdeflate v0.3.7
2026-10-06T15:59:52.1216432Z [1m[92m  Downloaded[0m fax v0.2.7
2026-10-06T15:59:52.1237029Z [1m[92m  Downloaded[0m criterion-plot v0.8.2
2026-10-06T15:59:52.1255065Z [1m[92m  Downloaded[0m crc32fast v1.5.2
2026-10-06T15:59:52.1275832Z [1m[92m  Downloaded[0m crc-catalog v2.5.0
2026-10-06T15:59:52.1290495Z [1m[92m  Downloaded[0m bytemuck_derive v1.12.1
2026-10-06T15:59:52.1303972Z [1m[92m  Downloaded[0m aho-corasick v1.1.5
2026-10-06T15:59:52.1357204Z [1m[92m  Downloaded[0m num-conv v0.2.2
2026-10-06T15:59:52.1366332Z [1m[92m  Downloaded[0m new_debug_unreachable v1.0.6
2026-10-06T15:59:52.1377451Z [1m[92m  Downloaded[0m futures-io v0.3.34
2026-10-06T15:59:52.1386889Z [1m[92m  Downloaded[0m foldhash v0.2.0
2026-10-06T15:59:52.1399553Z [1m[92m  Downloaded[0m find-msvc-tools v0.1.14
2026-10-06T15:59:52.1417677Z [1m[92m  Downloaded[0m equivalent v1.0.2
2026-10-06T15:59:52.1428137Z [1m[92m  Downloaded[0m either v1.18.0
2026-10-06T15:59:52.1443163Z [1m[92m  Downloaded[0m defmt-macros v1.1.1
2026-10-06T15:59:52.1480290Z [1m[92m  Downloaded[0m defmt v1.1.1
2026-10-06T15:59:52.1528897Z [1m[92m  Downloaded[0m crossbeam-deque v0.8.8
2026-10-06T15:59:52.1544599Z [1m[92m  Downloaded[0m cmake v0.1.58
2026-10-06T15:59:52.1558441Z [1m[92m  Downloaded[0m mime v0.3.17
2026-10-06T15:59:52.1571556Z [1m[92m  Downloaded[0m lru-slab v0.1.3
2026-10-06T15:59:52.1580103Z [1m[92m  Downloaded[0m itoa v1.0.18
2026-10-06T15:59:52.1595068Z [1m[92m  Downloaded[0m float-cmp v0.9.0
2026-10-06T15:59:52.1607365Z [1m[92m  Downloaded[0m alloc-stdlib v0.2.4
2026-10-06T15:59:52.1619647Z [1m[92m  Downloaded[0m alloc-no-stdlib v2.0.4
2026-10-06T15:59:52.1637602Z [1m[92m  Downloaded[0m phf_shared v0.13.1
2026-10-06T15:59:52.1649376Z [1m[92m  Downloaded[0m linebender_resource_handle v0.1.1
2026-10-06T15:59:52.1661794Z [1m[92m  Downloaded[0m dunce v1.0.5
2026-10-06T15:59:52.1671695Z [1m[92m  Downloaded[0m data-url v0.3.2
2026-10-06T15:59:52.1686886Z [1m[92m  Downloaded[0m ciborium-io v0.2.2
2026-10-06T15:59:52.1696546Z [1m[92m  Downloaded[0m phf_codegen v0.13.1
2026-10-06T15:59:52.1706437Z [1m[92m  Downloaded[0m futures-channel v0.3.34
2026-10-06T15:59:52.1727063Z [1m[92m  Downloaded[0m fs_extra v1.3.0
2026-10-06T15:59:52.1744685Z [1m[92m  Downloaded[0m form_urlencoded v1.2.2
2026-10-06T15:59:52.1753012Z [1m[92m  Downloaded[0m libsqlite3-sys v0.38.2
2026-10-06T15:59:52.2344750Z [1m[92m  Downloaded[0m cfg_aliases v0.2.2
2026-10-06T15:59:52.2355851Z [1m[92m  Downloaded[0m block-buffer v0.12.1
2026-10-06T15:59:52.2368663Z [1m[92m  Downloaded[0m bit-set v0.8.0
2026-10-06T15:59:52.2383227Z [1m[92m  Downloaded[0m arraydeque v0.5.1
2026-10-06T15:59:52.2396568Z [1m[92m  Downloaded[0m http-body-util v0.1.5
2026-10-06T15:59:52.2417823Z [1m[92m  Downloaded[0m foreign-types-shared v0.3.1
2026-10-06T15:59:52.2426233Z [1m[92m  Downloaded[0m filetime v0.2.29
2026-10-06T15:59:52.2444429Z [1m[92m  Downloaded[0m errno v0.3.14
2026-10-06T15:59:52.2460273Z [1m[92m  Downloaded[0m displaydoc v0.2.7
2026-10-06T15:59:52.2481168Z [1m[92m  Downloaded[0m axum-macros v0.5.1
2026-10-06T15:59:52.2593747Z [1m[92m  Downloaded[0m atomic-waker v1.1.2
2026-10-06T15:59:52.2606286Z [1m[92m  Downloaded[0m crypto-common v0.2.2
2026-10-06T15:59:52.2618868Z [1m[92m  Downloaded[0m criterion v0.8.2
2026-10-06T15:59:52.2693925Z [1m[92m  Downloaded[0m cpufeatures v0.3.1
2026-10-06T15:59:52.2709214Z [1m[92m  Downloaded[0m color_quant v1.1.0
2026-10-06T15:59:52.2719906Z [1m[92m  Downloaded[0m clap_lex v1.1.1
2026-10-06T15:59:52.2732186Z [1m[92m  Downloaded[0m anstyle v1.0.14
2026-10-06T15:59:52.2747016Z [1m[92m  Downloaded[0m bitflags v1.3.2
2026-10-06T15:59:52.2780110Z [1m[92m  Downloaded[0m autocfg v1.5.1
2026-10-06T15:59:52.2799696Z [1m[92m  Downloaded[0m arrayvec v0.7.8
2026-10-06T15:59:52.2821475Z [1m[92m  Downloaded[0m foreign-types v0.5.0
2026-10-06T15:59:52.2831136Z [1m[92m  Downloaded[0m font-types v0.11.3
2026-10-06T15:59:52.2850028Z [1m[92m  Downloaded[0m fnv v1.0.7
2026-10-06T15:59:52.2859562Z [1m[92m  Downloaded[0m futures-core v0.3.34
2026-10-06T15:59:52.2873678Z [1m[92m  Downloaded[0m byteorder-lite v0.1.0
2026-10-06T15:59:52.2884173Z [1m[92m  Downloaded[0m arrayref v0.3.9
2026-10-06T15:59:52.2897034Z [1m[92m  Downloaded[0m futures-sink v0.3.34
2026-10-06T15:59:52.2906026Z [1m[92m  Downloaded[0m color v0.3.3
2026-10-06T15:59:52.2934781Z [1m[92m  Downloaded[0m gif v0.14.2
2026-10-06T15:59:52.2951886Z [1m[92m  Downloaded[0m hayro-cmap v0.1.0
2026-10-06T15:59:52.2972819Z [1m[92m  Downloaded[0m guillotiere v0.7.0
2026-10-06T15:59:52.2986762Z [1m[92m  Downloaded[0m const-oid v0.10.2
2026-10-06T15:59:52.3010628Z [1m[92m  Downloaded[0m bitflags v2.13.2
2026-10-06T15:59:52.3055492Z [1m[92m  Downloaded[0m byteorder v1.5.0
2026-10-06T15:59:52.3072316Z [1m[92m  Downloaded[0m compression-core v0.4.33
2026-10-06T15:59:52.3083842Z [1m[92m  Downloaded[0m cast v0.3.0
2026-10-06T15:59:52.3096911Z [1m[92m  Downloaded[0m anes v0.1.6
2026-10-06T15:59:52.3125552Z [1m[92m  Downloaded[0m adler2 v2.0.1
2026-10-06T15:59:52.3147085Z [1m[92m  Downloaded[0m aws-lc-sys v0.45.0
2026-10-06T15:59:52.6985650Z [1m[92m   Compiling[0m proc-macro2 v1.0.107
2026-10-06T15:59:52.6986448Z [1m[92m   Compiling[0m quote v1.0.47
2026-10-06T15:59:53.0699022Z [1m[92m   Compiling[0m unicode-ident v1.0.26
2026-10-06T15:59:53.1411005Z [1m[92m   Compiling[0m libc v0.2.189
2026-10-06T15:59:54.8344387Z [1m[92m   Compiling[0m syn v3.0.6
2026-10-06T15:59:54.9629271Z [1m[92m   Compiling[0m cfg-if v1.0.5
2026-10-06T15:59:54.9877073Z [1m[92m   Compiling[0m jobserver v0.1.35
2026-10-06T15:59:55.6588205Z [1m[92m   Compiling[0m shlex v2.0.1
2026-10-06T15:59:55.8407571Z [1m[92m   Compiling[0m find-msvc-tools v0.1.14
2026-10-06T15:59:56.2405383Z [1m[92m   Compiling[0m cc v1.5.1
2026-10-06T16:00:02.5596596Z [1m[92m   Compiling[0m smallvec v1.16.2
2026-10-06T16:00:02.6931567Z [1m[92m   Compiling[0m syn v2.0.119
2026-10-06T16:00:18.0004193Z [1m[92m   Compiling[0m pkg-config v0.3.34
2026-10-06T16:00:19.4884039Z [1m[92m   Compiling[0m memchr v2.8.3
2026-10-06T16:00:20.5586929Z [1m[92m   Compiling[0m scopeguard v1.2.0
2026-10-06T16:00:20.5985764Z [1m[92m   Compiling[0m bitflags v2.13.2
2026-10-06T16:00:20.8444267Z [1m[92m   Compiling[0m parking_lot_core v0.9.12
2026-10-06T16:00:20.9854240Z [1m[92m   Compiling[0m foldhash v0.2.0
2026-10-06T16:00:21.1116143Z [1m[92m   Compiling[0m once_cell v1.21.4
2026-10-06T16:00:21.2384165Z [1m[92m   Compiling[0m hashbrown v0.17.1
2026-10-06T16:00:21.9624293Z [1m[92m   Compiling[0m lock_api v0.4.14
2026-10-06T16:00:22.1084074Z [1m[92m   Compiling[0m siphasher v1.0.4
2026-10-06T16:00:22.2217375Z [1m[92m   Compiling[0m parking_lot v0.12.5
2026-10-06T16:00:22.9427820Z [1m[92m   Compiling[0m itoa v1.0.18
2026-10-06T16:00:23.0811578Z [1m[92m   Compiling[0m serde_core v1.0.229
2026-10-06T16:00:23.4844945Z [1m[92m   Compiling[0m log v0.4.34
2026-10-06T16:00:24.4864019Z [1m[92m   Compiling[0m phf_shared v0.13.1
2026-10-06T16:00:24.6647341Z [1m[92m   Compiling[0m autocfg v1.5.1
2026-10-06T16:00:25.2491748Z [1m[92m   Compiling[0m fastrand v2.5.0
2026-10-06T16:00:25.3314228Z [1m[92m   Compiling[0m phf_generator v0.13.1
2026-10-06T16:00:25.7413436Z [1m[92m   Compiling[0m serde v1.0.229
2026-10-06T16:00:25.7876911Z [1m[92m   Compiling[0m num-traits v0.2.19
2026-10-06T16:00:25.9314037Z [1m[92m   Compiling[0m equivalent v1.0.2
2026-10-06T16:00:25.9599232Z [1m[92m   Compiling[0m indexmap v2.14.2
2026-10-06T16:00:26.5496604Z [1m[92m   Compiling[0m serde_derive v1.0.229
2026-10-06T16:00:26.7278107Z [1m[92m   Compiling[0m simd-adler32 v0.3.10
2026-10-06T16:00:26.9254059Z [1m[92m   Compiling[0m phf_macros v0.13.1
2026-10-06T16:00:31.5794672Z [1m[92m   Compiling[0m adler2 v2.0.1
2026-10-06T16:00:31.6543129Z [1m[92m   Compiling[0m crc32fast v1.5.2
2026-10-06T16:00:31.8991584Z [1m[92m   Compiling[0m phf v0.13.1
2026-10-06T16:00:31.9837649Z [1m[92m   Compiling[0m string_cache_codegen v0.6.1
2026-10-06T16:00:33.3017593Z [1m[92m   Compiling[0m phf_codegen v0.13.1
2026-10-06T16:00:33.3692468Z [1m[92m   Compiling[0m typenum v1.20.1
2026-10-06T16:00:33.9579262Z [1m[92m   Compiling[0m rand_core v0.10.1
2026-10-06T16:00:34.0285454Z [1m[92m   Compiling[0m new_debug_unreachable v1.0.6
2026-10-06T16:00:34.0521028Z [1m[92m   Compiling[0m zmij v1.0.23
2026-10-06T16:00:34.2867818Z [1m[92m   Compiling[0m getrandom v0.4.3
2026-10-06T16:00:34.4441472Z [1m[92m   Compiling[0m hybrid-array v0.4.15
2026-10-06T16:00:34.8004597Z [1m[92m   Compiling[0m web_atoms v0.2.6
2026-10-06T16:00:36.5357134Z [1m[92m   Compiling[0m miniz_oxide v0.9.1
2026-10-06T16:00:37.8414414Z [1m[92m   Compiling[0m precomputed-hash v0.1.1
2026-10-06T16:00:37.8677249Z [1m[92m   Compiling[0m zlib-rs v0.6.8
2026-10-06T16:00:41.2280977Z [1m[92m   Compiling[0m serde_json v1.0.151
2026-10-06T16:00:41.3087222Z [1m[92m   Compiling[0m string_cache v0.9.0
2026-10-06T16:00:41.4689376Z [1m[92m   Compiling[0m flate2 v1.1.10
2026-10-06T16:00:42.3803704Z [1m[92m   Compiling[0m regex-syntax v0.8.11
2026-10-06T16:00:43.2331186Z [1m[92m   Compiling[0m thiserror v2.0.21
2026-10-06T16:00:43.6825145Z [1m[92m   Compiling[0m rustix v1.1.5
2026-10-06T16:00:48.0384039Z [1m[92m   Compiling[0m crypto-common v0.2.2
2026-10-06T16:00:48.6654174Z [1m[92m   Compiling[0m block-buffer v0.12.1
2026-10-06T16:00:48.7439353Z [1m[92m   Compiling[0m aho-corasick v1.1.5
2026-10-06T16:00:49.1771545Z [1m[92m   Compiling[0m thiserror-impl v2.0.21
2026-10-06T16:00:54.0787000Z [1m[92m   Compiling[0m const-oid v0.10.2
2026-10-06T16:00:54.2432975Z [1m[92m   Compiling[0m cpufeatures v0.3.1
2026-10-06T16:00:54.2706489Z [1m[92m   Compiling[0m vcpkg v0.2.15
2026-10-06T16:00:56.8935406Z [1m[92m   Compiling[0m tinyvec v1.13.3
2026-10-06T16:00:57.1954110Z [1m[92m   Compiling[0m linux-raw-sys v0.12.1
2026-10-06T16:00:59.5877997Z [1m[92m   Compiling[0m libsqlite3-sys v0.38.2
2026-10-06T16:01:00.1754476Z [1m[92m   Compiling[0m digest v0.11.3
2026-10-06T16:01:00.2024392Z [1m[92m   Compiling[0m regex-automata v0.4.18
2026-10-06T16:01:00.2674093Z [1m[92m   Compiling[0m bit-vec v0.8.0
2026-10-06T16:01:00.4349033Z [1m[92m   Compiling[0m fnv v1.0.7
2026-10-06T16:01:00.4681856Z [1m[92m   Compiling[0m bit-set v0.8.0
2026-10-06T16:01:10.8228398Z [1m[92m   Compiling[0m hashlink v0.12.2
2026-10-06T16:01:11.0430022Z [1m[92m   Compiling[0m regex v1.13.1
2026-10-06T16:01:12.2303435Z [1m[92m   Compiling[0m chacha20 v0.10.2
2026-10-06T16:01:12.4087672Z [1m[92m   Compiling[0m fallible-streaming-iterator v0.1.9
2026-10-06T16:01:12.4806145Z [1m[92m   Compiling[0m fallible-iterator v0.3.0
2026-10-06T16:01:12.7113959Z [1m[92m   Compiling[0m jiff-core v0.1.1
2026-10-06T16:01:14.2690408Z [1m[92m   Compiling[0m jiff v0.2.37
2026-10-06T16:01:22.3601594Z [1m[92m   Compiling[0m rand v0.10.3
2026-10-06T16:01:22.9470225Z [1m[92m   Compiling[0m fancy-regex v0.19.2
2026-10-06T16:01:29.3207472Z [1m[92m   Compiling[0m md-5 v0.11.0
2026-10-06T16:01:29.4646109Z [1m[92m   Compiling[0m sha1 v0.11.0
2026-10-06T16:01:29.6895432Z [1m[92m   Compiling[0m sha2 v0.11.0
2026-10-06T16:01:30.9844268Z [1m[92m   Compiling[0m unicode-normalization v0.1.25
2026-10-06T16:01:31.3406486Z [1m[92m   Compiling[0m bytemuck_derive v1.12.1
2026-10-06T16:01:39.8044246Z [1m[92m   Compiling[0m rusqlite v0.40.2
2026-10-06T16:01:40.5875299Z [1m[92m   Compiling[0m base64 v0.22.1
2026-10-06T16:01:40.9048158Z [1m[92m   Compiling[0m hex v0.4.3
2026-10-06T16:01:41.2355949Z [1m[92m   Compiling[0m tempfile v3.27.0
2026-10-06T16:01:42.0219585Z [1m[92m   Compiling[0m bytemuck v1.25.2
2026-10-06T16:01:42.1844474Z [1m[92m   Compiling[0m zerocopy v0.8.59
2026-10-06T16:01:42.6814603Z [1m[92m   Compiling[0m hydrus-core v0.1.0 (/home/runner/work/hydrus-mine/hydrus-mine/crates/hydrus-core)
2026-10-06T16:01:42.8983616Z [1m[92m   Compiling[0m zerocopy-derive v0.8.59
2026-10-06T16:01:50.0122215Z [1m[92m   Compiling[0m tendril v0.5.1
2026-10-06T16:01:50.2264058Z [1m[92m   Compiling[0m markup5ever v0.39.0
2026-10-06T16:01:50.4889330Z [1m[92m   Compiling[0m html5ever v0.39.0
2026-10-06T16:01:51.7314250Z [1m[92m   Compiling[0m xml5ever v0.39.0
2026-10-06T16:01:52.8859334Z [1m[92m   Compiling[0m pin-project-lite v0.2.17
2026-10-06T16:01:52.9189567Z [1m[92m   Compiling[0m markup5ever_rcdom v0.39.0+unofficial
2026-10-06T16:01:53.8291379Z [1m[92m   Compiling[0m arraydeque v0.5.1
2026-10-06T16:01:53.9461411Z [1m[92m   Compiling[0m yaml-rust2 v0.13.0
2026-10-06T16:01:56.9664690Z [1m[92m   Compiling[0m hydrus-parse v0.1.0 (/home/runner/work/hydrus-mine/hydrus-mine/crates/hydrus-parse)
2026-10-06T16:01:59.1834620Z [1m[92m   Compiling[0m hydrus-legacy v0.1.0 (/home/runner/work/hydrus-mine/hydrus-mine/crates/hydrus-legacy)
2026-10-06T16:01:59.3492970Z [1m[92m   Compiling[0m tracing-attributes v0.1.31
2026-10-06T16:02:05.7195079Z [1m[92m   Compiling[0m tracing-core v0.1.36
2026-10-06T16:02:06.5205781Z [1m[92m   Compiling[0m crossbeam-utils v0.8.23
2026-10-06T16:02:06.8033108Z [1m[92m   Compiling[0m xattr v1.6.1
2026-10-06T16:02:07.3214134Z [1m[92m   Compiling[0m filetime v0.2.29
2026-10-06T16:02:07.4383825Z [1m[92m   Compiling[0m rustversion v1.0.23
2026-10-06T16:02:07.9063417Z [1m[92m   Compiling[0m tar v0.4.46
2026-10-06T16:02:09.2437596Z [1m[92m   Compiling[0m tracing v0.1.44
2026-10-06T16:02:09.9744251Z [1m[92m   Compiling[0m crossbeam-epoch v0.9.21
2026-10-06T16:02:10.1215235Z [1m[92m   Compiling[0m hydrus-testkit v0.1.0 (/home/runner/work/hydrus-mine/hydrus-mine/crates/hydrus-testkit)
2026-10-06T16:02:10.2634333Z [1m[92m   Compiling[0m synstructure v0.14.0
2026-10-06T16:02:11.2714812Z [1m[92m   Compiling[0m crossbeam-deque v0.8.8
2026-10-06T16:02:11.7339063Z [1m[92m   Compiling[0m either v1.18.0
2026-10-06T16:02:11.8675947Z [1m[92m   Compiling[0m rayon-core v1.13.0
2026-10-06T16:02:12.0441041Z [1m[92m   Compiling[0m byteorder v1.5.0
2026-10-06T16:02:13.5715127Z [1m[92m   Compiling[0m stable_deref_trait v1.2.1
2026-10-06T16:02:13.5987375Z [1m[92m   Compiling[0m getrandom v0.3.4
2026-10-06T16:02:13.9664687Z [1m[92m   Compiling[0m iana-time-zone v0.1.65
2026-10-06T16:02:14.3874176Z [1m[92m   Compiling[0m chrono v0.4.45
2026-10-06T16:02:17.1273086Z [1m[92m   Compiling[0m rayon v1.12.0
2026-10-06T16:02:17.4708087Z [1m[92m   Compiling[0m zerofrom-derive v0.1.8
2026-10-06T16:02:18.8916176Z [1m[92m   Compiling[0m yoke-derive v0.8.3
2026-10-06T16:02:29.9886506Z [1m[92m   Compiling[0m cmake v0.1.58
2026-10-06T16:02:30.7386159Z [1m[92m   Compiling[0m zerofrom v0.1.8
2026-10-06T16:02:30.7923686Z [1m[92m   Compiling[0m yoke v0.8.3
2026-10-06T16:02:30.9012404Z [1m[92m   Compiling[0m dunce v1.0.5
2026-10-06T16:02:30.9319097Z [1m[92m   Compiling[0m urlencoding v2.1.3
2026-10-06T16:02:31.0503801Z [1m[92m   Compiling[0m trash v5.2.9
2026-10-06T16:02:31.5150501Z [1m[92m   Compiling[0m roaring v0.11.3
2026-10-06T16:02:32.9316376Z [1m[92m   Compiling[0m arc-swap v1.9.2
2026-10-06T16:02:33.1212878Z [1m[92m   Compiling[0m crossbeam-channel v0.5.17
2026-10-06T16:02:33.6191063Z [1m[92m   Compiling[0m fs4 v0.13.1
2026-10-06T16:02:33.7075233Z [1m[92m   Compiling[0m miniz_oxide v0.8.9
2026-10-06T16:02:34.9543348Z [1m[92m   Compiling[0m fdeflate v0.3.7
2026-10-06T16:02:35.6307455Z [1m[92m   Compiling[0m png v0.18.1
2026-10-06T16:02:36.4811728Z [1m[92m   Compiling[0m rand_core v0.9.5
2026-10-06T16:02:36.6206737Z [1m[92m   Compiling[0m hydrus-store v0.1.0 (/home/runner/work/hydrus-mine/hydrus-mine/crates/hydrus-store)
2026-10-06T16:02:37.8557344Z [1m[92m   Compiling[0m bytes v1.12.1
2026-10-06T16:02:38.5800595Z [1m[92m   Compiling[0m anyhow v1.0.104
2026-10-06T16:02:38.9523911Z [1m[92m   Compiling[0m ppv-lite86 v0.2.21
2026-10-06T16:02:39.1715605Z [1m[92m   Compiling[0m wait-timeout v0.2.1
2026-10-06T16:02:39.5391815Z [1m[92m   Compiling[0m quick-error v1.2.3
2026-10-06T16:02:39.5754941Z [1m[92m   Compiling[0m rusty-fork v0.3.1
2026-10-06T16:02:40.3520447Z [1m[92m   Compiling[0m rand_chacha v0.9.0
2026-10-06T16:02:41.1883991Z [1m[92m   Compiling[0m rand v0.9.5
2026-10-06T16:02:41.6033193Z [1m[92m   Compiling[0m rand_xorshift v0.4.0
2026-10-06T16:02:41.6628058Z [1m[92m   Compiling[0m futures-core v0.3.34
2026-10-06T16:02:41.7291957Z [1m[92m   Compiling[0m unarray v0.1.4
2026-10-06T16:02:41.7736886Z [1m[92m   Compiling[0m proptest v1.11.0
2026-10-06T16:02:49.5278132Z [1m[92m   Compiling[0m zerovec-derive v0.11.6
2026-10-06T16:02:55.7837430Z [1m[92m   Compiling[0m errno v0.3.14
2026-10-06T16:02:55.8520992Z [1m[92m   Compiling[0m alloc-no-stdlib v2.0.4
2026-10-06T16:02:55.9008127Z [1m[92m   Compiling[0m alloc-stdlib v0.2.4
2026-10-06T16:02:55.9506759Z [1m[92m   Compiling[0m signal-hook-registry v1.4.8
2026-10-06T16:02:56.3144029Z [1m[92m   Compiling[0m zerovec v0.11.8
2026-10-06T16:02:56.7598489Z [1m[92m   Compiling[0m tokio-macros v2.7.2
2026-10-06T16:02:57.1974019Z [1m[92m   Compiling[0m displaydoc v0.2.7
2026-10-06T16:03:02.2934229Z [1m[92m   Compiling[0m mio v1.2.3
2026-10-06T16:03:02.8900400Z [1m[92m   Compiling[0m socket2 v0.6.5
2026-10-06T16:03:03.2957602Z [1m[92m   Compiling[0m fs_extra v1.3.0
2026-10-06T16:03:03.5174151Z [1m[92m   Compiling[0m aws-lc-sys v0.45.0
2026-10-06T16:03:03.6403707Z [1m[92m   Compiling[0m tokio v1.53.1
2026-10-06T16:03:09.1771581Z [1m[92m   Compiling[0m brotli-decompressor v5.0.3
2026-10-06T16:03:11.9902697Z [1m[92m   Compiling[0m brotli v8.0.4
2026-10-06T16:03:15.3022457Z [1m[92m   Compiling[0m http v1.5.0
2026-10-06T16:03:16.7359713Z [1m[92m   Compiling[0m base64 v0.23.1
2026-10-06T16:03:17.2639399Z [1m[92m   Compiling[0m tinystr v0.8.4
2026-10-06T16:03:17.3652137Z [1m[92m   Compiling[0m zstd-sys v2.1.0+zstd.1.5.7
2026-10-06T16:03:18.2034042Z [1m[92m   Compiling[0m litemap v0.8.3
2026-10-06T16:03:18.3054481Z [1m[92m   Compiling[0m zeroize v1.9.0
2026-10-06T16:03:18.3913943Z [1m[92m   Compiling[0m slab v0.4.12
2026-10-06T16:03:18.4808075Z [1m[92m   Compiling[0m arrayvec v0.7.8
2026-10-06T16:03:18.6007006Z [1m[92m   Compiling[0m aws-lc-rs v1.18.1
2026-10-06T16:03:18.8945839Z [1m[92m   Compiling[0m writeable v0.6.4
2026-10-06T16:03:19.0529874Z [1m[92m   Compiling[0m icu_locale_core v2.3.0
2026-10-06T16:03:41.5873468Z [1m[92m   Compiling[0m http-body v1.1.0
2026-10-06T16:03:41.6437259Z [1m[92m   Compiling[0m zerotrie v0.2.5
2026-10-06T16:03:41.9035354Z [1m[92m   Compiling[0m potential_utf v0.1.6
2026-10-06T16:03:41.9749574Z [1m[92m   Compiling[0m half v2.7.1
2026-10-06T16:03:42.3374657Z [1m[92m   Compiling[0m utf8_iter v1.0.4
2026-10-06T16:03:42.4037081Z [1m[92m   Compiling[0m futures-sink v0.3.34
2026-10-06T16:03:42.4407168Z [1m[92m   Compiling[0m icu_normalizer_data v2.3.0
2026-10-06T16:03:42.5019370Z [1m[92m   Compiling[0m icu_properties_data v2.3.0
2026-10-06T16:03:42.5638879Z [1m[92m   Compiling[0m percent-encoding v2.3.2
2026-10-06T16:03:42.7242993Z [1m[92m   Compiling[0m tokio-util v0.7.19
2026-10-06T16:03:43.5834048Z [1m[92m   Compiling[0m icu_collections v2.3.0
2026-10-06T16:03:44.0991501Z [1m[92m   Compiling[0m icu_provider v2.3.1
2026-10-06T16:03:44.5344085Z [1m[92m   Compiling[0m polycool v0.4.0
2026-10-06T16:03:45.3308693Z [1m[92m   Compiling[0m rustls-pki-types v1.15.1
2026-10-06T16:03:45.9405425Z [1m[92m   Compiling[0m httparse v1.10.1
2026-10-06T16:03:46.4958707Z [1m[92m   Compiling[0m tower-service v0.3.3
2026-10-06T16:03:46.5269732Z [1m[92m   Compiling[0m futures-task v0.3.34
2026-10-06T16:03:46.5957980Z [1m[92m   Compiling[0m zstd-safe v8.0.0
2026-10-06T16:03:46.6748634Z [1m[92m   Compiling[0m futures-util v0.3.34
2026-10-06T16:03:47.9755814Z [1m[92m   Compiling[0m kurbo v0.13.1
2026-10-06T16:03:50.5759801Z [1m[92m   Compiling[0m rustls v0.23.45
2026-10-06T16:03:50.6273855Z [1m[92m   Compiling[0m untrusted v0.9.0
2026-10-06T16:03:50.6743768Z [1m[92m   Compiling[0m atomic-waker v1.1.2
2026-10-06T16:03:50.7184799Z [1m[92m   Compiling[0m try-lock v0.2.5
2026-10-06T16:03:50.7542804Z [1m[92m   Compiling[0m want v0.3.1
2026-10-06T16:03:50.8251439Z [1m[92m   Compiling[0m h2 v0.4.19
2026-10-06T16:03:57.6445977Z [1m[92m   Compiling[0m icu_properties v2.3.0
2026-10-06T16:03:58.8055637Z [1m[92m   Compiling[0m icu_normalizer v2.3.0
2026-10-06T16:04:00.0875975Z [1m[92m   Compiling[0m form_urlencoded v1.2.2
2026-10-06T16:04:00.2234352Z [1m[92m   Compiling[0m sync_wrapper v1.0.2
2026-10-06T16:04:00.2592874Z [1m[92m   Compiling[0m futures-channel v0.3.34
2026-10-06T16:04:00.3813815Z [1m[92m   Compiling[0m hydrus-downloader-exchange v0.1.0 (/home/runner/work/hydrus-mine/hydrus-mine/crates/hydrus-downloader-exchange)
2026-10-06T16:04:01.9775658Z [1m[92m   Compiling[0m httpdate v1.0.3
2026-10-06T16:04:02.1958184Z [1m[92m   Compiling[0m fearless_simd v0.4.1
2026-10-06T16:04:04.8582191Z [1m[92m   Compiling[0m tower-layer v0.3.3
2026-10-06T16:04:04.9660761Z [1m[92m   Compiling[0m subtle v2.6.1
2026-10-06T16:04:05.0312868Z [1m[92m   Compiling[0m hyper v1.11.1
2026-10-06T16:04:08.8840861Z [1m[92m   Compiling[0m idna_adapter v1.2.2
2026-10-06T16:04:08.9251805Z [1m[92m   Compiling[0m zstd v0.14.0
2026-10-06T16:04:09.1345271Z [1m[92m   Compiling[0m http-body-util v0.1.5
2026-10-06T16:04:09.2949643Z [1m[92m   Compiling[0m compression-core v0.4.33
2026-10-06T16:04:09.3618576Z [1m[92m   Compiling[0m ipnet v2.12.2
2026-10-06T16:04:10.3732737Z [1m[92m   Compiling[0m version_check v0.9.5
2026-10-06T16:04:11.0999535Z [1m[92m   Compiling[0m slotmap v1.1.1
2026-10-06T16:04:11.1560489Z [1m[92m   Compiling[0m hyper-util v0.1.21
2026-10-06T16:04:13.5104077Z [1m[92m   Compiling[0m compression-codecs v0.4.44
2026-10-06T16:04:18.9514512Z [1m[92m   Compiling[0m idna v1.1.0
2026-10-06T16:04:20.8929933Z [1m[92m   Compiling[0m tower v0.5.3
2026-10-06T16:04:21.2547297Z [1m[92m   Compiling[0m hydrus-search v0.1.0 (/home/runner/work/hydrus-mine/hydrus-mine/crates/hydrus-search)
2026-10-06T16:04:24.3976628Z [1m[92m   Compiling[0m encoding_rs v0.8.42
2026-10-06T16:04:24.4498845Z [1m[92m   Compiling[0m font-types v0.12.5
2026-10-06T16:04:24.7133966Z [1m[92m   Compiling[0m pxfm v0.1.30
2026-10-06T16:04:30.5277242Z [1m[92m   Compiling[0m rustls-webpki v0.103.15
2026-10-06T16:04:32.6730895Z [1m[92m   Compiling[0m float-cmp v0.9.0
2026-10-06T16:04:32.7225956Z [1m[92m   Compiling[0m openssl-probe v0.2.1
2026-10-06T16:04:32.8942958Z [1m[92m   Compiling[0m zune-core v0.5.3
2026-10-06T16:04:33.0628746Z [1m[92m   Compiling[0m zune-jpeg v0.5.15
2026-10-06T16:04:34.2610998Z [1m[92m   Compiling[0m rustls-native-certs v0.8.4
2026-10-06T16:04:35.0053263Z [1m[92m   Compiling[0m tokio-rustls v0.26.6
2026-10-06T16:04:35.1678787Z [1m[92m   Compiling[0m strict-num v0.1.1
2026-10-06T16:04:35.2333780Z [1m[92m   Compiling[0m read-fonts v0.41.0
2026-10-06T16:04:49.8109218Z [1m[92m   Compiling[0m url v2.5.8
2026-10-06T16:04:51.3902322Z [1m[92m   Compiling[0m async-compression v0.4.49
2026-10-06T16:04:51.8129381Z [1m[92m   Compiling[0m color v0.3.3
2026-10-06T16:04:51.8173487Z [1m[92m   Compiling[0m font-types v0.11.3
2026-10-06T16:04:52.0683561Z [1m[92m   Compiling[0m euclid v0.22.14
2026-10-06T16:04:52.4739011Z [1m[92m   Compiling[0m roxmltree v0.20.0
2026-10-06T16:04:52.9513280Z [1m[92m   Compiling[0m core_detect v1.0.0
2026-10-06T16:04:53.0224139Z [1m[92m   Compiling[0m linebender_resource_handle v0.1.1
2026-10-06T16:04:53.0658458Z [1m[92m   Compiling[0m byteorder-lite v0.1.0
2026-10-06T16:04:53.2392057Z [1m[92m   Compiling[0m hayro-ccitt v0.3.0
2026-10-06T16:04:53.3580895Z [1m[92m   Compiling[0m simdutf8 v0.1.5
2026-10-06T16:04:53.4868979Z [1m[92m   Compiling[0m multiversion_no_op v1.0.0
2026-10-06T16:04:53.6147726Z [1m[92m   Compiling[0m arrayref v0.3.9
2026-10-06T16:04:53.6397266Z [1m[92m   Compiling[0m tiny-skia-path v0.12.0
2026-10-06T16:04:54.7479281Z [1m[92m   Compiling[0m hayro-jbig2 v0.3.0
2026-10-06T16:04:58.0999652Z [1m[92m   Compiling[0m peniko v0.6.1
2026-10-06T16:04:58.4166352Z [1m[92m   Compiling[0m fontconfig-parser v0.5.8
2026-10-06T16:05:00.3971725Z [1m[92m   Compiling[0m guillotiere v0.7.0
2026-10-06T16:05:00.9644388Z [1m[92m   Compiling[0m read-fonts v0.39.2
2026-10-06T16:05:03.0517868Z [1m[92m   Compiling[0m tower-http v0.6.11
2026-10-06T16:05:03.6307555Z [1m[92m   Compiling[0m hyper-rustls v0.27.10
2026-10-06T16:05:03.9034197Z [1m[92m   Compiling[0m rustls-platform-verifier v0.7.1
2026-10-06T16:05:04.3655690Z [1m[92m   Compiling[0m moxcms v0.8.1
2026-10-06T16:05:16.2318711Z [1m[92m   Compiling[0m hayro-jpeg2000 v0.3.5
2026-10-06T16:05:20.2991984Z [1m[92m   Compiling[0m turbojpeg-sys v1.2.0
2026-10-06T16:05:21.2759366Z [1m[92m   Compiling[0m lcms2-sys v4.0.7
2026-10-06T16:05:21.5503580Z [1m[92m   Compiling[0m memmap2 v0.9.11
2026-10-06T16:05:21.6975947Z [1m[92m   Compiling[0m rustc-hash v2.1.3
2026-10-06T16:05:21.7422423Z [1m[92m   Compiling[0m hayro-postscript v0.1.0
2026-10-06T16:05:22.1191065Z [1m[92m   Compiling[0m thiserror v1.0.69
2026-10-06T16:05:22.4214131Z [1m[92m   Compiling[0m weezl v0.1.12
2026-10-06T16:05:22.9097677Z [1m[92m   Compiling[0m quick-error v2.0.1
2026-10-06T16:05:22.9757634Z [1m[92m   Compiling[0m hayro-cmap v0.1.0
2026-10-06T16:05:23.2614102Z [1m[92m   Compiling[0m hayro-syntax v0.7.2
2026-10-06T16:05:24.3992915Z [1m[92m   Compiling[0m fontdb v0.24.0
2026-10-06T16:05:36.7217478Z [1m[92m   Compiling[0m skrifa v0.42.1
2026-10-06T16:05:49.5335452Z [1m[92m   Compiling[0m reqwest v0.13.5
2026-10-06T16:06:05.6706415Z [1m[92m   Compiling[0m vello_common v0.0.8
2026-10-06T16:06:09.7531445Z [1m[92m   Compiling[0m chardetng v1.0.0
2026-10-06T16:06:10.4277132Z [1m[92m   Compiling[0m harfrust v0.12.0
2026-10-06T16:06:16.2543094Z [1m[92m   Compiling[0m skrifa v0.44.0
2026-10-06T16:06:21.6009463Z [1m[92m   Compiling[0m svgtypes v0.16.1
2026-10-06T16:06:22.9431258Z [1m[92m   Compiling[0m thiserror-impl v1.0.69
2026-10-06T16:06:29.3904874Z [1m[92m   Compiling[0m simplecss v0.2.2
2026-10-06T16:06:30.4700885Z [1m[92m   Compiling[0m roxmltree v0.21.1
2026-10-06T16:06:30.8792289Z [1m[92m   Compiling[0m foreign-types-macros v0.2.4
2026-10-06T16:06:32.1523916Z [1m[92m   Compiling[0m crc-catalog v2.5.0
2026-10-06T16:06:32.1966910Z [1m[92m   Compiling[0m xmlwriter v0.1.0
2026-10-06T16:06:32.5068299Z [1m[92m   Compiling[0m foreign-types-shared v0.3.1
2026-10-06T16:06:32.5357264Z [1m[92m   Compiling[0m deranged v0.5.8
2026-10-06T16:06:33.3874036Z [1m[92m   Compiling[0m pico-args v0.5.0
2026-10-06T16:06:33.5993486Z [1m[92m   Compiling[0m unicode-script v0.5.8
2026-10-06T16:06:33.9321002Z [1m[92m   Compiling[0m unicode-vo v0.1.0
2026-10-06T16:06:34.0034033Z [1m[92m   Compiling[0m color_quant v1.1.0
2026-10-06T16:06:34.2130743Z [1m[92m   Compiling[0m imagesize v0.15.0
2026-10-06T16:06:34.2669118Z [1m[92m   Compiling[0m unicode-bidi v0.3.18
2026-10-06T16:06:35.1653350Z [1m[92m   Compiling[0m data-url v0.3.2
2026-10-06T16:06:35.2196738Z [1m[92m   Compiling[0m num-conv v0.2.2
2026-10-06T16:06:35.2984073Z [1m[92m   Compiling[0m time-core v0.1.9
2026-10-06T16:06:35.4055813Z [1m[92m   Compiling[0m powerfmt v0.2.0
2026-10-06T16:06:35.5495515Z [1m[92m   Compiling[0m time v0.3.55
2026-10-06T16:06:35.6823468Z [1m[92m   Compiling[0m usvg v0.48.1
2026-10-06T16:06:38.0657401Z [1m[92m   Compiling[0m foreign-types v0.5.0
2026-10-06T16:06:38.0929315Z [1m[92m   Compiling[0m gif v0.14.2
2026-10-06T16:06:39.6648112Z [1m[92m   Compiling[0m crc v3.4.0
2026-10-06T16:06:39.8540600Z [1m[92m   Compiling[0m vello_cpu v0.0.8
2026-10-06T16:06:50.0533321Z [1m[92m   Compiling[0m hayro-interpret v0.7.0
2026-10-06T16:06:58.4437967Z [1m[92m   Compiling[0m image-webp v0.2.4
2026-10-06T16:07:01.1294106Z [1m[92m   Compiling[0m image v0.25.10
2026-10-06T16:07:05.2451500Z [1m[92m   Compiling[0m tiny-skia v0.12.0
2026-10-06T16:07:10.5380119Z [1m[92m   Compiling[0m pic-scale v0.7.12
2026-10-06T16:07:16.9241488Z [1m[92m   Compiling[0m rgb v0.8.53
2026-10-06T16:07:17.1296649Z [1m[92m   Compiling[0m quick-xml v0.42.0
2026-10-06T16:07:19.0327913Z [1m[92m   Compiling[0m gcd v2.3.0
2026-10-06T16:07:19.1120661Z [1m[92m   Compiling[0m typed-path v0.12.3
2026-10-06T16:07:21.2995241Z [1m[92m   Compiling[0m uuid v1.26.1
2026-10-06T16:07:21.6886997Z [1m[92m   Compiling[0m fax v0.2.7
2026-10-06T16:07:21.9118183Z [1m[92m   Compiling[0m web-time v1.1.0
2026-10-06T16:07:21.9403437Z [1m[92m   Compiling[0m cfb v0.15.0
2026-10-06T16:07:23.0987786Z [1m[92m   Compiling[0m tiff v0.11.3
2026-10-06T16:07:26.0061857Z [1m[92m   Compiling[0m zip v8.6.0
2026-10-06T16:07:28.0513877Z [1m[92m   Compiling[0m turbojpeg v1.5.1
2026-10-06T16:07:28.1249162Z [1m[92m   Compiling[0m plist v1.10.1
2026-10-06T16:07:28.5034178Z [1m[92m   Compiling[0m resvg v0.48.1
2026-10-06T16:07:29.2168651Z [1m[92m   Compiling[0m hayro v0.7.1
2026-10-06T16:07:33.4978853Z [1m[92m   Compiling[0m lcms2 v6.2.0
2026-10-06T16:07:34.1511419Z [1m[92m   Compiling[0m lzma-rs v0.3.0
2026-10-06T16:07:34.1581445Z [1m[92m   Compiling[0m hydrus-net v0.1.0 (/home/runner/work/hydrus-mine/hydrus-mine/crates/hydrus-net)
2026-10-06T16:07:34.6758874Z [1m[92m   Compiling[0m qoi v0.4.1
2026-10-06T16:07:34.8206670Z [1m[92m   Compiling[0m lz4_flex v0.14.0
2026-10-06T16:07:35.1420142Z [1m[92m   Compiling[0m hydrus-media v0.1.0 (/home/runner/work/hydrus-mine/hydrus-mine/crates/hydrus-media)
2026-10-06T16:07:36.2268833Z [1m[92m   Compiling[0m ryu v1.0.23
2026-10-06T16:07:36.4513679Z [1m[92m   Compiling[0m mime v0.3.17
2026-10-06T16:07:36.8073922Z [1m[92m   Compiling[0m axum-core v0.5.6
2026-10-06T16:07:38.5695554Z [1m[92m   Compiling[0m hydrus-import v0.1.0 (/home/runner/work/hydrus-mine/hydrus-mine/crates/hydrus-import)
2026-10-06T16:07:39.7375863Z [1m[92m   Compiling[0m serde_urlencoded v0.7.1
2026-10-06T16:07:39.8917786Z [1m[92m   Compiling[0m serde_path_to_error v0.1.20
2026-10-06T16:07:40.1974212Z [1m[92m   Compiling[0m axum-macros v0.5.1
2026-10-06T16:07:53.5181726Z [1m[92m   Compiling[0m matchit v0.8.4
2026-10-06T16:07:54.0486352Z [1m[92m   Compiling[0m axum v0.8.9
2026-10-06T16:07:58.8758776Z [1m[92m   Compiling[0m hydrus-download v0.1.0 (/home/runner/work/hydrus-mine/hydrus-mine/crates/hydrus-download)
2026-10-06T16:08:03.1970616Z [1m[92m   Compiling[0m alloca v0.4.0
2026-10-06T16:08:03.3440011Z [1m[92m   Compiling[0m anstyle v1.0.14
2026-10-06T16:08:03.4896282Z [1m[92m   Compiling[0m ciborium-io v0.2.2
2026-10-06T16:08:03.5198336Z [1m[92m   Compiling[0m plotters-backend v0.3.7
2026-10-06T16:08:03.7597120Z [1m[92m   Compiling[0m clap_lex v1.1.1
2026-10-06T16:08:03.9835331Z [1m[92m   Compiling[0m clap_builder v4.6.7
2026-10-06T16:08:10.4400074Z [1m[92m   Compiling[0m plotters-svg v0.3.7
2026-10-06T16:08:10.6814524Z [1m[92m   Compiling[0m ciborium-ll v0.2.2
2026-10-06T16:08:10.9444925Z [1m[92m   Compiling[0m itertools v0.13.0
2026-10-06T16:08:12.1176949Z [1m[92m   Compiling[0m same-file v1.0.6
2026-10-06T16:08:12.2115482Z [1m[92m   Compiling[0m cast v0.3.0
2026-10-06T16:08:12.2985935Z [1m[92m   Compiling[0m criterion-plot v0.8.2
2026-10-06T16:08:12.6674673Z [1m[92m   Compiling[0m walkdir v2.5.0
2026-10-06T16:08:13.2490687Z [1m[92m   Compiling[0m ciborium v0.2.2
2026-10-06T16:08:13.3758549Z [1m[92m   Compiling[0m plotters v0.3.7
2026-10-06T16:08:13.9100702Z [1m[92m   Compiling[0m clap v4.6.7
2026-10-06T16:08:13.9387294Z [1m[92m   Compiling[0m tinytemplate v1.2.1
2026-10-06T16:08:14.4787073Z [1m[92m   Compiling[0m page_size v0.6.0
2026-10-06T16:08:14.5187684Z [1m[92m   Compiling[0m anes v0.1.6
2026-10-06T16:08:14.6601616Z [1m[92m   Compiling[0m oorandom v11.1.5
2026-10-06T16:08:14.7188977Z [1m[92m   Compiling[0m criterion v0.8.2
2026-10-06T16:08:15.0111419Z [1m[92m   Compiling[0m libm v0.2.16
2026-10-06T16:08:15.3435170Z [1m[92m   Compiling[0m num-integer v0.1.47
2026-10-06T16:08:15.6841079Z [1m[92m   Compiling[0m num-bigint v0.4.8
2026-10-06T16:08:20.9428600Z [1m[92m   Compiling[0m hydrus-duplicates v0.1.0 (/home/runner/work/hydrus-mine/hydrus-mine/crates/hydrus-duplicates)
2026-10-06T16:08:21.6831472Z [1m[92m   Compiling[0m hydrus-gui-model v0.1.0 (/home/runner/work/hydrus-mine/hydrus-mine/crates/hydrus-gui-model)
2026-10-06T16:09:33.2288278Z [1m[92m    Finished[0m `test` profile [unoptimized + debuginfo] target(s) in 9m 44s
2026-10-06T16:09:33.3549016Z [1m[92m     Running[0m unittests src/lib.rs (target/debug/deps/hydrus_core-07b2b0806401ed67)
2026-10-06T16:09:33.3575731Z 
2026-10-06T16:09:33.3576258Z running 89 tests
2026-10-06T16:09:33.3589556Z test bandwidth::tests::a_one_per_second_rule_waits_for_the_next_second ... ok
2026-10-06T16:09:33.3590622Z test bandwidth::tests::a_daily_limit_holds_until_usage_ages_out ... ok
2026-10-06T16:09:33.3591512Z test bandwidth::tests::calendar_buckets_are_utc ... ok
2026-10-06T16:09:33.3592354Z test bandwidth::tests::gallery_tokens_space_out_each_site ... ok
2026-10-06T16:09:33.3593434Z test casefold::tests::folds_as_python_does ... ok
2026-10-06T16:09:33.3594133Z test casefold::tests::the_table_is_sorted ... ok
2026-10-06T16:09:33.3594952Z test bandwidth::tests::specific_rules_replace_the_default ... ok
2026-10-06T16:09:33.3606155Z test hash::tests::hex_round_trip ... ok
2026-10-06T16:09:33.3610203Z test hash::tests::perceptual_distance ... ok
2026-10-06T16:09:33.3623343Z test hash::tests::rejects_bad_hashes ... ok
2026-10-06T16:09:33.3624803Z test content::tests::canvas_codes_match_reference_implementation ... ok
2026-10-06T16:09:33.3626156Z test import_options::tests::layers_most_specific_first ... ok
2026-10-06T16:09:33.3627105Z test import_options::tests::vetoes_like_the_reference ... ok
2026-10-06T16:09:33.3627925Z test lock::tests::only_the_password_opens_a_lock ... ok
2026-10-06T16:09:33.3628951Z test media_viewer::tests::mpv_video_defaults_fit_the_canvas_and_keep_regular_zoom_steps ... ok
2026-10-06T16:09:33.3629926Z test mime::tests::serde_uses_integer_codes ... ok
2026-10-06T16:09:33.3630820Z test import_options::tests::presentation_shows_files_as_the_reference_s_does ... ok
2026-10-06T16:09:33.3631883Z test content::tests::timestamp_codes_match_reference_implementation ... ok
2026-10-06T16:09:33.3632969Z test numbers::tests::groups_thousands ... ok
2026-10-06T16:09:33.3634296Z test numbers::tests::percentages ... ok
2026-10-06T16:09:33.3653464Z test mime::tests::table_matches_reference_implementation ... ok
2026-10-06T16:09:33.3655749Z test numbers::tests::sizes_read_like_the_reference ... ok
2026-10-06T16:09:33.3693121Z test pages::tests::names_for_menus_have_their_counts_and_elide_in_the_middle ... ok
2026-10-06T16:09:33.3694040Z test pages::tests::pages_have_the_references_page_types ... ok
2026-10-06T16:09:33.3694765Z test pages::tests::a_session_round_trips_through_json ... ok
2026-10-06T16:09:33.3695422Z test pybytes::tests::base64_like_python ... ok
2026-10-06T16:09:33.3695975Z test pybytes::tests::hex_like_python ... ok
2026-10-06T16:09:33.3696540Z test pyhtml::tests::unescapes_like_python ... ok
2026-10-06T16:09:33.3697210Z test pyjson::tests::floats_round_trip_through_python_repr ... ok
2026-10-06T16:09:33.3697916Z test pyjson::tests::parses_what_python_accepts ... ok
2026-10-06T16:09:33.3698511Z test pyjson::tests::python_float_repr ... ok
2026-10-06T16:09:33.3699438Z test pyjson::tests::rejects_what_python_rejects ... ok
2026-10-06T16:09:33.3700054Z test pyjson::tests::python_string_escapes ... ok
2026-10-06T16:09:33.3700724Z test pyjson::tests::round_trips_reference_style_documents ... ok
2026-10-06T16:09:33.3701533Z test search::context::tests::all_known_files_absorbs_other_domains ... ok
2026-10-06T16:09:33.3702350Z test search::context::tests::defaults_match_the_client_api ... ok
2026-10-06T16:09:33.3703463Z test search::number::tests::number_tests_render_like_the_reference ... ok
2026-10-06T16:09:33.3704561Z test search::recent::mixed_tests::old_system_history_decodes_and_simple_edits_keep_newest_five_per_type ... ok
2026-10-06T16:09:33.3705817Z test search::recent::tests::pushed_predicates_are_kept_as_the_reference_keeps_them ... ok
2026-10-06T16:09:33.3723172Z test search::recent::tests::widths_and_heights_are_types_13_and_14 ... ok
2026-10-06T16:09:33.3750849Z test search::time::tests::renders_deltas ... ok
2026-10-06T16:09:33.3751501Z test search::time::tests::validates_dates ... ok
2026-10-06T16:09:33.3752164Z test service::tests::builtin_keys_render_readably ... ok
2026-10-06T16:09:33.3753158Z test content::tests::codes_match_reference_implementation ... ok
2026-10-06T16:09:33.3753915Z test sort::tests::matches_recorded_clean_tags_order ... ok
2026-10-06T16:09:33.3754636Z test sort::tests::numbers_sort_numerically_and_before_text ... ok
2026-10-06T16:09:33.3755592Z test sort::tests::unicode_decimal_chunks_precede_letters_but_keep_ascii_split_boundaries ... ok
2026-10-06T16:09:33.3756552Z test subscriptions::tests::checks_follow_file_velocity ... ok
2026-10-06T16:09:33.3757312Z test service::tests::table_matches_reference_implementation ... ok
2026-10-06T16:09:33.3757990Z test pyjson::tests::strings_round_trip ... ok
2026-10-06T16:09:33.3758538Z test tag::tests::combine_round_trips ... ok
2026-10-06T16:09:33.3759096Z test tag_filter::tests::specific_rules_win ... ok
2026-10-06T16:09:33.3759736Z test tag_presentation::tests::decimals_are_python_s ... ok
2026-10-06T16:09:33.3765658Z test tag_presentation::tests::rows_take_their_namespace_s_colour ... ok
2026-10-06T16:09:33.3768848Z test tag_sort::tests::counts_sort_with_a_to_z_among_equals ... ok
2026-10-06T16:09:33.3785536Z test tag_sort::tests::the_default_groups_by_the_users_namespaces ... ok
2026-10-06T16:09:33.3787298Z test tag_summary::tests::the_defaults_summarise_as_their_examples_say ... ok
2026-10-06T16:09:33.3838368Z test test_fixtures::versions_match_reference_implementation ... ok
2026-10-06T16:09:33.3853591Z test thumbnail::tests::matches_recorded_thumbnail_sizes ... ok
2026-10-06T16:09:33.3854440Z test time::tests::conversions ... ok
2026-10-06T16:09:33.3855198Z test time::tests::durations_as_the_reference_words_them ... ok
2026-10-06T16:09:33.3856087Z test time::tests::scanbar_timestamps_as_the_reference_writes_them ... ok
2026-10-06T16:09:33.3856993Z test time::tests::spans_as_the_reference_words_them ... ok
2026-10-06T16:09:33.3857719Z test tag::tests::cleaning_is_idempotent ... ok
2026-10-06T16:09:33.3858449Z test url::class::tests::url_types_serialise_as_codes ... ok
2026-10-06T16:09:33.3859362Z test url::functions::tests::components_encode_without_double_encoding ... ok
2026-10-06T16:09:33.3873451Z test url::functions::tests::queries_round_trip_in_order ... ok
2026-10-06T16:09:33.3874691Z test url::functions::tests::urls_encode_like_the_reference ... ok
2026-10-06T16:09:33.3875686Z test url::class::tests::classes_match_and_normalise ... ok
2026-10-06T16:09:33.3876624Z test url::gug::tests::terms_are_encoded_for_where_they_go ... ok
2026-10-06T16:09:33.3911367Z test tag::tests::cleaning_matches_reference_implementation ... ok
2026-10-06T16:09:33.3925683Z test url::psl::tests::punycode_decodes ... ok
2026-10-06T16:09:33.3953644Z test url::pyurl::tests::joins_like_python ... ok
2026-10-06T16:09:33.3983573Z test url::pyurl::tests::quotes_like_python ... ok
2026-10-06T16:09:33.4013558Z test url::pyurl::tests::splits_like_python ... ok
2026-10-06T16:09:33.4033677Z test url::pyurl::urljoin_tests::joins_like_python ... ok
2026-10-06T16:09:33.4035000Z test url::registry::tests::known_urls_are_classified ... ok
2026-10-06T16:09:33.4035981Z test url::registry::tests::unknown_urls_are_just_encoded ... ok
2026-10-06T16:09:33.4062111Z test url::string_dates::tests::date_conversions_match_direct_reference_execution ... ok
2026-10-06T16:09:33.4063881Z test url::string_dates::tests::local_encode_uses_current_offset_and_naive_timezone_fields ... ok
2026-10-06T16:09:33.4115942Z test url::functions::tests::www_is_removed_from_subdomains_only ... ok
2026-10-06T16:09:33.4117297Z test url::strings::tests::converts_like_the_reference ... ok
2026-10-06T16:09:33.4119976Z test url::strings::tests::matches_like_the_reference ... ok
2026-10-06T16:09:33.4121343Z test url::strings::tests::processes_pipelines ... ok
2026-10-06T16:09:33.4122991Z test watchers::tests::a_new_watcher_checks_at_once_and_a_quiet_thread_dies ... ok
2026-10-06T16:09:33.4123869Z test windows::tests::a_saved_frame_keeps_what_it_remembers ... ok
2026-10-06T16:09:33.4136013Z test url::string_dates::tests::local_names_and_dst_boundaries_match_recorded_reference_platform ... ok
2026-10-06T16:09:33.4286615Z test notes::tests::merges_like_the_reference ... ok
2026-10-06T16:09:33.4573962Z test url::psl::tests::matches_the_reference ... ok
2026-10-06T16:09:33.4574399Z 
2026-10-06T16:09:33.4574669Z test result: ok. 89 passed; 0 failed; 0 ignored; 0 measured; 0 filtered out; finished in 0.10s
2026-10-06T16:09:33.4575037Z 
2026-10-06T16:09:33.4585998Z [1m[92m     Running[0m tests/bandwidth.rs (target/debug/deps/bandwidth-c921facadb394ba5)
2026-10-06T16:09:33.4630318Z 
2026-10-06T16:09:33.4630604Z running 2 tests
2026-10-06T16:09:33.5794790Z test the_manager_starts_requests_as_the_reference_does ... ok
2026-10-06T16:09:33.5831624Z test trackers_count_and_rules_judge_as_the_reference_does ... ok
2026-10-06T16:09:33.5832090Z 
2026-10-06T16:09:33.5832712Z test result: ok. 2 passed; 0 failed; 0 ignored; 0 measured; 0 filtered out; finished in 0.12s
2026-10-06T16:09:33.5833329Z 
2026-10-06T16:09:33.5867525Z [1m[92m     Running[0m tests/string_steps.rs (target/debug/deps/string_steps-5da0364e08f60ef6)
2026-10-06T16:09:33.5880040Z 
2026-10-06T16:09:33.5880222Z running 1 test
2026-10-06T16:09:33.5883895Z test a_tag_filter_step_stored_without_its_example_still_loads ... ok
2026-10-06T16:09:33.5884235Z 
2026-10-06T16:09:33.5884510Z test result: ok. 1 passed; 0 failed; 0 ignored; 0 measured; 0 filtered out; finished in 0.00s
2026-10-06T16:09:33.5885042Z 
2026-10-06T16:09:33.5886466Z [1m[92m     Running[0m tests/tab_names.rs (target/debug/deps/tab_names-64c2b1109f7bd07d)
2026-10-06T16:09:33.5896499Z 
2026-10-06T16:09:33.5896650Z running 2 tests
2026-10-06T16:09:33.6250598Z test a_new_clients_settings_are_the_references ... ok
2026-10-06T16:09:33.6287827Z test tabs_are_named_as_the_reference_names_them ... ok
2026-10-06T16:09:33.6288095Z 
2026-10-06T16:09:33.6288350Z test result: ok. 2 passed; 0 failed; 0 ignored; 0 measured; 0 filtered out; finished in 0.04s
2026-10-06T16:09:33.6288730Z 
2026-10-06T16:09:33.6297732Z [1m[92m     Running[0m tests/tag_rendering.rs (target/debug/deps/tag_rendering-68281fb06a194d7b)
2026-10-06T16:09:33.6309357Z 
2026-10-06T16:09:33.6309494Z running 1 test
2026-10-06T16:09:33.6316884Z test tags_render_as_the_reference_renders_them ... ok
2026-10-06T16:09:33.6317310Z 
2026-10-06T16:09:33.6317720Z test result: ok. 1 passed; 0 failed; 0 ignored; 0 measured; 0 filtered out; finished in 0.00s
2026-10-06T16:09:33.6318330Z 
2026-10-06T16:09:33.6319618Z [1m[92m     Running[0m tests/watcher_checker.rs (target/debug/deps/watcher_checker-fdbb17376ebb64fe)
2026-10-06T16:09:33.6329632Z 
2026-10-06T16:09:33.6329843Z running 2 tests
2026-10-06T16:09:33.6332994Z test the_same_checker_options_change_nothing ... ok
2026-10-06T16:09:33.6338053Z test checker_options_set_on_a_watcher_act_as_the_references ... ok
2026-10-06T16:09:33.6338354Z 
2026-10-06T16:09:33.6338612Z test result: ok. 2 passed; 0 failed; 0 ignored; 0 measured; 0 filtered out; finished in 0.00s
2026-10-06T16:09:33.6339329Z 
2026-10-06T16:09:33.6340987Z [1m[92m     Running[0m unittests src/lib.rs (target/debug/deps/hydrus_download-bbf5850a788bd04e)
2026-10-06T16:09:33.6359642Z 
2026-10-06T16:09:33.6359788Z running 16 tests
2026-10-06T16:09:33.6363758Z test folders::tests::integers_parse_as_python_parses_them ... ok
2026-10-06T16:09:33.6364768Z test export::tests::paths_normalise_as_python_normalises_them ... ok
2026-10-06T16:09:33.7394061Z test popups::tests::completed_deadline_survives_producer_drop_and_uses_strict_stored_boundary ... ok
2026-10-06T16:09:33.7424462Z test popups::tests::a_working_popup_says_what_its_downloads_importer_says_after_a_prefix ... ok
2026-10-06T16:09:33.7899536Z test popups::tests::current_callable_is_reentrant_and_removal_invalidates_later_queued_calls ... ok
2026-10-06T16:09:33.7954422Z test popups::tests::concurrent_pollers_cannot_overtake_a_reentrant_callable_removal ... ok
2026-10-06T16:09:33.8464018Z test popups::tests::gui_retirement_during_the_first_callable_invalidates_later_claimed_calls ... ok
2026-10-06T16:09:33.8547141Z test seeds::timestamp_editor_tests::recorded_saved_timestamp_parser_and_date_conversion_reach_actual_file_seeds ... ok
2026-10-06T16:09:33.9171501Z test subscriptions::tests::manager_admission_replays_reference_due_pause_live_limits_and_single_flight ... ok
2026-10-06T16:09:33.9174650Z test subscriptions::tests::outer_typed_exception_budget_replays_recorded_classes_and_reset ... ok
2026-10-06T16:09:33.9184552Z test subscriptions::tests::presented_files_are_labelled_as_the_reference_labels_them ... ok
2026-10-06T16:09:33.9185852Z test work_slots::tests::capacities_keep_running_counts_across_reference_lower_raise_and_release ... ok
2026-10-06T16:09:33.9187084Z test work_slots::tests::independent_categories_and_aborted_owners_release_only_their_permit ... ok
2026-10-06T16:09:33.9978146Z test popups::tests::a_working_popup_keeps_the_store_up_to_date_and_hears_a_cancel ... ok
2026-10-06T16:09:34.0966538Z test popups::tests::finished_callable_dispatches_between_independent_store_handles_and_releases_its_owner ... ok
2026-10-06T16:09:34.4900855Z test popups::tests::a_callable_added_after_finish_restarts_the_single_weak_poller ... ok
2026-10-06T16:09:34.4901837Z 
2026-10-06T16:09:34.4902977Z test result: ok. 16 passed; 0 failed; 0 ignored; 0 measured; 0 filtered out; finished in 0.85s
2026-10-06T16:09:34.4903797Z 
2026-10-06T16:09:34.4918052Z [1m[92m     Running[0m tests/export_folder.rs (target/debug/deps/export_folder-9dc9a4540e52640c)
2026-10-06T16:09:34.4939107Z 
2026-10-06T16:09:34.4939263Z running 1 test
2026-10-06T16:09:34.6262337Z test export_folders_do_what_the_reference_did ... ok
2026-10-06T16:09:34.6263044Z 
2026-10-06T16:09:34.6263332Z test result: ok. 1 passed; 0 failed; 0 ignored; 0 measured; 0 filtered out; finished in 0.13s
2026-10-06T16:09:34.6263733Z 
2026-10-06T16:09:34.6275407Z [1m[92m     Running[0m tests/folder_activity.rs (target/debug/deps/folder_activity-eba4e837ca106f7b)
2026-10-06T16:09:34.6303669Z 
2026-10-06T16:09:34.6303915Z running 2 tests
2026-10-06T16:09:34.6783582Z test successful_manager_apply_resets_due_cache_but_cancel_does_not ... ok
2026-10-06T16:09:34.7512104Z test active_import_finishes_its_commit_before_the_manager_reads_and_stops_before_next_seed ... ok
2026-10-06T16:09:34.7512880Z 
2026-10-06T16:09:34.7513202Z test result: ok. 2 passed; 0 failed; 0 ignored; 0 measured; 0 filtered out; finished in 0.12s
2026-10-06T16:09:34.7513632Z 
2026-10-06T16:09:34.7524788Z [1m[92m     Running[0m tests/import_folder.rs (target/debug/deps/import_folder-33b09015565930b7)
2026-10-06T16:09:34.7551039Z 
2026-10-06T16:09:34.7551233Z running 1 test
2026-10-06T16:09:35.0318132Z test an_import_folder_does_what_the_reference_did ... ok
2026-10-06T16:09:35.0318558Z 
2026-10-06T16:09:35.0318930Z test result: ok. 1 passed; 0 failed; 0 ignored; 0 measured; 0 filtered out; finished in 0.28s
2026-10-06T16:09:35.0319512Z 
2026-10-06T16:09:35.0330730Z [1m[92m     Running[0m tests/local_import.rs (target/debug/deps/local_import-9fa0047c94342534)
2026-10-06T16:09:35.0359535Z 
2026-10-06T16:09:35.0359839Z running 2 tests
2026-10-06T16:09:35.3654713Z test saved_existing_tag_filter_reaches_real_file_importer_for_parsed_and_additional_tags ... ok
2026-10-06T16:09:35.5089135Z test a_local_import_imports_its_files ... ok
2026-10-06T16:09:35.5089611Z 
2026-10-06T16:09:35.5090073Z test result: ok. 2 passed; 0 failed; 0 ignored; 0 measured; 0 filtered out; finished in 0.47s
2026-10-06T16:09:35.5090715Z 
2026-10-06T16:09:35.5108830Z [1m[92m     Running[0m tests/simple_downloader.rs (target/debug/deps/simple_downloader-01ddbb56bfa1e333)
2026-10-06T16:09:35.5137646Z 
2026-10-06T16:09:35.5137832Z running 1 test
2026-10-06T16:09:41.6227099Z test a_simple_downloader_parses_its_pages_for_files ... ok
2026-10-06T16:09:41.6227588Z 
2026-10-06T16:09:41.6228021Z test result: ok. 1 passed; 0 failed; 0 ignored; 0 measured; 0 filtered out; finished in 6.11s
2026-10-06T16:09:41.6228626Z 
2026-10-06T16:09:41.6238211Z [1m[92m     Running[0m tests/subscriptions.rs (target/debug/deps/subscriptions-c7e353ebb3ab64db)
2026-10-06T16:09:41.6266174Z 
2026-10-06T16:09:41.6266363Z running 11 tests
2026-10-06T16:09:41.7745827Z test a_subscription_with_no_import_destination_waits_out_its_error_delay ... ok
2026-10-06T16:09:41.8350418Z test a_subscription_without_its_downloader_pauses ... ok
2026-10-06T16:09:41.9147267Z test a_subscription_syncs_catches_up_and_downloads ... ok
2026-10-06T16:09:43.1749538Z test a_subscription_shows_what_it_does_in_a_popup_which_can_cancel_it ... ok
2026-10-06T16:09:44.9771419Z test handled_http_and_missing_file_failures_do_not_spend_the_outer_error_budget ... ok
2026-10-06T16:09:46.0650175Z test a_subscription_stops_when_its_bandwidth_runs_out ... ok
2026-10-06T16:09:46.9836559Z test subscription_runner_bounds_real_http_overlap_and_reloads_live_limit ... ok
2026-10-06T16:09:47.0969769Z test subscriptions_wait_while_paused_globally ... ok
2026-10-06T16:09:47.1517856Z test subscription_runner_cancels_selected_peer_and_joins_all_on_shutdown ... ok
2026-10-06T16:09:51.9772738Z test escaped_query_tag_errors_count_across_queries_delay_persist_and_reset_next_run ... ok
2026-10-06T16:09:58.2763483Z test none_disables_abandonment_for_real_escaped_store_failures ... ok
2026-10-06T16:09:58.2764024Z 
2026-10-06T16:09:58.2764787Z test result: ok. 11 passed; 0 failed; 0 ignored; 0 measured; 0 filtered out; finished in 16.65s
2026-10-06T16:09:58.2765414Z 
2026-10-06T16:09:58.2796951Z [1m[92m     Running[0m tests/url_queue.rs (target/debug/deps/url_queue-e2c1be4ce141c825)
2026-10-06T16:09:58.2826619Z 
2026-10-06T16:09:58.2826885Z running 11 tests
2026-10-06T16:09:58.4443271Z test a_refusal_from_a_site_hydrus_logged_in_to_says_why ... ok
2026-10-06T16:09:58.4475191Z test a_queue_with_no_import_destination_pauses_its_files ... ok
2026-10-06T16:09:58.5598166Z test existing_downloader_uses_edited_parser_and_new_link_after_reload ... ok
2026-10-06T16:09:58.6058891Z test a_gallery_url_in_a_url_queue_queues_its_posts ... ok
2026-10-06T16:09:58.7050700Z test missing_files_download_again_in_their_own_queue ... ok
2026-10-06T16:09:59.4180976Z test a_url_queue_downloads_posts_and_files ... ok
2026-10-06T16:09:59.6295861Z test files_import_while_later_gallery_pages_are_read ... ok
2026-10-06T16:09:59.7980937Z test running_gallery_searches_pick_up_capacity_growth_and_release_on_error ... ok
2026-10-06T16:10:00.3092108Z test queues_wait_while_their_downloads_are_paused_globally ... ok
2026-10-06T16:10:01.3986351Z test running_file_queues_keep_limits_when_lowered_and_release_on_cancel_or_owner_close ... ok
2026-10-06T16:10:01.5790310Z test a_file_that_fails_does_not_hold_up_the_rest_of_its_queue ... ok
2026-10-06T16:10:01.5790647Z 
2026-10-06T16:10:01.5790910Z test result: ok. 11 passed; 0 failed; 0 ignored; 0 measured; 0 filtered out; finished in 3.30s
2026-10-06T16:10:01.5791272Z 
2026-10-06T16:10:01.5828630Z [1m[92m     Running[0m tests/watchers.rs (target/debug/deps/watchers-20e25d328bf3f7c5)
2026-10-06T16:10:01.5857598Z 
2026-10-06T16:10:01.5857776Z running 2 tests
2026-10-06T16:10:01.9582904Z test watcher_checks_share_their_own_live_capacity_and_owner_close_releases_it ... ok
2026-10-06T16:10:02.0184153Z test a_watcher_follows_a_thread_until_it_404s ... ok
2026-10-06T16:10:02.0184645Z 
2026-10-06T16:10:02.0185192Z test result: ok. 2 passed; 0 failed; 0 ignored; 0 measured; 0 filtered out; finished in 0.43s
2026-10-06T16:10:02.0185891Z 
2026-10-06T16:10:02.0204593Z [1m[92m     Running[0m unittests src/lib.rs (target/debug/deps/hydrus_downloader_exchange-53953a77e0e9a0c8)
2026-10-06T16:10:02.0215896Z 
2026-10-06T16:10:02.0216072Z running 0 tests
2026-10-06T16:10:02.0216314Z 
2026-10-06T16:10:02.0216756Z test result: ok. 0 passed; 0 failed; 0 ignored; 0 measured; 0 filtered out; finished in 0.00s
2026-10-06T16:10:02.0217325Z 
2026-10-06T16:10:02.0219394Z [1m[92m     Running[0m tests/external_calls.rs (target/debug/deps/external_calls-32dab097596eb93a)
2026-10-06T16:10:02.0230253Z 
2026-10-06T16:10:02.0230438Z running 2 tests
2026-10-06T16:10:02.0247093Z test import_rejects_wrong_classes_and_mixed_invalid_packages_before_staging_any_call ... ok
2026-10-06T16:10:02.0277573Z test actual_qt_callable_exports_and_manager_round_trip_without_losing_identity_or_process_options ... ok
2026-10-06T16:10:02.0278500Z 
2026-10-06T16:10:02.0280265Z test result: ok. 2 passed; 0 failed; 0 ignored; 0 measured; 0 filtered out; finished in 0.00s
2026-10-06T16:10:02.0280935Z 
2026-10-06T16:10:02.0282068Z [1m[92m     Running[0m tests/import_options.rs (target/debug/deps/import_options-a70a18917bd1cb2b)
2026-10-06T16:10:02.0295190Z 
2026-10-06T16:10:02.0295858Z running 2 tests
2026-10-06T16:10:02.0362316Z test wrong_objects_and_future_versions_are_rejected ... ok
2026-10-06T16:10:02.0371815Z test recorded_containers_round_trip_all_native_fields_and_pngs ... ok
2026-10-06T16:10:02.0372361Z 
2026-10-06T16:10:02.0373252Z test result: ok. 2 passed; 0 failed; 0 ignored; 0 measured; 0 filtered out; finished in 0.01s
2026-10-06T16:10:02.0373919Z 
2026-10-06T16:10:02.0376778Z [1m[92m     Running[0m tests/interchange.rs (target/debug/deps/interchange-9445052f693b0646)
2026-10-06T16:10:02.0399590Z 
2026-10-06T16:10:02.0399748Z running 12 tests
2026-10-06T16:10:02.0424222Z test formula_metadata_survives_native_serialization_and_edits_take_precedence ... ok
2026-10-06T16:10:02.0454247Z test malformed_old_versions_return_errors_before_any_package_can_be_staged ... ok
2026-10-06T16:10:02.0455261Z test date_conversions_keep_reference_codes_through_definition_exchange ... ok
2026-10-06T16:10:02.0455767Z test old_plain_json_png_is_still_importable ... ok
2026-10-06T16:10:02.0616194Z test authored_static_formulas_roundtrip ... ok
2026-10-06T16:10:02.0730727Z test older_formats_upgrade_or_reject_without_partial_packages ... ok
2026-10-06T16:10:02.0915904Z test registered_mixed_login_package_preserves_json_png_rules_and_rejects_partial_decoding ... ok
2026-10-06T16:10:02.0974339Z test selected_processing_steps_match_qt_clipboard_and_png_exports ... ok
2026-10-06T16:10:02.1115523Z test subsidiary_contexts_follow_stable_page_keys_when_children_are_sorted_and_renamed ... ok
2026-10-06T16:10:02.1205660Z test malformed_png_and_compression_never_allocate_unbounded_data ... ok
2026-10-06T16:10:02.1304531Z test reference_json_and_real_png_roundtrip_without_losing_subsidiary_or_editor_data ... ok
2026-10-06T16:10:02.4210760Z test maximum_documented_definition_count_roundtrips_and_the_next_one_is_rejected ... ok
2026-10-06T16:10:02.4211433Z 
2026-10-06T16:10:02.4211888Z test result: ok. 12 passed; 0 failed; 0 ignored; 0 measured; 0 filtered out; finished in 0.38s
2026-10-06T16:10:02.4212685Z 
2026-10-06T16:10:02.4230672Z [1m[92m     Running[0m tests/logins.rs (target/debug/deps/logins-82f5bdd36ff4ba52)
2026-10-06T16:10:02.4245269Z 
2026-10-06T16:10:02.4245441Z running 3 tests
2026-10-06T16:10:02.4290361Z test native_veto_default_matcher_uses_python_constructor_empty_match_value ... ok
2026-10-06T16:10:02.4303872Z test login_validation_matches_python_and_rejects_mixed_packages_atomically ... ok
2026-10-06T16:10:02.4323233Z test login_scripts_preserve_reference_fields_and_upgrade_cookie_names ... ok
2026-10-06T16:10:02.4323933Z 
2026-10-06T16:10:02.4324194Z test result: ok. 3 passed; 0 failed; 0 ignored; 0 measured; 0 filtered out; finished in 0.01s
2026-10-06T16:10:02.4324548Z 
2026-10-06T16:10:02.4329172Z [1m[92m     Running[0m tests/routers.rs (target/debug/deps/routers-93dc1ba930b94b47)
2026-10-06T16:10:02.4339853Z 
2026-10-06T16:10:02.4340005Z running 3 tests
2026-10-06T16:10:02.4406212Z test router_exchange_rejects_incompatible_or_lossy_packages_atomically ... ok
2026-10-06T16:10:02.4475452Z test recorded_router_queues_preserve_editor_fields_and_reference_png ... ok
2026-10-06T16:10:02.4516167Z test inspected_packages_preserve_routers_with_recognised_other_objects ... ok
2026-10-06T16:10:02.4516764Z 
2026-10-06T16:10:02.4517188Z test result: ok. 3 passed; 0 failed; 0 ignored; 0 measured; 0 filtered out; finished in 0.02s
2026-10-06T16:10:02.4517805Z 
2026-10-06T16:10:02.4525603Z [1m[92m     Running[0m tests/seed_caches.rs (target/debug/deps/seed_caches-7edac3f0543c961e)
2026-10-06T16:10:02.4541913Z 
2026-10-06T16:10:02.4542091Z running 2 tests
2026-10-06T16:10:02.4995034Z test unsafe_or_malformed_history_fails_explicitly_without_truncating_a_package ... ok
2026-10-06T16:10:02.5018808Z test historical_cache_versions_replay_exact_qt_history_headers_and_list_exports ... ok
2026-10-06T16:10:02.5019726Z 
2026-10-06T16:10:02.5020128Z test result: ok. 2 passed; 0 failed; 0 ignored; 0 measured; 0 filtered out; finished in 0.05s
2026-10-06T16:10:02.5020492Z 
2026-10-06T16:10:02.5027225Z [1m[92m     Running[0m tests/subscription_import.rs (target/debug/deps/subscription_import-03f2d8ddd935f38d)
2026-10-06T16:10:02.5043650Z 
2026-10-06T16:10:02.5043899Z running 2 tests
2026-10-06T16:10:02.5239257Z test recorded_nested_packages_warn_after_preserving_complete_permitted_objects ... ok
2026-10-06T16:10:02.5264748Z test future_nested_objects_and_limits_fail_before_any_list_objects_are_returned ... ok
2026-10-06T16:10:02.5265126Z 
2026-10-06T16:10:02.5265425Z test result: ok. 2 passed; 0 failed; 0 ignored; 0 measured; 0 filtered out; finished in 0.02s
2026-10-06T16:10:02.5265780Z 
2026-10-06T16:10:02.5275822Z [1m[92m     Running[0m tests/subscriptions.rs (target/debug/deps/subscriptions-e6ea53fd2f0063f4)
2026-10-06T16:10:02.5293012Z 
2026-10-06T16:10:02.5293159Z running 4 tests
2026-10-06T16:10:02.5423958Z test subscription_exchange_reports_missing_logs_and_rejects_invalid_packages_atomically ... ok
2026-10-06T16:10:02.5497143Z test malformed_and_unsupported_legacy_subscriptions_fail_without_reducing_history ... ok
2026-10-06T16:10:02.5508937Z test actual_subscription_clipboard_and_png_retain_settings_headers_and_both_histories ... ok
2026-10-06T16:10:02.5781561Z test actual_legacy_subscription_list_imports_match_converted_settings_histories_and_caches ... ok
2026-10-06T16:10:02.5782711Z 
2026-10-06T16:10:02.5783226Z test result: ok. 4 passed; 0 failed; 0 ignored; 0 measured; 0 filtered out; finished in 0.05s
2026-10-06T16:10:02.5783969Z 
2026-10-06T16:10:02.5792801Z [1m[92m     Running[0m tests/subsidiaries.rs (target/debug/deps/subsidiaries-9fe403ec36e0192f)
2026-10-06T16:10:02.5809238Z 
2026-10-06T16:10:02.5809424Z running 2 tests
2026-10-06T16:10:02.5847588Z test incompatible_or_unsupported_subsidiary_packages_are_rejected_before_staging ... ok
2026-10-06T16:10:02.5881841Z test real_reference_subsidiary_clipboard_and_png_preserve_recursive_wrappers ... ok
2026-10-06T16:10:02.5882232Z 
2026-10-06T16:10:02.5882692Z test result: ok. 2 passed; 0 failed; 0 ignored; 0 measured; 0 filtered out; finished in 0.01s
2026-10-06T16:10:02.5883170Z 
2026-10-06T16:10:02.5887784Z [1m[92m     Running[0m unittests src/lib.rs (target/debug/deps/hydrus_gui_model-e796d6a368398922)
2026-10-06T16:10:02.5909151Z 
2026-10-06T16:10:02.5909302Z running 39 tests
2026-10-06T16:10:02.5913512Z test duplicate_filter::tests::deletion_reasons_read_as_the_reference_writes_them ... ok
2026-10-06T16:10:02.5914492Z test favourites::tests::names_are_made_unique_as_the_reference_makes_them ... ok
2026-10-06T16:10:02.5919163Z test list_selection::tests::clicks_select_as_qt_s_extended_selection ... ok
2026-10-06T16:10:02.5920220Z test list_selection::tests::a_selection_follows_its_items ... ok
2026-10-06T16:10:02.5921422Z test main_menu::tests::a_disabled_menu_does_not_open ... ok
2026-10-06T16:10:02.5922846Z test main_menu::tests::advanced_mode_offers_to_nudge_subscriptions ... ok
2026-10-06T16:10:02.5924537Z test main_menu::tests::hovering_opens_submenus_beside_their_entries ... ok
2026-10-06T16:10:02.5925850Z test main_menu::tests::clicking_an_entry_chooses_it_unless_it_cannot_be ... ok
2026-10-06T16:10:02.5926996Z test main_menu::tests::closed_pages_are_offered_latest_first ... ok
2026-10-06T16:10:02.5927936Z test main_menu::tests::keys_move_through_the_menus ... ok
2026-10-06T16:10:02.5929210Z test main_menu::tests::saved_sessions_of_its_own_can_be_saved_over_and_deleted ... ok
2026-10-06T16:10:02.5930380Z test main_menu::tests::entries_hydrus_rs_cannot_do_are_not_usable ... ok
2026-10-06T16:10:02.5931400Z test main_menu::tests::mnemonics_open_the_bar_s_menus ... ok
2026-10-06T16:10:02.5932761Z test main_menu::tests::separators_show_as_qt_shows_them ... ok
2026-10-06T16:10:02.5941108Z test main_menu::tests::several_folders_get_a_check_all_and_one_does_not ... ok
2026-10-06T16:10:02.5943028Z test main_menu::tests::the_history_is_numbered_latest_first_and_kept_to_twenty ... ok
2026-10-06T16:10:02.5944156Z test main_menu::tests::the_pending_menu_lists_repositories_with_content_a_to_z ... ok
2026-10-06T16:10:02.6974087Z test options::tests::only_the_options_changed_are_set ... ok
2026-10-06T16:10:02.6978689Z test options::tests::thumbnail_rating_sizes_go_up_to_the_thumbnails_width ... ok
2026-10-06T16:10:02.6980023Z test options::tests::times_show_as_the_references_fields ... ok
2026-10-06T16:10:02.6988768Z test options::tests::the_editor_edits_the_page_shown ... ok
2026-10-06T16:10:02.6991462Z test options::tests::the_search_finds_options_by_their_labels_and_boxes ... ok
2026-10-06T16:10:02.7666411Z test options::tests::times_rates_and_text_that_may_be_none_are_edited ... ok
2026-10-06T16:10:02.7683666Z test page_chooser::tests::menus_lead_to_pages_as_in_the_reference ... ok
2026-10-06T16:10:02.7703702Z test options::tests::values_that_cant_be_had_are_left_saying_why ... ok
2026-10-06T16:10:02.8194087Z test predicate_editors::defaults::tests::namespace_shortcuts_and_empty_results_follow_the_actual_star_menu ... ok
2026-10-06T16:10:02.8694870Z test page_chooser::tests::file_domains_are_offered_by_name ... ok
2026-10-06T16:10:02.9254218Z test predicate_editors::defaults::tests::star_regex_save_skips_accept_validation_like_the_actual_reference ... ok
2026-10-06T16:10:02.9255862Z test predicate_editors::special::tests::hashes_are_read_as_the_reference_reads_them ... ok
2026-10-06T16:10:02.9257125Z test predicate_editors::special::tests::lines_are_summed_up_as_the_reference_sums_them ... ok
2026-10-06T16:10:02.9258175Z test predicate_editors::tests::a_date_is_read_as_typed ... ok
2026-10-06T16:10:02.9259287Z test predicate_editors::tests::rating_is_offered_with_a_rating_service_and_the_rest_everywhere ... ok
2026-10-06T16:10:02.9260474Z test predicate_editors::tests::time_fields_split_a_span_into_its_units ... ok
2026-10-06T16:10:02.9261542Z test sort::tests::choices_are_named_and_ordered_as_the_reference_orders_them ... ok
2026-10-06T16:10:02.9262821Z test status::bandwidth_tests::only_what_is_read_while_the_client_is_open_counts ... ok
2026-10-06T16:10:02.9263934Z test status::bandwidth_tests::the_network_part_reads_as_the_reference_s ... ok
2026-10-06T16:10:02.9318833Z test predicate_editors::defaults::tests::service_keys_and_fractional_viewtime_survive_reordered_contexts_and_reopening ... ok
2026-10-06T16:10:03.5526882Z test predicate_editors::defaults::tests::comparability_replays_all_reference_subtypes_and_rating_services ... ok
2026-10-06T16:10:04.6417434Z test predicate_editors::defaults::tests::all_recorded_panel_families_restore_typed_defaults_and_explicit_inputs ... ok
2026-10-06T16:10:04.6418849Z 
2026-10-06T16:10:04.6419246Z test result: ok. 39 passed; 0 failed; 0 ignored; 0 measured; 0 filtered out; finished in 2.05s
2026-10-06T16:10:04.6419802Z 
2026-10-06T16:10:04.6438909Z [1m[92m     Running[0m tests/model/main.rs (target/debug/deps/model-57f5b48addde7534)
2026-10-06T16:10:04.6473608Z 
2026-10-06T16:10:04.6473781Z running 525 tests
2026-10-06T16:10:04.6503381Z test about::the_about_window_says_what_the_references_does ... ok
2026-10-06T16:10:04.6553766Z test active_predicates::actual_qt_inherited_copy_payloads_and_page_routes_match_all_recorded_selections ... ok
2026-10-06T16:10:04.6566391Z test active_predicates::actual_qt_commands_preserve_inverse_add_vs_ctrl_toggle_and_exact_result_sets ... ok
2026-10-06T16:10:04.6629180Z test active_predicates::supplied_size_and_limit_reopen_exact_values_despite_saved_creation_defaults ... ok
2026-10-06T16:10:04.6630350Z test active_predicates::mixed_controls_replay_real_qt_values_row_order_cancel_and_parser_vetoes ... ok
2026-10-06T16:10:04.9493548Z test api_update_toasts::all_recorded_apply_cancel_reopen_cases_and_concurrent_width_survive ... ok
2026-10-06T16:10:05.0184603Z test archive_delete_policies::real_independent_controls_cancel_reopen_merge_and_retained_legacy_native_precedence ... ok
2026-10-06T16:10:05.0843253Z test animation_start::recorded_raw_constructor_cancel_unchanged_apply_reopen_and_scoped_merge ... ok
2026-10-06T16:10:05.1204279Z test archive_repair::captured_scan_preserves_intervening_edits_and_cancellation_rolls_back_content_transaction ... ok
2026-10-06T16:10:05.1261646Z test auto_resolution_exchange::exported_rules_import_again ... ok
2026-10-06T16:10:05.1388309Z test auto_resolution_exchange::the_reference_s_serialised_rules_import ... ok
2026-10-06T16:10:05.1407774Z test auto_resolution_review::approving_and_denying_report_progress_as_the_reference_s ... ok
2026-10-06T16:10:05.1927446Z test archive_delete_policies::replaced_domain_identity_rejects_entire_commit_before_archiving_kept_files ... ok
2026-10-06T16:10:05.1994593Z test auto_resolution_rules::a_new_rule_searches_as_the_references_add_does ... ok
2026-10-06T16:10:05.2009624Z test auto_resolution_rules::add_offers_the_references_comparators ... ok
2026-10-06T16:10:05.2097233Z test auto_resolution_rules::rules_rows_and_comparators_are_the_references ... ok
2026-10-06T16:10:05.2994050Z test archive_repair::exact_global_scan_questions_population_writes_and_reopened_times_match_reference ... ok
2026-10-06T16:10:05.3814255Z test auto_resolution_review::each_rules_tabs_list_its_pairs_as_the_reference ... ok
2026-10-06T16:10:05.3878853Z test checker_options::edits_change_the_editor_as_the_references ... ok
2026-10-06T16:10:05.3911068Z test checker_options::ok_asks_as_the_references_does ... ok
2026-10-06T16:10:05.3923814Z test checker_options::ok_raises_times_below_their_least ... ok
2026-10-06T16:10:05.4665312Z test autocomplete_tabs::literal_favourite_rows_remain_selected_as_tags_until_explicitly_deselected ... ok
2026-10-06T16:10:05.4740653Z test checker_options::the_editor_opens_as_the_references ... ok
2026-10-06T16:10:05.4774659Z test checker_options::the_reasonable_defaults_are_the_references ... ok
2026-10-06T16:10:05.4787532Z test client_api_admin::browser_url_uses_reported_listener_over_cli_overridden_service_settings ... ok
2026-10-06T16:10:05.5702486Z test client_api_admin::listener_settings_preserve_unrelated_services_and_imported_flags ... ok
2026-10-06T16:10:05.6470138Z test checker_options::the_downloading_page_edits_the_default_checker_options ... ok
2026-10-06T16:10:05.6544837Z test client_api_admin::reference_rows_permissions_questions_and_duplicates ... ok
2026-10-06T16:10:05.6618713Z test clipboard_urls::changed_text_switches_and_url_policy_match_the_reference ... ok
2026-10-06T16:10:05.6646609Z test command_palette::calculator_matches_qt_precedence_integer_types_errors_and_special_values ... ok
2026-10-06T16:10:05.6669332Z test command_palette::defaults_and_provider_queue_match_the_qt_options_editor ... ok
2026-10-06T16:10:05.6703885Z test autocomplete_tabs::read_and_write_selection_replay_the_same_qt_tabs_and_persist_only_accepted_edits ... ok
2026-10-06T16:10:05.6706109Z test command_palette::late_workers_cannot_repopulate_a_new_query_or_closed_owner ... ok
2026-10-06T16:10:05.6723433Z test command_palette::providers_match_real_qt_order_limits_and_thresholds ... ok
2026-10-06T16:10:05.6742218Z test command_palette::unicode_casefold_expands_before_provider_and_menu_thresholds ... ok
2026-10-06T16:10:05.7259847Z test client_api_admin::staged_keys_cancel_persist_collision_and_stale_apply ... ok
2026-10-06T16:10:05.7395148Z test command_palette::each_live_provider_policy_reaches_its_results_and_preferences_persist ... ok
2026-10-06T16:10:05.7397336Z test database_backup::questions_name_the_paths_as_the_reference_does ... ok
2026-10-06T16:10:05.7402278Z test database_backup::the_menu_follows_the_backup_location_and_storage ... ok
2026-10-06T16:10:05.7404161Z test database_locations::rows_and_buttons_follow_the_reference ... ok
2026-10-06T16:10:05.9123136Z test content_undo::archiving_can_be_undone_and_redone_from_the_menu ... ok
2026-10-06T16:10:05.9889159Z test content_undo::tag_changes_name_their_service ... ok
2026-10-06T16:10:05.9913431Z test database_maintenance::the_menus_enable_the_jobs_hydrus_rs_runs ... ok
2026-10-06T16:10:05.9932851Z test datetime_editor::the_date_time_editor_works_as_the_references_does ... ok
2026-10-06T16:10:05.9937753Z test debug_actions::modal_countdown_and_env_dump_read_as_the_reference_s ... ok
2026-10-06T16:10:05.9953655Z test debug_actions::some_popups_are_the_reference_s_less_its_callbacks ... ok
2026-10-06T16:10:06.1039476Z test database_maintenance::questions_buttons_and_service_choices_are_the_reference_s ... ok
2026-10-06T16:10:06.1484701Z test archive_delete_policies::actual_qt_domain_alternatives_priorities_delay_and_selected_transaction ... ok
2026-10-06T16:10:06.3552077Z test delete_files::clean_delete_preserves_locked_files_and_remembered_fields_merge_with_options ... ok
2026-10-06T16:10:06.3751201Z test delete_files::mixed_existing_reasons_match_qt_preserve_each_file_and_do_not_replace_last_reason ... ok
2026-10-06T16:10:06.3784675Z test delete_files::reason_queue_matches_recorded_cancel_empty_duplicate_movement_and_delete ... ok
2026-10-06T16:10:06.3786269Z test downloader_definitions::domain_mask_queue_replays_staged_crud_and_insertion_order ... ok
2026-10-06T16:10:06.3863788Z test downloader_definitions::domain_mode_and_independent_tester_replay_reference_and_preserve_disabled_values ... ok
2026-10-06T16:10:06.4754176Z test downloader_definitions::drafts_preserve_identity_links_and_current_unrelated_settings ... ok
2026-10-06T16:10:06.4790463Z test downloader_definitions::editor_controls_change_matching_normalisation_and_validate_pagination ... ok
2026-10-06T16:10:06.5630685Z test downloader_definitions::generator_copies_nested_repair_and_delete_are_staged ... ok
2026-10-06T16:10:06.5636404Z test downloader_definitions::invalid_examples_and_defaults_cannot_be_committed ... ok
2026-10-06T16:10:06.6404407Z test downloader_definitions::previews_use_native_encoding_options_and_nested_columns_sort_by_count ... ok
2026-10-06T16:10:06.7183985Z test downloader_definitions::reference_rows_previews_and_vetoes_are_replayed ... ok
2026-10-06T16:10:06.7294546Z test downloader_definitions::selectable_preview_values_use_recorded_api_referral_and_gallery_consumers ... ok
2026-10-06T16:10:06.7329426Z test downloader_display::displayed_url_labels_filters_order_and_cap_replay_reference ... ok
2026-10-06T16:10:06.7339622Z test downloader_display::replay_actual_tri_state_questions_and_rows ... ok
2026-10-06T16:10:06.8344128Z test downloader_display::save_merges_only_edited_keys_and_preserves_concurrent_definitions ... ok
2026-10-06T16:10:06.8362834Z test downloader_interchange::an_api_pair_source_yields_to_its_eligible_target_during_parser_linking ... ok
2026-10-06T16:10:06.8365690Z test downloader_interchange::duplicate_class_relinks_the_runtime_winner_instead_of_the_first_equivalent_row ... ok
2026-10-06T16:10:06.9054269Z test downloader_interchange::imported_class_and_parser_link_reaches_the_live_registry ... ok
2026-10-06T16:10:06.9904663Z test downloader_interchange::mixed_login_cancel_malformed_and_stale_scripts_never_partially_save_downloaders ... ok
2026-10-06T16:10:07.1322469Z test downloader_interchange::mixed_login_import_replays_qt_duplicates_links_and_saved_consumer_without_exporting_credentials ... ok
2026-10-06T16:10:07.2367141Z test delete_files::physical_only_dialog_remembers_builtin_and_custom_service_keys_like_qt ... ok
2026-10-06T16:10:07.3003319Z test downloader_interchange::reference_duplicate_rules_remap_nested_members_and_keep_auxiliary_context ... ok
2026-10-06T16:10:07.3124668Z test downloader_interchange::package_invalid_and_cancelled_staging_do_not_mutate_store_and_stale_apply_rolls_back ... ok
2026-10-06T16:10:07.3583978Z test delete_files::advanced_reasons_match_actual_qt_defaults_existing_and_remembered_selection ... ok
2026-10-06T16:10:07.3673769Z test downloader_update_times::strict_deadlines_ratios_minimum_fallback_saved_changes_and_forcing_match_qt ... ok
2026-10-06T16:10:07.4284210Z test downloader_interchange::scoped_list_import_is_atomic_and_parser_save_preserves_original_context ... ok
2026-10-06T16:10:07.4303948Z test duplicate_colours::qcolor_rounding_and_independent_transparency_replay_actual_canvas_outputs ... ok
2026-10-06T16:10:07.6403438Z test duplicates_filtering::counts_and_random_groups_read_the_basic_client ... ok
2026-10-06T16:10:07.6444124Z test duplicates_filtering::edits_and_texts_follow_the_reference ... ok
2026-10-06T16:10:07.7560003Z test downloader_update_times::exact_constructor_fields_unchanged_apply_cancel_legacy_and_concurrent_field_merge ... ok
2026-10-06T16:10:07.7593743Z test duplicates_page::the_auto_resolution_rules_rows_are_the_references ... ok
2026-10-06T16:10:07.7595154Z test duplicates_page::the_preparation_tab_says_what_the_references_does ... ok
2026-10-06T16:10:07.8264837Z test duplicate_colours::options_keep_saved_zero_on_cancel_then_normalise_on_apply_and_preserve_concurrent_background ... ok
2026-10-06T16:10:07.8293897Z test edit_subscription::the_dialog_opens_as_the_references ... ok
2026-10-06T16:10:07.8352114Z test edit_subscription::the_query_buttons_act_as_the_references ... ok
2026-10-06T16:10:07.8393924Z test embedded_metadata::basics_and_png_instruction_match_the_reference ... ok
2026-10-06T16:10:07.8406968Z test embedded_metadata::exif_sort_selection_and_raw_copy_match_the_reference ... ok
2026-10-06T16:10:07.8420024Z test existing_tags_filter::existing_filter_acceptance_enables_only_the_captured_service_and_round_trips ... ok
2026-10-06T16:10:07.8433491Z test duplicates_filtering::resync_drops_pairs_of_files_out_of_local_storage ... ok
2026-10-06T16:10:07.8974247Z test duplicates_progress::qt_staging_persistence_and_scoped_save_drive_strict_caught_up_preparation_labels ... ok
2026-10-06T16:10:08.1056160Z test export_files::cancellation_and_missing_sources_never_trash_partial_exports ... ok
2026-10-06T16:10:08.1561505Z test export_files::preview_and_confirmations_match_reference_panel ... ok
2026-10-06T16:10:08.1593573Z test export_files::shared_pattern_menu_copies_recorded_phrases_including_its_heading ... ok
2026-10-06T16:10:08.1702944Z test export_files::copies_overwrite_existing_files_and_route_metadata ... ok
2026-10-06T16:10:08.3584148Z test export_files::selected_export_tags_counts_sort_selection_and_copy_match_actual_panel ... ok
2026-10-06T16:10:08.3634062Z test external_calls::actual_defaults_menu_routes_preserve_prior_selection_and_generate_unique_named_keys ... ok
2026-10-06T16:10:08.3673898Z test external_calls::actual_qt_sort_tie_break_casefold_and_duplicate_selection_routes ... ok
2026-10-06T16:10:08.3704138Z test external_calls::actual_reference_substitution_validation_and_argument_cleaning ... ok
2026-10-06T16:10:08.3773906Z test external_calls::cancelling_the_owner_terminates_and_reaps_its_started_direct_child ... ok
2026-10-06T16:10:08.3808936Z test external_calls::command_clipboard_review_and_cleaned_example_match_actual_qt ... ok
2026-10-06T16:10:08.3841773Z test external_calls::command_parameter_queue_selection_reorder_and_keyboard_match_actual_qt ... ok
2026-10-06T16:10:08.3865885Z test external_calls::command_queue_reverse_edit_and_keyboard_origins_match_actual_qt ... ok
2026-10-06T16:10:08.3892800Z test external_calls::duplicate_import_warnings_match_python_repr_and_all_size_boundaries ... ok
2026-10-06T16:10:08.3898610Z test external_calls::list_acceptance_retains_edit_key_and_selection_but_regenerates_import_and_duplicate_keys ... ok
2026-10-06T16:10:08.4286675Z test export_files::sidecar_failure_blocks_trash_even_after_copy_and_success_trashes ... ok
2026-10-06T16:10:08.4504860Z test export_files::symlinks_existing_links_and_hardlinks_preserve_source_content ... ok
2026-10-06T16:10:08.4803311Z test external_calls::saved_call_executes_owned_harmless_process_with_exact_single_argument_and_no_shell_interpretation ... ok
2026-10-06T16:10:08.6364365Z test favourite_search_editor::favourite_controls_replay_reference_domain_sort_collect_and_predicate_values ... ok
2026-10-06T16:10:08.6366997Z test file_history::dropping_worker_cancels_inflight_read_and_never_runs_pending_read ... ok
2026-10-06T16:10:08.6691480Z test ffmpeg_timeout::qt_options_cancel_bounds_reopen_and_concurrent_changes ... ok
2026-10-06T16:10:08.6698015Z test file_history::owned_worker_runs_only_latest_queued_query_and_discards_cancelled_closed_results ... ok
2026-10-06T16:10:08.6708068Z test file_log::clipboard_source_batches_match_actual_reference_imports ... ok
2026-10-06T16:10:08.7366963Z test file_log::renormalisation_collapses_later_duplicates_and_preserves_first_progress_and_metadata ... ok
2026-10-06T16:10:08.7373153Z test file_log::selected_import_objects_match_full_reference_clipboard_bytes ... ok
2026-10-06T16:10:08.7374629Z test file_log::selected_urls_are_one_exact_match_or_container ... ok
2026-10-06T16:10:08.7997621Z test file_history::global_and_filtered_series_ranges_visibility_refresh_and_cancel_match_actual_chart ... ok
2026-10-06T16:10:08.8008694Z test file_log::the_file_log_is_the_references ... ok
2026-10-06T16:10:08.8014799Z test file_maintenance_current::recorded_counts_selection_due_gate_and_numeric_sort_use_typed_identity ... ok
2026-10-06T16:10:08.8391612Z test file_log::source_png_carriers_import_actual_qt_exports_and_render_custom_headers ... ok
2026-10-06T16:10:08.8393719Z test file_maintenance_new::the_tab_says_what_the_reference_does ... ok
2026-10-06T16:10:08.8395230Z test file_relationships::a_file_alone_offers_only_a_search_reset ... ok
2026-10-06T16:10:08.8396510Z test file_relationships::a_grouped_file_shows_its_group_and_what_can_be_undone ... ok
2026-10-06T16:10:08.9455030Z test file_maintenance_new::chosen_files_get_the_job_queued ... ok
2026-10-06T16:10:09.0464114Z test file_relationships::setting_and_undoing_relationships_reaches_the_store ... ok
2026-10-06T16:10:09.2424276Z test file_view_removal::filter_content_pruning_reports_only_domain_departures_after_intervening_trash ... ok
2026-10-06T16:10:09.4676677Z test file_view_removal::filter_removal_matches_recorded_commit_gates_and_skipped_return_file ... ok
2026-10-06T16:10:09.5000347Z test filename_rules::advanced_lists_children_and_filename_consumers_match_real_reference ... ok
2026-10-06T16:10:09.5037475Z test filename_rules::both_original_regex_buttons_offer_the_recorded_help_components_and_favourites ... ok
2026-10-06T16:10:09.5039448Z test filename_rules::child_identity_is_frozen_and_unrelated_callbacks_preserve_it ... ok
2026-10-06T16:10:09.7266945Z test filename_simple::additive_entry_and_selected_union_replay_real_simple_panel_without_spreading_untouched_tags ... ok
2026-10-06T16:10:09.7269147Z test filename_simple::native_path_backend_matches_actual_reference_rebasing_and_mixed_separator_tags ... ok
2026-10-06T16:10:09.7342314Z test filename_tagging::rows_and_values_are_the_references ... ok
2026-10-06T16:10:09.7345546Z test filename_tagging::single_tags_are_shown_and_removed_for_the_selection ... ok
2026-10-06T16:10:09.7350326Z test filename_tagging::typed_regexes_and_quick_namespaces_are_checked ... ok
2026-10-06T16:10:09.7366376Z test filesize_predicate::choices_bounds_and_explicit_reopening_match_qt ... ok
2026-10-06T16:10:09.7372911Z test filetype_tree::groups_tick_their_filetypes_and_give_back_specific_ones ... ok
2026-10-06T16:10:09.7493782Z test file_view_removal::actual_qt_media_list_trash_move_and_physical_pruning_matrix ... ok
2026-10-06T16:10:09.7853986Z test folder_runs::named_then_all_folders_are_flagged_to_run ... ok
2026-10-06T16:10:09.7861070Z test folders::the_export_folder_dialog_is_the_references ... ok
2026-10-06T16:10:09.7873603Z test folders::the_import_folder_dialog_is_the_references ... ok
2026-10-06T16:10:09.7893546Z test folders::the_lists_name_what_they_add_and_edit_uniquely ... ok
2026-10-06T16:10:09.7903544Z test folders::the_lists_rows_are_the_references ... ok
2026-10-06T16:10:09.7904661Z test force_filetype::the_force_filetypes_dialog_is_the_reference_s ... ok
2026-10-06T16:10:09.7905900Z test force_idle::actual_toggle_checks_and_real_worker_entry_matrix ... ok
2026-10-06T16:10:09.7907290Z test formula_editors::fetched_documents_replay_reference_success_error_and_cancellation_context ... ok
2026-10-06T16:10:09.7908728Z test formula_editors::formula_editor_bulk_name_conflicts_match_reference ... ok
2026-10-06T16:10:09.7913125Z test formula_editors::formula_editor_controls_and_parses_match_reference ... ok
2026-10-06T16:10:09.7919644Z test formula_editors::formula_editor_rule_queue_matches_reference_actions ... ok
2026-10-06T16:10:09.7927741Z test formula_editors::formula_editor_type_and_named_list_actions_match_reference ... ok
2026-10-06T16:10:09.7929331Z test formula_editors::formula_editor_type_changes_use_fresh_defaults_and_preserve_separated_content ... ok
2026-10-06T16:10:09.7930896Z test formula_editors::formula_editors_preserve_other_kinds_and_inactive_rule_settings ... ok
2026-10-06T16:10:09.7935104Z test formula_editors::multiple_test_documents_retain_edits_sources_and_selected_child_order ... ok
2026-10-06T16:10:09.7952009Z test formula_editors::recursive_formula_fields_and_transformed_child_data_match_reference ... ok
2026-10-06T16:10:09.7953588Z test formula_editors::scalar_formula_controls_match_reference ... ok
2026-10-06T16:10:09.7958058Z test formula_editors::six_kind_chooser_defaults_match_reference ... ok
2026-10-06T16:10:09.7983936Z test formula_editors::zipper_member_queue_and_substitution_match_reference ... ok
2026-10-06T16:10:09.8003574Z test frame_locations::frame_table_defaults_cells_and_selected_actions_match_actual_qt ... ok
2026-10-06T16:10:09.8804132Z test frame_locations::named_geometry_transactions_preserve_peer_frames_and_latest_viewer_save_preference ... ok
2026-10-06T16:10:09.9354106Z test folders::export_folder_examples_use_recorded_queries_limits_and_media_contexts ... ok
2026-10-06T16:10:09.9401811Z test gallery_source::captions_and_installed_parser_functionality_match_real_reference ... ok
2026-10-06T16:10:09.9426652Z test gallery_source::key_wins_over_conflicting_name_and_cycles_are_bounded ... ok
2026-10-06T16:10:09.9574485Z test gallery_source::two_stage_choices_selection_cancellation_and_empty_warning_match_reference ... ok
2026-10-06T16:10:10.0587931Z test frame_locations::settings_keep_unknown_rows_and_merge_unedited_runtime_geometry ... ok
2026-10-06T16:10:10.1789460Z test gui_colours::all_twenty_six_rgb_roles_and_independent_tabs_stage_cancel_apply_and_reopen_like_qt ... ok
2026-10-06T16:10:10.2387273Z test gui_colours::old_imported_store_keeps_retained_legacy_rgb_until_native_values_take_precedence ... ok
2026-10-06T16:10:10.3784250Z test gui_colours::staged_role_changes_merge_with_live_help_switch_and_other_saved_rgb_roles ... ok
2026-10-06T16:10:10.3806481Z test gui_format::recorded_current_local_offsets_and_ancient_boundaries_match_python ... ok
2026-10-06T16:10:10.3856711Z test gui_format::recorded_summaries_previews_expiry_and_scheduling_variants_reach_existing_models ... ok
2026-10-06T16:10:10.4504210Z test gui_format::precision_reaches_existing_import_png_network_and_service_displays ... ok
2026-10-06T16:10:10.4529803Z test hash_predicate::cleanup_and_explicit_values_match_real_qt ... ok
2026-10-06T16:10:10.6444694Z test how_boned::the_basic_client_s_statistics_read_as_the_reference_s ... ok
2026-10-06T16:10:10.7146839Z test idle_timeout_options::edited_idle_thresholds_merge_without_overwriting_live_unrelated_preferences ... ok
2026-10-06T16:10:10.8207996Z test gui_format::staged_bounds_cancel_save_reopen_and_real_log_columns_match_qt ... ok
2026-10-06T16:10:10.8380310Z test idle_timeout_options::implicit_idle_normalisation_preserves_newer_fields_and_explicit_edits_still_apply ... ok
2026-10-06T16:10:10.8934506Z test database_maintenance::accepted_runs_send_the_reference_s_popups ... ok
2026-10-06T16:10:10.8935931Z test idle_timeout_options::saved_timeout_choices_replay_strict_qt_boot_activity_and_ignore_gates ... ok
2026-10-06T16:10:10.8983589Z test image_cache::actual_byte_timeout_and_percentage_controls_match_the_recording ... ok
2026-10-06T16:10:10.9606012Z test idle_timeout_options::noneable_timeout_controls_replay_qt_defaults_floor_bounds_retention_and_reopen ... ok
2026-10-06T16:10:10.9668481Z test image_cache::actual_pending_rgb_rgba_touch_admission_soft_overflow_policy_and_expiry ... ok
2026-10-06T16:10:11.0228982Z test image_cache::untouched_normalized_controls_preserve_concurrent_fields_but_explicit_edits_win ... ok
2026-10-06T16:10:11.1503570Z test image_cache::actual_legacy_native_wins_changed_fields_and_raw_control_values_survive_reopen ... ok
2026-10-06T16:10:11.1555616Z test import_options_editor::caller_defaults_lists_and_fallback_labels_match_real_reference_editors ... ok
2026-10-06T16:10:11.1583585Z test import_options_editor::defaults_editor_uses_parent_stack_and_retains_hidden_custom_kinds ... ok
2026-10-06T16:10:11.1586875Z test import_options_editor::each_kinds_summary_is_the_references ... ok
2026-10-06T16:10:11.1587995Z test import_options_editor::text_fields_read_and_write_lists_and_renames ... ok
2026-10-06T16:10:11.1617625Z test import_options_editor::the_editors_lists_are_the_references ... ok
2026-10-06T16:10:11.1674040Z test import_options_overwrite::favourite_add_rename_and_delete_preserve_reference_names_and_other_defaults ... ok
2026-10-06T16:10:11.1706863Z test import_options_overwrite::shared_overwrite_presets_and_manual_default_match_real_dialog ... ok
2026-10-06T16:10:11.1725452Z test import_options_panel::sorted_selection_frozen_clear_and_profile_identity_are_independent ... ok
2026-10-06T16:10:11.1737435Z test image_colour::qt_icc_checkbox_cancel_saved_reopen_preserves_concurrent_viewer_rules ... ok
2026-10-06T16:10:11.1969326Z test import_options_panel::three_lists_and_staged_actions_replay_the_reference ... ok
2026-10-06T16:10:11.1982309Z test import_work_slots::missing_and_raw_legacy_keys_preserve_independent_defaults ... ok
2026-10-06T16:10:11.2385152Z test idle_timeout_options::raw_imported_seconds_normalise_only_on_unchanged_acceptance_as_qt_does ... ok
2026-10-06T16:10:11.2403867Z test importer_menu::an_importers_own_presentation_is_named_and_not_offered_again ... ok
2026-10-06T16:10:11.2405190Z test importer_menu::presentation_summaries_are_the_references ... ok
2026-10-06T16:10:11.2406454Z test import_work_slots::loaded_out_of_range_controls_normalize_only_on_unchanged_apply ... ok
2026-10-06T16:10:11.2415306Z test importer_menu::the_list_menus_are_the_references ... ok
2026-10-06T16:10:11.3479430Z test import_work_slots::reference_controls_stay_staged_and_saved_limits_survive_reopening ... ok
2026-10-06T16:10:11.4475423Z test incremental_tagging::actual_qt_initial_clamps_and_long_decimal_previews_preserve_safe_native_inference ... ok
2026-10-06T16:10:11.5399475Z test ffmpeg_timeout::already_open_import_review_uses_live_store_deadline_for_real_metadata_detection ... ok
2026-10-06T16:10:11.6039515Z test incremental_tagging::actual_child_defaults_conflicts_reverse_pairs_and_nested_cancellation_replay ... ok
2026-10-06T16:10:11.6073801Z test local_import_dialog::parsing_shows_its_progress_and_can_be_paused_and_stopped ... ok
2026-10-06T16:10:11.6113475Z test local_import_dialog::the_list_is_the_references ... ok
2026-10-06T16:10:11.6368895Z test incremental_tagging::add_then_remove_retains_the_reference_deleted_mapping_in_private_preview ... ok
2026-10-06T16:10:11.6923627Z test incremental_tagging::initial_start_uses_actual_unicode_decimal_sorting_and_ignores_negative_subtags ... ok
2026-10-06T16:10:11.9359297Z test local_transfer::deleted_destination_restores_timestamp_and_stale_source_cannot_move ... ok
2026-10-06T16:10:12.0114063Z test local_transfer::actual_qt_options_defaults_drafts_and_field_scoped_save ... ok
2026-10-06T16:10:12.0162305Z test login_script_controls::script_cog_matches_qt_login_context_and_rejects_replaced_requests ... ok
2026-10-06T16:10:12.0224992Z test login_workflows::cookie_requirements_match_real_qt_pair_edits_cancel_and_duplicate_looking_keys ... ok
2026-10-06T16:10:12.0287479Z test login_workflows::credentials_match_reference_display_order_status_and_confirmation ... ok
2026-10-06T16:10:12.0524060Z test login_workflows::domain_add_change_and_delete_replay_all_recorded_prompt_chains ... ok
2026-10-06T16:10:12.1675265Z test login_workflows::domain_apply_preserves_concurrent_script_edits_and_rejects_domain_conflicts ... ok
2026-10-06T16:10:12.1767452Z test login_workflows::domain_credentials_replay_reference_validity_activation_cancel_and_delay_reset ... ok
2026-10-06T16:10:12.1804926Z test login_workflows::embedded_step_cookie_list_replays_sorted_pair_actions_and_confirmed_bulk_delete ... ok
2026-10-06T16:10:12.1830850Z test login_workflows::example_domains_replay_reference_defaults_duplicate_errors_and_final_cancel_acceptance ... ok
2026-10-06T16:10:12.1843936Z test login_workflows::login_domain_rows_replay_cookie_expiry_and_pretty_delay_reference ... ok
2026-10-06T16:10:12.1881483Z test login_workflows::login_step_content_replays_reference_unique_import_cancel_sort_and_request_cleanup ... ok
2026-10-06T16:10:12.1913558Z test local_transfer::stale_destination_membership_and_reused_service_id_never_retarget_a_question ... ok
2026-10-06T16:10:12.1953690Z test login_workflows::request_arguments_replay_real_qt_rename_duplicates_blank_values_and_cancel ... ok
2026-10-06T16:10:12.1999685Z test login_workflows::preserved_credentials_load_then_native_save_controls_domain_warnings ... ok
2026-10-06T16:10:12.2014188Z test login_workflows::scripts_import_rename_and_delete_keep_reference_name_and_key_rules ... ok
2026-10-06T16:10:12.2023196Z test login_workflows::three_argument_lists_keep_independent_extended_selection_and_bulk_deletion ... ok
2026-10-06T16:10:12.3174206Z test main_identity::implicit_name_normalisation_and_other_fields_preserve_concurrent_updates ... ok
2026-10-06T16:10:12.3652320Z test legacy_seed_caches::upgraded_historical_histories_reach_native_counts_restore_and_reopen_intact ... ok
2026-10-06T16:10:12.5803908Z test main_menu::repositories_add_their_pages_and_pending_menu ... ok
2026-10-06T16:10:12.7443525Z test main_menu::import_and_export_folders_are_offered_to_run_now ... ok
2026-10-06T16:10:12.7450672Z test manage_notes::copies_as_python_writes_json ... ok
2026-10-06T16:10:12.7473886Z test manage_notes::notes_dialog_steps_as_the_reference ... ok
2026-10-06T16:10:12.7497651Z test manage_notes::the_menu_counts_the_focused_files_notes ... ok
2026-10-06T16:10:12.8044764Z test main_identity::constructor_cancel_unchanged_apply_and_reopen_match_raw_qt_names ... ok
2026-10-06T16:10:12.8093506Z test main_menu::the_menu_bar_is_the_reference_s ... ok
2026-10-06T16:10:13.2054729Z test manage_tags_sort::independent_defaults_stage_cancel_apply_reopen_and_merge_only_changed_context ... ok
2026-10-06T16:10:13.3103892Z test manage_tag_counts::deleted_counts_status_rows_and_global_toggle_replay_apply_cancel_and_reopen ... ok
2026-10-06T16:10:13.6244973Z test manage_tags_sort::sibling_sort_uses_raw_tags_when_storage_sibling_information_is_disabled ... ok
2026-10-06T16:10:13.6264988Z test media_view_options::delete_spares_classes_and_add_copies_the_class ... ok
2026-10-06T16:10:13.6293543Z test media_view_options::rows_addable_types_and_editor_choices_are_the_reference_s ... ok
2026-10-06T16:10:13.6393966Z test manage_tags_sort::open_service_tabs_keep_local_sort_after_options_change_and_new_dialog_reads_default ... ok
2026-10-06T16:10:13.6533847Z test menu_choice_wheel::signed_wrap_and_empty_single_choice_signals_match_actual_qt ... ok
2026-10-06T16:10:13.7710246Z test menu_choice_wheel::simple_options_sort_retains_the_recorded_text_and_count_orders ... ok
2026-10-06T16:10:13.8946139Z test menu_choice_wheel::staged_setting_saves_only_its_key_and_unchanged_draft_preserves_live_value ... ok
2026-10-06T16:10:13.9024565Z test menu_choice_wheel::real_media_type_flat_order_unknown_current_and_matching_order_labels_match_qt ... ok
2026-10-06T16:10:14.1627300Z test merge_options_editor::the_editor_edits_merge_options_as_the_reference_does ... ok
2026-10-06T16:10:14.1633621Z test namespace_colours::edit_recolours_each_selected_entry_in_place ... ok
2026-10-06T16:10:14.3909279Z test merge_summaries::merges_are_summarised_as_the_reference ... ok
2026-10-06T16:10:14.3984574Z test namespace_colours::sorted_add_keeps_qt_positional_range_anchor_then_delete_resets_it ... ok
2026-10-06T16:10:14.4010084Z test namespace_sorts::duplicate_ids_and_frozen_edits_survive_selection_changes_cancel_and_removal ... ok
2026-10-06T16:10:14.4013014Z test namespace_sorts::replay_actual_queue_add_edit_escaped_names_views_moves_and_delete_answers ... ok
2026-10-06T16:10:14.5535821Z test network_data::drafts_preserve_unrelated_edits_and_reject_changed_defaults ... ok
2026-10-06T16:10:14.5921213Z test namespace_colours::qt_namespace_add_normalization_protected_mixed_delete_and_options_cancel_reopen ... ok
2026-10-06T16:10:14.6601414Z test network_data::fresh_live_usage_wins_until_the_daemon_heartbeat_expires ... ok
2026-10-06T16:10:14.6614016Z test network_data::replay_qt_bandwidth_rows_rules_and_questions ... ok
2026-10-06T16:10:14.6619762Z test network_job_control::cog_replays_actual_qt_context_submenu_and_phase_actions ... ok
2026-10-06T16:10:14.6627827Z test network_job_control::control_auto_policy_targets_future_requests_and_owner_clears_error_once ... ok
2026-10-06T16:10:14.7441038Z test network_data::reference_bandwidth_age_rule_filters_months_and_history_deletion ... ok
2026-10-06T16:10:14.7907079Z test network_sessions::automatic_header_questions_replay_reference_deduplicate_and_reject_changed_payloads ... ok
2026-10-06T16:10:14.8480049Z test network_sessions::cleared_session_draft_preserves_a_later_request_cookie ... ok
2026-10-06T16:10:14.8809273Z test network_sessions::cookie_exchange_replays_reference_fields_questions_and_collisions ... ok
2026-10-06T16:10:14.9224298Z test manage_tags_sort::both_contexts_replay_all_real_sort_types_orders_siblings_and_groupings ... ok
2026-10-06T16:10:14.9667505Z test network_sessions::header_case_groups_delete_exact_rows_and_reject_concurrent_variant_insertions ... ok
2026-10-06T16:10:14.9854192Z test network_sessions::detached_cookie_drafts_preserve_attributes_merge_and_reject_conflicts_atomically ... ok
2026-10-06T16:10:14.9904013Z test network_sessions::reference_rows_validation_and_confirmation ... ok
2026-10-06T16:10:15.0204963Z test network_sessions::headers_merge_unrelated_writes_and_cancel_and_reject_same_key_changes ... ok
2026-10-06T16:10:15.0600038Z test network_sessions::malformed_cookie_batches_never_partially_change_the_draft_and_browser_routes_silos ... ok
2026-10-06T16:10:15.0648660Z test open_externally::actual_qt_registered_choices_queue_order_and_protected_mime_rows ... ok
2026-10-06T16:10:15.0655460Z test open_externally::configured_empty_specific_and_missing_call_never_fall_through_custom_route ... ok
2026-10-06T16:10:15.0700352Z test local_transfer::recorded_copy_strict_and_merge_questions_drive_real_memberships ... ok
2026-10-06T16:10:15.1618552Z test options_dialog::advanced_network_ranges_and_clamps_match_the_reference ... ok
2026-10-06T16:10:15.1634887Z test open_externally::washing_renames_deduplicates_removes_missing_without_name_remap_and_persists ... ok
2026-10-06T16:10:15.2474058Z test options_dialog::application_names_and_exit_switch_apply_as_the_reference_does ... ok
2026-10-06T16:10:15.2670007Z test normal_time_maintenance::recorded_flags_cancel_apply_reopen_and_live_peer_preservation ... ok
2026-10-06T16:10:15.3684026Z test options_dialog::export_default_directory_matches_recorded_blank_literal_and_portable_paths ... ok
2026-10-06T16:10:15.3743907Z test notes_preferences::actual_cog_copy_variants_and_options_persistence_replay ... ok
2026-10-06T16:10:15.4956566Z test options_dialog::closing_controls_stage_all_reference_preferences_without_persisting ... ok
2026-10-06T16:10:15.5244057Z test options_dialog::cursor_autohide_control_matches_reference_default_bounds_and_none ... ok
2026-10-06T16:10:15.6326404Z test options_dialog::file_search_boolean_controls_replay_reference_defaults_and_staged_edits ... ok
2026-10-06T16:10:15.6744938Z test options_dialog::eye_menu_preferences_follow_all_reference_combinations_without_saving_detached_edits ... ok
2026-10-06T16:10:15.7484105Z test options_dialog::hash_prefix_control_matches_reference_default_and_checkbox ... ok
2026-10-06T16:10:15.7974134Z test options_dialog::file_search_limit_controls_stage_and_clamp_reference_values ... ok
2026-10-06T16:10:15.8974081Z test options_dialog::local_location_option_matches_reference_and_keeps_child_changes_staged ... ok
2026-10-06T16:10:15.9225888Z test options_dialog::notebook_navigation_preferences_match_recorded_controls ... ok
2026-10-06T16:10:16.0064551Z test options_dialog::regex_favourites_child_edits_wait_for_parent_apply ... ok
2026-10-06T16:10:16.0447556Z test options_dialog::remembered_options_pages_and_auxiliary_search_match_the_reference ... ok
2026-10-06T16:10:16.0697880Z test options_dialog::read_presentation_controls_match_reference_ranges_and_staged_values ... ok
2026-10-06T16:10:16.0906314Z test options_dialog::passive_background_controls_match_reference_and_stage_independent_copies ... ok
2026-10-06T16:10:16.1464001Z test options_dialog::reopening_numeric_options_clamps_saved_advanced_values ... ok
2026-10-06T16:10:16.2683516Z test options_dialog::removed_service_choices_clamp_drafts_and_service_names_are_searchable ... ok
2026-10-06T16:10:16.3084611Z test options_dialog::session_backup_count_matches_recorded_control_and_clamps ... ok
2026-10-06T16:10:16.4755992Z test options_dialog::subscription_concurrency_replays_recorded_clamps_and_committed_parent_states ... ok
2026-10-06T16:10:16.4884327Z test options_dialog::system_sleep_controls_match_reference_and_clamp ... ok
2026-10-06T16:10:16.4987273Z test options_dialog::subscription_file_failure_limit_replays_qt_noneable_states_in_parent_transaction ... ok
2026-10-06T16:10:16.5513496Z test options_dialog::tag_service_controls_match_reference_and_remember_interlock ... ok
2026-10-06T16:10:16.6064454Z test options_dialog::the_options_search_offers_what_the_references_does ... ok
2026-10-06T16:10:16.7364701Z test options_dialog::the_thumbnail_rating_sizes_go_up_to_the_thumbnails_width ... ok
2026-10-06T16:10:16.7475030Z test options_dialog::the_options_pages_are_the_references ... ok
2026-10-06T16:10:16.7964616Z test options_dialog::viewer_canvas_controls_match_reference_and_stage_bounded_values ... ok
2026-10-06T16:10:16.8576666Z test options_dialog::viewer_focus_controls_stage_independent_reference_policies ... ok
2026-10-06T16:10:17.0183513Z test options_dialog::viewer_pointer_controls_stage_the_reference_drag_preferences ... ok
2026-10-06T16:10:17.0199228Z test orphan_files::the_popup_says_what_was_cleared ... ok
2026-10-06T16:10:17.0640185Z test options_dialog::viewer_hover_controls_replay_reference_enabled_states ... ok
2026-10-06T16:10:17.1006093Z test options_dialog::zoom_switch_and_animation_loop_controls_match_reference_and_stage_changes ... ok
2026-10-06T16:10:17.1623447Z test or_connector::qt_raw_blank_newline_cancel_reopen_and_live_namespace_changes_remain_isolated ... ok
2026-10-06T16:10:17.1704511Z test page_layout::qt_live_sizes_saved_hidden_positions_and_signed_legacy_bounds ... ok
2026-10-06T16:10:17.1733922Z test page_navigation_options::history_limit_replays_actual_menu_without_discarding_backing_history ... ok
2026-10-06T16:10:17.2194214Z test page_layout::hide_draft_cancel_apply_reopen_preserves_concurrent_saved_sizes_and_exit_switch ... ok
2026-10-06T16:10:17.2248435Z test page_tree::cursor_expansion_and_activation_replay_actual_frame_tree ... ok
2026-10-06T16:10:17.2264080Z test page_tree::stable_keys_survive_reorder_rename_and_closed_cursor_without_stale_activation ... ok
2026-10-06T16:10:17.2266677Z test parser_editors::any_namespace_toggle_retains_the_disabled_namespace ... ok
2026-10-06T16:10:17.2359969Z test parser_editors::auto_fill_reference_owner_leaves_candidates_unapplied_and_reviews_api_pairs ... ok
2026-10-06T16:10:17.2911040Z test page_chooser_options::legacy_checkbox_defaults_are_imported_and_top_choices_remain_independent ... ok
2026-10-06T16:10:17.2917389Z test parser_editors::content_change_keeps_unsupported_formula_and_note_newlines ... ok
2026-10-06T16:10:17.3620168Z test page_chooser_options::all_flag_combinations_replay_real_service_order_layout_and_choices ... ok
2026-10-06T16:10:17.3653798Z test parser_editors::per_class_parser_choices_replay_matching_groups_and_validate_stable_keys ... ok
2026-10-06T16:10:17.3681217Z test parser_editors::recorded_content_kinds_and_runtime_previews ... ok
2026-10-06T16:10:17.3766580Z test parser_editors::recorded_recursive_subsidiaries_preserve_context_documents_and_runtime_outputs ... ok
2026-10-06T16:10:17.3792995Z test parser_editors::recorded_subsidiary_queue_import_and_duplicate_preserve_keys_and_select_new_rows ... ok
2026-10-06T16:10:17.3794318Z test parser_editors::test_context_rejects_invalid_duplicate_and_reserved_variables ... ok
2026-10-06T16:10:17.3803838Z test parser_editors::timestamp_editor_normalises_recorded_source_choice_and_preserves_converted_metadata ... ok
2026-10-06T16:10:17.3814307Z test parser_test_data::fetched_media_detection_tracks_example_selection_and_clears_on_text_changes ... ok
2026-10-06T16:10:17.4064069Z test parser_editors::native_parser_save_preserves_other_settings_and_rejects_stale_edits ... ok
2026-10-06T16:10:17.4151423Z test page_navigation_options::imported_defaults_and_options_limits_replay_reference_spinbox_clamping ... ok
2026-10-06T16:10:17.4773785Z test parser_test_data::typed_png_summary_and_header_keep_the_recorded_object_package ... ok
2026-10-06T16:10:17.4892423Z test popup_freeze::real_qt_hidden_and_minimized_states_do_not_use_focus_and_unknown_is_explicit ... ok
2026-10-06T16:10:17.5088103Z test parser_test_data::recorded_raw_data_previews_match_without_changing_the_parser_document ... ok
2026-10-06T16:10:17.5964122Z test popup_width::legacy_raw_integers_and_independent_edited_fields_are_preserved ... ok
2026-10-06T16:10:17.6289997Z test popup_freeze::staged_cancel_save_reopen_and_concurrent_popup_fields_are_preserved ... ok
2026-10-06T16:10:17.6369507Z test predicate_history::actual_histories_replay_toggles_recency_cross_page_or_and_clear ... ok
2026-10-06T16:10:17.6373916Z test predicate_history::refused_inputs_reordering_and_stale_history_commands_do_not_mutate_recency ... ok
2026-10-06T16:10:17.7174405Z test parser_editors::changed_links_revalidate_current_class_capability_and_rollback_atomically ... ok
2026-10-06T16:10:17.7465369Z test preview_default_zoom::exact_real_preview_geometry_uses_preview_rules_and_keeps_full_viewer_zooms ... ok
2026-10-06T16:10:17.9633290Z test preview_default_zoom::actual_qt_choices_staged_cancel_save_reopen_and_independent_viewer_policy ... ok
2026-10-06T16:10:17.9663943Z test physical_delete_delay::real_constructor_cancel_acceptance_reopen_fields_and_concurrent_policy_replacement ... ok
2026-10-06T16:10:17.9693390Z test quick_export_directory::actual_file_submenu_enables_and_selects_quick_export_directory ... ok
2026-10-06T16:10:18.0053827Z test popup_width::qt_bounds_staging_cancel_loaded_normalisation_and_durable_reopen ... ok
2026-10-06T16:10:18.1074085Z test preview_default_zoom::retained_legacy_fallback_and_native_wins_survive_store_reopen ... ok
2026-10-06T16:10:18.2648765Z test ratings_editor::a_middle_click_count_sets_an_inc_dec_control_and_nothing_else ... ok
2026-10-06T16:10:18.3094538Z test ratings_editor::the_manage_ratings_dialog_works_as_the_references_does ... ok
2026-10-06T16:10:18.3352808Z test radio_return::cancelled_staging_changed_save_and_unchanged_concurrent_apply_match_actual_options ... ok
2026-10-06T16:10:18.5057537Z test recent_predicates::each_editor_shows_its_pages_recent_predicates ... ok
2026-10-06T16:10:18.5483993Z test recent_predicates::predicates_have_the_reference_s_type_numbers ... ok
2026-10-06T16:10:18.5496406Z test regex_favourites::favourite_rows_and_input_boundaries_match_real_qt ... ok
2026-10-06T16:10:18.5524031Z test regex_favourites::legacy_favourites_load_until_native_values_including_empty_are_saved ... ok
2026-10-06T16:10:18.5543646Z test regex_favourites::matcher_favourite_menu_matches_actual_qt_actions_and_copy_payloads ... ok
2026-10-06T16:10:18.5573470Z test regex_favourites::readonly_row_input_menu_uses_saved_pairs_without_recursive_management ... ok
2026-10-06T16:10:18.5582788Z test regex_favourites::regex_clipboard_components_match_real_qt ... ok
2026-10-06T16:10:18.6056811Z test rating_sizes::four_sizes_replay_qt_ranges_fractional_values_cancel_and_reopen ... ok
2026-10-06T16:10:18.6084248Z test related_weights::folded_header_sorts_add_selection_and_independent_tables_match_actual_qt ... ok
2026-10-06T16:10:18.6113643Z test related_weights::namespace_questions_and_detached_tables_match_actual_qt ... ok
2026-10-06T16:10:18.6203584Z test recent_predicates::recent_predicates_are_kept_as_the_reference_keeps_them ... ok
2026-10-06T16:10:18.7095278Z test recent_predicates::the_reference_s_recent_predicates_come_across ... ok
2026-10-06T16:10:18.7130499Z test related_weights::search_and_result_weights_change_actual_qt_cosine_ranking_separately ... ok
2026-10-06T16:10:18.7182789Z test search_log::exchange_questions_replay_actual_reference_answers_and_complete_objects ... ok
2026-10-06T16:10:18.7204413Z test search_log::the_search_log_is_the_references ... ok
2026-10-06T16:10:18.7367409Z test search_or::advanced_boolean_preview_replays_all_operators_escapes_and_real_validation ... ok
2026-10-06T16:10:18.7369254Z test search_or::staged_or_replays_actual_read_broadcasts_rewind_cancel_and_single_unwrap ... ok
2026-10-06T16:10:18.8443067Z test related_weights::binary64_result_rounding_and_sibling_contexts_replay_the_actual_db ... ok
2026-10-06T16:10:18.9075367Z test related_weights::options_acceptance_merges_only_weights_and_preserves_live_unrelated_preferences ... ok
2026-10-06T16:10:18.9108574Z test selection::selecting_thumbnails_is_the_reference_s ... ok
2026-10-06T16:10:19.0084375Z test related_weights::real_service_mappings_replay_recorded_ranks_and_never_cross_service ... ok
2026-10-06T16:10:19.0333442Z test services_editor::cancel_name_collision_and_apply_publish_snapshot ... ok
2026-10-06T16:10:19.1154580Z test services_editor::nonempty_domain_race_rejects_and_rolls_back_all_edits ... ok
2026-10-06T16:10:19.1185010Z test services_editor::numerical_example_one_star_retains_live_conversion_but_saves_normalized_scale ... ok
2026-10-06T16:10:19.1207814Z test services_editor::numerical_settings_normalize_as_reference ... ok
2026-10-06T16:10:19.1223880Z test services_editor::rating_example_whole_widget_pointer_routes_replay_qt ... ok
2026-10-06T16:10:19.1315395Z test services_editor::deletion_reconciles_deleted_union_and_display_counts ... ok
2026-10-06T16:10:19.1444629Z test selected_deletion_records::captured_clearable_records_match_actual_reference_changes_during_question ... ok
2026-10-06T16:10:19.1769761Z test selected_deletion_records::real_writer_later_batch_error_preserves_first_commit_and_remaining_records ... ok
2026-10-06T16:10:19.1787758Z test services_review::deleted_record_double_confirmation_matches_reference ... ok
2026-10-06T16:10:19.2044319Z test services_editor::writer_rechecks_last_domain_and_rating_limits ... ok
2026-10-06T16:10:19.3470196Z test services_editor::reference_rows_guards_and_defaults ... ok
2026-10-06T16:10:19.3492407Z test session_lifecycle::autosave_replays_idle_retries_period_changes_and_stopping_for_other_startup ... ok
2026-10-06T16:10:19.3519608Z test session_lifecycle::idle_requires_boot_user_mouse_and_api_timeouts_and_enabled_normal_work ... ok
2026-10-06T16:10:19.3525594Z test session_lifecycle::real_auxiliary_dialog_mouse_and_api_actions_update_independent_idle_timers ... ok
2026-10-06T16:10:19.3544251Z test session_lifecycle::recovery_question_matches_real_startup_dialog_labels_message_and_auto_yes_time ... ok
2026-10-06T16:10:19.3545868Z test session_lifecycle::size_warning_replays_real_threshold_seed_weight_disabled_and_one_boot_latch ... ok
2026-10-06T16:10:19.3547408Z test services_editor::rating_examples_replay_qt_samples_live_configuration_and_no_saved_values ... ok
2026-10-06T16:10:19.3548695Z test session_saving::backup_menu_labels_match_the_reference ... ok
2026-10-06T16:10:19.3549728Z test session_saving::clear_and_load_asks_as_the_references_does ... ok
2026-10-06T16:10:19.3551458Z test session_weight::the_report_weighs_files_as_one_and_urls_as_twenty ... ok
2026-10-06T16:10:19.3552792Z test session_saving::saving_sessions_asks_and_saves_as_the_reference ... ok
2026-10-06T16:10:19.3553924Z test set_password::scripted_answers_ask_and_save_as_the_reference ... ok
2026-10-06T16:10:19.3555213Z test shortcut_capture::saved_keypad_policy_preserves_digits_and_resolves_non_number_alternates ... ok
2026-10-06T16:10:19.3573925Z test shortcut_capture::actual_qt_keyboard_and_mouse_controls_replay_exact_values_text_and_modes ... ok
2026-10-06T16:10:19.3944781Z test services_review::local_bulk_actions_match_recorded_confirmations_and_reject_wrong_service ... ok
2026-10-06T16:10:19.3973652Z test shortcut_content::the_editor_builds_and_reads_back_commands ... ok
2026-10-06T16:10:19.4073700Z test services_review::review_matches_reference_statistics ... ok
2026-10-06T16:10:19.4074996Z test shortcut_sets::a_new_client_has_the_reference_s_default_sets ... ok
2026-10-06T16:10:19.4082386Z test shortcut_sets::custom_sets_are_named_apart_deleted_and_defaults_restored ... ok
2026-10-06T16:10:19.4083634Z test shutdown_work::shutdown_work_runs_asks_or_skips_as_the_reference_decides ... ok
2026-10-06T16:10:19.4084400Z test shortcut_sets::names_order_and_descriptions_are_the_reference_s ... ok
2026-10-06T16:10:19.5094506Z test shutdown_work::the_work_analyzes_the_due_tables_and_registers_itself ... ok
2026-10-06T16:10:19.5784125Z test shortcut_content::a_tag_is_added_then_flipped_off ... ok
2026-10-06T16:10:19.5833718Z test shortcut_content::ratings_set_flip_and_step ... ok
2026-10-06T16:10:19.6373861Z test sibling_colours::qt_collapsed_parent_suffix_keeps_its_own_fade_and_ideal_trailing_colour ... ok
2026-10-06T16:10:19.6577454Z test sidecar_descriptions::routers_are_described_as_the_reference_describes_them ... ok
2026-10-06T16:10:19.6611587Z test sidecar_editors::recorded_router_queue_restrictions_veto_wrong_direction_and_sources ... ok
2026-10-06T16:10:19.7024542Z test sidecar_editors::json_object_name_queue_replays_literal_reference_rows_and_exporter_values ... ok
2026-10-06T16:10:19.7854174Z test sidecar_editors::recorded_router_tables_and_child_strings_use_real_sidecars_and_read_only_media ... ok
2026-10-06T16:10:19.9430660Z test sidecar_editors::the_sidecar_editors_show_and_edit_as_the_reference_does ... ok
2026-10-06T16:10:19.9547013Z test sidecar_previews::each_files_sidecars_are_shown_as_the_reference_shows_them ... ok
2026-10-06T16:10:19.9868511Z test sibling_connector::connector_options_replay_stage_cancel_apply_and_live_consumers ... ok
2026-10-06T16:10:19.9958640Z test string_converter_editor::date_controls_and_live_preview_follow_real_qt_accept_cancel_and_reorder ... ok
2026-10-06T16:10:19.9984085Z test string_converter_editor::last_conversion_loads_reference_options_then_native_override ... ok
2026-10-06T16:10:20.0168234Z test string_converter_editor::the_string_converter_editor_works_as_the_references_does ... ok
2026-10-06T16:10:20.0198892Z test string_match_editor::the_string_match_editor_works_as_the_references_does ... ok
2026-10-06T16:10:20.0214032Z test string_processor_editor::processor_exchange_appends_reference_steps_and_rejects_invalid_data_atomically ... ok
2026-10-06T16:10:20.0364027Z test string_processor_editor::the_string_processor_editor_works_as_the_references_does ... ok
2026-10-06T16:10:20.0383801Z test string_tag_filter_tests::a_tag_filter_step_tests_its_example_as_the_references_does ... ok
2026-10-06T16:10:20.1320754Z test subscription_exchange::draft_log_changes_export_exact_reference_counts_examples_and_complete_histories ... ok
2026-10-06T16:10:20.1341544Z test subscription_exchange::missing_history_question_matches_actual_qt_message_title_and_decisions ... ok
2026-10-06T16:10:20.1865140Z test sort_cog::actual_sidebar_availability_and_independent_collect_service_checks ... ok
2026-10-06T16:10:20.1923879Z test subscription_exchange::unsupported_seed_runtime_data_leaves_the_entire_owner_draft_unchanged ... ok
2026-10-06T16:10:20.1962268Z test subscription_import_options::subscription_paste_modes_and_clear_match_recorded_reference_outputs ... ok
2026-10-06T16:10:20.2080809Z test sort_cog::menus_replay_service_order_separators_views_checks_and_full_context_preservation ... ok
2026-10-06T16:10:20.2082369Z test subscriptions_buttons::batch_merge_reserves_names_after_absorption_and_keeps_successor_edits ... ok
2026-10-06T16:10:20.2164437Z test subscription_exchange::staged_full_subscription_import_resolves_names_and_persists_both_histories ... ok
2026-10-06T16:10:20.2207243Z test subscriptions_dedupe::deduplicate_asks_and_dedupes_as_the_reference ... ok
2026-10-06T16:10:20.2371630Z test subscriptions_list::the_dialogs_buttons_act_as_the_references ... ok
2026-10-06T16:10:20.2414880Z test subscriptions_list::the_list_sorts_by_the_column_chosen ... ok
2026-10-06T16:10:20.2447140Z test subscriptions_list::the_lists_rows_are_the_references ... ok
2026-10-06T16:10:20.2490001Z test system_or_activation::actual_system_activation_replays_shift_cancel_drafts_and_outer_acceptance ... ok
2026-10-06T16:10:20.2525663Z test tab_context::dynamic_close_select_move_and_sort_menus_match_real_reference ... ok
2026-10-06T16:10:20.2527102Z test tab_context::menus_expose_six_sorts_and_only_possible_moves ... ok
2026-10-06T16:10:20.2528486Z test tab_context::notebook_session_submenus_match_actual_tab_popup_reserved_name_rules ... ok
2026-10-06T16:10:20.2530272Z test tab_context::sorts_and_moves_match_the_reference ... ok
2026-10-06T16:10:20.2534582Z test subscriptions_buttons::the_other_buttons_act_as_the_references ... ok
2026-10-06T16:10:20.2555384Z test tab_drag::drag_threshold_disabled_and_cancel_are_owned_and_deterministic ... ok
2026-10-06T16:10:20.2562987Z test tab_drag::real_drop_order_and_independent_shift_decisions_preserve_the_source_object ... ok
2026-10-06T16:10:20.3465093Z test sibling_colours::qt_sibling_colours_stage_cancel_apply_reopen_and_all_live_model_runs ... ok
2026-10-06T16:10:20.3482453Z test tab_presentation::middle_names_replay_actual_qt_paint_without_changing_stored_names ... ok
2026-10-06T16:10:20.3710917Z test tag_banner::detached_banner_drafts_match_actual_qt_queue_and_live_preview ... ok
2026-10-06T16:10:20.4579998Z test subscription_quality::durable_logs_and_current_file_states_match_reference_quality_outputs ... ok
2026-10-06T16:10:20.4603741Z test tag_banner::option_banner_children_stage_by_original_target_and_save_only_with_parent ... ok
2026-10-06T16:10:20.4633689Z test tag_banner::unicode_decimal_chunk_order_and_live_preview_match_actual_qt ... ok
2026-10-06T16:10:20.5283786Z test tab_drag::independent_drag_preferences_replay_exact_qt_options_cancel_save_and_reopen ... ok
2026-10-06T16:10:20.7286684Z test tag_dialog_preferences::options_defaults_stage_cancel_apply_and_preserve_autocomplete_preferences ... ok
2026-10-06T16:10:20.7866433Z test tag_dialog_defaults::tag_service_defaults_and_immediate_memory_replay_reference_dialogs ... ok
2026-10-06T16:10:20.8683440Z test tag_display::deleting_the_last_applied_source_preserves_disabled_self_rules ... ok
2026-10-06T16:10:20.9532869Z test tag_display::staged_interlocks_match_reference ... ok
2026-10-06T16:10:20.9553660Z test tag_display::widget_options_gate_gui_queries_only ... ok
2026-10-06T16:10:21.1406998Z test tag_display::queues_disable_reorder_reopen_counts_daemon_and_clear_filter ... ok
2026-10-06T16:10:21.1475139Z test tag_filter_editor::the_editor_shows_and_edits_a_filter_as_the_reference_does ... ok
2026-10-06T16:10:21.2333642Z test tag_filter_favourites::concurrent_favourite_saves_merge_and_invalid_exchange_cannot_change_settings ... ok
2026-10-06T16:10:21.2353602Z test tag_filter_favourites::reference_bulk_paste_and_extra_blacklist_panels_keep_rule_and_test_semantics ... ok
2026-10-06T16:10:21.2486141Z test tag_display::write_autocomplete_uses_override_or_launcher_domain_and_rejects_tag_locations ... ok
2026-10-06T16:10:21.3333626Z test tag_dialog_preferences::storage_rows_and_service_topologies_replay_all_reference_combinations ... ok
2026-10-06T16:10:21.3418995Z test tag_filter_favourites::reference_favourite_workflow_preserves_cancelled_drafts_and_saves_immediately ... ok
2026-10-06T16:10:21.3433369Z test tag_migration::migration_popup_speed_and_phase_text_replay_actual_qt_outputs ... ok
2026-10-06T16:10:21.4041477Z test tab_presentation::legacy_defaults_and_staged_controls_replay_actual_options_then_reopen ... ok
2026-10-06T16:10:21.4153066Z test tag_migration::archive_inspection_choices_cancellation_and_count_summaries_match_qt ... ok
2026-10-06T16:10:21.4753937Z test tag_migration::reference_choices_and_second_confirmation ... ok
2026-10-06T16:10:21.5481106Z test tag_migration::pair_summary_replays_equal_asymmetric_and_equal_text_distinct_filters ... ok
2026-10-06T16:10:21.6504650Z test tag_namespace_order::namespace_changes_merge_with_concurrent_presentation_edits_and_unchanged_list ... ok
2026-10-06T16:10:21.6526037Z test tag_namespace_order::raw_allow_blank_queue_actions_and_all_tag_sorts_match_qt ... ok
2026-10-06T16:10:21.7319092Z test tag_migration::reference_database_pending_outcomes ... ok
2026-10-06T16:10:21.7380934Z test tag_list_display_types::exact_choices_stage_cancel_apply_reopen_and_preserve_old_payload_defaults ... ok
2026-10-06T16:10:21.7389642Z test tag_relationships::apply_republishes_graphs_and_counts_atomically_and_rolls_back_errors ... ok
2026-10-06T16:10:21.8122212Z test tag_relationships::changes_refresh_other_services_applying_the_source ... ok
2026-10-06T16:10:21.8277794Z test tag_relationships::per_service_inputs_cancel_import_and_selection ... ok
2026-10-06T16:10:21.8285181Z test tag_relationships::invalid_batch_graphs_are_reported_and_leave_valid_relationships_untouched ... ok
2026-10-06T16:10:21.8288303Z test tag_suggestions::broadcast_keeps_selected_tag_identity_but_switching_services_retires_selection ... ok
2026-10-06T16:10:21.9327550Z test tag_relationships::repository_changes_keep_reasons_and_rescinds_across_reopen ... ok
2026-10-06T16:10:21.9499326Z test tag_migration::reference_database_pair_filters_and_destinations ... ok
2026-10-06T16:10:22.0233952Z test tag_sync_review::a_service_counts_its_rules ... ok
2026-10-06T16:10:22.0235023Z test tag_sync_review::the_status_follows_the_sync_switches ... ok
2026-10-06T16:10:22.1658343Z test tag_relationships::reference_rows_questions_conflicts_and_loops ... ok
2026-10-06T16:10:22.1674214Z test thumbnail_cache::byte_amount_unit_decomposition_matches_real_qt_controls ... ok
2026-10-06T16:10:22.1675823Z test thumbnail_cache::byte_lru_soft_overflow_timeout_touch_policy_and_clear_match_actual_reference ... ok
2026-10-06T16:10:22.2474653Z test tag_suggestions::most_used_options_merge_per_service_and_reach_filtered_add_only_media ... ok
2026-10-06T16:10:22.3843707Z test thumbnail_cache::independent_options_edits_merge_with_a_newer_saved_timeout ... ok
2026-10-06T16:10:22.3851478Z test thumbnail_maintenance::jobs_are_in_the_reference_s_order_with_its_words ... ok
2026-10-06T16:10:22.3853082Z test thumbnail_maintenance::questions_follow_the_selection_size ... ok
2026-10-06T16:10:22.3854478Z test thumbnail_navigation::exact_visibility_boundaries_and_rate_ties_negative_zero_and_errors_match_qt ... ok
2026-10-06T16:10:22.3856058Z test thumbnail_navigation::optional_last_hit_origin_preserves_actual_ranges_focus_and_repeated_navigation ... ok
2026-10-06T16:10:22.3883847Z test tag_suggestions::layout_and_default_choices_replay_all_recorded_available_pages_without_eager_writes ... ok
2026-10-06T16:10:22.4694029Z test thumbnail_cache::raw_timeout_is_preserved_until_its_minute_fields_are_edited ... ok
2026-10-06T16:10:22.4875661Z test thumbnail_preview_selection::all_qt_modifier_ranges_focus_anchor_ghost_and_keyboard_publications ... ok
2026-10-06T16:10:22.4903664Z test thumbnail_appearance::actual_defaults_cancel_raw_paths_reopen_and_current_field_merge ... ok
2026-10-06T16:10:22.4923758Z test thumbnail_ratings::a_counter_is_as_wide_as_the_reference_s ... ok
2026-10-06T16:10:22.4933301Z test thumbnail_ratings::a_fraction_is_written_as_the_reference_writes_it ... ok
2026-10-06T16:10:22.5014034Z test thumbnail_preview_selection::exact_singleton_zero_and_collection_aggregate_duration_eligibility ... ok
2026-10-06T16:10:22.7554599Z test thumbnail_ratings::ratings_of_a_kind_share_a_row ... ok
2026-10-06T16:10:22.7713718Z test thumbnail_ratings::numerical_ratings_shapes_are_placed_as_the_reference_s_are ... ok
2026-10-06T16:10:22.7744016Z test times_editor::a_file_modified_time_before_1980_stays_off_a_windows_disk ... ok
2026-10-06T16:10:22.7793058Z test times_editor::the_manage_times_dialog_works_as_the_references_does ... ok
2026-10-06T16:10:23.0734462Z test unselected_tag_cap::recorded_bounds_none_zero_cancel_and_saved_preferences ... ok
2026-10-06T16:10:23.0759361Z test urls_editor::the_manage_urls_dialog_works_as_the_references_does ... ok
2026-10-06T16:10:23.0760751Z test vacuum_review::a_row_says_size_free_space_and_readiness ... ok
2026-10-06T16:10:23.0762234Z test vacuum_review::estimates_read_as_the_reference_s ... ok
2026-10-06T16:10:23.0781691Z test viewer_closing::closing_actions_match_real_reference_notification_order ... ok
2026-10-06T16:10:23.0783714Z test viewer_cursor::actual_cursor_checks_match_reference_clock_focus_menu_and_motion ... ok
2026-10-06T16:10:23.1869279Z test viewer_drag::anchor_options_remain_drafts_until_apply_and_survive_reopen ... ok
2026-10-06T16:10:23.1893807Z test viewer_drag::anchored_and_touch_overridden_drags_replay_actual_qt_threshold_and_warps ... ok
2026-10-06T16:10:23.1966095Z test viewer_prefetch::actual_atomic_finished_only_flush_preserves_all_entries_on_failure ... ok
2026-10-06T16:10:23.2013452Z test thumbnail_navigation::staged_exact_controls_import_cancel_invalid_rate_save_and_reopen_match_qt ... ok
2026-10-06T16:10:23.2064767Z test viewer_prefetch::actual_pending_loaded_recounts_equality_unknown_and_one_miss_passes ... ok
2026-10-06T16:10:23.2099378Z test viewer_prefetch::all_actual_circular_next_first_neighbour_orders_and_controls ... ok
2026-10-06T16:10:23.2106795Z test viewer_shortcut_menu::custom_sets_flip_on_and_off_in_order ... ok
2026-10-06T16:10:23.3248456Z test viewer_tag_wheel::four_policy_choices_stage_cancel_save_and_reopen_with_reference_labels ... ok
2026-10-06T16:10:23.3259549Z test viewer_tag_wheel::parent_wheel_gates_replay_actual_qt_boundaries_and_directions ... ok
2026-10-06T16:10:23.3279353Z test viewer_prefetch::legacy_native_wins_and_normalized_passive_apply_preserves_concurrent_fields ... ok
2026-10-06T16:10:23.4166007Z test viewing_maintenance::cull_reads_current_rules_and_a_preview_validation_failure_preserves_media_rows ... ok
2026-10-06T16:10:23.4265687Z test viewing_statistics::completed_view_policy_matches_real_manager_caps_minima_durations_and_filter_switches ... ok
2026-10-06T16:10:23.4854107Z test thumbnail_ratings::the_ratings_over_thumbnails_are_the_references ... ok
2026-10-06T16:10:23.4894264Z test viewing_statistics::preview_timed_policy_matches_actual_manager_and_keeps_its_own_canvas_category ... ok
2026-10-06T16:10:23.5013182Z test thumbnail_preview_selection::actual_defaults_disabled_values_cancel_reopen_and_edited_field_merge ... ok
2026-10-06T16:10:23.5597775Z test viewing_maintenance::reference_clear_cull_questions_rules_errors_and_real_reopened_media_match ... ok
2026-10-06T16:10:23.5814044Z test viewing_statistics::preview_options_replay_actual_none_bounds_conversion_and_cancelled_parent ... ok
2026-10-06T16:10:23.6338138Z test viewing_statistics::viewing_menu_controls_match_qt_and_preserve_the_parent_draft ... ok
2026-10-06T16:10:23.6364189Z test window_rescue::actual_visibility_corner_order_fuzzy_tests_and_fallback_match_qt ... ok
2026-10-06T16:10:23.6448294Z test viewing_statistics::timing_controls_replay_qt_bounds_none_and_millisecond_conversion ... ok
2026-10-06T16:10:23.7180414Z test viewing_statistics::tracker_counts_once_on_change_or_close_reads_live_policy_and_preserves_latest_start ... ok
2026-10-06T16:10:23.8258039Z test viewtime_milliseconds::editor_and_imported_predicates_match_reference_millisecond_queries ... ok
2026-10-06T16:10:23.8990200Z test write_autocomplete::children_limit_option_matches_reference_and_persists_only_accepted_drafts ... ok
2026-10-06T16:10:23.9902922Z test write_autocomplete::clipboard_additions_keep_existing_text_and_result_selection ... ok
2026-10-06T16:10:24.0644821Z test write_autocomplete::detached_import_tag_lists_replay_reference_and_never_mutate_caller ... ok
2026-10-06T16:10:24.1112962Z test window_rescue::staged_bounds_import_cancel_persistence_and_reopen_match_actual_qt ... ok
2026-10-06T16:10:24.1739068Z test write_autocomplete::exact_rows_counts_domains_decorations_and_first_selection_match_reference ... ok
2026-10-06T16:10:24.2423088Z test write_autocomplete::favourite_and_count_ordered_children_tabs_replay_reference_caps_and_context ... ok
2026-10-06T16:10:24.3454621Z test write_autocomplete::favourite_options_replay_add_only_choices_and_parent_transaction ... ok
2026-10-06T16:10:24.3695589Z test write_autocomplete::paste_questions_skip_and_add_only_staging_follow_reference ... ok
2026-10-06T16:10:24.4716114Z test write_autocomplete::read_favourite_and_children_tabs_replay_real_qt_lists_and_context_changes ... ok
2026-10-06T16:10:24.5294125Z test write_autocomplete::recorded_logical_selection_ranges_parent_hits_and_batch_activation ... ok
2026-10-06T16:10:24.5914873Z test write_autocomplete::relationship_inputs_replay_real_add_only_paste_and_opposite_side_removal ... ok
2026-10-06T16:10:24.6249281Z test write_autocomplete::seeded_relationship_editors_replay_service_defaults_memory_and_cancel ... ok
2026-10-06T16:10:24.6955005Z test write_autocomplete::six_write_options_replay_recorded_defaults_and_stay_staged_until_apply ... ok
2026-10-06T16:10:24.7575883Z test write_autocomplete::tag_menu_copy_decorations_favourites_and_launch_replay_real_qt_actions ... ok
2026-10-06T16:10:24.7730417Z test write_autocomplete::write_domain_menus_and_interlocks_replay_reference_without_persisting_options ... ok
2026-10-06T16:10:24.7731480Z 
2026-10-06T16:10:24.7732072Z test result: ok. 525 passed; 0 failed; 0 ignored; 0 measured; 0 filtered out; finished in 20.13s
2026-10-06T16:10:24.7733178Z 
2026-10-06T16:10:24.7801659Z [1m[92m     Running[0m unittests src/lib.rs (target/debug/deps/hydrus_net-f9a86f8ab507ac73)
2026-10-06T16:10:24.7821925Z 
2026-10-06T16:10:24.7822239Z running 14 tests
2026-10-06T16:10:24.7826920Z test engine::reload_tests::automatic_control_override_has_strict_five_second_boundary_and_sticks ... ok
2026-10-06T16:10:24.7828297Z test cookies::tests::sends_matching_cookies_longest_path_first ... ok
2026-10-06T16:10:24.7829278Z test cookies::tests::reads_set_cookie_like_cookiejar ... ok
2026-10-06T16:10:24.8054398Z test engine::reload_tests::connection_retry_skip_is_consumed_once_and_unrelated_wakes_do_not_skip ... ok
2026-10-06T16:10:24.8055830Z test engine::reload_tests::independent_auto_override_owners_do_not_disable_each_other ... ok
2026-10-06T16:10:24.8057095Z test engine::reload_tests::job_speed_samples_the_current_second_and_expires_at_rollover ... ok
2026-10-06T16:10:24.8919617Z test engine::reload_tests::options_unchanged_keep_their_slots ... ok
2026-10-06T16:10:24.8948011Z test engine::reload_tests::changed_options_are_picked_up ... ok
2026-10-06T16:10:24.9102892Z test engine::reload_tests::formatting_refresh_wakes_a_pending_gallery_label_and_preserves_its_token_and_job ... ok
2026-10-06T16:10:24.9107791Z test engine::reload_tests::formatting_refresh_keeps_a_bandwidth_wait_and_its_usage_and_cancel_reason ... ok
2026-10-06T16:10:24.9109149Z test text::tests::decodes_by_header_then_utf8_then_meta_then_guess ... ok
2026-10-06T16:10:24.9646117Z test engine::reload_tests::sleep_detection_obeys_threshold_delay_and_disabled_pending_wait ... ok
2026-10-06T16:10:24.9899308Z test engine::reload_tests::runtime_domain_scrub_wakes_a_registered_domain_gate_and_preserves_unrelated_errors ... ok
2026-10-06T16:10:25.0094943Z test engine::reload_tests::saved_formatting_replays_actual_backend_waits_and_reopens_without_changing_rules ... ok
2026-10-06T16:10:25.0095894Z 
2026-10-06T16:10:25.0096329Z test result: ok. 14 passed; 0 failed; 0 ignored; 0 measured; 0 filtered out; finished in 0.23s
2026-10-06T16:10:25.0096945Z 
2026-10-06T16:10:25.0114502Z [1m[92m     Running[0m tests/engine.rs (target/debug/deps/engine-5919fe9044c0ba45)
2026-10-06T16:10:25.0137241Z 
2026-10-06T16:10:25.0137385Z running 25 tests
2026-10-06T16:10:25.3408425Z test a_job_ends_as_the_references_do_and_has_a_speed ... ok
2026-10-06T16:10:26.1427526Z test a_domain_with_several_serious_errors_waits ... ok
2026-10-06T16:10:26.2805241Z test cancels ... ok
2026-10-06T16:10:26.3654058Z test deleting_history_discards_stale_flushes_resets_live_limits_and_wakes_waiters ... ok
2026-10-06T16:10:26.5088893Z test disabling_sleep_detection_reloads_and_releases_pending_requests ... ok
2026-10-06T16:10:26.5513520Z test gives_up_on_redirect_loops_and_dead_servers ... ok
2026-10-06T16:10:27.3934490Z test boot_pause_blocks_real_requests_and_resume_does_not_reset_the_preference ... ok
2026-10-06T16:10:27.4304913Z test keeps_cookies_through_redirects ... ok
2026-10-06T16:10:29.0454470Z test independent_engines_add_new_usage_without_replacing_each_other_or_double_counting ... ok
2026-10-06T16:10:29.0915028Z test requests_go_through_the_clients_proxy ... ok
2026-10-06T16:10:29.4724275Z test nothing_goes_out_while_all_new_network_traffic_is_paused ... ok
2026-10-06T16:10:29.5088847Z test resumes_files_with_ranged_requests ... ok
2026-10-06T16:10:29.5607455Z test runtime_cog_connection_override_releases_only_the_current_retry ... ok
2026-10-06T16:10:29.6356768Z test runtime_cog_gallery_override_does_not_release_other_gallery_waiters ... ok
2026-10-06T16:10:29.6895999Z test runtime_cog_server_retry_domain_scrub_and_retained_error ... ok
2026-10-06T16:10:29.7430939Z test runtime_live_transfer_progress_and_usage_precede_the_durable_save ... ok
2026-10-06T16:10:29.8250841Z test runtime_override_releases_a_live_bandwidth_wait_and_counts_usage ... ok
2026-10-06T16:10:29.9244122Z test runtime_registry_cancellation_ipc_and_dropped_fetch ... ok
2026-10-06T16:10:29.9743741Z test saved_byte_precision_reaches_both_real_overlength_errors_after_reload ... ok
2026-10-06T16:10:30.0136414Z test sends_the_clients_headers ... ok
2026-10-06T16:10:30.0538898Z test statuses_become_errors_or_retries ... ok
2026-10-06T16:10:30.0942992Z test url_class_overrides_and_no_range_for_posts ... ok
2026-10-06T16:10:30.1328487Z test requests_wait_a_little_after_the_computer_wakes ... ok
2026-10-06T16:10:30.1378694Z test a_header_awaiting_approval_holds_its_requests ... ok
2026-10-06T16:10:32.0743611Z test bandwidth_rules_space_out_requests_and_count_their_data ... ok
2026-10-06T16:10:32.0744060Z 
2026-10-06T16:10:32.0744392Z test result: ok. 25 passed; 0 failed; 0 ignored; 0 measured; 0 filtered out; finished in 7.06s
2026-10-06T16:10:32.0744851Z 
2026-10-06T16:10:32.0764926Z [1m[92m     Running[0m tests/login.rs (target/debug/deps/login-d97655e61474ced9)
2026-10-06T16:10:32.0786467Z 
2026-10-06T16:10:32.0786660Z running 14 tests
2026-10-06T16:10:32.2133995Z test cancellation_stops_an_active_request_and_keeps_partial_results ... ok
2026-10-06T16:10:32.2227496Z test abandoned_unpolled_login_worker_releases_metadata_and_the_shared_admission_gate ... ok
2026-10-06T16:10:32.2783050Z test confirmed_login_reset_reaches_an_existing_http_engine_and_keeps_other_sessions ... ok
2026-10-06T16:10:32.3148537Z test completed_step_is_delivered_before_later_http_and_survives_wait_cancellation ... ok
2026-10-06T16:10:32.3191466Z test final_outcomes_guard_script_identity_and_preserve_domain_preferences ... ok
2026-10-06T16:10:32.6401152Z test demand_eligibility_replays_actual_reference_domains_cookies_errors_and_key_fallback ... ok
2026-10-06T16:10:32.7559206Z test global_process_cancel_uses_its_owner_id_and_persists_reference_delay_without_a_second_step ... ok
2026-10-06T16:10:32.7963383Z test invalid_demand_waits_for_ordinary_jobs_and_cancels_subscription_with_recorded_note ... ok
2026-10-06T16:10:33.0813215Z test real_http_steps_replay_reference_tokens_cookie_checks_veto_401_and_cancel ... ok
2026-10-06T16:10:33.0814478Z test request_plan_replaces_www_and_orders_static_credentials_then_temporary_values ... ok
2026-10-06T16:10:33.1215245Z test shared_login_session_state_replays_required_cookie_expiry_and_reset ... ok
2026-10-06T16:10:34.2283312Z test automatic_demand_replays_reference_http_and_reuses_one_connection_slot ... ok
2026-10-06T16:10:34.2450862Z test cancelled_trigger_keeps_reference_global_login_alive_for_another_engine ... ok
2026-10-06T16:10:36.4264792Z test forced_manual_login_serializes_demand_across_independently_opened_engines ... ok
2026-10-06T16:10:36.4265248Z 
2026-10-06T16:10:36.4265558Z test result: ok. 14 passed; 0 failed; 0 ignored; 0 measured; 0 filtered out; finished in 4.35s
2026-10-06T16:10:36.4265965Z 
2026-10-06T16:10:36.4286899Z [1m[92m     Running[0m unittests src/lib.rs (target/debug/deps/hydrus_search-2cc7af08605d6765)
2026-10-06T16:10:36.4308175Z 
2026-10-06T16:10:36.4308352Z running 57 tests
2026-10-06T16:10:36.4326112Z test entry::tests::counters_are_known_by_key_and_by_name_in_any_case ... ok
2026-10-06T16:10:36.4353908Z test entry::tests::ratings_by_key_sort_by_their_service_s_name ... ok
2026-10-06T16:10:36.4360203Z test api::tests::negation_wildcards_and_namespaces ... ok
2026-10-06T16:10:36.4361124Z test exec::numbers::tests::exclusions_and_edges ... ok
2026-10-06T16:10:36.4361915Z test exec::numbers::tests::open_ranges_are_strict ... ok
2026-10-06T16:10:36.4370827Z test exec::numbers::tests::counts_match_the_reference_lambda ... ok
2026-10-06T16:10:36.4373335Z test exec::sort::tests::a_page_s_ties_keep_its_order_and_its_files_without_values_its_default ... ok
2026-10-06T16:10:36.4384861Z test exec::sort::tests::colour_keys_match_the_reference ... ok
2026-10-06T16:10:36.4386757Z test exec::sort::tests::ties_keep_id_order_in_both_directions ... ok
2026-10-06T16:10:36.4387766Z test exec::tags::tests::like_follows_sqlite ... ok
2026-10-06T16:10:36.4390312Z test exec::tags::tests::matching_uses_the_searchable_form ... ok
2026-10-06T16:10:36.4413308Z test exec::tags::tests::patterns_follow_the_reference_modes ... ok
2026-10-06T16:10:36.4413915Z test exec::tags::tests::successors_bound_prefix_ranges ... ok
2026-10-06T16:10:36.4414281Z test api::tests::rejects_bad_input ... ok
2026-10-06T16:10:36.4414621Z test exec::sort::tests::sort_codes_match_the_reference ... ok
2026-10-06T16:10:36.4414967Z test api::tests::documented_example ... ok
2026-10-06T16:10:36.5297132Z test exec::tests::a_page_s_fallback_sort_orders_its_sort_s_ties ... ok
2026-10-06T16:10:36.5347283Z test exec::tests::import_time_sorts_agree_whether_probed_or_from_the_cached_order ... ok
2026-10-06T16:10:36.5354911Z test exec::tests::limits_apply_after_sorting ... ok
2026-10-06T16:10:36.5387518Z test exec::tests::constructed_predicates_without_text_syntax_work ... ok
2026-10-06T16:10:36.6053474Z test exec::tests::every_term_is_understood_by_the_model ... ok
2026-10-06T16:10:36.6448987Z test exec::tests::saved_collect_tag_domains_group_files_as_the_reference_does ... ok
2026-10-06T16:10:36.9178549Z test exec::tests::searches_see_added_tags_as_the_reference_did ... ok
2026-10-06T16:10:37.1942992Z test exec::tests::searches_see_file_lifecycle_changes_as_the_reference_did ... ok
2026-10-06T16:10:37.1952976Z test exec::time::tests::ages_subtract_days_then_months_with_clamping ... ok
2026-10-06T16:10:37.1953806Z test exec::time::tests::dates_are_local_days ... ok
2026-10-06T16:10:37.1954920Z test exec::time::tests::today_is_the_local_date ... ok
2026-10-06T16:10:37.1955665Z test filetype_tests::tests::complete_classes_are_summarised ... ok
2026-10-06T16:10:37.4076034Z test filetype_tests::tests::filetype_words_match_reference_implementation ... ok
2026-10-06T16:10:37.4099607Z test filetype_tests::tests::general_classes_match_reference_implementation ... ok
2026-10-06T16:10:37.4126512Z test filetype_tests::tests::partial_classes_stay_specific ... ok
2026-10-06T16:10:37.4152979Z test filetype_tests::tests::searchable_mimes_match_reference_implementation ... ok
2026-10-06T16:10:37.4154043Z test media::tests::number_tests_treat_missing_values_like_the_reference ... ok
2026-10-06T16:10:37.4154859Z test media::tests::wildcards_match_whole_tags ... ok
2026-10-06T16:10:37.4156256Z test parse::date::tests::ages ... ok
2026-10-06T16:10:37.4156952Z test parse::date::tests::dates ... ok
2026-10-06T16:10:37.4162408Z test parse::date::tests::operator_words ... ok
2026-10-06T16:10:37.4174833Z test parse::names::tests::every_pattern_compiles ... ok
2026-10-06T16:10:37.4177887Z test parse::names::tests::order_decides_between_overlapping_names ... ok
2026-10-06T16:10:37.4178645Z test parse::rating::tests::advanced_selections ... ok
2026-10-06T16:10:37.4179302Z test parse::rating::tests::like_ignores_operators ... ok
2026-10-06T16:10:37.4183411Z test parse::rating::tests::operator_is_found_before_the_value ... ok
2026-10-06T16:10:37.4193882Z test parse::tag_advanced::tests::empty_tags_are_rejected ... ok
2026-10-06T16:10:37.4194916Z test parse::tag_advanced::tests::splits_on_the_first_unquoted_colon ... ok
2026-10-06T16:10:37.4233962Z test parse::tag_advanced::tests::status_words_match_reference_implementation ... ok
2026-10-06T16:10:37.4244393Z test parse::text::tests::maps_lowercase_slices_back_to_the_original ... ok
2026-10-06T16:10:37.4245801Z test parse::text::tests::parses_unicode_decimal_digits_like_python ... ok
2026-10-06T16:10:37.4246869Z test parse::text::tests::rejects_non_system_text ... ok
2026-10-06T16:10:37.4247770Z test parse::text::tests::strips_python_whitespace ... ok
2026-10-06T16:10:37.4251713Z test parse::text::tests::widens_whitespace_classes ... ok
2026-10-06T16:10:37.4262259Z test parse::values::tests::durations ... ok
2026-10-06T16:10:37.4267575Z test parse::values::tests::filetype_lists ... ok
2026-10-06T16:10:37.4269339Z test parse::values::tests::numbers_allow_commas_and_has ... ok
2026-10-06T16:10:37.4270603Z test parse::values::tests::size_units_match_the_first_spelling ... ok
2026-10-06T16:10:37.7097738Z test exec::tests::executor_agrees_with_the_naive_model ... ok
2026-10-06T16:10:38.1877436Z test exec::tests::owned_sort_contexts_replay_default_fallback_cogs_for_files_and_collections ... ok
2026-10-06T16:10:39.6059959Z test exec::tests::pages_collect_as_the_reference_s_pages_collect ... ok
2026-10-06T16:10:39.6060517Z 
2026-10-06T16:10:39.6060944Z test result: ok. 57 passed; 0 failed; 0 ignored; 0 measured; 0 filtered out; finished in 3.18s
2026-10-06T16:10:39.6061599Z 
2026-10-06T16:10:39.6093068Z [1m[92m     Running[0m tests/file_search_options.rs (target/debug/deps/file_search_options-07be49b2cc9c8d33)
2026-10-06T16:10:39.6114227Z 
2026-10-06T16:10:39.6114485Z running 2 tests
2026-10-06T16:10:39.6132150Z test database_sort_eligibility_matches_each_reference_system_sort_and_location ... ok
2026-10-06T16:10:39.7338001Z test implicit_limit_and_explicit_override_match_reference_database_queries ... ok
2026-10-06T16:10:39.7338783Z 
2026-10-06T16:10:39.7339406Z test result: ok. 2 passed; 0 failed; 0 ignored; 0 measured; 0 filtered out; finished in 0.12s
2026-10-06T16:10:39.7340028Z 
2026-10-06T16:10:39.7348784Z [1m[92m     Running[0m tests/media_tests.rs (target/debug/deps/media_tests-2e886f36e21b4058)
2026-10-06T16:10:39.7369844Z 
2026-10-06T16:10:39.7370051Z running 2 tests
2026-10-06T16:10:39.9459085Z test comparable_values_match_the_reference ... ok
2026-10-06T16:10:39.9986727Z test predicates_match_the_same_files_as_in_the_reference ... ok
2026-10-06T16:10:39.9987859Z 
2026-10-06T16:10:39.9988557Z test result: ok. 2 passed; 0 failed; 0 ignored; 0 measured; 0 filtered out; finished in 0.26s
2026-10-06T16:10:39.9989175Z 
2026-10-06T16:10:40.0008023Z [1m[92m     Running[0m tests/predicate_entry.rs (target/debug/deps/predicate_entry-316968e66572cf2b)
2026-10-06T16:10:40.0023081Z 
2026-10-06T16:10:40.0023416Z running 3 tests
2026-10-06T16:10:40.0055723Z test the_order_is_by_the_stored_text_whatever_is_shown ... ok
2026-10-06T16:10:40.0144842Z test entering_predicates_leaves_what_the_reference_s_list_does ... ok
2026-10-06T16:10:40.0158255Z test each_predicate_s_inverse_is_the_reference_s ... ok
2026-10-06T16:10:40.0158675Z 
2026-10-06T16:10:40.0159118Z test result: ok. 3 passed; 0 failed; 0 ignored; 0 measured; 0 filtered out; finished in 0.01s
2026-10-06T16:10:40.0159479Z 
2026-10-06T16:10:40.0169516Z [1m[92m     Running[0m tests/predicate_text.rs (target/debug/deps/predicate_text-1a53c3e76b0f0034)
2026-10-06T16:10:40.0184933Z 
2026-10-06T16:10:40.0185162Z running 3 tests
2026-10-06T16:10:40.0832312Z test predicates_the_reference_s_editors_make_are_read_and_written_as_its_own ... ok
2026-10-06T16:10:40.1973990Z test api_searches_are_written_as_the_reference_writes_them ... ok
2026-10-06T16:10:40.2505152Z test predicates_are_written_as_the_reference_writes_them ... ok
2026-10-06T16:10:40.2505642Z 
2026-10-06T16:10:40.2506289Z test result: ok. 3 passed; 0 failed; 0 ignored; 0 measured; 0 filtered out; finished in 0.23s
2026-10-06T16:10:40.2506915Z 
2026-10-06T16:10:40.2573847Z [1m[92m     Running[0m tests/reference_parity.rs (target/debug/deps/reference_parity-abc6de1456989e2b)
2026-10-06T16:10:40.2588428Z 
2026-10-06T16:10:40.2588666Z running 3 tests
2026-10-06T16:10:40.4703895Z test api_searches_match_the_reference ... ok
2026-10-06T16:10:40.6344560Z test stored_predicates_decode_to_what_the_reference_parsed ... ok
2026-10-06T16:10:40.8333797Z test system_predicates_match_the_reference ... ok
2026-10-06T16:10:40.8334605Z 
2026-10-06T16:10:40.8335349Z test result: ok. 3 passed; 0 failed; 0 ignored; 0 measured; 0 filtered out; finished in 0.57s
2026-10-06T16:10:40.8335929Z 
2026-10-06T16:10:40.8401927Z [1m[92m     Running[0m tests/robustness.rs (target/debug/deps/robustness-2f95cd18c52db51a)
2026-10-06T16:10:40.8416772Z 
2026-10-06T16:10:40.8417866Z running 4 tests
2026-10-06T16:10:40.9123830Z test errors_name_the_input ... ok
2026-10-06T16:10:41.0193481Z test long_inputs_are_fast ... ok
2026-10-06T16:10:41.0883602Z test never_panics_on_predicate_like_text ... ok
2026-10-06T16:10:41.2573442Z test never_panics_on_arbitrary_text ... ok
2026-10-06T16:10:41.2573873Z 
2026-10-06T16:10:41.2574312Z test result: ok. 4 passed; 0 failed; 0 ignored; 0 measured; 0 filtered out; finished in 0.42s
2026-10-06T16:10:41.2574936Z 
2026-10-06T16:10:41.2586501Z [1m[92m     Running[0m unittests src/lib.rs (target/debug/deps/hydrus_store-1b24f7d60d698a51)
2026-10-06T16:10:41.2609474Z 
2026-10-06T16:10:41.2609789Z running 252 tests
2026-10-06T16:10:41.2650661Z test api_activity::tests::marker_replaces_atomically_reopens_and_rejects_malformed_data ... ok
2026-10-06T16:10:41.2672246Z test autocomplete::input::tests::rules_open_up_fetch_alls ... ok
2026-10-06T16:10:41.2704545Z test autocomplete::input::tests::parses_like_the_reference ... ok
2026-10-06T16:10:41.2707079Z test autocomplete::pattern::tests::like_is_sqlite_like ... ok
2026-10-06T16:10:41.2709318Z test autocomplete::pattern::tests::phrases_tokenise_like_fts4 ... ok
2026-10-06T16:10:41.2710464Z test autocomplete::pattern::tests::plans_follow_the_reference ... ok
2026-10-06T16:10:41.2711839Z test autocomplete::search::tests::counts_merge_and_render_like_the_reference ... ok
2026-10-06T16:10:41.2714068Z test autocomplete::search::tests::upper_bounds_cover_exactly_the_prefix ... ok
2026-10-06T16:10:41.2715988Z test autocomplete::pattern::tests::result_filter_matches_word_starts ... ok
2026-10-06T16:10:41.2784241Z test backup::tests::a_failed_restore_copy_preserves_the_database_sidecars_media_and_request ... ok
2026-10-06T16:10:41.2801672Z test backup::tests::a_mirror_copies_changes_and_drops_surplus ... ok
2026-10-06T16:10:41.2805667Z test backup::tests::a_missing_backup_retains_the_request_and_original_database ... ok
2026-10-06T16:10:41.2811402Z test backup::tests::an_active_server_prevents_restore_without_consuming_the_request ... ok
2026-10-06T16:10:41.2817845Z test backup::tests::cancellation_during_mirroring_preserves_uncopied_and_surplus_files ... ok
2026-10-06T16:10:41.3801869Z test backup::tests::cancelled_backup_does_not_report_success_or_touch_destination ... ok
2026-10-06T16:10:41.3813690Z test backup::tests::restore_rejects_a_symlink_to_the_store ... ok
2026-10-06T16:10:41.3820466Z test backup::tests::restore_rejects_the_store_itself_before_writing_a_request_or_database ... ok
2026-10-06T16:10:41.3941300Z test animation_start::tests::actual_yaml_upgrade_native_override_reopen_and_invalid_values ... ok
2026-10-06T16:10:41.4196168Z test backup::tests::a_backup_restores_over_a_changed_store ... ok
2026-10-06T16:10:41.4249444Z test api_update_toasts::tests::retained_enabled_options_native_override_reopen_corruption_and_exact_expiry ... ok
2026-10-06T16:10:41.4425918Z test conn::tests::effects_run_only_after_successful_commit ... ok
2026-10-06T16:10:41.4634633Z test conn::tests::failed_write_rolls_back_only_itself ... ok
2026-10-06T16:10:41.4644569Z test conn::tests::readers_see_consistent_snapshots_while_writing ... ok
2026-10-06T16:10:41.4876932Z test content::tests::a_forced_filetype_keeps_the_detected_one_and_is_undone ... ok
2026-10-06T16:10:41.4919893Z test conn::tests::the_writer_empties_the_log_every_quarter_hour ... ok
2026-10-06T16:10:41.5126596Z test content::tests::deleting_from_one_of_two_local_domains_does_not_trash ... ok
2026-10-06T16:10:41.5149982Z test conn::tests::write_then_read ... ok
2026-10-06T16:10:41.5251098Z test content::tests::file_info_round_trips ... ok
2026-10-06T16:10:41.5461461Z test content::tests::import_trash_undelete_and_purge ... ok
2026-10-06T16:10:41.5576330Z test content::tests::mapping_state_machine ... ok
2026-10-06T16:10:41.6063781Z test content::tests::service_bulk_trash_respects_lock_and_restores_all_former_domains ... ok
2026-10-06T16:10:41.6488807Z test content::tests::service_deleted_record_clear_keeps_trash_history_and_physical_queue ... ok
2026-10-06T16:10:41.7001841Z test content::tests::the_delete_lock_keeps_archived_files_from_going_for_good ... ok
2026-10-06T16:10:41.7374827Z test conn::tests::a_pause_empties_the_log_and_holds_work_until_dropped ... ok
2026-10-06T16:10:41.8732136Z test content::tests::service_bulk_rating_scopes_keep_trash_and_other_services ... ok
2026-10-06T16:10:41.8734812Z test db_maintenance::tests::per_service_table_names ... ok
2026-10-06T16:10:41.8737948Z test display::tests::first_sibling_pair_wins_and_cycles_are_dropped ... ok
2026-10-06T16:10:41.9930455Z test db_maintenance::tests::inconsistent_mappings_and_orphans_are_repaired ... ok
2026-10-06T16:10:41.9943015Z test display::tests::parent_loops_are_dropped ... ok
2026-10-06T16:10:41.9946800Z test db_maintenance::tests::basic_jobs_find_nothing_and_regeneration_keeps_counts ... ok
2026-10-06T16:10:41.9971311Z test display::tests::parents_close_transitively_through_ideals ... ok
2026-10-06T16:10:41.9974748Z test display::tests::rules_count_as_the_reference_s_lookup_rows ... ok
2026-10-06T16:10:41.9975603Z test display::tests::sibling_chains_resolve_to_the_end ... ok
2026-10-06T16:10:42.0395705Z test display::tests::graph_invariants ... ok
2026-10-06T16:10:42.0436193Z test domains::tests::import_order_is_by_time_then_id_and_follows_writes ... ok
2026-10-06T16:10:42.0460248Z test duplicates::auto::tests::the_references_suggested_rules_are_all_read ... ok
2026-10-06T16:10:42.0558863Z test domains::tests::a_read_sees_the_domain_as_its_snapshot_has_it ... ok
2026-10-06T16:10:42.0868877Z test duplicates::cache::tests::cached_pairs_follow_writes_and_only_readers_fill_the_cache ... ok
2026-10-06T16:10:42.2190215Z test duplicates_progress::tests::real_saved_disabled_legacy_policy_backfills_native_override_and_reopens ... ok
2026-10-06T16:10:42.2243651Z test ffmpeg_policy::tests::actual_legacy_saved_policy_backfill_native_override_and_poll_adapter ... ok
2026-10-06T16:10:42.2592351Z test file_maintenance::tests::captured_cancel_clears_due_and_future_types_and_keeps_unselected_work ... ok
2026-10-06T16:10:42.2597559Z test file_maintenance::tests::file_work_lease_is_shared_by_independent_owners_and_released_on_drop ... ok
2026-10-06T16:10:42.2598757Z test file_maintenance::tests::job_types_keep_the_reference_s_codes ... ok
2026-10-06T16:10:42.2945433Z test file_maintenance::tests::selected_admission_precedes_batch_limit_and_preserves_due_type_rules ... ok
2026-10-06T16:10:42.2948168Z test folder_activity::tests::abandoned_request_and_old_marker_files_do_not_pause_another_kind ... ok
2026-10-06T16:10:42.2950007Z test folder_activity::tests::request_interrupts_work_waits_for_release_and_rejects_new_work ... ok
2026-10-06T16:10:42.3039694Z test ffmpeg_policy::tests::reader_from_a_borrowed_store_is_live_and_does_not_retain_its_owner ... ok
2026-10-06T16:10:42.3178301Z test duplicates::merge::tests::only_whitelisted_notes_merge_under_their_new_names ... ok
2026-10-06T16:10:42.3912842Z test folder_activity::tests::transient_pause_preserves_original_and_live_user_pause_preferences ... ok
2026-10-06T16:10:42.3934608Z test gallery::tests::no_downloader_or_no_urls_makes_nothing ... ok
2026-10-06T16:10:42.3935885Z test gallery::tests::a_page_makes_a_search_per_query_with_its_settings ... ok
2026-10-06T16:10:42.4754311Z test gallery::tests::queries_merge_and_repeats_are_skipped_as_the_page_says ... ok
2026-10-06T16:10:42.4773669Z test granularity::tests::estimating_a_folder_ignores_non_ascii_names ... ok
2026-10-06T16:10:42.5140383Z test granularity::tests::cancellation_restores_moved_files_to_their_original_locations ... ok
2026-10-06T16:10:42.5877026Z test granularity::tests::failed_publication_restores_exact_split_locations ... ok
2026-10-06T16:10:42.6327752Z test granularity::tests::merged_prefix_records_the_actual_destination_across_locations ... ok
2026-10-06T16:10:42.6353583Z test idle_state::tests::only_a_fresh_idle_marker_is_idle ... ok
2026-10-06T16:10:42.6386282Z test idle_state::tests::pace_follows_the_time_and_caps_the_rest ... ok
2026-10-06T16:10:42.7914634Z test image_colour::tests::real_saved_disabled_legacy_policy_backfills_native_override_and_reopens ... ok
2026-10-06T16:10:42.9074600Z test import::decode::tests::a_clients_simple_downloader_formulae_come_across ... ok
2026-10-06T16:10:43.0280117Z test import::decode::tests::a_new_clients_checker_timings_are_our_defaults ... ok
2026-10-06T16:10:43.1474564Z test import::decode::tests::a_new_clients_headers_are_our_defaults ... ok
2026-10-06T16:10:43.2555097Z test import::decode::tests::a_new_clients_import_options_and_downloaders_convert ... ok
2026-10-06T16:10:43.3693668Z test import::decode::tests::a_new_clients_merge_options_are_our_defaults ... ok
2026-10-06T16:10:43.4743956Z test granularity::tests::the_store_records_its_new_folders ... ok
2026-10-06T16:10:43.5045127Z test import::decode::tests::auto_resolution_rules_convert ... ok
2026-10-06T16:10:43.5163980Z test import::decode::tests::api_update_toasts_import_present_and_absent_client_options ... ok
2026-10-06T16:10:43.6648440Z test import::decode::tests::browser_eye_menu_preferences_migrate_independently ... ok
2026-10-06T16:10:43.6963766Z test import::decode::tests::clipboard_monitor_switches_convert_independently ... ok
2026-10-06T16:10:43.8311162Z test import::decode::tests::command_palette_preferences_migrate_defaults_and_nondefault_provider_policies ... ok
2026-10-06T16:10:43.8430195Z test import::decode::tests::custom_merge_options_convert ... ok
2026-10-06T16:10:43.8943137Z test import::decode::tests::downloader_pages_own_state_converts ... ok
2026-10-06T16:10:43.8944420Z test import::decode::tests::cursor_autohide_import_preserves_timeout_and_do_not_hide ... ok
2026-10-06T16:10:44.2221502Z test import::decode::tests::downloader_update_time_import_preserves_raw_fields_and_reopens ... ok
2026-10-06T16:10:44.3553717Z test import::decode::tests::export_default_directory_import_resolves_recorded_portable_paths ... ok
2026-10-06T16:10:44.5154080Z test import::decode::tests::file_search_defaults_convert_user_values ... ok
2026-10-06T16:10:44.6616732Z test import::decode::tests::duplicate_colours_import_none_zero_and_explicit_preferences_then_reopen ... ok
2026-10-06T16:10:44.6883945Z test import::decode::tests::file_view_removal_imports_legacy_and_typed_flags_independently ... ok
2026-10-06T16:10:44.9095863Z test import::decode::tests::four_note_preferences_import_and_survive_reopen ... ok
2026-10-06T16:10:44.9999632Z test import::decode::tests::idle_timeout_import_preserves_seconds_none_and_missing_defaults ... ok
2026-10-06T16:10:45.0597337Z test import::decode::tests::image_cache_size_raw_timeout_and_future_admission_import_independently ... ok
2026-10-06T16:10:45.2551167Z test import::decode::tests::importing_work_slots_decode_five_legacy_keys_and_persist_native_limits ... ok
2026-10-06T16:10:45.3133124Z test import::decode::tests::local_transfer_confirmations_decode_both_legacy_booleans ... ok
2026-10-06T16:10:45.4644024Z test import::decode::tests::maintenance_gates_import_present_and_absent_client_options ... ok
2026-10-06T16:10:45.5025708Z test import::decode::tests::main_identity_import_preserves_raw_name_and_saved_tag_activation ... ok
2026-10-06T16:10:45.5940816Z test import::decode::tests::manage_tags_live_display_and_incremental_fields_import ... ok
2026-10-06T16:10:45.6588402Z test import::decode::tests::manage_tags_sort_contexts_import_siblings_independently_of_sidebar_sorts ... ok
2026-10-06T16:10:45.7047900Z test import::decode::tests::namespace_colours_convert ... ok
2026-10-06T16:10:45.7056026Z test import::decode::tests::page_sort_import_preserves_its_independent_full_tag_context ... ok
2026-10-06T16:10:45.8662307Z test import::decode::tests::passive_background_options_import_each_draw_key ... ok
2026-10-06T16:10:45.9389048Z test import::decode::tests::network_boot_preference_converts_without_changing_live_pause ... ok
2026-10-06T16:10:46.0208359Z test import::decode::tests::physical_delete_import_preserves_present_delay_and_defaults_without_client_options ... ok
2026-10-06T16:10:46.2748927Z test import::decode::tests::preview_and_dialog_rating_sizes_import_exact_fractional_preferences ... ok
2026-10-06T16:10:46.4055249Z test import::decode::tests::real_client_ffmpeg_timeout_is_imported_without_clamping ... ok
2026-10-06T16:10:46.7154261Z test import::decode::tests::recorded_custom_predicate_defaults_import_with_typed_units_and_keys ... ok
2026-10-06T16:10:46.8655361Z test import::decode::tests::saving_the_page_sort_on_change_converts ... ok
2026-10-06T16:10:46.9134340Z test import::decode::tests::popup_width_imports_raw_reference_preferences_and_reopens_them ... ok
2026-10-06T16:10:47.0171502Z test import::decode::tests::sibling_connector_colours_import_retains_none_empty_and_raw_names ... ok
2026-10-06T16:10:47.0274983Z test import::decode::tests::shortcut_capture_policies_import_defaults_and_nondefault_values ... ok
2026-10-06T16:10:47.1403199Z test import::decode::tests::subscription_concurrency_imports_nondefault_number ... ok
2026-10-06T16:10:47.2321726Z test import::decode::tests::subscription_file_failure_threshold_imports_none_and_number ... ok
2026-10-06T16:10:47.2838352Z test import::decode::tests::suggested_layout_and_unavailable_default_pages_migrate_without_losing_choices ... ok
2026-10-06T16:10:47.2853805Z test import::decode::tests::tag_display_filters_convert ... ok
2026-10-06T16:10:47.3874773Z test import::decode::tests::tag_list_opening_modes_import_independently_and_ignore_unknown_codes ... ok
2026-10-06T16:10:47.3892016Z test import::decode::tests::tag_dialog_defaults_import_independently_of_autocomplete_defaults ... ok
2026-10-06T16:10:47.5035970Z test import::decode::tests::tag_presentation_converts ... ok
2026-10-06T16:10:47.5395858Z test import::decode::tests::the_lock_password_converts ... ok
2026-10-06T16:10:47.6510585Z test import::decode::tests::the_search_defaults_convert ... ok
2026-10-06T16:10:47.7025129Z test import::decode::tests::the_tag_summaries_convert ... ok
2026-10-06T16:10:47.8277612Z test import::decode::tests::the_thumbnail_border_and_margin_convert ... ok
2026-10-06T16:10:47.8574289Z test import::decode::tests::thumbnail_cache_size_and_raw_timeout_import_as_independent_typed_preferences ... ok
2026-10-06T16:10:47.9254085Z test import::decode::tests::unselected_tag_limit_import_preserves_zero_none_and_presentation ... ok
2026-10-06T16:10:48.0111094Z test import::decode::tests::viewer_canvas_options_convert_user_values ... ok
2026-10-06T16:10:48.0686592Z test import::decode::tests::viewer_closing_options_import_each_independent_preference ... ok
2026-10-06T16:10:48.1533778Z test import::decode::tests::viewer_focus_options_import_independent_mouseover_gates ... ok
2026-10-06T16:10:48.2124984Z test import::decode::tests::viewer_hover_options_migrate_disable_keys_as_enabled_controls ... ok
2026-10-06T16:10:48.3588344Z test import::decode::tests::viewer_pointer_options_import_both_drag_preferences ... ok
2026-10-06T16:10:48.3942233Z test import::decode::tests::viewer_playback_import_keeps_zoom_command_and_loop_policy ... ok
2026-10-06T16:10:48.5144069Z test import::decode::tests::viewing_menu_preferences_import_the_display_style_and_canvas_ticks ... ok
2026-10-06T16:10:48.5896598Z test import::decode::tests::viewer_tag_wheel_imports_all_four_reference_policy_codes ... ok
2026-10-06T16:10:48.7825333Z test import::network_tests::copies_the_mpv_conf ... ok
2026-10-06T16:10:48.7968376Z test import::network_tests::a_named_startup_session_keeps_hydrus_s_last_session_apart ... ok
2026-10-06T16:10:49.0694764Z test import::network_tests::downloader_pages_own_state_comes_back_for_earlier_imports ... ok
2026-10-06T16:10:49.0696251Z test import::network_tests::imports_downloader_pages_from_the_last_session ... ok
2026-10-06T16:10:49.1544087Z test content::tests::incremental_counts_equal_rebuild ... ok
2026-10-06T16:10:49.3134898Z test import::network_tests::imports_search_pages_from_the_last_session ... ok
2026-10-06T16:10:49.3224217Z test import::network_tests::imports_local_import_pages_from_the_last_session ... ok
2026-10-06T16:10:49.3453973Z test import::network_tests::imports_session_cookies ... ok
2026-10-06T16:10:49.4572378Z test import::tests::a_default_install_keeps_the_default_bandwidth_rules ... ok
2026-10-06T16:10:49.4574356Z test import::tests::any_reference_install_counts_match ... ignored, needs HYDRUS_REFERENCE_DB
2026-10-06T16:10:49.5705168Z test import::tests::decodes_the_basic_fixture_settings ... ok
2026-10-06T16:10:49.5786976Z test import::network_tests::other_saved_sessions_come_across_without_running_their_downloaders ... ok
2026-10-06T16:10:49.5873478Z test import::network_tests::imports_subscriptions_with_their_histories ... ok
2026-10-06T16:10:49.6834948Z test import::tests::import_options_that_run_programs_are_reported ... ok
2026-10-06T16:10:49.7493924Z test import::tests::imports_the_basic_fixture ... ok
2026-10-06T16:10:49.7511211Z test import::tests::rebuilt_counts_match_the_reference_caches ... ok
2026-10-06T16:10:49.8624388Z test import::tests::the_global_pause_switches_come_across ... ok
2026-10-06T16:10:49.8653622Z test import::tests::the_network_options_come_across ... ok
2026-10-06T16:10:49.8683463Z test live::tests::a_status_shows_its_first_line ... ok
2026-10-06T16:10:49.8753655Z test live::tests::cancels_are_taken_once_and_nudge_the_queue ... ok
2026-10-06T16:10:49.8866506Z test live::tests::live_state_is_kept_replaced_and_cleared ... ok
2026-10-06T16:10:49.8869083Z test live::tests::only_changes_are_published ... ok
2026-10-06T16:10:49.9729489Z test import::tests::refuses_to_overwrite_or_import_the_wrong_version ... ok
2026-10-06T16:10:49.9834623Z test import::tests::the_trash_limits_come_across ... ok
2026-10-06T16:10:49.9896399Z test login_runtime::tests::crashed_process_metadata_cannot_block_or_cancel_the_next_lease ... ok
2026-10-06T16:10:50.0734252Z test login_runtime::tests::separate_store_owners_serialize_cancel_and_retire_only_the_reviewed_login ... ok
2026-10-06T16:10:50.3583060Z test maintenance::tests::cancelled_owned_wait_releases_writer_and_never_admits_a_successor_pair ... ok
2026-10-06T16:10:50.3645411Z test maintenance::tests::captured_wait_follows_committed_pairs_including_last_and_allows_live_readd ... ok
2026-10-06T16:10:50.5178503Z test maintenance::tests::never_deletes_media_shared_with_another_install ... ok
2026-10-06T16:10:50.6084194Z test maintenance::tests::missing_file_still_waits_after_its_thumbnail_and_queue_commit ... ok
2026-10-06T16:10:50.7414250Z test maintenance::tests::pair_failure_keeps_its_queue_and_previous_pair_commit_and_does_not_wait ... ok
2026-10-06T16:10:50.8784170Z test maintenance::tests::rebuilding_the_caches_gives_the_same_caches ... ok
2026-10-06T16:10:50.9479967Z test maintenance::tests::leaves_claimed_files_queued ... ok
2026-10-06T16:10:51.0860998Z test maintenance::tests::retained_local_queue_cleanup_does_not_wait_or_remove_physical_paths ... ok
2026-10-06T16:10:51.1624921Z test maintenance_gates::tests::retained_client_options_native_wins_reopen_and_corruption ... ok
2026-10-06T16:10:51.1765859Z test master::tests::interning_is_idempotent_and_reversible ... ok
2026-10-06T16:10:51.1875675Z test master::tests::new_subtags_are_indexed_for_autocomplete ... ok
2026-10-06T16:10:51.1876921Z test master::tests::url_domains_match_urlparse_netloc ... ok
2026-10-06T16:10:51.2216444Z test maintenance::tests::selected_tag_regeneration_repairs_connected_counts_without_changing_primary_data ... ok
2026-10-06T16:10:51.2989528Z test media::tests::counts_tags_as_each_file_has_them ... ok
2026-10-06T16:10:51.4243885Z test media::tests::hidden_tags_are_left_out_of_the_counts ... ok
2026-10-06T16:10:51.4272480Z test media::tests::loads_the_fixture ... ok
2026-10-06T16:10:51.4590275Z test network::login_tests::a_login_covers_its_domain_and_subdomains ... ok
2026-10-06T16:10:51.4706573Z test maintenance::tests::purges_files_that_left_local_storage ... ok
2026-10-06T16:10:51.4775147Z test network::tests::cookies_list_in_jar_order ... ok
2026-10-06T16:10:51.5016680Z test network::tests::headers_keep_what_is_not_given ... ok
2026-10-06T16:10:51.5024682Z test network::tests::sessions_are_per_registrable_domain ... ok
2026-10-06T16:10:51.5774655Z test menu_choice_wheel::tests::actual_saved_false_legacy_fallback_native_override_and_durable_reopen ... ok
2026-10-06T16:10:51.5992264Z test orphan_files::tests::strays_are_found_and_moved_and_kept_files_stay ... ok
2026-10-06T16:10:51.6009058Z test paths::tests::copies_keep_permissions_unless_told_not_to ... ok
2026-10-06T16:10:51.6484497Z test granularity::tests::a_folder_goes_to_three_and_back ... ok
2026-10-06T16:10:51.6786049Z test page_layout::tests::imported_yaml_signed_sizes_exit_switch_and_native_override_survive_reopen ... ok
2026-10-06T16:10:51.6796872Z test popup_actions::tests::answer_survives_dismissal_and_old_owner_cannot_consume_or_retire_successor ... ok
2026-10-06T16:10:51.7108451Z test popup_actions::tests::gui_retirement_drops_unconsumed_calls_but_preserves_committed_answers ... ok
2026-10-06T16:10:51.7124195Z test popup_actions::tests::pre_action_schema_upgrades_and_restart_forgets_ephemeral_handlers_but_keeps_clipboard ... ok
2026-10-06T16:10:51.7348667Z test popups::tests::mergable_files_with_the_same_label_join_one_popup ... ok
2026-10-06T16:10:51.7427305Z test physical_delete::tests::recorded_retained_options_native_override_constructor_and_reopen ... ok
2026-10-06T16:10:51.7679230Z test or_connector::tests::real_qt_serialised_raw_connector_backfills_and_native_override_survives_reopen ... ok
2026-10-06T16:10:51.7695411Z test popups::tests::popups_queue_oldest_first_until_dismissed ... ok
2026-10-06T16:10:51.7746884Z test queues::tests::a_pages_queue_waits_while_closed_and_goes_with_it ... ok
2026-10-06T16:10:51.8158234Z test queues::tests::a_queues_page_shows_the_files_its_seeds_brought_in_order ... ok
2026-10-06T16:10:51.8179762Z test queues::tests::deleted_queue_identity_is_not_recycled_and_late_seed_updates_ignore_successors ... ok
2026-10-06T16:10:51.8470926Z test queues::tests::file_log_drafts_isolate_mutations_and_restore_complete_metadata_in_order ... ok
2026-10-06T16:10:51.8503430Z test queues::tests::seeds_dedupe_order_and_retry ... ok
2026-10-06T16:10:51.8524331Z test queues::tests::nudges_are_taken_once_each ... ok
2026-10-06T16:10:51.8527605Z test reference_options::tests::unset_values_read_as_their_defaults ... ok
2026-10-06T16:10:51.8674664Z test popup_freeze::tests::actual_saved_true_legacy_native_override_and_durable_reopen ... ok
2026-10-06T16:10:51.8687732Z test schema::tests::refuses_newer_schema ... ok
2026-10-06T16:10:51.8694118Z test queues::tests::urls_typed_into_a_page_are_handed_over_once_in_order ... ok
2026-10-06T16:10:51.8695246Z test services::tests::colours_serialise_as_hex ... ok
2026-10-06T16:10:51.8912129Z test schema::tests::migrations_apply_cleanly_and_are_idempotent ... ok
2026-10-06T16:10:51.8918420Z test services::tests::numerical_stars_match_reference_rounding ... ok
2026-10-06T16:10:51.9023827Z test schema::tests::tag_service_tables_round_trip ... ok
2026-10-06T16:10:51.9092430Z test services::tests::default_services_round_trip ... ok
2026-10-06T16:10:51.9293798Z test session_backups::importer_tests::historical_importers_restore_independent_settings_and_seed_logs ... ok
2026-10-06T16:10:51.9445940Z test session_backups::queue_kind_tests::every_native_page_importer_restores_its_auxiliary_state_and_both_logs ... ok
2026-10-06T16:10:51.9487399Z test session_backups::tests::automatic_last_session_hash_replays_real_unchanged_suppression_and_history ... ok
2026-10-06T16:10:51.9653991Z test session_backups::tests::imported_previous_media_is_independent_and_deletion_clears_backups ... ok
2026-10-06T16:10:51.9697209Z test session_reload::tests::committed_reload_slot_is_independent_and_cleanup_keeps_active_media ... ok
2026-10-06T16:10:51.9708911Z test session_backups::tests::rolling_timestamps_match_the_reference_including_clock_reversal ... ok
2026-10-06T16:10:51.9897772Z test sessions::tests::commands_queue_for_the_gui_or_change_the_session ... ok
2026-10-06T16:10:51.9987880Z test sessions::tests::media_viewers_are_kept_in_order ... ok
2026-10-06T16:10:51.9990551Z test similar::tests::flat_colours_are_blank ... ok
2026-10-06T16:10:51.9991325Z test similar::tests::scale ... ignored, a timing, not a check
2026-10-06T16:10:52.0072330Z test sessions::tests::saving_keeps_the_top_key_the_page_shown_and_selections ... ok
2026-10-06T16:10:52.0156375Z test sessions::tests::sessions_keep_their_pages_and_files ... ok
2026-10-06T16:10:52.0157813Z test storage::tests::a_location_without_its_folders_is_missing ... ok
2026-10-06T16:10:52.0158825Z test storage::tests::paths_follow_the_reference_layout ... ok
2026-10-06T16:10:52.0236179Z test radio_return::tests::actual_saved_false_legacy_fallback_native_override_and_durable_reopen ... ok
2026-10-06T16:10:52.0238939Z test storage_locations::tests::shares_follow_weights_and_limits ... ok
2026-10-06T16:10:52.1127968Z test similar::tests::the_index_finds_exactly_what_checking_everything_finds ... ok
2026-10-06T16:10:52.1407835Z test store::tests::content_writes_use_foreign_relation_graphs_before_the_next_poll ... ok
2026-10-06T16:10:52.2311858Z test store::tests::new_store_has_default_services ... ok
2026-10-06T16:10:52.2494439Z test store::tests::independent_stores_notice_committed_snapshot_changes_without_refresh_loops ... ok
2026-10-06T16:10:52.2503676Z test similar::tests::the_search_finds_the_pairs_the_reference_found ... ok
2026-10-06T16:10:52.3250191Z test store::tests::snapshots_refresh_only_after_commit ... ok
2026-10-06T16:10:52.3449439Z test tag_display::tests::a_service_s_tags_pass_its_filter_and_all_known_tags ... ok
2026-10-06T16:10:52.3533882Z test store::tests::pre_existing_queue_without_sequence_keeps_its_retired_identity_after_upgrade ... ok
2026-10-06T16:10:52.4263075Z test tag_editing::tests::older_preferences_get_write_defaults_and_tab_memory_preserves_them ... ok
2026-10-06T16:10:52.4281615Z test text::tests::integers_follow_python_isdecimal ... ok
2026-10-06T16:10:52.4308271Z test tag_editing::tests::manage_tags_preferences_are_backward_compatible_and_independent ... ok
2026-10-06T16:10:52.4361858Z test text::tests::searchable_forms ... ok
2026-10-06T16:10:52.4403416Z test text::tests::tokenises_like_fts4_simple ... ok
2026-10-06T16:10:52.5263154Z test synth::tests::a_small_library_has_consistent_counts ... ok
2026-10-06T16:10:52.5728108Z test thumbnail_appearance::tests::retained_actual_options_upgrade_native_override_and_reopen ... ok
2026-10-06T16:10:52.7884336Z test transfer::tests::in_place_marks_the_media_as_shared ... ok
2026-10-06T16:10:52.9940484Z test transfer::tests::refuses_an_existing_destination ... ok
2026-10-06T16:10:53.2104025Z test trash::tests::an_oversized_trash_loses_its_oldest_files_eight_at_a_time ... ok
2026-10-06T16:10:53.4196305Z test trash::tests::cancelled_writer_admission_leaves_trash_and_physical_queue_untouched ... ok
2026-10-06T16:10:53.5958362Z test transfer::tests::hardlink_copy_and_move_give_the_store_its_own_media ... ok
2026-10-06T16:10:53.6939796Z test trash::tests::files_trashed_too_long_ago_are_deleted_for_good ... ok
2026-10-06T16:10:53.8284499Z test trash::tests::no_limits_leave_the_trash_alone ... ok
2026-10-06T16:10:53.9183641Z test trash::tests::the_delete_lock_keeps_archived_files_in_the_trash ... ok
2026-10-06T16:10:53.9202391Z test undo::tests::undo_and_redo_step_through_the_log_and_new_changes_cut_it ... ok
2026-10-06T16:10:53.9204008Z test vacuum::tests::room_is_checked_as_the_reference_checks ... ok
2026-10-06T16:10:54.0576291Z test vacuum::tests::vacuuming_frees_pages_and_is_recorded ... ok
2026-10-06T16:10:54.1102215Z test trash::tests::the_size_limit_goes_first_then_the_age_limit ... ok
2026-10-06T16:10:54.1246466Z test watchers::tests::a_page_watches_each_thread_once_with_its_own_options ... ok
2026-10-06T16:10:54.1866160Z test watchers::tests::checking_now_and_pausing_checking ... ok
2026-10-06T16:10:54.2056455Z test watchers::tests::setting_a_watchers_checker_options ... ok
2026-10-06T16:10:54.2512394Z test transfer::tests::each_drive_s_media_stays_on_it ... ok
2026-10-06T16:10:54.7490977Z test storage_locations::tests::a_second_location_takes_half_and_thumbnails_follow ... ok
2026-10-06T16:10:54.7491695Z 
2026-10-06T16:10:54.7492181Z test result: ok. 250 passed; 0 failed; 2 ignored; 0 measured; 0 filtered out; finished in 13.49s
2026-10-06T16:10:54.7493483Z 
2026-10-06T16:10:54.7521524Z [1m[92m     Running[0m tests/import_status.rs (target/debug/deps/import_status-d01141bf22d4b05d)
2026-10-06T16:10:54.7536419Z 
2026-10-06T16:10:54.7536761Z running 3 tests
2026-10-06T16:10:54.7563660Z test owned_precision_replays_actual_network_job_controls_without_changing_gauges_or_cancellation ... ok
2026-10-06T16:10:54.7976668Z test downloads_lines_say_what_the_references_network_job_control_says ... ok
2026-10-06T16:10:54.8029032Z test file_and_search_logs_say_what_the_reference_says ... ok
2026-10-06T16:10:54.8029529Z 
2026-10-06T16:10:54.8029862Z test result: ok. 3 passed; 0 failed; 0 ignored; 0 measured; 0 filtered out; finished in 0.05s
2026-10-06T16:10:54.8030229Z 
2026-10-06T16:10:54.8047622Z [1m[92m     Running[0m tests/metadata_jobs.rs (target/debug/deps/metadata_jobs-d3137ade1a3672c9)
2026-10-06T16:10:54.8066275Z 
2026-10-06T16:10:54.8066497Z running 1 test
2026-10-06T16:10:55.1526075Z test actual_qt_worker_inputs_replay_files_cancellation_progress_and_copy_cleanup ... ok
2026-10-06T16:10:55.1526808Z 
2026-10-06T16:10:55.1527267Z test result: ok. 1 passed; 0 failed; 0 ignored; 0 measured; 0 filtered out; finished in 0.35s
2026-10-06T16:10:55.1527928Z 
2026-10-06T16:10:55.1533533Z [1m[92m     Running[0m tests/tag_migration.rs (target/debug/deps/tag_migration-471cdbe0dc418fb5)
2026-10-06T16:10:55.1551940Z 
2026-10-06T16:10:55.1552175Z running 15 tests
2026-10-06T16:10:55.2837800Z test archive_validation_rejects_wrong_types_and_unsupported_hashes_before_import ... ok
2026-10-06T16:10:55.3009718Z test cancellation_is_a_durable_prefix_and_incremental_counts_match_rebuild ... ok
2026-10-06T16:10:55.3468383Z test archive_exports_preserve_metadata_merge_and_cancelled_committed_prefix ... ok
2026-10-06T16:10:55.3824002Z test overlapping_migration_is_rejected_without_waiting_for_a_reader ... ok
2026-10-06T16:10:55.4062433Z test pair_count_gates_observe_reference_concurrent_mapping_changes_between_batches ... ok
2026-10-06T16:10:55.4939073Z test pair_migration_publishes_graph_and_rebuilt_counts ... ok
2026-10-06T16:10:55.6456702Z test pair_count_gates_replay_real_current_pending_and_terminal_ideal_counts ... ok
2026-10-06T16:10:55.7336513Z test registry_changes_stop_the_next_batch_and_keep_committed_prefix ... ok
2026-10-06T16:10:55.8110705Z test published_job_events_match_reference_phases_and_committed_prefixes ... ok
2026-10-06T16:10:55.8331493Z test repository_union_deduplicates_and_petition_reason_is_persisted ... ok
2026-10-06T16:10:55.8648717Z test pause_waits_after_commit_resume_continues_and_cancel_wakes_without_next_batch ... ok
2026-10-06T16:10:55.8989270Z test same_service_delete_and_clear_never_skip_mutated_source_rows ... ok
2026-10-06T16:10:55.9170065Z test selected_files_and_filters_are_applied_before_destination_changes ... ok
2026-10-06T16:10:55.9372847Z test source_snapshot_excludes_later_inserts_and_retains_later_removed_rows ... ok
2026-10-06T16:10:57.3698614Z test actual_python_archives_import_convert_scope_filter_and_reopen ... ok
2026-10-06T16:10:57.3699134Z 
2026-10-06T16:10:57.3699438Z test result: ok. 15 passed; 0 failed; 0 ignored; 0 measured; 0 filtered out; finished in 2.21s
2026-10-06T16:10:57.3699838Z 
2026-10-06T16:10:57.3714486Z [1m[92m   Doc-tests[0m hydrus_core
2026-10-06T16:10:57.9861212Z 
2026-10-06T16:10:57.9865917Z running 0 tests
2026-10-06T16:10:57.9866108Z 
2026-10-06T16:10:57.9866404Z test result: ok. 0 passed; 0 failed; 0 ignored; 0 measured; 0 filtered out; finished in 0.00s
2026-10-06T16:10:57.9866964Z 
2026-10-06T16:10:57.9881923Z [1m[92m   Doc-tests[0m hydrus_download
2026-10-06T16:10:58.1406117Z 
2026-10-06T16:10:58.1406993Z running 0 tests
2026-10-06T16:10:58.1407275Z 
2026-10-06T16:10:58.1407716Z test result: ok. 0 passed; 0 failed; 0 ignored; 0 measured; 0 filtered out; finished in 0.00s
2026-10-06T16:10:58.1408159Z 
2026-10-06T16:10:58.1427372Z [1m[92m   Doc-tests[0m hydrus_downloader_exchange
2026-10-06T16:10:58.2274600Z 
2026-10-06T16:10:58.2275529Z running 0 tests
2026-10-06T16:10:58.2275911Z 
2026-10-06T16:10:58.2276947Z test result: ok. 0 passed; 0 failed; 0 ignored; 0 measured; 0 filtered out; finished in 0.00s
2026-10-06T16:10:58.2277712Z 
2026-10-06T16:10:58.2290933Z [1m[92m   Doc-tests[0m hydrus_gui_model
2026-10-06T16:10:58.8187979Z 
2026-10-06T16:10:58.8188647Z running 0 tests
2026-10-06T16:10:58.8188850Z 
2026-10-06T16:10:58.8189129Z test result: ok. 0 passed; 0 failed; 0 ignored; 0 measured; 0 filtered out; finished in 0.00s
2026-10-06T16:10:58.8189482Z 
2026-10-06T16:10:58.8210588Z [1m[92m   Doc-tests[0m hydrus_net
2026-10-06T16:10:58.9032213Z 
2026-10-06T16:10:58.9032924Z running 0 tests
2026-10-06T16:10:58.9033238Z 
2026-10-06T16:10:58.9033548Z test result: ok. 0 passed; 0 failed; 0 ignored; 0 measured; 0 filtered out; finished in 0.00s
2026-10-06T16:10:58.9033941Z 
2026-10-06T16:10:58.9049952Z [1m[92m   Doc-tests[0m hydrus_search
2026-10-06T16:10:59.0135416Z 
2026-10-06T16:10:59.0142265Z running 0 tests
2026-10-06T16:10:59.0142972Z 
2026-10-06T16:10:59.0143466Z test result: ok. 0 passed; 0 failed; 0 ignored; 0 measured; 0 filtered out; finished in 0.00s
2026-10-06T16:10:59.0144087Z 
2026-10-06T16:10:59.0155111Z [1m[92m   Doc-tests[0m hydrus_store
2026-10-06T16:10:59.7997519Z 
2026-10-06T16:10:59.7998083Z running 0 tests
2026-10-06T16:10:59.7998367Z 
2026-10-06T16:10:59.7998796Z test result: ok. 0 passed; 0 failed; 0 ignored; 0 measured; 0 filtered out; finished in 0.00s
2026-10-06T16:10:59.7999163Z 
2026-10-06T16:10:59.8288352Z Post job cleanup.
2026-10-06T16:10:59.9534086Z ##[group]Cache Configuration
2026-10-06T16:10:59.9535020Z Cache Provider:
2026-10-06T16:10:59.9535426Z     github
2026-10-06T16:10:59.9535785Z Workspaces:
2026-10-06T16:10:59.9536311Z     /home/runner/work/hydrus-mine/hydrus-mine
2026-10-06T16:10:59.9537454Z Cache Paths:
2026-10-06T16:10:59.9537848Z     /home/runner/.cargo/bin
2026-10-06T16:10:59.9538342Z     /home/runner/.cargo/.crates.toml
2026-10-06T16:10:59.9538888Z     /home/runner/.cargo/.crates2.json
2026-10-06T16:10:59.9539468Z     /home/runner/.cargo/registry
2026-10-06T16:10:59.9539968Z     /home/runner/.cargo/git
2026-10-06T16:10:59.9540516Z     /home/runner/work/hydrus-mine/hydrus-mine/target
2026-10-06T16:10:59.9541117Z Restore Key:
2026-10-06T16:10:59.9541578Z     v0-rust-parity-models-Linux-x64-ff0b8b70
2026-10-06T16:10:59.9542022Z Cache Key:
2026-10-06T16:10:59.9542350Z     v0-rust-parity-models-Linux-x64-ff0b8b70-0ea5e1be
2026-10-06T16:10:59.9543280Z .. Prefix:
2026-10-06T16:10:59.9543775Z   - v0-rust-parity-models-Linux-x64
2026-10-06T16:10:59.9544214Z .. Environment considered:
2026-10-06T16:10:59.9544509Z   - Rust Versions:
2026-10-06T16:10:59.9544932Z     - 1.94.1 x86_64-unknown-linux-gnu e408947bfd200af42db322daf0fadfe7e26d3bd1
2026-10-06T16:10:59.9545573Z     - 1.99.0 x86_64-unknown-linux-gnu b940084d7eb6a299eb4bfeb8e34901bc051e7ac4
2026-10-06T16:10:59.9546063Z   - CARGO_HOME
2026-10-06T16:10:59.9546313Z   - CARGO_INCREMENTAL
2026-10-06T16:10:59.9546583Z   - CARGO_TERM_COLOR
2026-10-06T16:10:59.9546844Z   - RUSTFLAGS
2026-10-06T16:10:59.9547096Z .. Lockfiles considered:
2026-10-06T16:10:59.9547490Z   - /home/runner/work/hydrus-mine/hydrus-mine/.cargo/config.toml
2026-10-06T16:10:59.9548002Z   - /home/runner/work/hydrus-mine/hydrus-mine/Cargo.lock
2026-10-06T16:10:59.9548551Z   - /home/runner/work/hydrus-mine/hydrus-mine/crates/hydrus-api/Cargo.toml
2026-10-06T16:10:59.9549201Z   - /home/runner/work/hydrus-mine/hydrus-mine/crates/hydrus-cli/Cargo.toml
2026-10-06T16:10:59.9549803Z   - /home/runner/work/hydrus-mine/hydrus-mine/crates/hydrus-core/Cargo.toml
2026-10-06T16:10:59.9550323Z   - /home/runner/work/hydrus-mine/hydrus-mine/crates/hydrus-download/Cargo.toml
2026-10-06T16:10:59.9550898Z   - /home/runner/work/hydrus-mine/hydrus-mine/crates/hydrus-downloader-exchange/Cargo.toml
2026-10-06T16:10:59.9551475Z   - /home/runner/work/hydrus-mine/hydrus-mine/crates/hydrus-duplicates/Cargo.toml
2026-10-06T16:10:59.9551988Z   - /home/runner/work/hydrus-mine/hydrus-mine/crates/hydrus-gui-model/Cargo.toml
2026-10-06T16:10:59.9552685Z   - /home/runner/work/hydrus-mine/hydrus-mine/crates/hydrus-gui-ui/Cargo.toml
2026-10-06T16:10:59.9553179Z   - /home/runner/work/hydrus-mine/hydrus-mine/crates/hydrus-gui/Cargo.toml
2026-10-06T16:10:59.9553684Z   - /home/runner/work/hydrus-mine/hydrus-mine/crates/hydrus-import/Cargo.toml
2026-10-06T16:10:59.9554165Z   - /home/runner/work/hydrus-mine/hydrus-mine/crates/hydrus-legacy/Cargo.toml
2026-10-06T16:10:59.9554647Z   - /home/runner/work/hydrus-mine/hydrus-mine/crates/hydrus-media/Cargo.toml
2026-10-06T16:10:59.9555115Z   - /home/runner/work/hydrus-mine/hydrus-mine/crates/hydrus-net/Cargo.toml
2026-10-06T16:10:59.9555578Z   - /home/runner/work/hydrus-mine/hydrus-mine/crates/hydrus-parse/Cargo.toml
2026-10-06T16:10:59.9556055Z   - /home/runner/work/hydrus-mine/hydrus-mine/crates/hydrus-search/Cargo.toml
2026-10-06T16:10:59.9556531Z   - /home/runner/work/hydrus-mine/hydrus-mine/crates/hydrus-store/Cargo.toml
2026-10-06T16:10:59.9557008Z   - /home/runner/work/hydrus-mine/hydrus-mine/crates/hydrus-testkit/Cargo.toml
2026-10-06T16:10:59.9557462Z   - /home/runner/work/hydrus-mine/hydrus-mine/rust-toolchain.toml
2026-10-06T16:10:59.9557863Z   - /home/runner/work/hydrus-mine/hydrus-mine/xtask/Cargo.toml
2026-10-06T16:10:59.9558372Z ##[endgroup]
2026-10-06T16:10:59.9558484Z 
2026-10-06T16:11:03.6419208Z ... Cleaning /home/runner/work/hydrus-mine/hydrus-mine/target ...
2026-10-06T16:11:03.8858365Z ... Cleaning cargo registry (cache-all-crates: false) ...
2026-10-06T16:11:05.7663060Z ... Cleaning cargo/bin ...
2026-10-06T16:11:05.7684721Z ... Cleaning cargo git cache ...
2026-10-06T16:11:05.7689588Z ... Saving cache ...
2026-10-06T16:11:05.7870298Z [command]/usr/bin/tar --posix -cf cache.tzst --exclude cache.tzst -P -C /home/runner/work/hydrus-mine/hydrus-mine --files-from manifest.txt --use-compress-program zstdmt
2026-10-06T16:11:11.7980941Z Sent 0 of 613107649 (0.0%), 0.0 MBs/sec
2026-10-06T16:11:12.7987065Z Sent 545998785 of 613107649 (89.1%), 260.4 MBs/sec
2026-10-06T16:11:13.0405152Z Sent 613107649 of 613107649 (100.0%), 260.8 MBs/sec
2026-10-06T16:11:13.2378459Z Post job cleanup.
2026-10-06T16:11:13.3192664Z [command]/usr/bin/git version
2026-10-06T16:11:13.3230551Z git version 2.55.0
2026-10-06T16:11:13.3268720Z Temporarily overriding HOME='/home/runner/work/_temp/5d5de3d5-0003-4297-95d4-41f802edbaf4' before making global git config changes
2026-10-06T16:11:13.3270129Z Adding repository directory to the temporary git global config as a safe directory
2026-10-06T16:11:13.3275665Z [command]/usr/bin/git config --global --add safe.directory /home/runner/work/hydrus-mine/hydrus-mine
2026-10-06T16:11:13.3311212Z [command]/usr/bin/git config --local --name-only --get-regexp core\.sshCommand
2026-10-06T16:11:13.3344791Z [command]/usr/bin/git submodule foreach --recursive sh -c "git config --local --name-only --get-regexp 'core\.sshCommand' && git config --local --unset-all 'core.sshCommand' || :"
2026-10-06T16:11:13.3583698Z [command]/usr/bin/git config --local --name-only --get-regexp http\.https\:\/\/github\.com\/\.extraheader
2026-10-06T16:11:13.3603353Z http.https://github.com/.extraheader
2026-10-06T16:11:13.3613904Z [command]/usr/bin/git config --local --unset-all http.https://github.com/.extraheader
2026-10-06T16:11:13.3647357Z [command]/usr/bin/git submodule foreach --recursive sh -c "git config --local --name-only --get-regexp 'http\.https\:\/\/github\.com\/\.extraheader' && git config --local --unset-all 'http.https://github.com/.extraheader' || :"
2026-10-06T16:11:13.3876088Z [command]/usr/bin/git config --local --name-only --get-regexp ^includeIf\.gitdir:
2026-10-06T16:11:13.3908013Z [command]/usr/bin/git submodule foreach --recursive git config --local --show-origin --name-only --get-regexp remote.origin.url
2026-10-06T16:11:13.4290074Z Cleaning up orphan processes
2026-10-06T16:11:13.4695223Z ##[warning]Node.js 20 is deprecated. The following actions target Node.js 20 but are being forced to run on Node.js 24: actions/checkout@v4. For more information see: https://github.blog/changelog/2025-09-19-deprecation-of-node-20-on-github-actions-runners/

